source_id,provider,report,year,url,relative_path,licence_note,schema_version,local_path,bytes,sha256,retrieved_at_utc,cache_hit,first_interval_utc,last_interval_utc,row_count
eirgrid_dispatch_down_2021,EirGrid,dispatch_down,2021,https://cms.eirgrid.ie/sites/default/files/publications/DD-HH-2021.xlsx,eirgrid/dispatch_down/2021/DD-HH-2021.xlsx,Review the EirGrid Open Data Licence and website disclaimer before redistribution.,1.0,data/raw/eirgrid/dispatch_down/2021/DD-HH-2021.xlsx,3639516,b06580d7884770fe6317ce68e9e6b024df26c7bd0dc691dec31562080ad0e0a5,2026-09-21T21:50:11Z,True,2021-01-01T00:00:00+00:00,2021-12-31T23:30:00+00:00,52560
eirgrid_dispatch_down_2022,EirGrid,dispatch_down,2022,https://cms.eirgrid.ie/sites/default/files/publications/DD-HH-2022.xlsx,eirgrid/dispatch_down/2022/DD-HH-2022.xlsx,Review the EirGrid Open Data Licence and website disclaimer before redistribution.,1.0,data/raw/eirgrid/dispatch_down/2022/DD-HH-2022.xlsx,3580919,64728bbb131721cbe2068a1ad77ec61c32b00d6513f438426a8234e64fa2b975,2026-09-21T21:50:11Z,True,2022-01-01T00:00:00+00:00,2022-12-31T23:30:00+00:00,52560
eirgrid_dispatch_down_2023,EirGrid,dispatch_down,2023,https://cms.eirgrid.ie/sites/default/files/publications/DD-HH-2023.xlsx,eirgrid/dispatch_down/2023/DD-HH-2023.xlsx,Review the EirGrid Open Data Licence and website disclaimer before redistribution.,1.0,data/raw/eirgrid/dispatch_down/2023/DD-HH-2023.xlsx,4581117,69a8e33d13928def12a68fd45674ba3b81c5d30fedf726cd36fe49f4c73ddb24,2026-09-21T21:50:11Z,True,2023-01-01T00:00:00+00:00,2023-12-31T23:30:00+00:00,65762
eirgrid_dispatch_down_2024,EirGrid,dispatch_down,2024,https://cms.eirgrid.ie/sites/default/files/publications/DD-HH-2024.xlsx,eirgrid/dispatch_down/2024/DD-HH-2024.xlsx,Review the EirGrid Open Data Licence and website disclaimer before redistribution.,1.0,data/raw/eirgrid/dispatch_down/2024/DD-HH-2024.xlsx,4912641,6be9b73ac140d8c52d634720efc4b3fa284f57bae59852892f421e617dd9199f,2026-09-21T21:50:12Z,True,2024-01-01T00:00:00+00:00,2024-12-31T23:30:00+00:00,70272
eirgrid_dispatch_down_2025,EirGrid,dispatch_down,2025,https://cms.eirgrid.ie/sites/default/files/publications/DD-HH-2025-v10.xlsx,eirgrid/dispatch_down/2025/DD-HH-2025-v10.xlsx,Review the EirGrid Open Data Licence and website disclaimer before redistribution.,1.0,data/raw/eirgrid/dispatch_down/2025/DD-HH-2025-v10.xlsx,5060348,78ea2262da0deff153e49201d0103aeb3ac30b68dbc612ac9096eaf88efc4dbb,2026-09-21T21:50:12Z,True,2025-01-01T00:00:00+00:00,2025-12-31T23:30:00+00:00,70080
eirgrid_dispatch_down_2026,EirGrid,dispatch_down,2026,https://cms.eirgrid.ie/sites/default/files/publications/DD-HH-2026-V9.xlsx,eirgrid/dispatch_down/2026/DD-HH-2026-V9.xlsx,Review the EirGrid Open Data Licence and website disclaimer before redistribution.,1.0,data/raw/eirgrid/dispatch_down/2026/DD-HH-2026-V9.xlsx,3417425,b641876ea690ca5c4ffc180b8ba99cac80518ee164caa0191bacd6b5b528c1bb,2026-09-21T21:50:13Z,True,2026-01-01T00:00:00+00:00,2026-08-31T22:30:00+00:00,46648
eirgrid_system_2020_2021,EirGrid,system,2020-2021,https://cms.eirgrid.ie/sites/default/files/publications/System-Data-Qtr-Hourly-2020-2021.xlsx,eirgrid/system/2020-2021/System-Data-Qtr-Hourly-2020-2021.xlsx,Review the EirGrid Open Data Licence and website disclaimer before redistribution.,1.0,data/raw/eirgrid/system/2020-2021/System-Data-Qtr-Hourly-2020-2021.xlsx,8686300,69b17a5f90f7b9704dd81034470c17cbf9c0cdc88efdc1d3be6eb4583c280f90,2026-09-23T15:06:17Z,True,2021-01-01T00:00:00+00:00,2021-12-31T23:45:00+00:00,35040
eirgrid_system_2022_2023,EirGrid,system,2022-2023,https://cms.eirgrid.ie/sites/default/files/publications/System-Data-Qtr-Hourly-2022-2023_0.xlsx,eirgrid/system/2022-2023/System-Data-Qtr-Hourly-2022-2023.xlsx,Review the EirGrid Open Data Licence and website disclaimer before redistribution.,1.0,data/raw/eirgrid/system/2022-2023/System-Data-Qtr-Hourly-2022-2023.xlsx,23091265,791517f0c3e25b68981f07851bc3a0a5615c8dd82b9f9a21a460cba217ecc24e,2026-09-23T15:11:33Z,True,2022-01-01T00:00:00+00:00,2023-12-31T23:45:00+00:00,70080
eirgrid_system_2024,EirGrid,system,2024,https://cms.eirgrid.ie/sites/default/files/2025-02/System_Data_Qtr_Hourly_2024.xlsx,eirgrid/system/2024/System_Data_Qtr_Hourly_2024.xlsx,Review the EirGrid Open Data Licence and website disclaimer before redistribution.,1.0,data/raw/eirgrid/system/2024/System_Data_Qtr_Hourly_2024.xlsx,12101550,27b01a5b1fbc69284fa0390d580b4ae105a9af9bb85aff9ad5190088b1d368e6,2026-09-23T15:14:53Z,True,2024-01-01T00:00:00+00:00,2024-12-31T23:45:00+00:00,35136
eirgrid_system_2025,EirGrid,system,2025,https://cms.eirgrid.ie/sites/default/files/publications/System-Data-Qtr-Hourly-2025-v12.xlsx,eirgrid/system/2025/System-Data-Qtr-Hourly-2025-v12.xlsx,Review the EirGrid Open Data Licence and website disclaimer before redistribution.,1.0,data/raw/eirgrid/system/2025/System-Data-Qtr-Hourly-2025-v12.xlsx,12444006,11eec44649426878e850f23949e3cbef9388252313062ab98a719dc405ceb6cc,2026-09-23T15:15:08Z,True,2025-01-01T00:00:00+00:00,2025-12-31T23:45:00+00:00,35040
eirgrid_system_2026,EirGrid,system,2026,https://cms.eirgrid.ie/sites/default/files/publications/System-Data-Qtr-Hourly-2026-V8.xlsx,eirgrid/system/2026/System-Data-Qtr-Hourly-2026-V8.xlsx,Review the EirGrid Open Data Licence and website disclaimer before redistribution.,1.0,data/raw/eirgrid/system/2026/System-Data-Qtr-Hourly-2026-V8.xlsx,8743224,a6ce5403e382cdcc02710d73b442c5ba231ef395faba5043c3975bce5ab921ee,2026-09-23T15:14:59Z,True,2026-01-01T00:00:00+00:00,2026-08-31T22:45:00+00:00,23324
smartgrid_solar_snapshot_2026-09-23,EirGrid Smart Grid Dashboard,solar_forecast_snapshot,2026,https://www.vargen.smartgriddashboard.com/api/export/202609230000/202609242359/ALL/SOLAR?FORMAT=JSON,eirgrid/forecast_snapshots/solar/2026/2026-09-23.json,Review the publisher's open-data terms and disclaimer before redistribution.,1.0,data/raw/eirgrid/forecast_snapshots/solar/2026/2026-09-23.json,17501,5bfd4df468960bdf14891ac5cd49c7dd0cb1c8e9e04cc7d6343a8441c0056f84,2026-09-23T15:23:12Z,True,2026-09-23T00:00:00+00:00,2026-09-24T23:45:00+00:00,192
semo_pub_dailyloadfcst_202609202305,SEMO,demand,2026,https://reports.sem-o.com/documents/PUB_DailyLoadFcst_202609202305.xml,semo/forecast_vintages/demand/2026/09/PUB_DailyLoadFcst_202609202305.xml,Review the publisher's open-data terms and disclaimer before redistribution.,1.0,data/raw/semo/forecast_vintages/demand/2026/09/PUB_DailyLoadFcst_202609202305.xml,53631,44da9ab340b526364064b7c15ff852be4653ec18352b97419fd118ac65a4aa2a,2026-09-23T15:18:30Z,True,2026-09-20T22:00:00+00:00,2026-09-23T21:30:00+00:00,432
semo_pub_dailyloadfcst_202609202315,SEMO,demand,2026,https://reports.sem-o.com/documents/PUB_DailyLoadFcst_202609202315.xml,semo/forecast_vintages/demand/2026/09/PUB_DailyLoadFcst_202609202315.xml,Review the publisher's open-data terms and disclaimer before redistribution.,1.0,data/raw/semo/forecast_vintages/demand/2026/09/PUB_DailyLoadFcst_202609202315.xml,53631,fac9a4a630e95c5818e2f6a361a68535461eb9f6b10d3c92334e3772ca37ca7f,2026-09-23T15:18:30Z,True,2026-09-20T22:00:00+00:00,2026-09-23T21:30:00+00:00,432
semo_pub_dailyloadfcst_202609202320,SEMO,demand,2026,https://reports.sem-o.com/documents/PUB_DailyLoadFcst_202609202320.xml,semo/forecast_vintages/demand/2026/09/PUB_DailyLoadFcst_202609202320.xml,Review the publisher's open-data terms and disclaimer before redistribution.,1.0,data/raw/semo/forecast_vintages/demand/2026/09/PUB_DailyLoadFcst_202609202320.xml,53631,1cebdbd68ddd3c15c2a06fff60b0cec7eb8cabde643a3a1a097f60a59c3bf642,2026-09-23T15:18:30Z,True,2026-09-20T22:00:00+00:00,2026-09-23T21:30:00+00:00,432
semo_pub_dailyloadfcst_202609202330,SEMO,demand,2026,https://reports.sem-o.com/documents/PUB_DailyLoadFcst_202609202330.xml,semo/forecast_vintages/demand/2026/09/PUB_DailyLoadFcst_202609202330.xml,Review the publisher's open-data terms and disclaimer before redistribution.,1.0,data/raw/semo/forecast_vintages/demand/2026/09/PUB_DailyLoadFcst_202609202330.xml,53631,d7f3f7133aa8a9a0d02da861eb76c60252f52be167d05f366493ac653a2f72b2,2026-09-23T15:18:30Z,True,2026-09-20T22:00:00+00:00,2026-09-23T21:30:00+00:00,432
semo_pub_dailyloadfcst_202609202335,SEMO,demand,2026,https://reports.sem-o.com/documents/PUB_DailyLoadFcst_202609202335.xml,semo/forecast_vintages/demand/2026/09/PUB_DailyLoadFcst_202609202335.xml,Review the publisher's open-data terms and disclaimer before redistribution.,1.0,data/raw/semo/forecast_vintages/demand/2026/09/PUB_DailyLoadFcst_202609202335.xml,53631,2da1e7352b5d19eb9a321684e4ff9374bd1bad645decd2193bc70ba4e6f60a18,2026-09-23T15:18:30Z,True,2026-09-20T22:00:00+00:00,2026-09-23T21:30:00+00:00,432
semo_pub_dailyloadfcst_202609202345,SEMO,demand,2026,https://reports.sem-o.com/documents/PUB_DailyLoadFcst_202609202345.xml,semo/forecast_vintages/demand/2026/09/PUB_DailyLoadFcst_202609202345.xml,Review the publisher's open-data terms and disclaimer before redistribution.,1.0,data/raw/semo/forecast_vintages/demand/2026/09/PUB_DailyLoadFcst_202609202345.xml,53631,1c7f9ab6d60efd49233af34447fac10a736f7763181f122b1e8d135418a49fbe,2026-09-23T15:18:30Z,True,2026-09-20T22:00:00+00:00,2026-09-23T21:30:00+00:00,432
semo_pub_dailyloadfcst_202609202350,SEMO,demand,2026,https://reports.sem-o.com/documents/PUB_DailyLoadFcst_202609202350.xml,semo/forecast_vintages/demand/2026/09/PUB_DailyLoadFcst_202609202350.xml,Review the publisher's open-data terms and disclaimer before redistribution.,1.0,data/raw/semo/forecast_vintages/demand/2026/09/PUB_DailyLoadFcst_202609202350.xml,53631,4b5c2b330c1289f42d96b51c751fd9dfdc6b8a3495e1f2312e84b899f428b58c,2026-09-23T15:18:30Z,True,2026-09-20T22:00:00+00:00,2026-09-23T21:30:00+00:00,432
semo_pub_dailyloadfcst_202609210000,SEMO,demand,2026,https://reports.sem-o.com/documents/PUB_DailyLoadFcst_202609210000.xml,semo/forecast_vintages/demand/2026/09/PUB_DailyLoadFcst_202609210000.xml,Review the publisher's open-data terms and disclaimer before redistribution.,1.0,data/raw/semo/forecast_vintages/demand/2026/09/PUB_DailyLoadFcst_202609210000.xml,53631,c4db6c12237632bb32f73d41336dc5b43b0798aab4387b4c9475b0990b5944fe,2026-09-23T15:18:33Z,True,2026-09-20T22:00:00+00:00,2026-09-23T21:30:00+00:00,432
semo_pub_dailyloadfcst_202609210005,SEMO,demand,2026,https://reports.sem-o.com/documents/PUB_DailyLoadFcst_202609210005.xml,semo/forecast_vintages/demand/2026/09/PUB_DailyLoadFcst_202609210005.xml,Review the publisher's open-data terms and disclaimer before redistribution.,1.0,data/raw/semo/forecast_vintages/demand/2026/09/PUB_DailyLoadFcst_202609210005.xml,53629,8529a011c7ce1dfd099febd8df8e39007e65aefd3ec3c852d548c4078be2a2ad,2026-09-23T15:18:33Z,True,2026-09-20T22:00:00+00:00,2026-09-23T21:30:00+00:00,432
semo_pub_dailyloadfcst_202609210015,SEMO,demand,2026,https://reports.sem-o.com/documents/PUB_DailyLoadFcst_202609210015.xml,semo/forecast_vintages/demand/2026/09/PUB_DailyLoadFcst_202609210015.xml,Review the publisher's open-data terms and disclaimer before redistribution.,1.0,data/raw/semo/forecast_vintages/demand/2026/09/PUB_DailyLoadFcst_202609210015.xml,53629,975a97cc4fc270edc1efde5da57ab0e113eb87de670d6a992ec023f91f36cfc4,2026-09-23T15:18:33Z,True,2026-09-20T22:00:00+00:00,2026-09-23T21:30:00+00:00,432
semo_pub_dailyloadfcst_202609210020,SEMO,demand,2026,https://reports.sem-o.com/documents/PUB_DailyLoadFcst_202609210020.xml,semo/forecast_vintages/demand/2026/09/PUB_DailyLoadFcst_202609210020.xml,Review the publisher's open-data terms and disclaimer before redistribution.,1.0,data/raw/semo/forecast_vintages/demand/2026/09/PUB_DailyLoadFcst_202609210020.xml,53629,35561974a89b4122eccf473310d148cac1ef0f7b2503e363f83ff34c4cca6090,2026-09-23T15:18:33Z,True,2026-09-20T22:00:00+00:00,2026-09-23T21:30:00+00:00,432
semo_pub_dailyloadfcst_202609210030,SEMO,demand,2026,https://reports.sem-o.com/documents/PUB_DailyLoadFcst_202609210030.xml,semo/forecast_vintages/demand/2026/09/PUB_DailyLoadFcst_202609210030.xml,Review the publisher's open-data terms and disclaimer before redistribution.,1.0,data/raw/semo/forecast_vintages/demand/2026/09/PUB_DailyLoadFcst_202609210030.xml,53629,d926275b3602f92abc7be0a411a6a64f14a6e80f38984f2a5b925d1d5c4a09b5,2026-09-23T15:18:33Z,True,2026-09-20T22:00:00+00:00,2026-09-23T21:30:00+00:00,432
semo_pub_dailyloadfcst_202609210035,SEMO,demand,2026,https://reports.sem-o.com/documents/PUB_DailyLoadFcst_202609210035.xml,semo/forecast_vintages/demand/2026/09/PUB_DailyLoadFcst_202609210035.xml,Review the publisher's open-data terms and disclaimer before redistribution.,1.0,data/raw/semo/forecast_vintages/demand/2026/09/PUB_DailyLoadFcst_202609210035.xml,53629,9b7c7c422c7fb663e6e40c5f60a209c314fd01f9269da2db25e200e93c087340,2026-09-23T15:18:33Z,True,2026-09-20T22:00:00+00:00,2026-09-23T21:30:00+00:00,432
semo_pub_dailyloadfcst_202609210045,SEMO,demand,2026,https://reports.sem-o.com/documents/PUB_DailyLoadFcst_202609210045.xml,semo/forecast_vintages/demand/2026/09/PUB_DailyLoadFcst_202609210045.xml,Review the publisher's open-data terms and disclaimer before redistribution.,1.0,data/raw/semo/forecast_vintages/demand/2026/09/PUB_DailyLoadFcst_202609210045.xml,53629,a0da148f818d2679757c82b33d855a28b098eb2b38ba765fe78bbaafe8ee98b5,2026-09-23T15:18:33Z,True,2026-09-20T22:00:00+00:00,2026-09-23T21:30:00+00:00,432
semo_pub_dailyloadfcst_202609210050,SEMO,demand,2026,https://reports.sem-o.com/documents/PUB_DailyLoadFcst_202609210050.xml,semo/forecast_vintages/demand/2026/09/PUB_DailyLoadFcst_202609210050.xml,Review the publisher's open-data terms and disclaimer before redistribution.,1.0,data/raw/semo/forecast_vintages/demand/2026/09/PUB_DailyLoadFcst_202609210050.xml,53629,acc03dbbc243322d3a6c7ff7a0c9ab442df757524cf6f9fc18c4b78b7e54caa7,2026-09-23T15:18:33Z,True,2026-09-20T22:00:00+00:00,2026-09-23T21:30:00+00:00,432
semo_pub_dailyloadfcst_202609210100,SEMO,demand,2026,https://reports.sem-o.com/documents/PUB_DailyLoadFcst_202609210100.xml,semo/forecast_vintages/demand/2026/09/PUB_DailyLoadFcst_202609210100.xml,Review the publisher's open-data terms and disclaimer before redistribution.,1.0,data/raw/semo/forecast_vintages/demand/2026/09/PUB_DailyLoadFcst_202609210100.xml,66973,65a08de8fc911abd967259ced8fce0c77d61e42f5b8ad9a52218e4eb7d839536,2026-09-23T15:18:33Z,True,2026-09-20T22:00:00+00:00,2026-09-24T21:30:00+00:00,480
semo_pub_dailyloadfcst_202609210105,SEMO,demand,2026,https://reports.sem-o.com/documents/PUB_DailyLoadFcst_202609210105.xml,semo/forecast_vintages/demand/2026/09/PUB_DailyLoadFcst_202609210105.xml,Review the publisher's open-data terms and disclaimer before redistribution.,1.0,data/raw/semo/forecast_vintages/demand/2026/09/PUB_DailyLoadFcst_202609210105.xml,71437,2b09207e224ffaba6e310a7fa5d8886d5b8bb4204313c9b1055ab801d4f86f80,2026-09-23T15:18:33Z,True,2026-09-20T22:00:00+00:00,2026-09-24T21:30:00+00:00,576
semo_pub_dailyloadfcst_202609210115,SEMO,demand,2026,https://reports.sem-o.com/documents/PUB_DailyLoadFcst_202609210115.xml,semo/forecast_vintages/demand/2026/09/PUB_DailyLoadFcst_202609210115.xml,Review the publisher's open-data terms and disclaimer before redistribution.,1.0,data/raw/semo/forecast_vintages/demand/2026/09/PUB_DailyLoadFcst_202609210115.xml,71437,c413b1ee608f7452a6c80a9c80beaca687e74f893bb41cc2faf171aad8c64849,2026-09-23T15:18:33Z,True,2026-09-20T22:00:00+00:00,2026-09-24T21:30:00+00:00,576
semo_pub_dailyloadfcst_202609210120,SEMO,demand,2026,https://reports.sem-o.com/documents/PUB_DailyLoadFcst_202609210120.xml,semo/forecast_vintages/demand/2026/09/PUB_DailyLoadFcst_202609210120.xml,Review the publisher's open-data terms and disclaimer before redistribution.,1.0,data/raw/semo/forecast_vintages/demand/2026/09/PUB_DailyLoadFcst_202609210120.xml,71437,6722f2e4b58709152e110bdea8ba91298792ef6c7f8c923dafc76dc8d71f98c5,2026-09-23T15:18:33Z,True,2026-09-20T22:00:00+00:00,2026-09-24T21:30:00+00:00,576
semo_pub_dailyloadfcst_202609210130,SEMO,demand,2026,https://reports.sem-o.com/documents/PUB_DailyLoadFcst_202609210130.xml,semo/forecast_vintages/demand/2026/09/PUB_DailyLoadFcst_202609210130.xml,Review the publisher's open-data terms and disclaimer before redistribution.,1.0,data/raw/semo/forecast_vintages/demand/2026/09/PUB_DailyLoadFcst_202609210130.xml,71437,11f1c1c1a484d4edb60d3cdfe893f39e66538f6aca5179f10dcc429e34b451c0,2026-09-23T15:18:35Z,True,2026-09-20T22:00:00+00:00,2026-09-24T21:30:00+00:00,576
semo_pub_dailyloadfcst_202609210135,SEMO,demand,2026,https://reports.sem-o.com/documents/PUB_DailyLoadFcst_202609210135.xml,semo/forecast_vintages/demand/2026/09/PUB_DailyLoadFcst_202609210135.xml,Review the publisher's open-data terms and disclaimer before redistribution.,1.0,data/raw/semo/forecast_vintages/demand/2026/09/PUB_DailyLoadFcst_202609210135.xml,71437,e8bfe46b225b46792fc59b54e8d4e6d24e0e60cb09d44f4d5cb08c440c47382d,2026-09-23T15:18:35Z,True,2026-09-20T22:00:00+00:00,2026-09-24T21:30:00+00:00,576
semo_pub_dailyloadfcst_202609210145,SEMO,demand,2026,https://reports.sem-o.com/documents/PUB_DailyLoadFcst_202609210145.xml,semo/forecast_vintages/demand/2026/09/PUB_DailyLoadFcst_202609210145.xml,Review the publisher's open-data terms and disclaimer before redistribution.,1.0,data/raw/semo/forecast_vintages/demand/2026/09/PUB_DailyLoadFcst_202609210145.xml,71437,a19a35aff4c18c9649304589e929766f91d76823c031f15b0ebc68ca6f171ca1,2026-09-23T15:18:35Z,True,2026-09-20T22:00:00+00:00,2026-09-24T21:30:00+00:00,576
semo_pub_dailyloadfcst_202609210150,SEMO,demand,2026,https://reports.sem-o.com/documents/PUB_DailyLoadFcst_202609210150.xml,semo/forecast_vintages/demand/2026/09/PUB_DailyLoadFcst_202609210150.xml,Review the publisher's open-data terms and disclaimer before redistribution.,1.0,data/raw/semo/forecast_vintages/demand/2026/09/PUB_DailyLoadFcst_202609210150.xml,71437,6bcb0a6877ea77ed78b4279ea44e395e8c7f14cae3e4cc844e9bc8cd36c92485,2026-09-23T15:18:36Z,True,2026-09-20T22:00:00+00:00,2026-09-24T21:30:00+00:00,576
semo_pub_dailyloadfcst_202609210200,SEMO,demand,2026,https://reports.sem-o.com/documents/PUB_DailyLoadFcst_202609210200.xml,semo/forecast_vintages/demand/2026/09/PUB_DailyLoadFcst_202609210200.xml,Review the publisher's open-data terms and disclaimer before redistribution.,1.0,data/raw/semo/forecast_vintages/demand/2026/09/PUB_DailyLoadFcst_202609210200.xml,71437,78383eed9975fc405349f64182832a9e11ad1cc6544e9a7d649ce9e7cf9c393d,2026-09-23T15:18:36Z,True,2026-09-20T22:00:00+00:00,2026-09-24T21:30:00+00:00,576
semo_pub_dailyloadfcst_202609210205,SEMO,demand,2026,https://reports.sem-o.com/documents/PUB_DailyLoadFcst_202609210205.xml,semo/forecast_vintages/demand/2026/09/PUB_DailyLoadFcst_202609210205.xml,Review the publisher's open-data terms and disclaimer before redistribution.,1.0,data/raw/semo/forecast_vintages/demand/2026/09/PUB_DailyLoadFcst_202609210205.xml,71437,707fece7aaec7b70b4bb475d2429be3bc0545123954ac614424abd88b2681214,2026-09-23T15:18:35Z,True,2026-09-20T22:00:00+00:00,2026-09-24T21:30:00+00:00,576
semo_pub_dailyloadfcst_202609210215,SEMO,demand,2026,https://reports.sem-o.com/documents/PUB_DailyLoadFcst_202609210215.xml,semo/forecast_vintages/demand/2026/09/PUB_DailyLoadFcst_202609210215.xml,Review the publisher's open-data terms and disclaimer before redistribution.,1.0,data/raw/semo/forecast_vintages/demand/2026/09/PUB_DailyLoadFcst_202609210215.xml,71437,f9eb8be5d9cd37015abefb5c3333a92aeaeed3d0c53214a7d83a9a2871ebd1b3,2026-09-23T15:18:36Z,True,2026-09-20T22:00:00+00:00,2026-09-24T21:30:00+00:00,576
semo_pub_dailyloadfcst_202609210220,SEMO,demand,2026,https://reports.sem-o.com/documents/PUB_DailyLoadFcst_202609210220.xml,semo/forecast_vintages/demand/2026/09/PUB_DailyLoadFcst_202609210220.xml,Review the publisher's open-data terms and disclaimer before redistribution.,1.0,data/raw/semo/forecast_vintages/demand/2026/09/PUB_DailyLoadFcst_202609210220.xml,71437,b0a0d84a78a9cb28e35ebc0d5f6b24180d2a626ccabc302d5e89afaf5c776954,2026-09-23T15:18:36Z,True,2026-09-20T22:00:00+00:00,2026-09-24T21:30:00+00:00,576
semo_pub_dailyloadfcst_202609210230,SEMO,demand,2026,https://reports.sem-o.com/documents/PUB_DailyLoadFcst_202609210230.xml,semo/forecast_vintages/demand/2026/09/PUB_DailyLoadFcst_202609210230.xml,Review the publisher's open-data terms and disclaimer before redistribution.,1.0,data/raw/semo/forecast_vintages/demand/2026/09/PUB_DailyLoadFcst_202609210230.xml,71437,140b4151b1c0436c4597777c5cad40b36917a5a9807b8c1a8c4fe95897166c2b,2026-09-23T15:18:36Z,True,2026-09-20T22:00:00+00:00,2026-09-24T21:30:00+00:00,576
semo_pub_dailyloadfcst_202609210235,SEMO,demand,2026,https://reports.sem-o.com/documents/PUB_DailyLoadFcst_202609210235.xml,semo/forecast_vintages/demand/2026/09/PUB_DailyLoadFcst_202609210235.xml,Review the publisher's open-data terms and disclaimer before redistribution.,1.0,data/raw/semo/forecast_vintages/demand/2026/09/PUB_DailyLoadFcst_202609210235.xml,71437,4ec4fdf200922270d4af8a9fa5152faa9e3e00a33604ba87d5977d0b4a11416a,2026-09-23T15:18:36Z,True,2026-09-20T22:00:00+00:00,2026-09-24T21:30:00+00:00,576
semo_pub_dailyloadfcst_202609210245,SEMO,demand,2026,https://reports.sem-o.com/documents/PUB_DailyLoadFcst_202609210245.xml,semo/forecast_vintages/demand/2026/09/PUB_DailyLoadFcst_202609210245.xml,Review the publisher's open-data terms and disclaimer before redistribution.,1.0,data/raw/semo/forecast_vintages/demand/2026/09/PUB_DailyLoadFcst_202609210245.xml,71437,55fd319dc1ee4a98d9b6bcae6d0da83e2bfb52a51a0073b1e94acf605c2a526c,2026-09-23T15:18:36Z,True,2026-09-20T22:00:00+00:00,2026-09-24T21:30:00+00:00,576
semo_pub_dailyloadfcst_202609210250,SEMO,demand,2026,https://reports.sem-o.com/documents/PUB_DailyLoadFcst_202609210250.xml,semo/forecast_vintages/demand/2026/09/PUB_DailyLoadFcst_202609210250.xml,Review the publisher's open-data terms and disclaimer before redistribution.,1.0,data/raw/semo/forecast_vintages/demand/2026/09/PUB_DailyLoadFcst_202609210250.xml,71437,4a9e57590efa9ef3d26b8f7397769f453bd5d95c3b1e5d224d925979506f7b58,2026-09-23T15:18:36Z,True,2026-09-20T22:00:00+00:00,2026-09-24T21:30:00+00:00,576
semo_pub_dailyloadfcst_202609210300,SEMO,demand,2026,https://reports.sem-o.com/documents/PUB_DailyLoadFcst_202609210300.xml,semo/forecast_vintages/demand/2026/09/PUB_DailyLoadFcst_202609210300.xml,Review the publisher's open-data terms and disclaimer before redistribution.,1.0,data/raw/semo/forecast_vintages/demand/2026/09/PUB_DailyLoadFcst_202609210300.xml,71437,2df2847983133e90a373dd5e060900110a521864b9794b91dabeaa3fc937eb8b,2026-09-23T15:18:38Z,True,2026-09-20T22:00:00+00:00,2026-09-24T21:30:00+00:00,576
semo_pub_dailyloadfcst_202609210305,SEMO,demand,2026,https://reports.sem-o.com/documents/PUB_DailyLoadFcst_202609210305.xml,semo/forecast_vintages/demand/2026/09/PUB_DailyLoadFcst_202609210305.xml,Review the publisher's open-data terms and disclaimer before redistribution.,1.0,data/raw/semo/forecast_vintages/demand/2026/09/PUB_DailyLoadFcst_202609210305.xml,71437,4302098cc9e6efb1d12f1d9b53ce52f3f231c912763ed2d3822396bf9cf6c2d8,2026-09-23T15:18:38Z,True,2026-09-20T22:00:00+00:00,2026-09-24T21:30:00+00:00,576
semo_pub_dailyloadfcst_202609210315,SEMO,demand,2026,https://reports.sem-o.com/documents/PUB_DailyLoadFcst_202609210315.xml,semo/forecast_vintages/demand/2026/09/PUB_DailyLoadFcst_202609210315.xml,Review the publisher's open-data terms and disclaimer before redistribution.,1.0,data/raw/semo/forecast_vintages/demand/2026/09/PUB_DailyLoadFcst_202609210315.xml,71437,d475983ecdd3c23911afebbe954d72383eded23872f970d872a2fd1d31d024a6,2026-09-23T15:18:38Z,True,2026-09-20T22:00:00+00:00,2026-09-24T21:30:00+00:00,576
semo_pub_dailyloadfcst_202609210320,SEMO,demand,2026,https://reports.sem-o.com/documents/PUB_DailyLoadFcst_202609210320.xml,semo/forecast_vintages/demand/2026/09/PUB_DailyLoadFcst_202609210320.xml,Review the publisher's open-data terms and disclaimer before redistribution.,1.0,data/raw/semo/forecast_vintages/demand/2026/09/PUB_DailyLoadFcst_202609210320.xml,71437,55422b2f1c732274e39137d5cc704ed832690f5fae3785cef6020bab9c0bc390,2026-09-23T15:18:38Z,True,2026-09-20T22:00:00+00:00,2026-09-24T21:30:00+00:00,576
semo_pub_dailyloadfcst_202609210330,SEMO,demand,2026,https://reports.sem-o.com/documents/PUB_DailyLoadFcst_202609210330.xml,semo/forecast_vintages/demand/2026/09/PUB_DailyLoadFcst_202609210330.xml,Review the publisher's open-data terms and disclaimer before redistribution.,1.0,data/raw/semo/forecast_vintages/demand/2026/09/PUB_DailyLoadFcst_202609210330.xml,71437,586127ae1bdc6182479bfdf1910b11e14d5029d9dd4adc07a8e3aa0c204a0464,2026-09-23T15:18:38Z,True,2026-09-20T22:00:00+00:00,2026-09-24T21:30:00+00:00,576
semo_pub_dailyloadfcst_202609210335,SEMO,demand,2026,https://reports.sem-o.com/documents/PUB_DailyLoadFcst_202609210335.xml,semo/forecast_vintages/demand/2026/09/PUB_DailyLoadFcst_202609210335.xml,Review the publisher's open-data terms and disclaimer before redistribution.,1.0,data/raw/semo/forecast_vintages/demand/2026/09/PUB_DailyLoadFcst_202609210335.xml,71437,4ed7dd0c6fd8b5fd7a0634fe3760bf92282740bc47e9cba1847358ed106bad8e,2026-09-23T15:18:38Z,True,2026-09-20T22:00:00+00:00,2026-09-24T21:30:00+00:00,576
semo_pub_dailyloadfcst_202609210345,SEMO,demand,2026,https://reports.sem-o.com/documents/PUB_DailyLoadFcst_202609210345.xml,semo/forecast_vintages/demand/2026/09/PUB_DailyLoadFcst_202609210345.xml,Review the publisher's open-data terms and disclaimer before redistribution.,1.0,data/raw/semo/forecast_vintages/demand/2026/09/PUB_DailyLoadFcst_202609210345.xml,71437,2e11f765d135687ed1eb316b7b94f041ffca8edf8e765f0e6c36517af12ab14a,2026-09-23T15:18:38Z,True,2026-09-20T22:00:00+00:00,2026-09-24T21:30:00+00:00,576
semo_pub_dailyloadfcst_202609210350,SEMO,demand,2026,https://reports.sem-o.com/documents/PUB_DailyLoadFcst_202609210350.xml,semo/forecast_vintages/demand/2026/09/PUB_DailyLoadFcst_202609210350.xml,Review the publisher's open-data terms and disclaimer before redistribution.,1.0,data/raw/semo/forecast_vintages/demand/2026/09/PUB_DailyLoadFcst_202609210350.xml,71437,17ac34cd0e06ef41c19ebe8b0dc25887a6bb38ee8ce5cf2d32432d243e0a01c2,2026-09-23T15:18:38Z,True,2026-09-20T22:00:00+00:00,2026-09-24T21:30:00+00:00,576
semo_pub_dailyloadfcst_202609210400,SEMO,demand,2026,https://reports.sem-o.com/documents/PUB_DailyLoadFcst_202609210400.xml,semo/forecast_vintages/demand/2026/09/PUB_DailyLoadFcst_202609210400.xml,Review the publisher's open-data terms and disclaimer before redistribution.,1.0,data/raw/semo/forecast_vintages/demand/2026/09/PUB_DailyLoadFcst_202609210400.xml,71437,f36e0a5898e7991fb002691204c5e9ff349f52217b7bd1cc459fd42dcb9b21e7,2026-09-23T15:18:39Z,True,2026-09-20T22:00:00+00:00,2026-09-24T21:30:00+00:00,576
semo_pub_dailyloadfcst_202609210405,SEMO,demand,2026,https://reports.sem-o.com/documents/PUB_DailyLoadFcst_202609210405.xml,semo/forecast_vintages/demand/2026/09/PUB_DailyLoadFcst_202609210405.xml,Review the publisher's open-data terms and disclaimer before redistribution.,1.0,data/raw/semo/forecast_vintages/demand/2026/09/PUB_DailyLoadFcst_202609210405.xml,71437,11519b7a1f1b056222b10c404a7b318dfad99c70860dd29d8409a63f608ab4ad,2026-09-23T15:18:38Z,True,2026-09-20T22:00:00+00:00,2026-09-24T21:30:00+00:00,576
semo_pub_dailyloadfcst_202609210415,SEMO,demand,2026,https://reports.sem-o.com/documents/PUB_DailyLoadFcst_202609210415.xml,semo/forecast_vintages/demand/2026/09/PUB_DailyLoadFcst_202609210415.xml,Review the publisher's open-data terms and disclaimer before redistribution.,1.0,data/raw/semo/forecast_vintages/demand/2026/09/PUB_DailyLoadFcst_202609210415.xml,71437,2692329207984d1689e1eefb27a4717b6a6b8dce85a8d893523093be5aca7b92,2026-09-23T15:18:39Z,True,2026-09-20T22:00:00+00:00,2026-09-24T21:30:00+00:00,576
semo_pub_dailyloadfcst_202609210420,SEMO,demand,2026,https://reports.sem-o.com/documents/PUB_DailyLoadFcst_202609210420.xml,semo/forecast_vintages/demand/2026/09/PUB_DailyLoadFcst_202609210420.xml,Review the publisher's open-data terms and disclaimer before redistribution.,1.0,data/raw/semo/forecast_vintages/demand/2026/09/PUB_DailyLoadFcst_202609210420.xml,71437,c32dbe62b42b401565a51b9913ed5b674f3337f47d6173e88c1d68447c9f924a,2026-09-23T15:18:39Z,True,2026-09-20T22:00:00+00:00,2026-09-24T21:30:00+00:00,576
semo_pub_dailyloadfcst_202609210430,SEMO,demand,2026,https://reports.sem-o.com/documents/PUB_DailyLoadFcst_202609210430.xml,semo/forecast_vintages/demand/2026/09/PUB_DailyLoadFcst_202609210430.xml,Review the publisher's open-data terms and disclaimer before redistribution.,1.0,data/raw/semo/forecast_vintages/demand/2026/09/PUB_DailyLoadFcst_202609210430.xml,71437,9ce38422cdff62994dbdd68b34012148e80f6da3fa08f9469aa7e5dc53268fe0,2026-09-23T15:18:42Z,True,2026-09-20T22:00:00+00:00,2026-09-24T21:30:00+00:00,576
semo_pub_dailyloadfcst_202609210435,SEMO,demand,2026,https://reports.sem-o.com/documents/PUB_DailyLoadFcst_202609210435.xml,semo/forecast_vintages/demand/2026/09/PUB_DailyLoadFcst_202609210435.xml,Review the publisher's open-data terms and disclaimer before redistribution.,1.0,data/raw/semo/forecast_vintages/demand/2026/09/PUB_DailyLoadFcst_202609210435.xml,71437,b8c639d4fbb069a24e6d6a8e03343574f8a1f19bd6ebb45449cdfedaaf48d9ae,2026-09-23T15:18:43Z,True,2026-09-20T22:00:00+00:00,2026-09-24T21:30:00+00:00,576
semo_pub_dailyloadfcst_202609210445,SEMO,demand,2026,https://reports.sem-o.com/documents/PUB_DailyLoadFcst_202609210445.xml,semo/forecast_vintages/demand/2026/09/PUB_DailyLoadFcst_202609210445.xml,Review the publisher's open-data terms and disclaimer before redistribution.,1.0,data/raw/semo/forecast_vintages/demand/2026/09/PUB_DailyLoadFcst_202609210445.xml,71437,754331206adc1fce69f2911f642b95009774124204cfe9913dce406b04cadbf2,2026-09-23T15:18:41Z,True,2026-09-20T22:00:00+00:00,2026-09-24T21:30:00+00:00,576
semo_pub_dailyloadfcst_202609210450,SEMO,demand,2026,https://reports.sem-o.com/documents/PUB_DailyLoadFcst_202609210450.xml,semo/forecast_vintages/demand/2026/09/PUB_DailyLoadFcst_202609210450.xml,Review the publisher's open-data terms and disclaimer before redistribution.,1.0,data/raw/semo/forecast_vintages/demand/2026/09/PUB_DailyLoadFcst_202609210450.xml,71437,2a747091ffe4d64e4b9d64df94a4fd94b2ecbd467072d343560deaf387c8cc19,2026-09-23T15:18:40Z,True,2026-09-20T22:00:00+00:00,2026-09-24T21:30:00+00:00,576
semo_pub_dailyloadfcst_202609210500,SEMO,demand,2026,https://reports.sem-o.com/documents/PUB_DailyLoadFcst_202609210500.xml,semo/forecast_vintages/demand/2026/09/PUB_DailyLoadFcst_202609210500.xml,Review the publisher's open-data terms and disclaimer before redistribution.,1.0,data/raw/semo/forecast_vintages/demand/2026/09/PUB_DailyLoadFcst_202609210500.xml,71437,e64176e286e289d0a131561385469da18924692b2fc8e9266370728fa8a93918,2026-09-23T15:18:41Z,True,2026-09-20T22:00:00+00:00,2026-09-24T21:30:00+00:00,576
semo_pub_dailyloadfcst_202609210505,SEMO,demand,2026,https://reports.sem-o.com/documents/PUB_DailyLoadFcst_202609210505.xml,semo/forecast_vintages/demand/2026/09/PUB_DailyLoadFcst_202609210505.xml,Review the publisher's open-data terms and disclaimer before redistribution.,1.0,data/raw/semo/forecast_vintages/demand/2026/09/PUB_DailyLoadFcst_202609210505.xml,71437,6f8fb2e7d6a4543fed609ababee82a130414a35b0bf2ca72d7b3496f9dc253ba,2026-09-23T15:18:41Z,True,2026-09-20T22:00:00+00:00,2026-09-24T21:30:00+00:00,576
semo_pub_dailyloadfcst_202609210515,SEMO,demand,2026,https://reports.sem-o.com/documents/PUB_DailyLoadFcst_202609210515.xml,semo/forecast_vintages/demand/2026/09/PUB_DailyLoadFcst_202609210515.xml,Review the publisher's open-data terms and disclaimer before redistribution.,1.0,data/raw/semo/forecast_vintages/demand/2026/09/PUB_DailyLoadFcst_202609210515.xml,71437,b6cca6ed13bea10773d842e49ad42cbc43b8ed67cdb5e0c45abc90895e8acc5a,2026-09-23T15:18:41Z,True,2026-09-20T22:00:00+00:00,2026-09-24T21:30:00+00:00,576
semo_pub_dailyloadfcst_202609210520,SEMO,demand,2026,https://reports.sem-o.com/documents/PUB_DailyLoadFcst_202609210520.xml,semo/forecast_vintages/demand/2026/09/PUB_DailyLoadFcst_202609210520.xml,Review the publisher's open-data terms and disclaimer before redistribution.,1.0,data/raw/semo/forecast_vintages/demand/2026/09/PUB_DailyLoadFcst_202609210520.xml,71437,9bd3a894857cc125b80aa304cc36039a75e29e5c604a4f7d5cbccb4bdc3e41fc,2026-09-23T15:18:41Z,True,2026-09-20T22:00:00+00:00,2026-09-24T21:30:00+00:00,576
semo_pub_dailyloadfcst_202609210530,SEMO,demand,2026,https://reports.sem-o.com/documents/PUB_DailyLoadFcst_202609210530.xml,semo/forecast_vintages/demand/2026/09/PUB_DailyLoadFcst_202609210530.xml,Review the publisher's open-data terms and disclaimer before redistribution.,1.0,data/raw/semo/forecast_vintages/demand/2026/09/PUB_DailyLoadFcst_202609210530.xml,71437,5512d85a96892364298857cc6a1c5bf9b123f7383f8b671b8a68fdf0183db4d0,2026-09-23T15:18:41Z,True,2026-09-20T22:00:00+00:00,2026-09-24T21:30:00+00:00,576
semo_pub_dailyloadfcst_202609210535,SEMO,demand,2026,https://reports.sem-o.com/documents/PUB_DailyLoadFcst_202609210535.xml,semo/forecast_vintages/demand/2026/09/PUB_DailyLoadFcst_202609210535.xml,Review the publisher's open-data terms and disclaimer before redistribution.,1.0,data/raw/semo/forecast_vintages/demand/2026/09/PUB_DailyLoadFcst_202609210535.xml,71437,d01888ab230b86569b66ace70162b786a0d6a7450abfcf4e025065ec70354dd9,2026-09-23T15:18:41Z,True,2026-09-20T22:00:00+00:00,2026-09-24T21:30:00+00:00,576
semo_pub_dailyloadfcst_202609210545,SEMO,demand,2026,https://reports.sem-o.com/documents/PUB_DailyLoadFcst_202609210545.xml,semo/forecast_vintages/demand/2026/09/PUB_DailyLoadFcst_202609210545.xml,Review the publisher's open-data terms and disclaimer before redistribution.,1.0,data/raw/semo/forecast_vintages/demand/2026/09/PUB_DailyLoadFcst_202609210545.xml,71437,9387f54bfc38bcb8577980d64f0e72c42d0434fc41aca47c9b4d1e4deb13450f,2026-09-23T15:18:41Z,True,2026-09-20T22:00:00+00:00,2026-09-24T21:30:00+00:00,576
semo_pub_dailyloadfcst_202609210550,SEMO,demand,2026,https://reports.sem-o.com/documents/PUB_DailyLoadFcst_202609210550.xml,semo/forecast_vintages/demand/2026/09/PUB_DailyLoadFcst_202609210550.xml,Review the publisher's open-data terms and disclaimer before redistribution.,1.0,data/raw/semo/forecast_vintages/demand/2026/09/PUB_DailyLoadFcst_202609210550.xml,71437,5d9d76f6efa5ccaac9de790748043dd183b7fecede1656d2964e9ca8853fb042,2026-09-23T15:18:41Z,True,2026-09-20T22:00:00+00:00,2026-09-24T21:30:00+00:00,576
semo_pub_dailyloadfcst_202609210600,SEMO,demand,2026,https://reports.sem-o.com/documents/PUB_DailyLoadFcst_202609210600.xml,semo/forecast_vintages/demand/2026/09/PUB_DailyLoadFcst_202609210600.xml,Review the publisher's open-data terms and disclaimer before redistribution.,1.0,data/raw/semo/forecast_vintages/demand/2026/09/PUB_DailyLoadFcst_202609210600.xml,71437,b7aacc7a91b1f57640ee5af831c9f7153ad2dfc46e78e44661bff70168a3a7a5,2026-09-23T15:18:43Z,True,2026-09-20T22:00:00+00:00,2026-09-24T21:30:00+00:00,576
semo_pub_dailyloadfcst_202609210605,SEMO,demand,2026,https://reports.sem-o.com/documents/PUB_DailyLoadFcst_202609210605.xml,semo/forecast_vintages/demand/2026/09/PUB_DailyLoadFcst_202609210605.xml,Review the publisher's open-data terms and disclaimer before redistribution.,1.0,data/raw/semo/forecast_vintages/demand/2026/09/PUB_DailyLoadFcst_202609210605.xml,71437,227af234a597f952de2b8db53132b6c1d2abeffc6c4e31eb6afce8664673e24a,2026-09-23T15:18:44Z,True,2026-09-20T22:00:00+00:00,2026-09-24T21:30:00+00:00,576
semo_pub_dailyloadfcst_202609210615,SEMO,demand,2026,https://reports.sem-o.com/documents/PUB_DailyLoadFcst_202609210615.xml,semo/forecast_vintages/demand/2026/09/PUB_DailyLoadFcst_202609210615.xml,Review the publisher's open-data terms and disclaimer before redistribution.,1.0,data/raw/semo/forecast_vintages/demand/2026/09/PUB_DailyLoadFcst_202609210615.xml,71437,40a7278946b3789a2819c8008870023a21b73c21215518f77a6617cf6f059277,2026-09-23T15:18:44Z,True,2026-09-20T22:00:00+00:00,2026-09-24T21:30:00+00:00,576
semo_pub_dailyloadfcst_202609210620,SEMO,demand,2026,https://reports.sem-o.com/documents/PUB_DailyLoadFcst_202609210620.xml,semo/forecast_vintages/demand/2026/09/PUB_DailyLoadFcst_202609210620.xml,Review the publisher's open-data terms and disclaimer before redistribution.,1.0,data/raw/semo/forecast_vintages/demand/2026/09/PUB_DailyLoadFcst_202609210620.xml,71437,a04aae7f8f62a7bdf70b3887c4502dacec9d1d64a8f07c082406ef9bc682e755,2026-09-23T15:18:44Z,True,2026-09-20T22:00:00+00:00,2026-09-24T21:30:00+00:00,576
semo_pub_dailyloadfcst_202609210630,SEMO,demand,2026,https://reports.sem-o.com/documents/PUB_DailyLoadFcst_202609210630.xml,semo/forecast_vintages/demand/2026/09/PUB_DailyLoadFcst_202609210630.xml,Review the publisher's open-data terms and disclaimer before redistribution.,1.0,data/raw/semo/forecast_vintages/demand/2026/09/PUB_DailyLoadFcst_202609210630.xml,71437,d942cea496f69176e5aa60ee23a8401b4caa89c46bb416e55f933ca6474b1543,2026-09-23T15:18:44Z,True,2026-09-20T22:00:00+00:00,2026-09-24T21:30:00+00:00,576
semo_pub_dailyloadfcst_202609210635,SEMO,demand,2026,https://reports.sem-o.com/documents/PUB_DailyLoadFcst_202609210635.xml,semo/forecast_vintages/demand/2026/09/PUB_DailyLoadFcst_202609210635.xml,Review the publisher's open-data terms and disclaimer before redistribution.,1.0,data/raw/semo/forecast_vintages/demand/2026/09/PUB_DailyLoadFcst_202609210635.xml,71439,469a20c0c7f71cd26c90aab1fdc2a26e4a15c043ee3c63848b318acc8eaaeb24,2026-09-23T15:18:44Z,True,2026-09-20T22:00:00+00:00,2026-09-24T21:30:00+00:00,576
semo_pub_dailyloadfcst_202609210645,SEMO,demand,2026,https://reports.sem-o.com/documents/PUB_DailyLoadFcst_202609210645.xml,semo/forecast_vintages/demand/2026/09/PUB_DailyLoadFcst_202609210645.xml,Review the publisher's open-data terms and disclaimer before redistribution.,1.0,data/raw/semo/forecast_vintages/demand/2026/09/PUB_DailyLoadFcst_202609210645.xml,71439,b862f610e52dfa7272e08b49d35ffe8e3a81d818199c6a54a8ecc2bc2f99d9fc,2026-09-23T15:18:44Z,True,2026-09-20T22:00:00+00:00,2026-09-24T21:30:00+00:00,576
semo_pub_dailyloadfcst_202609210650,SEMO,demand,2026,https://reports.sem-o.com/documents/PUB_DailyLoadFcst_202609210650.xml,semo/forecast_vintages/demand/2026/09/PUB_DailyLoadFcst_202609210650.xml,Review the publisher's open-data terms and disclaimer before redistribution.,1.0,data/raw/semo/forecast_vintages/demand/2026/09/PUB_DailyLoadFcst_202609210650.xml,71439,1ff264d4119c5090b4d77dda731770fbd8b2817f3844032f005ad6ea5a5eb2bd,2026-09-23T15:18:44Z,True,2026-09-20T22:00:00+00:00,2026-09-24T21:30:00+00:00,576
semo_pub_dailyloadfcst_202609210700,SEMO,demand,2026,https://reports.sem-o.com/documents/PUB_DailyLoadFcst_202609210700.xml,semo/forecast_vintages/demand/2026/09/PUB_DailyLoadFcst_202609210700.xml,Review the publisher's open-data terms and disclaimer before redistribution.,1.0,data/raw/semo/forecast_vintages/demand/2026/09/PUB_DailyLoadFcst_202609210700.xml,71439,6b14cbf2286b9184c4a23bc16509aa8d9384d9a59e511ce377fe6a31d7aafdb0,2026-09-23T15:18:44Z,True,2026-09-20T22:00:00+00:00,2026-09-24T21:30:00+00:00,576
semo_pub_dailyloadfcst_202609210705,SEMO,demand,2026,https://reports.sem-o.com/documents/PUB_DailyLoadFcst_202609210705.xml,semo/forecast_vintages/demand/2026/09/PUB_DailyLoadFcst_202609210705.xml,Review the publisher's open-data terms and disclaimer before redistribution.,1.0,data/raw/semo/forecast_vintages/demand/2026/09/PUB_DailyLoadFcst_202609210705.xml,71439,1e53295f013c077350d2ceb72683c0d4a9be0ff80542267db9688f3ef987265a,2026-09-23T15:18:44Z,True,2026-09-20T22:00:00+00:00,2026-09-24T21:30:00+00:00,576
semo_pub_dailyloadfcst_202609210715,SEMO,demand,2026,https://reports.sem-o.com/documents/PUB_DailyLoadFcst_202609210715.xml,semo/forecast_vintages/demand/2026/09/PUB_DailyLoadFcst_202609210715.xml,Review the publisher's open-data terms and disclaimer before redistribution.,1.0,data/raw/semo/forecast_vintages/demand/2026/09/PUB_DailyLoadFcst_202609210715.xml,71439,059cfa90acc21be755d0fa840522a7b17b7b43beb1cc7c8dc930baa4827f4d12,2026-09-23T15:18:46Z,True,2026-09-20T22:00:00+00:00,2026-09-24T21:30:00+00:00,576
semo_pub_dailyloadfcst_202609210720,SEMO,demand,2026,https://reports.sem-o.com/documents/PUB_DailyLoadFcst_202609210720.xml,semo/forecast_vintages/demand/2026/09/PUB_DailyLoadFcst_202609210720.xml,Review the publisher's open-data terms and disclaimer before redistribution.,1.0,data/raw/semo/forecast_vintages/demand/2026/09/PUB_DailyLoadFcst_202609210720.xml,71439,6d652577406e33fee3237930cd18917a66c04e57a3523139a745ed28e65eb5c9,2026-09-23T15:18:46Z,True,2026-09-20T22:00:00+00:00,2026-09-24T21:30:00+00:00,576
semo_pub_dailyloadfcst_202609210730,SEMO,demand,2026,https://reports.sem-o.com/documents/PUB_DailyLoadFcst_202609210730.xml,semo/forecast_vintages/demand/2026/09/PUB_DailyLoadFcst_202609210730.xml,Review the publisher's open-data terms and disclaimer before redistribution.,1.0,data/raw/semo/forecast_vintages/demand/2026/09/PUB_DailyLoadFcst_202609210730.xml,71439,2eaed62c6c38bdac0463d2ab5fe633e042683ccc94befb64cd73d0645416adda,2026-09-23T15:18:46Z,True,2026-09-20T22:00:00+00:00,2026-09-24T21:30:00+00:00,576
semo_pub_dailyloadfcst_202609210735,SEMO,demand,2026,https://reports.sem-o.com/documents/PUB_DailyLoadFcst_202609210735.xml,semo/forecast_vintages/demand/2026/09/PUB_DailyLoadFcst_202609210735.xml,Review the publisher's open-data terms and disclaimer before redistribution.,1.0,data/raw/semo/forecast_vintages/demand/2026/09/PUB_DailyLoadFcst_202609210735.xml,71441,2e841369dda47be1eb1e7b8229491a4a2a06b8fa76f4238ac8ae1a72b22c8061,2026-09-23T15:18:45Z,True,2026-09-20T22:00:00+00:00,2026-09-24T21:30:00+00:00,576
semo_pub_dailyloadfcst_202609210745,SEMO,demand,2026,https://reports.sem-o.com/documents/PUB_DailyLoadFcst_202609210745.xml,semo/forecast_vintages/demand/2026/09/PUB_DailyLoadFcst_202609210745.xml,Review the publisher's open-data terms and disclaimer before redistribution.,1.0,data/raw/semo/forecast_vintages/demand/2026/09/PUB_DailyLoadFcst_202609210745.xml,71441,27c086b4eab589a20ed596284f39f060ea043aeaa8ee6830be4a6287cc58f2f3,2026-09-23T15:18:46Z,True,2026-09-20T22:00:00+00:00,2026-09-24T21:30:00+00:00,576
semo_pub_dailyloadfcst_202609210750,SEMO,demand,2026,https://reports.sem-o.com/documents/PUB_DailyLoadFcst_202609210750.xml,semo/forecast_vintages/demand/2026/09/PUB_DailyLoadFcst_202609210750.xml,Review the publisher's open-data terms and disclaimer before redistribution.,1.0,data/raw/semo/forecast_vintages/demand/2026/09/PUB_DailyLoadFcst_202609210750.xml,71441,646aac06043027983b2bfecc5c04e0e515c855612433772f1030ffb950c20a30,2026-09-23T15:18:46Z,True,2026-09-20T22:00:00+00:00,2026-09-24T21:30:00+00:00,576
semo_pub_dailyloadfcst_202609210800,SEMO,demand,2026,https://reports.sem-o.com/documents/PUB_DailyLoadFcst_202609210800.xml,semo/forecast_vintages/demand/2026/09/PUB_DailyLoadFcst_202609210800.xml,Review the publisher's open-data terms and disclaimer before redistribution.,1.0,data/raw/semo/forecast_vintages/demand/2026/09/PUB_DailyLoadFcst_202609210800.xml,71441,57220afa8f0db8a993eb55c1f740c1bc58d47bd7208597c7bf68f5b959aad17c,2026-09-23T15:18:46Z,True,2026-09-20T22:00:00+00:00,2026-09-24T21:30:00+00:00,576
semo_pub_dailyloadfcst_202609210805,SEMO,demand,2026,https://reports.sem-o.com/documents/PUB_DailyLoadFcst_202609210805.xml,semo/forecast_vintages/demand/2026/09/PUB_DailyLoadFcst_202609210805.xml,Review the publisher's open-data terms and disclaimer before redistribution.,1.0,data/raw/semo/forecast_vintages/demand/2026/09/PUB_DailyLoadFcst_202609210805.xml,71441,8931e332670f183d12ed212c69fe981cb17932ebceb277446258dd05f8ea8759,2026-09-23T15:18:46Z,True,2026-09-20T22:00:00+00:00,2026-09-24T21:30:00+00:00,576
semo_pub_dailyloadfcst_202609210815,SEMO,demand,2026,https://reports.sem-o.com/documents/PUB_DailyLoadFcst_202609210815.xml,semo/forecast_vintages/demand/2026/09/PUB_DailyLoadFcst_202609210815.xml,Review the publisher's open-data terms and disclaimer before redistribution.,1.0,data/raw/semo/forecast_vintages/demand/2026/09/PUB_DailyLoadFcst_202609210815.xml,71441,82035e06c5cc9d543e46d782956a1aac2c3b5479d80d61fb16ec58a76e7db430,2026-09-23T15:18:46Z,True,2026-09-20T22:00:00+00:00,2026-09-24T21:30:00+00:00,576
semo_pub_dailyloadfcst_202609210830,SEMO,demand,2026,https://reports.sem-o.com/documents/PUB_DailyLoadFcst_202609210830.xml,semo/forecast_vintages/demand/2026/09/PUB_DailyLoadFcst_202609210830.xml,Review the publisher's open-data terms and disclaimer before redistribution.,1.0,data/raw/semo/forecast_vintages/demand/2026/09/PUB_DailyLoadFcst_202609210830.xml,71441,9c2bd794d8a7a6abdc1a3a12702382b62f1271b5c5fd07d97ee729a35810eaba,2026-09-23T15:18:46Z,True,2026-09-20T22:00:00+00:00,2026-09-24T21:30:00+00:00,576
semo_pub_dailyloadfcst_202609210835,SEMO,demand,2026,https://reports.sem-o.com/documents/PUB_DailyLoadFcst_202609210835.xml,semo/forecast_vintages/demand/2026/09/PUB_DailyLoadFcst_202609210835.xml,Review the publisher's open-data terms and disclaimer before redistribution.,1.0,data/raw/semo/forecast_vintages/demand/2026/09/PUB_DailyLoadFcst_202609210835.xml,71441,b3b5b4456a59ece07229a8b8142631e99823c10294f79dd8ce1477f509c002b1,2026-09-23T15:18:46Z,True,2026-09-20T22:00:00+00:00,2026-09-24T21:30:00+00:00,576
semo_pub_dailyloadfcst_202609210845,SEMO,demand,2026,https://reports.sem-o.com/documents/PUB_DailyLoadFcst_202609210845.xml,semo/forecast_vintages/demand/2026/09/PUB_DailyLoadFcst_202609210845.xml,Review the publisher's open-data terms and disclaimer before redistribution.,1.0,data/raw/semo/forecast_vintages/demand/2026/09/PUB_DailyLoadFcst_202609210845.xml,71441,1644a9be96488ad27b61d84c0a2cf77a06f4c6b956506750ccbbb0c72a0aab3a,2026-09-23T15:18:46Z,True,2026-09-20T22:00:00+00:00,2026-09-24T21:30:00+00:00,576
semo_pub_dailyloadfcst_202609210850,SEMO,demand,2026,https://reports.sem-o.com/documents/PUB_DailyLoadFcst_202609210850.xml,semo/forecast_vintages/demand/2026/09/PUB_DailyLoadFcst_202609210850.xml,Review the publisher's open-data terms and disclaimer before redistribution.,1.0,data/raw/semo/forecast_vintages/demand/2026/09/PUB_DailyLoadFcst_202609210850.xml,71441,d44bf70769453a1878273bcb2976049f33cd7d65b9018794d8b9bd90a042ef2c,2026-09-23T15:18:47Z,True,2026-09-20T22:00:00+00:00,2026-09-24T21:30:00+00:00,576
semo_pub_dailyloadfcst_202609210900,SEMO,demand,2026,https://reports.sem-o.com/documents/PUB_DailyLoadFcst_202609210900.xml,semo/forecast_vintages/demand/2026/09/PUB_DailyLoadFcst_202609210900.xml,Review the publisher's open-data terms and disclaimer before redistribution.,1.0,data/raw/semo/forecast_vintages/demand/2026/09/PUB_DailyLoadFcst_202609210900.xml,71441,c5d440b614eb46478a5a697e6a129b130dbcf3fb95aaf2205a49da855eea9fd5,2026-09-23T15:18:48Z,True,2026-09-20T22:00:00+00:00,2026-09-24T21:30:00+00:00,576
semo_pub_dailyloadfcst_202609210905,SEMO,demand,2026,https://reports.sem-o.com/documents/PUB_DailyLoadFcst_202609210905.xml,semo/forecast_vintages/demand/2026/09/PUB_DailyLoadFcst_202609210905.xml,Review the publisher's open-data terms and disclaimer before redistribution.,1.0,data/raw/semo/forecast_vintages/demand/2026/09/PUB_DailyLoadFcst_202609210905.xml,71441,d05021e2f70d39c5d1242c60c8342c172fb4043e0736ec39e1fb6b3bfd325c0c,2026-09-23T15:18:48Z,True,2026-09-20T22:00:00+00:00,2026-09-24T21:30:00+00:00,576
semo_pub_dailyloadfcst_202609210915,SEMO,demand,2026,https://reports.sem-o.com/documents/PUB_DailyLoadFcst_202609210915.xml,semo/forecast_vintages/demand/2026/09/PUB_DailyLoadFcst_202609210915.xml,Review the publisher's open-data terms and disclaimer before redistribution.,1.0,data/raw/semo/forecast_vintages/demand/2026/09/PUB_DailyLoadFcst_202609210915.xml,71441,36cfc0b8148aa24e1d1461666fb51a908a56628a7807fc921e83dff4198ab7b2,2026-09-23T15:18:48Z,True,2026-09-20T22:00:00+00:00,2026-09-24T21:30:00+00:00,576
semo_pub_dailyloadfcst_202609210920,SEMO,demand,2026,https://reports.sem-o.com/documents/PUB_DailyLoadFcst_202609210920.xml,semo/forecast_vintages/demand/2026/09/PUB_DailyLoadFcst_202609210920.xml,Review the publisher's open-data terms and disclaimer before redistribution.,1.0,data/raw/semo/forecast_vintages/demand/2026/09/PUB_DailyLoadFcst_202609210920.xml,71441,e2979d879f2da6dff003e3a4d1ae4dbed7957bc876a7de23f91162e117002315,2026-09-23T15:18:48Z,True,2026-09-20T22:00:00+00:00,2026-09-24T21:30:00+00:00,576
semo_pub_dailyloadfcst_202609210930,SEMO,demand,2026,https://reports.sem-o.com/documents/PUB_DailyLoadFcst_202609210930.xml,semo/forecast_vintages/demand/2026/09/PUB_DailyLoadFcst_202609210930.xml,Review the publisher's open-data terms and disclaimer before redistribution.,1.0,data/raw/semo/forecast_vintages/demand/2026/09/PUB_DailyLoadFcst_202609210930.xml,71441,b565ef4639bd8b818cfd29de1ea192e6c7bfd836786540d42b2f994e69718c3d,2026-09-23T15:18:48Z,True,2026-09-20T22:00:00+00:00,2026-09-24T21:30:00+00:00,576
semo_pub_dailyloadfcst_202609210935,SEMO,demand,2026,https://reports.sem-o.com/documents/PUB_DailyLoadFcst_202609210935.xml,semo/forecast_vintages/demand/2026/09/PUB_DailyLoadFcst_202609210935.xml,Review the publisher's open-data terms and disclaimer before redistribution.,1.0,data/raw/semo/forecast_vintages/demand/2026/09/PUB_DailyLoadFcst_202609210935.xml,71441,da5f69bd708c05a12b3edf63a3a3308c0322e265be56a1eca72bc20364887328,2026-09-23T15:18:48Z,True,2026-09-20T22:00:00+00:00,2026-09-24T21:30:00+00:00,576
semo_pub_dailyloadfcst_202609210945,SEMO,demand,2026,https://reports.sem-o.com/documents/PUB_DailyLoadFcst_202609210945.xml,semo/forecast_vintages/demand/2026/09/PUB_DailyLoadFcst_202609210945.xml,Review the publisher's open-data terms and disclaimer before redistribution.,1.0,data/raw/semo/forecast_vintages/demand/2026/09/PUB_DailyLoadFcst_202609210945.xml,71441,fc856d094ccd74be75468dc3d2c3190feb5d69dc4f5ae480d661895985c427cd,2026-09-23T15:18:48Z,True,2026-09-20T22:00:00+00:00,2026-09-24T21:30:00+00:00,576
semo_pub_dailyloadfcst_202609210950,SEMO,demand,2026,https://reports.sem-o.com/documents/PUB_DailyLoadFcst_202609210950.xml,semo/forecast_vintages/demand/2026/09/PUB_DailyLoadFcst_202609210950.xml,Review the publisher's open-data terms and disclaimer before redistribution.,1.0,data/raw/semo/forecast_vintages/demand/2026/09/PUB_DailyLoadFcst_202609210950.xml,71441,8413f7533dfbd1434ab83218083acdc8ec15eca2de8fa9d9f86991c79531feb1,2026-09-23T15:18:48Z,True,2026-09-20T22:00:00+00:00,2026-09-24T21:30:00+00:00,576
semo_pub_dailyloadfcst_202609211000,SEMO,demand,2026,https://reports.sem-o.com/documents/PUB_DailyLoadFcst_202609211000.xml,semo/forecast_vintages/demand/2026/09/PUB_DailyLoadFcst_202609211000.xml,Review the publisher's open-data terms and disclaimer before redistribution.,1.0,data/raw/semo/forecast_vintages/demand/2026/09/PUB_DailyLoadFcst_202609211000.xml,71441,c9037e4fbe558088ab1757b69ce4cca0f25c03b8eb2cbaf76981148452460042,2026-09-23T15:18:48Z,True,2026-09-20T22:00:00+00:00,2026-09-24T21:30:00+00:00,576
semo_pub_dailyloadfcst_202609211005,SEMO,demand,2026,https://reports.sem-o.com/documents/PUB_DailyLoadFcst_202609211005.xml,semo/forecast_vintages/demand/2026/09/PUB_DailyLoadFcst_202609211005.xml,Review the publisher's open-data terms and disclaimer before redistribution.,1.0,data/raw/semo/forecast_vintages/demand/2026/09/PUB_DailyLoadFcst_202609211005.xml,71441,35c1667e19ecfd76f31aa088c856e498a6e9bfa146056dc3ec5b05166d8e21e4,2026-09-23T15:18:48Z,True,2026-09-20T22:00:00+00:00,2026-09-24T21:30:00+00:00,576
semo_pub_dailyloadfcst_202609211015,SEMO,demand,2026,https://reports.sem-o.com/documents/PUB_DailyLoadFcst_202609211015.xml,semo/forecast_vintages/demand/2026/09/PUB_DailyLoadFcst_202609211015.xml,Review the publisher's open-data terms and disclaimer before redistribution.,1.0,data/raw/semo/forecast_vintages/demand/2026/09/PUB_DailyLoadFcst_202609211015.xml,71441,721940920cc3d1060a563327527b2e7f85728890a59b539b6fed7ad42b49b100,2026-09-23T15:18:48Z,True,2026-09-20T22:00:00+00:00,2026-09-24T21:30:00+00:00,576
semo_pub_dailyloadfcst_202609211020,SEMO,demand,2026,https://reports.sem-o.com/documents/PUB_DailyLoadFcst_202609211020.xml,semo/forecast_vintages/demand/2026/09/PUB_DailyLoadFcst_202609211020.xml,Review the publisher's open-data terms and disclaimer before redistribution.,1.0,data/raw/semo/forecast_vintages/demand/2026/09/PUB_DailyLoadFcst_202609211020.xml,71441,62441928aed0d1f6532ce7f02e785c32d5f654e3b6b155d0fecb8b9639d644bd,2026-09-23T15:18:50Z,True,2026-09-20T22:00:00+00:00,2026-09-24T21:30:00+00:00,576
semo_pub_dailyloadfcst_202609211030,SEMO,demand,2026,https://reports.sem-o.com/documents/PUB_DailyLoadFcst_202609211030.xml,semo/forecast_vintages/demand/2026/09/PUB_DailyLoadFcst_202609211030.xml,Review the publisher's open-data terms and disclaimer before redistribution.,1.0,data/raw/semo/forecast_vintages/demand/2026/09/PUB_DailyLoadFcst_202609211030.xml,71441,14fbe794a6c36b18346a3154a9a227688ee8a43a840521383e68aab41f5346cd,2026-09-23T15:18:50Z,True,2026-09-20T22:00:00+00:00,2026-09-24T21:30:00+00:00,576
semo_pub_dailyloadfcst_202609211035,SEMO,demand,2026,https://reports.sem-o.com/documents/PUB_DailyLoadFcst_202609211035.xml,semo/forecast_vintages/demand/2026/09/PUB_DailyLoadFcst_202609211035.xml,Review the publisher's open-data terms and disclaimer before redistribution.,1.0,data/raw/semo/forecast_vintages/demand/2026/09/PUB_DailyLoadFcst_202609211035.xml,71441,461ab38b1ab2bfd0d923eb9249dca12f21020fdbc2915065086a882fbfbcb3b1,2026-09-23T15:18:49Z,True,2026-09-20T22:00:00+00:00,2026-09-24T21:30:00+00:00,576
semo_pub_dailyloadfcst_202609211045,SEMO,demand,2026,https://reports.sem-o.com/documents/PUB_DailyLoadFcst_202609211045.xml,semo/forecast_vintages/demand/2026/09/PUB_DailyLoadFcst_202609211045.xml,Review the publisher's open-data terms and disclaimer before redistribution.,1.0,data/raw/semo/forecast_vintages/demand/2026/09/PUB_DailyLoadFcst_202609211045.xml,71441,7645576eb59f72f04804314724b3764787ce60251f1f3e8dc902800a822f9d41,2026-09-23T15:18:50Z,True,2026-09-20T22:00:00+00:00,2026-09-24T21:30:00+00:00,576
semo_pub_dailyloadfcst_202609211050,SEMO,demand,2026,https://reports.sem-o.com/documents/PUB_DailyLoadFcst_202609211050.xml,semo/forecast_vintages/demand/2026/09/PUB_DailyLoadFcst_202609211050.xml,Review the publisher's open-data terms and disclaimer before redistribution.,1.0,data/raw/semo/forecast_vintages/demand/2026/09/PUB_DailyLoadFcst_202609211050.xml,71441,848d4692f88a79b0222bed886f2caad9a50d67dd8ddb861adbd37cf33b654155,2026-09-23T15:18:50Z,True,2026-09-20T22:00:00+00:00,2026-09-24T21:30:00+00:00,576
semo_pub_dailyloadfcst_202609211100,SEMO,demand,2026,https://reports.sem-o.com/documents/PUB_DailyLoadFcst_202609211100.xml,semo/forecast_vintages/demand/2026/09/PUB_DailyLoadFcst_202609211100.xml,Review the publisher's open-data terms and disclaimer before redistribution.,1.0,data/raw/semo/forecast_vintages/demand/2026/09/PUB_DailyLoadFcst_202609211100.xml,71441,7d96422f5325324a299d3b72120a488e770665f40ff51698e98726dd48391dc3,2026-09-23T15:18:50Z,True,2026-09-20T22:00:00+00:00,2026-09-24T21:30:00+00:00,576
semo_pub_dailyloadfcst_202609211105,SEMO,demand,2026,https://reports.sem-o.com/documents/PUB_DailyLoadFcst_202609211105.xml,semo/forecast_vintages/demand/2026/09/PUB_DailyLoadFcst_202609211105.xml,Review the publisher's open-data terms and disclaimer before redistribution.,1.0,data/raw/semo/forecast_vintages/demand/2026/09/PUB_DailyLoadFcst_202609211105.xml,71447,67d2f55a5d598872199ff8e05365cda78650bb0b5ecd607972923dfea44f4420,2026-09-23T15:18:50Z,True,2026-09-20T22:00:00+00:00,2026-09-24T21:30:00+00:00,576
semo_pub_dailyloadfcst_202609211115,SEMO,demand,2026,https://reports.sem-o.com/documents/PUB_DailyLoadFcst_202609211115.xml,semo/forecast_vintages/demand/2026/09/PUB_DailyLoadFcst_202609211115.xml,Review the publisher's open-data terms and disclaimer before redistribution.,1.0,data/raw/semo/forecast_vintages/demand/2026/09/PUB_DailyLoadFcst_202609211115.xml,71447,17507cdde722388b659b21c32b878b4f2bdc6f69e34f6d27189aefc471b2df80,2026-09-23T15:18:50Z,True,2026-09-20T22:00:00+00:00,2026-09-24T21:30:00+00:00,576
semo_pub_dailyloadfcst_202609211120,SEMO,demand,2026,https://reports.sem-o.com/documents/PUB_DailyLoadFcst_202609211120.xml,semo/forecast_vintages/demand/2026/09/PUB_DailyLoadFcst_202609211120.xml,Review the publisher's open-data terms and disclaimer before redistribution.,1.0,data/raw/semo/forecast_vintages/demand/2026/09/PUB_DailyLoadFcst_202609211120.xml,71447,b0daffeb3264217410e0ccb1c2c0daacc87e9667459e6664e9d3fb533de4d8af,2026-09-23T15:18:50Z,True,2026-09-20T22:00:00+00:00,2026-09-24T21:30:00+00:00,576
semo_pub_dailyloadfcst_202609211130,SEMO,demand,2026,https://reports.sem-o.com/documents/PUB_DailyLoadFcst_202609211130.xml,semo/forecast_vintages/demand/2026/09/PUB_DailyLoadFcst_202609211130.xml,Review the publisher's open-data terms and disclaimer before redistribution.,1.0,data/raw/semo/forecast_vintages/demand/2026/09/PUB_DailyLoadFcst_202609211130.xml,71447,5b731e5889fb6e7f34cf79d159b559a4142d5c9faa9aeda53bb621fd3eec05a1,2026-09-23T15:18:50Z,True,2026-09-20T22:00:00+00:00,2026-09-24T21:30:00+00:00,576
semo_pub_dailyloadfcst_202609211135,SEMO,demand,2026,https://reports.sem-o.com/documents/PUB_DailyLoadFcst_202609211135.xml,semo/forecast_vintages/demand/2026/09/PUB_DailyLoadFcst_202609211135.xml,Review the publisher's open-data terms and disclaimer before redistribution.,1.0,data/raw/semo/forecast_vintages/demand/2026/09/PUB_DailyLoadFcst_202609211135.xml,71447,353440571df77e8854378b2cc57fbb506dc26698f75c445b6818c0b72cf2e135,2026-09-23T15:18:50Z,True,2026-09-20T22:00:00+00:00,2026-09-24T21:30:00+00:00,576
semo_pub_dailyloadfcst_202609211145,SEMO,demand,2026,https://reports.sem-o.com/documents/PUB_DailyLoadFcst_202609211145.xml,semo/forecast_vintages/demand/2026/09/PUB_DailyLoadFcst_202609211145.xml,Review the publisher's open-data terms and disclaimer before redistribution.,1.0,data/raw/semo/forecast_vintages/demand/2026/09/PUB_DailyLoadFcst_202609211145.xml,71447,22b1d3f83b03c283b901c9f211ad9dd255568f82cd5236dc70223094a6298e1a,2026-09-23T15:18:50Z,True,2026-09-20T22:00:00+00:00,2026-09-24T21:30:00+00:00,576
semo_pub_dailyloadfcst_202609211150,SEMO,demand,2026,https://reports.sem-o.com/documents/PUB_DailyLoadFcst_202609211150.xml,semo/forecast_vintages/demand/2026/09/PUB_DailyLoadFcst_202609211150.xml,Review the publisher's open-data terms and disclaimer before redistribution.,1.0,data/raw/semo/forecast_vintages/demand/2026/09/PUB_DailyLoadFcst_202609211150.xml,71447,1ed6deb41332474f8df8b8883c45179f4a754c5df882c4657913bffe7c2f94d0,2026-09-23T15:18:51Z,True,2026-09-20T22:00:00+00:00,2026-09-24T21:30:00+00:00,576
semo_pub_dailyloadfcst_202609211200,SEMO,demand,2026,https://reports.sem-o.com/documents/PUB_DailyLoadFcst_202609211200.xml,semo/forecast_vintages/demand/2026/09/PUB_DailyLoadFcst_202609211200.xml,Review the publisher's open-data terms and disclaimer before redistribution.,1.0,data/raw/semo/forecast_vintages/demand/2026/09/PUB_DailyLoadFcst_202609211200.xml,71447,57145cee95073b2dcfbebf495cae5b40c2693870324ca2e1d62bfc6d63592841,2026-09-23T15:18:51Z,True,2026-09-20T22:00:00+00:00,2026-09-24T21:30:00+00:00,576
semo_pub_dailyloadfcst_202609211205,SEMO,demand,2026,https://reports.sem-o.com/documents/PUB_DailyLoadFcst_202609211205.xml,semo/forecast_vintages/demand/2026/09/PUB_DailyLoadFcst_202609211205.xml,Review the publisher's open-data terms and disclaimer before redistribution.,1.0,data/raw/semo/forecast_vintages/demand/2026/09/PUB_DailyLoadFcst_202609211205.xml,71447,79993c930e3c34314c815a7c1d5cf10d74dc1e18c96479fce5ba85e9b5acdec4,2026-09-23T15:18:51Z,True,2026-09-20T22:00:00+00:00,2026-09-24T21:30:00+00:00,576
semo_pub_dailyloadfcst_202609211215,SEMO,demand,2026,https://reports.sem-o.com/documents/PUB_DailyLoadFcst_202609211215.xml,semo/forecast_vintages/demand/2026/09/PUB_DailyLoadFcst_202609211215.xml,Review the publisher's open-data terms and disclaimer before redistribution.,1.0,data/raw/semo/forecast_vintages/demand/2026/09/PUB_DailyLoadFcst_202609211215.xml,71447,d8378a23cf889554d1fa169784a5a72fd2262e37864ead6c1092b33ce845a0ee,2026-09-23T15:18:51Z,True,2026-09-20T22:00:00+00:00,2026-09-24T21:30:00+00:00,576
semo_pub_dailyloadfcst_202609211220,SEMO,demand,2026,https://reports.sem-o.com/documents/PUB_DailyLoadFcst_202609211220.xml,semo/forecast_vintages/demand/2026/09/PUB_DailyLoadFcst_202609211220.xml,Review the publisher's open-data terms and disclaimer before redistribution.,1.0,data/raw/semo/forecast_vintages/demand/2026/09/PUB_DailyLoadFcst_202609211220.xml,71447,c09f02f619b551b572b6581e200aab244bbe5dd314ba8646cbe708b9e9a13cf2,2026-09-23T15:18:51Z,True,2026-09-20T22:00:00+00:00,2026-09-24T21:30:00+00:00,576
semo_pub_dailyloadfcst_202609211230,SEMO,demand,2026,https://reports.sem-o.com/documents/PUB_DailyLoadFcst_202609211230.xml,semo/forecast_vintages/demand/2026/09/PUB_DailyLoadFcst_202609211230.xml,Review the publisher's open-data terms and disclaimer before redistribution.,1.0,data/raw/semo/forecast_vintages/demand/2026/09/PUB_DailyLoadFcst_202609211230.xml,71447,fe12ce2b0ebb55e88833a4678615d25a8edd52a38c2cf81bbbfec0fee3b58c07,2026-09-23T15:18:51Z,True,2026-09-20T22:00:00+00:00,2026-09-24T21:30:00+00:00,576
semo_pub_dailyloadfcst_202609211235,SEMO,demand,2026,https://reports.sem-o.com/documents/PUB_DailyLoadFcst_202609211235.xml,semo/forecast_vintages/demand/2026/09/PUB_DailyLoadFcst_202609211235.xml,Review the publisher's open-data terms and disclaimer before redistribution.,1.0,data/raw/semo/forecast_vintages/demand/2026/09/PUB_DailyLoadFcst_202609211235.xml,71447,af8c183fcbcece851578fa83b98dedbbe4f4e2f46998e2d665e4d621a3486941,2026-09-23T15:18:51Z,True,2026-09-20T22:00:00+00:00,2026-09-24T21:30:00+00:00,576
semo_pub_dailyloadfcst_202609211245,SEMO,demand,2026,https://reports.sem-o.com/documents/PUB_DailyLoadFcst_202609211245.xml,semo/forecast_vintages/demand/2026/09/PUB_DailyLoadFcst_202609211245.xml,Review the publisher's open-data terms and disclaimer before redistribution.,1.0,data/raw/semo/forecast_vintages/demand/2026/09/PUB_DailyLoadFcst_202609211245.xml,71447,63a61ab22d0aa7a9db6895ee0ffaed27436e7002ca5cec2dfa26c9c388c0a5d0,2026-09-23T15:18:51Z,True,2026-09-20T22:00:00+00:00,2026-09-24T21:30:00+00:00,576
semo_pub_dailyloadfcst_202609211250,SEMO,demand,2026,https://reports.sem-o.com/documents/PUB_DailyLoadFcst_202609211250.xml,semo/forecast_vintages/demand/2026/09/PUB_DailyLoadFcst_202609211250.xml,Review the publisher's open-data terms and disclaimer before redistribution.,1.0,data/raw/semo/forecast_vintages/demand/2026/09/PUB_DailyLoadFcst_202609211250.xml,71447,03c656a656c4f6d1647f080a3ec2e50f97bb1de9d5f2a85ba059d967dc78f96c,2026-09-23T15:18:51Z,True,2026-09-20T22:00:00+00:00,2026-09-24T21:30:00+00:00,576
semo_pub_dailyloadfcst_202609211300,SEMO,demand,2026,https://reports.sem-o.com/documents/PUB_DailyLoadFcst_202609211300.xml,semo/forecast_vintages/demand/2026/09/PUB_DailyLoadFcst_202609211300.xml,Review the publisher's open-data terms and disclaimer before redistribution.,1.0,data/raw/semo/forecast_vintages/demand/2026/09/PUB_DailyLoadFcst_202609211300.xml,71447,a6e0ea574448136d3400c94bc41b12a06587a28233c5575540831d0cf682bf12,2026-09-23T15:18:51Z,True,2026-09-20T22:00:00+00:00,2026-09-24T21:30:00+00:00,576
semo_pub_dailyloadfcst_202609211305,SEMO,demand,2026,https://reports.sem-o.com/documents/PUB_DailyLoadFcst_202609211305.xml,semo/forecast_vintages/demand/2026/09/PUB_DailyLoadFcst_202609211305.xml,Review the publisher's open-data terms and disclaimer before redistribution.,1.0,data/raw/semo/forecast_vintages/demand/2026/09/PUB_DailyLoadFcst_202609211305.xml,71447,c35874efb249a67770dca74436b2f1704d13b48cdb4e13810872e3e89695602c,2026-09-23T15:18:51Z,True,2026-09-20T22:00:00+00:00,2026-09-24T21:30:00+00:00,576
semo_pub_dailyloadfcst_202609211315,SEMO,demand,2026,https://reports.sem-o.com/documents/PUB_DailyLoadFcst_202609211315.xml,semo/forecast_vintages/demand/2026/09/PUB_DailyLoadFcst_202609211315.xml,Review the publisher's open-data terms and disclaimer before redistribution.,1.0,data/raw/semo/forecast_vintages/demand/2026/09/PUB_DailyLoadFcst_202609211315.xml,71447,87b28b35365228a8db77e20eeafa26a436a7f35748d61a63feae6458fc03bbc2,2026-09-23T15:18:51Z,True,2026-09-20T22:00:00+00:00,2026-09-24T21:30:00+00:00,576
semo_pub_dailyloadfcst_202609211320,SEMO,demand,2026,https://reports.sem-o.com/documents/PUB_DailyLoadFcst_202609211320.xml,semo/forecast_vintages/demand/2026/09/PUB_DailyLoadFcst_202609211320.xml,Review the publisher's open-data terms and disclaimer before redistribution.,1.0,data/raw/semo/forecast_vintages/demand/2026/09/PUB_DailyLoadFcst_202609211320.xml,71447,305931f52aa21fcb8113ff9cb5540e70c4e7a0bdf1015138f08c2242d382dfc2,2026-09-23T15:18:53Z,True,2026-09-20T22:00:00+00:00,2026-09-24T21:30:00+00:00,576
semo_pub_dailyloadfcst_202609211330,SEMO,demand,2026,https://reports.sem-o.com/documents/PUB_DailyLoadFcst_202609211330.xml,semo/forecast_vintages/demand/2026/09/PUB_DailyLoadFcst_202609211330.xml,Review the publisher's open-data terms and disclaimer before redistribution.,1.0,data/raw/semo/forecast_vintages/demand/2026/09/PUB_DailyLoadFcst_202609211330.xml,71447,b41fff773ab5e45adcd5c068ee84d7baf3f16e838777a274fb164a08a8b74a18,2026-09-23T15:18:53Z,True,2026-09-20T22:00:00+00:00,2026-09-24T21:30:00+00:00,576
semo_pub_dailyloadfcst_202609211335,SEMO,demand,2026,https://reports.sem-o.com/documents/PUB_DailyLoadFcst_202609211335.xml,semo/forecast_vintages/demand/2026/09/PUB_DailyLoadFcst_202609211335.xml,Review the publisher's open-data terms and disclaimer before redistribution.,1.0,data/raw/semo/forecast_vintages/demand/2026/09/PUB_DailyLoadFcst_202609211335.xml,71447,d79328d402fcb1f19c241fd33c0af89e00f5b453aaedd7591d2227e8e0b77e79,2026-09-23T15:18:54Z,True,2026-09-20T22:00:00+00:00,2026-09-24T21:30:00+00:00,576
semo_pub_dailyloadfcst_202609211345,SEMO,demand,2026,https://reports.sem-o.com/documents/PUB_DailyLoadFcst_202609211345.xml,semo/forecast_vintages/demand/2026/09/PUB_DailyLoadFcst_202609211345.xml,Review the publisher's open-data terms and disclaimer before redistribution.,1.0,data/raw/semo/forecast_vintages/demand/2026/09/PUB_DailyLoadFcst_202609211345.xml,71447,975ebf9ab8c38f58401f2c2700c9c4cd9c3f21259669d5aaa013482f3ee7ef9c,2026-09-23T15:18:54Z,True,2026-09-20T22:00:00+00:00,2026-09-24T21:30:00+00:00,576
semo_pub_dailyloadfcst_202609211350,SEMO,demand,2026,https://reports.sem-o.com/documents/PUB_DailyLoadFcst_202609211350.xml,semo/forecast_vintages/demand/2026/09/PUB_DailyLoadFcst_202609211350.xml,Review the publisher's open-data terms and disclaimer before redistribution.,1.0,data/raw/semo/forecast_vintages/demand/2026/09/PUB_DailyLoadFcst_202609211350.xml,71447,b009e164375f97f705eb1f8a9bf8808f650fed05e92783974c1c566e3b0b4061,2026-09-23T15:18:54Z,True,2026-09-20T22:00:00+00:00,2026-09-24T21:30:00+00:00,576
semo_pub_dailyloadfcst_202609211400,SEMO,demand,2026,https://reports.sem-o.com/documents/PUB_DailyLoadFcst_202609211400.xml,semo/forecast_vintages/demand/2026/09/PUB_DailyLoadFcst_202609211400.xml,Review the publisher's open-data terms and disclaimer before redistribution.,1.0,data/raw/semo/forecast_vintages/demand/2026/09/PUB_DailyLoadFcst_202609211400.xml,71447,5cbde2c337d3d97a0bf6302b859259b0080744423a18be78248fadb7344e3de8,2026-09-23T15:18:54Z,True,2026-09-20T22:00:00+00:00,2026-09-24T21:30:00+00:00,576
semo_pub_dailyloadfcst_202609211405,SEMO,demand,2026,https://reports.sem-o.com/documents/PUB_DailyLoadFcst_202609211405.xml,semo/forecast_vintages/demand/2026/09/PUB_DailyLoadFcst_202609211405.xml,Review the publisher's open-data terms and disclaimer before redistribution.,1.0,data/raw/semo/forecast_vintages/demand/2026/09/PUB_DailyLoadFcst_202609211405.xml,71447,ccd384b354d08fe0d8acb698541b4e31be2b741c3093fe7c60e4b0898c7d74b7,2026-09-23T15:18:54Z,True,2026-09-20T22:00:00+00:00,2026-09-24T21:30:00+00:00,576
semo_pub_dailyloadfcst_202609211415,SEMO,demand,2026,https://reports.sem-o.com/documents/PUB_DailyLoadFcst_202609211415.xml,semo/forecast_vintages/demand/2026/09/PUB_DailyLoadFcst_202609211415.xml,Review the publisher's open-data terms and disclaimer before redistribution.,1.0,data/raw/semo/forecast_vintages/demand/2026/09/PUB_DailyLoadFcst_202609211415.xml,71447,50c6dcfd326cae42e2c5a30e40e75f17c5f3509ada0f4317bce0b400b935e453,2026-09-23T15:18:54Z,True,2026-09-20T22:00:00+00:00,2026-09-24T21:30:00+00:00,576
semo_pub_dailyloadfcst_202609211420,SEMO,demand,2026,https://reports.sem-o.com/documents/PUB_DailyLoadFcst_202609211420.xml,semo/forecast_vintages/demand/2026/09/PUB_DailyLoadFcst_202609211420.xml,Review the publisher's open-data terms and disclaimer before redistribution.,1.0,data/raw/semo/forecast_vintages/demand/2026/09/PUB_DailyLoadFcst_202609211420.xml,71447,e8ea62a95f612fbdb2c80bf5afef8ee4e7e7c6c0db3b7d47bfc05c6d3cf2f99c,2026-09-23T15:18:54Z,True,2026-09-20T22:00:00+00:00,2026-09-24T21:30:00+00:00,576
semo_pub_dailyloadfcst_202609211430,SEMO,demand,2026,https://reports.sem-o.com/documents/PUB_DailyLoadFcst_202609211430.xml,semo/forecast_vintages/demand/2026/09/PUB_DailyLoadFcst_202609211430.xml,Review the publisher's open-data terms and disclaimer before redistribution.,1.0,data/raw/semo/forecast_vintages/demand/2026/09/PUB_DailyLoadFcst_202609211430.xml,71447,edd88cd1261a89cc22e75ce6ad67d2f7e0ec4a12cbe51eee1c476e18a0d5a970,2026-09-23T15:18:54Z,True,2026-09-20T22:00:00+00:00,2026-09-24T21:30:00+00:00,576
semo_pub_dailyloadfcst_202609211435,SEMO,demand,2026,https://reports.sem-o.com/documents/PUB_DailyLoadFcst_202609211435.xml,semo/forecast_vintages/demand/2026/09/PUB_DailyLoadFcst_202609211435.xml,Review the publisher's open-data terms and disclaimer before redistribution.,1.0,data/raw/semo/forecast_vintages/demand/2026/09/PUB_DailyLoadFcst_202609211435.xml,71447,813b2d4915e88bb887074930803a6b8f423604702944653383360a329eeb5594,2026-09-23T15:18:54Z,True,2026-09-20T22:00:00+00:00,2026-09-24T21:30:00+00:00,576
semo_pub_dailyloadfcst_202609211445,SEMO,demand,2026,https://reports.sem-o.com/documents/PUB_DailyLoadFcst_202609211445.xml,semo/forecast_vintages/demand/2026/09/PUB_DailyLoadFcst_202609211445.xml,Review the publisher's open-data terms and disclaimer before redistribution.,1.0,data/raw/semo/forecast_vintages/demand/2026/09/PUB_DailyLoadFcst_202609211445.xml,71447,7117590ba1cf4878c1f3547f6ae4b06a12af62c5e609d1a349b08509b747f785,2026-09-23T15:18:54Z,True,2026-09-20T22:00:00+00:00,2026-09-24T21:30:00+00:00,576
semo_pub_dailyloadfcst_202609211450,SEMO,demand,2026,https://reports.sem-o.com/documents/PUB_DailyLoadFcst_202609211450.xml,semo/forecast_vintages/demand/2026/09/PUB_DailyLoadFcst_202609211450.xml,Review the publisher's open-data terms and disclaimer before redistribution.,1.0,data/raw/semo/forecast_vintages/demand/2026/09/PUB_DailyLoadFcst_202609211450.xml,71447,08a035da931bbba41068440f25bf462d01d7e65e8e2cb963ff59c0733674f795,2026-09-23T15:18:55Z,True,2026-09-20T22:00:00+00:00,2026-09-24T21:30:00+00:00,576
semo_pub_dailyloadfcst_202609211500,SEMO,demand,2026,https://reports.sem-o.com/documents/PUB_DailyLoadFcst_202609211500.xml,semo/forecast_vintages/demand/2026/09/PUB_DailyLoadFcst_202609211500.xml,Review the publisher's open-data terms and disclaimer before redistribution.,1.0,data/raw/semo/forecast_vintages/demand/2026/09/PUB_DailyLoadFcst_202609211500.xml,71447,c21871fb7ab4869f88efe3b391372a0003a7e42b3f53c92fd126ce63195566aa,2026-09-23T15:18:55Z,True,2026-09-20T22:00:00+00:00,2026-09-24T21:30:00+00:00,576
semo_pub_dailyloadfcst_202609211505,SEMO,demand,2026,https://reports.sem-o.com/documents/PUB_DailyLoadFcst_202609211505.xml,semo/forecast_vintages/demand/2026/09/PUB_DailyLoadFcst_202609211505.xml,Review the publisher's open-data terms and disclaimer before redistribution.,1.0,data/raw/semo/forecast_vintages/demand/2026/09/PUB_DailyLoadFcst_202609211505.xml,71447,13b92013baa77e94089afefaafb071ca2097b84d029f0b4192d18e83217530f6,2026-09-23T15:18:55Z,True,2026-09-20T22:00:00+00:00,2026-09-24T21:30:00+00:00,576
semo_pub_dailyloadfcst_202609211515,SEMO,demand,2026,https://reports.sem-o.com/documents/PUB_DailyLoadFcst_202609211515.xml,semo/forecast_vintages/demand/2026/09/PUB_DailyLoadFcst_202609211515.xml,Review the publisher's open-data terms and disclaimer before redistribution.,1.0,data/raw/semo/forecast_vintages/demand/2026/09/PUB_DailyLoadFcst_202609211515.xml,71447,8b3436cc56b00c6ecc5a32260ad0b223bbcb3a56d5a79ff1d0b59a0318834ab6,2026-09-23T15:18:55Z,True,2026-09-20T22:00:00+00:00,2026-09-24T21:30:00+00:00,576
semo_pub_dailyloadfcst_202609211520,SEMO,demand,2026,https://reports.sem-o.com/documents/PUB_DailyLoadFcst_202609211520.xml,semo/forecast_vintages/demand/2026/09/PUB_DailyLoadFcst_202609211520.xml,Review the publisher's open-data terms and disclaimer before redistribution.,1.0,data/raw/semo/forecast_vintages/demand/2026/09/PUB_DailyLoadFcst_202609211520.xml,71447,0b2bc791daa42ebaf532c396ef26f26f7a2de7756b22bcac7ec92cb4f532a54c,2026-09-23T15:18:55Z,True,2026-09-20T22:00:00+00:00,2026-09-24T21:30:00+00:00,576
semo_pub_dailyloadfcst_202609211530,SEMO,demand,2026,https://reports.sem-o.com/documents/PUB_DailyLoadFcst_202609211530.xml,semo/forecast_vintages/demand/2026/09/PUB_DailyLoadFcst_202609211530.xml,Review the publisher's open-data terms and disclaimer before redistribution.,1.0,data/raw/semo/forecast_vintages/demand/2026/09/PUB_DailyLoadFcst_202609211530.xml,71447,729eba00921925f9e17e15a6b0538f6fd037697aa72e52a1b70782a0d4619d48,2026-09-23T15:18:56Z,True,2026-09-20T22:00:00+00:00,2026-09-24T21:30:00+00:00,576
semo_pub_dailyloadfcst_202609211535,SEMO,demand,2026,https://reports.sem-o.com/documents/PUB_DailyLoadFcst_202609211535.xml,semo/forecast_vintages/demand/2026/09/PUB_DailyLoadFcst_202609211535.xml,Review the publisher's open-data terms and disclaimer before redistribution.,1.0,data/raw/semo/forecast_vintages/demand/2026/09/PUB_DailyLoadFcst_202609211535.xml,71447,7791b5044850292d2b816e4f02e7c7aed476be8605bbfc0bea3a7e2d889acc72,2026-09-23T15:18:55Z,True,2026-09-20T22:00:00+00:00,2026-09-24T21:30:00+00:00,576
semo_pub_dailyloadfcst_202609211545,SEMO,demand,2026,https://reports.sem-o.com/documents/PUB_DailyLoadFcst_202609211545.xml,semo/forecast_vintages/demand/2026/09/PUB_DailyLoadFcst_202609211545.xml,Review the publisher's open-data terms and disclaimer before redistribution.,1.0,data/raw/semo/forecast_vintages/demand/2026/09/PUB_DailyLoadFcst_202609211545.xml,71447,c0be3ba74ef5b0aa8c9ce2bda1781be37e406d195bd746c198924acacd22b275,2026-09-23T15:18:56Z,True,2026-09-20T22:00:00+00:00,2026-09-24T21:30:00+00:00,576
semo_pub_dailyloadfcst_202609211550,SEMO,demand,2026,https://reports.sem-o.com/documents/PUB_DailyLoadFcst_202609211550.xml,semo/forecast_vintages/demand/2026/09/PUB_DailyLoadFcst_202609211550.xml,Review the publisher's open-data terms and disclaimer before redistribution.,1.0,data/raw/semo/forecast_vintages/demand/2026/09/PUB_DailyLoadFcst_202609211550.xml,71447,bf847d4fbac19d10d95be744787280f3a6ceb337501f182563bb8230cd74301c,2026-09-23T15:18:55Z,True,2026-09-20T22:00:00+00:00,2026-09-24T21:30:00+00:00,576
semo_pub_dailyloadfcst_202609211600,SEMO,demand,2026,https://reports.sem-o.com/documents/PUB_DailyLoadFcst_202609211600.xml,semo/forecast_vintages/demand/2026/09/PUB_DailyLoadFcst_202609211600.xml,Review the publisher's open-data terms and disclaimer before redistribution.,1.0,data/raw/semo/forecast_vintages/demand/2026/09/PUB_DailyLoadFcst_202609211600.xml,71447,8db077462cf3434ea93b6bfe8edbb0dc9b9f59234f04ade79b1a6491e6535afd,2026-09-23T15:18:56Z,True,2026-09-20T22:00:00+00:00,2026-09-24T21:30:00+00:00,576
semo_pub_dailyloadfcst_202609211605,SEMO,demand,2026,https://reports.sem-o.com/documents/PUB_DailyLoadFcst_202609211605.xml,semo/forecast_vintages/demand/2026/09/PUB_DailyLoadFcst_202609211605.xml,Review the publisher's open-data terms and disclaimer before redistribution.,1.0,data/raw/semo/forecast_vintages/demand/2026/09/PUB_DailyLoadFcst_202609211605.xml,71447,744ec556092a2b7d7bbf0b99b02b51167f52d3b6bc7b7c16e92ec1c47f3e008a,2026-09-23T15:18:56Z,True,2026-09-20T22:00:00+00:00,2026-09-24T21:30:00+00:00,576
semo_pub_dailyloadfcst_202609211615,SEMO,demand,2026,https://reports.sem-o.com/documents/PUB_DailyLoadFcst_202609211615.xml,semo/forecast_vintages/demand/2026/09/PUB_DailyLoadFcst_202609211615.xml,Review the publisher's open-data terms and disclaimer before redistribution.,1.0,data/raw/semo/forecast_vintages/demand/2026/09/PUB_DailyLoadFcst_202609211615.xml,71447,fd55e805c0d1b273c1c69015bb7c8a55cb3050c0b7b2c4ce46f248da1517b9fa,2026-09-23T15:18:56Z,True,2026-09-20T22:00:00+00:00,2026-09-24T21:30:00+00:00,576
semo_pub_dailyloadfcst_202609211620,SEMO,demand,2026,https://reports.sem-o.com/documents/PUB_DailyLoadFcst_202609211620.xml,semo/forecast_vintages/demand/2026/09/PUB_DailyLoadFcst_202609211620.xml,Review the publisher's open-data terms and disclaimer before redistribution.,1.0,data/raw/semo/forecast_vintages/demand/2026/09/PUB_DailyLoadFcst_202609211620.xml,71447,2b7cf8fbb76b707bed6f1c2db83bc0c79b7dd8c2e9050233b04fc3c545eb2311,2026-09-23T15:18:57Z,True,2026-09-20T22:00:00+00:00,2026-09-24T21:30:00+00:00,576
semo_pub_dailyloadfcst_202609211630,SEMO,demand,2026,https://reports.sem-o.com/documents/PUB_DailyLoadFcst_202609211630.xml,semo/forecast_vintages/demand/2026/09/PUB_DailyLoadFcst_202609211630.xml,Review the publisher's open-data terms and disclaimer before redistribution.,1.0,data/raw/semo/forecast_vintages/demand/2026/09/PUB_DailyLoadFcst_202609211630.xml,71447,9ab81d1a07fea7315d63feb4aaae5ce51813f59bb118dc62a966139984d043e2,2026-09-23T15:18:57Z,True,2026-09-20T22:00:00+00:00,2026-09-24T21:30:00+00:00,576
semo_pub_dailyloadfcst_202609211635,SEMO,demand,2026,https://reports.sem-o.com/documents/PUB_DailyLoadFcst_202609211635.xml,semo/forecast_vintages/demand/2026/09/PUB_DailyLoadFcst_202609211635.xml,Review the publisher's open-data terms and disclaimer before redistribution.,1.0,data/raw/semo/forecast_vintages/demand/2026/09/PUB_DailyLoadFcst_202609211635.xml,71447,c06e4ddc9caa226a29587deb0d54b5d829264de0f5d9e37a30040250737c0285,2026-09-23T15:18:57Z,True,2026-09-20T22:00:00+00:00,2026-09-24T21:30:00+00:00,576
semo_pub_dailyloadfcst_202609211645,SEMO,demand,2026,https://reports.sem-o.com/documents/PUB_DailyLoadFcst_202609211645.xml,semo/forecast_vintages/demand/2026/09/PUB_DailyLoadFcst_202609211645.xml,Review the publisher's open-data terms and disclaimer before redistribution.,1.0,data/raw/semo/forecast_vintages/demand/2026/09/PUB_DailyLoadFcst_202609211645.xml,71447,9729d7b8b99fec93fccfb20d3043edf825c8bba875b4c96dc8f837c69aee2f2f,2026-09-23T15:18:57Z,True,2026-09-20T22:00:00+00:00,2026-09-24T21:30:00+00:00,576
semo_pub_dailyloadfcst_202609211650,SEMO,demand,2026,https://reports.sem-o.com/documents/PUB_DailyLoadFcst_202609211650.xml,semo/forecast_vintages/demand/2026/09/PUB_DailyLoadFcst_202609211650.xml,Review the publisher's open-data terms and disclaimer before redistribution.,1.0,data/raw/semo/forecast_vintages/demand/2026/09/PUB_DailyLoadFcst_202609211650.xml,71447,d55f0e4169e452a368526e92c4a58e2f61ec1b69bce9753d3d9e0dbfb7172365,2026-09-23T15:18:57Z,True,2026-09-20T22:00:00+00:00,2026-09-24T21:30:00+00:00,576
semo_pub_dailyloadfcst_202609211700,SEMO,demand,2026,https://reports.sem-o.com/documents/PUB_DailyLoadFcst_202609211700.xml,semo/forecast_vintages/demand/2026/09/PUB_DailyLoadFcst_202609211700.xml,Review the publisher's open-data terms and disclaimer before redistribution.,1.0,data/raw/semo/forecast_vintages/demand/2026/09/PUB_DailyLoadFcst_202609211700.xml,71447,f3d82409c8e8182d2f659bb075dfb4ca8629a1af200ddd93df3062b11bfe6b19,2026-09-23T15:18:57Z,True,2026-09-20T22:00:00+00:00,2026-09-24T21:30:00+00:00,576
semo_pub_dailyloadfcst_202609211705,SEMO,demand,2026,https://reports.sem-o.com/documents/PUB_DailyLoadFcst_202609211705.xml,semo/forecast_vintages/demand/2026/09/PUB_DailyLoadFcst_202609211705.xml,Review the publisher's open-data terms and disclaimer before redistribution.,1.0,data/raw/semo/forecast_vintages/demand/2026/09/PUB_DailyLoadFcst_202609211705.xml,71447,7aad40fcccdd2514f70b179f42d5f217e15b68855300fdc8412c266bb32d3bce,2026-09-23T15:18:57Z,True,2026-09-20T22:00:00+00:00,2026-09-24T21:30:00+00:00,576
semo_pub_dailyloadfcst_202609211715,SEMO,demand,2026,https://reports.sem-o.com/documents/PUB_DailyLoadFcst_202609211715.xml,semo/forecast_vintages/demand/2026/09/PUB_DailyLoadFcst_202609211715.xml,Review the publisher's open-data terms and disclaimer before redistribution.,1.0,data/raw/semo/forecast_vintages/demand/2026/09/PUB_DailyLoadFcst_202609211715.xml,71447,aebd5c148f9c970bd585206931b432b6f20df6227d8da4cf270bff79479f6ee5,2026-09-23T15:18:57Z,True,2026-09-20T22:00:00+00:00,2026-09-24T21:30:00+00:00,576
semo_pub_dailyloadfcst_202609211720,SEMO,demand,2026,https://reports.sem-o.com/documents/PUB_DailyLoadFcst_202609211720.xml,semo/forecast_vintages/demand/2026/09/PUB_DailyLoadFcst_202609211720.xml,Review the publisher's open-data terms and disclaimer before redistribution.,1.0,data/raw/semo/forecast_vintages/demand/2026/09/PUB_DailyLoadFcst_202609211720.xml,71447,29ef54073d41c1e9068ae36ee903a8a25bb5d9267ae7c420d538b995e8e9a042,2026-09-23T15:18:57Z,True,2026-09-20T22:00:00+00:00,2026-09-24T21:30:00+00:00,576
semo_pub_dailyloadfcst_202609211730,SEMO,demand,2026,https://reports.sem-o.com/documents/PUB_DailyLoadFcst_202609211730.xml,semo/forecast_vintages/demand/2026/09/PUB_DailyLoadFcst_202609211730.xml,Review the publisher's open-data terms and disclaimer before redistribution.,1.0,data/raw/semo/forecast_vintages/demand/2026/09/PUB_DailyLoadFcst_202609211730.xml,71447,07ff981139b6d1c1c6971e4195858205f0e8c41365dbbdf27e073410428a114b,2026-09-23T15:18:57Z,True,2026-09-20T22:00:00+00:00,2026-09-24T21:30:00+00:00,576
semo_pub_dailyloadfcst_202609211735,SEMO,demand,2026,https://reports.sem-o.com/documents/PUB_DailyLoadFcst_202609211735.xml,semo/forecast_vintages/demand/2026/09/PUB_DailyLoadFcst_202609211735.xml,Review the publisher's open-data terms and disclaimer before redistribution.,1.0,data/raw/semo/forecast_vintages/demand/2026/09/PUB_DailyLoadFcst_202609211735.xml,71447,00d8209e49058e3fb23e0be489c9df39f73b924d7bd86f8114f8a2c225e800f0,2026-09-23T15:18:57Z,True,2026-09-20T22:00:00+00:00,2026-09-24T21:30:00+00:00,576
semo_pub_dailyloadfcst_202609211745,SEMO,demand,2026,https://reports.sem-o.com/documents/PUB_DailyLoadFcst_202609211745.xml,semo/forecast_vintages/demand/2026/09/PUB_DailyLoadFcst_202609211745.xml,Review the publisher's open-data terms and disclaimer before redistribution.,1.0,data/raw/semo/forecast_vintages/demand/2026/09/PUB_DailyLoadFcst_202609211745.xml,71447,1ac844e51826cfdf592e59c33809f919c22b9d3e19fa000d99eb40ff4faf5772,2026-09-23T15:18:57Z,True,2026-09-20T22:00:00+00:00,2026-09-24T21:30:00+00:00,576
semo_pub_dailyloadfcst_202609211750,SEMO,demand,2026,https://reports.sem-o.com/documents/PUB_DailyLoadFcst_202609211750.xml,semo/forecast_vintages/demand/2026/09/PUB_DailyLoadFcst_202609211750.xml,Review the publisher's open-data terms and disclaimer before redistribution.,1.0,data/raw/semo/forecast_vintages/demand/2026/09/PUB_DailyLoadFcst_202609211750.xml,71447,011146ea894708ecdc843c1e0de14b9e2e7e461fd2722fb277877e416211b1a4,2026-09-23T15:18:59Z,True,2026-09-20T22:00:00+00:00,2026-09-24T21:30:00+00:00,576
semo_pub_dailyloadfcst_202609211800,SEMO,demand,2026,https://reports.sem-o.com/documents/PUB_DailyLoadFcst_202609211800.xml,semo/forecast_vintages/demand/2026/09/PUB_DailyLoadFcst_202609211800.xml,Review the publisher's open-data terms and disclaimer before redistribution.,1.0,data/raw/semo/forecast_vintages/demand/2026/09/PUB_DailyLoadFcst_202609211800.xml,71447,eac1fe227db2238a1ce43bcb4075e1cf5653d985d39bab9a737974b5091c4a32,2026-09-23T15:18:59Z,True,2026-09-20T22:00:00+00:00,2026-09-24T21:30:00+00:00,576
semo_pub_dailyloadfcst_202609211805,SEMO,demand,2026,https://reports.sem-o.com/documents/PUB_DailyLoadFcst_202609211805.xml,semo/forecast_vintages/demand/2026/09/PUB_DailyLoadFcst_202609211805.xml,Review the publisher's open-data terms and disclaimer before redistribution.,1.0,data/raw/semo/forecast_vintages/demand/2026/09/PUB_DailyLoadFcst_202609211805.xml,71447,fbe4f285b497f6886a69cb476c24cdf8850f738e68a8b9f160857b4fa178057a,2026-09-23T15:18:59Z,True,2026-09-20T22:00:00+00:00,2026-09-24T21:30:00+00:00,576
semo_pub_dailyloadfcst_202609211815,SEMO,demand,2026,https://reports.sem-o.com/documents/PUB_DailyLoadFcst_202609211815.xml,semo/forecast_vintages/demand/2026/09/PUB_DailyLoadFcst_202609211815.xml,Review the publisher's open-data terms and disclaimer before redistribution.,1.0,data/raw/semo/forecast_vintages/demand/2026/09/PUB_DailyLoadFcst_202609211815.xml,71447,b35d73d9f0b7f7f65b60cd9111f0f57e01ca86cc64dc5def660078ea901d3ddb,2026-09-23T15:18:59Z,True,2026-09-20T22:00:00+00:00,2026-09-24T21:30:00+00:00,576
semo_pub_dailyloadfcst_202609211820,SEMO,demand,2026,https://reports.sem-o.com/documents/PUB_DailyLoadFcst_202609211820.xml,semo/forecast_vintages/demand/2026/09/PUB_DailyLoadFcst_202609211820.xml,Review the publisher's open-data terms and disclaimer before redistribution.,1.0,data/raw/semo/forecast_vintages/demand/2026/09/PUB_DailyLoadFcst_202609211820.xml,71447,7180c538e9370ef467766f0d00b024e863272733b11e60f90a164e61b62ef8e3,2026-09-23T15:18:59Z,True,2026-09-20T22:00:00+00:00,2026-09-24T21:30:00+00:00,576
semo_pub_dailyloadfcst_202609211830,SEMO,demand,2026,https://reports.sem-o.com/documents/PUB_DailyLoadFcst_202609211830.xml,semo/forecast_vintages/demand/2026/09/PUB_DailyLoadFcst_202609211830.xml,Review the publisher's open-data terms and disclaimer before redistribution.,1.0,data/raw/semo/forecast_vintages/demand/2026/09/PUB_DailyLoadFcst_202609211830.xml,71447,e856f423427f01dae94e7afd2e1f2fb1f805110e1f876bf7865340ada7358fd9,2026-09-23T15:18:59Z,True,2026-09-20T22:00:00+00:00,2026-09-24T21:30:00+00:00,576
semo_pub_dailyloadfcst_202609211835,SEMO,demand,2026,https://reports.sem-o.com/documents/PUB_DailyLoadFcst_202609211835.xml,semo/forecast_vintages/demand/2026/09/PUB_DailyLoadFcst_202609211835.xml,Review the publisher's open-data terms and disclaimer before redistribution.,1.0,data/raw/semo/forecast_vintages/demand/2026/09/PUB_DailyLoadFcst_202609211835.xml,71447,172c7ad181f23342782835d4af4851b55f99084c11c11a607a569f723f540a6f,2026-09-23T15:18:59Z,True,2026-09-20T22:00:00+00:00,2026-09-24T21:30:00+00:00,576
semo_pub_dailyloadfcst_202609211845,SEMO,demand,2026,https://reports.sem-o.com/documents/PUB_DailyLoadFcst_202609211845.xml,semo/forecast_vintages/demand/2026/09/PUB_DailyLoadFcst_202609211845.xml,Review the publisher's open-data terms and disclaimer before redistribution.,1.0,data/raw/semo/forecast_vintages/demand/2026/09/PUB_DailyLoadFcst_202609211845.xml,71447,043499f9af5a3fc2b86dc38c1670d32c00b404bd9c247e8f3f5d2cd3caf61c02,2026-09-23T15:18:59Z,True,2026-09-20T22:00:00+00:00,2026-09-24T21:30:00+00:00,576
semo_pub_dailyloadfcst_202609211850,SEMO,demand,2026,https://reports.sem-o.com/documents/PUB_DailyLoadFcst_202609211850.xml,semo/forecast_vintages/demand/2026/09/PUB_DailyLoadFcst_202609211850.xml,Review the publisher's open-data terms and disclaimer before redistribution.,1.0,data/raw/semo/forecast_vintages/demand/2026/09/PUB_DailyLoadFcst_202609211850.xml,71447,1c7a1853880427a4975329c1cc8642ca54bc017fe934a6d5c11ae562c03c13b6,2026-09-23T15:18:59Z,True,2026-09-20T22:00:00+00:00,2026-09-24T21:30:00+00:00,576
semo_pub_dailyloadfcst_202609211900,SEMO,demand,2026,https://reports.sem-o.com/documents/PUB_DailyLoadFcst_202609211900.xml,semo/forecast_vintages/demand/2026/09/PUB_DailyLoadFcst_202609211900.xml,Review the publisher's open-data terms and disclaimer before redistribution.,1.0,data/raw/semo/forecast_vintages/demand/2026/09/PUB_DailyLoadFcst_202609211900.xml,71447,15dcc08c1765458864af3abf4d494ee927a26d6b026cb1c53399cc95fa678de4,2026-09-23T15:18:59Z,True,2026-09-20T22:00:00+00:00,2026-09-24T21:30:00+00:00,576
semo_pub_dailyloadfcst_202609211905,SEMO,demand,2026,https://reports.sem-o.com/documents/PUB_DailyLoadFcst_202609211905.xml,semo/forecast_vintages/demand/2026/09/PUB_DailyLoadFcst_202609211905.xml,Review the publisher's open-data terms and disclaimer before redistribution.,1.0,data/raw/semo/forecast_vintages/demand/2026/09/PUB_DailyLoadFcst_202609211905.xml,71447,c7b2104f6ec8e37c6b0c3f22163ac8cb6783b81aa329f136d6d17d56a22dd2a1,2026-09-23T15:18:59Z,True,2026-09-20T22:00:00+00:00,2026-09-24T21:30:00+00:00,576
semo_pub_dailyloadfcst_202609211915,SEMO,demand,2026,https://reports.sem-o.com/documents/PUB_DailyLoadFcst_202609211915.xml,semo/forecast_vintages/demand/2026/09/PUB_DailyLoadFcst_202609211915.xml,Review the publisher's open-data terms and disclaimer before redistribution.,1.0,data/raw/semo/forecast_vintages/demand/2026/09/PUB_DailyLoadFcst_202609211915.xml,71447,e70a8e6f59fb3684a5978bc7ad9237b6a1f050824f361bac797a5bb5e0a7f2c2,2026-09-23T15:18:59Z,True,2026-09-20T22:00:00+00:00,2026-09-24T21:30:00+00:00,576
semo_pub_dailyloadfcst_202609211920,SEMO,demand,2026,https://reports.sem-o.com/documents/PUB_DailyLoadFcst_202609211920.xml,semo/forecast_vintages/demand/2026/09/PUB_DailyLoadFcst_202609211920.xml,Review the publisher's open-data terms and disclaimer before redistribution.,1.0,data/raw/semo/forecast_vintages/demand/2026/09/PUB_DailyLoadFcst_202609211920.xml,71447,4321148f9539ea413913532cddb73c7324e0e6dcba73cc4dc0f27805177305bd,2026-09-23T15:19:00Z,True,2026-09-20T22:00:00+00:00,2026-09-24T21:30:00+00:00,576
semo_pub_dailyloadfcst_202609211930,SEMO,demand,2026,https://reports.sem-o.com/documents/PUB_DailyLoadFcst_202609211930.xml,semo/forecast_vintages/demand/2026/09/PUB_DailyLoadFcst_202609211930.xml,Review the publisher's open-data terms and disclaimer before redistribution.,1.0,data/raw/semo/forecast_vintages/demand/2026/09/PUB_DailyLoadFcst_202609211930.xml,71447,6f25a16635210174dc02d5b441e2b2fe0e5907798415064724a7fc7a20bb89a6,2026-09-23T15:19:00Z,True,2026-09-20T22:00:00+00:00,2026-09-24T21:30:00+00:00,576
semo_pub_dailyloadfcst_202609211935,SEMO,demand,2026,https://reports.sem-o.com/documents/PUB_DailyLoadFcst_202609211935.xml,semo/forecast_vintages/demand/2026/09/PUB_DailyLoadFcst_202609211935.xml,Review the publisher's open-data terms and disclaimer before redistribution.,1.0,data/raw/semo/forecast_vintages/demand/2026/09/PUB_DailyLoadFcst_202609211935.xml,71447,e931ba520a708d7c542cdc6ca4acffebfa9d20543361fb9c4950c06767709112,2026-09-23T15:19:01Z,True,2026-09-20T22:00:00+00:00,2026-09-24T21:30:00+00:00,576
semo_pub_dailyloadfcst_202609211945,SEMO,demand,2026,https://reports.sem-o.com/documents/PUB_DailyLoadFcst_202609211945.xml,semo/forecast_vintages/demand/2026/09/PUB_DailyLoadFcst_202609211945.xml,Review the publisher's open-data terms and disclaimer before redistribution.,1.0,data/raw/semo/forecast_vintages/demand/2026/09/PUB_DailyLoadFcst_202609211945.xml,71447,4f090fde3860174a9757c0418fd1b84a0ed5ae601f020ba0ae1c61eed9ca28c2,2026-09-23T15:19:00Z,True,2026-09-20T22:00:00+00:00,2026-09-24T21:30:00+00:00,576
semo_pub_dailyloadfcst_202609211950,SEMO,demand,2026,https://reports.sem-o.com/documents/PUB_DailyLoadFcst_202609211950.xml,semo/forecast_vintages/demand/2026/09/PUB_DailyLoadFcst_202609211950.xml,Review the publisher's open-data terms and disclaimer before redistribution.,1.0,data/raw/semo/forecast_vintages/demand/2026/09/PUB_DailyLoadFcst_202609211950.xml,71447,b24de58b3401e77558ebfb4afe026453a743bbaed10d0a9084d2efbc9681d00d,2026-09-23T15:19:00Z,True,2026-09-20T22:00:00+00:00,2026-09-24T21:30:00+00:00,576
semo_pub_dailyloadfcst_202609212000,SEMO,demand,2026,https://reports.sem-o.com/documents/PUB_DailyLoadFcst_202609212000.xml,semo/forecast_vintages/demand/2026/09/PUB_DailyLoadFcst_202609212000.xml,Review the publisher's open-data terms and disclaimer before redistribution.,1.0,data/raw/semo/forecast_vintages/demand/2026/09/PUB_DailyLoadFcst_202609212000.xml,71447,5d9923eec86b69eeb2322cfe382675a5a3af1e8c6f857704b47813d4000e14c1,2026-09-23T15:19:01Z,True,2026-09-20T22:00:00+00:00,2026-09-24T21:30:00+00:00,576
semo_pub_dailyloadfcst_202609212005,SEMO,demand,2026,https://reports.sem-o.com/documents/PUB_DailyLoadFcst_202609212005.xml,semo/forecast_vintages/demand/2026/09/PUB_DailyLoadFcst_202609212005.xml,Review the publisher's open-data terms and disclaimer before redistribution.,1.0,data/raw/semo/forecast_vintages/demand/2026/09/PUB_DailyLoadFcst_202609212005.xml,71447,15d52d67db5a21c16282780f64de8d471b0fc7308fe05c36445a7fa87970e27e,2026-09-23T15:19:00Z,True,2026-09-20T22:00:00+00:00,2026-09-24T21:30:00+00:00,576
semo_pub_dailyloadfcst_202609212015,SEMO,demand,2026,https://reports.sem-o.com/documents/PUB_DailyLoadFcst_202609212015.xml,semo/forecast_vintages/demand/2026/09/PUB_DailyLoadFcst_202609212015.xml,Review the publisher's open-data terms and disclaimer before redistribution.,1.0,data/raw/semo/forecast_vintages/demand/2026/09/PUB_DailyLoadFcst_202609212015.xml,71447,c22c3767eba4bdfcf80481b49c52398861cb9b5ad1047ca1588a2dd959ed352c,2026-09-23T15:19:01Z,True,2026-09-20T22:00:00+00:00,2026-09-24T21:30:00+00:00,576
semo_pub_dailyloadfcst_202609212020,SEMO,demand,2026,https://reports.sem-o.com/documents/PUB_DailyLoadFcst_202609212020.xml,semo/forecast_vintages/demand/2026/09/PUB_DailyLoadFcst_202609212020.xml,Review the publisher's open-data terms and disclaimer before redistribution.,1.0,data/raw/semo/forecast_vintages/demand/2026/09/PUB_DailyLoadFcst_202609212020.xml,71447,12d51112c1b5b99fe86c05b6793b8d0b1a318a9d51142f83831368440d16eb09,2026-09-23T15:19:01Z,True,2026-09-20T22:00:00+00:00,2026-09-24T21:30:00+00:00,576
semo_pub_dailyloadfcst_202609212030,SEMO,demand,2026,https://reports.sem-o.com/documents/PUB_DailyLoadFcst_202609212030.xml,semo/forecast_vintages/demand/2026/09/PUB_DailyLoadFcst_202609212030.xml,Review the publisher's open-data terms and disclaimer before redistribution.,1.0,data/raw/semo/forecast_vintages/demand/2026/09/PUB_DailyLoadFcst_202609212030.xml,71447,e34a5c9c397df8e822734e3ba453cb7085b4a5b9c7a31d6e8d7e67290599b649,2026-09-23T15:19:01Z,True,2026-09-20T22:00:00+00:00,2026-09-24T21:30:00+00:00,576
semo_pub_dailyloadfcst_202609212035,SEMO,demand,2026,https://reports.sem-o.com/documents/PUB_DailyLoadFcst_202609212035.xml,semo/forecast_vintages/demand/2026/09/PUB_DailyLoadFcst_202609212035.xml,Review the publisher's open-data terms and disclaimer before redistribution.,1.0,data/raw/semo/forecast_vintages/demand/2026/09/PUB_DailyLoadFcst_202609212035.xml,71447,aa1c3e6386c523b718b68b300bfc37a000562929abfde0201f06898eb9e1b52f,2026-09-23T15:19:01Z,True,2026-09-20T22:00:00+00:00,2026-09-24T21:30:00+00:00,576
semo_pub_dailyloadfcst_202609212045,SEMO,demand,2026,https://reports.sem-o.com/documents/PUB_DailyLoadFcst_202609212045.xml,semo/forecast_vintages/demand/2026/09/PUB_DailyLoadFcst_202609212045.xml,Review the publisher's open-data terms and disclaimer before redistribution.,1.0,data/raw/semo/forecast_vintages/demand/2026/09/PUB_DailyLoadFcst_202609212045.xml,71447,c224df767078f92ad0ea6eda7b1d6624d6357aafaac08d2f239ff8ed88a99107,2026-09-23T15:19:01Z,True,2026-09-20T22:00:00+00:00,2026-09-24T21:30:00+00:00,576
semo_pub_dailyloadfcst_202609212050,SEMO,demand,2026,https://reports.sem-o.com/documents/PUB_DailyLoadFcst_202609212050.xml,semo/forecast_vintages/demand/2026/09/PUB_DailyLoadFcst_202609212050.xml,Review the publisher's open-data terms and disclaimer before redistribution.,1.0,data/raw/semo/forecast_vintages/demand/2026/09/PUB_DailyLoadFcst_202609212050.xml,71447,1e2b395b83626b812f1da388bda1b4e9b7f7340afcc9dc06d477095f174e2821,2026-09-23T15:19:02Z,True,2026-09-20T22:00:00+00:00,2026-09-24T21:30:00+00:00,576
semo_pub_dailyloadfcst_202609212100,SEMO,demand,2026,https://reports.sem-o.com/documents/PUB_DailyLoadFcst_202609212100.xml,semo/forecast_vintages/demand/2026/09/PUB_DailyLoadFcst_202609212100.xml,Review the publisher's open-data terms and disclaimer before redistribution.,1.0,data/raw/semo/forecast_vintages/demand/2026/09/PUB_DailyLoadFcst_202609212100.xml,71447,a59c8d3d6d5c76ce9e193741f9c1e4f0536539e67fcd8b3e3973f3eae309c064,2026-09-23T15:19:02Z,True,2026-09-20T22:00:00+00:00,2026-09-24T21:30:00+00:00,576
semo_pub_dailyloadfcst_202609212105,SEMO,demand,2026,https://reports.sem-o.com/documents/PUB_DailyLoadFcst_202609212105.xml,semo/forecast_vintages/demand/2026/09/PUB_DailyLoadFcst_202609212105.xml,Review the publisher's open-data terms and disclaimer before redistribution.,1.0,data/raw/semo/forecast_vintages/demand/2026/09/PUB_DailyLoadFcst_202609212105.xml,71447,4629e50546e8d73380c8d119a281924d4eccd1122ff161ee960315f8e1d0177a,2026-09-23T15:19:02Z,True,2026-09-20T22:00:00+00:00,2026-09-24T21:30:00+00:00,576
semo_pub_dailyloadfcst_202609212115,SEMO,demand,2026,https://reports.sem-o.com/documents/PUB_DailyLoadFcst_202609212115.xml,semo/forecast_vintages/demand/2026/09/PUB_DailyLoadFcst_202609212115.xml,Review the publisher's open-data terms and disclaimer before redistribution.,1.0,data/raw/semo/forecast_vintages/demand/2026/09/PUB_DailyLoadFcst_202609212115.xml,71447,e94a58a3f50d5bca04741b4ec0e25b78c529ccb1641010e74b2fcc078b8c9e50,2026-09-23T15:19:02Z,True,2026-09-20T22:00:00+00:00,2026-09-24T21:30:00+00:00,576
semo_pub_dailyloadfcst_202609212120,SEMO,demand,2026,https://reports.sem-o.com/documents/PUB_DailyLoadFcst_202609212120.xml,semo/forecast_vintages/demand/2026/09/PUB_DailyLoadFcst_202609212120.xml,Review the publisher's open-data terms and disclaimer before redistribution.,1.0,data/raw/semo/forecast_vintages/demand/2026/09/PUB_DailyLoadFcst_202609212120.xml,71447,80e07ed30f07a6c776dc8859e5527e820826e42fd30f43278249c92bcdc64cc2,2026-09-23T15:19:02Z,True,2026-09-20T22:00:00+00:00,2026-09-24T21:30:00+00:00,576
semo_pub_dailyloadfcst_202609212130,SEMO,demand,2026,https://reports.sem-o.com/documents/PUB_DailyLoadFcst_202609212130.xml,semo/forecast_vintages/demand/2026/09/PUB_DailyLoadFcst_202609212130.xml,Review the publisher's open-data terms and disclaimer before redistribution.,1.0,data/raw/semo/forecast_vintages/demand/2026/09/PUB_DailyLoadFcst_202609212130.xml,71447,3fd60267cdec5d56fcf27c83a6759b323961ccb10de3bd71f314c7134d03c578,2026-09-23T15:19:02Z,True,2026-09-20T22:00:00+00:00,2026-09-24T21:30:00+00:00,576
semo_pub_dailyloadfcst_202609212135,SEMO,demand,2026,https://reports.sem-o.com/documents/PUB_DailyLoadFcst_202609212135.xml,semo/forecast_vintages/demand/2026/09/PUB_DailyLoadFcst_202609212135.xml,Review the publisher's open-data terms and disclaimer before redistribution.,1.0,data/raw/semo/forecast_vintages/demand/2026/09/PUB_DailyLoadFcst_202609212135.xml,71447,8ae56e7303709c804f85e4c06b3fe54523db7a77b3d2fefbcabe4855d6158b92,2026-09-23T15:19:02Z,True,2026-09-20T22:00:00+00:00,2026-09-24T21:30:00+00:00,576
semo_pub_dailyloadfcst_202609212145,SEMO,demand,2026,https://reports.sem-o.com/documents/PUB_DailyLoadFcst_202609212145.xml,semo/forecast_vintages/demand/2026/09/PUB_DailyLoadFcst_202609212145.xml,Review the publisher's open-data terms and disclaimer before redistribution.,1.0,data/raw/semo/forecast_vintages/demand/2026/09/PUB_DailyLoadFcst_202609212145.xml,71447,c51f27ea2f7de23f8fee86f88347b9bbae896353ce63bd4078758fd8fa6d509e,2026-09-23T15:19:02Z,True,2026-09-20T22:00:00+00:00,2026-09-24T21:30:00+00:00,576
semo_pub_dailyloadfcst_202609212150,SEMO,demand,2026,https://reports.sem-o.com/documents/PUB_DailyLoadFcst_202609212150.xml,semo/forecast_vintages/demand/2026/09/PUB_DailyLoadFcst_202609212150.xml,Review the publisher's open-data terms and disclaimer before redistribution.,1.0,data/raw/semo/forecast_vintages/demand/2026/09/PUB_DailyLoadFcst_202609212150.xml,71447,3d4fd62963ea3a8c4d78a13f0f19e12770ceed00b9c764f515c477ac2554c41d,2026-09-23T15:19:02Z,True,2026-09-20T22:00:00+00:00,2026-09-24T21:30:00+00:00,576
semo_pub_dailyloadfcst_202609212200,SEMO,demand,2026,https://reports.sem-o.com/documents/PUB_DailyLoadFcst_202609212200.xml,semo/forecast_vintages/demand/2026/09/PUB_DailyLoadFcst_202609212200.xml,Review the publisher's open-data terms and disclaimer before redistribution.,1.0,data/raw/semo/forecast_vintages/demand/2026/09/PUB_DailyLoadFcst_202609212200.xml,71447,8b44ad4e3080fa224aa0887a8e056679ec54532736243679d8790cb1f606e734,2026-09-23T15:19:02Z,True,2026-09-20T22:00:00+00:00,2026-09-24T21:30:00+00:00,576
semo_pub_dailyloadfcst_202609212205,SEMO,demand,2026,https://reports.sem-o.com/documents/PUB_DailyLoadFcst_202609212205.xml,semo/forecast_vintages/demand/2026/09/PUB_DailyLoadFcst_202609212205.xml,Review the publisher's open-data terms and disclaimer before redistribution.,1.0,data/raw/semo/forecast_vintages/demand/2026/09/PUB_DailyLoadFcst_202609212205.xml,71447,235a0dec76610d6f1c6df1f474d98a67770851c6f70b1986f5470b852f59bf2c,2026-09-23T15:19:02Z,True,2026-09-20T22:00:00+00:00,2026-09-24T21:30:00+00:00,576
semo_pub_dailyloadfcst_202609212215,SEMO,demand,2026,https://reports.sem-o.com/documents/PUB_DailyLoadFcst_202609212215.xml,semo/forecast_vintages/demand/2026/09/PUB_DailyLoadFcst_202609212215.xml,Review the publisher's open-data terms and disclaimer before redistribution.,1.0,data/raw/semo/forecast_vintages/demand/2026/09/PUB_DailyLoadFcst_202609212215.xml,71447,eee3e9d299fc9c7b21d7b65e8258ae7a9322971755c3c4d555736e874c18c123,2026-09-23T15:19:02Z,True,2026-09-20T22:00:00+00:00,2026-09-24T21:30:00+00:00,576
semo_pub_dailyloadfcst_202609212220,SEMO,demand,2026,https://reports.sem-o.com/documents/PUB_DailyLoadFcst_202609212220.xml,semo/forecast_vintages/demand/2026/09/PUB_DailyLoadFcst_202609212220.xml,Review the publisher's open-data terms and disclaimer before redistribution.,1.0,data/raw/semo/forecast_vintages/demand/2026/09/PUB_DailyLoadFcst_202609212220.xml,71447,b758257f0236022e198ad426375696c14e579fc02cfe0ec69fc258fc454def67,2026-09-23T15:19:05Z,True,2026-09-20T22:00:00+00:00,2026-09-24T21:30:00+00:00,576
semo_pub_dailyloadfcst_202609212230,SEMO,demand,2026,https://reports.sem-o.com/documents/PUB_DailyLoadFcst_202609212230.xml,semo/forecast_vintages/demand/2026/09/PUB_DailyLoadFcst_202609212230.xml,Review the publisher's open-data terms and disclaimer before redistribution.,1.0,data/raw/semo/forecast_vintages/demand/2026/09/PUB_DailyLoadFcst_202609212230.xml,71447,37d1ed17b11fc437798bb9e8c0eb709aed4489002b12ada92aa3b9712724321c,2026-09-23T15:19:05Z,True,2026-09-20T22:00:00+00:00,2026-09-24T21:30:00+00:00,576
semo_pub_dailyloadfcst_202609212235,SEMO,demand,2026,https://reports.sem-o.com/documents/PUB_DailyLoadFcst_202609212235.xml,semo/forecast_vintages/demand/2026/09/PUB_DailyLoadFcst_202609212235.xml,Review the publisher's open-data terms and disclaimer before redistribution.,1.0,data/raw/semo/forecast_vintages/demand/2026/09/PUB_DailyLoadFcst_202609212235.xml,71447,4e3267a58cd8d50ad920bfe9b9102550a18a7955c4feac58eed1d70930bda6b4,2026-09-23T15:19:05Z,True,2026-09-20T22:00:00+00:00,2026-09-24T21:30:00+00:00,576
semo_pub_dailyloadfcst_202609212245,SEMO,demand,2026,https://reports.sem-o.com/documents/PUB_DailyLoadFcst_202609212245.xml,semo/forecast_vintages/demand/2026/09/PUB_DailyLoadFcst_202609212245.xml,Review the publisher's open-data terms and disclaimer before redistribution.,1.0,data/raw/semo/forecast_vintages/demand/2026/09/PUB_DailyLoadFcst_202609212245.xml,71447,6e446b9eb4276a1ca14ca4fff5151c4edfdc2782798d2bc9351960e43de64365,2026-09-23T15:19:05Z,True,2026-09-20T22:00:00+00:00,2026-09-24T21:30:00+00:00,576
semo_pub_dailyloadfcst_202609212250,SEMO,demand,2026,https://reports.sem-o.com/documents/PUB_DailyLoadFcst_202609212250.xml,semo/forecast_vintages/demand/2026/09/PUB_DailyLoadFcst_202609212250.xml,Review the publisher's open-data terms and disclaimer before redistribution.,1.0,data/raw/semo/forecast_vintages/demand/2026/09/PUB_DailyLoadFcst_202609212250.xml,71447,d3b478f98231f22bf9791d5ed6cfb3fe2841d71c46ee194cd2924ec531d651d5,2026-09-23T15:19:05Z,True,2026-09-20T22:00:00+00:00,2026-09-24T21:30:00+00:00,576
semo_pub_dailyloadfcst_202609212300,SEMO,demand,2026,https://reports.sem-o.com/documents/PUB_DailyLoadFcst_202609212300.xml,semo/forecast_vintages/demand/2026/09/PUB_DailyLoadFcst_202609212300.xml,Review the publisher's open-data terms and disclaimer before redistribution.,1.0,data/raw/semo/forecast_vintages/demand/2026/09/PUB_DailyLoadFcst_202609212300.xml,71447,7000c8a1ffaf6bd9eecc7ee94fb3db42f89e3b96126727e8e68436f7a379431e,2026-09-23T15:19:05Z,True,2026-09-20T22:00:00+00:00,2026-09-24T21:30:00+00:00,576
semo_pub_dailyloadfcst_202609212305,SEMO,demand,2026,https://reports.sem-o.com/documents/PUB_DailyLoadFcst_202609212305.xml,semo/forecast_vintages/demand/2026/09/PUB_DailyLoadFcst_202609212305.xml,Review the publisher's open-data terms and disclaimer before redistribution.,1.0,data/raw/semo/forecast_vintages/demand/2026/09/PUB_DailyLoadFcst_202609212305.xml,53636,85d283c8348a457b4bf00e36a2acf4ee8c2fa5274450f043399bd4a14a44bf34,2026-09-23T15:19:05Z,True,2026-09-21T22:00:00+00:00,2026-09-24T21:30:00+00:00,432
semo_pub_dailyloadfcst_202609212315,SEMO,demand,2026,https://reports.sem-o.com/documents/PUB_DailyLoadFcst_202609212315.xml,semo/forecast_vintages/demand/2026/09/PUB_DailyLoadFcst_202609212315.xml,Review the publisher's open-data terms and disclaimer before redistribution.,1.0,data/raw/semo/forecast_vintages/demand/2026/09/PUB_DailyLoadFcst_202609212315.xml,53636,4dd55209e4bdf5a163cc94aa2f196a58cfbd5b251952191a40ded8e1ce77b15e,2026-09-23T15:19:05Z,True,2026-09-21T22:00:00+00:00,2026-09-24T21:30:00+00:00,432
semo_pub_dailyloadfcst_202609212320,SEMO,demand,2026,https://reports.sem-o.com/documents/PUB_DailyLoadFcst_202609212320.xml,semo/forecast_vintages/demand/2026/09/PUB_DailyLoadFcst_202609212320.xml,Review the publisher's open-data terms and disclaimer before redistribution.,1.0,data/raw/semo/forecast_vintages/demand/2026/09/PUB_DailyLoadFcst_202609212320.xml,53636,996f305172da440c58e99f0379cfe323781499f151b4a1e7034ab9b4d078ef40,2026-09-23T15:19:05Z,True,2026-09-21T22:00:00+00:00,2026-09-24T21:30:00+00:00,432
semo_pub_dailyloadfcst_202609212330,SEMO,demand,2026,https://reports.sem-o.com/documents/PUB_DailyLoadFcst_202609212330.xml,semo/forecast_vintages/demand/2026/09/PUB_DailyLoadFcst_202609212330.xml,Review the publisher's open-data terms and disclaimer before redistribution.,1.0,data/raw/semo/forecast_vintages/demand/2026/09/PUB_DailyLoadFcst_202609212330.xml,53636,750f941452dc9af32d892827a96d0deb03fc935f9a68d1508c77e48d8f42595a,2026-09-23T15:19:05Z,True,2026-09-21T22:00:00+00:00,2026-09-24T21:30:00+00:00,432
semo_pub_dailyloadfcst_202609212335,SEMO,demand,2026,https://reports.sem-o.com/documents/PUB_DailyLoadFcst_202609212335.xml,semo/forecast_vintages/demand/2026/09/PUB_DailyLoadFcst_202609212335.xml,Review the publisher's open-data terms and disclaimer before redistribution.,1.0,data/raw/semo/forecast_vintages/demand/2026/09/PUB_DailyLoadFcst_202609212335.xml,53636,bfcd87d1a3ba767c9bf17af34f493f507a6ea6d389bc829d9008d7eb75c703e7,2026-09-23T15:19:05Z,True,2026-09-21T22:00:00+00:00,2026-09-24T21:30:00+00:00,432
semo_pub_dailyloadfcst_202609212345,SEMO,demand,2026,https://reports.sem-o.com/documents/PUB_DailyLoadFcst_202609212345.xml,semo/forecast_vintages/demand/2026/09/PUB_DailyLoadFcst_202609212345.xml,Review the publisher's open-data terms and disclaimer before redistribution.,1.0,data/raw/semo/forecast_vintages/demand/2026/09/PUB_DailyLoadFcst_202609212345.xml,53636,90a24e460c93231203026095817d6a1511a7585ceefecd5b504dcd931da55682,2026-09-23T15:19:05Z,True,2026-09-21T22:00:00+00:00,2026-09-24T21:30:00+00:00,432
semo_pub_dailyloadfcst_202609212350,SEMO,demand,2026,https://reports.sem-o.com/documents/PUB_DailyLoadFcst_202609212350.xml,semo/forecast_vintages/demand/2026/09/PUB_DailyLoadFcst_202609212350.xml,Review the publisher's open-data terms and disclaimer before redistribution.,1.0,data/raw/semo/forecast_vintages/demand/2026/09/PUB_DailyLoadFcst_202609212350.xml,53636,e7e3d8e0d893c80339f80e200586de55e347b8db337501a0253ade8ec18ef5f5,2026-09-23T15:19:06Z,True,2026-09-21T22:00:00+00:00,2026-09-24T21:30:00+00:00,432
semo_pub_dailyloadfcst_202609220000,SEMO,demand,2026,https://reports.sem-o.com/documents/PUB_DailyLoadFcst_202609220000.xml,semo/forecast_vintages/demand/2026/09/PUB_DailyLoadFcst_202609220000.xml,Review the publisher's open-data terms and disclaimer before redistribution.,1.0,data/raw/semo/forecast_vintages/demand/2026/09/PUB_DailyLoadFcst_202609220000.xml,53636,556c46f71941347d7511b96cb7b6305587da71228d85a24e1c91eb432992e2d9,2026-09-23T15:19:06Z,True,2026-09-21T22:00:00+00:00,2026-09-24T21:30:00+00:00,432
semo_pub_dailyloadfcst_202609220005,SEMO,demand,2026,https://reports.sem-o.com/documents/PUB_DailyLoadFcst_202609220005.xml,semo/forecast_vintages/demand/2026/09/PUB_DailyLoadFcst_202609220005.xml,Review the publisher's open-data terms and disclaimer before redistribution.,1.0,data/raw/semo/forecast_vintages/demand/2026/09/PUB_DailyLoadFcst_202609220005.xml,53637,fe422150863befdb1f066bb98c7408bd65475ade2e1f70ced4f39c95c43938ee,2026-09-23T15:19:06Z,True,2026-09-21T22:00:00+00:00,2026-09-24T21:30:00+00:00,432
semo_pub_dailyloadfcst_202609220015,SEMO,demand,2026,https://reports.sem-o.com/documents/PUB_DailyLoadFcst_202609220015.xml,semo/forecast_vintages/demand/2026/09/PUB_DailyLoadFcst_202609220015.xml,Review the publisher's open-data terms and disclaimer before redistribution.,1.0,data/raw/semo/forecast_vintages/demand/2026/09/PUB_DailyLoadFcst_202609220015.xml,53637,857bcd60123b3c9360145bf6d82c091b368ac26819d182e649663cbfb5f2752a,2026-09-23T15:19:06Z,True,2026-09-21T22:00:00+00:00,2026-09-24T21:30:00+00:00,432
semo_pub_dailyloadfcst_202609220020,SEMO,demand,2026,https://reports.sem-o.com/documents/PUB_DailyLoadFcst_202609220020.xml,semo/forecast_vintages/demand/2026/09/PUB_DailyLoadFcst_202609220020.xml,Review the publisher's open-data terms and disclaimer before redistribution.,1.0,data/raw/semo/forecast_vintages/demand/2026/09/PUB_DailyLoadFcst_202609220020.xml,53637,fc04b6b9bc7c269da7a54b879e012adcf5b3c663a083f36792587abe1b8dcf1b,2026-09-23T15:19:06Z,True,2026-09-21T22:00:00+00:00,2026-09-24T21:30:00+00:00,432
semo_pub_dailyloadfcst_202609220030,SEMO,demand,2026,https://reports.sem-o.com/documents/PUB_DailyLoadFcst_202609220030.xml,semo/forecast_vintages/demand/2026/09/PUB_DailyLoadFcst_202609220030.xml,Review the publisher's open-data terms and disclaimer before redistribution.,1.0,data/raw/semo/forecast_vintages/demand/2026/09/PUB_DailyLoadFcst_202609220030.xml,53637,fba23be63252e80640de8c5d86b8f87b341254f622e4ec39dcff870ea7d68984,2026-09-23T15:19:06Z,True,2026-09-21T22:00:00+00:00,2026-09-24T21:30:00+00:00,432
semo_pub_dailyloadfcst_202609220035,SEMO,demand,2026,https://reports.sem-o.com/documents/PUB_DailyLoadFcst_202609220035.xml,semo/forecast_vintages/demand/2026/09/PUB_DailyLoadFcst_202609220035.xml,Review the publisher's open-data terms and disclaimer before redistribution.,1.0,data/raw/semo/forecast_vintages/demand/2026/09/PUB_DailyLoadFcst_202609220035.xml,53637,359c957cf2e6dbdfd2b8f1fe20e788d15863c5dc1bc48f4c3d6b3597cecb3fdf,2026-09-23T15:19:06Z,True,2026-09-21T22:00:00+00:00,2026-09-24T21:30:00+00:00,432
semo_pub_dailyloadfcst_202609220045,SEMO,demand,2026,https://reports.sem-o.com/documents/PUB_DailyLoadFcst_202609220045.xml,semo/forecast_vintages/demand/2026/09/PUB_DailyLoadFcst_202609220045.xml,Review the publisher's open-data terms and disclaimer before redistribution.,1.0,data/raw/semo/forecast_vintages/demand/2026/09/PUB_DailyLoadFcst_202609220045.xml,53637,be8edc96634a75267430ef9a4c25047755dba3fe07de33a9729850d265d2f9bf,2026-09-23T15:19:06Z,True,2026-09-21T22:00:00+00:00,2026-09-24T21:30:00+00:00,432
semo_pub_dailyloadfcst_202609220050,SEMO,demand,2026,https://reports.sem-o.com/documents/PUB_DailyLoadFcst_202609220050.xml,semo/forecast_vintages/demand/2026/09/PUB_DailyLoadFcst_202609220050.xml,Review the publisher's open-data terms and disclaimer before redistribution.,1.0,data/raw/semo/forecast_vintages/demand/2026/09/PUB_DailyLoadFcst_202609220050.xml,53637,136cea56484f55ae64e03816c72f5c2c740423b5087b7f3a7be67c01dc5a1edb,2026-09-23T15:19:06Z,True,2026-09-21T22:00:00+00:00,2026-09-24T21:30:00+00:00,432
semo_pub_dailyloadfcst_202609220100,SEMO,demand,2026,https://reports.sem-o.com/documents/PUB_DailyLoadFcst_202609220100.xml,semo/forecast_vintages/demand/2026/09/PUB_DailyLoadFcst_202609220100.xml,Review the publisher's open-data terms and disclaimer before redistribution.,1.0,data/raw/semo/forecast_vintages/demand/2026/09/PUB_DailyLoadFcst_202609220100.xml,66981,80f97e0ed7a867a35350b79cee7527bbf7488584f7c6c0ed45022c0de55887d9,2026-09-23T15:19:06Z,True,2026-09-21T22:00:00+00:00,2026-09-25T21:30:00+00:00,480
semo_pub_dailyloadfcst_202609220105,SEMO,demand,2026,https://reports.sem-o.com/documents/PUB_DailyLoadFcst_202609220105.xml,semo/forecast_vintages/demand/2026/09/PUB_DailyLoadFcst_202609220105.xml,Review the publisher's open-data terms and disclaimer before redistribution.,1.0,data/raw/semo/forecast_vintages/demand/2026/09/PUB_DailyLoadFcst_202609220105.xml,71447,6d5c3e8d6a1ce5bf177f30d8bd9e99c4840509a64564c8875e68251f66afdab7,2026-09-23T15:19:07Z,True,2026-09-21T22:00:00+00:00,2026-09-25T21:30:00+00:00,576
semo_pub_dailyloadfcst_202609220115,SEMO,demand,2026,https://reports.sem-o.com/documents/PUB_DailyLoadFcst_202609220115.xml,semo/forecast_vintages/demand/2026/09/PUB_DailyLoadFcst_202609220115.xml,Review the publisher's open-data terms and disclaimer before redistribution.,1.0,data/raw/semo/forecast_vintages/demand/2026/09/PUB_DailyLoadFcst_202609220115.xml,71447,773746cbd09a6621d4b7960d241816c3fd1d1e2c19d7007f85c4feb23ca48ab0,2026-09-23T15:19:06Z,True,2026-09-21T22:00:00+00:00,2026-09-25T21:30:00+00:00,576
semo_pub_dailyloadfcst_202609220120,SEMO,demand,2026,https://reports.sem-o.com/documents/PUB_DailyLoadFcst_202609220120.xml,semo/forecast_vintages/demand/2026/09/PUB_DailyLoadFcst_202609220120.xml,Review the publisher's open-data terms and disclaimer before redistribution.,1.0,data/raw/semo/forecast_vintages/demand/2026/09/PUB_DailyLoadFcst_202609220120.xml,71447,1be02742398567c8ccb52a00e7efa750e1f19be01664f2f960bc81da761d22f4,2026-09-23T15:19:07Z,True,2026-09-21T22:00:00+00:00,2026-09-25T21:30:00+00:00,576
semo_pub_dailyloadfcst_202609220130,SEMO,demand,2026,https://reports.sem-o.com/documents/PUB_DailyLoadFcst_202609220130.xml,semo/forecast_vintages/demand/2026/09/PUB_DailyLoadFcst_202609220130.xml,Review the publisher's open-data terms and disclaimer before redistribution.,1.0,data/raw/semo/forecast_vintages/demand/2026/09/PUB_DailyLoadFcst_202609220130.xml,71447,f1ac03ce6cc79ecd9a8413bbf1e17eab7ff5e8277c1ec889186d7f35504d0094,2026-09-23T15:19:07Z,True,2026-09-21T22:00:00+00:00,2026-09-25T21:30:00+00:00,576
semo_pub_dailyloadfcst_202609220135,SEMO,demand,2026,https://reports.sem-o.com/documents/PUB_DailyLoadFcst_202609220135.xml,semo/forecast_vintages/demand/2026/09/PUB_DailyLoadFcst_202609220135.xml,Review the publisher's open-data terms and disclaimer before redistribution.,1.0,data/raw/semo/forecast_vintages/demand/2026/09/PUB_DailyLoadFcst_202609220135.xml,71447,9997cd011f0c64e3e6e3be751e461fec8b4f69f6246957020447eb640f9d0d54,2026-09-23T15:19:08Z,True,2026-09-21T22:00:00+00:00,2026-09-25T21:30:00+00:00,576
semo_pub_dailyloadfcst_202609220145,SEMO,demand,2026,https://reports.sem-o.com/documents/PUB_DailyLoadFcst_202609220145.xml,semo/forecast_vintages/demand/2026/09/PUB_DailyLoadFcst_202609220145.xml,Review the publisher's open-data terms and disclaimer before redistribution.,1.0,data/raw/semo/forecast_vintages/demand/2026/09/PUB_DailyLoadFcst_202609220145.xml,71447,45683a86a55a26b46a135e3553915cd66b51a8fff716efe1e10c26e696e423b1,2026-09-23T15:19:08Z,True,2026-09-21T22:00:00+00:00,2026-09-25T21:30:00+00:00,576
semo_pub_dailyloadfcst_202609220150,SEMO,demand,2026,https://reports.sem-o.com/documents/PUB_DailyLoadFcst_202609220150.xml,semo/forecast_vintages/demand/2026/09/PUB_DailyLoadFcst_202609220150.xml,Review the publisher's open-data terms and disclaimer before redistribution.,1.0,data/raw/semo/forecast_vintages/demand/2026/09/PUB_DailyLoadFcst_202609220150.xml,71447,5bff8c2ca5d8ca4330c46b73166ddc059e168543d4331750b7dec8c62c469e8d,2026-09-23T15:19:08Z,True,2026-09-21T22:00:00+00:00,2026-09-25T21:30:00+00:00,576
semo_pub_dailyloadfcst_202609220200,SEMO,demand,2026,https://reports.sem-o.com/documents/PUB_DailyLoadFcst_202609220200.xml,semo/forecast_vintages/demand/2026/09/PUB_DailyLoadFcst_202609220200.xml,Review the publisher's open-data terms and disclaimer before redistribution.,1.0,data/raw/semo/forecast_vintages/demand/2026/09/PUB_DailyLoadFcst_202609220200.xml,71447,c38e9b30147bb6fa400166ea53a0e57bf3c44071822e0ac8041baf9ab0159077,2026-09-23T15:19:09Z,True,2026-09-21T22:00:00+00:00,2026-09-25T21:30:00+00:00,576
semo_pub_dailyloadfcst_202609220205,SEMO,demand,2026,https://reports.sem-o.com/documents/PUB_DailyLoadFcst_202609220205.xml,semo/forecast_vintages/demand/2026/09/PUB_DailyLoadFcst_202609220205.xml,Review the publisher's open-data terms and disclaimer before redistribution.,1.0,data/raw/semo/forecast_vintages/demand/2026/09/PUB_DailyLoadFcst_202609220205.xml,71446,1d08745d6de8520de1f8dcfa519874237fda26eaebf1abc0169ef77ef375cc5d,2026-09-23T15:19:09Z,True,2026-09-21T22:00:00+00:00,2026-09-25T21:30:00+00:00,576
semo_pub_dailyloadfcst_202609220215,SEMO,demand,2026,https://reports.sem-o.com/documents/PUB_DailyLoadFcst_202609220215.xml,semo/forecast_vintages/demand/2026/09/PUB_DailyLoadFcst_202609220215.xml,Review the publisher's open-data terms and disclaimer before redistribution.,1.0,data/raw/semo/forecast_vintages/demand/2026/09/PUB_DailyLoadFcst_202609220215.xml,71446,f1ef07540744831aad7a17bde083f2d04b9ac5fb4db96c3180940daac4cceb4f,2026-09-23T15:19:08Z,True,2026-09-21T22:00:00+00:00,2026-09-25T21:30:00+00:00,576
semo_pub_dailyloadfcst_202609220220,SEMO,demand,2026,https://reports.sem-o.com/documents/PUB_DailyLoadFcst_202609220220.xml,semo/forecast_vintages/demand/2026/09/PUB_DailyLoadFcst_202609220220.xml,Review the publisher's open-data terms and disclaimer before redistribution.,1.0,data/raw/semo/forecast_vintages/demand/2026/09/PUB_DailyLoadFcst_202609220220.xml,71446,1f82738b030459b0d3efbb2a999013d88f444be1ec3354739cabaed727c67688,2026-09-23T15:19:08Z,True,2026-09-21T22:00:00+00:00,2026-09-25T21:30:00+00:00,576
semo_pub_dailyloadfcst_202609220230,SEMO,demand,2026,https://reports.sem-o.com/documents/PUB_DailyLoadFcst_202609220230.xml,semo/forecast_vintages/demand/2026/09/PUB_DailyLoadFcst_202609220230.xml,Review the publisher's open-data terms and disclaimer before redistribution.,1.0,data/raw/semo/forecast_vintages/demand/2026/09/PUB_DailyLoadFcst_202609220230.xml,71446,ba7cfe364f2119e790ea22d48f6e318abb3bc0ea7687b30ba76211446e385446,2026-09-23T15:19:09Z,True,2026-09-21T22:00:00+00:00,2026-09-25T21:30:00+00:00,576
semo_pub_dailyloadfcst_202609220235,SEMO,demand,2026,https://reports.sem-o.com/documents/PUB_DailyLoadFcst_202609220235.xml,semo/forecast_vintages/demand/2026/09/PUB_DailyLoadFcst_202609220235.xml,Review the publisher's open-data terms and disclaimer before redistribution.,1.0,data/raw/semo/forecast_vintages/demand/2026/09/PUB_DailyLoadFcst_202609220235.xml,71446,80b4d81de6a487ba8636941f08c73b07c02019fa442f28e28c3f4b313a3476ad,2026-09-23T15:19:09Z,True,2026-09-21T22:00:00+00:00,2026-09-25T21:30:00+00:00,576
semo_pub_dailyloadfcst_202609220245,SEMO,demand,2026,https://reports.sem-o.com/documents/PUB_DailyLoadFcst_202609220245.xml,semo/forecast_vintages/demand/2026/09/PUB_DailyLoadFcst_202609220245.xml,Review the publisher's open-data terms and disclaimer before redistribution.,1.0,data/raw/semo/forecast_vintages/demand/2026/09/PUB_DailyLoadFcst_202609220245.xml,71446,e7465f3e795df771b36dceead9c7fca9ac83308c5fa136d7816cc009dfa018d6,2026-09-23T15:19:09Z,True,2026-09-21T22:00:00+00:00,2026-09-25T21:30:00+00:00,576
semo_pub_dailyloadfcst_202609220250,SEMO,demand,2026,https://reports.sem-o.com/documents/PUB_DailyLoadFcst_202609220250.xml,semo/forecast_vintages/demand/2026/09/PUB_DailyLoadFcst_202609220250.xml,Review the publisher's open-data terms and disclaimer before redistribution.,1.0,data/raw/semo/forecast_vintages/demand/2026/09/PUB_DailyLoadFcst_202609220250.xml,71446,6911c31a3c68b6e4c64292ac020f2ae6d8b3378d8c57402bf216ff5751280f83,2026-09-23T15:19:10Z,True,2026-09-21T22:00:00+00:00,2026-09-25T21:30:00+00:00,576
semo_pub_dailyloadfcst_202609220300,SEMO,demand,2026,https://reports.sem-o.com/documents/PUB_DailyLoadFcst_202609220300.xml,semo/forecast_vintages/demand/2026/09/PUB_DailyLoadFcst_202609220300.xml,Review the publisher's open-data terms and disclaimer before redistribution.,1.0,data/raw/semo/forecast_vintages/demand/2026/09/PUB_DailyLoadFcst_202609220300.xml,71446,c1ba11cf5308328c7f03966fb4190ab15d02530b1953a8d3821b047bf389d3e5,2026-09-23T15:19:12Z,True,2026-09-21T22:00:00+00:00,2026-09-25T21:30:00+00:00,576
semo_pub_dailyloadfcst_202609220305,SEMO,demand,2026,https://reports.sem-o.com/documents/PUB_DailyLoadFcst_202609220305.xml,semo/forecast_vintages/demand/2026/09/PUB_DailyLoadFcst_202609220305.xml,Review the publisher's open-data terms and disclaimer before redistribution.,1.0,data/raw/semo/forecast_vintages/demand/2026/09/PUB_DailyLoadFcst_202609220305.xml,71446,7ef46d26135780ddeee000a6c49e6e9cf0cd25e40a936156d2f207c9e8ea7d10,2026-09-23T15:19:12Z,True,2026-09-21T22:00:00+00:00,2026-09-25T21:30:00+00:00,576
semo_pub_dailyloadfcst_202609220315,SEMO,demand,2026,https://reports.sem-o.com/documents/PUB_DailyLoadFcst_202609220315.xml,semo/forecast_vintages/demand/2026/09/PUB_DailyLoadFcst_202609220315.xml,Review the publisher's open-data terms and disclaimer before redistribution.,1.0,data/raw/semo/forecast_vintages/demand/2026/09/PUB_DailyLoadFcst_202609220315.xml,71446,4d5596fab79fc958f6fe3859361dff7030427844a3e54a98a2435426e8501e41,2026-09-23T15:19:12Z,True,2026-09-21T22:00:00+00:00,2026-09-25T21:30:00+00:00,576
semo_pub_dailyloadfcst_202609220320,SEMO,demand,2026,https://reports.sem-o.com/documents/PUB_DailyLoadFcst_202609220320.xml,semo/forecast_vintages/demand/2026/09/PUB_DailyLoadFcst_202609220320.xml,Review the publisher's open-data terms and disclaimer before redistribution.,1.0,data/raw/semo/forecast_vintages/demand/2026/09/PUB_DailyLoadFcst_202609220320.xml,71446,a1879b3cb5e1b9ce1e74083b16afaf4223ea5d19e8b8f85282c5e6248cc2c76e,2026-09-23T15:19:14Z,True,2026-09-21T22:00:00+00:00,2026-09-25T21:30:00+00:00,576
semo_pub_dailyloadfcst_202609220330,SEMO,demand,2026,https://reports.sem-o.com/documents/PUB_DailyLoadFcst_202609220330.xml,semo/forecast_vintages/demand/2026/09/PUB_DailyLoadFcst_202609220330.xml,Review the publisher's open-data terms and disclaimer before redistribution.,1.0,data/raw/semo/forecast_vintages/demand/2026/09/PUB_DailyLoadFcst_202609220330.xml,71446,fb2222c9bd0622a33414f7c136bb472f6c7840144e2228f737f1d0f563c92c5b,2026-09-23T15:19:13Z,True,2026-09-21T22:00:00+00:00,2026-09-25T21:30:00+00:00,576
semo_pub_dailyloadfcst_202609220335,SEMO,demand,2026,https://reports.sem-o.com/documents/PUB_DailyLoadFcst_202609220335.xml,semo/forecast_vintages/demand/2026/09/PUB_DailyLoadFcst_202609220335.xml,Review the publisher's open-data terms and disclaimer before redistribution.,1.0,data/raw/semo/forecast_vintages/demand/2026/09/PUB_DailyLoadFcst_202609220335.xml,71446,7089c7dce0182ea1d92a281282e9da603b6aa531fa1770a06d924955a6ec0661,2026-09-23T15:19:13Z,True,2026-09-21T22:00:00+00:00,2026-09-25T21:30:00+00:00,576
semo_pub_dailyloadfcst_202609220345,SEMO,demand,2026,https://reports.sem-o.com/documents/PUB_DailyLoadFcst_202609220345.xml,semo/forecast_vintages/demand/2026/09/PUB_DailyLoadFcst_202609220345.xml,Review the publisher's open-data terms and disclaimer before redistribution.,1.0,data/raw/semo/forecast_vintages/demand/2026/09/PUB_DailyLoadFcst_202609220345.xml,71446,99b86560e37b94d391b0a01933c9cd47a10838d6cdc28db1dc0246ab48adeab6,2026-09-23T15:19:14Z,True,2026-09-21T22:00:00+00:00,2026-09-25T21:30:00+00:00,576
semo_pub_dailyloadfcst_202609220350,SEMO,demand,2026,https://reports.sem-o.com/documents/PUB_DailyLoadFcst_202609220350.xml,semo/forecast_vintages/demand/2026/09/PUB_DailyLoadFcst_202609220350.xml,Review the publisher's open-data terms and disclaimer before redistribution.,1.0,data/raw/semo/forecast_vintages/demand/2026/09/PUB_DailyLoadFcst_202609220350.xml,71446,dd2419358ca6389de626ca344a3122295abddab9bad7a84aea3555e65e5a2305,2026-09-23T15:19:14Z,True,2026-09-21T22:00:00+00:00,2026-09-25T21:30:00+00:00,576
semo_pub_dailyloadfcst_202609220400,SEMO,demand,2026,https://reports.sem-o.com/documents/PUB_DailyLoadFcst_202609220400.xml,semo/forecast_vintages/demand/2026/09/PUB_DailyLoadFcst_202609220400.xml,Review the publisher's open-data terms and disclaimer before redistribution.,1.0,data/raw/semo/forecast_vintages/demand/2026/09/PUB_DailyLoadFcst_202609220400.xml,71446,dc2604d648da0ec868aec5834fc5b40e09f8713c60b25fccc2c7390ff82a9db5,2026-09-23T15:19:14Z,True,2026-09-21T22:00:00+00:00,2026-09-25T21:30:00+00:00,576
semo_pub_dailyloadfcst_202609220405,SEMO,demand,2026,https://reports.sem-o.com/documents/PUB_DailyLoadFcst_202609220405.xml,semo/forecast_vintages/demand/2026/09/PUB_DailyLoadFcst_202609220405.xml,Review the publisher's open-data terms and disclaimer before redistribution.,1.0,data/raw/semo/forecast_vintages/demand/2026/09/PUB_DailyLoadFcst_202609220405.xml,71446,88e46dc3be90bbc8acb5915611077a9a43166660179150d4c8f57aa009409922,2026-09-23T15:19:14Z,True,2026-09-21T22:00:00+00:00,2026-09-25T21:30:00+00:00,576
semo_pub_dailyloadfcst_202609220415,SEMO,demand,2026,https://reports.sem-o.com/documents/PUB_DailyLoadFcst_202609220415.xml,semo/forecast_vintages/demand/2026/09/PUB_DailyLoadFcst_202609220415.xml,Review the publisher's open-data terms and disclaimer before redistribution.,1.0,data/raw/semo/forecast_vintages/demand/2026/09/PUB_DailyLoadFcst_202609220415.xml,71446,d43361ad69f1f89d0f4c7644bb71985d4872f494ffa7184b7f30165342726af2,2026-09-23T15:19:14Z,True,2026-09-21T22:00:00+00:00,2026-09-25T21:30:00+00:00,576
semo_pub_dailyloadfcst_202609220420,SEMO,demand,2026,https://reports.sem-o.com/documents/PUB_DailyLoadFcst_202609220420.xml,semo/forecast_vintages/demand/2026/09/PUB_DailyLoadFcst_202609220420.xml,Review the publisher's open-data terms and disclaimer before redistribution.,1.0,data/raw/semo/forecast_vintages/demand/2026/09/PUB_DailyLoadFcst_202609220420.xml,71446,d2f1c6ca40cb684f2087339a0cf8113eac5c7d56ea3bae9bc3a691d4f6449233,2026-09-23T15:19:30Z,True,2026-09-21T22:00:00+00:00,2026-09-25T21:30:00+00:00,576
semo_pub_dailyloadfcst_202609220430,SEMO,demand,2026,https://reports.sem-o.com/documents/PUB_DailyLoadFcst_202609220430.xml,semo/forecast_vintages/demand/2026/09/PUB_DailyLoadFcst_202609220430.xml,Review the publisher's open-data terms and disclaimer before redistribution.,1.0,data/raw/semo/forecast_vintages/demand/2026/09/PUB_DailyLoadFcst_202609220430.xml,71446,4947de09ade182245d5becfecfcd14fda1f56265d2f3d5881b258347f6746055,2026-09-23T15:19:17Z,True,2026-09-21T22:00:00+00:00,2026-09-25T21:30:00+00:00,576
semo_pub_dailyloadfcst_202609220435,SEMO,demand,2026,https://reports.sem-o.com/documents/PUB_DailyLoadFcst_202609220435.xml,semo/forecast_vintages/demand/2026/09/PUB_DailyLoadFcst_202609220435.xml,Review the publisher's open-data terms and disclaimer before redistribution.,1.0,data/raw/semo/forecast_vintages/demand/2026/09/PUB_DailyLoadFcst_202609220435.xml,71446,028f8883ab6325d0f66f2f397ccdc449ca674c06d2d601e9ade6fa6cdd74cbc3,2026-09-23T15:19:17Z,True,2026-09-21T22:00:00+00:00,2026-09-25T21:30:00+00:00,576
semo_pub_dailyloadfcst_202609220445,SEMO,demand,2026,https://reports.sem-o.com/documents/PUB_DailyLoadFcst_202609220445.xml,semo/forecast_vintages/demand/2026/09/PUB_DailyLoadFcst_202609220445.xml,Review the publisher's open-data terms and disclaimer before redistribution.,1.0,data/raw/semo/forecast_vintages/demand/2026/09/PUB_DailyLoadFcst_202609220445.xml,71446,c967c3de77644eec903cdc5b3703d9d3d552b435cdc01e6c91ab7571acdaabda,2026-09-23T15:19:17Z,True,2026-09-21T22:00:00+00:00,2026-09-25T21:30:00+00:00,576
semo_pub_dailyloadfcst_202609220450,SEMO,demand,2026,https://reports.sem-o.com/documents/PUB_DailyLoadFcst_202609220450.xml,semo/forecast_vintages/demand/2026/09/PUB_DailyLoadFcst_202609220450.xml,Review the publisher's open-data terms and disclaimer before redistribution.,1.0,data/raw/semo/forecast_vintages/demand/2026/09/PUB_DailyLoadFcst_202609220450.xml,71446,cc7d4d091e413ecee5e942328d669031a35e2dc78661445f1774139887128956,2026-09-23T15:19:16Z,True,2026-09-21T22:00:00+00:00,2026-09-25T21:30:00+00:00,576
semo_pub_dailyloadfcst_202609220500,SEMO,demand,2026,https://reports.sem-o.com/documents/PUB_DailyLoadFcst_202609220500.xml,semo/forecast_vintages/demand/2026/09/PUB_DailyLoadFcst_202609220500.xml,Review the publisher's open-data terms and disclaimer before redistribution.,1.0,data/raw/semo/forecast_vintages/demand/2026/09/PUB_DailyLoadFcst_202609220500.xml,71446,c7c98f7ab3676943a9444ed8ee55e31a86a3fe5bfa4f336273db72be10d5842b,2026-09-23T15:19:17Z,True,2026-09-21T22:00:00+00:00,2026-09-25T21:30:00+00:00,576
semo_pub_dailyloadfcst_202609220505,SEMO,demand,2026,https://reports.sem-o.com/documents/PUB_DailyLoadFcst_202609220505.xml,semo/forecast_vintages/demand/2026/09/PUB_DailyLoadFcst_202609220505.xml,Review the publisher's open-data terms and disclaimer before redistribution.,1.0,data/raw/semo/forecast_vintages/demand/2026/09/PUB_DailyLoadFcst_202609220505.xml,71446,eb8333b88be25b2718f55d17c3a75b93ae35e9cb5939d4d0ce484ed5f7a44976,2026-09-23T15:19:15Z,True,2026-09-21T22:00:00+00:00,2026-09-25T21:30:00+00:00,576
semo_pub_dailyloadfcst_202609220515,SEMO,demand,2026,https://reports.sem-o.com/documents/PUB_DailyLoadFcst_202609220515.xml,semo/forecast_vintages/demand/2026/09/PUB_DailyLoadFcst_202609220515.xml,Review the publisher's open-data terms and disclaimer before redistribution.,1.0,data/raw/semo/forecast_vintages/demand/2026/09/PUB_DailyLoadFcst_202609220515.xml,71446,f28e5081ca1264b63941fef5fd29701eb37b72db903e643da1fc89926922549a,2026-09-23T15:19:17Z,True,2026-09-21T22:00:00+00:00,2026-09-25T21:30:00+00:00,576
semo_pub_dailyloadfcst_202609220520,SEMO,demand,2026,https://reports.sem-o.com/documents/PUB_DailyLoadFcst_202609220520.xml,semo/forecast_vintages/demand/2026/09/PUB_DailyLoadFcst_202609220520.xml,Review the publisher's open-data terms and disclaimer before redistribution.,1.0,data/raw/semo/forecast_vintages/demand/2026/09/PUB_DailyLoadFcst_202609220520.xml,71446,de5931eff742728e1520e5d97ebbb3bdf039f2383d65f2dca9adfdb93d9d6d7b,2026-09-23T15:19:17Z,True,2026-09-21T22:00:00+00:00,2026-09-25T21:30:00+00:00,576
semo_pub_dailyloadfcst_202609220530,SEMO,demand,2026,https://reports.sem-o.com/documents/PUB_DailyLoadFcst_202609220530.xml,semo/forecast_vintages/demand/2026/09/PUB_DailyLoadFcst_202609220530.xml,Review the publisher's open-data terms and disclaimer before redistribution.,1.0,data/raw/semo/forecast_vintages/demand/2026/09/PUB_DailyLoadFcst_202609220530.xml,71446,1df51aff6efef84a02fde63ad635893c6d1bdfded525cd526120eb41273654be,2026-09-23T15:19:17Z,True,2026-09-21T22:00:00+00:00,2026-09-25T21:30:00+00:00,576
semo_pub_dailyloadfcst_202609220535,SEMO,demand,2026,https://reports.sem-o.com/documents/PUB_DailyLoadFcst_202609220535.xml,semo/forecast_vintages/demand/2026/09/PUB_DailyLoadFcst_202609220535.xml,Review the publisher's open-data terms and disclaimer before redistribution.,1.0,data/raw/semo/forecast_vintages/demand/2026/09/PUB_DailyLoadFcst_202609220535.xml,71446,637f7a6dc9e2902309de709678b60445b9787eb98b60c7875612df35236d291d,2026-09-23T15:19:17Z,True,2026-09-21T22:00:00+00:00,2026-09-25T21:30:00+00:00,576
semo_pub_dailyloadfcst_202609220545,SEMO,demand,2026,https://reports.sem-o.com/documents/PUB_DailyLoadFcst_202609220545.xml,semo/forecast_vintages/demand/2026/09/PUB_DailyLoadFcst_202609220545.xml,Review the publisher's open-data terms and disclaimer before redistribution.,1.0,data/raw/semo/forecast_vintages/demand/2026/09/PUB_DailyLoadFcst_202609220545.xml,71446,6152de8ad906f419366a6774bd8fbc0a842e6882ccd0b96c2c70cf03eca51229,2026-09-23T15:19:17Z,True,2026-09-21T22:00:00+00:00,2026-09-25T21:30:00+00:00,576
semo_pub_dailyloadfcst_202609220550,SEMO,demand,2026,https://reports.sem-o.com/documents/PUB_DailyLoadFcst_202609220550.xml,semo/forecast_vintages/demand/2026/09/PUB_DailyLoadFcst_202609220550.xml,Review the publisher's open-data terms and disclaimer before redistribution.,1.0,data/raw/semo/forecast_vintages/demand/2026/09/PUB_DailyLoadFcst_202609220550.xml,71446,dd5f2b17ba55226aa91ff3cd40412908f65b1084b8fa2ffd76a54fa207013921,2026-09-23T15:19:18Z,True,2026-09-21T22:00:00+00:00,2026-09-25T21:30:00+00:00,576
semo_pub_dailyloadfcst_202609220600,SEMO,demand,2026,https://reports.sem-o.com/documents/PUB_DailyLoadFcst_202609220600.xml,semo/forecast_vintages/demand/2026/09/PUB_DailyLoadFcst_202609220600.xml,Review the publisher's open-data terms and disclaimer before redistribution.,1.0,data/raw/semo/forecast_vintages/demand/2026/09/PUB_DailyLoadFcst_202609220600.xml,71446,85a695866fcea3a6a6d35938cd88c3aaade9eb656d6a252b10658d8002655a71,2026-09-23T15:19:19Z,True,2026-09-21T22:00:00+00:00,2026-09-25T21:30:00+00:00,576
semo_pub_dailyloadfcst_202609220605,SEMO,demand,2026,https://reports.sem-o.com/documents/PUB_DailyLoadFcst_202609220605.xml,semo/forecast_vintages/demand/2026/09/PUB_DailyLoadFcst_202609220605.xml,Review the publisher's open-data terms and disclaimer before redistribution.,1.0,data/raw/semo/forecast_vintages/demand/2026/09/PUB_DailyLoadFcst_202609220605.xml,71446,dc85423a94baa4d765e6cbb74eed3872e1d0444c2242e019f30009d3f5e06adf,2026-09-23T15:19:19Z,True,2026-09-21T22:00:00+00:00,2026-09-25T21:30:00+00:00,576
semo_pub_dailyloadfcst_202609220615,SEMO,demand,2026,https://reports.sem-o.com/documents/PUB_DailyLoadFcst_202609220615.xml,semo/forecast_vintages/demand/2026/09/PUB_DailyLoadFcst_202609220615.xml,Review the publisher's open-data terms and disclaimer before redistribution.,1.0,data/raw/semo/forecast_vintages/demand/2026/09/PUB_DailyLoadFcst_202609220615.xml,71446,7d3bb852679a2c3353c3397da66941d20e8002ab2f37294e18bd68c56a27ba9a,2026-09-23T15:19:18Z,True,2026-09-21T22:00:00+00:00,2026-09-25T21:30:00+00:00,576
semo_pub_dailyloadfcst_202609220620,SEMO,demand,2026,https://reports.sem-o.com/documents/PUB_DailyLoadFcst_202609220620.xml,semo/forecast_vintages/demand/2026/09/PUB_DailyLoadFcst_202609220620.xml,Review the publisher's open-data terms and disclaimer before redistribution.,1.0,data/raw/semo/forecast_vintages/demand/2026/09/PUB_DailyLoadFcst_202609220620.xml,71446,a68da2c74ecc721b48ed96d7979dd2dd8c4288811d36f95c05873c6e209c3ea4,2026-09-23T15:19:18Z,True,2026-09-21T22:00:00+00:00,2026-09-25T21:30:00+00:00,576
semo_pub_dailyloadfcst_202609220630,SEMO,demand,2026,https://reports.sem-o.com/documents/PUB_DailyLoadFcst_202609220630.xml,semo/forecast_vintages/demand/2026/09/PUB_DailyLoadFcst_202609220630.xml,Review the publisher's open-data terms and disclaimer before redistribution.,1.0,data/raw/semo/forecast_vintages/demand/2026/09/PUB_DailyLoadFcst_202609220630.xml,71446,3691c95e1f5cd953dc8f1c4393f2b5be6d9840185a50312b915cd7f19e1258fa,2026-09-23T15:19:19Z,True,2026-09-21T22:00:00+00:00,2026-09-25T21:30:00+00:00,576
semo_pub_dailyloadfcst_202609220635,SEMO,demand,2026,https://reports.sem-o.com/documents/PUB_DailyLoadFcst_202609220635.xml,semo/forecast_vintages/demand/2026/09/PUB_DailyLoadFcst_202609220635.xml,Review the publisher's open-data terms and disclaimer before redistribution.,1.0,data/raw/semo/forecast_vintages/demand/2026/09/PUB_DailyLoadFcst_202609220635.xml,71447,c1a50304fba1e52514c07ce20f29f61841dc6ee990b629afda07d349b65e37d4,2026-09-23T15:19:18Z,True,2026-09-21T22:00:00+00:00,2026-09-25T21:30:00+00:00,576
semo_pub_dailyloadfcst_202609220645,SEMO,demand,2026,https://reports.sem-o.com/documents/PUB_DailyLoadFcst_202609220645.xml,semo/forecast_vintages/demand/2026/09/PUB_DailyLoadFcst_202609220645.xml,Review the publisher's open-data terms and disclaimer before redistribution.,1.0,data/raw/semo/forecast_vintages/demand/2026/09/PUB_DailyLoadFcst_202609220645.xml,71447,d6d97ca3e7350b20c91e7873a982abe49721d687105183aa629b14e7c787c33b,2026-09-23T15:19:19Z,True,2026-09-21T22:00:00+00:00,2026-09-25T21:30:00+00:00,576
semo_pub_dailyloadfcst_202609220650,SEMO,demand,2026,https://reports.sem-o.com/documents/PUB_DailyLoadFcst_202609220650.xml,semo/forecast_vintages/demand/2026/09/PUB_DailyLoadFcst_202609220650.xml,Review the publisher's open-data terms and disclaimer before redistribution.,1.0,data/raw/semo/forecast_vintages/demand/2026/09/PUB_DailyLoadFcst_202609220650.xml,71447,c7cb22592f7a38da5009cfb47a03197ce5bd060770f55485f1c990fcef6295a8,2026-09-23T15:19:19Z,True,2026-09-21T22:00:00+00:00,2026-09-25T21:30:00+00:00,576
semo_pub_dailyloadfcst_202609220700,SEMO,demand,2026,https://reports.sem-o.com/documents/PUB_DailyLoadFcst_202609220700.xml,semo/forecast_vintages/demand/2026/09/PUB_DailyLoadFcst_202609220700.xml,Review the publisher's open-data terms and disclaimer before redistribution.,1.0,data/raw/semo/forecast_vintages/demand/2026/09/PUB_DailyLoadFcst_202609220700.xml,71447,49dbbf4e4dce152a478f5eefeccbbd47cdf714876d4ac945f912ef43fa6e6336,2026-09-23T15:19:18Z,True,2026-09-21T22:00:00+00:00,2026-09-25T21:30:00+00:00,576
semo_pub_dailyloadfcst_202609220705,SEMO,demand,2026,https://reports.sem-o.com/documents/PUB_DailyLoadFcst_202609220705.xml,semo/forecast_vintages/demand/2026/09/PUB_DailyLoadFcst_202609220705.xml,Review the publisher's open-data terms and disclaimer before redistribution.,1.0,data/raw/semo/forecast_vintages/demand/2026/09/PUB_DailyLoadFcst_202609220705.xml,71447,2284277cf2cee2642165cb2c3323d3ae93c03ecee997e6b54c2d4e1b87c3bce5,2026-09-23T15:19:19Z,True,2026-09-21T22:00:00+00:00,2026-09-25T21:30:00+00:00,576
semo_pub_dailyloadfcst_202609220715,SEMO,demand,2026,https://reports.sem-o.com/documents/PUB_DailyLoadFcst_202609220715.xml,semo/forecast_vintages/demand/2026/09/PUB_DailyLoadFcst_202609220715.xml,Review the publisher's open-data terms and disclaimer before redistribution.,1.0,data/raw/semo/forecast_vintages/demand/2026/09/PUB_DailyLoadFcst_202609220715.xml,71447,afc5daf7ffcf9de87a727c041221686745e87087ee9ecd5277943c84afbc97f5,2026-09-23T15:19:20Z,True,2026-09-21T22:00:00+00:00,2026-09-25T21:30:00+00:00,576
semo_pub_dailyloadfcst_202609220720,SEMO,demand,2026,https://reports.sem-o.com/documents/PUB_DailyLoadFcst_202609220720.xml,semo/forecast_vintages/demand/2026/09/PUB_DailyLoadFcst_202609220720.xml,Review the publisher's open-data terms and disclaimer before redistribution.,1.0,data/raw/semo/forecast_vintages/demand/2026/09/PUB_DailyLoadFcst_202609220720.xml,71447,91583577c10aec475c467d7c7be038e9a46f7e7bcef3ecfef70f70f630958e03,2026-09-23T15:19:20Z,True,2026-09-21T22:00:00+00:00,2026-09-25T21:30:00+00:00,576
semo_pub_dailyloadfcst_202609220730,SEMO,demand,2026,https://reports.sem-o.com/documents/PUB_DailyLoadFcst_202609220730.xml,semo/forecast_vintages/demand/2026/09/PUB_DailyLoadFcst_202609220730.xml,Review the publisher's open-data terms and disclaimer before redistribution.,1.0,data/raw/semo/forecast_vintages/demand/2026/09/PUB_DailyLoadFcst_202609220730.xml,71447,8295d79f20525749edb33c430b8c5017d80fdf9b521fc712a79adb1b0dd1fc58,2026-09-23T15:19:20Z,True,2026-09-21T22:00:00+00:00,2026-09-25T21:30:00+00:00,576
semo_pub_dailyloadfcst_202609220735,SEMO,demand,2026,https://reports.sem-o.com/documents/PUB_DailyLoadFcst_202609220735.xml,semo/forecast_vintages/demand/2026/09/PUB_DailyLoadFcst_202609220735.xml,Review the publisher's open-data terms and disclaimer before redistribution.,1.0,data/raw/semo/forecast_vintages/demand/2026/09/PUB_DailyLoadFcst_202609220735.xml,71447,08ed278f17bd8b0edd67f16da9b4b2d55341c823ce49fb6526f994fe1bd92ef4,2026-09-23T15:19:19Z,True,2026-09-21T22:00:00+00:00,2026-09-25T21:30:00+00:00,576
semo_pub_dailyloadfcst_202609220745,SEMO,demand,2026,https://reports.sem-o.com/documents/PUB_DailyLoadFcst_202609220745.xml,semo/forecast_vintages/demand/2026/09/PUB_DailyLoadFcst_202609220745.xml,Review the publisher's open-data terms and disclaimer before redistribution.,1.0,data/raw/semo/forecast_vintages/demand/2026/09/PUB_DailyLoadFcst_202609220745.xml,71447,53ee3bd255a3a77f16ce753de85fa63eea22992510175c3562e6220784bba1d9,2026-09-23T15:19:20Z,True,2026-09-21T22:00:00+00:00,2026-09-25T21:30:00+00:00,576
semo_pub_dailyloadfcst_202609220750,SEMO,demand,2026,https://reports.sem-o.com/documents/PUB_DailyLoadFcst_202609220750.xml,semo/forecast_vintages/demand/2026/09/PUB_DailyLoadFcst_202609220750.xml,Review the publisher's open-data terms and disclaimer before redistribution.,1.0,data/raw/semo/forecast_vintages/demand/2026/09/PUB_DailyLoadFcst_202609220750.xml,71447,2e1ae3f9363cc9f9d5b681cfe9ddf6dbf0fdf8e6a12631333697afedfad4e753,2026-09-23T15:19:21Z,True,2026-09-21T22:00:00+00:00,2026-09-25T21:30:00+00:00,576
semo_pub_dailyloadfcst_202609220800,SEMO,demand,2026,https://reports.sem-o.com/documents/PUB_DailyLoadFcst_202609220800.xml,semo/forecast_vintages/demand/2026/09/PUB_DailyLoadFcst_202609220800.xml,Review the publisher's open-data terms and disclaimer before redistribution.,1.0,data/raw/semo/forecast_vintages/demand/2026/09/PUB_DailyLoadFcst_202609220800.xml,71447,f9254b49d5c35a1797b9339f3f95369b6066b987c36ac91d5a2de8ccfb018ef4,2026-09-23T15:19:21Z,True,2026-09-21T22:00:00+00:00,2026-09-25T21:30:00+00:00,576
semo_pub_dailyloadfcst_202609220805,SEMO,demand,2026,https://reports.sem-o.com/documents/PUB_DailyLoadFcst_202609220805.xml,semo/forecast_vintages/demand/2026/09/PUB_DailyLoadFcst_202609220805.xml,Review the publisher's open-data terms and disclaimer before redistribution.,1.0,data/raw/semo/forecast_vintages/demand/2026/09/PUB_DailyLoadFcst_202609220805.xml,71447,85dbc2c350601c769841fde5ae25bdd03cb5c36aec51bd4d798ef09bc7ffbc51,2026-09-23T15:19:21Z,True,2026-09-21T22:00:00+00:00,2026-09-25T21:30:00+00:00,576
semo_pub_dailyloadfcst_202609220815,SEMO,demand,2026,https://reports.sem-o.com/documents/PUB_DailyLoadFcst_202609220815.xml,semo/forecast_vintages/demand/2026/09/PUB_DailyLoadFcst_202609220815.xml,Review the publisher's open-data terms and disclaimer before redistribution.,1.0,data/raw/semo/forecast_vintages/demand/2026/09/PUB_DailyLoadFcst_202609220815.xml,71447,a927befca82800d0711cd4830adc5fc1c805e52b204944177fbe9aab675c1c52,2026-09-23T15:19:21Z,True,2026-09-21T22:00:00+00:00,2026-09-25T21:30:00+00:00,576
semo_pub_dailyloadfcst_202609220820,SEMO,demand,2026,https://reports.sem-o.com/documents/PUB_DailyLoadFcst_202609220820.xml,semo/forecast_vintages/demand/2026/09/PUB_DailyLoadFcst_202609220820.xml,Review the publisher's open-data terms and disclaimer before redistribution.,1.0,data/raw/semo/forecast_vintages/demand/2026/09/PUB_DailyLoadFcst_202609220820.xml,71447,f3bd819a9ea958a2b9a8bb1319df04525c19cf890e8ba0675cffaf6f03b8e70a,2026-09-23T15:19:21Z,True,2026-09-21T22:00:00+00:00,2026-09-25T21:30:00+00:00,576
semo_pub_dailyloadfcst_202609220830,SEMO,demand,2026,https://reports.sem-o.com/documents/PUB_DailyLoadFcst_202609220830.xml,semo/forecast_vintages/demand/2026/09/PUB_DailyLoadFcst_202609220830.xml,Review the publisher's open-data terms and disclaimer before redistribution.,1.0,data/raw/semo/forecast_vintages/demand/2026/09/PUB_DailyLoadFcst_202609220830.xml,71447,b2f7697ca6f68533ff0ac0a91a7b3a0793e4800cdc1fdd9e4e45b8109cd15261,2026-09-23T15:19:21Z,True,2026-09-21T22:00:00+00:00,2026-09-25T21:30:00+00:00,576
semo_pub_dailyloadfcst_202609220835,SEMO,demand,2026,https://reports.sem-o.com/documents/PUB_DailyLoadFcst_202609220835.xml,semo/forecast_vintages/demand/2026/09/PUB_DailyLoadFcst_202609220835.xml,Review the publisher's open-data terms and disclaimer before redistribution.,1.0,data/raw/semo/forecast_vintages/demand/2026/09/PUB_DailyLoadFcst_202609220835.xml,71447,c6c9ac5fc6b2078505e4db202339619040b546b150a77192867a4ea00e6f52ff,2026-09-23T15:19:21Z,True,2026-09-21T22:00:00+00:00,2026-09-25T21:30:00+00:00,576
semo_pub_dailyloadfcst_202609220845,SEMO,demand,2026,https://reports.sem-o.com/documents/PUB_DailyLoadFcst_202609220845.xml,semo/forecast_vintages/demand/2026/09/PUB_DailyLoadFcst_202609220845.xml,Review the publisher's open-data terms and disclaimer before redistribution.,1.0,data/raw/semo/forecast_vintages/demand/2026/09/PUB_DailyLoadFcst_202609220845.xml,71447,1fc801684e047cb795f45f3d8237c562ed4744114d8fc9a143b7550678df973a,2026-09-23T15:19:21Z,True,2026-09-21T22:00:00+00:00,2026-09-25T21:30:00+00:00,576
semo_pub_dailyloadfcst_202609220850,SEMO,demand,2026,https://reports.sem-o.com/documents/PUB_DailyLoadFcst_202609220850.xml,semo/forecast_vintages/demand/2026/09/PUB_DailyLoadFcst_202609220850.xml,Review the publisher's open-data terms and disclaimer before redistribution.,1.0,data/raw/semo/forecast_vintages/demand/2026/09/PUB_DailyLoadFcst_202609220850.xml,71447,6d506957bcf9ce707f3b85c3198e3332892fd530156025b13a1430b34be55293,2026-09-23T15:19:21Z,True,2026-09-21T22:00:00+00:00,2026-09-25T21:30:00+00:00,576
semo_pub_dailyloadfcst_202609220900,SEMO,demand,2026,https://reports.sem-o.com/documents/PUB_DailyLoadFcst_202609220900.xml,semo/forecast_vintages/demand/2026/09/PUB_DailyLoadFcst_202609220900.xml,Review the publisher's open-data terms and disclaimer before redistribution.,1.0,data/raw/semo/forecast_vintages/demand/2026/09/PUB_DailyLoadFcst_202609220900.xml,71447,1c88ae41fca54e09a805e103714b4019891784de7886be96e8aa664d9eedec50,2026-09-23T15:19:21Z,True,2026-09-21T22:00:00+00:00,2026-09-25T21:30:00+00:00,576
semo_pub_dailyloadfcst_202609221145,SEMO,demand,2026,https://reports.sem-o.com/documents/PUB_DailyLoadFcst_202609221145.xml,semo/forecast_vintages/demand/2026/09/PUB_DailyLoadFcst_202609221145.xml,Review the publisher's open-data terms and disclaimer before redistribution.,1.0,data/raw/semo/forecast_vintages/demand/2026/09/PUB_DailyLoadFcst_202609221145.xml,71447,ea130a97333533277db43b1b968bb29cc049f2fdcb2010b9319cc6dcf86b5d48,2026-09-23T15:19:21Z,True,2026-09-21T22:00:00+00:00,2026-09-25T21:30:00+00:00,576
semo_pub_dailyloadfcst_202609221150,SEMO,demand,2026,https://reports.sem-o.com/documents/PUB_DailyLoadFcst_202609221150.xml,semo/forecast_vintages/demand/2026/09/PUB_DailyLoadFcst_202609221150.xml,Review the publisher's open-data terms and disclaimer before redistribution.,1.0,data/raw/semo/forecast_vintages/demand/2026/09/PUB_DailyLoadFcst_202609221150.xml,71449,c9ebdabe55c8f631bee4bfc1f9549aaa50bc63c7b69df97656aa8b94893031cc,2026-09-23T15:19:22Z,True,2026-09-21T22:00:00+00:00,2026-09-25T21:30:00+00:00,576
semo_pub_dailyloadfcst_202609221200,SEMO,demand,2026,https://reports.sem-o.com/documents/PUB_DailyLoadFcst_202609221200.xml,semo/forecast_vintages/demand/2026/09/PUB_DailyLoadFcst_202609221200.xml,Review the publisher's open-data terms and disclaimer before redistribution.,1.0,data/raw/semo/forecast_vintages/demand/2026/09/PUB_DailyLoadFcst_202609221200.xml,71449,ae9a244b4266fa4c2f74b9154c86eb4c95c18737936c612f6d0c796835b74305,2026-09-23T15:19:22Z,True,2026-09-21T22:00:00+00:00,2026-09-25T21:30:00+00:00,576
semo_pub_dailyloadfcst_202609221205,SEMO,demand,2026,https://reports.sem-o.com/documents/PUB_DailyLoadFcst_202609221205.xml,semo/forecast_vintages/demand/2026/09/PUB_DailyLoadFcst_202609221205.xml,Review the publisher's open-data terms and disclaimer before redistribution.,1.0,data/raw/semo/forecast_vintages/demand/2026/09/PUB_DailyLoadFcst_202609221205.xml,71448,7d973c98c3e93334bf02bb9d3daa0232a1ac69f6d56b010ea05b1076e5e10843,2026-09-23T15:19:22Z,True,2026-09-21T22:00:00+00:00,2026-09-25T21:30:00+00:00,576
semo_pub_dailyloadfcst_202609221215,SEMO,demand,2026,https://reports.sem-o.com/documents/PUB_DailyLoadFcst_202609221215.xml,semo/forecast_vintages/demand/2026/09/PUB_DailyLoadFcst_202609221215.xml,Review the publisher's open-data terms and disclaimer before redistribution.,1.0,data/raw/semo/forecast_vintages/demand/2026/09/PUB_DailyLoadFcst_202609221215.xml,71448,a6355576ccd8c127a6fdf54ac3798026edfc336c12b27cf6c26f0085105793fa,2026-09-23T15:19:22Z,True,2026-09-21T22:00:00+00:00,2026-09-25T21:30:00+00:00,576
semo_pub_dailyloadfcst_202609221220,SEMO,demand,2026,https://reports.sem-o.com/documents/PUB_DailyLoadFcst_202609221220.xml,semo/forecast_vintages/demand/2026/09/PUB_DailyLoadFcst_202609221220.xml,Review the publisher's open-data terms and disclaimer before redistribution.,1.0,data/raw/semo/forecast_vintages/demand/2026/09/PUB_DailyLoadFcst_202609221220.xml,71448,acd520d26a797acd42d2c466f8c23e670dc0d3ec9a9947c1b0fa89dec292adc5,2026-09-23T15:19:22Z,True,2026-09-21T22:00:00+00:00,2026-09-25T21:30:00+00:00,576
semo_pub_dailyloadfcst_202609221230,SEMO,demand,2026,https://reports.sem-o.com/documents/PUB_DailyLoadFcst_202609221230.xml,semo/forecast_vintages/demand/2026/09/PUB_DailyLoadFcst_202609221230.xml,Review the publisher's open-data terms and disclaimer before redistribution.,1.0,data/raw/semo/forecast_vintages/demand/2026/09/PUB_DailyLoadFcst_202609221230.xml,71448,77f63d3dcfadee865e23e191763bde9a3702e605deca5b3e93981439a2df39a3,2026-09-23T15:19:22Z,True,2026-09-21T22:00:00+00:00,2026-09-25T21:30:00+00:00,576
semo_pub_dailyloadfcst_202609221235,SEMO,demand,2026,https://reports.sem-o.com/documents/PUB_DailyLoadFcst_202609221235.xml,semo/forecast_vintages/demand/2026/09/PUB_DailyLoadFcst_202609221235.xml,Review the publisher's open-data terms and disclaimer before redistribution.,1.0,data/raw/semo/forecast_vintages/demand/2026/09/PUB_DailyLoadFcst_202609221235.xml,71448,3e5aa8371e54fbde370c1867ce36cb4a2a8ab12eefd24e43c75fb6f41417a13d,2026-09-23T15:19:24Z,True,2026-09-21T22:00:00+00:00,2026-09-25T21:30:00+00:00,576
semo_pub_dailyloadfcst_202609221245,SEMO,demand,2026,https://reports.sem-o.com/documents/PUB_DailyLoadFcst_202609221245.xml,semo/forecast_vintages/demand/2026/09/PUB_DailyLoadFcst_202609221245.xml,Review the publisher's open-data terms and disclaimer before redistribution.,1.0,data/raw/semo/forecast_vintages/demand/2026/09/PUB_DailyLoadFcst_202609221245.xml,71448,0d25d61ed38f3a147029590b07a5ed336eec48a982f4bcce455b454b563879d4,2026-09-23T15:19:25Z,True,2026-09-21T22:00:00+00:00,2026-09-25T21:30:00+00:00,576
semo_pub_dailyloadfcst_202609221250,SEMO,demand,2026,https://reports.sem-o.com/documents/PUB_DailyLoadFcst_202609221250.xml,semo/forecast_vintages/demand/2026/09/PUB_DailyLoadFcst_202609221250.xml,Review the publisher's open-data terms and disclaimer before redistribution.,1.0,data/raw/semo/forecast_vintages/demand/2026/09/PUB_DailyLoadFcst_202609221250.xml,71448,ed23731d228c0c04c889b6ef0f2d7126e2515bc9f779e52a2850452ba1043dce,2026-09-23T15:19:25Z,True,2026-09-21T22:00:00+00:00,2026-09-25T21:30:00+00:00,576
semo_pub_dailyloadfcst_202609221300,SEMO,demand,2026,https://reports.sem-o.com/documents/PUB_DailyLoadFcst_202609221300.xml,semo/forecast_vintages/demand/2026/09/PUB_DailyLoadFcst_202609221300.xml,Review the publisher's open-data terms and disclaimer before redistribution.,1.0,data/raw/semo/forecast_vintages/demand/2026/09/PUB_DailyLoadFcst_202609221300.xml,71448,eaf4f17b225efbcca29246171df0d9d8b82b213b0780c976e7f867c67550750d,2026-09-23T15:19:25Z,True,2026-09-21T22:00:00+00:00,2026-09-25T21:30:00+00:00,576
semo_pub_dailyloadfcst_202609221305,SEMO,demand,2026,https://reports.sem-o.com/documents/PUB_DailyLoadFcst_202609221305.xml,semo/forecast_vintages/demand/2026/09/PUB_DailyLoadFcst_202609221305.xml,Review the publisher's open-data terms and disclaimer before redistribution.,1.0,data/raw/semo/forecast_vintages/demand/2026/09/PUB_DailyLoadFcst_202609221305.xml,71448,94652c7a763708775252842d5a4f0ba3b6a89f8026848d29231e8c2b3e52d80d,2026-09-23T15:19:25Z,True,2026-09-21T22:00:00+00:00,2026-09-25T21:30:00+00:00,576
semo_pub_dailyloadfcst_202609221315,SEMO,demand,2026,https://reports.sem-o.com/documents/PUB_DailyLoadFcst_202609221315.xml,semo/forecast_vintages/demand/2026/09/PUB_DailyLoadFcst_202609221315.xml,Review the publisher's open-data terms and disclaimer before redistribution.,1.0,data/raw/semo/forecast_vintages/demand/2026/09/PUB_DailyLoadFcst_202609221315.xml,71448,751e74c013ec74e2995086062aaa6231da732c7b254cc8963b1e0af486634cc7,2026-09-23T15:19:26Z,True,2026-09-21T22:00:00+00:00,2026-09-25T21:30:00+00:00,576
semo_pub_dailyloadfcst_202609221320,SEMO,demand,2026,https://reports.sem-o.com/documents/PUB_DailyLoadFcst_202609221320.xml,semo/forecast_vintages/demand/2026/09/PUB_DailyLoadFcst_202609221320.xml,Review the publisher's open-data terms and disclaimer before redistribution.,1.0,data/raw/semo/forecast_vintages/demand/2026/09/PUB_DailyLoadFcst_202609221320.xml,71448,cc765ec02a58c8699df5852f75291e35602b9f41841a0a516920bceb99144402,2026-09-23T15:19:26Z,True,2026-09-21T22:00:00+00:00,2026-09-25T21:30:00+00:00,576
semo_pub_dailyloadfcst_202609221330,SEMO,demand,2026,https://reports.sem-o.com/documents/PUB_DailyLoadFcst_202609221330.xml,semo/forecast_vintages/demand/2026/09/PUB_DailyLoadFcst_202609221330.xml,Review the publisher's open-data terms and disclaimer before redistribution.,1.0,data/raw/semo/forecast_vintages/demand/2026/09/PUB_DailyLoadFcst_202609221330.xml,71448,60edbdbfbafb19ad3aeee898f36ae4e31b9966694fd86e2a016f2847b0faa563,2026-09-23T15:19:26Z,True,2026-09-21T22:00:00+00:00,2026-09-25T21:30:00+00:00,576
semo_pub_dailyloadfcst_202609221335,SEMO,demand,2026,https://reports.sem-o.com/documents/PUB_DailyLoadFcst_202609221335.xml,semo/forecast_vintages/demand/2026/09/PUB_DailyLoadFcst_202609221335.xml,Review the publisher's open-data terms and disclaimer before redistribution.,1.0,data/raw/semo/forecast_vintages/demand/2026/09/PUB_DailyLoadFcst_202609221335.xml,71448,1a804c1dae2295c3d873efcebf7801e96049918475d40cfb5c8e00bcf44c1e4c,2026-09-23T15:19:26Z,True,2026-09-21T22:00:00+00:00,2026-09-25T21:30:00+00:00,576
semo_pub_dailyloadfcst_202609221345,SEMO,demand,2026,https://reports.sem-o.com/documents/PUB_DailyLoadFcst_202609221345.xml,semo/forecast_vintages/demand/2026/09/PUB_DailyLoadFcst_202609221345.xml,Review the publisher's open-data terms and disclaimer before redistribution.,1.0,data/raw/semo/forecast_vintages/demand/2026/09/PUB_DailyLoadFcst_202609221345.xml,71448,c2c6980ea216a1fe24ac2cdf74b52b0c141b93add11e9b3100990aef2b3bbf14,2026-09-23T15:19:28Z,True,2026-09-21T22:00:00+00:00,2026-09-25T21:30:00+00:00,576
semo_pub_dailyloadfcst_202609221350,SEMO,demand,2026,https://reports.sem-o.com/documents/PUB_DailyLoadFcst_202609221350.xml,semo/forecast_vintages/demand/2026/09/PUB_DailyLoadFcst_202609221350.xml,Review the publisher's open-data terms and disclaimer before redistribution.,1.0,data/raw/semo/forecast_vintages/demand/2026/09/PUB_DailyLoadFcst_202609221350.xml,71448,ce47ed8d98e918339f62fc59ee1486aea2ca74efca9466d7b6c2f7c585f7a940,2026-09-23T15:19:28Z,True,2026-09-21T22:00:00+00:00,2026-09-25T21:30:00+00:00,576
semo_pub_dailyloadfcst_202609221400,SEMO,demand,2026,https://reports.sem-o.com/documents/PUB_DailyLoadFcst_202609221400.xml,semo/forecast_vintages/demand/2026/09/PUB_DailyLoadFcst_202609221400.xml,Review the publisher's open-data terms and disclaimer before redistribution.,1.0,data/raw/semo/forecast_vintages/demand/2026/09/PUB_DailyLoadFcst_202609221400.xml,71448,4647a74ad2f4c95334394341e0f4c420d711ec81f96393e918f316d7f16b7d5b,2026-09-23T15:19:28Z,True,2026-09-21T22:00:00+00:00,2026-09-25T21:30:00+00:00,576
semo_pub_dailyloadfcst_202609221405,SEMO,demand,2026,https://reports.sem-o.com/documents/PUB_DailyLoadFcst_202609221405.xml,semo/forecast_vintages/demand/2026/09/PUB_DailyLoadFcst_202609221405.xml,Review the publisher's open-data terms and disclaimer before redistribution.,1.0,data/raw/semo/forecast_vintages/demand/2026/09/PUB_DailyLoadFcst_202609221405.xml,71448,bb1070d35116b5b2a7f6bc4f7f32a1fc9696cee1c1f941c2c87d482fa32721c9,2026-09-23T15:19:34Z,True,2026-09-21T22:00:00+00:00,2026-09-25T21:30:00+00:00,576
semo_pub_dailyloadfcst_202609221415,SEMO,demand,2026,https://reports.sem-o.com/documents/PUB_DailyLoadFcst_202609221415.xml,semo/forecast_vintages/demand/2026/09/PUB_DailyLoadFcst_202609221415.xml,Review the publisher's open-data terms and disclaimer before redistribution.,1.0,data/raw/semo/forecast_vintages/demand/2026/09/PUB_DailyLoadFcst_202609221415.xml,71448,9da6250a0b905cf590979c9459e5330923841e2645cfa6ab6ab68ffd475552d1,2026-09-23T15:19:31Z,True,2026-09-21T22:00:00+00:00,2026-09-25T21:30:00+00:00,576
semo_pub_dailyloadfcst_202609221420,SEMO,demand,2026,https://reports.sem-o.com/documents/PUB_DailyLoadFcst_202609221420.xml,semo/forecast_vintages/demand/2026/09/PUB_DailyLoadFcst_202609221420.xml,Review the publisher's open-data terms and disclaimer before redistribution.,1.0,data/raw/semo/forecast_vintages/demand/2026/09/PUB_DailyLoadFcst_202609221420.xml,71448,847db52d06595b3d15f8d9cef5195cdb179b099826107ed0bb22da1cd7061db3,2026-09-23T15:19:31Z,True,2026-09-21T22:00:00+00:00,2026-09-25T21:30:00+00:00,576
semo_pub_dailyloadfcst_202609221430,SEMO,demand,2026,https://reports.sem-o.com/documents/PUB_DailyLoadFcst_202609221430.xml,semo/forecast_vintages/demand/2026/09/PUB_DailyLoadFcst_202609221430.xml,Review the publisher's open-data terms and disclaimer before redistribution.,1.0,data/raw/semo/forecast_vintages/demand/2026/09/PUB_DailyLoadFcst_202609221430.xml,71448,f525814850dabb1d79045d4a935f68192fac98bb0c2e26180af071e896090e54,2026-09-23T15:19:31Z,True,2026-09-21T22:00:00+00:00,2026-09-25T21:30:00+00:00,576
semo_pub_dailyloadfcst_202609221435,SEMO,demand,2026,https://reports.sem-o.com/documents/PUB_DailyLoadFcst_202609221435.xml,semo/forecast_vintages/demand/2026/09/PUB_DailyLoadFcst_202609221435.xml,Review the publisher's open-data terms and disclaimer before redistribution.,1.0,data/raw/semo/forecast_vintages/demand/2026/09/PUB_DailyLoadFcst_202609221435.xml,71448,1d639f2595b0b119d13b86c4ae34d66b18272852d4f97bcb05fedebe0252a898,2026-09-23T15:19:29Z,True,2026-09-21T22:00:00+00:00,2026-09-25T21:30:00+00:00,576
semo_pub_dailyloadfcst_202609221445,SEMO,demand,2026,https://reports.sem-o.com/documents/PUB_DailyLoadFcst_202609221445.xml,semo/forecast_vintages/demand/2026/09/PUB_DailyLoadFcst_202609221445.xml,Review the publisher's open-data terms and disclaimer before redistribution.,1.0,data/raw/semo/forecast_vintages/demand/2026/09/PUB_DailyLoadFcst_202609221445.xml,71448,c51bc1935267f6c72747acc1c3dd80ff56a08e99176aa427bd021bba3174573c,2026-09-23T15:19:29Z,True,2026-09-21T22:00:00+00:00,2026-09-25T21:30:00+00:00,576
semo_pub_dailyloadfcst_202609221450,SEMO,demand,2026,https://reports.sem-o.com/documents/PUB_DailyLoadFcst_202609221450.xml,semo/forecast_vintages/demand/2026/09/PUB_DailyLoadFcst_202609221450.xml,Review the publisher's open-data terms and disclaimer before redistribution.,1.0,data/raw/semo/forecast_vintages/demand/2026/09/PUB_DailyLoadFcst_202609221450.xml,71448,6af8ac80cf8eab03c5db2433f002d4db7bb55f35679fff04031da342369d53b5,2026-09-23T15:19:29Z,True,2026-09-21T22:00:00+00:00,2026-09-25T21:30:00+00:00,576
semo_pub_dailyloadfcst_202609221500,SEMO,demand,2026,https://reports.sem-o.com/documents/PUB_DailyLoadFcst_202609221500.xml,semo/forecast_vintages/demand/2026/09/PUB_DailyLoadFcst_202609221500.xml,Review the publisher's open-data terms and disclaimer before redistribution.,1.0,data/raw/semo/forecast_vintages/demand/2026/09/PUB_DailyLoadFcst_202609221500.xml,71448,99616ef30e9c5f1e4b434f63655839beb6464a1cc855aa6419e2e22e21812254,2026-09-23T15:19:29Z,True,2026-09-21T22:00:00+00:00,2026-09-25T21:30:00+00:00,576
semo_pub_dailyloadfcst_202609221505,SEMO,demand,2026,https://reports.sem-o.com/documents/PUB_DailyLoadFcst_202609221505.xml,semo/forecast_vintages/demand/2026/09/PUB_DailyLoadFcst_202609221505.xml,Review the publisher's open-data terms and disclaimer before redistribution.,1.0,data/raw/semo/forecast_vintages/demand/2026/09/PUB_DailyLoadFcst_202609221505.xml,71448,561373fc515a9e008822616ba8fd273266a0fb6ec18d28f9d5a3abb4cc4c1547,2026-09-23T15:19:30Z,True,2026-09-21T22:00:00+00:00,2026-09-25T21:30:00+00:00,576
semo_pub_dailyloadfcst_202609221515,SEMO,demand,2026,https://reports.sem-o.com/documents/PUB_DailyLoadFcst_202609221515.xml,semo/forecast_vintages/demand/2026/09/PUB_DailyLoadFcst_202609221515.xml,Review the publisher's open-data terms and disclaimer before redistribution.,1.0,data/raw/semo/forecast_vintages/demand/2026/09/PUB_DailyLoadFcst_202609221515.xml,71448,2d2494e1450d1d7e9028580cc94036432a6a6865f490cc97bc2773106ea002f0,2026-09-23T15:19:30Z,True,2026-09-21T22:00:00+00:00,2026-09-25T21:30:00+00:00,576
semo_pub_dailyloadfcst_202609221520,SEMO,demand,2026,https://reports.sem-o.com/documents/PUB_DailyLoadFcst_202609221520.xml,semo/forecast_vintages/demand/2026/09/PUB_DailyLoadFcst_202609221520.xml,Review the publisher's open-data terms and disclaimer before redistribution.,1.0,data/raw/semo/forecast_vintages/demand/2026/09/PUB_DailyLoadFcst_202609221520.xml,71448,08e534594aa05da3f8cee85c32ad9d5142e2dcfa648fdde80062a60bc9cec55c,2026-09-23T15:19:30Z,True,2026-09-21T22:00:00+00:00,2026-09-25T21:30:00+00:00,576
semo_pub_dailyloadfcst_202609221530,SEMO,demand,2026,https://reports.sem-o.com/documents/PUB_DailyLoadFcst_202609221530.xml,semo/forecast_vintages/demand/2026/09/PUB_DailyLoadFcst_202609221530.xml,Review the publisher's open-data terms and disclaimer before redistribution.,1.0,data/raw/semo/forecast_vintages/demand/2026/09/PUB_DailyLoadFcst_202609221530.xml,71448,452939b6fc9df164b9c4fb11f26e90bd1fc5ca384d4739403a790d1681721163,2026-09-23T15:19:30Z,True,2026-09-21T22:00:00+00:00,2026-09-25T21:30:00+00:00,576
semo_pub_dailyloadfcst_202609221535,SEMO,demand,2026,https://reports.sem-o.com/documents/PUB_DailyLoadFcst_202609221535.xml,semo/forecast_vintages/demand/2026/09/PUB_DailyLoadFcst_202609221535.xml,Review the publisher's open-data terms and disclaimer before redistribution.,1.0,data/raw/semo/forecast_vintages/demand/2026/09/PUB_DailyLoadFcst_202609221535.xml,71448,f35d2601dbf436b1505e8597f4345eb9e3e939c8de6ad5ebab23d76f54348f19,2026-09-23T15:19:30Z,True,2026-09-21T22:00:00+00:00,2026-09-25T21:30:00+00:00,576
semo_pub_dailyloadfcst_202609221545,SEMO,demand,2026,https://reports.sem-o.com/documents/PUB_DailyLoadFcst_202609221545.xml,semo/forecast_vintages/demand/2026/09/PUB_DailyLoadFcst_202609221545.xml,Review the publisher's open-data terms and disclaimer before redistribution.,1.0,data/raw/semo/forecast_vintages/demand/2026/09/PUB_DailyLoadFcst_202609221545.xml,71448,3962be4ae1db81e626e0d0d6ff7315a9366be4189d46eca8f63e937328afb4f8,2026-09-23T15:19:31Z,True,2026-09-21T22:00:00+00:00,2026-09-25T21:30:00+00:00,576
semo_pub_dailyloadfcst_202609221550,SEMO,demand,2026,https://reports.sem-o.com/documents/PUB_DailyLoadFcst_202609221550.xml,semo/forecast_vintages/demand/2026/09/PUB_DailyLoadFcst_202609221550.xml,Review the publisher's open-data terms and disclaimer before redistribution.,1.0,data/raw/semo/forecast_vintages/demand/2026/09/PUB_DailyLoadFcst_202609221550.xml,71448,b00e732dd71feb46394d5c9911b434a7806e5a1a0d4841ceb235c284d99e3456,2026-09-23T15:19:31Z,True,2026-09-21T22:00:00+00:00,2026-09-25T21:30:00+00:00,576
semo_pub_dailyloadfcst_202609221600,SEMO,demand,2026,https://reports.sem-o.com/documents/PUB_DailyLoadFcst_202609221600.xml,semo/forecast_vintages/demand/2026/09/PUB_DailyLoadFcst_202609221600.xml,Review the publisher's open-data terms and disclaimer before redistribution.,1.0,data/raw/semo/forecast_vintages/demand/2026/09/PUB_DailyLoadFcst_202609221600.xml,71448,232309a5ba7d976909012a5414cae51d5455818f668b2b497d4e83cec481fc74,2026-09-23T15:19:33Z,True,2026-09-21T22:00:00+00:00,2026-09-25T21:30:00+00:00,576
semo_pub_dailyloadfcst_202609221605,SEMO,demand,2026,https://reports.sem-o.com/documents/PUB_DailyLoadFcst_202609221605.xml,semo/forecast_vintages/demand/2026/09/PUB_DailyLoadFcst_202609221605.xml,Review the publisher's open-data terms and disclaimer before redistribution.,1.0,data/raw/semo/forecast_vintages/demand/2026/09/PUB_DailyLoadFcst_202609221605.xml,71448,3fd3b6f5fba1e6f727d8dadfd2a05fe856d796e58111e65603a1488862ba821c,2026-09-23T15:19:33Z,True,2026-09-21T22:00:00+00:00,2026-09-25T21:30:00+00:00,576
semo_pub_dailyloadfcst_202609221615,SEMO,demand,2026,https://reports.sem-o.com/documents/PUB_DailyLoadFcst_202609221615.xml,semo/forecast_vintages/demand/2026/09/PUB_DailyLoadFcst_202609221615.xml,Review the publisher's open-data terms and disclaimer before redistribution.,1.0,data/raw/semo/forecast_vintages/demand/2026/09/PUB_DailyLoadFcst_202609221615.xml,71448,004faf58a545a7eff05d3da4ce438a1f89488e15567a126c9d3f21e49625e712,2026-09-23T15:19:33Z,True,2026-09-21T22:00:00+00:00,2026-09-25T21:30:00+00:00,576
semo_pub_dailyloadfcst_202609221620,SEMO,demand,2026,https://reports.sem-o.com/documents/PUB_DailyLoadFcst_202609221620.xml,semo/forecast_vintages/demand/2026/09/PUB_DailyLoadFcst_202609221620.xml,Review the publisher's open-data terms and disclaimer before redistribution.,1.0,data/raw/semo/forecast_vintages/demand/2026/09/PUB_DailyLoadFcst_202609221620.xml,71448,fbd02fd56f02a95e882eb0b7c85cd605fe66eaa6efd35c80360fb593083b3c28,2026-09-23T15:19:34Z,True,2026-09-21T22:00:00+00:00,2026-09-25T21:30:00+00:00,576
semo_pub_dailyloadfcst_202609221630,SEMO,demand,2026,https://reports.sem-o.com/documents/PUB_DailyLoadFcst_202609221630.xml,semo/forecast_vintages/demand/2026/09/PUB_DailyLoadFcst_202609221630.xml,Review the publisher's open-data terms and disclaimer before redistribution.,1.0,data/raw/semo/forecast_vintages/demand/2026/09/PUB_DailyLoadFcst_202609221630.xml,71448,42e6547ac0d8be8009ae6278926441bb4416b2e786c9499a2db4a08326ca4965,2026-09-23T15:19:33Z,True,2026-09-21T22:00:00+00:00,2026-09-25T21:30:00+00:00,576
semo_pub_dailyloadfcst_202609221635,SEMO,demand,2026,https://reports.sem-o.com/documents/PUB_DailyLoadFcst_202609221635.xml,semo/forecast_vintages/demand/2026/09/PUB_DailyLoadFcst_202609221635.xml,Review the publisher's open-data terms and disclaimer before redistribution.,1.0,data/raw/semo/forecast_vintages/demand/2026/09/PUB_DailyLoadFcst_202609221635.xml,71448,412b66de975be0dbe39eda8987805d979c322f0fa42de952df37c5f0b2cda54b,2026-09-23T15:19:33Z,True,2026-09-21T22:00:00+00:00,2026-09-25T21:30:00+00:00,576
semo_pub_dailyloadfcst_202609221645,SEMO,demand,2026,https://reports.sem-o.com/documents/PUB_DailyLoadFcst_202609221645.xml,semo/forecast_vintages/demand/2026/09/PUB_DailyLoadFcst_202609221645.xml,Review the publisher's open-data terms and disclaimer before redistribution.,1.0,data/raw/semo/forecast_vintages/demand/2026/09/PUB_DailyLoadFcst_202609221645.xml,71448,dad8ec42e4c2084f91d4910431d71b9c59a9fa119fca7351082a0f5089d5701c,2026-09-23T15:19:33Z,True,2026-09-21T22:00:00+00:00,2026-09-25T21:30:00+00:00,576
semo_pub_dailyloadfcst_202609221650,SEMO,demand,2026,https://reports.sem-o.com/documents/PUB_DailyLoadFcst_202609221650.xml,semo/forecast_vintages/demand/2026/09/PUB_DailyLoadFcst_202609221650.xml,Review the publisher's open-data terms and disclaimer before redistribution.,1.0,data/raw/semo/forecast_vintages/demand/2026/09/PUB_DailyLoadFcst_202609221650.xml,71448,4b961f0903ffa2c6ce8112358e0eb34ebd633439576adfc7126263d0a1fb0571,2026-09-23T15:19:34Z,True,2026-09-21T22:00:00+00:00,2026-09-25T21:30:00+00:00,576
semo_pub_dailyloadfcst_202609221700,SEMO,demand,2026,https://reports.sem-o.com/documents/PUB_DailyLoadFcst_202609221700.xml,semo/forecast_vintages/demand/2026/09/PUB_DailyLoadFcst_202609221700.xml,Review the publisher's open-data terms and disclaimer before redistribution.,1.0,data/raw/semo/forecast_vintages/demand/2026/09/PUB_DailyLoadFcst_202609221700.xml,71448,61a1915a916e978ab6437a66b7df9c0082ad6fa7e1f71e7c2c71f202d60dfb9d,2026-09-23T15:19:34Z,True,2026-09-21T22:00:00+00:00,2026-09-25T21:30:00+00:00,576
semo_pub_dailyloadfcst_202609221705,SEMO,demand,2026,https://reports.sem-o.com/documents/PUB_DailyLoadFcst_202609221705.xml,semo/forecast_vintages/demand/2026/09/PUB_DailyLoadFcst_202609221705.xml,Review the publisher's open-data terms and disclaimer before redistribution.,1.0,data/raw/semo/forecast_vintages/demand/2026/09/PUB_DailyLoadFcst_202609221705.xml,71444,2345fa239bd2146c7f323ceb3b263511efdf81977d9fdd1ed2e236777490390d,2026-09-23T15:19:34Z,True,2026-09-21T22:00:00+00:00,2026-09-25T21:30:00+00:00,576
semo_pub_dailyloadfcst_202609221715,SEMO,demand,2026,https://reports.sem-o.com/documents/PUB_DailyLoadFcst_202609221715.xml,semo/forecast_vintages/demand/2026/09/PUB_DailyLoadFcst_202609221715.xml,Review the publisher's open-data terms and disclaimer before redistribution.,1.0,data/raw/semo/forecast_vintages/demand/2026/09/PUB_DailyLoadFcst_202609221715.xml,71444,9faf455f23dde7ac9c47d2622fb5e25a0f048fcd962893de45c8b02142d0f542,2026-09-23T15:19:34Z,True,2026-09-21T22:00:00+00:00,2026-09-25T21:30:00+00:00,576
semo_pub_dailyloadfcst_202609221720,SEMO,demand,2026,https://reports.sem-o.com/documents/PUB_DailyLoadFcst_202609221720.xml,semo/forecast_vintages/demand/2026/09/PUB_DailyLoadFcst_202609221720.xml,Review the publisher's open-data terms and disclaimer before redistribution.,1.0,data/raw/semo/forecast_vintages/demand/2026/09/PUB_DailyLoadFcst_202609221720.xml,71444,f603fd1ec11af880a61c79e0ed17bb4db3a4b39e2672c8962b5baeaf0df365ea,2026-09-23T15:19:36Z,True,2026-09-21T22:00:00+00:00,2026-09-25T21:30:00+00:00,576
semo_pub_dailyloadfcst_202609221730,SEMO,demand,2026,https://reports.sem-o.com/documents/PUB_DailyLoadFcst_202609221730.xml,semo/forecast_vintages/demand/2026/09/PUB_DailyLoadFcst_202609221730.xml,Review the publisher's open-data terms and disclaimer before redistribution.,1.0,data/raw/semo/forecast_vintages/demand/2026/09/PUB_DailyLoadFcst_202609221730.xml,71444,fa762084daf5d3b904d3b9b6605eb62f1c547aca8a6fa74a38e1ba0f4bb69417,2026-09-23T15:19:36Z,True,2026-09-21T22:00:00+00:00,2026-09-25T21:30:00+00:00,576
semo_pub_dailyloadfcst_202609221735,SEMO,demand,2026,https://reports.sem-o.com/documents/PUB_DailyLoadFcst_202609221735.xml,semo/forecast_vintages/demand/2026/09/PUB_DailyLoadFcst_202609221735.xml,Review the publisher's open-data terms and disclaimer before redistribution.,1.0,data/raw/semo/forecast_vintages/demand/2026/09/PUB_DailyLoadFcst_202609221735.xml,71444,b13590d8b53898de8d3c467d82992503ed5fb0083a4424b9001435860c49f93f,2026-09-23T15:19:36Z,True,2026-09-21T22:00:00+00:00,2026-09-25T21:30:00+00:00,576
semo_pub_dailyloadfcst_202609221745,SEMO,demand,2026,https://reports.sem-o.com/documents/PUB_DailyLoadFcst_202609221745.xml,semo/forecast_vintages/demand/2026/09/PUB_DailyLoadFcst_202609221745.xml,Review the publisher's open-data terms and disclaimer before redistribution.,1.0,data/raw/semo/forecast_vintages/demand/2026/09/PUB_DailyLoadFcst_202609221745.xml,71444,9405bea8accc1b53c04f9b5c8cdd47954a280bde81daef9c21eea8afc210a8d8,2026-09-23T15:19:36Z,True,2026-09-21T22:00:00+00:00,2026-09-25T21:30:00+00:00,576
semo_pub_dailyloadfcst_202609221750,SEMO,demand,2026,https://reports.sem-o.com/documents/PUB_DailyLoadFcst_202609221750.xml,semo/forecast_vintages/demand/2026/09/PUB_DailyLoadFcst_202609221750.xml,Review the publisher's open-data terms and disclaimer before redistribution.,1.0,data/raw/semo/forecast_vintages/demand/2026/09/PUB_DailyLoadFcst_202609221750.xml,71444,7fb820b2d87bed004ece08be43b8eba578891c035243cad8cca5e407741253df,2026-09-23T15:19:36Z,True,2026-09-21T22:00:00+00:00,2026-09-25T21:30:00+00:00,576
semo_pub_dailyloadfcst_202609221800,SEMO,demand,2026,https://reports.sem-o.com/documents/PUB_DailyLoadFcst_202609221800.xml,semo/forecast_vintages/demand/2026/09/PUB_DailyLoadFcst_202609221800.xml,Review the publisher's open-data terms and disclaimer before redistribution.,1.0,data/raw/semo/forecast_vintages/demand/2026/09/PUB_DailyLoadFcst_202609221800.xml,71444,b48499ad8b85940fa7b8913402fca31e00b70be81eeabc398eeb6c1da6c04ec5,2026-09-23T15:19:36Z,True,2026-09-21T22:00:00+00:00,2026-09-25T21:30:00+00:00,576
semo_pub_dailyloadfcst_202609221805,SEMO,demand,2026,https://reports.sem-o.com/documents/PUB_DailyLoadFcst_202609221805.xml,semo/forecast_vintages/demand/2026/09/PUB_DailyLoadFcst_202609221805.xml,Review the publisher's open-data terms and disclaimer before redistribution.,1.0,data/raw/semo/forecast_vintages/demand/2026/09/PUB_DailyLoadFcst_202609221805.xml,71444,a603ccaac6386bb1e8b4e005dbe3055014e38bcab96ed72f19b3985a14b0d540,2026-09-23T15:19:36Z,True,2026-09-21T22:00:00+00:00,2026-09-25T21:30:00+00:00,576
semo_pub_dailyloadfcst_202609221815,SEMO,demand,2026,https://reports.sem-o.com/documents/PUB_DailyLoadFcst_202609221815.xml,semo/forecast_vintages/demand/2026/09/PUB_DailyLoadFcst_202609221815.xml,Review the publisher's open-data terms and disclaimer before redistribution.,1.0,data/raw/semo/forecast_vintages/demand/2026/09/PUB_DailyLoadFcst_202609221815.xml,71444,6ab4640b7b42d03ef4445e0b560e537e1bef38ed7816338ac34fcd9ba0600052,2026-09-23T15:19:36Z,True,2026-09-21T22:00:00+00:00,2026-09-25T21:30:00+00:00,576
semo_pub_dailyloadfcst_202609221820,SEMO,demand,2026,https://reports.sem-o.com/documents/PUB_DailyLoadFcst_202609221820.xml,semo/forecast_vintages/demand/2026/09/PUB_DailyLoadFcst_202609221820.xml,Review the publisher's open-data terms and disclaimer before redistribution.,1.0,data/raw/semo/forecast_vintages/demand/2026/09/PUB_DailyLoadFcst_202609221820.xml,71444,fa838c953add3143d6b49aa07a585890a522a4686df5e1219bcdcaf0714a7e86,2026-09-23T15:19:36Z,True,2026-09-21T22:00:00+00:00,2026-09-25T21:30:00+00:00,576
semo_pub_dailyloadfcst_202609221830,SEMO,demand,2026,https://reports.sem-o.com/documents/PUB_DailyLoadFcst_202609221830.xml,semo/forecast_vintages/demand/2026/09/PUB_DailyLoadFcst_202609221830.xml,Review the publisher's open-data terms and disclaimer before redistribution.,1.0,data/raw/semo/forecast_vintages/demand/2026/09/PUB_DailyLoadFcst_202609221830.xml,71444,7bea2a991c344090bae352d56f7ae0c83f2c52aca2dad71f475142d7f6a2d509,2026-09-23T15:19:36Z,True,2026-09-21T22:00:00+00:00,2026-09-25T21:30:00+00:00,576
semo_pub_dailyloadfcst_202609221835,SEMO,demand,2026,https://reports.sem-o.com/documents/PUB_DailyLoadFcst_202609221835.xml,semo/forecast_vintages/demand/2026/09/PUB_DailyLoadFcst_202609221835.xml,Review the publisher's open-data terms and disclaimer before redistribution.,1.0,data/raw/semo/forecast_vintages/demand/2026/09/PUB_DailyLoadFcst_202609221835.xml,71444,9b8b4aeacf582fa5b5435e7991d8769912405cfecb3283257e8962e550da9400,2026-09-23T15:19:36Z,True,2026-09-21T22:00:00+00:00,2026-09-25T21:30:00+00:00,576
semo_pub_dailyloadfcst_202609221845,SEMO,demand,2026,https://reports.sem-o.com/documents/PUB_DailyLoadFcst_202609221845.xml,semo/forecast_vintages/demand/2026/09/PUB_DailyLoadFcst_202609221845.xml,Review the publisher's open-data terms and disclaimer before redistribution.,1.0,data/raw/semo/forecast_vintages/demand/2026/09/PUB_DailyLoadFcst_202609221845.xml,71444,54c32ec2470221040f43af78f8bdd060633c14d1b1115840d2abba29111f0ae9,2026-09-23T15:19:37Z,True,2026-09-21T22:00:00+00:00,2026-09-25T21:30:00+00:00,576
semo_pub_dailyloadfcst_202609221850,SEMO,demand,2026,https://reports.sem-o.com/documents/PUB_DailyLoadFcst_202609221850.xml,semo/forecast_vintages/demand/2026/09/PUB_DailyLoadFcst_202609221850.xml,Review the publisher's open-data terms and disclaimer before redistribution.,1.0,data/raw/semo/forecast_vintages/demand/2026/09/PUB_DailyLoadFcst_202609221850.xml,71444,4d52d4ddb2b0837aebd12680b221ed7c3396a8e5da25ccc90ea6aa1021f924ab,2026-09-23T15:19:38Z,True,2026-09-21T22:00:00+00:00,2026-09-25T21:30:00+00:00,576
semo_pub_dailyloadfcst_202609221900,SEMO,demand,2026,https://reports.sem-o.com/documents/PUB_DailyLoadFcst_202609221900.xml,semo/forecast_vintages/demand/2026/09/PUB_DailyLoadFcst_202609221900.xml,Review the publisher's open-data terms and disclaimer before redistribution.,1.0,data/raw/semo/forecast_vintages/demand/2026/09/PUB_DailyLoadFcst_202609221900.xml,71444,15a66bd04f5dd67c823bc6f41ae91e82b479f378de37b3fa18415cbefac97839,2026-09-23T15:19:38Z,True,2026-09-21T22:00:00+00:00,2026-09-25T21:30:00+00:00,576
semo_pub_dailyloadfcst_202609221905,SEMO,demand,2026,https://reports.sem-o.com/documents/PUB_DailyLoadFcst_202609221905.xml,semo/forecast_vintages/demand/2026/09/PUB_DailyLoadFcst_202609221905.xml,Review the publisher's open-data terms and disclaimer before redistribution.,1.0,data/raw/semo/forecast_vintages/demand/2026/09/PUB_DailyLoadFcst_202609221905.xml,71444,326c2d214d4a1f13f31ddd98977e159ac645df4113d1c679bff16a1eb16dd633,2026-09-23T15:19:38Z,True,2026-09-21T22:00:00+00:00,2026-09-25T21:30:00+00:00,576
semo_pub_dailyloadfcst_202609221915,SEMO,demand,2026,https://reports.sem-o.com/documents/PUB_DailyLoadFcst_202609221915.xml,semo/forecast_vintages/demand/2026/09/PUB_DailyLoadFcst_202609221915.xml,Review the publisher's open-data terms and disclaimer before redistribution.,1.0,data/raw/semo/forecast_vintages/demand/2026/09/PUB_DailyLoadFcst_202609221915.xml,71444,53c2cdd360c6ba552a3b66fef1a0e45e2ae5abea342e6c74108e37bd102e2230,2026-09-23T15:19:39Z,True,2026-09-21T22:00:00+00:00,2026-09-25T21:30:00+00:00,576
semo_pub_dailyloadfcst_202609221920,SEMO,demand,2026,https://reports.sem-o.com/documents/PUB_DailyLoadFcst_202609221920.xml,semo/forecast_vintages/demand/2026/09/PUB_DailyLoadFcst_202609221920.xml,Review the publisher's open-data terms and disclaimer before redistribution.,1.0,data/raw/semo/forecast_vintages/demand/2026/09/PUB_DailyLoadFcst_202609221920.xml,71444,63355a91f14b40e45db363cb0729e000d5591025649e271b615ebbf60b879887,2026-09-23T15:19:39Z,True,2026-09-21T22:00:00+00:00,2026-09-25T21:30:00+00:00,576
semo_pub_dailyloadfcst_202609221930,SEMO,demand,2026,https://reports.sem-o.com/documents/PUB_DailyLoadFcst_202609221930.xml,semo/forecast_vintages/demand/2026/09/PUB_DailyLoadFcst_202609221930.xml,Review the publisher's open-data terms and disclaimer before redistribution.,1.0,data/raw/semo/forecast_vintages/demand/2026/09/PUB_DailyLoadFcst_202609221930.xml,71444,7160f6c35df71e0d8502c2e9f2b0952f328c9aa5ad54e008ca709a49561af5a6,2026-09-23T15:19:39Z,True,2026-09-21T22:00:00+00:00,2026-09-25T21:30:00+00:00,576
semo_pub_dailyloadfcst_202609221935,SEMO,demand,2026,https://reports.sem-o.com/documents/PUB_DailyLoadFcst_202609221935.xml,semo/forecast_vintages/demand/2026/09/PUB_DailyLoadFcst_202609221935.xml,Review the publisher's open-data terms and disclaimer before redistribution.,1.0,data/raw/semo/forecast_vintages/demand/2026/09/PUB_DailyLoadFcst_202609221935.xml,71444,3702c70278f6062c8ebd0ebd37d689872baf543467c5d335ea7653a4b40d5a84,2026-09-23T15:19:39Z,True,2026-09-21T22:00:00+00:00,2026-09-25T21:30:00+00:00,576
semo_pub_dailyloadfcst_202609221945,SEMO,demand,2026,https://reports.sem-o.com/documents/PUB_DailyLoadFcst_202609221945.xml,semo/forecast_vintages/demand/2026/09/PUB_DailyLoadFcst_202609221945.xml,Review the publisher's open-data terms and disclaimer before redistribution.,1.0,data/raw/semo/forecast_vintages/demand/2026/09/PUB_DailyLoadFcst_202609221945.xml,71444,58a45d72a93818133120d45dae0949c709392a72ec7cbb1d8207d4cedaa3cbd4,2026-09-23T15:19:39Z,True,2026-09-21T22:00:00+00:00,2026-09-25T21:30:00+00:00,576
semo_pub_dailyloadfcst_202609221950,SEMO,demand,2026,https://reports.sem-o.com/documents/PUB_DailyLoadFcst_202609221950.xml,semo/forecast_vintages/demand/2026/09/PUB_DailyLoadFcst_202609221950.xml,Review the publisher's open-data terms and disclaimer before redistribution.,1.0,data/raw/semo/forecast_vintages/demand/2026/09/PUB_DailyLoadFcst_202609221950.xml,71444,6f135068e7ceb7d6f290d48264055aaddae002d48fc6ea915f47a766b7615590,2026-09-23T15:19:39Z,True,2026-09-21T22:00:00+00:00,2026-09-25T21:30:00+00:00,576
semo_pub_dailyloadfcst_202609222000,SEMO,demand,2026,https://reports.sem-o.com/documents/PUB_DailyLoadFcst_202609222000.xml,semo/forecast_vintages/demand/2026/09/PUB_DailyLoadFcst_202609222000.xml,Review the publisher's open-data terms and disclaimer before redistribution.,1.0,data/raw/semo/forecast_vintages/demand/2026/09/PUB_DailyLoadFcst_202609222000.xml,71444,046ecd479db1ae482f09fa06f91cdc082b0e9f36f71bb602332d5697b7417e53,2026-09-23T15:19:39Z,True,2026-09-21T22:00:00+00:00,2026-09-25T21:30:00+00:00,576
semo_pub_dailyloadfcst_202609222005,SEMO,demand,2026,https://reports.sem-o.com/documents/PUB_DailyLoadFcst_202609222005.xml,semo/forecast_vintages/demand/2026/09/PUB_DailyLoadFcst_202609222005.xml,Review the publisher's open-data terms and disclaimer before redistribution.,1.0,data/raw/semo/forecast_vintages/demand/2026/09/PUB_DailyLoadFcst_202609222005.xml,71444,480d4945ebc6416974b38af3dfc9453e7fdc3ac125283190e6548a5cb8ac7f98,2026-09-23T15:19:39Z,True,2026-09-21T22:00:00+00:00,2026-09-25T21:30:00+00:00,576
semo_pub_dailyloadfcst_202609222015,SEMO,demand,2026,https://reports.sem-o.com/documents/PUB_DailyLoadFcst_202609222015.xml,semo/forecast_vintages/demand/2026/09/PUB_DailyLoadFcst_202609222015.xml,Review the publisher's open-data terms and disclaimer before redistribution.,1.0,data/raw/semo/forecast_vintages/demand/2026/09/PUB_DailyLoadFcst_202609222015.xml,71444,e66d04b0db56af58282f46cc34628ef53f751b98bf8efdda943c8970ad1877f1,2026-09-23T15:19:39Z,True,2026-09-21T22:00:00+00:00,2026-09-25T21:30:00+00:00,576
semo_pub_dailyloadfcst_202609222020,SEMO,demand,2026,https://reports.sem-o.com/documents/PUB_DailyLoadFcst_202609222020.xml,semo/forecast_vintages/demand/2026/09/PUB_DailyLoadFcst_202609222020.xml,Review the publisher's open-data terms and disclaimer before redistribution.,1.0,data/raw/semo/forecast_vintages/demand/2026/09/PUB_DailyLoadFcst_202609222020.xml,71444,ad1d1580ad5def18e4136f4fd7ab7015d03e9e13f14738ef7e7f37884a67be08,2026-09-23T15:19:40Z,True,2026-09-21T22:00:00+00:00,2026-09-25T21:30:00+00:00,576
semo_pub_dailyloadfcst_202609222030,SEMO,demand,2026,https://reports.sem-o.com/documents/PUB_DailyLoadFcst_202609222030.xml,semo/forecast_vintages/demand/2026/09/PUB_DailyLoadFcst_202609222030.xml,Review the publisher's open-data terms and disclaimer before redistribution.,1.0,data/raw/semo/forecast_vintages/demand/2026/09/PUB_DailyLoadFcst_202609222030.xml,71444,9a8a9f43bf3af0e7bbff301c2befbeb9504743c31498d7d55b262f281db26d23,2026-09-23T15:19:40Z,True,2026-09-21T22:00:00+00:00,2026-09-25T21:30:00+00:00,576
semo_pub_dailyloadfcst_202609222035,SEMO,demand,2026,https://reports.sem-o.com/documents/PUB_DailyLoadFcst_202609222035.xml,semo/forecast_vintages/demand/2026/09/PUB_DailyLoadFcst_202609222035.xml,Review the publisher's open-data terms and disclaimer before redistribution.,1.0,data/raw/semo/forecast_vintages/demand/2026/09/PUB_DailyLoadFcst_202609222035.xml,71444,af5e917f2f3fc6a38c075574b33f83739a64e8a4c3495366020019f173da2cfa,2026-09-23T15:19:40Z,True,2026-09-21T22:00:00+00:00,2026-09-25T21:30:00+00:00,576
semo_pub_dailyloadfcst_202609222045,SEMO,demand,2026,https://reports.sem-o.com/documents/PUB_DailyLoadFcst_202609222045.xml,semo/forecast_vintages/demand/2026/09/PUB_DailyLoadFcst_202609222045.xml,Review the publisher's open-data terms and disclaimer before redistribution.,1.0,data/raw/semo/forecast_vintages/demand/2026/09/PUB_DailyLoadFcst_202609222045.xml,71444,0842adb4a00021f3a779b6719cfdb33c548f53d5c6731ea7da8bfeac665f6205,2026-09-23T15:19:40Z,True,2026-09-21T22:00:00+00:00,2026-09-25T21:30:00+00:00,576
semo_pub_dailyloadfcst_202609222050,SEMO,demand,2026,https://reports.sem-o.com/documents/PUB_DailyLoadFcst_202609222050.xml,semo/forecast_vintages/demand/2026/09/PUB_DailyLoadFcst_202609222050.xml,Review the publisher's open-data terms and disclaimer before redistribution.,1.0,data/raw/semo/forecast_vintages/demand/2026/09/PUB_DailyLoadFcst_202609222050.xml,71444,7b707329766551d22f5361f1cd809a24ab5920f3dad229baa4ade7e2b72b8687,2026-09-23T15:19:40Z,True,2026-09-21T22:00:00+00:00,2026-09-25T21:30:00+00:00,576
semo_pub_dailyloadfcst_202609222100,SEMO,demand,2026,https://reports.sem-o.com/documents/PUB_DailyLoadFcst_202609222100.xml,semo/forecast_vintages/demand/2026/09/PUB_DailyLoadFcst_202609222100.xml,Review the publisher's open-data terms and disclaimer before redistribution.,1.0,data/raw/semo/forecast_vintages/demand/2026/09/PUB_DailyLoadFcst_202609222100.xml,71444,6ca20f3952a2a17eac9c2f12097bc3e72b668e43c1c5d6d198f3b7db80246c38,2026-09-23T15:19:40Z,True,2026-09-21T22:00:00+00:00,2026-09-25T21:30:00+00:00,576
semo_pub_dailyloadfcst_202609222105,SEMO,demand,2026,https://reports.sem-o.com/documents/PUB_DailyLoadFcst_202609222105.xml,semo/forecast_vintages/demand/2026/09/PUB_DailyLoadFcst_202609222105.xml,Review the publisher's open-data terms and disclaimer before redistribution.,1.0,data/raw/semo/forecast_vintages/demand/2026/09/PUB_DailyLoadFcst_202609222105.xml,71444,32de50ca12e67194d56037ca891c7ff0c3b306a669defb0696aa860cd56ad73e,2026-09-23T15:19:41Z,True,2026-09-21T22:00:00+00:00,2026-09-25T21:30:00+00:00,576
semo_pub_dailyloadfcst_202609222115,SEMO,demand,2026,https://reports.sem-o.com/documents/PUB_DailyLoadFcst_202609222115.xml,semo/forecast_vintages/demand/2026/09/PUB_DailyLoadFcst_202609222115.xml,Review the publisher's open-data terms and disclaimer before redistribution.,1.0,data/raw/semo/forecast_vintages/demand/2026/09/PUB_DailyLoadFcst_202609222115.xml,71444,0465b33c7aff8cd2223fb0acd30610f4a96bcbf8ef75e308840865bc7fb61af5,2026-09-23T15:19:41Z,True,2026-09-21T22:00:00+00:00,2026-09-25T21:30:00+00:00,576
semo_pub_dailyloadfcst_202609222120,SEMO,demand,2026,https://reports.sem-o.com/documents/PUB_DailyLoadFcst_202609222120.xml,semo/forecast_vintages/demand/2026/09/PUB_DailyLoadFcst_202609222120.xml,Review the publisher's open-data terms and disclaimer before redistribution.,1.0,data/raw/semo/forecast_vintages/demand/2026/09/PUB_DailyLoadFcst_202609222120.xml,71444,99f7126bec359241777d12b564c31022472581198ff5b196a4d9d29b99eb8e28,2026-09-23T15:19:41Z,True,2026-09-21T22:00:00+00:00,2026-09-25T21:30:00+00:00,576
semo_pub_dailyloadfcst_202609222130,SEMO,demand,2026,https://reports.sem-o.com/documents/PUB_DailyLoadFcst_202609222130.xml,semo/forecast_vintages/demand/2026/09/PUB_DailyLoadFcst_202609222130.xml,Review the publisher's open-data terms and disclaimer before redistribution.,1.0,data/raw/semo/forecast_vintages/demand/2026/09/PUB_DailyLoadFcst_202609222130.xml,71444,81f68e241327075c106d2bf888243826954177459246b2d22d5ce7f84d695177,2026-09-23T15:19:41Z,True,2026-09-21T22:00:00+00:00,2026-09-25T21:30:00+00:00,576
semo_pub_dailyloadfcst_202609222135,SEMO,demand,2026,https://reports.sem-o.com/documents/PUB_DailyLoadFcst_202609222135.xml,semo/forecast_vintages/demand/2026/09/PUB_DailyLoadFcst_202609222135.xml,Review the publisher's open-data terms and disclaimer before redistribution.,1.0,data/raw/semo/forecast_vintages/demand/2026/09/PUB_DailyLoadFcst_202609222135.xml,71444,4f93eddb1c191c76f9b97ee5a402936552c8f98b8ba3407f1e1e56e2fc25560d,2026-09-23T15:19:41Z,True,2026-09-21T22:00:00+00:00,2026-09-25T21:30:00+00:00,576
semo_pub_dailyloadfcst_202609222145,SEMO,demand,2026,https://reports.sem-o.com/documents/PUB_DailyLoadFcst_202609222145.xml,semo/forecast_vintages/demand/2026/09/PUB_DailyLoadFcst_202609222145.xml,Review the publisher's open-data terms and disclaimer before redistribution.,1.0,data/raw/semo/forecast_vintages/demand/2026/09/PUB_DailyLoadFcst_202609222145.xml,71444,26cf16e8513053cabf1da32fbb21ea60bfaa52abaf56643fe165a4aa42f69ca8,2026-09-23T15:19:41Z,True,2026-09-21T22:00:00+00:00,2026-09-25T21:30:00+00:00,576
semo_pub_dailyloadfcst_202609222150,SEMO,demand,2026,https://reports.sem-o.com/documents/PUB_DailyLoadFcst_202609222150.xml,semo/forecast_vintages/demand/2026/09/PUB_DailyLoadFcst_202609222150.xml,Review the publisher's open-data terms and disclaimer before redistribution.,1.0,data/raw/semo/forecast_vintages/demand/2026/09/PUB_DailyLoadFcst_202609222150.xml,71444,db496084fe84b0a022bd0c7e11ff6f52d45538bc93ac660065978427e47c0f39,2026-09-23T15:19:42Z,True,2026-09-21T22:00:00+00:00,2026-09-25T21:30:00+00:00,576
semo_pub_dailyloadfcst_202609222200,SEMO,demand,2026,https://reports.sem-o.com/documents/PUB_DailyLoadFcst_202609222200.xml,semo/forecast_vintages/demand/2026/09/PUB_DailyLoadFcst_202609222200.xml,Review the publisher's open-data terms and disclaimer before redistribution.,1.0,data/raw/semo/forecast_vintages/demand/2026/09/PUB_DailyLoadFcst_202609222200.xml,71444,25514f807ba9377667c0ac68e35d32b54604755128975d1dbb00f1937bc85bd1,2026-09-23T15:19:42Z,True,2026-09-21T22:00:00+00:00,2026-09-25T21:30:00+00:00,576
semo_pub_dailyloadfcst_202609222205,SEMO,demand,2026,https://reports.sem-o.com/documents/PUB_DailyLoadFcst_202609222205.xml,semo/forecast_vintages/demand/2026/09/PUB_DailyLoadFcst_202609222205.xml,Review the publisher's open-data terms and disclaimer before redistribution.,1.0,data/raw/semo/forecast_vintages/demand/2026/09/PUB_DailyLoadFcst_202609222205.xml,71444,b8b3b91e9224d5608cab78d2711396c900ed943679f0443019752c14a832e809,2026-09-23T15:19:42Z,True,2026-09-21T22:00:00+00:00,2026-09-25T21:30:00+00:00,576
semo_pub_dailyloadfcst_202609222215,SEMO,demand,2026,https://reports.sem-o.com/documents/PUB_DailyLoadFcst_202609222215.xml,semo/forecast_vintages/demand/2026/09/PUB_DailyLoadFcst_202609222215.xml,Review the publisher's open-data terms and disclaimer before redistribution.,1.0,data/raw/semo/forecast_vintages/demand/2026/09/PUB_DailyLoadFcst_202609222215.xml,71444,ad5cda608301d52135c6bdb195b0bed6f172325751f2d5c6f293093a039e3ad1,2026-09-23T15:19:42Z,True,2026-09-21T22:00:00+00:00,2026-09-25T21:30:00+00:00,576
semo_pub_dailyloadfcst_202609222220,SEMO,demand,2026,https://reports.sem-o.com/documents/PUB_DailyLoadFcst_202609222220.xml,semo/forecast_vintages/demand/2026/09/PUB_DailyLoadFcst_202609222220.xml,Review the publisher's open-data terms and disclaimer before redistribution.,1.0,data/raw/semo/forecast_vintages/demand/2026/09/PUB_DailyLoadFcst_202609222220.xml,71444,d3e0eb6fe177298fc2fd8bd6f0a081bd199133461081646cb8c82d262128ad27,2026-09-23T15:19:42Z,True,2026-09-21T22:00:00+00:00,2026-09-25T21:30:00+00:00,576
semo_pub_dailyloadfcst_202609222230,SEMO,demand,2026,https://reports.sem-o.com/documents/PUB_DailyLoadFcst_202609222230.xml,semo/forecast_vintages/demand/2026/09/PUB_DailyLoadFcst_202609222230.xml,Review the publisher's open-data terms and disclaimer before redistribution.,1.0,data/raw/semo/forecast_vintages/demand/2026/09/PUB_DailyLoadFcst_202609222230.xml,71444,4090d796ef801ff6ffdd04cd8774546b1b25c31135231fa23a731fd2826e3b3c,2026-09-23T15:19:42Z,True,2026-09-21T22:00:00+00:00,2026-09-25T21:30:00+00:00,576
semo_pub_dailyloadfcst_202609222235,SEMO,demand,2026,https://reports.sem-o.com/documents/PUB_DailyLoadFcst_202609222235.xml,semo/forecast_vintages/demand/2026/09/PUB_DailyLoadFcst_202609222235.xml,Review the publisher's open-data terms and disclaimer before redistribution.,1.0,data/raw/semo/forecast_vintages/demand/2026/09/PUB_DailyLoadFcst_202609222235.xml,71444,b1c9d8859974c04df851cb55aef110e02892d3f0e107284337f018c478b99b15,2026-09-23T15:19:42Z,True,2026-09-21T22:00:00+00:00,2026-09-25T21:30:00+00:00,576
semo_pub_dailyloadfcst_202609222245,SEMO,demand,2026,https://reports.sem-o.com/documents/PUB_DailyLoadFcst_202609222245.xml,semo/forecast_vintages/demand/2026/09/PUB_DailyLoadFcst_202609222245.xml,Review the publisher's open-data terms and disclaimer before redistribution.,1.0,data/raw/semo/forecast_vintages/demand/2026/09/PUB_DailyLoadFcst_202609222245.xml,71444,2712c0d7c51c75bb58da2c05ea0d12453c63faa1aaf3a9eca40d2d432750d7c5,2026-09-23T15:19:42Z,True,2026-09-21T22:00:00+00:00,2026-09-25T21:30:00+00:00,576
semo_pub_dailyloadfcst_202609222250,SEMO,demand,2026,https://reports.sem-o.com/documents/PUB_DailyLoadFcst_202609222250.xml,semo/forecast_vintages/demand/2026/09/PUB_DailyLoadFcst_202609222250.xml,Review the publisher's open-data terms and disclaimer before redistribution.,1.0,data/raw/semo/forecast_vintages/demand/2026/09/PUB_DailyLoadFcst_202609222250.xml,71444,89934fd6b83ed9bcf4888f971ba5ea7c6e29658276a068d20eaf5eed2671512c,2026-09-23T15:19:42Z,True,2026-09-21T22:00:00+00:00,2026-09-25T21:30:00+00:00,576
semo_pub_dailyloadfcst_202609222300,SEMO,demand,2026,https://reports.sem-o.com/documents/PUB_DailyLoadFcst_202609222300.xml,semo/forecast_vintages/demand/2026/09/PUB_DailyLoadFcst_202609222300.xml,Review the publisher's open-data terms and disclaimer before redistribution.,1.0,data/raw/semo/forecast_vintages/demand/2026/09/PUB_DailyLoadFcst_202609222300.xml,71444,f3f3b91d1dccee2e3d772c0e057e910deb8469a307ca8e45b9e9b7caeb5fa3d8,2026-09-23T15:19:42Z,True,2026-09-21T22:00:00+00:00,2026-09-25T21:30:00+00:00,576
semo_pub_dailyloadfcst_202609222305,SEMO,demand,2026,https://reports.sem-o.com/documents/PUB_DailyLoadFcst_202609222305.xml,semo/forecast_vintages/demand/2026/09/PUB_DailyLoadFcst_202609222305.xml,Review the publisher's open-data terms and disclaimer before redistribution.,1.0,data/raw/semo/forecast_vintages/demand/2026/09/PUB_DailyLoadFcst_202609222305.xml,53631,7ab880769ca5a779eace593c6168abf50f7a5aff5aa96ef5cc573f4c755ac9dd,2026-09-23T15:19:42Z,True,2026-09-22T22:00:00+00:00,2026-09-25T21:30:00+00:00,432
semo_pub_dailyloadfcst_202609222315,SEMO,demand,2026,https://reports.sem-o.com/documents/PUB_DailyLoadFcst_202609222315.xml,semo/forecast_vintages/demand/2026/09/PUB_DailyLoadFcst_202609222315.xml,Review the publisher's open-data terms and disclaimer before redistribution.,1.0,data/raw/semo/forecast_vintages/demand/2026/09/PUB_DailyLoadFcst_202609222315.xml,53631,cc8e36f9d1f5571f349cb5830d10ae421498a088a25c5360d97905c3f9a037c9,2026-09-23T15:19:45Z,True,2026-09-22T22:00:00+00:00,2026-09-25T21:30:00+00:00,432
semo_pub_dailyloadfcst_202609222320,SEMO,demand,2026,https://reports.sem-o.com/documents/PUB_DailyLoadFcst_202609222320.xml,semo/forecast_vintages/demand/2026/09/PUB_DailyLoadFcst_202609222320.xml,Review the publisher's open-data terms and disclaimer before redistribution.,1.0,data/raw/semo/forecast_vintages/demand/2026/09/PUB_DailyLoadFcst_202609222320.xml,53631,9bb748f50d70e51968eb9072ca74b5bfbec57903bb62df17a10c9b3bc4ed2984,2026-09-23T15:19:45Z,True,2026-09-22T22:00:00+00:00,2026-09-25T21:30:00+00:00,432
semo_pub_dailyloadfcst_202609222330,SEMO,demand,2026,https://reports.sem-o.com/documents/PUB_DailyLoadFcst_202609222330.xml,semo/forecast_vintages/demand/2026/09/PUB_DailyLoadFcst_202609222330.xml,Review the publisher's open-data terms and disclaimer before redistribution.,1.0,data/raw/semo/forecast_vintages/demand/2026/09/PUB_DailyLoadFcst_202609222330.xml,53631,79b2ad718073fec47d6a99009223444755be037c4d3b4c86c275f00c37bf2eb4,2026-09-23T15:19:45Z,True,2026-09-22T22:00:00+00:00,2026-09-25T21:30:00+00:00,432
semo_pub_dailyloadfcst_202609222335,SEMO,demand,2026,https://reports.sem-o.com/documents/PUB_DailyLoadFcst_202609222335.xml,semo/forecast_vintages/demand/2026/09/PUB_DailyLoadFcst_202609222335.xml,Review the publisher's open-data terms and disclaimer before redistribution.,1.0,data/raw/semo/forecast_vintages/demand/2026/09/PUB_DailyLoadFcst_202609222335.xml,53631,c517a3960f7e5db21d1281df506221bba78b55975a1c54ee7766d99c4aed0b1b,2026-09-23T15:19:45Z,True,2026-09-22T22:00:00+00:00,2026-09-25T21:30:00+00:00,432
semo_pub_dailyloadfcst_202609222345,SEMO,demand,2026,https://reports.sem-o.com/documents/PUB_DailyLoadFcst_202609222345.xml,semo/forecast_vintages/demand/2026/09/PUB_DailyLoadFcst_202609222345.xml,Review the publisher's open-data terms and disclaimer before redistribution.,1.0,data/raw/semo/forecast_vintages/demand/2026/09/PUB_DailyLoadFcst_202609222345.xml,53631,81fe87ea634a1443e2c8efc42033ca0b84531c241ef8f8c0288b1d8c3470a06f,2026-09-23T15:19:45Z,True,2026-09-22T22:00:00+00:00,2026-09-25T21:30:00+00:00,432
semo_pub_dailyloadfcst_202609222350,SEMO,demand,2026,https://reports.sem-o.com/documents/PUB_DailyLoadFcst_202609222350.xml,semo/forecast_vintages/demand/2026/09/PUB_DailyLoadFcst_202609222350.xml,Review the publisher's open-data terms and disclaimer before redistribution.,1.0,data/raw/semo/forecast_vintages/demand/2026/09/PUB_DailyLoadFcst_202609222350.xml,53631,fa4ec0f91de38d1a19353f5d668c8d9b145e47bd5ea1c797bd5af28588f48698,2026-09-23T15:19:45Z,True,2026-09-22T22:00:00+00:00,2026-09-25T21:30:00+00:00,432
semo_pub_dailyloadfcst_202609230000,SEMO,demand,2026,https://reports.sem-o.com/documents/PUB_DailyLoadFcst_202609230000.xml,semo/forecast_vintages/demand/2026/09/PUB_DailyLoadFcst_202609230000.xml,Review the publisher's open-data terms and disclaimer before redistribution.,1.0,data/raw/semo/forecast_vintages/demand/2026/09/PUB_DailyLoadFcst_202609230000.xml,53631,f37bb0600f7d2995687641024c7b7e65bd860efa275c9305d470260b736a46a8,2026-09-23T15:19:45Z,True,2026-09-22T22:00:00+00:00,2026-09-25T21:30:00+00:00,432
semo_pub_dailyloadfcst_202609230005,SEMO,demand,2026,https://reports.sem-o.com/documents/PUB_DailyLoadFcst_202609230005.xml,semo/forecast_vintages/demand/2026/09/PUB_DailyLoadFcst_202609230005.xml,Review the publisher's open-data terms and disclaimer before redistribution.,1.0,data/raw/semo/forecast_vintages/demand/2026/09/PUB_DailyLoadFcst_202609230005.xml,53631,59febbe1db5061f2100ada86c5ba3fd9ddad5e523cbec6c4093f7bdbad35e7a2,2026-09-23T15:19:45Z,True,2026-09-22T22:00:00+00:00,2026-09-25T21:30:00+00:00,432
semo_pub_dailyloadfcst_202609230015,SEMO,demand,2026,https://reports.sem-o.com/documents/PUB_DailyLoadFcst_202609230015.xml,semo/forecast_vintages/demand/2026/09/PUB_DailyLoadFcst_202609230015.xml,Review the publisher's open-data terms and disclaimer before redistribution.,1.0,data/raw/semo/forecast_vintages/demand/2026/09/PUB_DailyLoadFcst_202609230015.xml,53631,5b28056f7f4b0e195931055efe5ffc7ded733b4f23895583a3ee60caf0603789,2026-09-23T15:19:45Z,True,2026-09-22T22:00:00+00:00,2026-09-25T21:30:00+00:00,432
semo_pub_dailyloadfcst_202609230020,SEMO,demand,2026,https://reports.sem-o.com/documents/PUB_DailyLoadFcst_202609230020.xml,semo/forecast_vintages/demand/2026/09/PUB_DailyLoadFcst_202609230020.xml,Review the publisher's open-data terms and disclaimer before redistribution.,1.0,data/raw/semo/forecast_vintages/demand/2026/09/PUB_DailyLoadFcst_202609230020.xml,53631,e782381bfa7e81f785e9e154a5fe21ddbca4bfcb5e461a44441040560c2ccce9,2026-09-23T15:19:45Z,True,2026-09-22T22:00:00+00:00,2026-09-25T21:30:00+00:00,432
semo_pub_dailyloadfcst_202609230030,SEMO,demand,2026,https://reports.sem-o.com/documents/PUB_DailyLoadFcst_202609230030.xml,semo/forecast_vintages/demand/2026/09/PUB_DailyLoadFcst_202609230030.xml,Review the publisher's open-data terms and disclaimer before redistribution.,1.0,data/raw/semo/forecast_vintages/demand/2026/09/PUB_DailyLoadFcst_202609230030.xml,53631,d9c3d5190775937c0b15381cd166a28bd21d2a68f0a1b5f3fe8d13dc5a752a3a,2026-09-23T15:19:45Z,True,2026-09-22T22:00:00+00:00,2026-09-25T21:30:00+00:00,432
semo_pub_dailyloadfcst_202609230035,SEMO,demand,2026,https://reports.sem-o.com/documents/PUB_DailyLoadFcst_202609230035.xml,semo/forecast_vintages/demand/2026/09/PUB_DailyLoadFcst_202609230035.xml,Review the publisher's open-data terms and disclaimer before redistribution.,1.0,data/raw/semo/forecast_vintages/demand/2026/09/PUB_DailyLoadFcst_202609230035.xml,53631,96c763546c0ce944582be0393ccc2a0137c40be31242961a8a81324b67063b25,2026-09-23T15:19:48Z,True,2026-09-22T22:00:00+00:00,2026-09-25T21:30:00+00:00,432
semo_pub_dailyloadfcst_202609230045,SEMO,demand,2026,https://reports.sem-o.com/documents/PUB_DailyLoadFcst_202609230045.xml,semo/forecast_vintages/demand/2026/09/PUB_DailyLoadFcst_202609230045.xml,Review the publisher's open-data terms and disclaimer before redistribution.,1.0,data/raw/semo/forecast_vintages/demand/2026/09/PUB_DailyLoadFcst_202609230045.xml,53631,f4ba49f21138b8b8a6c7e5db65a1c9289266dcdc23e482c03aa37713d335f00c,2026-09-23T15:19:46Z,True,2026-09-22T22:00:00+00:00,2026-09-25T21:30:00+00:00,432
semo_pub_dailyloadfcst_202609230050,SEMO,demand,2026,https://reports.sem-o.com/documents/PUB_DailyLoadFcst_202609230050.xml,semo/forecast_vintages/demand/2026/09/PUB_DailyLoadFcst_202609230050.xml,Review the publisher's open-data terms and disclaimer before redistribution.,1.0,data/raw/semo/forecast_vintages/demand/2026/09/PUB_DailyLoadFcst_202609230050.xml,53631,61000f7fc1e38e512ec1641f5f18b8b97b527059865fa328b09d33153a333b60,2026-09-23T15:19:48Z,True,2026-09-22T22:00:00+00:00,2026-09-25T21:30:00+00:00,432
semo_pub_dailyloadfcst_202609230100,SEMO,demand,2026,https://reports.sem-o.com/documents/PUB_DailyLoadFcst_202609230100.xml,semo/forecast_vintages/demand/2026/09/PUB_DailyLoadFcst_202609230100.xml,Review the publisher's open-data terms and disclaimer before redistribution.,1.0,data/raw/semo/forecast_vintages/demand/2026/09/PUB_DailyLoadFcst_202609230100.xml,66975,351802ba9cd728d1a41507aa8e860dce10ee66dd8f7c1be420c809aa2efaef26,2026-09-23T15:19:48Z,True,2026-09-22T22:00:00+00:00,2026-09-26T21:30:00+00:00,480
semo_pub_dailyloadfcst_202609230105,SEMO,demand,2026,https://reports.sem-o.com/documents/PUB_DailyLoadFcst_202609230105.xml,semo/forecast_vintages/demand/2026/09/PUB_DailyLoadFcst_202609230105.xml,Review the publisher's open-data terms and disclaimer before redistribution.,1.0,data/raw/semo/forecast_vintages/demand/2026/09/PUB_DailyLoadFcst_202609230105.xml,71439,29e6ea9d69ee913cf567eaa9733845dd827a755ea3dd2e53f2f442c3e42dc07c,2026-09-23T15:19:48Z,True,2026-09-22T22:00:00+00:00,2026-09-26T21:30:00+00:00,576
semo_pub_dailyloadfcst_202609230115,SEMO,demand,2026,https://reports.sem-o.com/documents/PUB_DailyLoadFcst_202609230115.xml,semo/forecast_vintages/demand/2026/09/PUB_DailyLoadFcst_202609230115.xml,Review the publisher's open-data terms and disclaimer before redistribution.,1.0,data/raw/semo/forecast_vintages/demand/2026/09/PUB_DailyLoadFcst_202609230115.xml,71439,2b895667c147a77b45f30b7a450ca2ac7e32033cf3c0e18945447119aef0bd08,2026-09-23T15:19:48Z,True,2026-09-22T22:00:00+00:00,2026-09-26T21:30:00+00:00,576
semo_pub_dailyloadfcst_202609230120,SEMO,demand,2026,https://reports.sem-o.com/documents/PUB_DailyLoadFcst_202609230120.xml,semo/forecast_vintages/demand/2026/09/PUB_DailyLoadFcst_202609230120.xml,Review the publisher's open-data terms and disclaimer before redistribution.,1.0,data/raw/semo/forecast_vintages/demand/2026/09/PUB_DailyLoadFcst_202609230120.xml,71439,66cf4810c0aacb1bf3aed10125987182af5c81895d4bfc3291d738b48d513ce7,2026-09-23T15:19:48Z,True,2026-09-22T22:00:00+00:00,2026-09-26T21:30:00+00:00,576
semo_pub_dailyloadfcst_202609230130,SEMO,demand,2026,https://reports.sem-o.com/documents/PUB_DailyLoadFcst_202609230130.xml,semo/forecast_vintages/demand/2026/09/PUB_DailyLoadFcst_202609230130.xml,Review the publisher's open-data terms and disclaimer before redistribution.,1.0,data/raw/semo/forecast_vintages/demand/2026/09/PUB_DailyLoadFcst_202609230130.xml,71439,ec493317ac37be7819f3ba504fa9b84bc024b8abbebdacf01bc1785f6ddd5755,2026-09-23T15:19:48Z,True,2026-09-22T22:00:00+00:00,2026-09-26T21:30:00+00:00,576
semo_pub_dailyloadfcst_202609230135,SEMO,demand,2026,https://reports.sem-o.com/documents/PUB_DailyLoadFcst_202609230135.xml,semo/forecast_vintages/demand/2026/09/PUB_DailyLoadFcst_202609230135.xml,Review the publisher's open-data terms and disclaimer before redistribution.,1.0,data/raw/semo/forecast_vintages/demand/2026/09/PUB_DailyLoadFcst_202609230135.xml,71439,f752b62bd090d086550ad201ca35a80860579b8f52ec7d663642ec60c1ee9629,2026-09-23T15:19:48Z,True,2026-09-22T22:00:00+00:00,2026-09-26T21:30:00+00:00,576
semo_pub_dailyloadfcst_202609230145,SEMO,demand,2026,https://reports.sem-o.com/documents/PUB_DailyLoadFcst_202609230145.xml,semo/forecast_vintages/demand/2026/09/PUB_DailyLoadFcst_202609230145.xml,Review the publisher's open-data terms and disclaimer before redistribution.,1.0,data/raw/semo/forecast_vintages/demand/2026/09/PUB_DailyLoadFcst_202609230145.xml,71439,ba9181306b8ee699b02950f5780a3b9374a0df07108da9b64bfc2cde3e37f64a,2026-09-23T15:19:48Z,True,2026-09-22T22:00:00+00:00,2026-09-26T21:30:00+00:00,576
semo_pub_dailyloadfcst_202609230150,SEMO,demand,2026,https://reports.sem-o.com/documents/PUB_DailyLoadFcst_202609230150.xml,semo/forecast_vintages/demand/2026/09/PUB_DailyLoadFcst_202609230150.xml,Review the publisher's open-data terms and disclaimer before redistribution.,1.0,data/raw/semo/forecast_vintages/demand/2026/09/PUB_DailyLoadFcst_202609230150.xml,71439,fdec65ff698b712f7ffc03757dfb4bceed737512c6b88c2a6039b84cc2727210,2026-09-23T15:19:48Z,True,2026-09-22T22:00:00+00:00,2026-09-26T21:30:00+00:00,576
semo_pub_dailyloadfcst_202609230200,SEMO,demand,2026,https://reports.sem-o.com/documents/PUB_DailyLoadFcst_202609230200.xml,semo/forecast_vintages/demand/2026/09/PUB_DailyLoadFcst_202609230200.xml,Review the publisher's open-data terms and disclaimer before redistribution.,1.0,data/raw/semo/forecast_vintages/demand/2026/09/PUB_DailyLoadFcst_202609230200.xml,71439,89e0ec3c3b41372d23085c1cd869a3df51b41814242a1c051be704109237afe4,2026-09-23T15:19:48Z,True,2026-09-22T22:00:00+00:00,2026-09-26T21:30:00+00:00,576
semo_pub_dailyloadfcst_202609230205,SEMO,demand,2026,https://reports.sem-o.com/documents/PUB_DailyLoadFcst_202609230205.xml,semo/forecast_vintages/demand/2026/09/PUB_DailyLoadFcst_202609230205.xml,Review the publisher's open-data terms and disclaimer before redistribution.,1.0,data/raw/semo/forecast_vintages/demand/2026/09/PUB_DailyLoadFcst_202609230205.xml,71439,0e0f656527bc210f883e4f5be1a912fc8f97f17f295f17b7b4890793ab25e303,2026-09-23T15:19:50Z,True,2026-09-22T22:00:00+00:00,2026-09-26T21:30:00+00:00,576
semo_pub_dailyloadfcst_202609230215,SEMO,demand,2026,https://reports.sem-o.com/documents/PUB_DailyLoadFcst_202609230215.xml,semo/forecast_vintages/demand/2026/09/PUB_DailyLoadFcst_202609230215.xml,Review the publisher's open-data terms and disclaimer before redistribution.,1.0,data/raw/semo/forecast_vintages/demand/2026/09/PUB_DailyLoadFcst_202609230215.xml,71439,2d3e8e0bb5fa2f9de00567f0692112eae93656d59cd2718dddcb10aaa756d84f,2026-09-23T15:19:50Z,True,2026-09-22T22:00:00+00:00,2026-09-26T21:30:00+00:00,576
semo_pub_dailyloadfcst_202609230220,SEMO,demand,2026,https://reports.sem-o.com/documents/PUB_DailyLoadFcst_202609230220.xml,semo/forecast_vintages/demand/2026/09/PUB_DailyLoadFcst_202609230220.xml,Review the publisher's open-data terms and disclaimer before redistribution.,1.0,data/raw/semo/forecast_vintages/demand/2026/09/PUB_DailyLoadFcst_202609230220.xml,71439,6df16acc9688b1075db2e64d9aada7d8b4d32e557ca899f77880af9c146f3fca,2026-09-23T15:19:50Z,True,2026-09-22T22:00:00+00:00,2026-09-26T21:30:00+00:00,576
semo_pub_dailyloadfcst_202609230230,SEMO,demand,2026,https://reports.sem-o.com/documents/PUB_DailyLoadFcst_202609230230.xml,semo/forecast_vintages/demand/2026/09/PUB_DailyLoadFcst_202609230230.xml,Review the publisher's open-data terms and disclaimer before redistribution.,1.0,data/raw/semo/forecast_vintages/demand/2026/09/PUB_DailyLoadFcst_202609230230.xml,71439,38ccc0a1c7f0bc61ec9d9a59e1873e7ddee19c6e08666e10d0bb097732960dd3,2026-09-23T15:19:50Z,True,2026-09-22T22:00:00+00:00,2026-09-26T21:30:00+00:00,576
semo_pub_dailyloadfcst_202609230235,SEMO,demand,2026,https://reports.sem-o.com/documents/PUB_DailyLoadFcst_202609230235.xml,semo/forecast_vintages/demand/2026/09/PUB_DailyLoadFcst_202609230235.xml,Review the publisher's open-data terms and disclaimer before redistribution.,1.0,data/raw/semo/forecast_vintages/demand/2026/09/PUB_DailyLoadFcst_202609230235.xml,71439,665f38addbd6a094f266f8d12ce00b618c7cef346a62c0da5e6395da9e75fdda,2026-09-23T15:19:50Z,True,2026-09-22T22:00:00+00:00,2026-09-26T21:30:00+00:00,576
semo_pub_dailyloadfcst_202609230245,SEMO,demand,2026,https://reports.sem-o.com/documents/PUB_DailyLoadFcst_202609230245.xml,semo/forecast_vintages/demand/2026/09/PUB_DailyLoadFcst_202609230245.xml,Review the publisher's open-data terms and disclaimer before redistribution.,1.0,data/raw/semo/forecast_vintages/demand/2026/09/PUB_DailyLoadFcst_202609230245.xml,71439,f66d3fe83149486cea4b8f067eb4315df6276f372be88200711e8b7de7b1c6f4,2026-09-23T15:19:50Z,True,2026-09-22T22:00:00+00:00,2026-09-26T21:30:00+00:00,576
semo_pub_dailyloadfcst_202609230250,SEMO,demand,2026,https://reports.sem-o.com/documents/PUB_DailyLoadFcst_202609230250.xml,semo/forecast_vintages/demand/2026/09/PUB_DailyLoadFcst_202609230250.xml,Review the publisher's open-data terms and disclaimer before redistribution.,1.0,data/raw/semo/forecast_vintages/demand/2026/09/PUB_DailyLoadFcst_202609230250.xml,71439,a77c69d592519a0d7aa24c9641bf4553b377b714e6a2c2ab5da0b8ecadb4e58a,2026-09-23T15:19:50Z,True,2026-09-22T22:00:00+00:00,2026-09-26T21:30:00+00:00,576
semo_pub_dailyloadfcst_202609230300,SEMO,demand,2026,https://reports.sem-o.com/documents/PUB_DailyLoadFcst_202609230300.xml,semo/forecast_vintages/demand/2026/09/PUB_DailyLoadFcst_202609230300.xml,Review the publisher's open-data terms and disclaimer before redistribution.,1.0,data/raw/semo/forecast_vintages/demand/2026/09/PUB_DailyLoadFcst_202609230300.xml,71439,aa5e2c2d819576039532b054340ef2c4dea58675fd315cab2c95d6c25471889f,2026-09-23T15:19:50Z,True,2026-09-22T22:00:00+00:00,2026-09-26T21:30:00+00:00,576
semo_pub_dailyloadfcst_202609230305,SEMO,demand,2026,https://reports.sem-o.com/documents/PUB_DailyLoadFcst_202609230305.xml,semo/forecast_vintages/demand/2026/09/PUB_DailyLoadFcst_202609230305.xml,Review the publisher's open-data terms and disclaimer before redistribution.,1.0,data/raw/semo/forecast_vintages/demand/2026/09/PUB_DailyLoadFcst_202609230305.xml,71439,5d41e44e19161119b064797c365ad92f5767035991c7f7aad546e366070e48dc,2026-09-23T15:19:50Z,True,2026-09-22T22:00:00+00:00,2026-09-26T21:30:00+00:00,576
semo_pub_dailyloadfcst_202609230315,SEMO,demand,2026,https://reports.sem-o.com/documents/PUB_DailyLoadFcst_202609230315.xml,semo/forecast_vintages/demand/2026/09/PUB_DailyLoadFcst_202609230315.xml,Review the publisher's open-data terms and disclaimer before redistribution.,1.0,data/raw/semo/forecast_vintages/demand/2026/09/PUB_DailyLoadFcst_202609230315.xml,71439,2a262fd31857105c82576b170e5a68b7ce34ee5b21abbcc4d5471e81e3b7798c,2026-09-23T15:19:50Z,True,2026-09-22T22:00:00+00:00,2026-09-26T21:30:00+00:00,576
semo_pub_dailyloadfcst_202609230320,SEMO,demand,2026,https://reports.sem-o.com/documents/PUB_DailyLoadFcst_202609230320.xml,semo/forecast_vintages/demand/2026/09/PUB_DailyLoadFcst_202609230320.xml,Review the publisher's open-data terms and disclaimer before redistribution.,1.0,data/raw/semo/forecast_vintages/demand/2026/09/PUB_DailyLoadFcst_202609230320.xml,71439,27b8ba0ef7b97337dd10773c2deb4f8089783026cc650c8b0ae78b5f042978c6,2026-09-23T15:19:50Z,True,2026-09-22T22:00:00+00:00,2026-09-26T21:30:00+00:00,576
semo_pub_dailyloadfcst_202609230330,SEMO,demand,2026,https://reports.sem-o.com/documents/PUB_DailyLoadFcst_202609230330.xml,semo/forecast_vintages/demand/2026/09/PUB_DailyLoadFcst_202609230330.xml,Review the publisher's open-data terms and disclaimer before redistribution.,1.0,data/raw/semo/forecast_vintages/demand/2026/09/PUB_DailyLoadFcst_202609230330.xml,71439,6f43e5649705f2af72c11dcfe64b965c89413ae144e352017aef564492e26f1b,2026-09-23T15:19:50Z,True,2026-09-22T22:00:00+00:00,2026-09-26T21:30:00+00:00,576
semo_pub_dailyloadfcst_202609230335,SEMO,demand,2026,https://reports.sem-o.com/documents/PUB_DailyLoadFcst_202609230335.xml,semo/forecast_vintages/demand/2026/09/PUB_DailyLoadFcst_202609230335.xml,Review the publisher's open-data terms and disclaimer before redistribution.,1.0,data/raw/semo/forecast_vintages/demand/2026/09/PUB_DailyLoadFcst_202609230335.xml,71439,d737e51a8e07050da07ffa736d6651433dcd44cb37ccd88bc0c4f8d705e9a334,2026-09-23T15:19:52Z,True,2026-09-22T22:00:00+00:00,2026-09-26T21:30:00+00:00,576
semo_pub_dailyloadfcst_202609230345,SEMO,demand,2026,https://reports.sem-o.com/documents/PUB_DailyLoadFcst_202609230345.xml,semo/forecast_vintages/demand/2026/09/PUB_DailyLoadFcst_202609230345.xml,Review the publisher's open-data terms and disclaimer before redistribution.,1.0,data/raw/semo/forecast_vintages/demand/2026/09/PUB_DailyLoadFcst_202609230345.xml,71439,f5ec77f32adf9225d3e9554fab59450e494df3a15b2126bf392a3a586e559f46,2026-09-23T15:19:52Z,True,2026-09-22T22:00:00+00:00,2026-09-26T21:30:00+00:00,576
semo_pub_dailyloadfcst_202609230350,SEMO,demand,2026,https://reports.sem-o.com/documents/PUB_DailyLoadFcst_202609230350.xml,semo/forecast_vintages/demand/2026/09/PUB_DailyLoadFcst_202609230350.xml,Review the publisher's open-data terms and disclaimer before redistribution.,1.0,data/raw/semo/forecast_vintages/demand/2026/09/PUB_DailyLoadFcst_202609230350.xml,71439,f99ea9ca66ba2107bfd80daf89664d3476e31c5f969c793da4344614e9bdd741,2026-09-23T15:19:52Z,True,2026-09-22T22:00:00+00:00,2026-09-26T21:30:00+00:00,576
semo_pub_dailyloadfcst_202609230400,SEMO,demand,2026,https://reports.sem-o.com/documents/PUB_DailyLoadFcst_202609230400.xml,semo/forecast_vintages/demand/2026/09/PUB_DailyLoadFcst_202609230400.xml,Review the publisher's open-data terms and disclaimer before redistribution.,1.0,data/raw/semo/forecast_vintages/demand/2026/09/PUB_DailyLoadFcst_202609230400.xml,71439,dc1b8a824de54ba5b647bc22313515eeded501b68478967b8afec34d0acede15,2026-09-23T15:19:52Z,True,2026-09-22T22:00:00+00:00,2026-09-26T21:30:00+00:00,576
semo_pub_dailyloadfcst_202609230405,SEMO,demand,2026,https://reports.sem-o.com/documents/PUB_DailyLoadFcst_202609230405.xml,semo/forecast_vintages/demand/2026/09/PUB_DailyLoadFcst_202609230405.xml,Review the publisher's open-data terms and disclaimer before redistribution.,1.0,data/raw/semo/forecast_vintages/demand/2026/09/PUB_DailyLoadFcst_202609230405.xml,71439,0a2133ca8ff8eaa9eb29f7a4150b93fa75e3d430a1fbaf80150892af1fa4c56c,2026-09-23T15:19:52Z,True,2026-09-22T22:00:00+00:00,2026-09-26T21:30:00+00:00,576
semo_pub_dailyloadfcst_202609230415,SEMO,demand,2026,https://reports.sem-o.com/documents/PUB_DailyLoadFcst_202609230415.xml,semo/forecast_vintages/demand/2026/09/PUB_DailyLoadFcst_202609230415.xml,Review the publisher's open-data terms and disclaimer before redistribution.,1.0,data/raw/semo/forecast_vintages/demand/2026/09/PUB_DailyLoadFcst_202609230415.xml,71439,87307690efbd9ae468598b8867626b8aac08845b130f4ef490a960b6c3b08925,2026-09-23T15:19:52Z,True,2026-09-22T22:00:00+00:00,2026-09-26T21:30:00+00:00,576
semo_pub_dailyloadfcst_202609230420,SEMO,demand,2026,https://reports.sem-o.com/documents/PUB_DailyLoadFcst_202609230420.xml,semo/forecast_vintages/demand/2026/09/PUB_DailyLoadFcst_202609230420.xml,Review the publisher's open-data terms and disclaimer before redistribution.,1.0,data/raw/semo/forecast_vintages/demand/2026/09/PUB_DailyLoadFcst_202609230420.xml,71439,c1021f1530a12241d1ef8ff29d85a9a141331aa7ae48c432a7a0c0b8e30a1544,2026-09-23T15:19:52Z,True,2026-09-22T22:00:00+00:00,2026-09-26T21:30:00+00:00,576
semo_pub_dailyloadfcst_202609230430,SEMO,demand,2026,https://reports.sem-o.com/documents/PUB_DailyLoadFcst_202609230430.xml,semo/forecast_vintages/demand/2026/09/PUB_DailyLoadFcst_202609230430.xml,Review the publisher's open-data terms and disclaimer before redistribution.,1.0,data/raw/semo/forecast_vintages/demand/2026/09/PUB_DailyLoadFcst_202609230430.xml,71439,af9ec0b1a61dbdf7dfa190cc116cf9d70c729a0a698ed293c3fe18184b1cc500,2026-09-23T15:19:52Z,True,2026-09-22T22:00:00+00:00,2026-09-26T21:30:00+00:00,576
semo_pub_dailyloadfcst_202609230435,SEMO,demand,2026,https://reports.sem-o.com/documents/PUB_DailyLoadFcst_202609230435.xml,semo/forecast_vintages/demand/2026/09/PUB_DailyLoadFcst_202609230435.xml,Review the publisher's open-data terms and disclaimer before redistribution.,1.0,data/raw/semo/forecast_vintages/demand/2026/09/PUB_DailyLoadFcst_202609230435.xml,71439,cf17098903f4edc7e4c88d7ed6b1b2122ffe0945cdaae85c33deaff9fb0cac9e,2026-09-23T15:19:52Z,True,2026-09-22T22:00:00+00:00,2026-09-26T21:30:00+00:00,576
semo_pub_dailyloadfcst_202609230445,SEMO,demand,2026,https://reports.sem-o.com/documents/PUB_DailyLoadFcst_202609230445.xml,semo/forecast_vintages/demand/2026/09/PUB_DailyLoadFcst_202609230445.xml,Review the publisher's open-data terms and disclaimer before redistribution.,1.0,data/raw/semo/forecast_vintages/demand/2026/09/PUB_DailyLoadFcst_202609230445.xml,71439,1d3e8dc3b943d0b0f5e5ce3f6c6786a1edf7c855840455656c02f1fdcf784d8f,2026-09-23T15:19:52Z,True,2026-09-22T22:00:00+00:00,2026-09-26T21:30:00+00:00,576
semo_pub_dailyloadfcst_202609230450,SEMO,demand,2026,https://reports.sem-o.com/documents/PUB_DailyLoadFcst_202609230450.xml,semo/forecast_vintages/demand/2026/09/PUB_DailyLoadFcst_202609230450.xml,Review the publisher's open-data terms and disclaimer before redistribution.,1.0,data/raw/semo/forecast_vintages/demand/2026/09/PUB_DailyLoadFcst_202609230450.xml,71439,64107b7d7bb94a018490ccb741773bbdbadba88de42a90f1a7cca28c0e3b9138,2026-09-23T15:19:52Z,True,2026-09-22T22:00:00+00:00,2026-09-26T21:30:00+00:00,576
semo_pub_dailyloadfcst_202609230500,SEMO,demand,2026,https://reports.sem-o.com/documents/PUB_DailyLoadFcst_202609230500.xml,semo/forecast_vintages/demand/2026/09/PUB_DailyLoadFcst_202609230500.xml,Review the publisher's open-data terms and disclaimer before redistribution.,1.0,data/raw/semo/forecast_vintages/demand/2026/09/PUB_DailyLoadFcst_202609230500.xml,71439,c2d760a355ae16e6062591099ea33c19511ba07086fdeb95dd511e3784dc781d,2026-09-23T15:19:52Z,True,2026-09-22T22:00:00+00:00,2026-09-26T21:30:00+00:00,576
semo_pub_dailyloadfcst_202609230505,SEMO,demand,2026,https://reports.sem-o.com/documents/PUB_DailyLoadFcst_202609230505.xml,semo/forecast_vintages/demand/2026/09/PUB_DailyLoadFcst_202609230505.xml,Review the publisher's open-data terms and disclaimer before redistribution.,1.0,data/raw/semo/forecast_vintages/demand/2026/09/PUB_DailyLoadFcst_202609230505.xml,71439,ca059fb9b73ff576a69eb5897480f005eaf8d94b8369b09daa389e1007f743ab,2026-09-23T15:19:54Z,True,2026-09-22T22:00:00+00:00,2026-09-26T21:30:00+00:00,576
semo_pub_dailyloadfcst_202609230515,SEMO,demand,2026,https://reports.sem-o.com/documents/PUB_DailyLoadFcst_202609230515.xml,semo/forecast_vintages/demand/2026/09/PUB_DailyLoadFcst_202609230515.xml,Review the publisher's open-data terms and disclaimer before redistribution.,1.0,data/raw/semo/forecast_vintages/demand/2026/09/PUB_DailyLoadFcst_202609230515.xml,71439,1f059c9d4e3b29d183d0132a1520fe7d2ae85bc623f00cc2c802232cea0b9aa3,2026-09-23T15:19:55Z,True,2026-09-22T22:00:00+00:00,2026-09-26T21:30:00+00:00,576
semo_pub_dailyloadfcst_202609230520,SEMO,demand,2026,https://reports.sem-o.com/documents/PUB_DailyLoadFcst_202609230520.xml,semo/forecast_vintages/demand/2026/09/PUB_DailyLoadFcst_202609230520.xml,Review the publisher's open-data terms and disclaimer before redistribution.,1.0,data/raw/semo/forecast_vintages/demand/2026/09/PUB_DailyLoadFcst_202609230520.xml,71439,cc533c5985d5d772542c1047a711d89f8d050e51ebaf1cc5e3e0a56f36640354,2026-09-23T15:19:55Z,True,2026-09-22T22:00:00+00:00,2026-09-26T21:30:00+00:00,576
semo_pub_dailyloadfcst_202609230530,SEMO,demand,2026,https://reports.sem-o.com/documents/PUB_DailyLoadFcst_202609230530.xml,semo/forecast_vintages/demand/2026/09/PUB_DailyLoadFcst_202609230530.xml,Review the publisher's open-data terms and disclaimer before redistribution.,1.0,data/raw/semo/forecast_vintages/demand/2026/09/PUB_DailyLoadFcst_202609230530.xml,71439,ab9597ca23fd52bd60e8d708f7c40dcecc86b6f854e48a4a8c587ee3631d0978,2026-09-23T15:19:55Z,True,2026-09-22T22:00:00+00:00,2026-09-26T21:30:00+00:00,576
semo_pub_dailyloadfcst_202609230535,SEMO,demand,2026,https://reports.sem-o.com/documents/PUB_DailyLoadFcst_202609230535.xml,semo/forecast_vintages/demand/2026/09/PUB_DailyLoadFcst_202609230535.xml,Review the publisher's open-data terms and disclaimer before redistribution.,1.0,data/raw/semo/forecast_vintages/demand/2026/09/PUB_DailyLoadFcst_202609230535.xml,71439,5a2c3d1600c5c0697310ac196fdae7a0cdd85ede952c7d35361e57d23a70fd1b,2026-09-23T15:19:55Z,True,2026-09-22T22:00:00+00:00,2026-09-26T21:30:00+00:00,576
semo_pub_dailyloadfcst_202609230545,SEMO,demand,2026,https://reports.sem-o.com/documents/PUB_DailyLoadFcst_202609230545.xml,semo/forecast_vintages/demand/2026/09/PUB_DailyLoadFcst_202609230545.xml,Review the publisher's open-data terms and disclaimer before redistribution.,1.0,data/raw/semo/forecast_vintages/demand/2026/09/PUB_DailyLoadFcst_202609230545.xml,71439,9b3bc33d8ee438e9574174b1035536eef14fb5e910c6be8da876f90cd94b2122,2026-09-23T15:19:55Z,True,2026-09-22T22:00:00+00:00,2026-09-26T21:30:00+00:00,576
semo_pub_dailyloadfcst_202609230550,SEMO,demand,2026,https://reports.sem-o.com/documents/PUB_DailyLoadFcst_202609230550.xml,semo/forecast_vintages/demand/2026/09/PUB_DailyLoadFcst_202609230550.xml,Review the publisher's open-data terms and disclaimer before redistribution.,1.0,data/raw/semo/forecast_vintages/demand/2026/09/PUB_DailyLoadFcst_202609230550.xml,71439,93fcd64dc0baaaaa866823008b8fa6351bc00cee0f53897523b8c5f256047ae3,2026-09-23T15:19:55Z,True,2026-09-22T22:00:00+00:00,2026-09-26T21:30:00+00:00,576
semo_pub_dailyloadfcst_202609230600,SEMO,demand,2026,https://reports.sem-o.com/documents/PUB_DailyLoadFcst_202609230600.xml,semo/forecast_vintages/demand/2026/09/PUB_DailyLoadFcst_202609230600.xml,Review the publisher's open-data terms and disclaimer before redistribution.,1.0,data/raw/semo/forecast_vintages/demand/2026/09/PUB_DailyLoadFcst_202609230600.xml,71439,8001e2884699746ac41fbf4b11a643f47193512fe3dd8c3383dbd09df589ee72,2026-09-23T15:19:55Z,True,2026-09-22T22:00:00+00:00,2026-09-26T21:30:00+00:00,576
semo_pub_dailyloadfcst_202609230605,SEMO,demand,2026,https://reports.sem-o.com/documents/PUB_DailyLoadFcst_202609230605.xml,semo/forecast_vintages/demand/2026/09/PUB_DailyLoadFcst_202609230605.xml,Review the publisher's open-data terms and disclaimer before redistribution.,1.0,data/raw/semo/forecast_vintages/demand/2026/09/PUB_DailyLoadFcst_202609230605.xml,71439,947fd3d49400ecd2d3ca328d58b1ac47e7041a40da1c0c7cf69dd924edcadf73,2026-09-23T15:19:55Z,True,2026-09-22T22:00:00+00:00,2026-09-26T21:30:00+00:00,576
semo_pub_dailyloadfcst_202609230615,SEMO,demand,2026,https://reports.sem-o.com/documents/PUB_DailyLoadFcst_202609230615.xml,semo/forecast_vintages/demand/2026/09/PUB_DailyLoadFcst_202609230615.xml,Review the publisher's open-data terms and disclaimer before redistribution.,1.0,data/raw/semo/forecast_vintages/demand/2026/09/PUB_DailyLoadFcst_202609230615.xml,71439,2dc58cf56a53141b33bf6346675cb8b18854560a6dfc469f166116d4ae1026d5,2026-09-23T15:19:55Z,True,2026-09-22T22:00:00+00:00,2026-09-26T21:30:00+00:00,576
semo_pub_dailyloadfcst_202609230620,SEMO,demand,2026,https://reports.sem-o.com/documents/PUB_DailyLoadFcst_202609230620.xml,semo/forecast_vintages/demand/2026/09/PUB_DailyLoadFcst_202609230620.xml,Review the publisher's open-data terms and disclaimer before redistribution.,1.0,data/raw/semo/forecast_vintages/demand/2026/09/PUB_DailyLoadFcst_202609230620.xml,71439,f4c2cc3e018d9034c962154624d3c3c2afd792f1d86333cc5c101aaab40f274f,2026-09-23T15:19:55Z,True,2026-09-22T22:00:00+00:00,2026-09-26T21:30:00+00:00,576
semo_pub_dailyloadfcst_202609230630,SEMO,demand,2026,https://reports.sem-o.com/documents/PUB_DailyLoadFcst_202609230630.xml,semo/forecast_vintages/demand/2026/09/PUB_DailyLoadFcst_202609230630.xml,Review the publisher's open-data terms and disclaimer before redistribution.,1.0,data/raw/semo/forecast_vintages/demand/2026/09/PUB_DailyLoadFcst_202609230630.xml,71439,09b7ccdbe635d82c65b32c577f4f58d3b48142cbc3fa8577ea943f3da30e8393,2026-09-23T15:19:55Z,True,2026-09-22T22:00:00+00:00,2026-09-26T21:30:00+00:00,576
semo_pub_dailyloadfcst_202609230635,SEMO,demand,2026,https://reports.sem-o.com/documents/PUB_DailyLoadFcst_202609230635.xml,semo/forecast_vintages/demand/2026/09/PUB_DailyLoadFcst_202609230635.xml,Review the publisher's open-data terms and disclaimer before redistribution.,1.0,data/raw/semo/forecast_vintages/demand/2026/09/PUB_DailyLoadFcst_202609230635.xml,71441,2498ce87a9831c279d2cf2a1abc1182f98f39e5e4d1a392c8d5f5e527779b4a8,2026-09-23T15:19:57Z,True,2026-09-22T22:00:00+00:00,2026-09-26T21:30:00+00:00,576
semo_pub_dailyloadfcst_202609230645,SEMO,demand,2026,https://reports.sem-o.com/documents/PUB_DailyLoadFcst_202609230645.xml,semo/forecast_vintages/demand/2026/09/PUB_DailyLoadFcst_202609230645.xml,Review the publisher's open-data terms and disclaimer before redistribution.,1.0,data/raw/semo/forecast_vintages/demand/2026/09/PUB_DailyLoadFcst_202609230645.xml,71441,2c24a69cb0317c6d1a7ca2cd85f3b076811978e57197cc25ee63cf0a98fbf101,2026-09-23T15:19:57Z,True,2026-09-22T22:00:00+00:00,2026-09-26T21:30:00+00:00,576
semo_pub_dailyloadfcst_202609230650,SEMO,demand,2026,https://reports.sem-o.com/documents/PUB_DailyLoadFcst_202609230650.xml,semo/forecast_vintages/demand/2026/09/PUB_DailyLoadFcst_202609230650.xml,Review the publisher's open-data terms and disclaimer before redistribution.,1.0,data/raw/semo/forecast_vintages/demand/2026/09/PUB_DailyLoadFcst_202609230650.xml,71441,2a0e7ad0998bed61349458695bacd88dfb44fca81813a410f9501dee8ca45c5b,2026-09-23T15:19:57Z,True,2026-09-22T22:00:00+00:00,2026-09-26T21:30:00+00:00,576
semo_pub_dailyloadfcst_202609230700,SEMO,demand,2026,https://reports.sem-o.com/documents/PUB_DailyLoadFcst_202609230700.xml,semo/forecast_vintages/demand/2026/09/PUB_DailyLoadFcst_202609230700.xml,Review the publisher's open-data terms and disclaimer before redistribution.,1.0,data/raw/semo/forecast_vintages/demand/2026/09/PUB_DailyLoadFcst_202609230700.xml,71441,96ff203aa697ce0d375f3241ff08d28b74c1bd5e0bf7fb611870c5d3ad3a8d91,2026-09-23T15:19:57Z,True,2026-09-22T22:00:00+00:00,2026-09-26T21:30:00+00:00,576
semo_pub_dailyloadfcst_202609230705,SEMO,demand,2026,https://reports.sem-o.com/documents/PUB_DailyLoadFcst_202609230705.xml,semo/forecast_vintages/demand/2026/09/PUB_DailyLoadFcst_202609230705.xml,Review the publisher's open-data terms and disclaimer before redistribution.,1.0,data/raw/semo/forecast_vintages/demand/2026/09/PUB_DailyLoadFcst_202609230705.xml,71441,d19a8a091f3b0b9951c7c98e1f557a40d237f84e643e71085d7037c20bfedbb7,2026-09-23T15:19:57Z,True,2026-09-22T22:00:00+00:00,2026-09-26T21:30:00+00:00,576
semo_pub_dailyloadfcst_202609230715,SEMO,demand,2026,https://reports.sem-o.com/documents/PUB_DailyLoadFcst_202609230715.xml,semo/forecast_vintages/demand/2026/09/PUB_DailyLoadFcst_202609230715.xml,Review the publisher's open-data terms and disclaimer before redistribution.,1.0,data/raw/semo/forecast_vintages/demand/2026/09/PUB_DailyLoadFcst_202609230715.xml,71441,2245771e9789c355487157bdcde375f80d174e4464ac4f39bd5a2c45da7d9920,2026-09-23T15:19:57Z,True,2026-09-22T22:00:00+00:00,2026-09-26T21:30:00+00:00,576
semo_pub_dailyloadfcst_202609230720,SEMO,demand,2026,https://reports.sem-o.com/documents/PUB_DailyLoadFcst_202609230720.xml,semo/forecast_vintages/demand/2026/09/PUB_DailyLoadFcst_202609230720.xml,Review the publisher's open-data terms and disclaimer before redistribution.,1.0,data/raw/semo/forecast_vintages/demand/2026/09/PUB_DailyLoadFcst_202609230720.xml,71441,e059074fe891a02097020b1c15bd28fb14c9c9a4a9b04df1b9a128bc24691525,2026-09-23T15:19:57Z,True,2026-09-22T22:00:00+00:00,2026-09-26T21:30:00+00:00,576
semo_pub_dailyloadfcst_202609230730,SEMO,demand,2026,https://reports.sem-o.com/documents/PUB_DailyLoadFcst_202609230730.xml,semo/forecast_vintages/demand/2026/09/PUB_DailyLoadFcst_202609230730.xml,Review the publisher's open-data terms and disclaimer before redistribution.,1.0,data/raw/semo/forecast_vintages/demand/2026/09/PUB_DailyLoadFcst_202609230730.xml,71441,92d78ea13e5494e8d2e5fb50f5bbb9e65d0341839101af335a208da88dc215a0,2026-09-23T15:19:57Z,True,2026-09-22T22:00:00+00:00,2026-09-26T21:30:00+00:00,576
semo_pub_dailyloadfcst_202609230735,SEMO,demand,2026,https://reports.sem-o.com/documents/PUB_DailyLoadFcst_202609230735.xml,semo/forecast_vintages/demand/2026/09/PUB_DailyLoadFcst_202609230735.xml,Review the publisher's open-data terms and disclaimer before redistribution.,1.0,data/raw/semo/forecast_vintages/demand/2026/09/PUB_DailyLoadFcst_202609230735.xml,71440,654b90c9f7de8725a16a544b07bcbb55be7a4d16877778b2a07f53e3fe947833,2026-09-23T15:19:57Z,True,2026-09-22T22:00:00+00:00,2026-09-26T21:30:00+00:00,576
semo_pub_dailyloadfcst_202609230745,SEMO,demand,2026,https://reports.sem-o.com/documents/PUB_DailyLoadFcst_202609230745.xml,semo/forecast_vintages/demand/2026/09/PUB_DailyLoadFcst_202609230745.xml,Review the publisher's open-data terms and disclaimer before redistribution.,1.0,data/raw/semo/forecast_vintages/demand/2026/09/PUB_DailyLoadFcst_202609230745.xml,71440,d307fb91b110ac3f1d9c348a3b57b78305e946fe7d4f6b6ab629b24ca95127c0,2026-09-23T15:19:57Z,True,2026-09-22T22:00:00+00:00,2026-09-26T21:30:00+00:00,576
semo_pub_dailyloadfcst_202609230750,SEMO,demand,2026,https://reports.sem-o.com/documents/PUB_DailyLoadFcst_202609230750.xml,semo/forecast_vintages/demand/2026/09/PUB_DailyLoadFcst_202609230750.xml,Review the publisher's open-data terms and disclaimer before redistribution.,1.0,data/raw/semo/forecast_vintages/demand/2026/09/PUB_DailyLoadFcst_202609230750.xml,71440,e845afa8d6f2a2f3bfa9405952050eb161a4be88d7a79cbb73eeac012e3cf6f4,2026-09-23T15:19:57Z,True,2026-09-22T22:00:00+00:00,2026-09-26T21:30:00+00:00,576
semo_pub_dailyloadfcst_202609230800,SEMO,demand,2026,https://reports.sem-o.com/documents/PUB_DailyLoadFcst_202609230800.xml,semo/forecast_vintages/demand/2026/09/PUB_DailyLoadFcst_202609230800.xml,Review the publisher's open-data terms and disclaimer before redistribution.,1.0,data/raw/semo/forecast_vintages/demand/2026/09/PUB_DailyLoadFcst_202609230800.xml,71440,7709537509242e1e27a6fa6456de3072b960440f3fb0d2a50d42a7beb9c0fef7,2026-09-23T15:19:57Z,True,2026-09-22T22:00:00+00:00,2026-09-26T21:30:00+00:00,576
semo_pub_dailyloadfcst_202609230805,SEMO,demand,2026,https://reports.sem-o.com/documents/PUB_DailyLoadFcst_202609230805.xml,semo/forecast_vintages/demand/2026/09/PUB_DailyLoadFcst_202609230805.xml,Review the publisher's open-data terms and disclaimer before redistribution.,1.0,data/raw/semo/forecast_vintages/demand/2026/09/PUB_DailyLoadFcst_202609230805.xml,71440,71e860e576cf6d997edcb229204b0cbbe313fbf48b09a9af53ade73e39a4ac10,2026-09-23T15:19:58Z,True,2026-09-22T22:00:00+00:00,2026-09-26T21:30:00+00:00,576
semo_pub_dailyloadfcst_202609230815,SEMO,demand,2026,https://reports.sem-o.com/documents/PUB_DailyLoadFcst_202609230815.xml,semo/forecast_vintages/demand/2026/09/PUB_DailyLoadFcst_202609230815.xml,Review the publisher's open-data terms and disclaimer before redistribution.,1.0,data/raw/semo/forecast_vintages/demand/2026/09/PUB_DailyLoadFcst_202609230815.xml,71440,3a634a67f8aa000e61ff2120407777e690fde7332c4aa1a7eda3e91376796322,2026-09-23T15:19:59Z,True,2026-09-22T22:00:00+00:00,2026-09-26T21:30:00+00:00,576
semo_pub_dailyloadfcst_202609230820,SEMO,demand,2026,https://reports.sem-o.com/documents/PUB_DailyLoadFcst_202609230820.xml,semo/forecast_vintages/demand/2026/09/PUB_DailyLoadFcst_202609230820.xml,Review the publisher's open-data terms and disclaimer before redistribution.,1.0,data/raw/semo/forecast_vintages/demand/2026/09/PUB_DailyLoadFcst_202609230820.xml,71440,064e1163bef39b48451bc86cb0471793227bfddd788838427a7a6fe4f7983d5d,2026-09-23T15:19:59Z,True,2026-09-22T22:00:00+00:00,2026-09-26T21:30:00+00:00,576
semo_pub_dailyloadfcst_202609230830,SEMO,demand,2026,https://reports.sem-o.com/documents/PUB_DailyLoadFcst_202609230830.xml,semo/forecast_vintages/demand/2026/09/PUB_DailyLoadFcst_202609230830.xml,Review the publisher's open-data terms and disclaimer before redistribution.,1.0,data/raw/semo/forecast_vintages/demand/2026/09/PUB_DailyLoadFcst_202609230830.xml,71440,88f34a0daeda436a14f9ab4bf7818d7ae4541433ac6e06f76419bcb2bb9aeb2e,2026-09-23T15:19:59Z,True,2026-09-22T22:00:00+00:00,2026-09-26T21:30:00+00:00,576
semo_pub_dailyloadfcst_202609230835,SEMO,demand,2026,https://reports.sem-o.com/documents/PUB_DailyLoadFcst_202609230835.xml,semo/forecast_vintages/demand/2026/09/PUB_DailyLoadFcst_202609230835.xml,Review the publisher's open-data terms and disclaimer before redistribution.,1.0,data/raw/semo/forecast_vintages/demand/2026/09/PUB_DailyLoadFcst_202609230835.xml,71440,670e29b4aac77153188e267587f98f6dcbf9cdc107165e07897199aa997f2d8a,2026-09-23T15:19:59Z,True,2026-09-22T22:00:00+00:00,2026-09-26T21:30:00+00:00,576
semo_pub_dailyloadfcst_202609230845,SEMO,demand,2026,https://reports.sem-o.com/documents/PUB_DailyLoadFcst_202609230845.xml,semo/forecast_vintages/demand/2026/09/PUB_DailyLoadFcst_202609230845.xml,Review the publisher's open-data terms and disclaimer before redistribution.,1.0,data/raw/semo/forecast_vintages/demand/2026/09/PUB_DailyLoadFcst_202609230845.xml,71440,8b73c18a580584c3cfc8623a4b7f79dd0922afc0c21359f2055a8127f1646cf9,2026-09-23T15:19:59Z,True,2026-09-22T22:00:00+00:00,2026-09-26T21:30:00+00:00,576
semo_pub_dailyloadfcst_202609230850,SEMO,demand,2026,https://reports.sem-o.com/documents/PUB_DailyLoadFcst_202609230850.xml,semo/forecast_vintages/demand/2026/09/PUB_DailyLoadFcst_202609230850.xml,Review the publisher's open-data terms and disclaimer before redistribution.,1.0,data/raw/semo/forecast_vintages/demand/2026/09/PUB_DailyLoadFcst_202609230850.xml,71440,ab290bdb15e51e5c5c0c2139501c042531e26b256549619b98dc71c6110b6645,2026-09-23T15:19:58Z,True,2026-09-22T22:00:00+00:00,2026-09-26T21:30:00+00:00,576
semo_pub_dailyloadfcst_202609230900,SEMO,demand,2026,https://reports.sem-o.com/documents/PUB_DailyLoadFcst_202609230900.xml,semo/forecast_vintages/demand/2026/09/PUB_DailyLoadFcst_202609230900.xml,Review the publisher's open-data terms and disclaimer before redistribution.,1.0,data/raw/semo/forecast_vintages/demand/2026/09/PUB_DailyLoadFcst_202609230900.xml,71440,f6a0b0234dc7671b8678c0d641a5395da20bc7c5c2e268f41fde476fbe59db68,2026-09-23T15:19:59Z,True,2026-09-22T22:00:00+00:00,2026-09-26T21:30:00+00:00,576
semo_pub_dailyloadfcst_202609230905,SEMO,demand,2026,https://reports.sem-o.com/documents/PUB_DailyLoadFcst_202609230905.xml,semo/forecast_vintages/demand/2026/09/PUB_DailyLoadFcst_202609230905.xml,Review the publisher's open-data terms and disclaimer before redistribution.,1.0,data/raw/semo/forecast_vintages/demand/2026/09/PUB_DailyLoadFcst_202609230905.xml,71440,6a2e0e572b8ee5a8bb84f656831b53b80e663660baf4895a248763767bbd8cd6,2026-09-23T15:19:59Z,True,2026-09-22T22:00:00+00:00,2026-09-26T21:30:00+00:00,576
semo_pub_dailyloadfcst_202609230915,SEMO,demand,2026,https://reports.sem-o.com/documents/PUB_DailyLoadFcst_202609230915.xml,semo/forecast_vintages/demand/2026/09/PUB_DailyLoadFcst_202609230915.xml,Review the publisher's open-data terms and disclaimer before redistribution.,1.0,data/raw/semo/forecast_vintages/demand/2026/09/PUB_DailyLoadFcst_202609230915.xml,71440,8b812abd62c8deaddd341b1f8f7c08b6e7395116973e414b2361a5877fc6db6e,2026-09-23T15:19:59Z,True,2026-09-22T22:00:00+00:00,2026-09-26T21:30:00+00:00,576
semo_pub_dailyloadfcst_202609230920,SEMO,demand,2026,https://reports.sem-o.com/documents/PUB_DailyLoadFcst_202609230920.xml,semo/forecast_vintages/demand/2026/09/PUB_DailyLoadFcst_202609230920.xml,Review the publisher's open-data terms and disclaimer before redistribution.,1.0,data/raw/semo/forecast_vintages/demand/2026/09/PUB_DailyLoadFcst_202609230920.xml,71440,4054e466c33e8981551c3212f42a790a48e9a2c357e62e0f9dc9f890d06bd7c5,2026-09-23T15:19:59Z,True,2026-09-22T22:00:00+00:00,2026-09-26T21:30:00+00:00,576
semo_pub_dailyloadfcst_202609230930,SEMO,demand,2026,https://reports.sem-o.com/documents/PUB_DailyLoadFcst_202609230930.xml,semo/forecast_vintages/demand/2026/09/PUB_DailyLoadFcst_202609230930.xml,Review the publisher's open-data terms and disclaimer before redistribution.,1.0,data/raw/semo/forecast_vintages/demand/2026/09/PUB_DailyLoadFcst_202609230930.xml,71440,720b6414ea1654f951b6d1b2a2a1de3bd7c93571a65cfdc39ee0f5d794ab1a44,2026-09-23T15:19:59Z,True,2026-09-22T22:00:00+00:00,2026-09-26T21:30:00+00:00,576
semo_pub_dailyloadfcst_202609230935,SEMO,demand,2026,https://reports.sem-o.com/documents/PUB_DailyLoadFcst_202609230935.xml,semo/forecast_vintages/demand/2026/09/PUB_DailyLoadFcst_202609230935.xml,Review the publisher's open-data terms and disclaimer before redistribution.,1.0,data/raw/semo/forecast_vintages/demand/2026/09/PUB_DailyLoadFcst_202609230935.xml,71440,bd74ea00c04a09a1f40d387153b06ea418c72c25413d18af26e668f3622a1586,2026-09-23T15:20:00Z,True,2026-09-22T22:00:00+00:00,2026-09-26T21:30:00+00:00,576
semo_pub_dailyloadfcst_202609230945,SEMO,demand,2026,https://reports.sem-o.com/documents/PUB_DailyLoadFcst_202609230945.xml,semo/forecast_vintages/demand/2026/09/PUB_DailyLoadFcst_202609230945.xml,Review the publisher's open-data terms and disclaimer before redistribution.,1.0,data/raw/semo/forecast_vintages/demand/2026/09/PUB_DailyLoadFcst_202609230945.xml,71440,f26d27d8fd790608690c8b267f8f8155e7b1636901f4550557cbe945e0a31008,2026-09-23T15:20:01Z,True,2026-09-22T22:00:00+00:00,2026-09-26T21:30:00+00:00,576
semo_pub_dailyloadfcst_202609230950,SEMO,demand,2026,https://reports.sem-o.com/documents/PUB_DailyLoadFcst_202609230950.xml,semo/forecast_vintages/demand/2026/09/PUB_DailyLoadFcst_202609230950.xml,Review the publisher's open-data terms and disclaimer before redistribution.,1.0,data/raw/semo/forecast_vintages/demand/2026/09/PUB_DailyLoadFcst_202609230950.xml,71440,b773c84876e7d50e3da00a5024df56042611f59de42be0b4d90db7a471d2539e,2026-09-23T15:20:01Z,True,2026-09-22T22:00:00+00:00,2026-09-26T21:30:00+00:00,576
semo_pub_dailyloadfcst_202609231000,SEMO,demand,2026,https://reports.sem-o.com/documents/PUB_DailyLoadFcst_202609231000.xml,semo/forecast_vintages/demand/2026/09/PUB_DailyLoadFcst_202609231000.xml,Review the publisher's open-data terms and disclaimer before redistribution.,1.0,data/raw/semo/forecast_vintages/demand/2026/09/PUB_DailyLoadFcst_202609231000.xml,71440,9020f2df865f0f7ac42be61efc6fcf01e41cb41d3eead3de6c720e769ea00ef6,2026-09-23T15:20:00Z,True,2026-09-22T22:00:00+00:00,2026-09-26T21:30:00+00:00,576
semo_pub_dailyloadfcst_202609231005,SEMO,demand,2026,https://reports.sem-o.com/documents/PUB_DailyLoadFcst_202609231005.xml,semo/forecast_vintages/demand/2026/09/PUB_DailyLoadFcst_202609231005.xml,Review the publisher's open-data terms and disclaimer before redistribution.,1.0,data/raw/semo/forecast_vintages/demand/2026/09/PUB_DailyLoadFcst_202609231005.xml,71440,c8c654ab46977183b1c0f1f17b282cde880ec46686a0dee344022294e1140ae5,2026-09-23T15:20:00Z,True,2026-09-22T22:00:00+00:00,2026-09-26T21:30:00+00:00,576
semo_pub_dailyloadfcst_202609231015,SEMO,demand,2026,https://reports.sem-o.com/documents/PUB_DailyLoadFcst_202609231015.xml,semo/forecast_vintages/demand/2026/09/PUB_DailyLoadFcst_202609231015.xml,Review the publisher's open-data terms and disclaimer before redistribution.,1.0,data/raw/semo/forecast_vintages/demand/2026/09/PUB_DailyLoadFcst_202609231015.xml,71440,aca5da538d349573b803fd789929f29875cca4d6ca6028703735d1f0ca92b4fc,2026-09-23T15:20:01Z,True,2026-09-22T22:00:00+00:00,2026-09-26T21:30:00+00:00,576
semo_pub_dailyloadfcst_202609231020,SEMO,demand,2026,https://reports.sem-o.com/documents/PUB_DailyLoadFcst_202609231020.xml,semo/forecast_vintages/demand/2026/09/PUB_DailyLoadFcst_202609231020.xml,Review the publisher's open-data terms and disclaimer before redistribution.,1.0,data/raw/semo/forecast_vintages/demand/2026/09/PUB_DailyLoadFcst_202609231020.xml,71440,898a1feacb484860a416c6f04cf999d1d6f0880eeffd34c9de96b69d4991f429,2026-09-23T15:20:00Z,True,2026-09-22T22:00:00+00:00,2026-09-26T21:30:00+00:00,576
semo_pub_dailyloadfcst_202609231030,SEMO,demand,2026,https://reports.sem-o.com/documents/PUB_DailyLoadFcst_202609231030.xml,semo/forecast_vintages/demand/2026/09/PUB_DailyLoadFcst_202609231030.xml,Review the publisher's open-data terms and disclaimer before redistribution.,1.0,data/raw/semo/forecast_vintages/demand/2026/09/PUB_DailyLoadFcst_202609231030.xml,71440,a104b85f7c69cd6b707ec52918aceba6457d5541df5af667956d0d76a18b5afd,2026-09-23T15:20:01Z,True,2026-09-22T22:00:00+00:00,2026-09-26T21:30:00+00:00,576
semo_pub_dailyloadfcst_202609231035,SEMO,demand,2026,https://reports.sem-o.com/documents/PUB_DailyLoadFcst_202609231035.xml,semo/forecast_vintages/demand/2026/09/PUB_DailyLoadFcst_202609231035.xml,Review the publisher's open-data terms and disclaimer before redistribution.,1.0,data/raw/semo/forecast_vintages/demand/2026/09/PUB_DailyLoadFcst_202609231035.xml,71440,cf66d62104e0f0b5e29eefb579c1f9854eca1563ea496c32eb7fb729344dbcde,2026-09-23T15:20:01Z,True,2026-09-22T22:00:00+00:00,2026-09-26T21:30:00+00:00,576
semo_pub_dailyloadfcst_202609231045,SEMO,demand,2026,https://reports.sem-o.com/documents/PUB_DailyLoadFcst_202609231045.xml,semo/forecast_vintages/demand/2026/09/PUB_DailyLoadFcst_202609231045.xml,Review the publisher's open-data terms and disclaimer before redistribution.,1.0,data/raw/semo/forecast_vintages/demand/2026/09/PUB_DailyLoadFcst_202609231045.xml,71440,50723421330c26fbae5ee17e09f44e1943939d129f88185e051f81c87084fcff,2026-09-23T15:20:01Z,True,2026-09-22T22:00:00+00:00,2026-09-26T21:30:00+00:00,576
semo_pub_dailyloadfcst_202609231050,SEMO,demand,2026,https://reports.sem-o.com/documents/PUB_DailyLoadFcst_202609231050.xml,semo/forecast_vintages/demand/2026/09/PUB_DailyLoadFcst_202609231050.xml,Review the publisher's open-data terms and disclaimer before redistribution.,1.0,data/raw/semo/forecast_vintages/demand/2026/09/PUB_DailyLoadFcst_202609231050.xml,71440,2a365acffdb2ac573c3de0763e1b396b0acb5f6f3f412703bd42d8059f3818cb,2026-09-23T15:20:01Z,True,2026-09-22T22:00:00+00:00,2026-09-26T21:30:00+00:00,576
semo_pub_dailyloadfcst_202609231100,SEMO,demand,2026,https://reports.sem-o.com/documents/PUB_DailyLoadFcst_202609231100.xml,semo/forecast_vintages/demand/2026/09/PUB_DailyLoadFcst_202609231100.xml,Review the publisher's open-data terms and disclaimer before redistribution.,1.0,data/raw/semo/forecast_vintages/demand/2026/09/PUB_DailyLoadFcst_202609231100.xml,71440,cb6ff3fa479b127c3ff69b8a2a691b35747dcd5b2ae1bf798ccea5788aef011e,2026-09-23T15:20:01Z,True,2026-09-22T22:00:00+00:00,2026-09-26T21:30:00+00:00,576
semo_pub_dailyloadfcst_202609231105,SEMO,demand,2026,https://reports.sem-o.com/documents/PUB_DailyLoadFcst_202609231105.xml,semo/forecast_vintages/demand/2026/09/PUB_DailyLoadFcst_202609231105.xml,Review the publisher's open-data terms and disclaimer before redistribution.,1.0,data/raw/semo/forecast_vintages/demand/2026/09/PUB_DailyLoadFcst_202609231105.xml,71440,8514ad08e6d4dca455aad4e600247d0c0daefeacf2d4df6b09c8946a20ce2e22,2026-09-23T15:20:04Z,True,2026-09-22T22:00:00+00:00,2026-09-26T21:30:00+00:00,576
semo_pub_dailyloadfcst_202609231115,SEMO,demand,2026,https://reports.sem-o.com/documents/PUB_DailyLoadFcst_202609231115.xml,semo/forecast_vintages/demand/2026/09/PUB_DailyLoadFcst_202609231115.xml,Review the publisher's open-data terms and disclaimer before redistribution.,1.0,data/raw/semo/forecast_vintages/demand/2026/09/PUB_DailyLoadFcst_202609231115.xml,71440,d4f4d0fd8848fb3235d49c00e3dafcc9e987094b364e7ef070ecd92531e24dea,2026-09-23T15:20:04Z,True,2026-09-22T22:00:00+00:00,2026-09-26T21:30:00+00:00,576
semo_pub_dailyloadfcst_202609231120,SEMO,demand,2026,https://reports.sem-o.com/documents/PUB_DailyLoadFcst_202609231120.xml,semo/forecast_vintages/demand/2026/09/PUB_DailyLoadFcst_202609231120.xml,Review the publisher's open-data terms and disclaimer before redistribution.,1.0,data/raw/semo/forecast_vintages/demand/2026/09/PUB_DailyLoadFcst_202609231120.xml,71440,ed944726440bcd99d97332289360b903aa86596751ac7cb0f5aa97223551e8b1,2026-09-23T15:20:05Z,True,2026-09-22T22:00:00+00:00,2026-09-26T21:30:00+00:00,576
semo_pub_dailyloadfcst_202609231130,SEMO,demand,2026,https://reports.sem-o.com/documents/PUB_DailyLoadFcst_202609231130.xml,semo/forecast_vintages/demand/2026/09/PUB_DailyLoadFcst_202609231130.xml,Review the publisher's open-data terms and disclaimer before redistribution.,1.0,data/raw/semo/forecast_vintages/demand/2026/09/PUB_DailyLoadFcst_202609231130.xml,71440,7a5d10ac9ae931019654d04bdd6249700c75ed30ec40ce1b8e91549d37c0a407,2026-09-23T15:20:03Z,True,2026-09-22T22:00:00+00:00,2026-09-26T21:30:00+00:00,576
semo_pub_dailyloadfcst_202609231135,SEMO,demand,2026,https://reports.sem-o.com/documents/PUB_DailyLoadFcst_202609231135.xml,semo/forecast_vintages/demand/2026/09/PUB_DailyLoadFcst_202609231135.xml,Review the publisher's open-data terms and disclaimer before redistribution.,1.0,data/raw/semo/forecast_vintages/demand/2026/09/PUB_DailyLoadFcst_202609231135.xml,71440,090d7bd9a6f37375bfa52a98e6daebdcd0232d3a80513b451aaa0062111a7e0d,2026-09-23T15:20:03Z,True,2026-09-22T22:00:00+00:00,2026-09-26T21:30:00+00:00,576
semo_pub_dailyloadfcst_202609231145,SEMO,demand,2026,https://reports.sem-o.com/documents/PUB_DailyLoadFcst_202609231145.xml,semo/forecast_vintages/demand/2026/09/PUB_DailyLoadFcst_202609231145.xml,Review the publisher's open-data terms and disclaimer before redistribution.,1.0,data/raw/semo/forecast_vintages/demand/2026/09/PUB_DailyLoadFcst_202609231145.xml,71440,fb455121f2ea8b6c464b45032d66f03a6d4952aaff540c5c30d3529475152004,2026-09-23T15:20:02Z,True,2026-09-22T22:00:00+00:00,2026-09-26T21:30:00+00:00,576
semo_pub_dailyloadfcst_202609231150,SEMO,demand,2026,https://reports.sem-o.com/documents/PUB_DailyLoadFcst_202609231150.xml,semo/forecast_vintages/demand/2026/09/PUB_DailyLoadFcst_202609231150.xml,Review the publisher's open-data terms and disclaimer before redistribution.,1.0,data/raw/semo/forecast_vintages/demand/2026/09/PUB_DailyLoadFcst_202609231150.xml,71440,201d3c59c142ebef46b9cfad4fc41d3c70f6a4fca1af0172d171661265b96139,2026-09-23T15:20:05Z,True,2026-09-22T22:00:00+00:00,2026-09-26T21:30:00+00:00,576
semo_pub_dailyloadfcst_202609231200,SEMO,demand,2026,https://reports.sem-o.com/documents/PUB_DailyLoadFcst_202609231200.xml,semo/forecast_vintages/demand/2026/09/PUB_DailyLoadFcst_202609231200.xml,Review the publisher's open-data terms and disclaimer before redistribution.,1.0,data/raw/semo/forecast_vintages/demand/2026/09/PUB_DailyLoadFcst_202609231200.xml,71440,36e55cc68b73fbb944fbb95f1a1f9ee003ca7d11eecbfc6643d6816eba1039be,2026-09-23T15:20:03Z,True,2026-09-22T22:00:00+00:00,2026-09-26T21:30:00+00:00,576
semo_pub_dailyloadfcst_202609231205,SEMO,demand,2026,https://reports.sem-o.com/documents/PUB_DailyLoadFcst_202609231205.xml,semo/forecast_vintages/demand/2026/09/PUB_DailyLoadFcst_202609231205.xml,Review the publisher's open-data terms and disclaimer before redistribution.,1.0,data/raw/semo/forecast_vintages/demand/2026/09/PUB_DailyLoadFcst_202609231205.xml,71440,f47806cd469a346a97663a06f07f5610baf9c90df213c4ec74b0854378735dca,2026-09-23T15:20:02Z,True,2026-09-22T22:00:00+00:00,2026-09-26T21:30:00+00:00,576
semo_pub_dailyloadfcst_202609231215,SEMO,demand,2026,https://reports.sem-o.com/documents/PUB_DailyLoadFcst_202609231215.xml,semo/forecast_vintages/demand/2026/09/PUB_DailyLoadFcst_202609231215.xml,Review the publisher's open-data terms and disclaimer before redistribution.,1.0,data/raw/semo/forecast_vintages/demand/2026/09/PUB_DailyLoadFcst_202609231215.xml,71440,d253dc2cb36d55979438b6311f14bddaf27a0135c8be5b9ace59469be41edeaa,2026-09-23T15:20:05Z,True,2026-09-22T22:00:00+00:00,2026-09-26T21:30:00+00:00,576
semo_pub_dailyloadfcst_202609231220,SEMO,demand,2026,https://reports.sem-o.com/documents/PUB_DailyLoadFcst_202609231220.xml,semo/forecast_vintages/demand/2026/09/PUB_DailyLoadFcst_202609231220.xml,Review the publisher's open-data terms and disclaimer before redistribution.,1.0,data/raw/semo/forecast_vintages/demand/2026/09/PUB_DailyLoadFcst_202609231220.xml,71440,62e4ab1d2e3aa8164f7169189fbef99c3641a4cda9c85f9770ed692ed36b9e7b,2026-09-23T15:20:05Z,True,2026-09-22T22:00:00+00:00,2026-09-26T21:30:00+00:00,576
semo_pub_dailyloadfcst_202609231230,SEMO,demand,2026,https://reports.sem-o.com/documents/PUB_DailyLoadFcst_202609231230.xml,semo/forecast_vintages/demand/2026/09/PUB_DailyLoadFcst_202609231230.xml,Review the publisher's open-data terms and disclaimer before redistribution.,1.0,data/raw/semo/forecast_vintages/demand/2026/09/PUB_DailyLoadFcst_202609231230.xml,71440,9d65f52928f195ddf776aa5beb634fbb81d150d9a01c7aa424376edb692c51c3,2026-09-23T15:20:03Z,True,2026-09-22T22:00:00+00:00,2026-09-26T21:30:00+00:00,576
semo_pub_dailyloadfcst_202609231235,SEMO,demand,2026,https://reports.sem-o.com/documents/PUB_DailyLoadFcst_202609231235.xml,semo/forecast_vintages/demand/2026/09/PUB_DailyLoadFcst_202609231235.xml,Review the publisher's open-data terms and disclaimer before redistribution.,1.0,data/raw/semo/forecast_vintages/demand/2026/09/PUB_DailyLoadFcst_202609231235.xml,71438,73c90f4cb6950c1885b149ff49f31d1768f79d7e875b5d9c1a7f17bf9c9bd5bc,2026-09-23T15:20:04Z,True,2026-09-22T22:00:00+00:00,2026-09-26T21:30:00+00:00,576
semo_pub_dailyloadfcst_202609231245,SEMO,demand,2026,https://reports.sem-o.com/documents/PUB_DailyLoadFcst_202609231245.xml,semo/forecast_vintages/demand/2026/09/PUB_DailyLoadFcst_202609231245.xml,Review the publisher's open-data terms and disclaimer before redistribution.,1.0,data/raw/semo/forecast_vintages/demand/2026/09/PUB_DailyLoadFcst_202609231245.xml,71438,7922104bbf6b06e374edaef9bceffdc67b2386314586b8371a8f2cc725a3a9b5,2026-09-23T15:20:03Z,True,2026-09-22T22:00:00+00:00,2026-09-26T21:30:00+00:00,576
semo_pub_dailyloadfcst_202609231250,SEMO,demand,2026,https://reports.sem-o.com/documents/PUB_DailyLoadFcst_202609231250.xml,semo/forecast_vintages/demand/2026/09/PUB_DailyLoadFcst_202609231250.xml,Review the publisher's open-data terms and disclaimer before redistribution.,1.0,data/raw/semo/forecast_vintages/demand/2026/09/PUB_DailyLoadFcst_202609231250.xml,71438,4a313072b8e2d66d8df1072a64c684d1049320cf9c5dc03f414ef43e906971f0,2026-09-23T15:20:05Z,True,2026-09-22T22:00:00+00:00,2026-09-26T21:30:00+00:00,576
semo_pub_dailyloadfcst_202609231300,SEMO,demand,2026,https://reports.sem-o.com/documents/PUB_DailyLoadFcst_202609231300.xml,semo/forecast_vintages/demand/2026/09/PUB_DailyLoadFcst_202609231300.xml,Review the publisher's open-data terms and disclaimer before redistribution.,1.0,data/raw/semo/forecast_vintages/demand/2026/09/PUB_DailyLoadFcst_202609231300.xml,71438,4fd91d47cee87290076f7dd53e8cb0645f7ed3968cf83f3f5f493aec2106b5f1,2026-09-23T15:20:05Z,True,2026-09-22T22:00:00+00:00,2026-09-26T21:30:00+00:00,576
semo_pub_dailyloadfcst_202609231305,SEMO,demand,2026,https://reports.sem-o.com/documents/PUB_DailyLoadFcst_202609231305.xml,semo/forecast_vintages/demand/2026/09/PUB_DailyLoadFcst_202609231305.xml,Review the publisher's open-data terms and disclaimer before redistribution.,1.0,data/raw/semo/forecast_vintages/demand/2026/09/PUB_DailyLoadFcst_202609231305.xml,71438,88367e4130ecaba90c90a702e0f0abb773d906d26ed1ed75bdf2d9f0846fc91a,2026-09-23T15:20:05Z,True,2026-09-22T22:00:00+00:00,2026-09-26T21:30:00+00:00,576
semo_pub_dailyloadfcst_202609231315,SEMO,demand,2026,https://reports.sem-o.com/documents/PUB_DailyLoadFcst_202609231315.xml,semo/forecast_vintages/demand/2026/09/PUB_DailyLoadFcst_202609231315.xml,Review the publisher's open-data terms and disclaimer before redistribution.,1.0,data/raw/semo/forecast_vintages/demand/2026/09/PUB_DailyLoadFcst_202609231315.xml,71438,7a2c5b95562d16032c3a572c48935d5e7c4394a0040603d7d6d04c809019777f,2026-09-23T15:20:05Z,True,2026-09-22T22:00:00+00:00,2026-09-26T21:30:00+00:00,576
semo_pub_dailyloadfcst_202609231320,SEMO,demand,2026,https://reports.sem-o.com/documents/PUB_DailyLoadFcst_202609231320.xml,semo/forecast_vintages/demand/2026/09/PUB_DailyLoadFcst_202609231320.xml,Review the publisher's open-data terms and disclaimer before redistribution.,1.0,data/raw/semo/forecast_vintages/demand/2026/09/PUB_DailyLoadFcst_202609231320.xml,71438,94b9ca8d451790c5a2533025a403ec0b87a22d0beba026b7750ddaed183b860b,2026-09-23T15:20:06Z,True,2026-09-22T22:00:00+00:00,2026-09-26T21:30:00+00:00,576
semo_pub_dailyloadfcst_202609231330,SEMO,demand,2026,https://reports.sem-o.com/documents/PUB_DailyLoadFcst_202609231330.xml,semo/forecast_vintages/demand/2026/09/PUB_DailyLoadFcst_202609231330.xml,Review the publisher's open-data terms and disclaimer before redistribution.,1.0,data/raw/semo/forecast_vintages/demand/2026/09/PUB_DailyLoadFcst_202609231330.xml,71438,2ee9e7c2d979714f0f760e09b2a0293748c2099bd981207e12df63163a5395c5,2026-09-23T15:20:06Z,True,2026-09-22T22:00:00+00:00,2026-09-26T21:30:00+00:00,576
semo_pub_dailyloadfcst_202609231335,SEMO,demand,2026,https://reports.sem-o.com/documents/PUB_DailyLoadFcst_202609231335.xml,semo/forecast_vintages/demand/2026/09/PUB_DailyLoadFcst_202609231335.xml,Review the publisher's open-data terms and disclaimer before redistribution.,1.0,data/raw/semo/forecast_vintages/demand/2026/09/PUB_DailyLoadFcst_202609231335.xml,71438,c8b762e649b94b41c83695f14cd3a0b4618448437ef7e2187952723fc462ccd1,2026-09-23T15:20:05Z,True,2026-09-22T22:00:00+00:00,2026-09-26T21:30:00+00:00,576
semo_pub_dailyloadfcst_202609231345,SEMO,demand,2026,https://reports.sem-o.com/documents/PUB_DailyLoadFcst_202609231345.xml,semo/forecast_vintages/demand/2026/09/PUB_DailyLoadFcst_202609231345.xml,Review the publisher's open-data terms and disclaimer before redistribution.,1.0,data/raw/semo/forecast_vintages/demand/2026/09/PUB_DailyLoadFcst_202609231345.xml,71438,d25ddde3a3770285351e3bcaa33d223dfb449dabe162e65207362ca4508a8762,2026-09-23T15:20:06Z,True,2026-09-22T22:00:00+00:00,2026-09-26T21:30:00+00:00,576
semo_pub_dailyloadfcst_202609231350,SEMO,demand,2026,https://reports.sem-o.com/documents/PUB_DailyLoadFcst_202609231350.xml,semo/forecast_vintages/demand/2026/09/PUB_DailyLoadFcst_202609231350.xml,Review the publisher's open-data terms and disclaimer before redistribution.,1.0,data/raw/semo/forecast_vintages/demand/2026/09/PUB_DailyLoadFcst_202609231350.xml,71438,d4535ac4688b2aa7ce059f56d6aabfb5091d368e2d559db34428f9d80d86bd4e,2026-09-23T15:20:06Z,True,2026-09-22T22:00:00+00:00,2026-09-26T21:30:00+00:00,576
semo_pub_dailyloadfcst_202609231400,SEMO,demand,2026,https://reports.sem-o.com/documents/PUB_DailyLoadFcst_202609231400.xml,semo/forecast_vintages/demand/2026/09/PUB_DailyLoadFcst_202609231400.xml,Review the publisher's open-data terms and disclaimer before redistribution.,1.0,data/raw/semo/forecast_vintages/demand/2026/09/PUB_DailyLoadFcst_202609231400.xml,71438,02b5c81f37eaa63bda23b8447b855c60c7fad635a69a95e2451e5829f96c81bc,2026-09-23T15:20:06Z,True,2026-09-22T22:00:00+00:00,2026-09-26T21:30:00+00:00,576
semo_pub_dailyloadfcst_202609231405,SEMO,demand,2026,https://reports.sem-o.com/documents/PUB_DailyLoadFcst_202609231405.xml,semo/forecast_vintages/demand/2026/09/PUB_DailyLoadFcst_202609231405.xml,Review the publisher's open-data terms and disclaimer before redistribution.,1.0,data/raw/semo/forecast_vintages/demand/2026/09/PUB_DailyLoadFcst_202609231405.xml,71438,a0d58ecfdbaebd28080f97b1cbfa16a9d973c44e2c8ed0e8c08a0bfb83626d89,2026-09-23T15:20:06Z,True,2026-09-22T22:00:00+00:00,2026-09-26T21:30:00+00:00,576
semo_pub_dailyloadfcst_202609231415,SEMO,demand,2026,https://reports.sem-o.com/documents/PUB_DailyLoadFcst_202609231415.xml,semo/forecast_vintages/demand/2026/09/PUB_DailyLoadFcst_202609231415.xml,Review the publisher's open-data terms and disclaimer before redistribution.,1.0,data/raw/semo/forecast_vintages/demand/2026/09/PUB_DailyLoadFcst_202609231415.xml,71438,2dd903b998bfbb4dc2929a6873df9e9100676711f5d3b63def70aac8e20c71dc,2026-09-23T15:20:06Z,True,2026-09-22T22:00:00+00:00,2026-09-26T21:30:00+00:00,576
semo_pub_dailyloadfcst_202609231420,SEMO,demand,2026,https://reports.sem-o.com/documents/PUB_DailyLoadFcst_202609231420.xml,semo/forecast_vintages/demand/2026/09/PUB_DailyLoadFcst_202609231420.xml,Review the publisher's open-data terms and disclaimer before redistribution.,1.0,data/raw/semo/forecast_vintages/demand/2026/09/PUB_DailyLoadFcst_202609231420.xml,71438,3ae2f552e0a16642e3d28c93c968ee75494bbe183b23fe4dcb56bcc61ff8a52e,2026-09-23T15:20:07Z,True,2026-09-22T22:00:00+00:00,2026-09-26T21:30:00+00:00,576
semo_pub_dailyloadfcst_202609231430,SEMO,demand,2026,https://reports.sem-o.com/documents/PUB_DailyLoadFcst_202609231430.xml,semo/forecast_vintages/demand/2026/09/PUB_DailyLoadFcst_202609231430.xml,Review the publisher's open-data terms and disclaimer before redistribution.,1.0,data/raw/semo/forecast_vintages/demand/2026/09/PUB_DailyLoadFcst_202609231430.xml,71438,566b1fe00522eaae8c878c3732cb778124a41f4925463ddb5b5903586c78bebe,2026-09-23T15:20:07Z,True,2026-09-22T22:00:00+00:00,2026-09-26T21:30:00+00:00,576
semo_pub_dailyloadfcst_202609231435,SEMO,demand,2026,https://reports.sem-o.com/documents/PUB_DailyLoadFcst_202609231435.xml,semo/forecast_vintages/demand/2026/09/PUB_DailyLoadFcst_202609231435.xml,Review the publisher's open-data terms and disclaimer before redistribution.,1.0,data/raw/semo/forecast_vintages/demand/2026/09/PUB_DailyLoadFcst_202609231435.xml,71438,c82f8861bf96ca2a1b53ddc0333e88e39d91d17ca0ea314cf91633716656253f,2026-09-23T15:20:07Z,True,2026-09-22T22:00:00+00:00,2026-09-26T21:30:00+00:00,576
semo_pub_dailyloadfcst_202609231445,SEMO,demand,2026,https://reports.sem-o.com/documents/PUB_DailyLoadFcst_202609231445.xml,semo/forecast_vintages/demand/2026/09/PUB_DailyLoadFcst_202609231445.xml,Review the publisher's open-data terms and disclaimer before redistribution.,1.0,data/raw/semo/forecast_vintages/demand/2026/09/PUB_DailyLoadFcst_202609231445.xml,71438,936a54f2051fd9efa3c09207be8de9c788ea89719d9a725985546a445a0403f5,2026-09-23T15:20:07Z,True,2026-09-22T22:00:00+00:00,2026-09-26T21:30:00+00:00,576
semo_pub_dailyloadfcst_202609231450,SEMO,demand,2026,https://reports.sem-o.com/documents/PUB_DailyLoadFcst_202609231450.xml,semo/forecast_vintages/demand/2026/09/PUB_DailyLoadFcst_202609231450.xml,Review the publisher's open-data terms and disclaimer before redistribution.,1.0,data/raw/semo/forecast_vintages/demand/2026/09/PUB_DailyLoadFcst_202609231450.xml,71438,2f89a6519d050fcc7d163030152b055c364464a2d1ea66e803f29e6a32a0efbe,2026-09-23T15:20:07Z,True,2026-09-22T22:00:00+00:00,2026-09-26T21:30:00+00:00,576
semo_pub_dailyloadfcst_202609231500,SEMO,demand,2026,https://reports.sem-o.com/documents/PUB_DailyLoadFcst_202609231500.xml,semo/forecast_vintages/demand/2026/09/PUB_DailyLoadFcst_202609231500.xml,Review the publisher's open-data terms and disclaimer before redistribution.,1.0,data/raw/semo/forecast_vintages/demand/2026/09/PUB_DailyLoadFcst_202609231500.xml,71438,69d866914be0175ca0e9215274ed5584c38c6e841dd72d4844ad1cae06487ae6,2026-09-23T15:39:42Z,False,2026-09-22T22:00:00+00:00,2026-09-26T21:30:00+00:00,576
semo_pub_dailyloadfcst_202609231505,SEMO,demand,2026,https://reports.sem-o.com/documents/PUB_DailyLoadFcst_202609231505.xml,semo/forecast_vintages/demand/2026/09/PUB_DailyLoadFcst_202609231505.xml,Review the publisher's open-data terms and disclaimer before redistribution.,1.0,data/raw/semo/forecast_vintages/demand/2026/09/PUB_DailyLoadFcst_202609231505.xml,71438,3d0e4c4c7758535d772fbe4d83d3df2c395cd4857dbf543134013e94a6a20c97,2026-09-23T15:39:42Z,False,2026-09-22T22:00:00+00:00,2026-09-26T21:30:00+00:00,576
semo_pub_dailyintconntc_202609210600,SEMO,interconnector_ntc,2026,https://reports.sem-o.com/documents/PUB_DailyIntconNTC_202609210600.xml,semo/forecast_vintages/interconnector_ntc/2026/09/PUB_DailyIntconNTC_202609210600.xml,Review the publisher's open-data terms and disclaimer before redistribution.,1.0,data/raw/semo/forecast_vintages/interconnector_ntc/2026/09/PUB_DailyIntconNTC_202609210600.xml,46632,5b298b67caee33aa77020bccfae31ffb2b240682cde9cba0cffbdf974f952b49,2026-09-23T15:20:07Z,True,2026-09-20T22:00:00+00:00,2026-09-23T21:00:00+00:00,432
semo_pub_dailyintconntc_202609220600,SEMO,interconnector_ntc,2026,https://reports.sem-o.com/documents/PUB_DailyIntconNTC_202609220600.xml,semo/forecast_vintages/interconnector_ntc/2026/09/PUB_DailyIntconNTC_202609220600.xml,Review the publisher's open-data terms and disclaimer before redistribution.,1.0,data/raw/semo/forecast_vintages/interconnector_ntc/2026/09/PUB_DailyIntconNTC_202609220600.xml,46632,19164618b95f83b849f387553d9a2f9f32ef6f265e936cdea344dd130ace0d40,2026-09-23T15:20:07Z,True,2026-09-21T22:00:00+00:00,2026-09-24T21:00:00+00:00,432
semo_pub_dailyintconntc_202609230600,SEMO,interconnector_ntc,2026,https://reports.sem-o.com/documents/PUB_DailyIntconNTC_202609230600.xml,semo/forecast_vintages/interconnector_ntc/2026/09/PUB_DailyIntconNTC_202609230600.xml,Review the publisher's open-data terms and disclaimer before redistribution.,1.0,data/raw/semo/forecast_vintages/interconnector_ntc/2026/09/PUB_DailyIntconNTC_202609230600.xml,46632,3f4a92e8a7691d38b5f8e56526a4e95fb4a83df9a543d92f8fe3e1bba04d0648,2026-09-23T15:20:07Z,True,2026-09-22T22:00:00+00:00,2026-09-25T21:00:00+00:00,432
semo_pub_15minaggwindfcst_202609210004,SEMO,wind,2026,https://reports.sem-o.com/documents/PUB_15MinAggWindFcst_202609210004.xml,semo/forecast_vintages/wind/2026/09/PUB_15MinAggWindFcst_202609210004.xml,Review the publisher's open-data terms and disclaimer before redistribution.,1.0,data/raw/semo/forecast_vintages/wind/2026/09/PUB_15MinAggWindFcst_202609210004.xml,66364,f89cce26a7b2f9c79145cab22155c94b5ce86a8de52fe1b74b73f2a9ea6e1af8,2026-09-23T15:18:27Z,True,2026-09-20T22:15:00+00:00,2026-09-25T00:45:00+00:00,395
semo_pub_15minaggwindfcst_202609210014,SEMO,wind,2026,https://reports.sem-o.com/documents/PUB_15MinAggWindFcst_202609210014.xml,semo/forecast_vintages/wind/2026/09/PUB_15MinAggWindFcst_202609210014.xml,Review the publisher's open-data terms and disclaimer before redistribution.,1.0,data/raw/semo/forecast_vintages/wind/2026/09/PUB_15MinAggWindFcst_202609210014.xml,66377,faa64aea3f3289575c51699572528ec1ddf75c5a318962de7424ce3ae99324b7,2026-09-23T15:18:27Z,True,2026-09-20T22:15:00+00:00,2026-09-25T00:45:00+00:00,395
semo_pub_15minaggwindfcst_202609210603,SEMO,wind,2026,https://reports.sem-o.com/documents/PUB_15MinAggWindFcst_202609210603.xml,semo/forecast_vintages/wind/2026/09/PUB_15MinAggWindFcst_202609210603.xml,Review the publisher's open-data terms and disclaimer before redistribution.,1.0,data/raw/semo/forecast_vintages/wind/2026/09/PUB_15MinAggWindFcst_202609210603.xml,70371,3cff32bfe2be02b293d92faf225b91964b3d07c247c757d8bf63920c505e144e,2026-09-23T15:18:27Z,True,2026-09-20T22:15:00+00:00,2026-09-25T06:45:00+00:00,419
semo_pub_15minaggwindfcst_202609210613,SEMO,wind,2026,https://reports.sem-o.com/documents/PUB_15MinAggWindFcst_202609210613.xml,semo/forecast_vintages/wind/2026/09/PUB_15MinAggWindFcst_202609210613.xml,Review the publisher's open-data terms and disclaimer before redistribution.,1.0,data/raw/semo/forecast_vintages/wind/2026/09/PUB_15MinAggWindFcst_202609210613.xml,70409,1f988ef242b92f52cfe2d3c771ae29f59bbbff13ac1f53b0a059ee1f629625c5,2026-09-23T15:18:27Z,True,2026-09-20T22:15:00+00:00,2026-09-25T06:45:00+00:00,419
semo_pub_15minaggwindfcst_202609211205,SEMO,wind,2026,https://reports.sem-o.com/documents/PUB_15MinAggWindFcst_202609211205.xml,semo/forecast_vintages/wind/2026/09/PUB_15MinAggWindFcst_202609211205.xml,Review the publisher's open-data terms and disclaimer before redistribution.,1.0,data/raw/semo/forecast_vintages/wind/2026/09/PUB_15MinAggWindFcst_202609211205.xml,74407,c1fdbe966f7c85d2f6b1a7a6add0d4b8f213b7f39a292f7377a96dcbc9f6fb69,2026-09-23T15:18:27Z,True,2026-09-20T22:15:00+00:00,2026-09-25T12:45:00+00:00,443
semo_pub_15minaggwindfcst_202609211213,SEMO,wind,2026,https://reports.sem-o.com/documents/PUB_15MinAggWindFcst_202609211213.xml,semo/forecast_vintages/wind/2026/09/PUB_15MinAggWindFcst_202609211213.xml,Review the publisher's open-data terms and disclaimer before redistribution.,1.0,data/raw/semo/forecast_vintages/wind/2026/09/PUB_15MinAggWindFcst_202609211213.xml,74435,6d3b785609fdbefa0bf465f2d1e21a2630378fe1078ae08a3f3f3d84ac169930,2026-09-23T15:23:11Z,True,2026-09-20T22:15:00+00:00,2026-09-25T12:45:00+00:00,443
semo_pub_15minaggwindfcst_202609211804,SEMO,wind,2026,https://reports.sem-o.com/documents/PUB_15MinAggWindFcst_202609211804.xml,semo/forecast_vintages/wind/2026/09/PUB_15MinAggWindFcst_202609211804.xml,Review the publisher's open-data terms and disclaimer before redistribution.,1.0,data/raw/semo/forecast_vintages/wind/2026/09/PUB_15MinAggWindFcst_202609211804.xml,78446,790f8c81b007e09177a3bc46ca35aedeb54bcc9ba700cb2f319c26ed2f189732,2026-09-23T15:23:11Z,True,2026-09-20T22:15:00+00:00,2026-09-25T18:45:00+00:00,467
semo_pub_15minaggwindfcst_202609211813,SEMO,wind,2026,https://reports.sem-o.com/documents/PUB_15MinAggWindFcst_202609211813.xml,semo/forecast_vintages/wind/2026/09/PUB_15MinAggWindFcst_202609211813.xml,Review the publisher's open-data terms and disclaimer before redistribution.,1.0,data/raw/semo/forecast_vintages/wind/2026/09/PUB_15MinAggWindFcst_202609211813.xml,78451,07c559b5d2f1c4901c97d1c622f46c821f651b4961694de1bab20397386d7fcf,2026-09-23T15:18:28Z,True,2026-09-20T22:15:00+00:00,2026-09-25T18:45:00+00:00,467
semo_pub_15minaggwindfcst_202609220004,SEMO,wind,2026,https://reports.sem-o.com/documents/PUB_15MinAggWindFcst_202609220004.xml,semo/forecast_vintages/wind/2026/09/PUB_15MinAggWindFcst_202609220004.xml,Review the publisher's open-data terms and disclaimer before redistribution.,1.0,data/raw/semo/forecast_vintages/wind/2026/09/PUB_15MinAggWindFcst_202609220004.xml,66337,d34831df88c8a3fefe79639864f9bbe7b919dca3217028be6eeab2252ff6cc13,2026-09-23T15:23:11Z,True,2026-09-21T22:15:00+00:00,2026-09-26T00:45:00+00:00,395
semo_pub_15minaggwindfcst_202609220014,SEMO,wind,2026,https://reports.sem-o.com/documents/PUB_15MinAggWindFcst_202609220014.xml,semo/forecast_vintages/wind/2026/09/PUB_15MinAggWindFcst_202609220014.xml,Review the publisher's open-data terms and disclaimer before redistribution.,1.0,data/raw/semo/forecast_vintages/wind/2026/09/PUB_15MinAggWindFcst_202609220014.xml,66329,4cc17700838e307cc8ea76a0fb906d4144deac3f0d4dbcdbb9cb2a4a1ea4edb3,2026-09-23T15:23:11Z,True,2026-09-21T22:15:00+00:00,2026-09-26T00:45:00+00:00,395
semo_pub_15minaggwindfcst_202609220604,SEMO,wind,2026,https://reports.sem-o.com/documents/PUB_15MinAggWindFcst_202609220604.xml,semo/forecast_vintages/wind/2026/09/PUB_15MinAggWindFcst_202609220604.xml,Review the publisher's open-data terms and disclaimer before redistribution.,1.0,data/raw/semo/forecast_vintages/wind/2026/09/PUB_15MinAggWindFcst_202609220604.xml,70348,28dbb4a6a6ea07df7378df89f5b8111545c966512335b33496d9022c1398478d,2026-09-23T15:23:11Z,True,2026-09-21T22:15:00+00:00,2026-09-26T06:45:00+00:00,419
semo_pub_15minaggwindfcst_202609220614,SEMO,wind,2026,https://reports.sem-o.com/documents/PUB_15MinAggWindFcst_202609220614.xml,semo/forecast_vintages/wind/2026/09/PUB_15MinAggWindFcst_202609220614.xml,Review the publisher's open-data terms and disclaimer before redistribution.,1.0,data/raw/semo/forecast_vintages/wind/2026/09/PUB_15MinAggWindFcst_202609220614.xml,70378,506f72a106243b049f35361af3d97876826f9d2459173a3a96da4779d7ce2242,2026-09-23T15:23:11Z,True,2026-09-21T22:15:00+00:00,2026-09-26T06:45:00+00:00,419
semo_pub_15minaggwindfcst_202609221204,SEMO,wind,2026,https://reports.sem-o.com/documents/PUB_15MinAggWindFcst_202609221204.xml,semo/forecast_vintages/wind/2026/09/PUB_15MinAggWindFcst_202609221204.xml,Review the publisher's open-data terms and disclaimer before redistribution.,1.0,data/raw/semo/forecast_vintages/wind/2026/09/PUB_15MinAggWindFcst_202609221204.xml,74396,41cf97eb7307ea88634bb49acd1db56967cb6959ecd2638058bb1453e0f17617,2026-09-23T15:18:28Z,True,2026-09-21T22:15:00+00:00,2026-09-26T12:45:00+00:00,443
semo_pub_15minaggwindfcst_202609221215,SEMO,wind,2026,https://reports.sem-o.com/documents/PUB_15MinAggWindFcst_202609221215.xml,semo/forecast_vintages/wind/2026/09/PUB_15MinAggWindFcst_202609221215.xml,Review the publisher's open-data terms and disclaimer before redistribution.,1.0,data/raw/semo/forecast_vintages/wind/2026/09/PUB_15MinAggWindFcst_202609221215.xml,74391,9a48cc28b8dc53fa224020a37ec749355739cfd267c7c745d27eafed5ec11688,2026-09-23T15:18:27Z,True,2026-09-21T22:15:00+00:00,2026-09-26T12:45:00+00:00,443
semo_pub_15minaggwindfcst_202609221804,SEMO,wind,2026,https://reports.sem-o.com/documents/PUB_15MinAggWindFcst_202609221804.xml,semo/forecast_vintages/wind/2026/09/PUB_15MinAggWindFcst_202609221804.xml,Review the publisher's open-data terms and disclaimer before redistribution.,1.0,data/raw/semo/forecast_vintages/wind/2026/09/PUB_15MinAggWindFcst_202609221804.xml,78412,69c6f53645f822d54af99d242c4309b9351bac091ca041af807370139a9270e5,2026-09-23T15:18:28Z,True,2026-09-21T22:15:00+00:00,2026-09-26T18:45:00+00:00,467
semo_pub_15minaggwindfcst_202609221814,SEMO,wind,2026,https://reports.sem-o.com/documents/PUB_15MinAggWindFcst_202609221814.xml,semo/forecast_vintages/wind/2026/09/PUB_15MinAggWindFcst_202609221814.xml,Review the publisher's open-data terms and disclaimer before redistribution.,1.0,data/raw/semo/forecast_vintages/wind/2026/09/PUB_15MinAggWindFcst_202609221814.xml,78454,24f0a68f0261f99f2e2a041ff6560ef41f86ad1ddee7e49b04f55e65a2e56e42,2026-09-23T15:18:28Z,True,2026-09-21T22:15:00+00:00,2026-09-26T18:45:00+00:00,467
semo_pub_15minaggwindfcst_202609230004,SEMO,wind,2026,https://reports.sem-o.com/documents/PUB_15MinAggWindFcst_202609230004.xml,semo/forecast_vintages/wind/2026/09/PUB_15MinAggWindFcst_202609230004.xml,Review the publisher's open-data terms and disclaimer before redistribution.,1.0,data/raw/semo/forecast_vintages/wind/2026/09/PUB_15MinAggWindFcst_202609230004.xml,66365,7b586949527feb03c8f3e8d61db0587e3762c2047d89d404148496fe74903483,2026-09-23T15:18:27Z,True,2026-09-22T22:15:00+00:00,2026-09-27T00:45:00+00:00,395
semo_pub_15minaggwindfcst_202609230013,SEMO,wind,2026,https://reports.sem-o.com/documents/PUB_15MinAggWindFcst_202609230013.xml,semo/forecast_vintages/wind/2026/09/PUB_15MinAggWindFcst_202609230013.xml,Review the publisher's open-data terms and disclaimer before redistribution.,1.0,data/raw/semo/forecast_vintages/wind/2026/09/PUB_15MinAggWindFcst_202609230013.xml,66341,4fa04489b33cdbc118ff5b6b88e293ffd72cafa1ed6841e146f5c4c19b0da86c,2026-09-23T15:18:28Z,True,2026-09-22T22:15:00+00:00,2026-09-27T00:45:00+00:00,395
semo_pub_15minaggwindfcst_202609230604,SEMO,wind,2026,https://reports.sem-o.com/documents/PUB_15MinAggWindFcst_202609230604.xml,semo/forecast_vintages/wind/2026/09/PUB_15MinAggWindFcst_202609230604.xml,Review the publisher's open-data terms and disclaimer before redistribution.,1.0,data/raw/semo/forecast_vintages/wind/2026/09/PUB_15MinAggWindFcst_202609230604.xml,70381,4e85859876c782fd0879daab0dd72a9a11f25f06e9612e586d96c565098d9612,2026-09-23T15:18:30Z,True,2026-09-22T22:15:00+00:00,2026-09-27T06:45:00+00:00,419
semo_pub_15minaggwindfcst_202609230614,SEMO,wind,2026,https://reports.sem-o.com/documents/PUB_15MinAggWindFcst_202609230614.xml,semo/forecast_vintages/wind/2026/09/PUB_15MinAggWindFcst_202609230614.xml,Review the publisher's open-data terms and disclaimer before redistribution.,1.0,data/raw/semo/forecast_vintages/wind/2026/09/PUB_15MinAggWindFcst_202609230614.xml,70424,ff3a45c0efc3ae4a0869e9b4c8bfd4e41ac17e68e1ef76781b9e9a10163a99bf,2026-09-23T15:18:30Z,True,2026-09-22T22:15:00+00:00,2026-09-27T06:45:00+00:00,419
semo_pub_15minaggwindfcst_202609231209,SEMO,wind,2026,https://reports.sem-o.com/documents/PUB_15MinAggWindFcst_202609231209.xml,semo/forecast_vintages/wind/2026/09/PUB_15MinAggWindFcst_202609231209.xml,Review the publisher's open-data terms and disclaimer before redistribution.,1.0,data/raw/semo/forecast_vintages/wind/2026/09/PUB_15MinAggWindFcst_202609231209.xml,74433,30f71580ca6ae84772f1b820e2391753c69cab37c491e2021aa6484374b3c8c7,2026-09-23T15:18:30Z,True,2026-09-22T22:15:00+00:00,2026-09-27T12:45:00+00:00,443
semo_pub_15minaggwindfcst_202609231214,SEMO,wind,2026,https://reports.sem-o.com/documents/PUB_15MinAggWindFcst_202609231214.xml,semo/forecast_vintages/wind/2026/09/PUB_15MinAggWindFcst_202609231214.xml,Review the publisher's open-data terms and disclaimer before redistribution.,1.0,data/raw/semo/forecast_vintages/wind/2026/09/PUB_15MinAggWindFcst_202609231214.xml,74461,f2bc347ed177318a46e13f0bd3e6d4ed4af9716104a38f6008ff4e3813f8ef3f,2026-09-23T15:18:30Z,True,2026-09-22T22:15:00+00:00,2026-09-27T12:45:00+00:00,443
semo_pub_15minaggwindfcst_202609231223,SEMO,wind,2026,https://reports.sem-o.com/documents/PUB_15MinAggWindFcst_202609231223.xml,semo/forecast_vintages/wind/2026/09/PUB_15MinAggWindFcst_202609231223.xml,Review the publisher's open-data terms and disclaimer before redistribution.,1.0,data/raw/semo/forecast_vintages/wind/2026/09/PUB_15MinAggWindFcst_202609231223.xml,74461,178272b305f64a7136f6cc53ea630a200aa278c6369d57116364795b52a1e937,2026-09-23T15:18:30Z,True,2026-09-22T22:15:00+00:00,2026-09-27T12:45:00+00:00,443
