target_timestamp_utc,issue_timestamp_utc,forecast_horizon_minutes,demand_forecast_mw_all,demand_forecast_mw_all_published_at_utc,demand_forecast_mw_all_source_id,demand_forecast_mw_all_age_minutes,demand_forecast_mw_all_available_flag,demand_forecast_mw_ni,demand_forecast_mw_ni_published_at_utc,demand_forecast_mw_ni_source_id,demand_forecast_mw_ni_age_minutes,demand_forecast_mw_ni_available_flag,demand_forecast_mw_roi,demand_forecast_mw_roi_published_at_utc,demand_forecast_mw_roi_source_id,demand_forecast_mw_roi_age_minutes,demand_forecast_mw_roi_available_flag,interconnector_max_export_mw_nimoyle,interconnector_max_export_mw_nimoyle_published_at_utc,interconnector_max_export_mw_nimoyle_source_id,interconnector_max_export_mw_nimoyle_age_minutes,interconnector_max_export_mw_nimoyle_available_flag,interconnector_max_export_mw_roiewic,interconnector_max_export_mw_roiewic_published_at_utc,interconnector_max_export_mw_roiewic_source_id,interconnector_max_export_mw_roiewic_age_minutes,interconnector_max_export_mw_roiewic_available_flag,interconnector_max_export_mw_roigrlk,interconnector_max_export_mw_roigrlk_published_at_utc,interconnector_max_export_mw_roigrlk_source_id,interconnector_max_export_mw_roigrlk_age_minutes,interconnector_max_export_mw_roigrlk_available_flag,interconnector_max_import_mw_nimoyle,interconnector_max_import_mw_nimoyle_published_at_utc,interconnector_max_import_mw_nimoyle_source_id,interconnector_max_import_mw_nimoyle_age_minutes,interconnector_max_import_mw_nimoyle_available_flag,interconnector_max_import_mw_roiewic,interconnector_max_import_mw_roiewic_published_at_utc,interconnector_max_import_mw_roiewic_source_id,interconnector_max_import_mw_roiewic_age_minutes,interconnector_max_import_mw_roiewic_available_flag,interconnector_max_import_mw_roigrlk,interconnector_max_import_mw_roigrlk_published_at_utc,interconnector_max_import_mw_roigrlk_source_id,interconnector_max_import_mw_roigrlk_age_minutes,interconnector_max_import_mw_roigrlk_available_flag,solar_forecast_mw_all,solar_forecast_mw_all_published_at_utc,solar_forecast_mw_all_source_id,solar_forecast_mw_all_age_minutes,solar_forecast_mw_all_available_flag,wind_forecast_mw_all,wind_forecast_mw_all_published_at_utc,wind_forecast_mw_all_source_id,wind_forecast_mw_all_age_minutes,wind_forecast_mw_all_available_flag,history_label_available_flag
2026-09-20T22:00:00Z,2026-09-20T21:00:00Z,60,,,,,0,,,,,0,,,,,0,,,,,0,,,,,0,,,,,0,,,,,0,,,,,0,,,,,0,,,,,0,,,,,0,0
2026-09-20T22:00:00Z,2026-09-20T21:30:00Z,30,,,,,0,,,,,0,,,,,0,,,,,0,,,,,0,,,,,0,,,,,0,,,,,0,,,,,0,,,,,0,,,,,0,0
2026-09-20T22:30:00Z,2026-09-20T21:30:00Z,60,,,,,0,,,,,0,,,,,0,,,,,0,,,,,0,,,,,0,,,,,0,,,,,0,,,,,0,,,,,0,,,,,0,0
2026-09-20T22:30:00Z,2026-09-20T22:00:00Z,30,,,,,0,,,,,0,,,,,0,,,,,0,,,,,0,,,,,0,,,,,0,,,,,0,,,,,0,,,,,0,,,,,0,0
2026-09-20T23:00:00Z,2026-09-20T22:00:00Z,60,,,,,0,,,,,0,,,,,0,,,,,0,,,,,0,,,,,0,,,,,0,,,,,0,,,,,0,,,,,0,,,,,0,0
2026-09-20T23:00:00Z,2026-09-20T22:30:00Z,30,,,,,0,,,,,0,,,,,0,,,,,0,,,,,0,,,,,0,,,,,0,,,,,0,,,,,0,,,,,0,,,,,0,0
2026-09-20T23:30:00Z,2026-09-20T22:30:00Z,60,,,,,0,,,,,0,,,,,0,,,,,0,,,,,0,,,,,0,,,,,0,,,,,0,,,,,0,,,,,0,,,,,0,0
2026-09-20T23:30:00Z,2026-09-20T23:00:00Z,30,,,,,0,,,,,0,,,,,0,,,,,0,,,,,0,,,,,0,,,,,0,,,,,0,,,,,0,,,,,0,,,,,0,0
2026-09-21T00:00:00Z,2026-09-20T23:00:00Z,60,,,,,0,,,,,0,,,,,0,,,,,0,,,,,0,,,,,0,,,,,0,,,,,0,,,,,0,,,,,0,,,,,0,0
2026-09-21T00:00:00Z,2026-09-20T23:30:00Z,30,3926.0,2026-09-20T23:20:11Z,semo_pub_dailyloadfcst_202609202320,9.816666666666666,1,535.0,2026-09-20T23:20:11Z,semo_pub_dailyloadfcst_202609202320,9.816666666666666,1,3391.0,2026-09-20T23:20:11Z,semo_pub_dailyloadfcst_202609202320,9.816666666666666,1,,,,,0,,,,,0,,,,,0,,,,,0,,,,,0,,,,,0,,,,,0,,,,,0,0
2026-09-21T00:30:00Z,2026-09-20T23:30:00Z,60,3864.0,2026-09-20T23:20:11Z,semo_pub_dailyloadfcst_202609202320,9.816666666666666,1,520.0,2026-09-20T23:20:11Z,semo_pub_dailyloadfcst_202609202320,9.816666666666666,1,3344.0,2026-09-20T23:20:11Z,semo_pub_dailyloadfcst_202609202320,9.816666666666666,1,,,,,0,,,,,0,,,,,0,,,,,0,,,,,0,,,,,0,,,,,0,,,,,0,0
2026-09-21T00:30:00Z,2026-09-21T00:00:00Z,30,3864.0,2026-09-20T23:50:20Z,semo_pub_dailyloadfcst_202609202350,9.666666666666666,1,520.0,2026-09-20T23:50:20Z,semo_pub_dailyloadfcst_202609202350,9.666666666666666,1,3344.0,2026-09-20T23:50:20Z,semo_pub_dailyloadfcst_202609202350,9.666666666666666,1,,,,,0,,,,,0,,,,,0,,,,,0,,,,,0,,,,,0,,,,,0,,,,,0,0
2026-09-21T01:00:00Z,2026-09-21T00:00:00Z,60,3850.0,2026-09-20T23:50:20Z,semo_pub_dailyloadfcst_202609202350,9.666666666666666,1,520.0,2026-09-20T23:50:20Z,semo_pub_dailyloadfcst_202609202350,9.666666666666666,1,3330.0,2026-09-20T23:50:20Z,semo_pub_dailyloadfcst_202609202350,9.666666666666666,1,,,,,0,,,,,0,,,,,0,,,,,0,,,,,0,,,,,0,,,,,0,,,,,0,0
2026-09-21T01:00:00Z,2026-09-21T00:30:00Z,30,3850.0,2026-09-21T00:20:16Z,semo_pub_dailyloadfcst_202609210020,9.733333333333333,1,520.0,2026-09-21T00:20:16Z,semo_pub_dailyloadfcst_202609210020,9.733333333333333,1,3330.0,2026-09-21T00:20:16Z,semo_pub_dailyloadfcst_202609210020,9.733333333333333,1,,,,,0,,,,,0,,,,,0,,,,,0,,,,,0,,,,,0,,,,,0,1361.029,2026-09-21T00:14:48Z,semo_pub_15minaggwindfcst_202609210014,15.2,1,0
2026-09-21T01:30:00Z,2026-09-21T00:30:00Z,60,3994.0,2026-09-21T00:20:16Z,semo_pub_dailyloadfcst_202609210020,9.733333333333333,1,527.0,2026-09-21T00:20:16Z,semo_pub_dailyloadfcst_202609210020,9.733333333333333,1,3467.0,2026-09-21T00:20:16Z,semo_pub_dailyloadfcst_202609210020,9.733333333333333,1,,,,,0,,,,,0,,,,,0,,,,,0,,,,,0,,,,,0,,,,,0,1343.946,2026-09-21T00:14:48Z,semo_pub_15minaggwindfcst_202609210014,15.2,1,0
2026-09-21T01:30:00Z,2026-09-21T01:00:00Z,30,3994.0,2026-09-21T00:50:15Z,semo_pub_dailyloadfcst_202609210050,9.75,1,527.0,2026-09-21T00:50:15Z,semo_pub_dailyloadfcst_202609210050,9.75,1,3467.0,2026-09-21T00:50:15Z,semo_pub_dailyloadfcst_202609210050,9.75,1,,,,,0,,,,,0,,,,,0,,,,,0,,,,,0,,,,,0,,,,,0,1343.946,2026-09-21T00:14:48Z,semo_pub_15minaggwindfcst_202609210014,45.2,1,0
2026-09-21T02:00:00Z,2026-09-21T01:00:00Z,60,3936.0,2026-09-21T00:50:15Z,semo_pub_dailyloadfcst_202609210050,9.75,1,522.0,2026-09-21T00:50:15Z,semo_pub_dailyloadfcst_202609210050,9.75,1,3414.0,2026-09-21T00:50:15Z,semo_pub_dailyloadfcst_202609210050,9.75,1,,,,,0,,,,,0,,,,,0,,,,,0,,,,,0,,,,,0,,,,,0,1326.855,2026-09-21T00:14:48Z,semo_pub_15minaggwindfcst_202609210014,45.2,1,0
2026-09-21T02:00:00Z,2026-09-21T01:30:00Z,30,3936.0,2026-09-21T01:20:11Z,semo_pub_dailyloadfcst_202609210120,9.816666666666666,1,522.0,2026-09-21T01:20:11Z,semo_pub_dailyloadfcst_202609210120,9.816666666666666,1,3414.0,2026-09-21T01:20:11Z,semo_pub_dailyloadfcst_202609210120,9.816666666666666,1,,,,,0,,,,,0,,,,,0,,,,,0,,,,,0,,,,,0,,,,,0,1326.855,2026-09-21T00:14:48Z,semo_pub_15minaggwindfcst_202609210014,75.2,1,0
2026-09-21T02:30:00Z,2026-09-21T01:30:00Z,60,3895.0,2026-09-21T01:20:11Z,semo_pub_dailyloadfcst_202609210120,9.816666666666666,1,523.0,2026-09-21T01:20:11Z,semo_pub_dailyloadfcst_202609210120,9.816666666666666,1,3372.0,2026-09-21T01:20:11Z,semo_pub_dailyloadfcst_202609210120,9.816666666666666,1,,,,,0,,,,,0,,,,,0,,,,,0,,,,,0,,,,,0,,,,,0,1311.154,2026-09-21T00:14:48Z,semo_pub_15minaggwindfcst_202609210014,75.2,1,0
2026-09-21T02:30:00Z,2026-09-21T02:00:00Z,30,3895.0,2026-09-21T01:50:06Z,semo_pub_dailyloadfcst_202609210150,9.9,1,523.0,2026-09-21T01:50:06Z,semo_pub_dailyloadfcst_202609210150,9.9,1,3372.0,2026-09-21T01:50:06Z,semo_pub_dailyloadfcst_202609210150,9.9,1,,,,,0,,,,,0,,,,,0,,,,,0,,,,,0,,,,,0,,,,,0,1311.154,2026-09-21T00:14:48Z,semo_pub_15minaggwindfcst_202609210014,105.2,1,0
2026-09-21T03:00:00Z,2026-09-21T02:00:00Z,60,3861.0,2026-09-21T01:50:06Z,semo_pub_dailyloadfcst_202609210150,9.9,1,526.0,2026-09-21T01:50:06Z,semo_pub_dailyloadfcst_202609210150,9.9,1,3335.0,2026-09-21T01:50:06Z,semo_pub_dailyloadfcst_202609210150,9.9,1,,,,,0,,,,,0,,,,,0,,,,,0,,,,,0,,,,,0,,,,,0,1295.452,2026-09-21T00:14:48Z,semo_pub_15minaggwindfcst_202609210014,105.2,1,0
2026-09-21T03:00:00Z,2026-09-21T02:30:00Z,30,3861.0,2026-09-21T02:20:16Z,semo_pub_dailyloadfcst_202609210220,9.733333333333333,1,526.0,2026-09-21T02:20:16Z,semo_pub_dailyloadfcst_202609210220,9.733333333333333,1,3335.0,2026-09-21T02:20:16Z,semo_pub_dailyloadfcst_202609210220,9.733333333333333,1,,,,,0,,,,,0,,,,,0,,,,,0,,,,,0,,,,,0,,,,,0,1295.452,2026-09-21T00:14:48Z,semo_pub_15minaggwindfcst_202609210014,135.2,1,0
2026-09-21T03:30:00Z,2026-09-21T02:30:00Z,60,3850.0,2026-09-21T02:20:16Z,semo_pub_dailyloadfcst_202609210220,9.733333333333333,1,537.0,2026-09-21T02:20:16Z,semo_pub_dailyloadfcst_202609210220,9.733333333333333,1,3313.0,2026-09-21T02:20:16Z,semo_pub_dailyloadfcst_202609210220,9.733333333333333,1,,,,,0,,,,,0,,,,,0,,,,,0,,,,,0,,,,,0,,,,,0,1234.177,2026-09-21T00:14:48Z,semo_pub_15minaggwindfcst_202609210014,135.2,1,0
2026-09-21T03:30:00Z,2026-09-21T03:00:00Z,30,3850.0,2026-09-21T02:50:10Z,semo_pub_dailyloadfcst_202609210250,9.833333333333334,1,537.0,2026-09-21T02:50:10Z,semo_pub_dailyloadfcst_202609210250,9.833333333333334,1,3313.0,2026-09-21T02:50:10Z,semo_pub_dailyloadfcst_202609210250,9.833333333333334,1,,,,,0,,,,,0,,,,,0,,,,,0,,,,,0,,,,,0,,,,,0,1234.177,2026-09-21T00:14:48Z,semo_pub_15minaggwindfcst_202609210014,165.2,1,0
2026-09-21T04:00:00Z,2026-09-21T03:00:00Z,60,3864.0,2026-09-21T02:50:10Z,semo_pub_dailyloadfcst_202609210250,9.833333333333334,1,558.0,2026-09-21T02:50:10Z,semo_pub_dailyloadfcst_202609210250,9.833333333333334,1,3306.0,2026-09-21T02:50:10Z,semo_pub_dailyloadfcst_202609210250,9.833333333333334,1,,,,,0,,,,,0,,,,,0,,,,,0,,,,,0,,,,,0,,,,,0,1172.913,2026-09-21T00:14:48Z,semo_pub_15minaggwindfcst_202609210014,165.2,1,0
2026-09-21T04:00:00Z,2026-09-21T03:30:00Z,30,3864.0,2026-09-21T03:20:06Z,semo_pub_dailyloadfcst_202609210320,9.9,1,558.0,2026-09-21T03:20:06Z,semo_pub_dailyloadfcst_202609210320,9.9,1,3306.0,2026-09-21T03:20:06Z,semo_pub_dailyloadfcst_202609210320,9.9,1,,,,,0,,,,,0,,,,,0,,,,,0,,,,,0,,,,,0,,,,,0,1172.913,2026-09-21T00:14:48Z,semo_pub_15minaggwindfcst_202609210014,195.2,1,0
2026-09-21T04:30:00Z,2026-09-21T03:30:00Z,60,3935.0,2026-09-21T03:20:06Z,semo_pub_dailyloadfcst_202609210320,9.9,1,590.0,2026-09-21T03:20:06Z,semo_pub_dailyloadfcst_202609210320,9.9,1,3345.0,2026-09-21T03:20:06Z,semo_pub_dailyloadfcst_202609210320,9.9,1,,,,,0,,,,,0,,,,,0,,,,,0,,,,,0,,,,,0,,,,,0,1157.571,2026-09-21T00:14:48Z,semo_pub_15minaggwindfcst_202609210014,195.2,1,0
2026-09-21T04:30:00Z,2026-09-21T04:00:00Z,30,3935.0,2026-09-21T03:50:11Z,semo_pub_dailyloadfcst_202609210350,9.816666666666666,1,590.0,2026-09-21T03:50:11Z,semo_pub_dailyloadfcst_202609210350,9.816666666666666,1,3345.0,2026-09-21T03:50:11Z,semo_pub_dailyloadfcst_202609210350,9.816666666666666,1,,,,,0,,,,,0,,,,,0,,,,,0,,,,,0,,,,,0,,,,,0,1157.571,2026-09-21T00:14:48Z,semo_pub_15minaggwindfcst_202609210014,225.2,1,0
2026-09-21T05:00:00Z,2026-09-21T04:00:00Z,60,4108.0,2026-09-21T03:50:11Z,semo_pub_dailyloadfcst_202609210350,9.816666666666666,1,634.0,2026-09-21T03:50:11Z,semo_pub_dailyloadfcst_202609210350,9.816666666666666,1,3474.0,2026-09-21T03:50:11Z,semo_pub_dailyloadfcst_202609210350,9.816666666666666,1,,,,,0,,,,,0,,,,,0,,,,,0,,,,,0,,,,,0,,,,,0,1142.221,2026-09-21T00:14:48Z,semo_pub_15minaggwindfcst_202609210014,225.2,1,0
2026-09-21T05:00:00Z,2026-09-21T04:30:00Z,30,4108.0,2026-09-21T04:20:10Z,semo_pub_dailyloadfcst_202609210420,9.833333333333334,1,634.0,2026-09-21T04:20:10Z,semo_pub_dailyloadfcst_202609210420,9.833333333333334,1,3474.0,2026-09-21T04:20:10Z,semo_pub_dailyloadfcst_202609210420,9.833333333333334,1,,,,,0,,,,,0,,,,,0,,,,,0,,,,,0,,,,,0,,,,,0,1142.221,2026-09-21T00:14:48Z,semo_pub_15minaggwindfcst_202609210014,255.2,1,0
2026-09-21T05:30:00Z,2026-09-21T04:30:00Z,60,4361.0,2026-09-21T04:20:10Z,semo_pub_dailyloadfcst_202609210420,9.833333333333334,1,708.0,2026-09-21T04:20:10Z,semo_pub_dailyloadfcst_202609210420,9.833333333333334,1,3653.0,2026-09-21T04:20:10Z,semo_pub_dailyloadfcst_202609210420,9.833333333333334,1,,,,,0,,,,,0,,,,,0,,,,,0,,,,,0,,,,,0,,,,,0,1150.927,2026-09-21T00:14:48Z,semo_pub_15minaggwindfcst_202609210014,255.2,1,0
2026-09-21T05:30:00Z,2026-09-21T05:00:00Z,30,4361.0,2026-09-21T04:50:11Z,semo_pub_dailyloadfcst_202609210450,9.816666666666666,1,708.0,2026-09-21T04:50:11Z,semo_pub_dailyloadfcst_202609210450,9.816666666666666,1,3653.0,2026-09-21T04:50:11Z,semo_pub_dailyloadfcst_202609210450,9.816666666666666,1,,,,,0,,,,,0,,,,,0,,,,,0,,,,,0,,,,,0,,,,,0,1150.927,2026-09-21T00:14:48Z,semo_pub_15minaggwindfcst_202609210014,285.2,1,0
2026-09-21T06:00:00Z,2026-09-21T05:00:00Z,60,4686.0,2026-09-21T04:50:11Z,semo_pub_dailyloadfcst_202609210450,9.816666666666666,1,793.0,2026-09-21T04:50:11Z,semo_pub_dailyloadfcst_202609210450,9.816666666666666,1,3893.0,2026-09-21T04:50:11Z,semo_pub_dailyloadfcst_202609210450,9.816666666666666,1,,,,,0,,,,,0,,,,,0,,,,,0,,,,,0,,,,,0,,,,,0,1159.639,2026-09-21T00:14:48Z,semo_pub_15minaggwindfcst_202609210014,285.2,1,0
2026-09-21T06:00:00Z,2026-09-21T05:30:00Z,30,4686.0,2026-09-21T05:20:16Z,semo_pub_dailyloadfcst_202609210520,9.733333333333333,1,793.0,2026-09-21T05:20:16Z,semo_pub_dailyloadfcst_202609210520,9.733333333333333,1,3893.0,2026-09-21T05:20:16Z,semo_pub_dailyloadfcst_202609210520,9.733333333333333,1,,,,,0,,,,,0,,,,,0,,,,,0,,,,,0,,,,,0,,,,,0,1159.639,2026-09-21T00:14:48Z,semo_pub_15minaggwindfcst_202609210014,315.2,1,0
2026-09-21T06:30:00Z,2026-09-21T05:30:00Z,60,5073.0,2026-09-21T05:20:16Z,semo_pub_dailyloadfcst_202609210520,9.733333333333333,1,881.0,2026-09-21T05:20:16Z,semo_pub_dailyloadfcst_202609210520,9.733333333333333,1,4192.0,2026-09-21T05:20:16Z,semo_pub_dailyloadfcst_202609210520,9.733333333333333,1,,,,,0,,,,,0,,,,,0,,,,,0,,,,,0,,,,,0,,,,,0,1172.269,2026-09-21T00:14:48Z,semo_pub_15minaggwindfcst_202609210014,315.2,1,0
2026-09-21T06:30:00Z,2026-09-21T06:00:00Z,30,5073.0,2026-09-21T05:50:16Z,semo_pub_dailyloadfcst_202609210550,9.733333333333333,1,881.0,2026-09-21T05:50:16Z,semo_pub_dailyloadfcst_202609210550,9.733333333333333,1,4192.0,2026-09-21T05:50:16Z,semo_pub_dailyloadfcst_202609210550,9.733333333333333,1,,,,,0,,,,,0,,,,,0,,,,,0,,,,,0,,,,,0,,,,,0,1172.269,2026-09-21T00:14:48Z,semo_pub_15minaggwindfcst_202609210014,345.2,1,0
2026-09-21T07:00:00Z,2026-09-21T06:00:00Z,60,5269.0,2026-09-21T05:50:16Z,semo_pub_dailyloadfcst_202609210550,9.733333333333333,1,943.0,2026-09-21T05:50:16Z,semo_pub_dailyloadfcst_202609210550,9.733333333333333,1,4326.0,2026-09-21T05:50:16Z,semo_pub_dailyloadfcst_202609210550,9.733333333333333,1,,,,,0,,,,,0,,,,,0,,,,,0,,,,,0,,,,,0,,,,,0,1184.878,2026-09-21T00:14:48Z,semo_pub_15minaggwindfcst_202609210014,345.2,1,0
2026-09-21T07:00:00Z,2026-09-21T06:30:00Z,30,5269.0,2026-09-21T06:20:16Z,semo_pub_dailyloadfcst_202609210620,9.733333333333333,1,943.0,2026-09-21T06:20:16Z,semo_pub_dailyloadfcst_202609210620,9.733333333333333,1,4326.0,2026-09-21T06:20:16Z,semo_pub_dailyloadfcst_202609210620,9.733333333333333,1,500.0,2026-09-21T06:00:11Z,semo_pub_dailyintconntc_202609210600,29.816666666666666,1,530.0,2026-09-21T06:00:11Z,semo_pub_dailyintconntc_202609210600,29.816666666666666,1,513.0,2026-09-21T06:00:11Z,semo_pub_dailyintconntc_202609210600,29.816666666666666,1,500.0,2026-09-21T06:00:11Z,semo_pub_dailyintconntc_202609210600,29.816666666666666,1,500.0,2026-09-21T06:00:11Z,semo_pub_dailyintconntc_202609210600,29.816666666666666,1,504.0,2026-09-21T06:00:11Z,semo_pub_dailyintconntc_202609210600,29.816666666666666,1,,,,,0,1242.407,2026-09-21T06:13:43Z,semo_pub_15minaggwindfcst_202609210613,16.283333333333335,1,0
2026-09-21T07:30:00Z,2026-09-21T06:30:00Z,60,5346.0,2026-09-21T06:20:16Z,semo_pub_dailyloadfcst_202609210620,9.733333333333333,1,970.0,2026-09-21T06:20:16Z,semo_pub_dailyloadfcst_202609210620,9.733333333333333,1,4376.0,2026-09-21T06:20:16Z,semo_pub_dailyloadfcst_202609210620,9.733333333333333,1,,,,,0,,,,,0,,,,,0,,,,,0,,,,,0,,,,,0,,,,,0,1300.16,2026-09-21T06:13:43Z,semo_pub_15minaggwindfcst_202609210613,16.283333333333335,1,0
2026-09-21T07:30:00Z,2026-09-21T07:00:00Z,30,5346.0,2026-09-21T06:50:10Z,semo_pub_dailyloadfcst_202609210650,9.833333333333334,1,970.0,2026-09-21T06:50:10Z,semo_pub_dailyloadfcst_202609210650,9.833333333333334,1,4376.0,2026-09-21T06:50:10Z,semo_pub_dailyloadfcst_202609210650,9.833333333333334,1,,,,,0,,,,,0,,,,,0,,,,,0,,,,,0,,,,,0,,,,,0,1300.16,2026-09-21T06:13:43Z,semo_pub_15minaggwindfcst_202609210613,46.28333333333333,1,0
2026-09-21T08:00:00Z,2026-09-21T07:00:00Z,60,5363.0,2026-09-21T06:50:10Z,semo_pub_dailyloadfcst_202609210650,9.833333333333334,1,972.0,2026-09-21T06:50:10Z,semo_pub_dailyloadfcst_202609210650,9.833333333333334,1,4391.0,2026-09-21T06:50:10Z,semo_pub_dailyloadfcst_202609210650,9.833333333333334,1,500.0,2026-09-21T06:00:11Z,semo_pub_dailyintconntc_202609210600,59.81666666666667,1,530.0,2026-09-21T06:00:11Z,semo_pub_dailyintconntc_202609210600,59.81666666666667,1,513.0,2026-09-21T06:00:11Z,semo_pub_dailyintconntc_202609210600,59.81666666666667,1,500.0,2026-09-21T06:00:11Z,semo_pub_dailyintconntc_202609210600,59.81666666666667,1,500.0,2026-09-21T06:00:11Z,semo_pub_dailyintconntc_202609210600,59.81666666666667,1,504.0,2026-09-21T06:00:11Z,semo_pub_dailyintconntc_202609210600,59.81666666666667,1,,,,,0,1357.91,2026-09-21T06:13:43Z,semo_pub_15minaggwindfcst_202609210613,46.28333333333333,1,0
2026-09-21T08:00:00Z,2026-09-21T07:30:00Z,30,5363.0,2026-09-21T07:20:15Z,semo_pub_dailyloadfcst_202609210720,9.75,1,972.0,2026-09-21T07:20:15Z,semo_pub_dailyloadfcst_202609210720,9.75,1,4391.0,2026-09-21T07:20:15Z,semo_pub_dailyloadfcst_202609210720,9.75,1,500.0,2026-09-21T06:00:11Z,semo_pub_dailyintconntc_202609210600,89.81666666666666,1,530.0,2026-09-21T06:00:11Z,semo_pub_dailyintconntc_202609210600,89.81666666666666,1,513.0,2026-09-21T06:00:11Z,semo_pub_dailyintconntc_202609210600,89.81666666666666,1,500.0,2026-09-21T06:00:11Z,semo_pub_dailyintconntc_202609210600,89.81666666666666,1,500.0,2026-09-21T06:00:11Z,semo_pub_dailyintconntc_202609210600,89.81666666666666,1,504.0,2026-09-21T06:00:11Z,semo_pub_dailyintconntc_202609210600,89.81666666666666,1,,,,,0,1357.91,2026-09-21T06:13:43Z,semo_pub_15minaggwindfcst_202609210613,76.28333333333333,1,0
2026-09-21T08:30:00Z,2026-09-21T07:30:00Z,60,5379.0,2026-09-21T07:20:15Z,semo_pub_dailyloadfcst_202609210720,9.75,1,979.0,2026-09-21T07:20:15Z,semo_pub_dailyloadfcst_202609210720,9.75,1,4400.0,2026-09-21T07:20:15Z,semo_pub_dailyloadfcst_202609210720,9.75,1,,,,,0,,,,,0,,,,,0,,,,,0,,,,,0,,,,,0,,,,,0,1495.928,2026-09-21T06:13:43Z,semo_pub_15minaggwindfcst_202609210613,76.28333333333333,1,0
2026-09-21T08:30:00Z,2026-09-21T08:00:00Z,30,5379.0,2026-09-21T07:50:15Z,semo_pub_dailyloadfcst_202609210750,9.75,1,979.0,2026-09-21T07:50:15Z,semo_pub_dailyloadfcst_202609210750,9.75,1,4400.0,2026-09-21T07:50:15Z,semo_pub_dailyloadfcst_202609210750,9.75,1,,,,,0,,,,,0,,,,,0,,,,,0,,,,,0,,,,,0,,,,,0,1495.928,2026-09-21T06:13:43Z,semo_pub_15minaggwindfcst_202609210613,106.28333333333333,1,0
2026-09-21T09:00:00Z,2026-09-21T08:00:00Z,60,5328.0,2026-09-21T07:50:15Z,semo_pub_dailyloadfcst_202609210750,9.75,1,979.0,2026-09-21T07:50:15Z,semo_pub_dailyloadfcst_202609210750,9.75,1,4349.0,2026-09-21T07:50:15Z,semo_pub_dailyloadfcst_202609210750,9.75,1,500.0,2026-09-21T06:00:11Z,semo_pub_dailyintconntc_202609210600,119.81666666666666,1,530.0,2026-09-21T06:00:11Z,semo_pub_dailyintconntc_202609210600,119.81666666666666,1,513.0,2026-09-21T06:00:11Z,semo_pub_dailyintconntc_202609210600,119.81666666666666,1,500.0,2026-09-21T06:00:11Z,semo_pub_dailyintconntc_202609210600,119.81666666666666,1,500.0,2026-09-21T06:00:11Z,semo_pub_dailyintconntc_202609210600,119.81666666666666,1,504.0,2026-09-21T06:00:11Z,semo_pub_dailyintconntc_202609210600,119.81666666666666,1,,,,,0,1633.95,2026-09-21T06:13:43Z,semo_pub_15minaggwindfcst_202609210613,106.28333333333333,1,0
2026-09-21T09:00:00Z,2026-09-21T08:30:00Z,30,5328.0,2026-09-21T08:15:05Z,semo_pub_dailyloadfcst_202609210815,14.916666666666666,1,979.0,2026-09-21T08:15:05Z,semo_pub_dailyloadfcst_202609210815,14.916666666666666,1,4349.0,2026-09-21T08:15:05Z,semo_pub_dailyloadfcst_202609210815,14.916666666666666,1,500.0,2026-09-21T06:00:11Z,semo_pub_dailyintconntc_202609210600,149.81666666666666,1,530.0,2026-09-21T06:00:11Z,semo_pub_dailyintconntc_202609210600,149.81666666666666,1,513.0,2026-09-21T06:00:11Z,semo_pub_dailyintconntc_202609210600,149.81666666666666,1,500.0,2026-09-21T06:00:11Z,semo_pub_dailyintconntc_202609210600,149.81666666666666,1,500.0,2026-09-21T06:00:11Z,semo_pub_dailyintconntc_202609210600,149.81666666666666,1,504.0,2026-09-21T06:00:11Z,semo_pub_dailyintconntc_202609210600,149.81666666666666,1,,,,,0,1633.95,2026-09-21T06:13:43Z,semo_pub_15minaggwindfcst_202609210613,136.28333333333333,1,0
2026-09-21T09:30:00Z,2026-09-21T08:30:00Z,60,5286.0,2026-09-21T08:15:05Z,semo_pub_dailyloadfcst_202609210815,14.916666666666666,1,962.0,2026-09-21T08:15:05Z,semo_pub_dailyloadfcst_202609210815,14.916666666666666,1,4324.0,2026-09-21T08:15:05Z,semo_pub_dailyloadfcst_202609210815,14.916666666666666,1,,,,,0,,,,,0,,,,,0,,,,,0,,,,,0,,,,,0,,,,,0,1817.501,2026-09-21T06:13:43Z,semo_pub_15minaggwindfcst_202609210613,136.28333333333333,1,0
2026-09-21T09:30:00Z,2026-09-21T09:00:00Z,30,5286.0,2026-09-21T08:50:11Z,semo_pub_dailyloadfcst_202609210850,9.816666666666666,1,962.0,2026-09-21T08:50:11Z,semo_pub_dailyloadfcst_202609210850,9.816666666666666,1,4324.0,2026-09-21T08:50:11Z,semo_pub_dailyloadfcst_202609210850,9.816666666666666,1,,,,,0,,,,,0,,,,,0,,,,,0,,,,,0,,,,,0,,,,,0,1817.501,2026-09-21T06:13:43Z,semo_pub_15minaggwindfcst_202609210613,166.28333333333333,1,0
2026-09-21T10:00:00Z,2026-09-21T09:00:00Z,60,5248.0,2026-09-21T08:50:11Z,semo_pub_dailyloadfcst_202609210850,9.816666666666666,1,961.0,2026-09-21T08:50:11Z,semo_pub_dailyloadfcst_202609210850,9.816666666666666,1,4287.0,2026-09-21T08:50:11Z,semo_pub_dailyloadfcst_202609210850,9.816666666666666,1,500.0,2026-09-21T06:00:11Z,semo_pub_dailyintconntc_202609210600,179.81666666666666,1,530.0,2026-09-21T06:00:11Z,semo_pub_dailyintconntc_202609210600,179.81666666666666,1,513.0,2026-09-21T06:00:11Z,semo_pub_dailyintconntc_202609210600,179.81666666666666,1,500.0,2026-09-21T06:00:11Z,semo_pub_dailyintconntc_202609210600,179.81666666666666,1,500.0,2026-09-21T06:00:11Z,semo_pub_dailyintconntc_202609210600,179.81666666666666,1,504.0,2026-09-21T06:00:11Z,semo_pub_dailyintconntc_202609210600,179.81666666666666,1,,,,,0,2001.028,2026-09-21T06:13:43Z,semo_pub_15minaggwindfcst_202609210613,166.28333333333333,1,0
2026-09-21T10:00:00Z,2026-09-21T09:30:00Z,30,5248.0,2026-09-21T09:20:10Z,semo_pub_dailyloadfcst_202609210920,9.833333333333334,1,961.0,2026-09-21T09:20:10Z,semo_pub_dailyloadfcst_202609210920,9.833333333333334,1,4287.0,2026-09-21T09:20:10Z,semo_pub_dailyloadfcst_202609210920,9.833333333333334,1,500.0,2026-09-21T06:00:11Z,semo_pub_dailyintconntc_202609210600,209.81666666666666,1,530.0,2026-09-21T06:00:11Z,semo_pub_dailyintconntc_202609210600,209.81666666666666,1,513.0,2026-09-21T06:00:11Z,semo_pub_dailyintconntc_202609210600,209.81666666666666,1,500.0,2026-09-21T06:00:11Z,semo_pub_dailyintconntc_202609210600,209.81666666666666,1,500.0,2026-09-21T06:00:11Z,semo_pub_dailyintconntc_202609210600,209.81666666666666,1,504.0,2026-09-21T06:00:11Z,semo_pub_dailyintconntc_202609210600,209.81666666666666,1,,,,,0,2001.028,2026-09-21T06:13:43Z,semo_pub_15minaggwindfcst_202609210613,196.28333333333333,1,0
2026-09-21T10:30:00Z,2026-09-21T09:30:00Z,60,5197.0,2026-09-21T09:20:10Z,semo_pub_dailyloadfcst_202609210920,9.833333333333334,1,962.0,2026-09-21T09:20:10Z,semo_pub_dailyloadfcst_202609210920,9.833333333333334,1,4235.0,2026-09-21T09:20:10Z,semo_pub_dailyloadfcst_202609210920,9.833333333333334,1,,,,,0,,,,,0,,,,,0,,,,,0,,,,,0,,,,,0,,,,,0,2093.261,2026-09-21T06:13:43Z,semo_pub_15minaggwindfcst_202609210613,196.28333333333333,1,0
2026-09-21T10:30:00Z,2026-09-21T10:00:00Z,30,5197.0,2026-09-21T09:50:16Z,semo_pub_dailyloadfcst_202609210950,9.733333333333333,1,962.0,2026-09-21T09:50:16Z,semo_pub_dailyloadfcst_202609210950,9.733333333333333,1,4235.0,2026-09-21T09:50:16Z,semo_pub_dailyloadfcst_202609210950,9.733333333333333,1,,,,,0,,,,,0,,,,,0,,,,,0,,,,,0,,,,,0,,,,,0,2093.261,2026-09-21T06:13:43Z,semo_pub_15minaggwindfcst_202609210613,226.28333333333333,1,0
2026-09-21T11:00:00Z,2026-09-21T10:00:00Z,60,5109.0,2026-09-21T09:50:16Z,semo_pub_dailyloadfcst_202609210950,9.733333333333333,1,943.0,2026-09-21T09:50:16Z,semo_pub_dailyloadfcst_202609210950,9.733333333333333,1,4166.0,2026-09-21T09:50:16Z,semo_pub_dailyloadfcst_202609210950,9.733333333333333,1,500.0,2026-09-21T06:00:11Z,semo_pub_dailyintconntc_202609210600,239.81666666666666,1,530.0,2026-09-21T06:00:11Z,semo_pub_dailyintconntc_202609210600,239.81666666666666,1,513.0,2026-09-21T06:00:11Z,semo_pub_dailyintconntc_202609210600,239.81666666666666,1,500.0,2026-09-21T06:00:11Z,semo_pub_dailyintconntc_202609210600,239.81666666666666,1,500.0,2026-09-21T06:00:11Z,semo_pub_dailyintconntc_202609210600,239.81666666666666,1,504.0,2026-09-21T06:00:11Z,semo_pub_dailyintconntc_202609210600,239.81666666666666,1,,,,,0,2185.491,2026-09-21T06:13:43Z,semo_pub_15minaggwindfcst_202609210613,226.28333333333333,1,0
2026-09-21T11:00:00Z,2026-09-21T10:30:00Z,30,5109.0,2026-09-21T10:20:17Z,semo_pub_dailyloadfcst_202609211020,9.716666666666667,1,943.0,2026-09-21T10:20:17Z,semo_pub_dailyloadfcst_202609211020,9.716666666666667,1,4166.0,2026-09-21T10:20:17Z,semo_pub_dailyloadfcst_202609211020,9.716666666666667,1,500.0,2026-09-21T06:00:11Z,semo_pub_dailyintconntc_202609210600,269.81666666666666,1,530.0,2026-09-21T06:00:11Z,semo_pub_dailyintconntc_202609210600,269.81666666666666,1,513.0,2026-09-21T06:00:11Z,semo_pub_dailyintconntc_202609210600,269.81666666666666,1,500.0,2026-09-21T06:00:11Z,semo_pub_dailyintconntc_202609210600,269.81666666666666,1,500.0,2026-09-21T06:00:11Z,semo_pub_dailyintconntc_202609210600,269.81666666666666,1,504.0,2026-09-21T06:00:11Z,semo_pub_dailyintconntc_202609210600,269.81666666666666,1,,,,,0,2185.491,2026-09-21T06:13:43Z,semo_pub_15minaggwindfcst_202609210613,256.28333333333336,1,0
2026-09-21T11:30:00Z,2026-09-21T10:30:00Z,60,5173.0,2026-09-21T10:20:17Z,semo_pub_dailyloadfcst_202609211020,9.716666666666667,1,949.0,2026-09-21T10:20:17Z,semo_pub_dailyloadfcst_202609211020,9.716666666666667,1,4224.0,2026-09-21T10:20:17Z,semo_pub_dailyloadfcst_202609211020,9.716666666666667,1,,,,,0,,,,,0,,,,,0,,,,,0,,,,,0,,,,,0,,,,,0,2250.784,2026-09-21T06:13:43Z,semo_pub_15minaggwindfcst_202609210613,256.28333333333336,1,0
2026-09-21T11:30:00Z,2026-09-21T11:00:00Z,30,5173.0,2026-09-21T10:50:12Z,semo_pub_dailyloadfcst_202609211050,9.8,1,949.0,2026-09-21T10:50:12Z,semo_pub_dailyloadfcst_202609211050,9.8,1,4224.0,2026-09-21T10:50:12Z,semo_pub_dailyloadfcst_202609211050,9.8,1,,,,,0,,,,,0,,,,,0,,,,,0,,,,,0,,,,,0,,,,,0,2250.784,2026-09-21T06:13:43Z,semo_pub_15minaggwindfcst_202609210613,286.28333333333336,1,0
2026-09-21T12:00:00Z,2026-09-21T11:00:00Z,60,5127.0,2026-09-21T10:50:12Z,semo_pub_dailyloadfcst_202609211050,9.8,1,927.0,2026-09-21T10:50:12Z,semo_pub_dailyloadfcst_202609211050,9.8,1,4200.0,2026-09-21T10:50:12Z,semo_pub_dailyloadfcst_202609211050,9.8,1,500.0,2026-09-21T06:00:11Z,semo_pub_dailyintconntc_202609210600,299.81666666666666,1,530.0,2026-09-21T06:00:11Z,semo_pub_dailyintconntc_202609210600,299.81666666666666,1,513.0,2026-09-21T06:00:11Z,semo_pub_dailyintconntc_202609210600,299.81666666666666,1,500.0,2026-09-21T06:00:11Z,semo_pub_dailyintconntc_202609210600,299.81666666666666,1,500.0,2026-09-21T06:00:11Z,semo_pub_dailyintconntc_202609210600,299.81666666666666,1,504.0,2026-09-21T06:00:11Z,semo_pub_dailyintconntc_202609210600,299.81666666666666,1,,,,,0,2316.095,2026-09-21T06:13:43Z,semo_pub_15minaggwindfcst_202609210613,286.28333333333336,1,0
2026-09-21T12:00:00Z,2026-09-21T11:30:00Z,30,5134.0,2026-09-21T11:20:11Z,semo_pub_dailyloadfcst_202609211120,9.816666666666666,1,934.0,2026-09-21T11:20:11Z,semo_pub_dailyloadfcst_202609211120,9.816666666666666,1,4200.0,2026-09-21T11:20:11Z,semo_pub_dailyloadfcst_202609211120,9.816666666666666,1,500.0,2026-09-21T06:00:11Z,semo_pub_dailyintconntc_202609210600,329.81666666666666,1,530.0,2026-09-21T06:00:11Z,semo_pub_dailyintconntc_202609210600,329.81666666666666,1,513.0,2026-09-21T06:00:11Z,semo_pub_dailyintconntc_202609210600,329.81666666666666,1,500.0,2026-09-21T06:00:11Z,semo_pub_dailyintconntc_202609210600,329.81666666666666,1,500.0,2026-09-21T06:00:11Z,semo_pub_dailyintconntc_202609210600,329.81666666666666,1,504.0,2026-09-21T06:00:11Z,semo_pub_dailyintconntc_202609210600,329.81666666666666,1,,,,,0,2316.095,2026-09-21T06:13:43Z,semo_pub_15minaggwindfcst_202609210613,316.28333333333336,1,0
2026-09-21T12:30:00Z,2026-09-21T11:30:00Z,60,5083.0,2026-09-21T11:20:11Z,semo_pub_dailyloadfcst_202609211120,9.816666666666666,1,896.0,2026-09-21T11:20:11Z,semo_pub_dailyloadfcst_202609211120,9.816666666666666,1,4187.0,2026-09-21T11:20:11Z,semo_pub_dailyloadfcst_202609211120,9.816666666666666,1,,,,,0,,,,,0,,,,,0,,,,,0,,,,,0,,,,,0,,,,,0,2350.538,2026-09-21T06:13:43Z,semo_pub_15minaggwindfcst_202609210613,316.28333333333336,1,0
2026-09-21T12:30:00Z,2026-09-21T12:00:00Z,30,5083.0,2026-09-21T11:50:10Z,semo_pub_dailyloadfcst_202609211150,9.833333333333334,1,896.0,2026-09-21T11:50:10Z,semo_pub_dailyloadfcst_202609211150,9.833333333333334,1,4187.0,2026-09-21T11:50:10Z,semo_pub_dailyloadfcst_202609211150,9.833333333333334,1,,,,,0,,,,,0,,,,,0,,,,,0,,,,,0,,,,,0,,,,,0,2350.538,2026-09-21T06:13:43Z,semo_pub_15minaggwindfcst_202609210613,346.28333333333336,1,0
2026-09-21T13:00:00Z,2026-09-21T12:00:00Z,60,5105.0,2026-09-21T11:50:10Z,semo_pub_dailyloadfcst_202609211150,9.833333333333334,1,908.0,2026-09-21T11:50:10Z,semo_pub_dailyloadfcst_202609211150,9.833333333333334,1,4197.0,2026-09-21T11:50:10Z,semo_pub_dailyloadfcst_202609211150,9.833333333333334,1,500.0,2026-09-21T06:00:11Z,semo_pub_dailyintconntc_202609210600,359.81666666666666,1,530.0,2026-09-21T06:00:11Z,semo_pub_dailyintconntc_202609210600,359.81666666666666,1,513.0,2026-09-21T06:00:11Z,semo_pub_dailyintconntc_202609210600,359.81666666666666,1,500.0,2026-09-21T06:00:11Z,semo_pub_dailyintconntc_202609210600,359.81666666666666,1,500.0,2026-09-21T06:00:11Z,semo_pub_dailyintconntc_202609210600,359.81666666666666,1,504.0,2026-09-21T06:00:11Z,semo_pub_dailyintconntc_202609210600,359.81666666666666,1,,,,,0,2385.0,2026-09-21T06:13:43Z,semo_pub_15minaggwindfcst_202609210613,346.28333333333336,1,0
2026-09-21T13:00:00Z,2026-09-21T12:30:00Z,30,5105.0,2026-09-21T12:20:16Z,semo_pub_dailyloadfcst_202609211220,9.733333333333333,1,908.0,2026-09-21T12:20:16Z,semo_pub_dailyloadfcst_202609211220,9.733333333333333,1,4197.0,2026-09-21T12:20:16Z,semo_pub_dailyloadfcst_202609211220,9.733333333333333,1,500.0,2026-09-21T06:00:11Z,semo_pub_dailyintconntc_202609210600,389.81666666666666,1,530.0,2026-09-21T06:00:11Z,semo_pub_dailyintconntc_202609210600,389.81666666666666,1,513.0,2026-09-21T06:00:11Z,semo_pub_dailyintconntc_202609210600,389.81666666666666,1,500.0,2026-09-21T06:00:11Z,semo_pub_dailyintconntc_202609210600,389.81666666666666,1,500.0,2026-09-21T06:00:11Z,semo_pub_dailyintconntc_202609210600,389.81666666666666,1,504.0,2026-09-21T06:00:11Z,semo_pub_dailyintconntc_202609210600,389.81666666666666,1,,,,,0,2452.952,2026-09-21T12:13:53Z,semo_pub_15minaggwindfcst_202609211213,16.116666666666667,1,0
2026-09-21T13:30:00Z,2026-09-21T12:30:00Z,60,5115.0,2026-09-21T12:20:16Z,semo_pub_dailyloadfcst_202609211220,9.733333333333333,1,893.0,2026-09-21T12:20:16Z,semo_pub_dailyloadfcst_202609211220,9.733333333333333,1,4222.0,2026-09-21T12:20:16Z,semo_pub_dailyloadfcst_202609211220,9.733333333333333,1,,,,,0,,,,,0,,,,,0,,,,,0,,,,,0,,,,,0,,,,,0,2420.191,2026-09-21T12:13:53Z,semo_pub_15minaggwindfcst_202609211213,16.116666666666667,1,0
2026-09-21T13:30:00Z,2026-09-21T13:00:00Z,30,5115.0,2026-09-21T12:50:16Z,semo_pub_dailyloadfcst_202609211250,9.733333333333333,1,893.0,2026-09-21T12:50:16Z,semo_pub_dailyloadfcst_202609211250,9.733333333333333,1,4222.0,2026-09-21T12:50:16Z,semo_pub_dailyloadfcst_202609211250,9.733333333333333,1,,,,,0,,,,,0,,,,,0,,,,,0,,,,,0,,,,,0,,,,,0,2420.191,2026-09-21T12:13:53Z,semo_pub_15minaggwindfcst_202609211213,46.11666666666667,1,0
2026-09-21T14:00:00Z,2026-09-21T13:00:00Z,60,5164.0,2026-09-21T12:50:16Z,semo_pub_dailyloadfcst_202609211250,9.733333333333333,1,873.0,2026-09-21T12:50:16Z,semo_pub_dailyloadfcst_202609211250,9.733333333333333,1,4291.0,2026-09-21T12:50:16Z,semo_pub_dailyloadfcst_202609211250,9.733333333333333,1,500.0,2026-09-21T06:00:11Z,semo_pub_dailyintconntc_202609210600,419.81666666666666,1,530.0,2026-09-21T06:00:11Z,semo_pub_dailyintconntc_202609210600,419.81666666666666,1,513.0,2026-09-21T06:00:11Z,semo_pub_dailyintconntc_202609210600,419.81666666666666,1,500.0,2026-09-21T06:00:11Z,semo_pub_dailyintconntc_202609210600,419.81666666666666,1,500.0,2026-09-21T06:00:11Z,semo_pub_dailyintconntc_202609210600,419.81666666666666,1,504.0,2026-09-21T06:00:11Z,semo_pub_dailyintconntc_202609210600,419.81666666666666,1,,,,,0,2387.42,2026-09-21T12:13:53Z,semo_pub_15minaggwindfcst_202609211213,46.11666666666667,1,0
2026-09-21T14:00:00Z,2026-09-21T13:30:00Z,30,5164.0,2026-09-21T13:20:16Z,semo_pub_dailyloadfcst_202609211320,9.733333333333333,1,873.0,2026-09-21T13:20:16Z,semo_pub_dailyloadfcst_202609211320,9.733333333333333,1,4291.0,2026-09-21T13:20:16Z,semo_pub_dailyloadfcst_202609211320,9.733333333333333,1,500.0,2026-09-21T06:00:11Z,semo_pub_dailyintconntc_202609210600,449.81666666666666,1,530.0,2026-09-21T06:00:11Z,semo_pub_dailyintconntc_202609210600,449.81666666666666,1,513.0,2026-09-21T06:00:11Z,semo_pub_dailyintconntc_202609210600,449.81666666666666,1,500.0,2026-09-21T06:00:11Z,semo_pub_dailyintconntc_202609210600,449.81666666666666,1,500.0,2026-09-21T06:00:11Z,semo_pub_dailyintconntc_202609210600,449.81666666666666,1,504.0,2026-09-21T06:00:11Z,semo_pub_dailyintconntc_202609210600,449.81666666666666,1,,,,,0,2387.42,2026-09-21T12:13:53Z,semo_pub_15minaggwindfcst_202609211213,76.11666666666666,1,0
2026-09-21T14:30:00Z,2026-09-21T13:30:00Z,60,5214.0,2026-09-21T13:20:16Z,semo_pub_dailyloadfcst_202609211320,9.733333333333333,1,894.0,2026-09-21T13:20:16Z,semo_pub_dailyloadfcst_202609211320,9.733333333333333,1,4320.0,2026-09-21T13:20:16Z,semo_pub_dailyloadfcst_202609211320,9.733333333333333,1,,,,,0,,,,,0,,,,,0,,,,,0,,,,,0,,,,,0,,,,,0,2314.375,2026-09-21T12:13:53Z,semo_pub_15minaggwindfcst_202609211213,76.11666666666666,1,0
2026-09-21T14:30:00Z,2026-09-21T14:00:00Z,30,5214.0,2026-09-21T13:50:10Z,semo_pub_dailyloadfcst_202609211350,9.833333333333334,1,894.0,2026-09-21T13:50:10Z,semo_pub_dailyloadfcst_202609211350,9.833333333333334,1,4320.0,2026-09-21T13:50:10Z,semo_pub_dailyloadfcst_202609211350,9.833333333333334,1,,,,,0,,,,,0,,,,,0,,,,,0,,,,,0,,,,,0,,,,,0,2314.375,2026-09-21T12:13:53Z,semo_pub_15minaggwindfcst_202609211213,106.11666666666666,1,0
2026-09-21T15:00:00Z,2026-09-21T14:00:00Z,60,5374.0,2026-09-21T13:50:10Z,semo_pub_dailyloadfcst_202609211350,9.833333333333334,1,936.0,2026-09-21T13:50:10Z,semo_pub_dailyloadfcst_202609211350,9.833333333333334,1,4438.0,2026-09-21T13:50:10Z,semo_pub_dailyloadfcst_202609211350,9.833333333333334,1,500.0,2026-09-21T06:00:11Z,semo_pub_dailyintconntc_202609210600,479.81666666666666,1,530.0,2026-09-21T06:00:11Z,semo_pub_dailyintconntc_202609210600,479.81666666666666,1,513.0,2026-09-21T06:00:11Z,semo_pub_dailyintconntc_202609210600,479.81666666666666,1,500.0,2026-09-21T06:00:11Z,semo_pub_dailyintconntc_202609210600,479.81666666666666,1,500.0,2026-09-21T06:00:11Z,semo_pub_dailyintconntc_202609210600,479.81666666666666,1,504.0,2026-09-21T06:00:11Z,semo_pub_dailyintconntc_202609210600,479.81666666666666,1,,,,,0,2241.321,2026-09-21T12:13:53Z,semo_pub_15minaggwindfcst_202609211213,106.11666666666666,1,0
2026-09-21T15:00:00Z,2026-09-21T14:30:00Z,30,5374.0,2026-09-21T14:20:16Z,semo_pub_dailyloadfcst_202609211420,9.733333333333333,1,936.0,2026-09-21T14:20:16Z,semo_pub_dailyloadfcst_202609211420,9.733333333333333,1,4438.0,2026-09-21T14:20:16Z,semo_pub_dailyloadfcst_202609211420,9.733333333333333,1,500.0,2026-09-21T06:00:11Z,semo_pub_dailyintconntc_202609210600,509.81666666666666,1,530.0,2026-09-21T06:00:11Z,semo_pub_dailyintconntc_202609210600,509.81666666666666,1,513.0,2026-09-21T06:00:11Z,semo_pub_dailyintconntc_202609210600,509.81666666666666,1,500.0,2026-09-21T06:00:11Z,semo_pub_dailyintconntc_202609210600,509.81666666666666,1,500.0,2026-09-21T06:00:11Z,semo_pub_dailyintconntc_202609210600,509.81666666666666,1,504.0,2026-09-21T06:00:11Z,semo_pub_dailyintconntc_202609210600,509.81666666666666,1,,,,,0,2241.321,2026-09-21T12:13:53Z,semo_pub_15minaggwindfcst_202609211213,136.11666666666667,1,0
2026-09-21T15:30:00Z,2026-09-21T14:30:00Z,60,5545.0,2026-09-21T14:20:16Z,semo_pub_dailyloadfcst_202609211420,9.733333333333333,1,993.0,2026-09-21T14:20:16Z,semo_pub_dailyloadfcst_202609211420,9.733333333333333,1,4552.0,2026-09-21T14:20:16Z,semo_pub_dailyloadfcst_202609211420,9.733333333333333,1,,,,,0,,,,,0,,,,,0,,,,,0,,,,,0,,,,,0,,,,,0,2101.998,2026-09-21T12:13:53Z,semo_pub_15minaggwindfcst_202609211213,136.11666666666667,1,0
2026-09-21T15:30:00Z,2026-09-21T15:00:00Z,30,5545.0,2026-09-21T14:50:11Z,semo_pub_dailyloadfcst_202609211450,9.816666666666666,1,993.0,2026-09-21T14:50:11Z,semo_pub_dailyloadfcst_202609211450,9.816666666666666,1,4552.0,2026-09-21T14:50:11Z,semo_pub_dailyloadfcst_202609211450,9.816666666666666,1,,,,,0,,,,,0,,,,,0,,,,,0,,,,,0,,,,,0,,,,,0,2101.998,2026-09-21T12:13:53Z,semo_pub_15minaggwindfcst_202609211213,166.11666666666667,1,0
2026-09-21T16:00:00Z,2026-09-21T15:00:00Z,60,5641.0,2026-09-21T14:50:11Z,semo_pub_dailyloadfcst_202609211450,9.816666666666666,1,1028.0,2026-09-21T14:50:11Z,semo_pub_dailyloadfcst_202609211450,9.816666666666666,1,4613.0,2026-09-21T14:50:11Z,semo_pub_dailyloadfcst_202609211450,9.816666666666666,1,500.0,2026-09-21T06:00:11Z,semo_pub_dailyintconntc_202609210600,539.8166666666667,1,530.0,2026-09-21T06:00:11Z,semo_pub_dailyintconntc_202609210600,539.8166666666667,1,513.0,2026-09-21T06:00:11Z,semo_pub_dailyintconntc_202609210600,539.8166666666667,1,500.0,2026-09-21T06:00:11Z,semo_pub_dailyintconntc_202609210600,539.8166666666667,1,500.0,2026-09-21T06:00:11Z,semo_pub_dailyintconntc_202609210600,539.8166666666667,1,504.0,2026-09-21T06:00:11Z,semo_pub_dailyintconntc_202609210600,539.8166666666667,1,,,,,0,1962.672,2026-09-21T12:13:53Z,semo_pub_15minaggwindfcst_202609211213,166.11666666666667,1,0
2026-09-21T16:00:00Z,2026-09-21T15:30:00Z,30,5641.0,2026-09-21T15:20:15Z,semo_pub_dailyloadfcst_202609211520,9.75,1,1028.0,2026-09-21T15:20:15Z,semo_pub_dailyloadfcst_202609211520,9.75,1,4613.0,2026-09-21T15:20:15Z,semo_pub_dailyloadfcst_202609211520,9.75,1,500.0,2026-09-21T06:00:11Z,semo_pub_dailyintconntc_202609210600,569.8166666666667,1,530.0,2026-09-21T06:00:11Z,semo_pub_dailyintconntc_202609210600,569.8166666666667,1,513.0,2026-09-21T06:00:11Z,semo_pub_dailyintconntc_202609210600,569.8166666666667,1,500.0,2026-09-21T06:00:11Z,semo_pub_dailyintconntc_202609210600,569.8166666666667,1,500.0,2026-09-21T06:00:11Z,semo_pub_dailyintconntc_202609210600,569.8166666666667,1,504.0,2026-09-21T06:00:11Z,semo_pub_dailyintconntc_202609210600,569.8166666666667,1,,,,,0,1962.672,2026-09-21T12:13:53Z,semo_pub_15minaggwindfcst_202609211213,196.11666666666667,1,0
2026-09-21T16:30:00Z,2026-09-21T15:30:00Z,60,5797.0,2026-09-21T15:20:15Z,semo_pub_dailyloadfcst_202609211520,9.75,1,1064.0,2026-09-21T15:20:15Z,semo_pub_dailyloadfcst_202609211520,9.75,1,4733.0,2026-09-21T15:20:15Z,semo_pub_dailyloadfcst_202609211520,9.75,1,,,,,0,,,,,0,,,,,0,,,,,0,,,,,0,,,,,0,,,,,0,1734.973,2026-09-21T12:13:53Z,semo_pub_15minaggwindfcst_202609211213,196.11666666666667,1,0
2026-09-21T16:30:00Z,2026-09-21T16:00:00Z,30,5797.0,2026-09-21T15:50:16Z,semo_pub_dailyloadfcst_202609211550,9.733333333333333,1,1064.0,2026-09-21T15:50:16Z,semo_pub_dailyloadfcst_202609211550,9.733333333333333,1,4733.0,2026-09-21T15:50:16Z,semo_pub_dailyloadfcst_202609211550,9.733333333333333,1,,,,,0,,,,,0,,,,,0,,,,,0,,,,,0,,,,,0,,,,,0,1734.973,2026-09-21T12:13:53Z,semo_pub_15minaggwindfcst_202609211213,226.11666666666667,1,0
2026-09-21T17:00:00Z,2026-09-21T16:00:00Z,60,5810.0,2026-09-21T15:50:16Z,semo_pub_dailyloadfcst_202609211550,9.733333333333333,1,1070.0,2026-09-21T15:50:16Z,semo_pub_dailyloadfcst_202609211550,9.733333333333333,1,4740.0,2026-09-21T15:50:16Z,semo_pub_dailyloadfcst_202609211550,9.733333333333333,1,500.0,2026-09-21T06:00:11Z,semo_pub_dailyintconntc_202609210600,599.8166666666667,1,530.0,2026-09-21T06:00:11Z,semo_pub_dailyintconntc_202609210600,599.8166666666667,1,513.0,2026-09-21T06:00:11Z,semo_pub_dailyintconntc_202609210600,599.8166666666667,1,500.0,2026-09-21T06:00:11Z,semo_pub_dailyintconntc_202609210600,599.8166666666667,1,500.0,2026-09-21T06:00:11Z,semo_pub_dailyintconntc_202609210600,599.8166666666667,1,504.0,2026-09-21T06:00:11Z,semo_pub_dailyintconntc_202609210600,599.8166666666667,1,,,,,0,1507.27,2026-09-21T12:13:53Z,semo_pub_15minaggwindfcst_202609211213,226.11666666666667,1,0
2026-09-21T17:00:00Z,2026-09-21T16:30:00Z,30,5810.0,2026-09-21T16:20:10Z,semo_pub_dailyloadfcst_202609211620,9.833333333333334,1,1070.0,2026-09-21T16:20:10Z,semo_pub_dailyloadfcst_202609211620,9.833333333333334,1,4740.0,2026-09-21T16:20:10Z,semo_pub_dailyloadfcst_202609211620,9.833333333333334,1,500.0,2026-09-21T06:00:11Z,semo_pub_dailyintconntc_202609210600,629.8166666666667,1,530.0,2026-09-21T06:00:11Z,semo_pub_dailyintconntc_202609210600,629.8166666666667,1,513.0,2026-09-21T06:00:11Z,semo_pub_dailyintconntc_202609210600,629.8166666666667,1,500.0,2026-09-21T06:00:11Z,semo_pub_dailyintconntc_202609210600,629.8166666666667,1,500.0,2026-09-21T06:00:11Z,semo_pub_dailyintconntc_202609210600,629.8166666666667,1,504.0,2026-09-21T06:00:11Z,semo_pub_dailyintconntc_202609210600,629.8166666666667,1,,,,,0,1507.27,2026-09-21T12:13:53Z,semo_pub_15minaggwindfcst_202609211213,256.1166666666667,1,0
2026-09-21T17:30:00Z,2026-09-21T16:30:00Z,60,5725.0,2026-09-21T16:20:10Z,semo_pub_dailyloadfcst_202609211620,9.833333333333334,1,1029.0,2026-09-21T16:20:10Z,semo_pub_dailyloadfcst_202609211620,9.833333333333334,1,4696.0,2026-09-21T16:20:10Z,semo_pub_dailyloadfcst_202609211620,9.833333333333334,1,,,,,0,,,,,0,,,,,0,,,,,0,,,,,0,,,,,0,,,,,0,1352.201,2026-09-21T12:13:53Z,semo_pub_15minaggwindfcst_202609211213,256.1166666666667,1,0
2026-09-21T17:30:00Z,2026-09-21T17:00:00Z,30,5671.0,2026-09-21T16:50:20Z,semo_pub_dailyloadfcst_202609211650,9.666666666666666,1,975.0,2026-09-21T16:50:20Z,semo_pub_dailyloadfcst_202609211650,9.666666666666666,1,4696.0,2026-09-21T16:50:20Z,semo_pub_dailyloadfcst_202609211650,9.666666666666666,1,,,,,0,,,,,0,,,,,0,,,,,0,,,,,0,,,,,0,,,,,0,1352.201,2026-09-21T12:13:53Z,semo_pub_15minaggwindfcst_202609211213,286.1166666666667,1,0
2026-09-21T18:00:00Z,2026-09-21T17:00:00Z,60,5605.0,2026-09-21T16:50:20Z,semo_pub_dailyloadfcst_202609211650,9.666666666666666,1,947.0,2026-09-21T16:50:20Z,semo_pub_dailyloadfcst_202609211650,9.666666666666666,1,4658.0,2026-09-21T16:50:20Z,semo_pub_dailyloadfcst_202609211650,9.666666666666666,1,500.0,2026-09-21T06:00:11Z,semo_pub_dailyintconntc_202609210600,659.8166666666667,1,530.0,2026-09-21T06:00:11Z,semo_pub_dailyintconntc_202609210600,659.8166666666667,1,513.0,2026-09-21T06:00:11Z,semo_pub_dailyintconntc_202609210600,659.8166666666667,1,500.0,2026-09-21T06:00:11Z,semo_pub_dailyintconntc_202609210600,659.8166666666667,1,500.0,2026-09-21T06:00:11Z,semo_pub_dailyintconntc_202609210600,659.8166666666667,1,504.0,2026-09-21T06:00:11Z,semo_pub_dailyintconntc_202609210600,659.8166666666667,1,,,,,0,1197.127,2026-09-21T12:13:53Z,semo_pub_15minaggwindfcst_202609211213,286.1166666666667,1,0
2026-09-21T18:00:00Z,2026-09-21T17:30:00Z,30,5605.0,2026-09-21T17:20:21Z,semo_pub_dailyloadfcst_202609211720,9.65,1,947.0,2026-09-21T17:20:21Z,semo_pub_dailyloadfcst_202609211720,9.65,1,4658.0,2026-09-21T17:20:21Z,semo_pub_dailyloadfcst_202609211720,9.65,1,500.0,2026-09-21T06:00:11Z,semo_pub_dailyintconntc_202609210600,689.8166666666667,1,530.0,2026-09-21T06:00:11Z,semo_pub_dailyintconntc_202609210600,689.8166666666667,1,513.0,2026-09-21T06:00:11Z,semo_pub_dailyintconntc_202609210600,689.8166666666667,1,500.0,2026-09-21T06:00:11Z,semo_pub_dailyintconntc_202609210600,689.8166666666667,1,500.0,2026-09-21T06:00:11Z,semo_pub_dailyintconntc_202609210600,689.8166666666667,1,504.0,2026-09-21T06:00:11Z,semo_pub_dailyintconntc_202609210600,689.8166666666667,1,,,,,0,1197.127,2026-09-21T12:13:53Z,semo_pub_15minaggwindfcst_202609211213,316.1166666666667,1,0
2026-09-21T18:30:00Z,2026-09-21T17:30:00Z,60,5555.0,2026-09-21T17:20:21Z,semo_pub_dailyloadfcst_202609211720,9.65,1,946.0,2026-09-21T17:20:21Z,semo_pub_dailyloadfcst_202609211720,9.65,1,4609.0,2026-09-21T17:20:21Z,semo_pub_dailyloadfcst_202609211720,9.65,1,,,,,0,,,,,0,,,,,0,,,,,0,,,,,0,,,,,0,,,,,0,1173.995,2026-09-21T12:13:53Z,semo_pub_15minaggwindfcst_202609211213,316.1166666666667,1,0
2026-09-21T18:30:00Z,2026-09-21T18:00:00Z,30,5555.0,2026-09-21T17:50:10Z,semo_pub_dailyloadfcst_202609211750,9.833333333333334,1,946.0,2026-09-21T17:50:10Z,semo_pub_dailyloadfcst_202609211750,9.833333333333334,1,4609.0,2026-09-21T17:50:10Z,semo_pub_dailyloadfcst_202609211750,9.833333333333334,1,,,,,0,,,,,0,,,,,0,,,,,0,,,,,0,,,,,0,,,,,0,1173.995,2026-09-21T12:13:53Z,semo_pub_15minaggwindfcst_202609211213,346.1166666666667,1,0
2026-09-21T19:00:00Z,2026-09-21T18:00:00Z,60,5591.0,2026-09-21T17:50:10Z,semo_pub_dailyloadfcst_202609211750,9.833333333333334,1,951.0,2026-09-21T17:50:10Z,semo_pub_dailyloadfcst_202609211750,9.833333333333334,1,4640.0,2026-09-21T17:50:10Z,semo_pub_dailyloadfcst_202609211750,9.833333333333334,1,500.0,2026-09-21T06:00:11Z,semo_pub_dailyintconntc_202609210600,719.8166666666667,1,530.0,2026-09-21T06:00:11Z,semo_pub_dailyintconntc_202609210600,719.8166666666667,1,513.0,2026-09-21T06:00:11Z,semo_pub_dailyintconntc_202609210600,719.8166666666667,1,500.0,2026-09-21T06:00:11Z,semo_pub_dailyintconntc_202609210600,719.8166666666667,1,500.0,2026-09-21T06:00:11Z,semo_pub_dailyintconntc_202609210600,719.8166666666667,1,504.0,2026-09-21T06:00:11Z,semo_pub_dailyintconntc_202609210600,719.8166666666667,1,,,,,0,1150.856,2026-09-21T12:13:53Z,semo_pub_15minaggwindfcst_202609211213,346.1166666666667,1,0
2026-09-21T19:00:00Z,2026-09-21T18:30:00Z,30,5591.0,2026-09-21T18:20:10Z,semo_pub_dailyloadfcst_202609211820,9.833333333333334,1,951.0,2026-09-21T18:20:10Z,semo_pub_dailyloadfcst_202609211820,9.833333333333334,1,4640.0,2026-09-21T18:20:10Z,semo_pub_dailyloadfcst_202609211820,9.833333333333334,1,500.0,2026-09-21T06:00:11Z,semo_pub_dailyintconntc_202609210600,749.8166666666667,1,530.0,2026-09-21T06:00:11Z,semo_pub_dailyintconntc_202609210600,749.8166666666667,1,513.0,2026-09-21T06:00:11Z,semo_pub_dailyintconntc_202609210600,749.8166666666667,1,500.0,2026-09-21T06:00:11Z,semo_pub_dailyintconntc_202609210600,749.8166666666667,1,500.0,2026-09-21T06:00:11Z,semo_pub_dailyintconntc_202609210600,749.8166666666667,1,504.0,2026-09-21T06:00:11Z,semo_pub_dailyintconntc_202609210600,749.8166666666667,1,,,,,0,1291.092,2026-09-21T18:13:59Z,semo_pub_15minaggwindfcst_202609211813,16.016666666666666,1,0
2026-09-21T19:30:00Z,2026-09-21T18:30:00Z,60,5549.0,2026-09-21T18:20:10Z,semo_pub_dailyloadfcst_202609211820,9.833333333333334,1,934.0,2026-09-21T18:20:10Z,semo_pub_dailyloadfcst_202609211820,9.833333333333334,1,4615.0,2026-09-21T18:20:10Z,semo_pub_dailyloadfcst_202609211820,9.833333333333334,1,,,,,0,,,,,0,,,,,0,,,,,0,,,,,0,,,,,0,,,,,0,1253.492,2026-09-21T18:13:59Z,semo_pub_15minaggwindfcst_202609211813,16.016666666666666,1,0
2026-09-21T19:30:00Z,2026-09-21T19:00:00Z,30,5549.0,2026-09-21T18:50:21Z,semo_pub_dailyloadfcst_202609211850,9.65,1,934.0,2026-09-21T18:50:21Z,semo_pub_dailyloadfcst_202609211850,9.65,1,4615.0,2026-09-21T18:50:21Z,semo_pub_dailyloadfcst_202609211850,9.65,1,,,,,0,,,,,0,,,,,0,,,,,0,,,,,0,,,,,0,,,,,0,1253.492,2026-09-21T18:13:59Z,semo_pub_15minaggwindfcst_202609211813,46.016666666666666,1,0
2026-09-21T20:00:00Z,2026-09-21T19:00:00Z,60,5377.0,2026-09-21T18:50:21Z,semo_pub_dailyloadfcst_202609211850,9.65,1,886.0,2026-09-21T18:50:21Z,semo_pub_dailyloadfcst_202609211850,9.65,1,4491.0,2026-09-21T18:50:21Z,semo_pub_dailyloadfcst_202609211850,9.65,1,500.0,2026-09-21T06:00:11Z,semo_pub_dailyintconntc_202609210600,779.8166666666667,1,530.0,2026-09-21T06:00:11Z,semo_pub_dailyintconntc_202609210600,779.8166666666667,1,513.0,2026-09-21T06:00:11Z,semo_pub_dailyintconntc_202609210600,779.8166666666667,1,500.0,2026-09-21T06:00:11Z,semo_pub_dailyintconntc_202609210600,779.8166666666667,1,500.0,2026-09-21T06:00:11Z,semo_pub_dailyintconntc_202609210600,779.8166666666667,1,504.0,2026-09-21T06:00:11Z,semo_pub_dailyintconntc_202609210600,779.8166666666667,1,,,,,0,1215.894,2026-09-21T18:13:59Z,semo_pub_15minaggwindfcst_202609211813,46.016666666666666,1,0
2026-09-21T20:00:00Z,2026-09-21T19:30:00Z,30,5377.0,2026-09-21T19:20:05Z,semo_pub_dailyloadfcst_202609211920,9.916666666666666,1,886.0,2026-09-21T19:20:05Z,semo_pub_dailyloadfcst_202609211920,9.916666666666666,1,4491.0,2026-09-21T19:20:05Z,semo_pub_dailyloadfcst_202609211920,9.916666666666666,1,500.0,2026-09-21T06:00:11Z,semo_pub_dailyintconntc_202609210600,809.8166666666667,1,530.0,2026-09-21T06:00:11Z,semo_pub_dailyintconntc_202609210600,809.8166666666667,1,513.0,2026-09-21T06:00:11Z,semo_pub_dailyintconntc_202609210600,809.8166666666667,1,500.0,2026-09-21T06:00:11Z,semo_pub_dailyintconntc_202609210600,809.8166666666667,1,500.0,2026-09-21T06:00:11Z,semo_pub_dailyintconntc_202609210600,809.8166666666667,1,504.0,2026-09-21T06:00:11Z,semo_pub_dailyintconntc_202609210600,809.8166666666667,1,,,,,0,1215.894,2026-09-21T18:13:59Z,semo_pub_15minaggwindfcst_202609211813,76.01666666666667,1,0
2026-09-21T20:30:00Z,2026-09-21T19:30:00Z,60,5180.0,2026-09-21T19:20:05Z,semo_pub_dailyloadfcst_202609211920,9.916666666666666,1,833.0,2026-09-21T19:20:05Z,semo_pub_dailyloadfcst_202609211920,9.916666666666666,1,4347.0,2026-09-21T19:20:05Z,semo_pub_dailyloadfcst_202609211920,9.916666666666666,1,,,,,0,,,,,0,,,,,0,,,,,0,,,,,0,,,,,0,,,,,0,1220.152,2026-09-21T18:13:59Z,semo_pub_15minaggwindfcst_202609211813,76.01666666666667,1,0
2026-09-21T20:30:00Z,2026-09-21T20:00:00Z,30,5180.0,2026-09-21T19:50:11Z,semo_pub_dailyloadfcst_202609211950,9.816666666666666,1,833.0,2026-09-21T19:50:11Z,semo_pub_dailyloadfcst_202609211950,9.816666666666666,1,4347.0,2026-09-21T19:50:11Z,semo_pub_dailyloadfcst_202609211950,9.816666666666666,1,,,,,0,,,,,0,,,,,0,,,,,0,,,,,0,,,,,0,,,,,0,1220.152,2026-09-21T18:13:59Z,semo_pub_15minaggwindfcst_202609211813,106.01666666666667,1,0
2026-09-21T21:00:00Z,2026-09-21T20:00:00Z,60,4910.0,2026-09-21T19:50:11Z,semo_pub_dailyloadfcst_202609211950,9.816666666666666,1,767.0,2026-09-21T19:50:11Z,semo_pub_dailyloadfcst_202609211950,9.816666666666666,1,4143.0,2026-09-21T19:50:11Z,semo_pub_dailyloadfcst_202609211950,9.816666666666666,1,500.0,2026-09-21T06:00:11Z,semo_pub_dailyintconntc_202609210600,839.8166666666667,1,530.0,2026-09-21T06:00:11Z,semo_pub_dailyintconntc_202609210600,839.8166666666667,1,513.0,2026-09-21T06:00:11Z,semo_pub_dailyintconntc_202609210600,839.8166666666667,1,500.0,2026-09-21T06:00:11Z,semo_pub_dailyintconntc_202609210600,839.8166666666667,1,500.0,2026-09-21T06:00:11Z,semo_pub_dailyintconntc_202609210600,839.8166666666667,1,504.0,2026-09-21T06:00:11Z,semo_pub_dailyintconntc_202609210600,839.8166666666667,1,,,,,0,1224.406,2026-09-21T18:13:59Z,semo_pub_15minaggwindfcst_202609211813,106.01666666666667,1,0
2026-09-21T21:00:00Z,2026-09-21T20:30:00Z,30,4910.0,2026-09-21T20:20:11Z,semo_pub_dailyloadfcst_202609212020,9.816666666666666,1,767.0,2026-09-21T20:20:11Z,semo_pub_dailyloadfcst_202609212020,9.816666666666666,1,4143.0,2026-09-21T20:20:11Z,semo_pub_dailyloadfcst_202609212020,9.816666666666666,1,500.0,2026-09-21T06:00:11Z,semo_pub_dailyintconntc_202609210600,869.8166666666667,1,530.0,2026-09-21T06:00:11Z,semo_pub_dailyintconntc_202609210600,869.8166666666667,1,513.0,2026-09-21T06:00:11Z,semo_pub_dailyintconntc_202609210600,869.8166666666667,1,500.0,2026-09-21T06:00:11Z,semo_pub_dailyintconntc_202609210600,869.8166666666667,1,500.0,2026-09-21T06:00:11Z,semo_pub_dailyintconntc_202609210600,869.8166666666667,1,504.0,2026-09-21T06:00:11Z,semo_pub_dailyintconntc_202609210600,869.8166666666667,1,,,,,0,1224.406,2026-09-21T18:13:59Z,semo_pub_15minaggwindfcst_202609211813,136.01666666666668,1,0
2026-09-21T21:30:00Z,2026-09-21T20:30:00Z,60,4657.0,2026-09-21T20:20:11Z,semo_pub_dailyloadfcst_202609212020,9.816666666666666,1,713.0,2026-09-21T20:20:11Z,semo_pub_dailyloadfcst_202609212020,9.816666666666666,1,3944.0,2026-09-21T20:20:11Z,semo_pub_dailyloadfcst_202609212020,9.816666666666666,1,,,,,0,,,,,0,,,,,0,,,,,0,,,,,0,,,,,0,,,,,0,1251.719,2026-09-21T18:13:59Z,semo_pub_15minaggwindfcst_202609211813,136.01666666666668,1,0
2026-09-21T21:30:00Z,2026-09-21T21:00:00Z,30,4657.0,2026-09-21T20:50:10Z,semo_pub_dailyloadfcst_202609212050,9.833333333333334,1,713.0,2026-09-21T20:50:10Z,semo_pub_dailyloadfcst_202609212050,9.833333333333334,1,3944.0,2026-09-21T20:50:10Z,semo_pub_dailyloadfcst_202609212050,9.833333333333334,1,,,,,0,,,,,0,,,,,0,,,,,0,,,,,0,,,,,0,,,,,0,1251.719,2026-09-21T18:13:59Z,semo_pub_15minaggwindfcst_202609211813,166.01666666666668,1,0
2026-09-21T22:00:00Z,2026-09-21T21:00:00Z,60,4488.0,2026-09-21T20:50:10Z,semo_pub_dailyloadfcst_202609212050,9.833333333333334,1,660.0,2026-09-21T20:50:10Z,semo_pub_dailyloadfcst_202609212050,9.833333333333334,1,3828.0,2026-09-21T20:50:10Z,semo_pub_dailyloadfcst_202609212050,9.833333333333334,1,500.0,2026-09-21T06:00:11Z,semo_pub_dailyintconntc_202609210600,899.8166666666667,1,530.0,2026-09-21T06:00:11Z,semo_pub_dailyintconntc_202609210600,899.8166666666667,1,513.0,2026-09-21T06:00:11Z,semo_pub_dailyintconntc_202609210600,899.8166666666667,1,500.0,2026-09-21T06:00:11Z,semo_pub_dailyintconntc_202609210600,899.8166666666667,1,500.0,2026-09-21T06:00:11Z,semo_pub_dailyintconntc_202609210600,899.8166666666667,1,504.0,2026-09-21T06:00:11Z,semo_pub_dailyintconntc_202609210600,899.8166666666667,1,,,,,0,1279.034,2026-09-21T18:13:59Z,semo_pub_15minaggwindfcst_202609211813,166.01666666666668,1,0
2026-09-21T22:00:00Z,2026-09-21T21:30:00Z,30,4488.0,2026-09-21T21:20:15Z,semo_pub_dailyloadfcst_202609212120,9.75,1,660.0,2026-09-21T21:20:15Z,semo_pub_dailyloadfcst_202609212120,9.75,1,3828.0,2026-09-21T21:20:15Z,semo_pub_dailyloadfcst_202609212120,9.75,1,500.0,2026-09-21T06:00:11Z,semo_pub_dailyintconntc_202609210600,929.8166666666667,1,530.0,2026-09-21T06:00:11Z,semo_pub_dailyintconntc_202609210600,929.8166666666667,1,513.0,2026-09-21T06:00:11Z,semo_pub_dailyintconntc_202609210600,929.8166666666667,1,500.0,2026-09-21T06:00:11Z,semo_pub_dailyintconntc_202609210600,929.8166666666667,1,500.0,2026-09-21T06:00:11Z,semo_pub_dailyintconntc_202609210600,929.8166666666667,1,504.0,2026-09-21T06:00:11Z,semo_pub_dailyintconntc_202609210600,929.8166666666667,1,,,,,0,1279.034,2026-09-21T18:13:59Z,semo_pub_15minaggwindfcst_202609211813,196.01666666666668,1,0
2026-09-21T22:30:00Z,2026-09-21T21:30:00Z,60,4363.0,2026-09-21T21:20:15Z,semo_pub_dailyloadfcst_202609212120,9.75,1,614.0,2026-09-21T21:20:15Z,semo_pub_dailyloadfcst_202609212120,9.75,1,3749.0,2026-09-21T21:20:15Z,semo_pub_dailyloadfcst_202609212120,9.75,1,,,,,0,,,,,0,,,,,0,,,,,0,,,,,0,,,,,0,,,,,0,1321.928,2026-09-21T18:13:59Z,semo_pub_15minaggwindfcst_202609211813,196.01666666666668,1,0
2026-09-21T22:30:00Z,2026-09-21T22:00:00Z,30,4363.0,2026-09-21T21:50:21Z,semo_pub_dailyloadfcst_202609212150,9.65,1,614.0,2026-09-21T21:50:21Z,semo_pub_dailyloadfcst_202609212150,9.65,1,3749.0,2026-09-21T21:50:21Z,semo_pub_dailyloadfcst_202609212150,9.65,1,,,,,0,,,,,0,,,,,0,,,,,0,,,,,0,,,,,0,,,,,0,1321.928,2026-09-21T18:13:59Z,semo_pub_15minaggwindfcst_202609211813,226.01666666666668,1,0
2026-09-21T23:00:00Z,2026-09-21T22:00:00Z,60,4243.0,2026-09-21T21:50:21Z,semo_pub_dailyloadfcst_202609212150,9.65,1,600.0,2026-09-21T21:50:21Z,semo_pub_dailyloadfcst_202609212150,9.65,1,3643.0,2026-09-21T21:50:21Z,semo_pub_dailyloadfcst_202609212150,9.65,1,500.0,2026-09-21T06:00:11Z,semo_pub_dailyintconntc_202609210600,959.8166666666667,1,530.0,2026-09-21T06:00:11Z,semo_pub_dailyintconntc_202609210600,959.8166666666667,1,513.0,2026-09-21T06:00:11Z,semo_pub_dailyintconntc_202609210600,959.8166666666667,1,500.0,2026-09-21T06:00:11Z,semo_pub_dailyintconntc_202609210600,959.8166666666667,1,500.0,2026-09-21T06:00:11Z,semo_pub_dailyintconntc_202609210600,959.8166666666667,1,504.0,2026-09-21T06:00:11Z,semo_pub_dailyintconntc_202609210600,959.8166666666667,1,,,,,0,1364.832,2026-09-21T18:13:59Z,semo_pub_15minaggwindfcst_202609211813,226.01666666666668,1,0
2026-09-21T23:00:00Z,2026-09-21T22:30:00Z,30,4243.0,2026-09-21T22:20:21Z,semo_pub_dailyloadfcst_202609212220,9.65,1,600.0,2026-09-21T22:20:21Z,semo_pub_dailyloadfcst_202609212220,9.65,1,3643.0,2026-09-21T22:20:21Z,semo_pub_dailyloadfcst_202609212220,9.65,1,500.0,2026-09-21T06:00:11Z,semo_pub_dailyintconntc_202609210600,989.8166666666667,1,530.0,2026-09-21T06:00:11Z,semo_pub_dailyintconntc_202609210600,989.8166666666667,1,513.0,2026-09-21T06:00:11Z,semo_pub_dailyintconntc_202609210600,989.8166666666667,1,500.0,2026-09-21T06:00:11Z,semo_pub_dailyintconntc_202609210600,989.8166666666667,1,500.0,2026-09-21T06:00:11Z,semo_pub_dailyintconntc_202609210600,989.8166666666667,1,504.0,2026-09-21T06:00:11Z,semo_pub_dailyintconntc_202609210600,989.8166666666667,1,,,,,0,1364.832,2026-09-21T18:13:59Z,semo_pub_15minaggwindfcst_202609211813,256.01666666666665,1,0
2026-09-21T23:30:00Z,2026-09-21T22:30:00Z,60,4207.0,2026-09-21T22:20:21Z,semo_pub_dailyloadfcst_202609212220,9.65,1,586.0,2026-09-21T22:20:21Z,semo_pub_dailyloadfcst_202609212220,9.65,1,3621.0,2026-09-21T22:20:21Z,semo_pub_dailyloadfcst_202609212220,9.65,1,,,,,0,,,,,0,,,,,0,,,,,0,,,,,0,,,,,0,,,,,0,1381.052,2026-09-21T18:13:59Z,semo_pub_15minaggwindfcst_202609211813,256.01666666666665,1,0
2026-09-21T23:30:00Z,2026-09-21T23:00:00Z,30,4207.0,2026-09-21T22:50:06Z,semo_pub_dailyloadfcst_202609212250,9.9,1,586.0,2026-09-21T22:50:06Z,semo_pub_dailyloadfcst_202609212250,9.9,1,3621.0,2026-09-21T22:50:06Z,semo_pub_dailyloadfcst_202609212250,9.9,1,,,,,0,,,,,0,,,,,0,,,,,0,,,,,0,,,,,0,,,,,0,1381.052,2026-09-21T18:13:59Z,semo_pub_15minaggwindfcst_202609211813,286.01666666666665,1,0
2026-09-22T00:00:00Z,2026-09-21T23:00:00Z,60,4080.0,2026-09-21T22:50:06Z,semo_pub_dailyloadfcst_202609212250,9.9,1,566.0,2026-09-21T22:50:06Z,semo_pub_dailyloadfcst_202609212250,9.9,1,3514.0,2026-09-21T22:50:06Z,semo_pub_dailyloadfcst_202609212250,9.9,1,500.0,2026-09-21T06:00:11Z,semo_pub_dailyintconntc_202609210600,1019.8166666666667,1,530.0,2026-09-21T06:00:11Z,semo_pub_dailyintconntc_202609210600,1019.8166666666667,1,513.0,2026-09-21T06:00:11Z,semo_pub_dailyintconntc_202609210600,1019.8166666666667,1,500.0,2026-09-21T06:00:11Z,semo_pub_dailyintconntc_202609210600,1019.8166666666667,1,500.0,2026-09-21T06:00:11Z,semo_pub_dailyintconntc_202609210600,1019.8166666666667,1,504.0,2026-09-21T06:00:11Z,semo_pub_dailyintconntc_202609210600,1019.8166666666667,1,,,,,0,1397.268,2026-09-21T18:13:59Z,semo_pub_15minaggwindfcst_202609211813,286.01666666666665,1,0
2026-09-22T00:00:00Z,2026-09-21T23:30:00Z,30,4080.0,2026-09-21T23:20:11Z,semo_pub_dailyloadfcst_202609212320,9.816666666666666,1,566.0,2026-09-21T23:20:11Z,semo_pub_dailyloadfcst_202609212320,9.816666666666666,1,3514.0,2026-09-21T23:20:11Z,semo_pub_dailyloadfcst_202609212320,9.816666666666666,1,500.0,2026-09-21T06:00:11Z,semo_pub_dailyintconntc_202609210600,1049.8166666666666,1,530.0,2026-09-21T06:00:11Z,semo_pub_dailyintconntc_202609210600,1049.8166666666666,1,513.0,2026-09-21T06:00:11Z,semo_pub_dailyintconntc_202609210600,1049.8166666666666,1,500.0,2026-09-21T06:00:11Z,semo_pub_dailyintconntc_202609210600,1049.8166666666666,1,500.0,2026-09-21T06:00:11Z,semo_pub_dailyintconntc_202609210600,1049.8166666666666,1,504.0,2026-09-21T06:00:11Z,semo_pub_dailyintconntc_202609210600,1049.8166666666666,1,,,,,0,1397.268,2026-09-21T18:13:59Z,semo_pub_15minaggwindfcst_202609211813,316.01666666666665,1,0
2026-09-22T00:30:00Z,2026-09-21T23:30:00Z,60,4048.0,2026-09-21T23:20:11Z,semo_pub_dailyloadfcst_202609212320,9.816666666666666,1,559.0,2026-09-21T23:20:11Z,semo_pub_dailyloadfcst_202609212320,9.816666666666666,1,3489.0,2026-09-21T23:20:11Z,semo_pub_dailyloadfcst_202609212320,9.816666666666666,1,,,,,0,,,,,0,,,,,0,,,,,0,,,,,0,,,,,0,,,,,0,1397.19,2026-09-21T18:13:59Z,semo_pub_15minaggwindfcst_202609211813,316.01666666666665,1,0
2026-09-22T00:30:00Z,2026-09-22T00:00:00Z,30,4048.0,2026-09-21T23:50:11Z,semo_pub_dailyloadfcst_202609212350,9.816666666666666,1,559.0,2026-09-21T23:50:11Z,semo_pub_dailyloadfcst_202609212350,9.816666666666666,1,3489.0,2026-09-21T23:50:11Z,semo_pub_dailyloadfcst_202609212350,9.816666666666666,1,,,,,0,,,,,0,,,,,0,,,,,0,,,,,0,,,,,0,,,,,0,1397.19,2026-09-21T18:13:59Z,semo_pub_15minaggwindfcst_202609211813,346.01666666666665,1,0
2026-09-22T01:00:00Z,2026-09-22T00:00:00Z,60,4040.0,2026-09-21T23:50:11Z,semo_pub_dailyloadfcst_202609212350,9.816666666666666,1,553.0,2026-09-21T23:50:11Z,semo_pub_dailyloadfcst_202609212350,9.816666666666666,1,3487.0,2026-09-21T23:50:11Z,semo_pub_dailyloadfcst_202609212350,9.816666666666666,1,500.0,2026-09-21T06:00:11Z,semo_pub_dailyintconntc_202609210600,1079.8166666666666,1,530.0,2026-09-21T06:00:11Z,semo_pub_dailyintconntc_202609210600,1079.8166666666666,1,513.0,2026-09-21T06:00:11Z,semo_pub_dailyintconntc_202609210600,1079.8166666666666,1,500.0,2026-09-21T06:00:11Z,semo_pub_dailyintconntc_202609210600,1079.8166666666666,1,500.0,2026-09-21T06:00:11Z,semo_pub_dailyintconntc_202609210600,1079.8166666666666,1,504.0,2026-09-21T06:00:11Z,semo_pub_dailyintconntc_202609210600,1079.8166666666666,1,,,,,0,1397.118,2026-09-21T18:13:59Z,semo_pub_15minaggwindfcst_202609211813,346.01666666666665,1,0
2026-09-22T01:00:00Z,2026-09-22T00:30:00Z,30,4040.0,2026-09-22T00:20:11Z,semo_pub_dailyloadfcst_202609220020,9.816666666666666,1,553.0,2026-09-22T00:20:11Z,semo_pub_dailyloadfcst_202609220020,9.816666666666666,1,3487.0,2026-09-22T00:20:11Z,semo_pub_dailyloadfcst_202609220020,9.816666666666666,1,500.0,2026-09-21T06:00:11Z,semo_pub_dailyintconntc_202609210600,1109.8166666666666,1,530.0,2026-09-21T06:00:11Z,semo_pub_dailyintconntc_202609210600,1109.8166666666666,1,513.0,2026-09-21T06:00:11Z,semo_pub_dailyintconntc_202609210600,1109.8166666666666,1,500.0,2026-09-21T06:00:11Z,semo_pub_dailyintconntc_202609210600,1109.8166666666666,1,500.0,2026-09-21T06:00:11Z,semo_pub_dailyintconntc_202609210600,1109.8166666666666,1,504.0,2026-09-21T06:00:11Z,semo_pub_dailyintconntc_202609210600,1109.8166666666666,1,,,,,0,1273.274,2026-09-22T00:14:08Z,semo_pub_15minaggwindfcst_202609220014,15.866666666666667,1,0
2026-09-22T01:30:00Z,2026-09-22T00:30:00Z,60,4185.0,2026-09-22T00:20:11Z,semo_pub_dailyloadfcst_202609220020,9.816666666666666,1,580.0,2026-09-22T00:20:11Z,semo_pub_dailyloadfcst_202609220020,9.816666666666666,1,3605.0,2026-09-22T00:20:11Z,semo_pub_dailyloadfcst_202609220020,9.816666666666666,1,,,,,0,,,,,0,,,,,0,,,,,0,,,,,0,,,,,0,,,,,0,1248.374,2026-09-22T00:14:08Z,semo_pub_15minaggwindfcst_202609220014,15.866666666666667,1,0
2026-09-22T01:30:00Z,2026-09-22T01:00:00Z,30,4185.0,2026-09-22T00:50:10Z,semo_pub_dailyloadfcst_202609220050,9.833333333333334,1,580.0,2026-09-22T00:50:10Z,semo_pub_dailyloadfcst_202609220050,9.833333333333334,1,3605.0,2026-09-22T00:50:10Z,semo_pub_dailyloadfcst_202609220050,9.833333333333334,1,,,,,0,,,,,0,,,,,0,,,,,0,,,,,0,,,,,0,,,,,0,1248.374,2026-09-22T00:14:08Z,semo_pub_15minaggwindfcst_202609220014,45.86666666666667,1,0
2026-09-22T02:00:00Z,2026-09-22T01:00:00Z,60,4102.0,2026-09-22T00:50:10Z,semo_pub_dailyloadfcst_202609220050,9.833333333333334,1,565.0,2026-09-22T00:50:10Z,semo_pub_dailyloadfcst_202609220050,9.833333333333334,1,3537.0,2026-09-22T00:50:10Z,semo_pub_dailyloadfcst_202609220050,9.833333333333334,1,500.0,2026-09-21T06:00:11Z,semo_pub_dailyintconntc_202609210600,1139.8166666666666,1,530.0,2026-09-21T06:00:11Z,semo_pub_dailyintconntc_202609210600,1139.8166666666666,1,513.0,2026-09-21T06:00:11Z,semo_pub_dailyintconntc_202609210600,1139.8166666666666,1,500.0,2026-09-21T06:00:11Z,semo_pub_dailyintconntc_202609210600,1139.8166666666666,1,500.0,2026-09-21T06:00:11Z,semo_pub_dailyintconntc_202609210600,1139.8166666666666,1,504.0,2026-09-21T06:00:11Z,semo_pub_dailyintconntc_202609210600,1139.8166666666666,1,,,,,0,1223.487,2026-09-22T00:14:08Z,semo_pub_15minaggwindfcst_202609220014,45.86666666666667,1,0
2026-09-22T02:00:00Z,2026-09-22T01:30:00Z,30,4102.0,2026-09-22T01:20:11Z,semo_pub_dailyloadfcst_202609220120,9.816666666666666,1,565.0,2026-09-22T01:20:11Z,semo_pub_dailyloadfcst_202609220120,9.816666666666666,1,3537.0,2026-09-22T01:20:11Z,semo_pub_dailyloadfcst_202609220120,9.816666666666666,1,500.0,2026-09-21T06:00:11Z,semo_pub_dailyintconntc_202609210600,1169.8166666666666,1,530.0,2026-09-21T06:00:11Z,semo_pub_dailyintconntc_202609210600,1169.8166666666666,1,513.0,2026-09-21T06:00:11Z,semo_pub_dailyintconntc_202609210600,1169.8166666666666,1,500.0,2026-09-21T06:00:11Z,semo_pub_dailyintconntc_202609210600,1169.8166666666666,1,500.0,2026-09-21T06:00:11Z,semo_pub_dailyintconntc_202609210600,1169.8166666666666,1,504.0,2026-09-21T06:00:11Z,semo_pub_dailyintconntc_202609210600,1169.8166666666666,1,,,,,0,1223.487,2026-09-22T00:14:08Z,semo_pub_15minaggwindfcst_202609220014,75.86666666666666,1,0
2026-09-22T02:30:00Z,2026-09-22T01:30:00Z,60,4049.0,2026-09-22T01:20:11Z,semo_pub_dailyloadfcst_202609220120,9.816666666666666,1,562.0,2026-09-22T01:20:11Z,semo_pub_dailyloadfcst_202609220120,9.816666666666666,1,3487.0,2026-09-22T01:20:11Z,semo_pub_dailyloadfcst_202609220120,9.816666666666666,1,,,,,0,,,,,0,,,,,0,,,,,0,,,,,0,,,,,0,,,,,0,1189.071,2026-09-22T00:14:08Z,semo_pub_15minaggwindfcst_202609220014,75.86666666666666,1,0
2026-09-22T02:30:00Z,2026-09-22T02:00:00Z,30,4049.0,2026-09-22T01:50:11Z,semo_pub_dailyloadfcst_202609220150,9.816666666666666,1,562.0,2026-09-22T01:50:11Z,semo_pub_dailyloadfcst_202609220150,9.816666666666666,1,3487.0,2026-09-22T01:50:11Z,semo_pub_dailyloadfcst_202609220150,9.816666666666666,1,,,,,0,,,,,0,,,,,0,,,,,0,,,,,0,,,,,0,,,,,0,1189.071,2026-09-22T00:14:08Z,semo_pub_15minaggwindfcst_202609220014,105.86666666666666,1,0
2026-09-22T03:00:00Z,2026-09-22T02:00:00Z,60,3988.0,2026-09-22T01:50:11Z,semo_pub_dailyloadfcst_202609220150,9.816666666666666,1,553.0,2026-09-22T01:50:11Z,semo_pub_dailyloadfcst_202609220150,9.816666666666666,1,3435.0,2026-09-22T01:50:11Z,semo_pub_dailyloadfcst_202609220150,9.816666666666666,1,500.0,2026-09-21T06:00:11Z,semo_pub_dailyintconntc_202609210600,1199.8166666666666,1,530.0,2026-09-21T06:00:11Z,semo_pub_dailyintconntc_202609210600,1199.8166666666666,1,513.0,2026-09-21T06:00:11Z,semo_pub_dailyintconntc_202609210600,1199.8166666666666,1,500.0,2026-09-21T06:00:11Z,semo_pub_dailyintconntc_202609210600,1199.8166666666666,1,500.0,2026-09-21T06:00:11Z,semo_pub_dailyintconntc_202609210600,1199.8166666666666,1,504.0,2026-09-21T06:00:11Z,semo_pub_dailyintconntc_202609210600,1199.8166666666666,1,,,,,0,1154.655,2026-09-22T00:14:08Z,semo_pub_15minaggwindfcst_202609220014,105.86666666666666,1,0
2026-09-22T03:00:00Z,2026-09-22T02:30:00Z,30,4030.0,2026-09-22T02:20:15Z,semo_pub_dailyloadfcst_202609220220,9.75,1,595.0,2026-09-22T02:20:15Z,semo_pub_dailyloadfcst_202609220220,9.75,1,3435.0,2026-09-22T02:20:15Z,semo_pub_dailyloadfcst_202609220220,9.75,1,500.0,2026-09-21T06:00:11Z,semo_pub_dailyintconntc_202609210600,1229.8166666666666,1,530.0,2026-09-21T06:00:11Z,semo_pub_dailyintconntc_202609210600,1229.8166666666666,1,513.0,2026-09-21T06:00:11Z,semo_pub_dailyintconntc_202609210600,1229.8166666666666,1,500.0,2026-09-21T06:00:11Z,semo_pub_dailyintconntc_202609210600,1229.8166666666666,1,500.0,2026-09-21T06:00:11Z,semo_pub_dailyintconntc_202609210600,1229.8166666666666,1,504.0,2026-09-21T06:00:11Z,semo_pub_dailyintconntc_202609210600,1229.8166666666666,1,,,,,0,1154.655,2026-09-22T00:14:08Z,semo_pub_15minaggwindfcst_202609220014,135.86666666666667,1,0
2026-09-22T03:30:00Z,2026-09-22T02:30:00Z,60,3975.0,2026-09-22T02:20:15Z,semo_pub_dailyloadfcst_202609220220,9.75,1,596.0,2026-09-22T02:20:15Z,semo_pub_dailyloadfcst_202609220220,9.75,1,3379.0,2026-09-22T02:20:15Z,semo_pub_dailyloadfcst_202609220220,9.75,1,,,,,0,,,,,0,,,,,0,,,,,0,,,,,0,,,,,0,,,,,0,1131.277,2026-09-22T00:14:08Z,semo_pub_15minaggwindfcst_202609220014,135.86666666666667,1,0
2026-09-22T03:30:00Z,2026-09-22T03:00:00Z,30,3975.0,2026-09-22T02:50:15Z,semo_pub_dailyloadfcst_202609220250,9.75,1,596.0,2026-09-22T02:50:15Z,semo_pub_dailyloadfcst_202609220250,9.75,1,3379.0,2026-09-22T02:50:15Z,semo_pub_dailyloadfcst_202609220250,9.75,1,,,,,0,,,,,0,,,,,0,,,,,0,,,,,0,,,,,0,,,,,0,1131.277,2026-09-22T00:14:08Z,semo_pub_15minaggwindfcst_202609220014,165.86666666666667,1,0
2026-09-22T04:00:00Z,2026-09-22T03:00:00Z,60,4019.0,2026-09-22T02:50:15Z,semo_pub_dailyloadfcst_202609220250,9.75,1,612.0,2026-09-22T02:50:15Z,semo_pub_dailyloadfcst_202609220250,9.75,1,3407.0,2026-09-22T02:50:15Z,semo_pub_dailyloadfcst_202609220250,9.75,1,500.0,2026-09-21T06:00:11Z,semo_pub_dailyintconntc_202609210600,1259.8166666666666,1,530.0,2026-09-21T06:00:11Z,semo_pub_dailyintconntc_202609210600,1259.8166666666666,1,513.0,2026-09-21T06:00:11Z,semo_pub_dailyintconntc_202609210600,1259.8166666666666,1,500.0,2026-09-21T06:00:11Z,semo_pub_dailyintconntc_202609210600,1259.8166666666666,1,500.0,2026-09-21T06:00:11Z,semo_pub_dailyintconntc_202609210600,1259.8166666666666,1,504.0,2026-09-21T06:00:11Z,semo_pub_dailyintconntc_202609210600,1259.8166666666666,1,,,,,0,1107.886,2026-09-22T00:14:08Z,semo_pub_15minaggwindfcst_202609220014,165.86666666666667,1,0
2026-09-22T04:00:00Z,2026-09-22T03:30:00Z,30,4019.0,2026-09-22T03:20:21Z,semo_pub_dailyloadfcst_202609220320,9.65,1,612.0,2026-09-22T03:20:21Z,semo_pub_dailyloadfcst_202609220320,9.65,1,3407.0,2026-09-22T03:20:21Z,semo_pub_dailyloadfcst_202609220320,9.65,1,500.0,2026-09-21T06:00:11Z,semo_pub_dailyintconntc_202609210600,1289.8166666666666,1,530.0,2026-09-21T06:00:11Z,semo_pub_dailyintconntc_202609210600,1289.8166666666666,1,513.0,2026-09-21T06:00:11Z,semo_pub_dailyintconntc_202609210600,1289.8166666666666,1,500.0,2026-09-21T06:00:11Z,semo_pub_dailyintconntc_202609210600,1289.8166666666666,1,500.0,2026-09-21T06:00:11Z,semo_pub_dailyintconntc_202609210600,1289.8166666666666,1,504.0,2026-09-21T06:00:11Z,semo_pub_dailyintconntc_202609210600,1289.8166666666666,1,,,,,0,1107.886,2026-09-22T00:14:08Z,semo_pub_15minaggwindfcst_202609220014,195.86666666666667,1,0
2026-09-22T04:30:00Z,2026-09-22T03:30:00Z,60,4100.0,2026-09-22T03:20:21Z,semo_pub_dailyloadfcst_202609220320,9.65,1,639.0,2026-09-22T03:20:21Z,semo_pub_dailyloadfcst_202609220320,9.65,1,3461.0,2026-09-22T03:20:21Z,semo_pub_dailyloadfcst_202609220320,9.65,1,,,,,0,,,,,0,,,,,0,,,,,0,,,,,0,,,,,0,,,,,0,1083.323,2026-09-22T00:14:08Z,semo_pub_15minaggwindfcst_202609220014,195.86666666666667,1,0
2026-09-22T04:30:00Z,2026-09-22T04:00:00Z,30,4100.0,2026-09-22T03:50:16Z,semo_pub_dailyloadfcst_202609220350,9.733333333333333,1,639.0,2026-09-22T03:50:16Z,semo_pub_dailyloadfcst_202609220350,9.733333333333333,1,3461.0,2026-09-22T03:50:16Z,semo_pub_dailyloadfcst_202609220350,9.733333333333333,1,,,,,0,,,,,0,,,,,0,,,,,0,,,,,0,,,,,0,,,,,0,1083.323,2026-09-22T00:14:08Z,semo_pub_15minaggwindfcst_202609220014,225.86666666666667,1,0
2026-09-22T05:00:00Z,2026-09-22T04:00:00Z,60,4260.0,2026-09-22T03:50:16Z,semo_pub_dailyloadfcst_202609220350,9.733333333333333,1,690.0,2026-09-22T03:50:16Z,semo_pub_dailyloadfcst_202609220350,9.733333333333333,1,3570.0,2026-09-22T03:50:16Z,semo_pub_dailyloadfcst_202609220350,9.733333333333333,1,500.0,2026-09-21T06:00:11Z,semo_pub_dailyintconntc_202609210600,1319.8166666666666,1,530.0,2026-09-21T06:00:11Z,semo_pub_dailyintconntc_202609210600,1319.8166666666666,1,513.0,2026-09-21T06:00:11Z,semo_pub_dailyintconntc_202609210600,1319.8166666666666,1,500.0,2026-09-21T06:00:11Z,semo_pub_dailyintconntc_202609210600,1319.8166666666666,1,500.0,2026-09-21T06:00:11Z,semo_pub_dailyintconntc_202609210600,1319.8166666666666,1,504.0,2026-09-21T06:00:11Z,semo_pub_dailyintconntc_202609210600,1319.8166666666666,1,,,,,0,1058.786,2026-09-22T00:14:08Z,semo_pub_15minaggwindfcst_202609220014,225.86666666666667,1,0
2026-09-22T05:00:00Z,2026-09-22T04:30:00Z,30,4260.0,2026-09-22T04:20:11Z,semo_pub_dailyloadfcst_202609220420,9.816666666666666,1,690.0,2026-09-22T04:20:11Z,semo_pub_dailyloadfcst_202609220420,9.816666666666666,1,3570.0,2026-09-22T04:20:11Z,semo_pub_dailyloadfcst_202609220420,9.816666666666666,1,500.0,2026-09-21T06:00:11Z,semo_pub_dailyintconntc_202609210600,1349.8166666666666,1,530.0,2026-09-21T06:00:11Z,semo_pub_dailyintconntc_202609210600,1349.8166666666666,1,513.0,2026-09-21T06:00:11Z,semo_pub_dailyintconntc_202609210600,1349.8166666666666,1,500.0,2026-09-21T06:00:11Z,semo_pub_dailyintconntc_202609210600,1349.8166666666666,1,500.0,2026-09-21T06:00:11Z,semo_pub_dailyintconntc_202609210600,1349.8166666666666,1,504.0,2026-09-21T06:00:11Z,semo_pub_dailyintconntc_202609210600,1349.8166666666666,1,,,,,0,1058.786,2026-09-22T00:14:08Z,semo_pub_15minaggwindfcst_202609220014,255.86666666666667,1,0
2026-09-22T05:30:00Z,2026-09-22T04:30:00Z,60,4519.0,2026-09-22T04:20:11Z,semo_pub_dailyloadfcst_202609220420,9.816666666666666,1,769.0,2026-09-22T04:20:11Z,semo_pub_dailyloadfcst_202609220420,9.816666666666666,1,3750.0,2026-09-22T04:20:11Z,semo_pub_dailyloadfcst_202609220420,9.816666666666666,1,,,,,0,,,,,0,,,,,0,,,,,0,,,,,0,,,,,0,,,,,0,1037.067,2026-09-22T00:14:08Z,semo_pub_15minaggwindfcst_202609220014,255.86666666666667,1,0
2026-09-22T05:30:00Z,2026-09-22T05:00:00Z,30,4519.0,2026-09-22T04:50:21Z,semo_pub_dailyloadfcst_202609220450,9.65,1,769.0,2026-09-22T04:50:21Z,semo_pub_dailyloadfcst_202609220450,9.65,1,3750.0,2026-09-22T04:50:21Z,semo_pub_dailyloadfcst_202609220450,9.65,1,,,,,0,,,,,0,,,,,0,,,,,0,,,,,0,,,,,0,,,,,0,1037.067,2026-09-22T00:14:08Z,semo_pub_15minaggwindfcst_202609220014,285.8666666666667,1,0
2026-09-22T06:00:00Z,2026-09-22T05:00:00Z,60,4863.0,2026-09-22T04:50:21Z,semo_pub_dailyloadfcst_202609220450,9.65,1,847.0,2026-09-22T04:50:21Z,semo_pub_dailyloadfcst_202609220450,9.65,1,4016.0,2026-09-22T04:50:21Z,semo_pub_dailyloadfcst_202609220450,9.65,1,500.0,2026-09-21T06:00:11Z,semo_pub_dailyintconntc_202609210600,1379.8166666666666,1,530.0,2026-09-21T06:00:11Z,semo_pub_dailyintconntc_202609210600,1379.8166666666666,1,513.0,2026-09-21T06:00:11Z,semo_pub_dailyintconntc_202609210600,1379.8166666666666,1,500.0,2026-09-21T06:00:11Z,semo_pub_dailyintconntc_202609210600,1379.8166666666666,1,500.0,2026-09-21T06:00:11Z,semo_pub_dailyintconntc_202609210600,1379.8166666666666,1,504.0,2026-09-21T06:00:11Z,semo_pub_dailyintconntc_202609210600,1379.8166666666666,1,,,,,0,1015.359,2026-09-22T00:14:08Z,semo_pub_15minaggwindfcst_202609220014,285.8666666666667,1,0
2026-09-22T06:00:00Z,2026-09-22T05:30:00Z,30,4863.0,2026-09-22T05:20:15Z,semo_pub_dailyloadfcst_202609220520,9.75,1,847.0,2026-09-22T05:20:15Z,semo_pub_dailyloadfcst_202609220520,9.75,1,4016.0,2026-09-22T05:20:15Z,semo_pub_dailyloadfcst_202609220520,9.75,1,500.0,2026-09-21T06:00:11Z,semo_pub_dailyintconntc_202609210600,1409.8166666666666,1,530.0,2026-09-21T06:00:11Z,semo_pub_dailyintconntc_202609210600,1409.8166666666666,1,513.0,2026-09-21T06:00:11Z,semo_pub_dailyintconntc_202609210600,1409.8166666666666,1,500.0,2026-09-21T06:00:11Z,semo_pub_dailyintconntc_202609210600,1409.8166666666666,1,500.0,2026-09-21T06:00:11Z,semo_pub_dailyintconntc_202609210600,1409.8166666666666,1,504.0,2026-09-21T06:00:11Z,semo_pub_dailyintconntc_202609210600,1409.8166666666666,1,,,,,0,1015.359,2026-09-22T00:14:08Z,semo_pub_15minaggwindfcst_202609220014,315.8666666666667,1,0
2026-09-22T06:30:00Z,2026-09-22T05:30:00Z,60,5223.0,2026-09-22T05:20:15Z,semo_pub_dailyloadfcst_202609220520,9.75,1,940.0,2026-09-22T05:20:15Z,semo_pub_dailyloadfcst_202609220520,9.75,1,4283.0,2026-09-22T05:20:15Z,semo_pub_dailyloadfcst_202609220520,9.75,1,,,,,0,,,,,0,,,,,0,,,,,0,,,,,0,,,,,0,,,,,0,996.37,2026-09-22T00:14:08Z,semo_pub_15minaggwindfcst_202609220014,315.8666666666667,1,0
2026-09-22T06:30:00Z,2026-09-22T06:00:00Z,30,5223.0,2026-09-22T05:50:21Z,semo_pub_dailyloadfcst_202609220550,9.65,1,940.0,2026-09-22T05:50:21Z,semo_pub_dailyloadfcst_202609220550,9.65,1,4283.0,2026-09-22T05:50:21Z,semo_pub_dailyloadfcst_202609220550,9.65,1,,,,,0,,,,,0,,,,,0,,,,,0,,,,,0,,,,,0,,,,,0,996.37,2026-09-22T00:14:08Z,semo_pub_15minaggwindfcst_202609220014,345.8666666666667,1,0
2026-09-22T07:00:00Z,2026-09-22T06:00:00Z,60,5392.0,2026-09-22T05:50:21Z,semo_pub_dailyloadfcst_202609220550,9.65,1,985.0,2026-09-22T05:50:21Z,semo_pub_dailyloadfcst_202609220550,9.65,1,4407.0,2026-09-22T05:50:21Z,semo_pub_dailyloadfcst_202609220550,9.65,1,500.0,2026-09-21T06:00:11Z,semo_pub_dailyintconntc_202609210600,1439.8166666666666,1,530.0,2026-09-21T06:00:11Z,semo_pub_dailyintconntc_202609210600,1439.8166666666666,1,513.0,2026-09-21T06:00:11Z,semo_pub_dailyintconntc_202609210600,1439.8166666666666,1,500.0,2026-09-21T06:00:11Z,semo_pub_dailyintconntc_202609210600,1439.8166666666666,1,500.0,2026-09-21T06:00:11Z,semo_pub_dailyintconntc_202609210600,1439.8166666666666,1,504.0,2026-09-21T06:00:11Z,semo_pub_dailyintconntc_202609210600,1439.8166666666666,1,,,,,0,977.366,2026-09-22T00:14:08Z,semo_pub_15minaggwindfcst_202609220014,345.8666666666667,1,0
2026-09-22T07:00:00Z,2026-09-22T06:30:00Z,30,5392.0,2026-09-22T06:20:10Z,semo_pub_dailyloadfcst_202609220620,9.833333333333334,1,985.0,2026-09-22T06:20:10Z,semo_pub_dailyloadfcst_202609220620,9.833333333333334,1,4407.0,2026-09-22T06:20:10Z,semo_pub_dailyloadfcst_202609220620,9.833333333333334,1,500.0,2026-09-22T06:00:11Z,semo_pub_dailyintconntc_202609220600,29.816666666666666,1,530.0,2026-09-22T06:00:11Z,semo_pub_dailyintconntc_202609220600,29.816666666666666,1,513.0,2026-09-22T06:00:11Z,semo_pub_dailyintconntc_202609220600,29.816666666666666,1,500.0,2026-09-22T06:00:11Z,semo_pub_dailyintconntc_202609220600,29.816666666666666,1,500.0,2026-09-22T06:00:11Z,semo_pub_dailyintconntc_202609220600,29.816666666666666,1,504.0,2026-09-22T06:00:11Z,semo_pub_dailyintconntc_202609220600,29.816666666666666,1,,,,,0,791.378,2026-09-22T06:14:28Z,semo_pub_15minaggwindfcst_202609220614,15.533333333333333,1,0
2026-09-22T07:30:00Z,2026-09-22T06:30:00Z,60,5444.0,2026-09-22T06:20:10Z,semo_pub_dailyloadfcst_202609220620,9.833333333333334,1,998.0,2026-09-22T06:20:10Z,semo_pub_dailyloadfcst_202609220620,9.833333333333334,1,4446.0,2026-09-22T06:20:10Z,semo_pub_dailyloadfcst_202609220620,9.833333333333334,1,,,,,0,,,,,0,,,,,0,,,,,0,,,,,0,,,,,0,,,,,0,827.345,2026-09-22T06:14:28Z,semo_pub_15minaggwindfcst_202609220614,15.533333333333333,1,0
2026-09-22T07:30:00Z,2026-09-22T07:00:00Z,30,5444.0,2026-09-22T06:50:10Z,semo_pub_dailyloadfcst_202609220650,9.833333333333334,1,998.0,2026-09-22T06:50:10Z,semo_pub_dailyloadfcst_202609220650,9.833333333333334,1,4446.0,2026-09-22T06:50:10Z,semo_pub_dailyloadfcst_202609220650,9.833333333333334,1,,,,,0,,,,,0,,,,,0,,,,,0,,,,,0,,,,,0,,,,,0,827.345,2026-09-22T06:14:28Z,semo_pub_15minaggwindfcst_202609220614,45.53333333333333,1,0
2026-09-22T08:00:00Z,2026-09-22T07:00:00Z,60,5431.0,2026-09-22T06:50:10Z,semo_pub_dailyloadfcst_202609220650,9.833333333333334,1,1001.0,2026-09-22T06:50:10Z,semo_pub_dailyloadfcst_202609220650,9.833333333333334,1,4430.0,2026-09-22T06:50:10Z,semo_pub_dailyloadfcst_202609220650,9.833333333333334,1,500.0,2026-09-22T06:00:11Z,semo_pub_dailyintconntc_202609220600,59.81666666666667,1,530.0,2026-09-22T06:00:11Z,semo_pub_dailyintconntc_202609220600,59.81666666666667,1,513.0,2026-09-22T06:00:11Z,semo_pub_dailyintconntc_202609220600,59.81666666666667,1,500.0,2026-09-22T06:00:11Z,semo_pub_dailyintconntc_202609220600,59.81666666666667,1,500.0,2026-09-22T06:00:11Z,semo_pub_dailyintconntc_202609220600,59.81666666666667,1,504.0,2026-09-22T06:00:11Z,semo_pub_dailyintconntc_202609220600,59.81666666666667,1,,,,,0,863.301,2026-09-22T06:14:28Z,semo_pub_15minaggwindfcst_202609220614,45.53333333333333,1,0
2026-09-22T08:00:00Z,2026-09-22T07:30:00Z,30,5431.0,2026-09-22T07:20:10Z,semo_pub_dailyloadfcst_202609220720,9.833333333333334,1,1001.0,2026-09-22T07:20:10Z,semo_pub_dailyloadfcst_202609220720,9.833333333333334,1,4430.0,2026-09-22T07:20:10Z,semo_pub_dailyloadfcst_202609220720,9.833333333333334,1,500.0,2026-09-22T06:00:11Z,semo_pub_dailyintconntc_202609220600,89.81666666666666,1,530.0,2026-09-22T06:00:11Z,semo_pub_dailyintconntc_202609220600,89.81666666666666,1,513.0,2026-09-22T06:00:11Z,semo_pub_dailyintconntc_202609220600,89.81666666666666,1,500.0,2026-09-22T06:00:11Z,semo_pub_dailyintconntc_202609220600,89.81666666666666,1,500.0,2026-09-22T06:00:11Z,semo_pub_dailyintconntc_202609220600,89.81666666666666,1,504.0,2026-09-22T06:00:11Z,semo_pub_dailyintconntc_202609220600,89.81666666666666,1,,,,,0,863.301,2026-09-22T06:14:28Z,semo_pub_15minaggwindfcst_202609220614,75.53333333333333,1,0
2026-09-22T08:30:00Z,2026-09-22T07:30:00Z,60,5421.0,2026-09-22T07:20:10Z,semo_pub_dailyloadfcst_202609220720,9.833333333333334,1,997.0,2026-09-22T07:20:10Z,semo_pub_dailyloadfcst_202609220720,9.833333333333334,1,4424.0,2026-09-22T07:20:10Z,semo_pub_dailyloadfcst_202609220720,9.833333333333334,1,,,,,0,,,,,0,,,,,0,,,,,0,,,,,0,,,,,0,,,,,0,961.815,2026-09-22T06:14:28Z,semo_pub_15minaggwindfcst_202609220614,75.53333333333333,1,0
2026-09-22T08:30:00Z,2026-09-22T08:00:00Z,30,5421.0,2026-09-22T07:50:10Z,semo_pub_dailyloadfcst_202609220750,9.833333333333334,1,997.0,2026-09-22T07:50:10Z,semo_pub_dailyloadfcst_202609220750,9.833333333333334,1,4424.0,2026-09-22T07:50:10Z,semo_pub_dailyloadfcst_202609220750,9.833333333333334,1,,,,,0,,,,,0,,,,,0,,,,,0,,,,,0,,,,,0,,,,,0,961.815,2026-09-22T06:14:28Z,semo_pub_15minaggwindfcst_202609220614,105.53333333333333,1,0
2026-09-22T09:00:00Z,2026-09-22T08:00:00Z,60,5315.0,2026-09-22T07:50:10Z,semo_pub_dailyloadfcst_202609220750,9.833333333333334,1,974.0,2026-09-22T07:50:10Z,semo_pub_dailyloadfcst_202609220750,9.833333333333334,1,4341.0,2026-09-22T07:50:10Z,semo_pub_dailyloadfcst_202609220750,9.833333333333334,1,500.0,2026-09-22T06:00:11Z,semo_pub_dailyintconntc_202609220600,119.81666666666666,1,530.0,2026-09-22T06:00:11Z,semo_pub_dailyintconntc_202609220600,119.81666666666666,1,513.0,2026-09-22T06:00:11Z,semo_pub_dailyintconntc_202609220600,119.81666666666666,1,500.0,2026-09-22T06:00:11Z,semo_pub_dailyintconntc_202609220600,119.81666666666666,1,500.0,2026-09-22T06:00:11Z,semo_pub_dailyintconntc_202609220600,119.81666666666666,1,504.0,2026-09-22T06:00:11Z,semo_pub_dailyintconntc_202609220600,119.81666666666666,1,,,,,0,1060.319,2026-09-22T06:14:28Z,semo_pub_15minaggwindfcst_202609220614,105.53333333333333,1,0
2026-09-22T09:00:00Z,2026-09-22T08:30:00Z,30,5315.0,2026-09-22T08:20:11Z,semo_pub_dailyloadfcst_202609220820,9.816666666666666,1,974.0,2026-09-22T08:20:11Z,semo_pub_dailyloadfcst_202609220820,9.816666666666666,1,4341.0,2026-09-22T08:20:11Z,semo_pub_dailyloadfcst_202609220820,9.816666666666666,1,500.0,2026-09-22T06:00:11Z,semo_pub_dailyintconntc_202609220600,149.81666666666666,1,530.0,2026-09-22T06:00:11Z,semo_pub_dailyintconntc_202609220600,149.81666666666666,1,513.0,2026-09-22T06:00:11Z,semo_pub_dailyintconntc_202609220600,149.81666666666666,1,500.0,2026-09-22T06:00:11Z,semo_pub_dailyintconntc_202609220600,149.81666666666666,1,500.0,2026-09-22T06:00:11Z,semo_pub_dailyintconntc_202609220600,149.81666666666666,1,504.0,2026-09-22T06:00:11Z,semo_pub_dailyintconntc_202609220600,149.81666666666666,1,,,,,0,1060.319,2026-09-22T06:14:28Z,semo_pub_15minaggwindfcst_202609220614,135.53333333333333,1,0
2026-09-22T09:30:00Z,2026-09-22T08:30:00Z,60,5161.0,2026-09-22T08:20:11Z,semo_pub_dailyloadfcst_202609220820,9.816666666666666,1,961.0,2026-09-22T08:20:11Z,semo_pub_dailyloadfcst_202609220820,9.816666666666666,1,4200.0,2026-09-22T08:20:11Z,semo_pub_dailyloadfcst_202609220820,9.816666666666666,1,,,,,0,,,,,0,,,,,0,,,,,0,,,,,0,,,,,0,,,,,0,1175.679,2026-09-22T06:14:28Z,semo_pub_15minaggwindfcst_202609220614,135.53333333333333,1,0
2026-09-22T09:30:00Z,2026-09-22T09:00:00Z,30,5161.0,2026-09-22T08:50:11Z,semo_pub_dailyloadfcst_202609220850,9.816666666666666,1,961.0,2026-09-22T08:50:11Z,semo_pub_dailyloadfcst_202609220850,9.816666666666666,1,4200.0,2026-09-22T08:50:11Z,semo_pub_dailyloadfcst_202609220850,9.816666666666666,1,,,,,0,,,,,0,,,,,0,,,,,0,,,,,0,,,,,0,,,,,0,1175.679,2026-09-22T06:14:28Z,semo_pub_15minaggwindfcst_202609220614,165.53333333333333,1,0
2026-09-22T10:00:00Z,2026-09-22T09:00:00Z,60,5160.0,2026-09-22T08:50:11Z,semo_pub_dailyloadfcst_202609220850,9.816666666666666,1,960.0,2026-09-22T08:50:11Z,semo_pub_dailyloadfcst_202609220850,9.816666666666666,1,4200.0,2026-09-22T08:50:11Z,semo_pub_dailyloadfcst_202609220850,9.816666666666666,1,500.0,2026-09-22T06:00:11Z,semo_pub_dailyintconntc_202609220600,179.81666666666666,1,530.0,2026-09-22T06:00:11Z,semo_pub_dailyintconntc_202609220600,179.81666666666666,1,513.0,2026-09-22T06:00:11Z,semo_pub_dailyintconntc_202609220600,179.81666666666666,1,500.0,2026-09-22T06:00:11Z,semo_pub_dailyintconntc_202609220600,179.81666666666666,1,500.0,2026-09-22T06:00:11Z,semo_pub_dailyintconntc_202609220600,179.81666666666666,1,504.0,2026-09-22T06:00:11Z,semo_pub_dailyintconntc_202609220600,179.81666666666666,1,,,,,0,1291.024,2026-09-22T06:14:28Z,semo_pub_15minaggwindfcst_202609220614,165.53333333333333,1,0
2026-09-22T10:00:00Z,2026-09-22T09:30:00Z,30,5160.0,2026-09-22T09:00:16Z,semo_pub_dailyloadfcst_202609220900,29.733333333333334,1,960.0,2026-09-22T09:00:16Z,semo_pub_dailyloadfcst_202609220900,29.733333333333334,1,4200.0,2026-09-22T09:00:16Z,semo_pub_dailyloadfcst_202609220900,29.733333333333334,1,500.0,2026-09-22T06:00:11Z,semo_pub_dailyintconntc_202609220600,209.81666666666666,1,530.0,2026-09-22T06:00:11Z,semo_pub_dailyintconntc_202609220600,209.81666666666666,1,513.0,2026-09-22T06:00:11Z,semo_pub_dailyintconntc_202609220600,209.81666666666666,1,500.0,2026-09-22T06:00:11Z,semo_pub_dailyintconntc_202609220600,209.81666666666666,1,500.0,2026-09-22T06:00:11Z,semo_pub_dailyintconntc_202609220600,209.81666666666666,1,504.0,2026-09-22T06:00:11Z,semo_pub_dailyintconntc_202609220600,209.81666666666666,1,,,,,0,1291.024,2026-09-22T06:14:28Z,semo_pub_15minaggwindfcst_202609220614,195.53333333333333,1,0
2026-09-22T10:30:00Z,2026-09-22T09:30:00Z,60,5155.0,2026-09-22T09:00:16Z,semo_pub_dailyloadfcst_202609220900,29.733333333333334,1,972.0,2026-09-22T09:00:16Z,semo_pub_dailyloadfcst_202609220900,29.733333333333334,1,4183.0,2026-09-22T09:00:16Z,semo_pub_dailyloadfcst_202609220900,29.733333333333334,1,,,,,0,,,,,0,,,,,0,,,,,0,,,,,0,,,,,0,,,,,0,1325.209,2026-09-22T06:14:28Z,semo_pub_15minaggwindfcst_202609220614,195.53333333333333,1,0
2026-09-22T10:30:00Z,2026-09-22T10:00:00Z,30,5155.0,2026-09-22T09:00:16Z,semo_pub_dailyloadfcst_202609220900,59.733333333333334,1,972.0,2026-09-22T09:00:16Z,semo_pub_dailyloadfcst_202609220900,59.733333333333334,1,4183.0,2026-09-22T09:00:16Z,semo_pub_dailyloadfcst_202609220900,59.733333333333334,1,,,,,0,,,,,0,,,,,0,,,,,0,,,,,0,,,,,0,,,,,0,1325.209,2026-09-22T06:14:28Z,semo_pub_15minaggwindfcst_202609220614,225.53333333333333,1,0
2026-09-22T11:00:00Z,2026-09-22T10:00:00Z,60,5113.0,2026-09-22T09:00:16Z,semo_pub_dailyloadfcst_202609220900,59.733333333333334,1,959.0,2026-09-22T09:00:16Z,semo_pub_dailyloadfcst_202609220900,59.733333333333334,1,4154.0,2026-09-22T09:00:16Z,semo_pub_dailyloadfcst_202609220900,59.733333333333334,1,500.0,2026-09-22T06:00:11Z,semo_pub_dailyintconntc_202609220600,239.81666666666666,1,530.0,2026-09-22T06:00:11Z,semo_pub_dailyintconntc_202609220600,239.81666666666666,1,513.0,2026-09-22T06:00:11Z,semo_pub_dailyintconntc_202609220600,239.81666666666666,1,500.0,2026-09-22T06:00:11Z,semo_pub_dailyintconntc_202609220600,239.81666666666666,1,500.0,2026-09-22T06:00:11Z,semo_pub_dailyintconntc_202609220600,239.81666666666666,1,504.0,2026-09-22T06:00:11Z,semo_pub_dailyintconntc_202609220600,239.81666666666666,1,,,,,0,1359.39,2026-09-22T06:14:28Z,semo_pub_15minaggwindfcst_202609220614,225.53333333333333,1,0
2026-09-22T11:00:00Z,2026-09-22T10:30:00Z,30,5113.0,2026-09-22T09:00:16Z,semo_pub_dailyloadfcst_202609220900,89.73333333333333,1,959.0,2026-09-22T09:00:16Z,semo_pub_dailyloadfcst_202609220900,89.73333333333333,1,4154.0,2026-09-22T09:00:16Z,semo_pub_dailyloadfcst_202609220900,89.73333333333333,1,500.0,2026-09-22T06:00:11Z,semo_pub_dailyintconntc_202609220600,269.81666666666666,1,530.0,2026-09-22T06:00:11Z,semo_pub_dailyintconntc_202609220600,269.81666666666666,1,513.0,2026-09-22T06:00:11Z,semo_pub_dailyintconntc_202609220600,269.81666666666666,1,500.0,2026-09-22T06:00:11Z,semo_pub_dailyintconntc_202609220600,269.81666666666666,1,500.0,2026-09-22T06:00:11Z,semo_pub_dailyintconntc_202609220600,269.81666666666666,1,504.0,2026-09-22T06:00:11Z,semo_pub_dailyintconntc_202609220600,269.81666666666666,1,,,,,0,1359.39,2026-09-22T06:14:28Z,semo_pub_15minaggwindfcst_202609220614,255.53333333333333,1,0
2026-09-22T11:30:00Z,2026-09-22T10:30:00Z,60,5106.0,2026-09-22T09:00:16Z,semo_pub_dailyloadfcst_202609220900,89.73333333333333,1,968.0,2026-09-22T09:00:16Z,semo_pub_dailyloadfcst_202609220900,89.73333333333333,1,4138.0,2026-09-22T09:00:16Z,semo_pub_dailyloadfcst_202609220900,89.73333333333333,1,,,,,0,,,,,0,,,,,0,,,,,0,,,,,0,,,,,0,,,,,0,1349.613,2026-09-22T06:14:28Z,semo_pub_15minaggwindfcst_202609220614,255.53333333333333,1,0
2026-09-22T11:30:00Z,2026-09-22T11:00:00Z,30,5106.0,2026-09-22T09:00:16Z,semo_pub_dailyloadfcst_202609220900,119.73333333333333,1,968.0,2026-09-22T09:00:16Z,semo_pub_dailyloadfcst_202609220900,119.73333333333333,1,4138.0,2026-09-22T09:00:16Z,semo_pub_dailyloadfcst_202609220900,119.73333333333333,1,,,,,0,,,,,0,,,,,0,,,,,0,,,,,0,,,,,0,,,,,0,1349.613,2026-09-22T06:14:28Z,semo_pub_15minaggwindfcst_202609220614,285.53333333333336,1,0
2026-09-22T12:00:00Z,2026-09-22T11:00:00Z,60,5084.0,2026-09-22T09:00:16Z,semo_pub_dailyloadfcst_202609220900,119.73333333333333,1,961.0,2026-09-22T09:00:16Z,semo_pub_dailyloadfcst_202609220900,119.73333333333333,1,4123.0,2026-09-22T09:00:16Z,semo_pub_dailyloadfcst_202609220900,119.73333333333333,1,500.0,2026-09-22T06:00:11Z,semo_pub_dailyintconntc_202609220600,299.81666666666666,1,530.0,2026-09-22T06:00:11Z,semo_pub_dailyintconntc_202609220600,299.81666666666666,1,513.0,2026-09-22T06:00:11Z,semo_pub_dailyintconntc_202609220600,299.81666666666666,1,500.0,2026-09-22T06:00:11Z,semo_pub_dailyintconntc_202609220600,299.81666666666666,1,500.0,2026-09-22T06:00:11Z,semo_pub_dailyintconntc_202609220600,299.81666666666666,1,504.0,2026-09-22T06:00:11Z,semo_pub_dailyintconntc_202609220600,299.81666666666666,1,,,,,0,1339.831,2026-09-22T06:14:28Z,semo_pub_15minaggwindfcst_202609220614,285.53333333333336,1,0
2026-09-22T12:00:00Z,2026-09-22T11:30:00Z,30,5084.0,2026-09-22T09:00:16Z,semo_pub_dailyloadfcst_202609220900,149.73333333333332,1,961.0,2026-09-22T09:00:16Z,semo_pub_dailyloadfcst_202609220900,149.73333333333332,1,4123.0,2026-09-22T09:00:16Z,semo_pub_dailyloadfcst_202609220900,149.73333333333332,1,500.0,2026-09-22T06:00:11Z,semo_pub_dailyintconntc_202609220600,329.81666666666666,1,530.0,2026-09-22T06:00:11Z,semo_pub_dailyintconntc_202609220600,329.81666666666666,1,513.0,2026-09-22T06:00:11Z,semo_pub_dailyintconntc_202609220600,329.81666666666666,1,500.0,2026-09-22T06:00:11Z,semo_pub_dailyintconntc_202609220600,329.81666666666666,1,500.0,2026-09-22T06:00:11Z,semo_pub_dailyintconntc_202609220600,329.81666666666666,1,504.0,2026-09-22T06:00:11Z,semo_pub_dailyintconntc_202609220600,329.81666666666666,1,,,,,0,1339.831,2026-09-22T06:14:28Z,semo_pub_15minaggwindfcst_202609220614,315.53333333333336,1,0
2026-09-22T12:30:00Z,2026-09-22T11:30:00Z,60,5070.0,2026-09-22T09:00:16Z,semo_pub_dailyloadfcst_202609220900,149.73333333333332,1,923.0,2026-09-22T09:00:16Z,semo_pub_dailyloadfcst_202609220900,149.73333333333332,1,4147.0,2026-09-22T09:00:16Z,semo_pub_dailyloadfcst_202609220900,149.73333333333332,1,,,,,0,,,,,0,,,,,0,,,,,0,,,,,0,,,,,0,,,,,0,1280.849,2026-09-22T06:14:28Z,semo_pub_15minaggwindfcst_202609220614,315.53333333333336,1,0
2026-09-22T12:30:00Z,2026-09-22T12:00:00Z,30,5170.0,2026-09-22T11:50:12Z,semo_pub_dailyloadfcst_202609221150,9.8,1,923.0,2026-09-22T11:50:12Z,semo_pub_dailyloadfcst_202609221150,9.8,1,4247.0,2026-09-22T11:50:12Z,semo_pub_dailyloadfcst_202609221150,9.8,1,,,,,0,,,,,0,,,,,0,,,,,0,,,,,0,,,,,0,,,,,0,1280.849,2026-09-22T06:14:28Z,semo_pub_15minaggwindfcst_202609220614,345.53333333333336,1,0
2026-09-22T13:00:00Z,2026-09-22T12:00:00Z,60,5210.0,2026-09-22T11:50:12Z,semo_pub_dailyloadfcst_202609221150,9.8,1,932.0,2026-09-22T11:50:12Z,semo_pub_dailyloadfcst_202609221150,9.8,1,4278.0,2026-09-22T11:50:12Z,semo_pub_dailyloadfcst_202609221150,9.8,1,500.0,2026-09-22T06:00:11Z,semo_pub_dailyintconntc_202609220600,359.81666666666666,1,530.0,2026-09-22T06:00:11Z,semo_pub_dailyintconntc_202609220600,359.81666666666666,1,513.0,2026-09-22T06:00:11Z,semo_pub_dailyintconntc_202609220600,359.81666666666666,1,500.0,2026-09-22T06:00:11Z,semo_pub_dailyintconntc_202609220600,359.81666666666666,1,500.0,2026-09-22T06:00:11Z,semo_pub_dailyintconntc_202609220600,359.81666666666666,1,504.0,2026-09-22T06:00:11Z,semo_pub_dailyintconntc_202609220600,359.81666666666666,1,,,,,0,1221.88,2026-09-22T06:14:28Z,semo_pub_15minaggwindfcst_202609220614,345.53333333333336,1,0
2026-09-22T13:00:00Z,2026-09-22T12:30:00Z,30,5210.0,2026-09-22T12:20:15Z,semo_pub_dailyloadfcst_202609221220,9.75,1,932.0,2026-09-22T12:20:15Z,semo_pub_dailyloadfcst_202609221220,9.75,1,4278.0,2026-09-22T12:20:15Z,semo_pub_dailyloadfcst_202609221220,9.75,1,500.0,2026-09-22T06:00:11Z,semo_pub_dailyintconntc_202609220600,389.81666666666666,1,530.0,2026-09-22T06:00:11Z,semo_pub_dailyintconntc_202609220600,389.81666666666666,1,513.0,2026-09-22T06:00:11Z,semo_pub_dailyintconntc_202609220600,389.81666666666666,1,500.0,2026-09-22T06:00:11Z,semo_pub_dailyintconntc_202609220600,389.81666666666666,1,500.0,2026-09-22T06:00:11Z,semo_pub_dailyintconntc_202609220600,389.81666666666666,1,504.0,2026-09-22T06:00:11Z,semo_pub_dailyintconntc_202609220600,389.81666666666666,1,,,,,0,989.347,2026-09-22T12:15:19Z,semo_pub_15minaggwindfcst_202609221215,14.683333333333334,1,0
2026-09-22T13:30:00Z,2026-09-22T12:30:00Z,60,5201.0,2026-09-22T12:20:15Z,semo_pub_dailyloadfcst_202609221220,9.75,1,942.0,2026-09-22T12:20:15Z,semo_pub_dailyloadfcst_202609221220,9.75,1,4259.0,2026-09-22T12:20:15Z,semo_pub_dailyloadfcst_202609221220,9.75,1,,,,,0,,,,,0,,,,,0,,,,,0,,,,,0,,,,,0,,,,,0,928.808,2026-09-22T12:15:19Z,semo_pub_15minaggwindfcst_202609221215,14.683333333333334,1,0
2026-09-22T13:30:00Z,2026-09-22T13:00:00Z,30,5201.0,2026-09-22T12:50:11Z,semo_pub_dailyloadfcst_202609221250,9.816666666666666,1,942.0,2026-09-22T12:50:11Z,semo_pub_dailyloadfcst_202609221250,9.816666666666666,1,4259.0,2026-09-22T12:50:11Z,semo_pub_dailyloadfcst_202609221250,9.816666666666666,1,,,,,0,,,,,0,,,,,0,,,,,0,,,,,0,,,,,0,,,,,0,928.808,2026-09-22T12:15:19Z,semo_pub_15minaggwindfcst_202609221215,44.68333333333333,1,0
2026-09-22T14:00:00Z,2026-09-22T13:00:00Z,60,5184.0,2026-09-22T12:50:11Z,semo_pub_dailyloadfcst_202609221250,9.816666666666666,1,935.0,2026-09-22T12:50:11Z,semo_pub_dailyloadfcst_202609221250,9.816666666666666,1,4249.0,2026-09-22T12:50:11Z,semo_pub_dailyloadfcst_202609221250,9.816666666666666,1,500.0,2026-09-22T06:00:11Z,semo_pub_dailyintconntc_202609220600,419.81666666666666,1,530.0,2026-09-22T06:00:11Z,semo_pub_dailyintconntc_202609220600,419.81666666666666,1,513.0,2026-09-22T06:00:11Z,semo_pub_dailyintconntc_202609220600,419.81666666666666,1,500.0,2026-09-22T06:00:11Z,semo_pub_dailyintconntc_202609220600,419.81666666666666,1,500.0,2026-09-22T06:00:11Z,semo_pub_dailyintconntc_202609220600,419.81666666666666,1,504.0,2026-09-22T06:00:11Z,semo_pub_dailyintconntc_202609220600,419.81666666666666,1,,,,,0,868.239,2026-09-22T12:15:19Z,semo_pub_15minaggwindfcst_202609221215,44.68333333333333,1,0
2026-09-22T14:00:00Z,2026-09-22T13:30:00Z,30,5184.0,2026-09-22T13:20:10Z,semo_pub_dailyloadfcst_202609221320,9.833333333333334,1,935.0,2026-09-22T13:20:10Z,semo_pub_dailyloadfcst_202609221320,9.833333333333334,1,4249.0,2026-09-22T13:20:10Z,semo_pub_dailyloadfcst_202609221320,9.833333333333334,1,500.0,2026-09-22T06:00:11Z,semo_pub_dailyintconntc_202609220600,449.81666666666666,1,530.0,2026-09-22T06:00:11Z,semo_pub_dailyintconntc_202609220600,449.81666666666666,1,513.0,2026-09-22T06:00:11Z,semo_pub_dailyintconntc_202609220600,449.81666666666666,1,500.0,2026-09-22T06:00:11Z,semo_pub_dailyintconntc_202609220600,449.81666666666666,1,500.0,2026-09-22T06:00:11Z,semo_pub_dailyintconntc_202609220600,449.81666666666666,1,504.0,2026-09-22T06:00:11Z,semo_pub_dailyintconntc_202609220600,449.81666666666666,1,,,,,0,868.239,2026-09-22T12:15:19Z,semo_pub_15minaggwindfcst_202609221215,74.68333333333334,1,0
2026-09-22T14:30:00Z,2026-09-22T13:30:00Z,60,5239.0,2026-09-22T13:20:10Z,semo_pub_dailyloadfcst_202609221320,9.833333333333334,1,956.0,2026-09-22T13:20:10Z,semo_pub_dailyloadfcst_202609221320,9.833333333333334,1,4283.0,2026-09-22T13:20:10Z,semo_pub_dailyloadfcst_202609221320,9.833333333333334,1,,,,,0,,,,,0,,,,,0,,,,,0,,,,,0,,,,,0,,,,,0,831.903,2026-09-22T12:15:19Z,semo_pub_15minaggwindfcst_202609221215,74.68333333333334,1,0
2026-09-22T14:30:00Z,2026-09-22T14:00:00Z,30,5239.0,2026-09-22T13:50:11Z,semo_pub_dailyloadfcst_202609221350,9.816666666666666,1,956.0,2026-09-22T13:50:11Z,semo_pub_dailyloadfcst_202609221350,9.816666666666666,1,4283.0,2026-09-22T13:50:11Z,semo_pub_dailyloadfcst_202609221350,9.816666666666666,1,,,,,0,,,,,0,,,,,0,,,,,0,,,,,0,,,,,0,,,,,0,831.903,2026-09-22T12:15:19Z,semo_pub_15minaggwindfcst_202609221215,104.68333333333334,1,0
2026-09-22T15:00:00Z,2026-09-22T14:00:00Z,60,5338.0,2026-09-22T13:50:11Z,semo_pub_dailyloadfcst_202609221350,9.816666666666666,1,980.0,2026-09-22T13:50:11Z,semo_pub_dailyloadfcst_202609221350,9.816666666666666,1,4358.0,2026-09-22T13:50:11Z,semo_pub_dailyloadfcst_202609221350,9.816666666666666,1,500.0,2026-09-22T06:00:11Z,semo_pub_dailyintconntc_202609220600,479.81666666666666,1,530.0,2026-09-22T06:00:11Z,semo_pub_dailyintconntc_202609220600,479.81666666666666,1,513.0,2026-09-22T06:00:11Z,semo_pub_dailyintconntc_202609220600,479.81666666666666,1,500.0,2026-09-22T06:00:11Z,semo_pub_dailyintconntc_202609220600,479.81666666666666,1,500.0,2026-09-22T06:00:11Z,semo_pub_dailyintconntc_202609220600,479.81666666666666,1,504.0,2026-09-22T06:00:11Z,semo_pub_dailyintconntc_202609220600,479.81666666666666,1,,,,,0,795.567,2026-09-22T12:15:19Z,semo_pub_15minaggwindfcst_202609221215,104.68333333333334,1,0
2026-09-22T15:00:00Z,2026-09-22T14:30:00Z,30,5338.0,2026-09-22T14:20:16Z,semo_pub_dailyloadfcst_202609221420,9.733333333333333,1,980.0,2026-09-22T14:20:16Z,semo_pub_dailyloadfcst_202609221420,9.733333333333333,1,4358.0,2026-09-22T14:20:16Z,semo_pub_dailyloadfcst_202609221420,9.733333333333333,1,500.0,2026-09-22T06:00:11Z,semo_pub_dailyintconntc_202609220600,509.81666666666666,1,530.0,2026-09-22T06:00:11Z,semo_pub_dailyintconntc_202609220600,509.81666666666666,1,513.0,2026-09-22T06:00:11Z,semo_pub_dailyintconntc_202609220600,509.81666666666666,1,500.0,2026-09-22T06:00:11Z,semo_pub_dailyintconntc_202609220600,509.81666666666666,1,500.0,2026-09-22T06:00:11Z,semo_pub_dailyintconntc_202609220600,509.81666666666666,1,504.0,2026-09-22T06:00:11Z,semo_pub_dailyintconntc_202609220600,509.81666666666666,1,,,,,0,795.567,2026-09-22T12:15:19Z,semo_pub_15minaggwindfcst_202609221215,134.68333333333334,1,0
2026-09-22T15:30:00Z,2026-09-22T14:30:00Z,60,5492.0,2026-09-22T14:20:16Z,semo_pub_dailyloadfcst_202609221420,9.733333333333333,1,1025.0,2026-09-22T14:20:16Z,semo_pub_dailyloadfcst_202609221420,9.733333333333333,1,4467.0,2026-09-22T14:20:16Z,semo_pub_dailyloadfcst_202609221420,9.733333333333333,1,,,,,0,,,,,0,,,,,0,,,,,0,,,,,0,,,,,0,,,,,0,713.386,2026-09-22T12:15:19Z,semo_pub_15minaggwindfcst_202609221215,134.68333333333334,1,0
2026-09-22T15:30:00Z,2026-09-22T15:00:00Z,30,5492.0,2026-09-22T14:50:16Z,semo_pub_dailyloadfcst_202609221450,9.733333333333333,1,1025.0,2026-09-22T14:50:16Z,semo_pub_dailyloadfcst_202609221450,9.733333333333333,1,4467.0,2026-09-22T14:50:16Z,semo_pub_dailyloadfcst_202609221450,9.733333333333333,1,,,,,0,,,,,0,,,,,0,,,,,0,,,,,0,,,,,0,,,,,0,713.386,2026-09-22T12:15:19Z,semo_pub_15minaggwindfcst_202609221215,164.68333333333334,1,0
2026-09-22T16:00:00Z,2026-09-22T15:00:00Z,60,5612.0,2026-09-22T14:50:16Z,semo_pub_dailyloadfcst_202609221450,9.733333333333333,1,1056.0,2026-09-22T14:50:16Z,semo_pub_dailyloadfcst_202609221450,9.733333333333333,1,4556.0,2026-09-22T14:50:16Z,semo_pub_dailyloadfcst_202609221450,9.733333333333333,1,500.0,2026-09-22T06:00:11Z,semo_pub_dailyintconntc_202609220600,539.8166666666667,1,530.0,2026-09-22T06:00:11Z,semo_pub_dailyintconntc_202609220600,539.8166666666667,1,513.0,2026-09-22T06:00:11Z,semo_pub_dailyintconntc_202609220600,539.8166666666667,1,500.0,2026-09-22T06:00:11Z,semo_pub_dailyintconntc_202609220600,539.8166666666667,1,500.0,2026-09-22T06:00:11Z,semo_pub_dailyintconntc_202609220600,539.8166666666667,1,504.0,2026-09-22T06:00:11Z,semo_pub_dailyintconntc_202609220600,539.8166666666667,1,,,,,0,631.209,2026-09-22T12:15:19Z,semo_pub_15minaggwindfcst_202609221215,164.68333333333334,1,0
2026-09-22T16:00:00Z,2026-09-22T15:30:00Z,30,5612.0,2026-09-22T15:20:05Z,semo_pub_dailyloadfcst_202609221520,9.916666666666666,1,1056.0,2026-09-22T15:20:05Z,semo_pub_dailyloadfcst_202609221520,9.916666666666666,1,4556.0,2026-09-22T15:20:05Z,semo_pub_dailyloadfcst_202609221520,9.916666666666666,1,500.0,2026-09-22T06:00:11Z,semo_pub_dailyintconntc_202609220600,569.8166666666667,1,530.0,2026-09-22T06:00:11Z,semo_pub_dailyintconntc_202609220600,569.8166666666667,1,513.0,2026-09-22T06:00:11Z,semo_pub_dailyintconntc_202609220600,569.8166666666667,1,500.0,2026-09-22T06:00:11Z,semo_pub_dailyintconntc_202609220600,569.8166666666667,1,500.0,2026-09-22T06:00:11Z,semo_pub_dailyintconntc_202609220600,569.8166666666667,1,504.0,2026-09-22T06:00:11Z,semo_pub_dailyintconntc_202609220600,569.8166666666667,1,,,,,0,631.209,2026-09-22T12:15:19Z,semo_pub_15minaggwindfcst_202609221215,194.68333333333334,1,0
2026-09-22T16:30:00Z,2026-09-22T15:30:00Z,60,5715.0,2026-09-22T15:20:05Z,semo_pub_dailyloadfcst_202609221520,9.916666666666666,1,1080.0,2026-09-22T15:20:05Z,semo_pub_dailyloadfcst_202609221520,9.916666666666666,1,4635.0,2026-09-22T15:20:05Z,semo_pub_dailyloadfcst_202609221520,9.916666666666666,1,,,,,0,,,,,0,,,,,0,,,,,0,,,,,0,,,,,0,,,,,0,538.666,2026-09-22T12:15:19Z,semo_pub_15minaggwindfcst_202609221215,194.68333333333334,1,0
2026-09-22T16:30:00Z,2026-09-22T16:00:00Z,30,5715.0,2026-09-22T15:50:11Z,semo_pub_dailyloadfcst_202609221550,9.816666666666666,1,1080.0,2026-09-22T15:50:11Z,semo_pub_dailyloadfcst_202609221550,9.816666666666666,1,4635.0,2026-09-22T15:50:11Z,semo_pub_dailyloadfcst_202609221550,9.816666666666666,1,,,,,0,,,,,0,,,,,0,,,,,0,,,,,0,,,,,0,,,,,0,538.666,2026-09-22T12:15:19Z,semo_pub_15minaggwindfcst_202609221215,224.68333333333334,1,0
2026-09-22T17:00:00Z,2026-09-22T16:00:00Z,60,5734.0,2026-09-22T15:50:11Z,semo_pub_dailyloadfcst_202609221550,9.816666666666666,1,1074.0,2026-09-22T15:50:11Z,semo_pub_dailyloadfcst_202609221550,9.816666666666666,1,4660.0,2026-09-22T15:50:11Z,semo_pub_dailyloadfcst_202609221550,9.816666666666666,1,500.0,2026-09-22T06:00:11Z,semo_pub_dailyintconntc_202609220600,599.8166666666667,1,530.0,2026-09-22T06:00:11Z,semo_pub_dailyintconntc_202609220600,599.8166666666667,1,513.0,2026-09-22T06:00:11Z,semo_pub_dailyintconntc_202609220600,599.8166666666667,1,500.0,2026-09-22T06:00:11Z,semo_pub_dailyintconntc_202609220600,599.8166666666667,1,500.0,2026-09-22T06:00:11Z,semo_pub_dailyintconntc_202609220600,599.8166666666667,1,504.0,2026-09-22T06:00:11Z,semo_pub_dailyintconntc_202609220600,599.8166666666667,1,,,,,0,446.144,2026-09-22T12:15:19Z,semo_pub_15minaggwindfcst_202609221215,224.68333333333334,1,0
2026-09-22T17:00:00Z,2026-09-22T16:30:00Z,30,5734.0,2026-09-22T16:20:06Z,semo_pub_dailyloadfcst_202609221620,9.9,1,1074.0,2026-09-22T16:20:06Z,semo_pub_dailyloadfcst_202609221620,9.9,1,4660.0,2026-09-22T16:20:06Z,semo_pub_dailyloadfcst_202609221620,9.9,1,500.0,2026-09-22T06:00:11Z,semo_pub_dailyintconntc_202609220600,629.8166666666667,1,530.0,2026-09-22T06:00:11Z,semo_pub_dailyintconntc_202609220600,629.8166666666667,1,513.0,2026-09-22T06:00:11Z,semo_pub_dailyintconntc_202609220600,629.8166666666667,1,500.0,2026-09-22T06:00:11Z,semo_pub_dailyintconntc_202609220600,629.8166666666667,1,500.0,2026-09-22T06:00:11Z,semo_pub_dailyintconntc_202609220600,629.8166666666667,1,504.0,2026-09-22T06:00:11Z,semo_pub_dailyintconntc_202609220600,629.8166666666667,1,,,,,0,446.144,2026-09-22T12:15:19Z,semo_pub_15minaggwindfcst_202609221215,254.68333333333334,1,0
2026-09-22T17:30:00Z,2026-09-22T16:30:00Z,60,5715.0,2026-09-22T16:20:06Z,semo_pub_dailyloadfcst_202609221620,9.9,1,1051.0,2026-09-22T16:20:06Z,semo_pub_dailyloadfcst_202609221620,9.9,1,4664.0,2026-09-22T16:20:06Z,semo_pub_dailyloadfcst_202609221620,9.9,1,,,,,0,,,,,0,,,,,0,,,,,0,,,,,0,,,,,0,,,,,0,419.424,2026-09-22T12:15:19Z,semo_pub_15minaggwindfcst_202609221215,254.68333333333334,1,0
2026-09-22T17:30:00Z,2026-09-22T17:00:00Z,30,5715.0,2026-09-22T16:50:15Z,semo_pub_dailyloadfcst_202609221650,9.75,1,1051.0,2026-09-22T16:50:15Z,semo_pub_dailyloadfcst_202609221650,9.75,1,4664.0,2026-09-22T16:50:15Z,semo_pub_dailyloadfcst_202609221650,9.75,1,,,,,0,,,,,0,,,,,0,,,,,0,,,,,0,,,,,0,,,,,0,419.424,2026-09-22T12:15:19Z,semo_pub_15minaggwindfcst_202609221215,284.68333333333334,1,0
2026-09-22T18:00:00Z,2026-09-22T17:00:00Z,60,5669.0,2026-09-22T16:50:15Z,semo_pub_dailyloadfcst_202609221650,9.75,1,1029.0,2026-09-22T16:50:15Z,semo_pub_dailyloadfcst_202609221650,9.75,1,4640.0,2026-09-22T16:50:15Z,semo_pub_dailyloadfcst_202609221650,9.75,1,500.0,2026-09-22T06:00:11Z,semo_pub_dailyintconntc_202609220600,659.8166666666667,1,530.0,2026-09-22T06:00:11Z,semo_pub_dailyintconntc_202609220600,659.8166666666667,1,513.0,2026-09-22T06:00:11Z,semo_pub_dailyintconntc_202609220600,659.8166666666667,1,500.0,2026-09-22T06:00:11Z,semo_pub_dailyintconntc_202609220600,659.8166666666667,1,500.0,2026-09-22T06:00:11Z,semo_pub_dailyintconntc_202609220600,659.8166666666667,1,504.0,2026-09-22T06:00:11Z,semo_pub_dailyintconntc_202609220600,659.8166666666667,1,,,,,0,392.707,2026-09-22T12:15:19Z,semo_pub_15minaggwindfcst_202609221215,284.68333333333334,1,0
2026-09-22T18:00:00Z,2026-09-22T17:30:00Z,30,5629.0,2026-09-22T17:20:21Z,semo_pub_dailyloadfcst_202609221720,9.65,1,989.0,2026-09-22T17:20:21Z,semo_pub_dailyloadfcst_202609221720,9.65,1,4640.0,2026-09-22T17:20:21Z,semo_pub_dailyloadfcst_202609221720,9.65,1,500.0,2026-09-22T06:00:11Z,semo_pub_dailyintconntc_202609220600,689.8166666666667,1,530.0,2026-09-22T06:00:11Z,semo_pub_dailyintconntc_202609220600,689.8166666666667,1,513.0,2026-09-22T06:00:11Z,semo_pub_dailyintconntc_202609220600,689.8166666666667,1,500.0,2026-09-22T06:00:11Z,semo_pub_dailyintconntc_202609220600,689.8166666666667,1,500.0,2026-09-22T06:00:11Z,semo_pub_dailyintconntc_202609220600,689.8166666666667,1,504.0,2026-09-22T06:00:11Z,semo_pub_dailyintconntc_202609220600,689.8166666666667,1,,,,,0,392.707,2026-09-22T12:15:19Z,semo_pub_15minaggwindfcst_202609221215,314.68333333333334,1,0
2026-09-22T18:30:00Z,2026-09-22T17:30:00Z,60,5618.0,2026-09-22T17:20:21Z,semo_pub_dailyloadfcst_202609221720,9.65,1,973.0,2026-09-22T17:20:21Z,semo_pub_dailyloadfcst_202609221720,9.65,1,4645.0,2026-09-22T17:20:21Z,semo_pub_dailyloadfcst_202609221720,9.65,1,,,,,0,,,,,0,,,,,0,,,,,0,,,,,0,,,,,0,,,,,0,385.13,2026-09-22T12:15:19Z,semo_pub_15minaggwindfcst_202609221215,314.68333333333334,1,0
2026-09-22T18:30:00Z,2026-09-22T18:00:00Z,30,5618.0,2026-09-22T17:50:20Z,semo_pub_dailyloadfcst_202609221750,9.666666666666666,1,973.0,2026-09-22T17:50:20Z,semo_pub_dailyloadfcst_202609221750,9.666666666666666,1,4645.0,2026-09-22T17:50:20Z,semo_pub_dailyloadfcst_202609221750,9.666666666666666,1,,,,,0,,,,,0,,,,,0,,,,,0,,,,,0,,,,,0,,,,,0,385.13,2026-09-22T12:15:19Z,semo_pub_15minaggwindfcst_202609221215,344.68333333333334,1,0
2026-09-22T19:00:00Z,2026-09-22T18:00:00Z,60,5725.0,2026-09-22T17:50:20Z,semo_pub_dailyloadfcst_202609221750,9.666666666666666,1,975.0,2026-09-22T17:50:20Z,semo_pub_dailyloadfcst_202609221750,9.666666666666666,1,4750.0,2026-09-22T17:50:20Z,semo_pub_dailyloadfcst_202609221750,9.666666666666666,1,500.0,2026-09-22T06:00:11Z,semo_pub_dailyintconntc_202609220600,719.8166666666667,1,530.0,2026-09-22T06:00:11Z,semo_pub_dailyintconntc_202609220600,719.8166666666667,1,513.0,2026-09-22T06:00:11Z,semo_pub_dailyintconntc_202609220600,719.8166666666667,1,500.0,2026-09-22T06:00:11Z,semo_pub_dailyintconntc_202609220600,719.8166666666667,1,500.0,2026-09-22T06:00:11Z,semo_pub_dailyintconntc_202609220600,719.8166666666667,1,504.0,2026-09-22T06:00:11Z,semo_pub_dailyintconntc_202609220600,719.8166666666667,1,,,,,0,377.543,2026-09-22T12:15:19Z,semo_pub_15minaggwindfcst_202609221215,344.68333333333334,1,0
2026-09-22T19:00:00Z,2026-09-22T18:30:00Z,30,5725.0,2026-09-22T18:20:16Z,semo_pub_dailyloadfcst_202609221820,9.733333333333333,1,975.0,2026-09-22T18:20:16Z,semo_pub_dailyloadfcst_202609221820,9.733333333333333,1,4750.0,2026-09-22T18:20:16Z,semo_pub_dailyloadfcst_202609221820,9.733333333333333,1,500.0,2026-09-22T06:00:11Z,semo_pub_dailyintconntc_202609220600,749.8166666666667,1,530.0,2026-09-22T06:00:11Z,semo_pub_dailyintconntc_202609220600,749.8166666666667,1,513.0,2026-09-22T06:00:11Z,semo_pub_dailyintconntc_202609220600,749.8166666666667,1,500.0,2026-09-22T06:00:11Z,semo_pub_dailyintconntc_202609220600,749.8166666666667,1,500.0,2026-09-22T06:00:11Z,semo_pub_dailyintconntc_202609220600,749.8166666666667,1,504.0,2026-09-22T06:00:11Z,semo_pub_dailyintconntc_202609220600,749.8166666666667,1,,,,,0,347.744,2026-09-22T18:14:23Z,semo_pub_15minaggwindfcst_202609221814,15.616666666666667,1,0
2026-09-22T19:30:00Z,2026-09-22T18:30:00Z,60,5654.0,2026-09-22T18:20:16Z,semo_pub_dailyloadfcst_202609221820,9.733333333333333,1,963.0,2026-09-22T18:20:16Z,semo_pub_dailyloadfcst_202609221820,9.733333333333333,1,4691.0,2026-09-22T18:20:16Z,semo_pub_dailyloadfcst_202609221820,9.733333333333333,1,,,,,0,,,,,0,,,,,0,,,,,0,,,,,0,,,,,0,,,,,0,345.47,2026-09-22T18:14:23Z,semo_pub_15minaggwindfcst_202609221814,15.616666666666667,1,0
2026-09-22T19:30:00Z,2026-09-22T19:00:00Z,30,5654.0,2026-09-22T18:50:10Z,semo_pub_dailyloadfcst_202609221850,9.833333333333334,1,963.0,2026-09-22T18:50:10Z,semo_pub_dailyloadfcst_202609221850,9.833333333333334,1,4691.0,2026-09-22T18:50:10Z,semo_pub_dailyloadfcst_202609221850,9.833333333333334,1,,,,,0,,,,,0,,,,,0,,,,,0,,,,,0,,,,,0,,,,,0,345.47,2026-09-22T18:14:23Z,semo_pub_15minaggwindfcst_202609221814,45.61666666666667,1,0
2026-09-22T20:00:00Z,2026-09-22T19:00:00Z,60,5519.0,2026-09-22T18:50:10Z,semo_pub_dailyloadfcst_202609221850,9.833333333333334,1,944.0,2026-09-22T18:50:10Z,semo_pub_dailyloadfcst_202609221850,9.833333333333334,1,4575.0,2026-09-22T18:50:10Z,semo_pub_dailyloadfcst_202609221850,9.833333333333334,1,500.0,2026-09-22T06:00:11Z,semo_pub_dailyintconntc_202609220600,779.8166666666667,1,530.0,2026-09-22T06:00:11Z,semo_pub_dailyintconntc_202609220600,779.8166666666667,1,513.0,2026-09-22T06:00:11Z,semo_pub_dailyintconntc_202609220600,779.8166666666667,1,500.0,2026-09-22T06:00:11Z,semo_pub_dailyintconntc_202609220600,779.8166666666667,1,500.0,2026-09-22T06:00:11Z,semo_pub_dailyintconntc_202609220600,779.8166666666667,1,504.0,2026-09-22T06:00:11Z,semo_pub_dailyintconntc_202609220600,779.8166666666667,1,,,,,0,343.18,2026-09-22T18:14:23Z,semo_pub_15minaggwindfcst_202609221814,45.61666666666667,1,0
2026-09-22T20:00:00Z,2026-09-22T19:30:00Z,30,5519.0,2026-09-22T19:20:10Z,semo_pub_dailyloadfcst_202609221920,9.833333333333334,1,944.0,2026-09-22T19:20:10Z,semo_pub_dailyloadfcst_202609221920,9.833333333333334,1,4575.0,2026-09-22T19:20:10Z,semo_pub_dailyloadfcst_202609221920,9.833333333333334,1,500.0,2026-09-22T06:00:11Z,semo_pub_dailyintconntc_202609220600,809.8166666666667,1,530.0,2026-09-22T06:00:11Z,semo_pub_dailyintconntc_202609220600,809.8166666666667,1,513.0,2026-09-22T06:00:11Z,semo_pub_dailyintconntc_202609220600,809.8166666666667,1,500.0,2026-09-22T06:00:11Z,semo_pub_dailyintconntc_202609220600,809.8166666666667,1,500.0,2026-09-22T06:00:11Z,semo_pub_dailyintconntc_202609220600,809.8166666666667,1,504.0,2026-09-22T06:00:11Z,semo_pub_dailyintconntc_202609220600,809.8166666666667,1,,,,,0,343.18,2026-09-22T18:14:23Z,semo_pub_15minaggwindfcst_202609221814,75.61666666666666,1,0
2026-09-22T20:30:00Z,2026-09-22T19:30:00Z,60,5261.0,2026-09-22T19:20:10Z,semo_pub_dailyloadfcst_202609221920,9.833333333333334,1,891.0,2026-09-22T19:20:10Z,semo_pub_dailyloadfcst_202609221920,9.833333333333334,1,4370.0,2026-09-22T19:20:10Z,semo_pub_dailyloadfcst_202609221920,9.833333333333334,1,,,,,0,,,,,0,,,,,0,,,,,0,,,,,0,,,,,0,,,,,0,375.897,2026-09-22T18:14:23Z,semo_pub_15minaggwindfcst_202609221814,75.61666666666666,1,0
2026-09-22T20:30:00Z,2026-09-22T20:00:00Z,30,5261.0,2026-09-22T19:50:11Z,semo_pub_dailyloadfcst_202609221950,9.816666666666666,1,891.0,2026-09-22T19:50:11Z,semo_pub_dailyloadfcst_202609221950,9.816666666666666,1,4370.0,2026-09-22T19:50:11Z,semo_pub_dailyloadfcst_202609221950,9.816666666666666,1,,,,,0,,,,,0,,,,,0,,,,,0,,,,,0,,,,,0,,,,,0,375.897,2026-09-22T18:14:23Z,semo_pub_15minaggwindfcst_202609221814,105.61666666666666,1,0
2026-09-22T21:00:00Z,2026-09-22T20:00:00Z,60,5025.0,2026-09-22T19:50:11Z,semo_pub_dailyloadfcst_202609221950,9.816666666666666,1,848.0,2026-09-22T19:50:11Z,semo_pub_dailyloadfcst_202609221950,9.816666666666666,1,4177.0,2026-09-22T19:50:11Z,semo_pub_dailyloadfcst_202609221950,9.816666666666666,1,500.0,2026-09-22T06:00:11Z,semo_pub_dailyintconntc_202609220600,839.8166666666667,1,530.0,2026-09-22T06:00:11Z,semo_pub_dailyintconntc_202609220600,839.8166666666667,1,513.0,2026-09-22T06:00:11Z,semo_pub_dailyintconntc_202609220600,839.8166666666667,1,500.0,2026-09-22T06:00:11Z,semo_pub_dailyintconntc_202609220600,839.8166666666667,1,500.0,2026-09-22T06:00:11Z,semo_pub_dailyintconntc_202609220600,839.8166666666667,1,504.0,2026-09-22T06:00:11Z,semo_pub_dailyintconntc_202609220600,839.8166666666667,1,,,,,0,408.596,2026-09-22T18:14:23Z,semo_pub_15minaggwindfcst_202609221814,105.61666666666666,1,0
2026-09-22T21:00:00Z,2026-09-22T20:30:00Z,30,5025.0,2026-09-22T20:20:15Z,semo_pub_dailyloadfcst_202609222020,9.75,1,848.0,2026-09-22T20:20:15Z,semo_pub_dailyloadfcst_202609222020,9.75,1,4177.0,2026-09-22T20:20:15Z,semo_pub_dailyloadfcst_202609222020,9.75,1,500.0,2026-09-22T06:00:11Z,semo_pub_dailyintconntc_202609220600,869.8166666666667,1,530.0,2026-09-22T06:00:11Z,semo_pub_dailyintconntc_202609220600,869.8166666666667,1,513.0,2026-09-22T06:00:11Z,semo_pub_dailyintconntc_202609220600,869.8166666666667,1,500.0,2026-09-22T06:00:11Z,semo_pub_dailyintconntc_202609220600,869.8166666666667,1,500.0,2026-09-22T06:00:11Z,semo_pub_dailyintconntc_202609220600,869.8166666666667,1,504.0,2026-09-22T06:00:11Z,semo_pub_dailyintconntc_202609220600,869.8166666666667,1,,,,,0,408.596,2026-09-22T18:14:23Z,semo_pub_15minaggwindfcst_202609221814,135.61666666666667,1,0
2026-09-22T21:30:00Z,2026-09-22T20:30:00Z,60,4828.0,2026-09-22T20:20:15Z,semo_pub_dailyloadfcst_202609222020,9.75,1,812.0,2026-09-22T20:20:15Z,semo_pub_dailyloadfcst_202609222020,9.75,1,4016.0,2026-09-22T20:20:15Z,semo_pub_dailyloadfcst_202609222020,9.75,1,,,,,0,,,,,0,,,,,0,,,,,0,,,,,0,,,,,0,,,,,0,453.391,2026-09-22T18:14:23Z,semo_pub_15minaggwindfcst_202609221814,135.61666666666667,1,0
2026-09-22T21:30:00Z,2026-09-22T21:00:00Z,30,4828.0,2026-09-22T20:50:26Z,semo_pub_dailyloadfcst_202609222050,9.566666666666666,1,812.0,2026-09-22T20:50:26Z,semo_pub_dailyloadfcst_202609222050,9.566666666666666,1,4016.0,2026-09-22T20:50:26Z,semo_pub_dailyloadfcst_202609222050,9.566666666666666,1,,,,,0,,,,,0,,,,,0,,,,,0,,,,,0,,,,,0,,,,,0,453.391,2026-09-22T18:14:23Z,semo_pub_15minaggwindfcst_202609221814,165.61666666666667,1,0
2026-09-22T22:00:00Z,2026-09-22T21:00:00Z,60,4563.0,2026-09-22T20:50:26Z,semo_pub_dailyloadfcst_202609222050,9.566666666666666,1,753.0,2026-09-22T20:50:26Z,semo_pub_dailyloadfcst_202609222050,9.566666666666666,1,3810.0,2026-09-22T20:50:26Z,semo_pub_dailyloadfcst_202609222050,9.566666666666666,1,500.0,2026-09-22T06:00:11Z,semo_pub_dailyintconntc_202609220600,899.8166666666667,1,530.0,2026-09-22T06:00:11Z,semo_pub_dailyintconntc_202609220600,899.8166666666667,1,513.0,2026-09-22T06:00:11Z,semo_pub_dailyintconntc_202609220600,899.8166666666667,1,500.0,2026-09-22T06:00:11Z,semo_pub_dailyintconntc_202609220600,899.8166666666667,1,500.0,2026-09-22T06:00:11Z,semo_pub_dailyintconntc_202609220600,899.8166666666667,1,504.0,2026-09-22T06:00:11Z,semo_pub_dailyintconntc_202609220600,899.8166666666667,1,,,,,0,498.164,2026-09-22T18:14:23Z,semo_pub_15minaggwindfcst_202609221814,165.61666666666667,1,0
2026-09-22T22:00:00Z,2026-09-22T21:30:00Z,30,4563.0,2026-09-22T21:20:05Z,semo_pub_dailyloadfcst_202609222120,9.916666666666666,1,753.0,2026-09-22T21:20:05Z,semo_pub_dailyloadfcst_202609222120,9.916666666666666,1,3810.0,2026-09-22T21:20:05Z,semo_pub_dailyloadfcst_202609222120,9.916666666666666,1,500.0,2026-09-22T06:00:11Z,semo_pub_dailyintconntc_202609220600,929.8166666666667,1,530.0,2026-09-22T06:00:11Z,semo_pub_dailyintconntc_202609220600,929.8166666666667,1,513.0,2026-09-22T06:00:11Z,semo_pub_dailyintconntc_202609220600,929.8166666666667,1,500.0,2026-09-22T06:00:11Z,semo_pub_dailyintconntc_202609220600,929.8166666666667,1,500.0,2026-09-22T06:00:11Z,semo_pub_dailyintconntc_202609220600,929.8166666666667,1,504.0,2026-09-22T06:00:11Z,semo_pub_dailyintconntc_202609220600,929.8166666666667,1,,,,,0,498.164,2026-09-22T18:14:23Z,semo_pub_15minaggwindfcst_202609221814,195.61666666666667,1,0
2026-09-22T22:30:00Z,2026-09-22T21:30:00Z,60,4466.0,2026-09-22T21:20:05Z,semo_pub_dailyloadfcst_202609222120,9.916666666666666,1,700.0,2026-09-22T21:20:05Z,semo_pub_dailyloadfcst_202609222120,9.916666666666666,1,3766.0,2026-09-22T21:20:05Z,semo_pub_dailyloadfcst_202609222120,9.916666666666666,1,,,,,0,,,,,0,,,,,0,,,,,0,,,,,0,,,,,0,,,,,0,497.461,2026-09-22T18:14:23Z,semo_pub_15minaggwindfcst_202609221814,195.61666666666667,1,0
2026-09-22T22:30:00Z,2026-09-22T22:00:00Z,30,4466.0,2026-09-22T21:50:06Z,semo_pub_dailyloadfcst_202609222150,9.9,1,700.0,2026-09-22T21:50:06Z,semo_pub_dailyloadfcst_202609222150,9.9,1,3766.0,2026-09-22T21:50:06Z,semo_pub_dailyloadfcst_202609222150,9.9,1,,,,,0,,,,,0,,,,,0,,,,,0,,,,,0,,,,,0,,,,,0,497.461,2026-09-22T18:14:23Z,semo_pub_15minaggwindfcst_202609221814,225.61666666666667,1,0
2026-09-22T23:00:00Z,2026-09-22T22:00:00Z,60,4321.0,2026-09-22T21:50:06Z,semo_pub_dailyloadfcst_202609222150,9.9,1,669.0,2026-09-22T21:50:06Z,semo_pub_dailyloadfcst_202609222150,9.9,1,3652.0,2026-09-22T21:50:06Z,semo_pub_dailyloadfcst_202609222150,9.9,1,500.0,2026-09-22T06:00:11Z,semo_pub_dailyintconntc_202609220600,959.8166666666667,1,530.0,2026-09-22T06:00:11Z,semo_pub_dailyintconntc_202609220600,959.8166666666667,1,513.0,2026-09-22T06:00:11Z,semo_pub_dailyintconntc_202609220600,959.8166666666667,1,500.0,2026-09-22T06:00:11Z,semo_pub_dailyintconntc_202609220600,959.8166666666667,1,500.0,2026-09-22T06:00:11Z,semo_pub_dailyintconntc_202609220600,959.8166666666667,1,504.0,2026-09-22T06:00:11Z,semo_pub_dailyintconntc_202609220600,959.8166666666667,1,,,,,0,496.745,2026-09-22T18:14:23Z,semo_pub_15minaggwindfcst_202609221814,225.61666666666667,1,0
2026-09-22T23:00:00Z,2026-09-22T22:30:00Z,30,4321.0,2026-09-22T22:20:11Z,semo_pub_dailyloadfcst_202609222220,9.816666666666666,1,669.0,2026-09-22T22:20:11Z,semo_pub_dailyloadfcst_202609222220,9.816666666666666,1,3652.0,2026-09-22T22:20:11Z,semo_pub_dailyloadfcst_202609222220,9.816666666666666,1,500.0,2026-09-22T06:00:11Z,semo_pub_dailyintconntc_202609220600,989.8166666666667,1,530.0,2026-09-22T06:00:11Z,semo_pub_dailyintconntc_202609220600,989.8166666666667,1,513.0,2026-09-22T06:00:11Z,semo_pub_dailyintconntc_202609220600,989.8166666666667,1,500.0,2026-09-22T06:00:11Z,semo_pub_dailyintconntc_202609220600,989.8166666666667,1,500.0,2026-09-22T06:00:11Z,semo_pub_dailyintconntc_202609220600,989.8166666666667,1,504.0,2026-09-22T06:00:11Z,semo_pub_dailyintconntc_202609220600,989.8166666666667,1,,,,,0,496.745,2026-09-22T18:14:23Z,semo_pub_15minaggwindfcst_202609221814,255.61666666666667,1,0
2026-09-22T23:30:00Z,2026-09-22T22:30:00Z,60,4275.0,2026-09-22T22:20:11Z,semo_pub_dailyloadfcst_202609222220,9.816666666666666,1,649.0,2026-09-22T22:20:11Z,semo_pub_dailyloadfcst_202609222220,9.816666666666666,1,3626.0,2026-09-22T22:20:11Z,semo_pub_dailyloadfcst_202609222220,9.816666666666666,1,,,,,0,,,,,0,,,,,0,,,,,0,,,,,0,,,,,0,,,,,0,489.48,2026-09-22T18:14:23Z,semo_pub_15minaggwindfcst_202609221814,255.61666666666667,1,0
2026-09-22T23:30:00Z,2026-09-22T23:00:00Z,30,4275.0,2026-09-22T22:50:11Z,semo_pub_dailyloadfcst_202609222250,9.816666666666666,1,649.0,2026-09-22T22:50:11Z,semo_pub_dailyloadfcst_202609222250,9.816666666666666,1,3626.0,2026-09-22T22:50:11Z,semo_pub_dailyloadfcst_202609222250,9.816666666666666,1,,,,,0,,,,,0,,,,,0,,,,,0,,,,,0,,,,,0,,,,,0,489.48,2026-09-22T18:14:23Z,semo_pub_15minaggwindfcst_202609221814,285.6166666666667,1,0
2026-09-23T00:00:00Z,2026-09-22T23:00:00Z,60,4175.0,2026-09-22T22:50:11Z,semo_pub_dailyloadfcst_202609222250,9.816666666666666,1,633.0,2026-09-22T22:50:11Z,semo_pub_dailyloadfcst_202609222250,9.816666666666666,1,3542.0,2026-09-22T22:50:11Z,semo_pub_dailyloadfcst_202609222250,9.816666666666666,1,500.0,2026-09-22T06:00:11Z,semo_pub_dailyintconntc_202609220600,1019.8166666666667,1,530.0,2026-09-22T06:00:11Z,semo_pub_dailyintconntc_202609220600,1019.8166666666667,1,513.0,2026-09-22T06:00:11Z,semo_pub_dailyintconntc_202609220600,1019.8166666666667,1,500.0,2026-09-22T06:00:11Z,semo_pub_dailyintconntc_202609220600,1019.8166666666667,1,500.0,2026-09-22T06:00:11Z,semo_pub_dailyintconntc_202609220600,1019.8166666666667,1,504.0,2026-09-22T06:00:11Z,semo_pub_dailyintconntc_202609220600,1019.8166666666667,1,,,,,0,482.215,2026-09-22T18:14:23Z,semo_pub_15minaggwindfcst_202609221814,285.6166666666667,1,0
2026-09-23T00:00:00Z,2026-09-22T23:30:00Z,30,4175.0,2026-09-22T23:20:10Z,semo_pub_dailyloadfcst_202609222320,9.833333333333334,1,633.0,2026-09-22T23:20:10Z,semo_pub_dailyloadfcst_202609222320,9.833333333333334,1,3542.0,2026-09-22T23:20:10Z,semo_pub_dailyloadfcst_202609222320,9.833333333333334,1,500.0,2026-09-22T06:00:11Z,semo_pub_dailyintconntc_202609220600,1049.8166666666666,1,530.0,2026-09-22T06:00:11Z,semo_pub_dailyintconntc_202609220600,1049.8166666666666,1,513.0,2026-09-22T06:00:11Z,semo_pub_dailyintconntc_202609220600,1049.8166666666666,1,500.0,2026-09-22T06:00:11Z,semo_pub_dailyintconntc_202609220600,1049.8166666666666,1,500.0,2026-09-22T06:00:11Z,semo_pub_dailyintconntc_202609220600,1049.8166666666666,1,504.0,2026-09-22T06:00:11Z,semo_pub_dailyintconntc_202609220600,1049.8166666666666,1,,,,,0,482.215,2026-09-22T18:14:23Z,semo_pub_15minaggwindfcst_202609221814,315.6166666666667,1,0
2026-09-23T00:30:00Z,2026-09-22T23:30:00Z,60,4134.0,2026-09-22T23:20:10Z,semo_pub_dailyloadfcst_202609222320,9.833333333333334,1,626.0,2026-09-22T23:20:10Z,semo_pub_dailyloadfcst_202609222320,9.833333333333334,1,3508.0,2026-09-22T23:20:10Z,semo_pub_dailyloadfcst_202609222320,9.833333333333334,1,,,,,0,,,,,0,,,,,0,,,,,0,,,,,0,,,,,0,,,,,0,533.37,2026-09-22T18:14:23Z,semo_pub_15minaggwindfcst_202609221814,315.6166666666667,1,0
2026-09-23T00:30:00Z,2026-09-23T00:00:00Z,30,4134.0,2026-09-22T23:50:10Z,semo_pub_dailyloadfcst_202609222350,9.833333333333334,1,626.0,2026-09-22T23:50:10Z,semo_pub_dailyloadfcst_202609222350,9.833333333333334,1,3508.0,2026-09-22T23:50:10Z,semo_pub_dailyloadfcst_202609222350,9.833333333333334,1,,,,,0,,,,,0,,,,,0,,,,,0,,,,,0,,,,,0,,,,,0,533.37,2026-09-22T18:14:23Z,semo_pub_15minaggwindfcst_202609221814,345.6166666666667,1,0
2026-09-23T01:00:00Z,2026-09-23T00:00:00Z,60,4093.0,2026-09-22T23:50:10Z,semo_pub_dailyloadfcst_202609222350,9.833333333333334,1,616.0,2026-09-22T23:50:10Z,semo_pub_dailyloadfcst_202609222350,9.833333333333334,1,3477.0,2026-09-22T23:50:10Z,semo_pub_dailyloadfcst_202609222350,9.833333333333334,1,500.0,2026-09-22T06:00:11Z,semo_pub_dailyintconntc_202609220600,1079.8166666666666,1,530.0,2026-09-22T06:00:11Z,semo_pub_dailyintconntc_202609220600,1079.8166666666666,1,513.0,2026-09-22T06:00:11Z,semo_pub_dailyintconntc_202609220600,1079.8166666666666,1,500.0,2026-09-22T06:00:11Z,semo_pub_dailyintconntc_202609220600,1079.8166666666666,1,500.0,2026-09-22T06:00:11Z,semo_pub_dailyintconntc_202609220600,1079.8166666666666,1,504.0,2026-09-22T06:00:11Z,semo_pub_dailyintconntc_202609220600,1079.8166666666666,1,,,,,0,584.526,2026-09-22T18:14:23Z,semo_pub_15minaggwindfcst_202609221814,345.6166666666667,1,0
2026-09-23T01:00:00Z,2026-09-23T00:30:00Z,30,4093.0,2026-09-23T00:20:10Z,semo_pub_dailyloadfcst_202609230020,9.833333333333334,1,616.0,2026-09-23T00:20:10Z,semo_pub_dailyloadfcst_202609230020,9.833333333333334,1,3477.0,2026-09-23T00:20:10Z,semo_pub_dailyloadfcst_202609230020,9.833333333333334,1,500.0,2026-09-22T06:00:11Z,semo_pub_dailyintconntc_202609220600,1109.8166666666666,1,530.0,2026-09-22T06:00:11Z,semo_pub_dailyintconntc_202609220600,1109.8166666666666,1,513.0,2026-09-22T06:00:11Z,semo_pub_dailyintconntc_202609220600,1109.8166666666666,1,500.0,2026-09-22T06:00:11Z,semo_pub_dailyintconntc_202609220600,1109.8166666666666,1,500.0,2026-09-22T06:00:11Z,semo_pub_dailyintconntc_202609220600,1109.8166666666666,1,504.0,2026-09-22T06:00:11Z,semo_pub_dailyintconntc_202609220600,1109.8166666666666,1,,,,,0,370.996,2026-09-23T00:13:42Z,semo_pub_15minaggwindfcst_202609230013,16.3,1,0
2026-09-23T01:30:00Z,2026-09-23T00:30:00Z,60,4162.0,2026-09-23T00:20:10Z,semo_pub_dailyloadfcst_202609230020,9.833333333333334,1,631.0,2026-09-23T00:20:10Z,semo_pub_dailyloadfcst_202609230020,9.833333333333334,1,3531.0,2026-09-23T00:20:10Z,semo_pub_dailyloadfcst_202609230020,9.833333333333334,1,,,,,0,,,,,0,,,,,0,,,,,0,,,,,0,,,,,0,,,,,0,416.641,2026-09-23T00:13:42Z,semo_pub_15minaggwindfcst_202609230013,16.3,1,0
2026-09-23T01:30:00Z,2026-09-23T01:00:00Z,30,4162.0,2026-09-23T00:50:11Z,semo_pub_dailyloadfcst_202609230050,9.816666666666666,1,631.0,2026-09-23T00:50:11Z,semo_pub_dailyloadfcst_202609230050,9.816666666666666,1,3531.0,2026-09-23T00:50:11Z,semo_pub_dailyloadfcst_202609230050,9.816666666666666,1,,,,,0,,,,,0,,,,,0,,,,,0,,,,,0,,,,,0,,,,,0,416.641,2026-09-23T00:13:42Z,semo_pub_15minaggwindfcst_202609230013,46.3,1,0
2026-09-23T02:00:00Z,2026-09-23T01:00:00Z,60,4116.0,2026-09-23T00:50:11Z,semo_pub_dailyloadfcst_202609230050,9.816666666666666,1,620.0,2026-09-23T00:50:11Z,semo_pub_dailyloadfcst_202609230050,9.816666666666666,1,3496.0,2026-09-23T00:50:11Z,semo_pub_dailyloadfcst_202609230050,9.816666666666666,1,500.0,2026-09-22T06:00:11Z,semo_pub_dailyintconntc_202609220600,1139.8166666666666,1,530.0,2026-09-22T06:00:11Z,semo_pub_dailyintconntc_202609220600,1139.8166666666666,1,513.0,2026-09-22T06:00:11Z,semo_pub_dailyintconntc_202609220600,1139.8166666666666,1,500.0,2026-09-22T06:00:11Z,semo_pub_dailyintconntc_202609220600,1139.8166666666666,1,500.0,2026-09-22T06:00:11Z,semo_pub_dailyintconntc_202609220600,1139.8166666666666,1,504.0,2026-09-22T06:00:11Z,semo_pub_dailyintconntc_202609220600,1139.8166666666666,1,,,,,0,462.269,2026-09-23T00:13:42Z,semo_pub_15minaggwindfcst_202609230013,46.3,1,0
2026-09-23T02:00:00Z,2026-09-23T01:30:00Z,30,4116.0,2026-09-23T01:20:11Z,semo_pub_dailyloadfcst_202609230120,9.816666666666666,1,620.0,2026-09-23T01:20:11Z,semo_pub_dailyloadfcst_202609230120,9.816666666666666,1,3496.0,2026-09-23T01:20:11Z,semo_pub_dailyloadfcst_202609230120,9.816666666666666,1,500.0,2026-09-22T06:00:11Z,semo_pub_dailyintconntc_202609220600,1169.8166666666666,1,530.0,2026-09-22T06:00:11Z,semo_pub_dailyintconntc_202609220600,1169.8166666666666,1,513.0,2026-09-22T06:00:11Z,semo_pub_dailyintconntc_202609220600,1169.8166666666666,1,500.0,2026-09-22T06:00:11Z,semo_pub_dailyintconntc_202609220600,1169.8166666666666,1,500.0,2026-09-22T06:00:11Z,semo_pub_dailyintconntc_202609220600,1169.8166666666666,1,504.0,2026-09-22T06:00:11Z,semo_pub_dailyintconntc_202609220600,1169.8166666666666,1,,,,,0,462.269,2026-09-23T00:13:42Z,semo_pub_15minaggwindfcst_202609230013,76.3,1,0
2026-09-23T02:30:00Z,2026-09-23T01:30:00Z,60,4092.0,2026-09-23T01:20:11Z,semo_pub_dailyloadfcst_202609230120,9.816666666666666,1,616.0,2026-09-23T01:20:11Z,semo_pub_dailyloadfcst_202609230120,9.816666666666666,1,3476.0,2026-09-23T01:20:11Z,semo_pub_dailyloadfcst_202609230120,9.816666666666666,1,,,,,0,,,,,0,,,,,0,,,,,0,,,,,0,,,,,0,,,,,0,546.519,2026-09-23T00:13:42Z,semo_pub_15minaggwindfcst_202609230013,76.3,1,0
2026-09-23T02:30:00Z,2026-09-23T02:00:00Z,30,4092.0,2026-09-23T01:50:11Z,semo_pub_dailyloadfcst_202609230150,9.816666666666666,1,616.0,2026-09-23T01:50:11Z,semo_pub_dailyloadfcst_202609230150,9.816666666666666,1,3476.0,2026-09-23T01:50:11Z,semo_pub_dailyloadfcst_202609230150,9.816666666666666,1,,,,,0,,,,,0,,,,,0,,,,,0,,,,,0,,,,,0,,,,,0,546.519,2026-09-23T00:13:42Z,semo_pub_15minaggwindfcst_202609230013,106.3,1,0
2026-09-23T03:00:00Z,2026-09-23T02:00:00Z,60,4070.0,2026-09-23T01:50:11Z,semo_pub_dailyloadfcst_202609230150,9.816666666666666,1,610.0,2026-09-23T01:50:11Z,semo_pub_dailyloadfcst_202609230150,9.816666666666666,1,3460.0,2026-09-23T01:50:11Z,semo_pub_dailyloadfcst_202609230150,9.816666666666666,1,500.0,2026-09-22T06:00:11Z,semo_pub_dailyintconntc_202609220600,1199.8166666666666,1,530.0,2026-09-22T06:00:11Z,semo_pub_dailyintconntc_202609220600,1199.8166666666666,1,513.0,2026-09-22T06:00:11Z,semo_pub_dailyintconntc_202609220600,1199.8166666666666,1,500.0,2026-09-22T06:00:11Z,semo_pub_dailyintconntc_202609220600,1199.8166666666666,1,500.0,2026-09-22T06:00:11Z,semo_pub_dailyintconntc_202609220600,1199.8166666666666,1,504.0,2026-09-22T06:00:11Z,semo_pub_dailyintconntc_202609220600,1199.8166666666666,1,,,,,0,630.761,2026-09-23T00:13:42Z,semo_pub_15minaggwindfcst_202609230013,106.3,1,0
2026-09-23T03:00:00Z,2026-09-23T02:30:00Z,30,4070.0,2026-09-23T02:20:16Z,semo_pub_dailyloadfcst_202609230220,9.733333333333333,1,610.0,2026-09-23T02:20:16Z,semo_pub_dailyloadfcst_202609230220,9.733333333333333,1,3460.0,2026-09-23T02:20:16Z,semo_pub_dailyloadfcst_202609230220,9.733333333333333,1,500.0,2026-09-22T06:00:11Z,semo_pub_dailyintconntc_202609220600,1229.8166666666666,1,530.0,2026-09-22T06:00:11Z,semo_pub_dailyintconntc_202609220600,1229.8166666666666,1,513.0,2026-09-22T06:00:11Z,semo_pub_dailyintconntc_202609220600,1229.8166666666666,1,500.0,2026-09-22T06:00:11Z,semo_pub_dailyintconntc_202609220600,1229.8166666666666,1,500.0,2026-09-22T06:00:11Z,semo_pub_dailyintconntc_202609220600,1229.8166666666666,1,504.0,2026-09-22T06:00:11Z,semo_pub_dailyintconntc_202609220600,1229.8166666666666,1,,,,,0,630.761,2026-09-23T00:13:42Z,semo_pub_15minaggwindfcst_202609230013,136.3,1,0
2026-09-23T03:30:00Z,2026-09-23T02:30:00Z,60,4061.0,2026-09-23T02:20:16Z,semo_pub_dailyloadfcst_202609230220,9.733333333333333,1,611.0,2026-09-23T02:20:16Z,semo_pub_dailyloadfcst_202609230220,9.733333333333333,1,3450.0,2026-09-23T02:20:16Z,semo_pub_dailyloadfcst_202609230220,9.733333333333333,1,,,,,0,,,,,0,,,,,0,,,,,0,,,,,0,,,,,0,,,,,0,662.176,2026-09-23T00:13:42Z,semo_pub_15minaggwindfcst_202609230013,136.3,1,0
2026-09-23T03:30:00Z,2026-09-23T03:00:00Z,30,4061.0,2026-09-23T02:50:11Z,semo_pub_dailyloadfcst_202609230250,9.816666666666666,1,611.0,2026-09-23T02:50:11Z,semo_pub_dailyloadfcst_202609230250,9.816666666666666,1,3450.0,2026-09-23T02:50:11Z,semo_pub_dailyloadfcst_202609230250,9.816666666666666,1,,,,,0,,,,,0,,,,,0,,,,,0,,,,,0,,,,,0,,,,,0,662.176,2026-09-23T00:13:42Z,semo_pub_15minaggwindfcst_202609230013,166.3,1,0
2026-09-23T04:00:00Z,2026-09-23T03:00:00Z,60,4075.0,2026-09-23T02:50:11Z,semo_pub_dailyloadfcst_202609230250,9.816666666666666,1,616.0,2026-09-23T02:50:11Z,semo_pub_dailyloadfcst_202609230250,9.816666666666666,1,3459.0,2026-09-23T02:50:11Z,semo_pub_dailyloadfcst_202609230250,9.816666666666666,1,500.0,2026-09-22T06:00:11Z,semo_pub_dailyintconntc_202609220600,1259.8166666666666,1,530.0,2026-09-22T06:00:11Z,semo_pub_dailyintconntc_202609220600,1259.8166666666666,1,513.0,2026-09-22T06:00:11Z,semo_pub_dailyintconntc_202609220600,1259.8166666666666,1,500.0,2026-09-22T06:00:11Z,semo_pub_dailyintconntc_202609220600,1259.8166666666666,1,500.0,2026-09-22T06:00:11Z,semo_pub_dailyintconntc_202609220600,1259.8166666666666,1,504.0,2026-09-22T06:00:11Z,semo_pub_dailyintconntc_202609220600,1259.8166666666666,1,,,,,0,693.606,2026-09-23T00:13:42Z,semo_pub_15minaggwindfcst_202609230013,166.3,1,0
2026-09-23T04:00:00Z,2026-09-23T03:30:00Z,30,4075.0,2026-09-23T03:20:10Z,semo_pub_dailyloadfcst_202609230320,9.833333333333334,1,616.0,2026-09-23T03:20:10Z,semo_pub_dailyloadfcst_202609230320,9.833333333333334,1,3459.0,2026-09-23T03:20:10Z,semo_pub_dailyloadfcst_202609230320,9.833333333333334,1,500.0,2026-09-22T06:00:11Z,semo_pub_dailyintconntc_202609220600,1289.8166666666666,1,530.0,2026-09-22T06:00:11Z,semo_pub_dailyintconntc_202609220600,1289.8166666666666,1,513.0,2026-09-22T06:00:11Z,semo_pub_dailyintconntc_202609220600,1289.8166666666666,1,500.0,2026-09-22T06:00:11Z,semo_pub_dailyintconntc_202609220600,1289.8166666666666,1,500.0,2026-09-22T06:00:11Z,semo_pub_dailyintconntc_202609220600,1289.8166666666666,1,504.0,2026-09-22T06:00:11Z,semo_pub_dailyintconntc_202609220600,1289.8166666666666,1,,,,,0,693.606,2026-09-23T00:13:42Z,semo_pub_15minaggwindfcst_202609230013,196.3,1,0
2026-09-23T04:30:00Z,2026-09-23T03:30:00Z,60,4156.0,2026-09-23T03:20:10Z,semo_pub_dailyloadfcst_202609230320,9.833333333333334,1,635.0,2026-09-23T03:20:10Z,semo_pub_dailyloadfcst_202609230320,9.833333333333334,1,3521.0,2026-09-23T03:20:10Z,semo_pub_dailyloadfcst_202609230320,9.833333333333334,1,,,,,0,,,,,0,,,,,0,,,,,0,,,,,0,,,,,0,,,,,0,712.768,2026-09-23T00:13:42Z,semo_pub_15minaggwindfcst_202609230013,196.3,1,0
2026-09-23T04:30:00Z,2026-09-23T04:00:00Z,30,4206.0,2026-09-23T03:50:05Z,semo_pub_dailyloadfcst_202609230350,9.916666666666666,1,635.0,2026-09-23T03:50:05Z,semo_pub_dailyloadfcst_202609230350,9.916666666666666,1,3571.0,2026-09-23T03:50:05Z,semo_pub_dailyloadfcst_202609230350,9.916666666666666,1,,,,,0,,,,,0,,,,,0,,,,,0,,,,,0,,,,,0,,,,,0,712.768,2026-09-23T00:13:42Z,semo_pub_15minaggwindfcst_202609230013,226.3,1,0
2026-09-23T05:00:00Z,2026-09-23T04:00:00Z,60,4376.0,2026-09-23T03:50:05Z,semo_pub_dailyloadfcst_202609230350,9.916666666666666,1,687.0,2026-09-23T03:50:05Z,semo_pub_dailyloadfcst_202609230350,9.916666666666666,1,3689.0,2026-09-23T03:50:05Z,semo_pub_dailyloadfcst_202609230350,9.916666666666666,1,500.0,2026-09-22T06:00:11Z,semo_pub_dailyintconntc_202609220600,1319.8166666666666,1,530.0,2026-09-22T06:00:11Z,semo_pub_dailyintconntc_202609220600,1319.8166666666666,1,513.0,2026-09-22T06:00:11Z,semo_pub_dailyintconntc_202609220600,1319.8166666666666,1,500.0,2026-09-22T06:00:11Z,semo_pub_dailyintconntc_202609220600,1319.8166666666666,1,500.0,2026-09-22T06:00:11Z,semo_pub_dailyintconntc_202609220600,1319.8166666666666,1,504.0,2026-09-22T06:00:11Z,semo_pub_dailyintconntc_202609220600,1319.8166666666666,1,,,,,0,731.953,2026-09-23T00:13:42Z,semo_pub_15minaggwindfcst_202609230013,226.3,1,0
2026-09-23T05:00:00Z,2026-09-23T04:30:00Z,30,4376.0,2026-09-23T04:20:11Z,semo_pub_dailyloadfcst_202609230420,9.816666666666666,1,687.0,2026-09-23T04:20:11Z,semo_pub_dailyloadfcst_202609230420,9.816666666666666,1,3689.0,2026-09-23T04:20:11Z,semo_pub_dailyloadfcst_202609230420,9.816666666666666,1,500.0,2026-09-22T06:00:11Z,semo_pub_dailyintconntc_202609220600,1349.8166666666666,1,530.0,2026-09-22T06:00:11Z,semo_pub_dailyintconntc_202609220600,1349.8166666666666,1,513.0,2026-09-22T06:00:11Z,semo_pub_dailyintconntc_202609220600,1349.8166666666666,1,500.0,2026-09-22T06:00:11Z,semo_pub_dailyintconntc_202609220600,1349.8166666666666,1,500.0,2026-09-22T06:00:11Z,semo_pub_dailyintconntc_202609220600,1349.8166666666666,1,504.0,2026-09-22T06:00:11Z,semo_pub_dailyintconntc_202609220600,1349.8166666666666,1,,,,,0,731.953,2026-09-23T00:13:42Z,semo_pub_15minaggwindfcst_202609230013,256.3,1,0
2026-09-23T05:30:00Z,2026-09-23T04:30:00Z,60,4676.0,2026-09-23T04:20:11Z,semo_pub_dailyloadfcst_202609230420,9.816666666666666,1,770.0,2026-09-23T04:20:11Z,semo_pub_dailyloadfcst_202609230420,9.816666666666666,1,3906.0,2026-09-23T04:20:11Z,semo_pub_dailyloadfcst_202609230420,9.816666666666666,1,,,,,0,,,,,0,,,,,0,,,,,0,,,,,0,,,,,0,,,,,0,735.936,2026-09-23T00:13:42Z,semo_pub_15minaggwindfcst_202609230013,256.3,1,0
2026-09-23T05:30:00Z,2026-09-23T05:00:00Z,30,4676.0,2026-09-23T04:50:15Z,semo_pub_dailyloadfcst_202609230450,9.75,1,770.0,2026-09-23T04:50:15Z,semo_pub_dailyloadfcst_202609230450,9.75,1,3906.0,2026-09-23T04:50:15Z,semo_pub_dailyloadfcst_202609230450,9.75,1,,,,,0,,,,,0,,,,,0,,,,,0,,,,,0,,,,,0,,,,,0,735.936,2026-09-23T00:13:42Z,semo_pub_15minaggwindfcst_202609230013,286.3,1,0
2026-09-23T06:00:00Z,2026-09-23T05:00:00Z,60,5037.0,2026-09-23T04:50:15Z,semo_pub_dailyloadfcst_202609230450,9.75,1,866.0,2026-09-23T04:50:15Z,semo_pub_dailyloadfcst_202609230450,9.75,1,4171.0,2026-09-23T04:50:15Z,semo_pub_dailyloadfcst_202609230450,9.75,1,500.0,2026-09-22T06:00:11Z,semo_pub_dailyintconntc_202609220600,1379.8166666666666,1,530.0,2026-09-22T06:00:11Z,semo_pub_dailyintconntc_202609220600,1379.8166666666666,1,513.0,2026-09-22T06:00:11Z,semo_pub_dailyintconntc_202609220600,1379.8166666666666,1,500.0,2026-09-22T06:00:11Z,semo_pub_dailyintconntc_202609220600,1379.8166666666666,1,500.0,2026-09-22T06:00:11Z,semo_pub_dailyintconntc_202609220600,1379.8166666666666,1,504.0,2026-09-22T06:00:11Z,semo_pub_dailyintconntc_202609220600,1379.8166666666666,1,,,,,0,739.918,2026-09-23T00:13:42Z,semo_pub_15minaggwindfcst_202609230013,286.3,1,0
2026-09-23T06:00:00Z,2026-09-23T05:30:00Z,30,5037.0,2026-09-23T05:20:10Z,semo_pub_dailyloadfcst_202609230520,9.833333333333334,1,866.0,2026-09-23T05:20:10Z,semo_pub_dailyloadfcst_202609230520,9.833333333333334,1,4171.0,2026-09-23T05:20:10Z,semo_pub_dailyloadfcst_202609230520,9.833333333333334,1,500.0,2026-09-22T06:00:11Z,semo_pub_dailyintconntc_202609220600,1409.8166666666666,1,530.0,2026-09-22T06:00:11Z,semo_pub_dailyintconntc_202609220600,1409.8166666666666,1,513.0,2026-09-22T06:00:11Z,semo_pub_dailyintconntc_202609220600,1409.8166666666666,1,500.0,2026-09-22T06:00:11Z,semo_pub_dailyintconntc_202609220600,1409.8166666666666,1,500.0,2026-09-22T06:00:11Z,semo_pub_dailyintconntc_202609220600,1409.8166666666666,1,504.0,2026-09-22T06:00:11Z,semo_pub_dailyintconntc_202609220600,1409.8166666666666,1,,,,,0,739.918,2026-09-23T00:13:42Z,semo_pub_15minaggwindfcst_202609230013,316.3,1,0
2026-09-23T06:30:00Z,2026-09-23T05:30:00Z,60,5425.0,2026-09-23T05:20:10Z,semo_pub_dailyloadfcst_202609230520,9.833333333333334,1,951.0,2026-09-23T05:20:10Z,semo_pub_dailyloadfcst_202609230520,9.833333333333334,1,4474.0,2026-09-23T05:20:10Z,semo_pub_dailyloadfcst_202609230520,9.833333333333334,1,,,,,0,,,,,0,,,,,0,,,,,0,,,,,0,,,,,0,,,,,0,736.977,2026-09-23T00:13:42Z,semo_pub_15minaggwindfcst_202609230013,316.3,1,0
2026-09-23T06:30:00Z,2026-09-23T06:00:00Z,30,5425.0,2026-09-23T05:50:11Z,semo_pub_dailyloadfcst_202609230550,9.816666666666666,1,951.0,2026-09-23T05:50:11Z,semo_pub_dailyloadfcst_202609230550,9.816666666666666,1,4474.0,2026-09-23T05:50:11Z,semo_pub_dailyloadfcst_202609230550,9.816666666666666,1,,,,,0,,,,,0,,,,,0,,,,,0,,,,,0,,,,,0,,,,,0,736.977,2026-09-23T00:13:42Z,semo_pub_15minaggwindfcst_202609230013,346.3,1,0
2026-09-23T07:00:00Z,2026-09-23T06:00:00Z,60,5600.0,2026-09-23T05:50:11Z,semo_pub_dailyloadfcst_202609230550,9.816666666666666,1,1011.0,2026-09-23T05:50:11Z,semo_pub_dailyloadfcst_202609230550,9.816666666666666,1,4589.0,2026-09-23T05:50:11Z,semo_pub_dailyloadfcst_202609230550,9.816666666666666,1,500.0,2026-09-22T06:00:11Z,semo_pub_dailyintconntc_202609220600,1439.8166666666666,1,530.0,2026-09-22T06:00:11Z,semo_pub_dailyintconntc_202609220600,1439.8166666666666,1,513.0,2026-09-22T06:00:11Z,semo_pub_dailyintconntc_202609220600,1439.8166666666666,1,500.0,2026-09-22T06:00:11Z,semo_pub_dailyintconntc_202609220600,1439.8166666666666,1,500.0,2026-09-22T06:00:11Z,semo_pub_dailyintconntc_202609220600,1439.8166666666666,1,504.0,2026-09-22T06:00:11Z,semo_pub_dailyintconntc_202609220600,1439.8166666666666,1,,,,,0,734.023,2026-09-23T00:13:42Z,semo_pub_15minaggwindfcst_202609230013,346.3,1,0
2026-09-23T07:00:00Z,2026-09-23T06:30:00Z,30,5600.0,2026-09-23T06:20:15Z,semo_pub_dailyloadfcst_202609230620,9.75,1,1011.0,2026-09-23T06:20:15Z,semo_pub_dailyloadfcst_202609230620,9.75,1,4589.0,2026-09-23T06:20:15Z,semo_pub_dailyloadfcst_202609230620,9.75,1,500.0,2026-09-23T06:00:11Z,semo_pub_dailyintconntc_202609230600,29.816666666666666,1,530.0,2026-09-23T06:00:11Z,semo_pub_dailyintconntc_202609230600,29.816666666666666,1,513.0,2026-09-23T06:00:11Z,semo_pub_dailyintconntc_202609230600,29.816666666666666,1,500.0,2026-09-23T06:00:11Z,semo_pub_dailyintconntc_202609230600,29.816666666666666,1,500.0,2026-09-23T06:00:11Z,semo_pub_dailyintconntc_202609230600,29.816666666666666,1,504.0,2026-09-23T06:00:11Z,semo_pub_dailyintconntc_202609230600,29.816666666666666,1,,,,,0,725.249,2026-09-23T06:14:18Z,semo_pub_15minaggwindfcst_202609230614,15.7,1,0
2026-09-23T07:30:00Z,2026-09-23T06:30:00Z,60,5648.0,2026-09-23T06:20:15Z,semo_pub_dailyloadfcst_202609230620,9.75,1,1035.0,2026-09-23T06:20:15Z,semo_pub_dailyloadfcst_202609230620,9.75,1,4613.0,2026-09-23T06:20:15Z,semo_pub_dailyloadfcst_202609230620,9.75,1,,,,,0,,,,,0,,,,,0,,,,,0,,,,,0,,,,,0,,,,,0,834.352,2026-09-23T06:14:18Z,semo_pub_15minaggwindfcst_202609230614,15.7,1,0
2026-09-23T07:30:00Z,2026-09-23T07:00:00Z,30,5648.0,2026-09-23T06:50:11Z,semo_pub_dailyloadfcst_202609230650,9.816666666666666,1,1035.0,2026-09-23T06:50:11Z,semo_pub_dailyloadfcst_202609230650,9.816666666666666,1,4613.0,2026-09-23T06:50:11Z,semo_pub_dailyloadfcst_202609230650,9.816666666666666,1,,,,,0,,,,,0,,,,,0,,,,,0,,,,,0,,,,,0,,,,,0,834.352,2026-09-23T06:14:18Z,semo_pub_15minaggwindfcst_202609230614,45.7,1,0
2026-09-23T08:00:00Z,2026-09-23T07:00:00Z,60,5605.0,2026-09-23T06:50:11Z,semo_pub_dailyloadfcst_202609230650,9.816666666666666,1,1033.0,2026-09-23T06:50:11Z,semo_pub_dailyloadfcst_202609230650,9.816666666666666,1,4572.0,2026-09-23T06:50:11Z,semo_pub_dailyloadfcst_202609230650,9.816666666666666,1,500.0,2026-09-23T06:00:11Z,semo_pub_dailyintconntc_202609230600,59.81666666666667,1,530.0,2026-09-23T06:00:11Z,semo_pub_dailyintconntc_202609230600,59.81666666666667,1,513.0,2026-09-23T06:00:11Z,semo_pub_dailyintconntc_202609230600,59.81666666666667,1,500.0,2026-09-23T06:00:11Z,semo_pub_dailyintconntc_202609230600,59.81666666666667,1,500.0,2026-09-23T06:00:11Z,semo_pub_dailyintconntc_202609230600,59.81666666666667,1,504.0,2026-09-23T06:00:11Z,semo_pub_dailyintconntc_202609230600,59.81666666666667,1,,,,,0,943.447,2026-09-23T06:14:18Z,semo_pub_15minaggwindfcst_202609230614,45.7,1,0
2026-09-23T08:00:00Z,2026-09-23T07:30:00Z,30,5605.0,2026-09-23T07:20:15Z,semo_pub_dailyloadfcst_202609230720,9.75,1,1033.0,2026-09-23T07:20:15Z,semo_pub_dailyloadfcst_202609230720,9.75,1,4572.0,2026-09-23T07:20:15Z,semo_pub_dailyloadfcst_202609230720,9.75,1,500.0,2026-09-23T06:00:11Z,semo_pub_dailyintconntc_202609230600,89.81666666666666,1,530.0,2026-09-23T06:00:11Z,semo_pub_dailyintconntc_202609230600,89.81666666666666,1,513.0,2026-09-23T06:00:11Z,semo_pub_dailyintconntc_202609230600,89.81666666666666,1,500.0,2026-09-23T06:00:11Z,semo_pub_dailyintconntc_202609230600,89.81666666666666,1,500.0,2026-09-23T06:00:11Z,semo_pub_dailyintconntc_202609230600,89.81666666666666,1,504.0,2026-09-23T06:00:11Z,semo_pub_dailyintconntc_202609230600,89.81666666666666,1,,,,,0,943.447,2026-09-23T06:14:18Z,semo_pub_15minaggwindfcst_202609230614,75.7,1,0
2026-09-23T08:30:00Z,2026-09-23T07:30:00Z,60,5581.0,2026-09-23T07:20:15Z,semo_pub_dailyloadfcst_202609230720,9.75,1,1030.0,2026-09-23T07:20:15Z,semo_pub_dailyloadfcst_202609230720,9.75,1,4551.0,2026-09-23T07:20:15Z,semo_pub_dailyloadfcst_202609230720,9.75,1,,,,,0,,,,,0,,,,,0,,,,,0,,,,,0,,,,,0,,,,,0,1109.079,2026-09-23T06:14:18Z,semo_pub_15minaggwindfcst_202609230614,75.7,1,0
2026-09-23T08:30:00Z,2026-09-23T08:00:00Z,30,5581.0,2026-09-23T07:50:15Z,semo_pub_dailyloadfcst_202609230750,9.75,1,1030.0,2026-09-23T07:50:15Z,semo_pub_dailyloadfcst_202609230750,9.75,1,4551.0,2026-09-23T07:50:15Z,semo_pub_dailyloadfcst_202609230750,9.75,1,,,,,0,,,,,0,,,,,0,,,,,0,,,,,0,,,,,0,,,,,0,1109.079,2026-09-23T06:14:18Z,semo_pub_15minaggwindfcst_202609230614,105.7,1,0
2026-09-23T09:00:00Z,2026-09-23T08:00:00Z,60,5478.0,2026-09-23T07:50:15Z,semo_pub_dailyloadfcst_202609230750,9.75,1,1003.0,2026-09-23T07:50:15Z,semo_pub_dailyloadfcst_202609230750,9.75,1,4475.0,2026-09-23T07:50:15Z,semo_pub_dailyloadfcst_202609230750,9.75,1,500.0,2026-09-23T06:00:11Z,semo_pub_dailyintconntc_202609230600,119.81666666666666,1,530.0,2026-09-23T06:00:11Z,semo_pub_dailyintconntc_202609230600,119.81666666666666,1,513.0,2026-09-23T06:00:11Z,semo_pub_dailyintconntc_202609230600,119.81666666666666,1,500.0,2026-09-23T06:00:11Z,semo_pub_dailyintconntc_202609230600,119.81666666666666,1,500.0,2026-09-23T06:00:11Z,semo_pub_dailyintconntc_202609230600,119.81666666666666,1,504.0,2026-09-23T06:00:11Z,semo_pub_dailyintconntc_202609230600,119.81666666666666,1,,,,,0,1274.705,2026-09-23T06:14:18Z,semo_pub_15minaggwindfcst_202609230614,105.7,1,0
2026-09-23T09:00:00Z,2026-09-23T08:30:00Z,30,5478.0,2026-09-23T08:20:11Z,semo_pub_dailyloadfcst_202609230820,9.816666666666666,1,1003.0,2026-09-23T08:20:11Z,semo_pub_dailyloadfcst_202609230820,9.816666666666666,1,4475.0,2026-09-23T08:20:11Z,semo_pub_dailyloadfcst_202609230820,9.816666666666666,1,500.0,2026-09-23T06:00:11Z,semo_pub_dailyintconntc_202609230600,149.81666666666666,1,530.0,2026-09-23T06:00:11Z,semo_pub_dailyintconntc_202609230600,149.81666666666666,1,513.0,2026-09-23T06:00:11Z,semo_pub_dailyintconntc_202609230600,149.81666666666666,1,500.0,2026-09-23T06:00:11Z,semo_pub_dailyintconntc_202609230600,149.81666666666666,1,500.0,2026-09-23T06:00:11Z,semo_pub_dailyintconntc_202609230600,149.81666666666666,1,504.0,2026-09-23T06:00:11Z,semo_pub_dailyintconntc_202609230600,149.81666666666666,1,,,,,0,1274.705,2026-09-23T06:14:18Z,semo_pub_15minaggwindfcst_202609230614,135.7,1,0
2026-09-23T09:30:00Z,2026-09-23T08:30:00Z,60,5357.0,2026-09-23T08:20:11Z,semo_pub_dailyloadfcst_202609230820,9.816666666666666,1,983.0,2026-09-23T08:20:11Z,semo_pub_dailyloadfcst_202609230820,9.816666666666666,1,4374.0,2026-09-23T08:20:11Z,semo_pub_dailyloadfcst_202609230820,9.816666666666666,1,,,,,0,,,,,0,,,,,0,,,,,0,,,,,0,,,,,0,,,,,0,1417.982,2026-09-23T06:14:18Z,semo_pub_15minaggwindfcst_202609230614,135.7,1,0
2026-09-23T09:30:00Z,2026-09-23T09:00:00Z,30,5357.0,2026-09-23T08:50:10Z,semo_pub_dailyloadfcst_202609230850,9.833333333333334,1,983.0,2026-09-23T08:50:10Z,semo_pub_dailyloadfcst_202609230850,9.833333333333334,1,4374.0,2026-09-23T08:50:10Z,semo_pub_dailyloadfcst_202609230850,9.833333333333334,1,,,,,0,,,,,0,,,,,0,,,,,0,,,,,0,,,,,0,,,,,0,1417.982,2026-09-23T06:14:18Z,semo_pub_15minaggwindfcst_202609230614,165.7,1,0
2026-09-23T10:00:00Z,2026-09-23T09:00:00Z,60,5326.0,2026-09-23T08:50:10Z,semo_pub_dailyloadfcst_202609230850,9.833333333333334,1,972.0,2026-09-23T08:50:10Z,semo_pub_dailyloadfcst_202609230850,9.833333333333334,1,4354.0,2026-09-23T08:50:10Z,semo_pub_dailyloadfcst_202609230850,9.833333333333334,1,500.0,2026-09-23T06:00:11Z,semo_pub_dailyintconntc_202609230600,179.81666666666666,1,530.0,2026-09-23T06:00:11Z,semo_pub_dailyintconntc_202609230600,179.81666666666666,1,513.0,2026-09-23T06:00:11Z,semo_pub_dailyintconntc_202609230600,179.81666666666666,1,500.0,2026-09-23T06:00:11Z,semo_pub_dailyintconntc_202609230600,179.81666666666666,1,500.0,2026-09-23T06:00:11Z,semo_pub_dailyintconntc_202609230600,179.81666666666666,1,504.0,2026-09-23T06:00:11Z,semo_pub_dailyintconntc_202609230600,179.81666666666666,1,,,,,0,1561.257,2026-09-23T06:14:18Z,semo_pub_15minaggwindfcst_202609230614,165.7,1,0
2026-09-23T10:00:00Z,2026-09-23T09:30:00Z,30,5326.0,2026-09-23T09:20:16Z,semo_pub_dailyloadfcst_202609230920,9.733333333333333,1,972.0,2026-09-23T09:20:16Z,semo_pub_dailyloadfcst_202609230920,9.733333333333333,1,4354.0,2026-09-23T09:20:16Z,semo_pub_dailyloadfcst_202609230920,9.733333333333333,1,500.0,2026-09-23T06:00:11Z,semo_pub_dailyintconntc_202609230600,209.81666666666666,1,530.0,2026-09-23T06:00:11Z,semo_pub_dailyintconntc_202609230600,209.81666666666666,1,513.0,2026-09-23T06:00:11Z,semo_pub_dailyintconntc_202609230600,209.81666666666666,1,500.0,2026-09-23T06:00:11Z,semo_pub_dailyintconntc_202609230600,209.81666666666666,1,500.0,2026-09-23T06:00:11Z,semo_pub_dailyintconntc_202609230600,209.81666666666666,1,504.0,2026-09-23T06:00:11Z,semo_pub_dailyintconntc_202609230600,209.81666666666666,1,,,,,0,1561.257,2026-09-23T06:14:18Z,semo_pub_15minaggwindfcst_202609230614,195.7,1,0
2026-09-23T10:30:00Z,2026-09-23T09:30:00Z,60,5206.0,2026-09-23T09:20:16Z,semo_pub_dailyloadfcst_202609230920,9.733333333333333,1,947.0,2026-09-23T09:20:16Z,semo_pub_dailyloadfcst_202609230920,9.733333333333333,1,4259.0,2026-09-23T09:20:16Z,semo_pub_dailyloadfcst_202609230920,9.733333333333333,1,,,,,0,,,,,0,,,,,0,,,,,0,,,,,0,,,,,0,,,,,0,1626.053,2026-09-23T06:14:18Z,semo_pub_15minaggwindfcst_202609230614,195.7,1,0
2026-09-23T10:30:00Z,2026-09-23T10:00:00Z,30,5206.0,2026-09-23T09:50:21Z,semo_pub_dailyloadfcst_202609230950,9.65,1,947.0,2026-09-23T09:50:21Z,semo_pub_dailyloadfcst_202609230950,9.65,1,4259.0,2026-09-23T09:50:21Z,semo_pub_dailyloadfcst_202609230950,9.65,1,,,,,0,,,,,0,,,,,0,,,,,0,,,,,0,,,,,0,,,,,0,1626.053,2026-09-23T06:14:18Z,semo_pub_15minaggwindfcst_202609230614,225.7,1,0
2026-09-23T11:00:00Z,2026-09-23T10:00:00Z,60,5169.0,2026-09-23T09:50:21Z,semo_pub_dailyloadfcst_202609230950,9.65,1,942.0,2026-09-23T09:50:21Z,semo_pub_dailyloadfcst_202609230950,9.65,1,4227.0,2026-09-23T09:50:21Z,semo_pub_dailyloadfcst_202609230950,9.65,1,500.0,2026-09-23T06:00:11Z,semo_pub_dailyintconntc_202609230600,239.81666666666666,1,530.0,2026-09-23T06:00:11Z,semo_pub_dailyintconntc_202609230600,239.81666666666666,1,513.0,2026-09-23T06:00:11Z,semo_pub_dailyintconntc_202609230600,239.81666666666666,1,500.0,2026-09-23T06:00:11Z,semo_pub_dailyintconntc_202609230600,239.81666666666666,1,500.0,2026-09-23T06:00:11Z,semo_pub_dailyintconntc_202609230600,239.81666666666666,1,504.0,2026-09-23T06:00:11Z,semo_pub_dailyintconntc_202609230600,239.81666666666666,1,,,,,0,1690.867,2026-09-23T06:14:18Z,semo_pub_15minaggwindfcst_202609230614,225.7,1,0
2026-09-23T11:00:00Z,2026-09-23T10:30:00Z,30,5169.0,2026-09-23T10:20:05Z,semo_pub_dailyloadfcst_202609231020,9.916666666666666,1,942.0,2026-09-23T10:20:05Z,semo_pub_dailyloadfcst_202609231020,9.916666666666666,1,4227.0,2026-09-23T10:20:05Z,semo_pub_dailyloadfcst_202609231020,9.916666666666666,1,500.0,2026-09-23T06:00:11Z,semo_pub_dailyintconntc_202609230600,269.81666666666666,1,530.0,2026-09-23T06:00:11Z,semo_pub_dailyintconntc_202609230600,269.81666666666666,1,513.0,2026-09-23T06:00:11Z,semo_pub_dailyintconntc_202609230600,269.81666666666666,1,500.0,2026-09-23T06:00:11Z,semo_pub_dailyintconntc_202609230600,269.81666666666666,1,500.0,2026-09-23T06:00:11Z,semo_pub_dailyintconntc_202609230600,269.81666666666666,1,504.0,2026-09-23T06:00:11Z,semo_pub_dailyintconntc_202609230600,269.81666666666666,1,,,,,0,1690.867,2026-09-23T06:14:18Z,semo_pub_15minaggwindfcst_202609230614,255.7,1,0
2026-09-23T11:30:00Z,2026-09-23T10:30:00Z,60,5200.0,2026-09-23T10:20:05Z,semo_pub_dailyloadfcst_202609231020,9.916666666666666,1,943.0,2026-09-23T10:20:05Z,semo_pub_dailyloadfcst_202609231020,9.916666666666666,1,4257.0,2026-09-23T10:20:05Z,semo_pub_dailyloadfcst_202609231020,9.916666666666666,1,,,,,0,,,,,0,,,,,0,,,,,0,,,,,0,,,,,0,,,,,0,1677.176,2026-09-23T06:14:18Z,semo_pub_15minaggwindfcst_202609230614,255.7,1,0
2026-09-23T11:30:00Z,2026-09-23T11:00:00Z,30,5200.0,2026-09-23T10:50:11Z,semo_pub_dailyloadfcst_202609231050,9.816666666666666,1,943.0,2026-09-23T10:50:11Z,semo_pub_dailyloadfcst_202609231050,9.816666666666666,1,4257.0,2026-09-23T10:50:11Z,semo_pub_dailyloadfcst_202609231050,9.816666666666666,1,,,,,0,,,,,0,,,,,0,,,,,0,,,,,0,,,,,0,,,,,0,1677.176,2026-09-23T06:14:18Z,semo_pub_15minaggwindfcst_202609230614,285.7,1,0
2026-09-23T12:00:00Z,2026-09-23T11:00:00Z,60,5179.0,2026-09-23T10:50:11Z,semo_pub_dailyloadfcst_202609231050,9.816666666666666,1,932.0,2026-09-23T10:50:11Z,semo_pub_dailyloadfcst_202609231050,9.816666666666666,1,4247.0,2026-09-23T10:50:11Z,semo_pub_dailyloadfcst_202609231050,9.816666666666666,1,500.0,2026-09-23T06:00:11Z,semo_pub_dailyintconntc_202609230600,299.81666666666666,1,530.0,2026-09-23T06:00:11Z,semo_pub_dailyintconntc_202609230600,299.81666666666666,1,513.0,2026-09-23T06:00:11Z,semo_pub_dailyintconntc_202609230600,299.81666666666666,1,500.0,2026-09-23T06:00:11Z,semo_pub_dailyintconntc_202609230600,299.81666666666666,1,500.0,2026-09-23T06:00:11Z,semo_pub_dailyintconntc_202609230600,299.81666666666666,1,504.0,2026-09-23T06:00:11Z,semo_pub_dailyintconntc_202609230600,299.81666666666666,1,,,,,0,1663.525,2026-09-23T06:14:18Z,semo_pub_15minaggwindfcst_202609230614,285.7,1,0
2026-09-23T12:00:00Z,2026-09-23T11:30:00Z,30,5179.0,2026-09-23T11:20:16Z,semo_pub_dailyloadfcst_202609231120,9.733333333333333,1,932.0,2026-09-23T11:20:16Z,semo_pub_dailyloadfcst_202609231120,9.733333333333333,1,4247.0,2026-09-23T11:20:16Z,semo_pub_dailyloadfcst_202609231120,9.733333333333333,1,500.0,2026-09-23T06:00:11Z,semo_pub_dailyintconntc_202609230600,329.81666666666666,1,530.0,2026-09-23T06:00:11Z,semo_pub_dailyintconntc_202609230600,329.81666666666666,1,513.0,2026-09-23T06:00:11Z,semo_pub_dailyintconntc_202609230600,329.81666666666666,1,500.0,2026-09-23T06:00:11Z,semo_pub_dailyintconntc_202609230600,329.81666666666666,1,500.0,2026-09-23T06:00:11Z,semo_pub_dailyintconntc_202609230600,329.81666666666666,1,504.0,2026-09-23T06:00:11Z,semo_pub_dailyintconntc_202609230600,329.81666666666666,1,,,,,0,1663.525,2026-09-23T06:14:18Z,semo_pub_15minaggwindfcst_202609230614,315.7,1,0
2026-09-23T12:30:00Z,2026-09-23T11:30:00Z,60,5122.0,2026-09-23T11:20:16Z,semo_pub_dailyloadfcst_202609231120,9.733333333333333,1,904.0,2026-09-23T11:20:16Z,semo_pub_dailyloadfcst_202609231120,9.733333333333333,1,4218.0,2026-09-23T11:20:16Z,semo_pub_dailyloadfcst_202609231120,9.733333333333333,1,,,,,0,,,,,0,,,,,0,,,,,0,,,,,0,,,,,0,,,,,0,1577.803,2026-09-23T06:14:18Z,semo_pub_15minaggwindfcst_202609230614,315.7,1,0
2026-09-23T12:30:00Z,2026-09-23T12:00:00Z,30,5122.0,2026-09-23T11:50:12Z,semo_pub_dailyloadfcst_202609231150,9.8,1,904.0,2026-09-23T11:50:12Z,semo_pub_dailyloadfcst_202609231150,9.8,1,4218.0,2026-09-23T11:50:12Z,semo_pub_dailyloadfcst_202609231150,9.8,1,,,,,0,,,,,0,,,,,0,,,,,0,,,,,0,,,,,0,,,,,0,1577.803,2026-09-23T06:14:18Z,semo_pub_15minaggwindfcst_202609230614,345.7,1,0
2026-09-23T13:00:00Z,2026-09-23T12:00:00Z,60,5101.0,2026-09-23T11:50:12Z,semo_pub_dailyloadfcst_202609231150,9.8,1,895.0,2026-09-23T11:50:12Z,semo_pub_dailyloadfcst_202609231150,9.8,1,4206.0,2026-09-23T11:50:12Z,semo_pub_dailyloadfcst_202609231150,9.8,1,500.0,2026-09-23T06:00:11Z,semo_pub_dailyintconntc_202609230600,359.81666666666666,1,530.0,2026-09-23T06:00:11Z,semo_pub_dailyintconntc_202609230600,359.81666666666666,1,513.0,2026-09-23T06:00:11Z,semo_pub_dailyintconntc_202609230600,359.81666666666666,1,500.0,2026-09-23T06:00:11Z,semo_pub_dailyintconntc_202609230600,359.81666666666666,1,500.0,2026-09-23T06:00:11Z,semo_pub_dailyintconntc_202609230600,359.81666666666666,1,504.0,2026-09-23T06:00:11Z,semo_pub_dailyintconntc_202609230600,359.81666666666666,1,,,,,0,1492.103,2026-09-23T06:14:18Z,semo_pub_15minaggwindfcst_202609230614,345.7,1,0
2026-09-23T13:00:00Z,2026-09-23T12:30:00Z,30,5101.0,2026-09-23T12:20:17Z,semo_pub_dailyloadfcst_202609231220,9.716666666666667,1,895.0,2026-09-23T12:20:17Z,semo_pub_dailyloadfcst_202609231220,9.716666666666667,1,4206.0,2026-09-23T12:20:17Z,semo_pub_dailyloadfcst_202609231220,9.716666666666667,1,500.0,2026-09-23T06:00:11Z,semo_pub_dailyintconntc_202609230600,389.81666666666666,1,530.0,2026-09-23T06:00:11Z,semo_pub_dailyintconntc_202609230600,389.81666666666666,1,513.0,2026-09-23T06:00:11Z,semo_pub_dailyintconntc_202609230600,389.81666666666666,1,500.0,2026-09-23T06:00:11Z,semo_pub_dailyintconntc_202609230600,389.81666666666666,1,500.0,2026-09-23T06:00:11Z,semo_pub_dailyintconntc_202609230600,389.81666666666666,1,504.0,2026-09-23T06:00:11Z,semo_pub_dailyintconntc_202609230600,389.81666666666666,1,,,,,0,1509.143,2026-09-23T12:23:53Z,semo_pub_15minaggwindfcst_202609231223,6.116666666666666,1,0
2026-09-23T13:30:00Z,2026-09-23T12:30:00Z,60,5122.0,2026-09-23T12:20:17Z,semo_pub_dailyloadfcst_202609231220,9.716666666666667,1,900.0,2026-09-23T12:20:17Z,semo_pub_dailyloadfcst_202609231220,9.716666666666667,1,4222.0,2026-09-23T12:20:17Z,semo_pub_dailyloadfcst_202609231220,9.716666666666667,1,,,,,0,,,,,0,,,,,0,,,,,0,,,,,0,,,,,0,,,,,0,1407.504,2026-09-23T12:23:53Z,semo_pub_15minaggwindfcst_202609231223,6.116666666666666,1,0
2026-09-23T13:30:00Z,2026-09-23T13:00:00Z,30,5098.0,2026-09-23T12:50:16Z,semo_pub_dailyloadfcst_202609231250,9.733333333333333,1,876.0,2026-09-23T12:50:16Z,semo_pub_dailyloadfcst_202609231250,9.733333333333333,1,4222.0,2026-09-23T12:50:16Z,semo_pub_dailyloadfcst_202609231250,9.733333333333333,1,,,,,0,,,,,0,,,,,0,,,,,0,,,,,0,,,,,0,,,,,0,1407.504,2026-09-23T12:23:53Z,semo_pub_15minaggwindfcst_202609231223,36.11666666666667,1,0
2026-09-23T14:00:00Z,2026-09-23T13:00:00Z,60,5137.0,2026-09-23T12:50:16Z,semo_pub_dailyloadfcst_202609231250,9.733333333333333,1,878.0,2026-09-23T12:50:16Z,semo_pub_dailyloadfcst_202609231250,9.733333333333333,1,4259.0,2026-09-23T12:50:16Z,semo_pub_dailyloadfcst_202609231250,9.733333333333333,1,500.0,2026-09-23T06:00:11Z,semo_pub_dailyintconntc_202609230600,419.81666666666666,1,530.0,2026-09-23T06:00:11Z,semo_pub_dailyintconntc_202609230600,419.81666666666666,1,513.0,2026-09-23T06:00:11Z,semo_pub_dailyintconntc_202609230600,419.81666666666666,1,500.0,2026-09-23T06:00:11Z,semo_pub_dailyintconntc_202609230600,419.81666666666666,1,500.0,2026-09-23T06:00:11Z,semo_pub_dailyintconntc_202609230600,419.81666666666666,1,504.0,2026-09-23T06:00:11Z,semo_pub_dailyintconntc_202609230600,419.81666666666666,1,,,,,0,1305.862,2026-09-23T12:23:53Z,semo_pub_15minaggwindfcst_202609231223,36.11666666666667,1,0
2026-09-23T14:00:00Z,2026-09-23T13:30:00Z,30,5137.0,2026-09-23T13:20:21Z,semo_pub_dailyloadfcst_202609231320,9.65,1,878.0,2026-09-23T13:20:21Z,semo_pub_dailyloadfcst_202609231320,9.65,1,4259.0,2026-09-23T13:20:21Z,semo_pub_dailyloadfcst_202609231320,9.65,1,500.0,2026-09-23T06:00:11Z,semo_pub_dailyintconntc_202609230600,449.81666666666666,1,530.0,2026-09-23T06:00:11Z,semo_pub_dailyintconntc_202609230600,449.81666666666666,1,513.0,2026-09-23T06:00:11Z,semo_pub_dailyintconntc_202609230600,449.81666666666666,1,500.0,2026-09-23T06:00:11Z,semo_pub_dailyintconntc_202609230600,449.81666666666666,1,500.0,2026-09-23T06:00:11Z,semo_pub_dailyintconntc_202609230600,449.81666666666666,1,504.0,2026-09-23T06:00:11Z,semo_pub_dailyintconntc_202609230600,449.81666666666666,1,,,,,0,1305.862,2026-09-23T12:23:53Z,semo_pub_15minaggwindfcst_202609231223,66.11666666666666,1,0
2026-09-23T14:30:00Z,2026-09-23T13:30:00Z,60,5219.0,2026-09-23T13:20:21Z,semo_pub_dailyloadfcst_202609231320,9.65,1,892.0,2026-09-23T13:20:21Z,semo_pub_dailyloadfcst_202609231320,9.65,1,4327.0,2026-09-23T13:20:21Z,semo_pub_dailyloadfcst_202609231320,9.65,1,,,,,0,,,,,0,,,,,0,,,,,0,,,,,0,,,,,0,,,,,0,1194.115,2026-09-23T12:23:53Z,semo_pub_15minaggwindfcst_202609231223,66.11666666666666,1,0
2026-09-23T14:30:00Z,2026-09-23T14:00:00Z,30,5219.0,2026-09-23T13:50:20Z,semo_pub_dailyloadfcst_202609231350,9.666666666666666,1,892.0,2026-09-23T13:50:20Z,semo_pub_dailyloadfcst_202609231350,9.666666666666666,1,4327.0,2026-09-23T13:50:20Z,semo_pub_dailyloadfcst_202609231350,9.666666666666666,1,,,,,0,,,,,0,,,,,0,,,,,0,,,,,0,,,,,0,,,,,0,1194.115,2026-09-23T12:23:53Z,semo_pub_15minaggwindfcst_202609231223,96.11666666666666,1,0
2026-09-23T15:00:00Z,2026-09-23T14:00:00Z,60,5301.0,2026-09-23T13:50:20Z,semo_pub_dailyloadfcst_202609231350,9.666666666666666,1,930.0,2026-09-23T13:50:20Z,semo_pub_dailyloadfcst_202609231350,9.666666666666666,1,4371.0,2026-09-23T13:50:20Z,semo_pub_dailyloadfcst_202609231350,9.666666666666666,1,500.0,2026-09-23T06:00:11Z,semo_pub_dailyintconntc_202609230600,479.81666666666666,1,530.0,2026-09-23T06:00:11Z,semo_pub_dailyintconntc_202609230600,479.81666666666666,1,513.0,2026-09-23T06:00:11Z,semo_pub_dailyintconntc_202609230600,479.81666666666666,1,500.0,2026-09-23T06:00:11Z,semo_pub_dailyintconntc_202609230600,479.81666666666666,1,500.0,2026-09-23T06:00:11Z,semo_pub_dailyintconntc_202609230600,479.81666666666666,1,504.0,2026-09-23T06:00:11Z,semo_pub_dailyintconntc_202609230600,479.81666666666666,1,,,,,0,1082.371,2026-09-23T12:23:53Z,semo_pub_15minaggwindfcst_202609231223,96.11666666666666,1,0
2026-09-23T15:00:00Z,2026-09-23T14:30:00Z,30,5301.0,2026-09-23T14:20:05Z,semo_pub_dailyloadfcst_202609231420,9.916666666666666,1,930.0,2026-09-23T14:20:05Z,semo_pub_dailyloadfcst_202609231420,9.916666666666666,1,4371.0,2026-09-23T14:20:05Z,semo_pub_dailyloadfcst_202609231420,9.916666666666666,1,500.0,2026-09-23T06:00:11Z,semo_pub_dailyintconntc_202609230600,509.81666666666666,1,530.0,2026-09-23T06:00:11Z,semo_pub_dailyintconntc_202609230600,509.81666666666666,1,513.0,2026-09-23T06:00:11Z,semo_pub_dailyintconntc_202609230600,509.81666666666666,1,500.0,2026-09-23T06:00:11Z,semo_pub_dailyintconntc_202609230600,509.81666666666666,1,500.0,2026-09-23T06:00:11Z,semo_pub_dailyintconntc_202609230600,509.81666666666666,1,504.0,2026-09-23T06:00:11Z,semo_pub_dailyintconntc_202609230600,509.81666666666666,1,,,,,0,1082.371,2026-09-23T12:23:53Z,semo_pub_15minaggwindfcst_202609231223,126.11666666666666,1,0
2026-09-23T15:30:00Z,2026-09-23T14:30:00Z,60,5469.0,2026-09-23T14:20:05Z,semo_pub_dailyloadfcst_202609231420,9.916666666666666,1,1000.0,2026-09-23T14:20:05Z,semo_pub_dailyloadfcst_202609231420,9.916666666666666,1,4469.0,2026-09-23T14:20:05Z,semo_pub_dailyloadfcst_202609231420,9.916666666666666,1,,,,,0,,,,,0,,,,,0,,,,,0,,,,,0,,,,,0,,,,,0,948.162,2026-09-23T12:23:53Z,semo_pub_15minaggwindfcst_202609231223,126.11666666666666,1,0
2026-09-23T15:30:00Z,2026-09-23T15:00:00Z,30,5469.0,2026-09-23T14:50:11Z,semo_pub_dailyloadfcst_202609231450,9.816666666666666,1,1000.0,2026-09-23T14:50:11Z,semo_pub_dailyloadfcst_202609231450,9.816666666666666,1,4469.0,2026-09-23T14:50:11Z,semo_pub_dailyloadfcst_202609231450,9.816666666666666,1,,,,,0,,,,,0,,,,,0,,,,,0,,,,,0,,,,,0,,,,,0,948.162,2026-09-23T12:23:53Z,semo_pub_15minaggwindfcst_202609231223,156.11666666666667,1,0
2026-09-23T16:00:00Z,2026-09-23T15:00:00Z,60,5615.0,2026-09-23T14:50:11Z,semo_pub_dailyloadfcst_202609231450,9.816666666666666,1,1060.0,2026-09-23T14:50:11Z,semo_pub_dailyloadfcst_202609231450,9.816666666666666,1,4555.0,2026-09-23T14:50:11Z,semo_pub_dailyloadfcst_202609231450,9.816666666666666,1,500.0,2026-09-23T06:00:11Z,semo_pub_dailyintconntc_202609230600,539.8166666666667,1,530.0,2026-09-23T06:00:11Z,semo_pub_dailyintconntc_202609230600,539.8166666666667,1,513.0,2026-09-23T06:00:11Z,semo_pub_dailyintconntc_202609230600,539.8166666666667,1,500.0,2026-09-23T06:00:11Z,semo_pub_dailyintconntc_202609230600,539.8166666666667,1,500.0,2026-09-23T06:00:11Z,semo_pub_dailyintconntc_202609230600,539.8166666666667,1,504.0,2026-09-23T06:00:11Z,semo_pub_dailyintconntc_202609230600,539.8166666666667,1,,,,,0,813.948,2026-09-23T12:23:53Z,semo_pub_15minaggwindfcst_202609231223,156.11666666666667,1,0
2026-09-23T16:00:00Z,2026-09-23T15:30:00Z,30,5615.0,2026-09-23T15:05:05Z,semo_pub_dailyloadfcst_202609231505,24.916666666666668,1,1060.0,2026-09-23T15:05:05Z,semo_pub_dailyloadfcst_202609231505,24.916666666666668,1,4555.0,2026-09-23T15:05:05Z,semo_pub_dailyloadfcst_202609231505,24.916666666666668,1,500.0,2026-09-23T06:00:11Z,semo_pub_dailyintconntc_202609230600,569.8166666666667,1,530.0,2026-09-23T06:00:11Z,semo_pub_dailyintconntc_202609230600,569.8166666666667,1,513.0,2026-09-23T06:00:11Z,semo_pub_dailyintconntc_202609230600,569.8166666666667,1,500.0,2026-09-23T06:00:11Z,semo_pub_dailyintconntc_202609230600,569.8166666666667,1,500.0,2026-09-23T06:00:11Z,semo_pub_dailyintconntc_202609230600,569.8166666666667,1,504.0,2026-09-23T06:00:11Z,semo_pub_dailyintconntc_202609230600,569.8166666666667,1,1024.0,2026-09-23T15:23:12Z,smartgrid_solar_snapshot_2026-09-23,6.8,1,813.948,2026-09-23T12:23:53Z,semo_pub_15minaggwindfcst_202609231223,186.11666666666667,1,0
2026-09-23T16:30:00Z,2026-09-23T15:30:00Z,60,5720.0,2026-09-23T15:05:05Z,semo_pub_dailyloadfcst_202609231505,24.916666666666668,1,1080.0,2026-09-23T15:05:05Z,semo_pub_dailyloadfcst_202609231505,24.916666666666668,1,4640.0,2026-09-23T15:05:05Z,semo_pub_dailyloadfcst_202609231505,24.916666666666668,1,,,,,0,,,,,0,,,,,0,,,,,0,,,,,0,,,,,0,898.0,2026-09-23T15:23:12Z,smartgrid_solar_snapshot_2026-09-23,6.8,1,605.031,2026-09-23T12:23:53Z,semo_pub_15minaggwindfcst_202609231223,186.11666666666667,1,0
2026-09-23T16:30:00Z,2026-09-23T16:00:00Z,30,5720.0,2026-09-23T15:05:05Z,semo_pub_dailyloadfcst_202609231505,54.916666666666664,1,1080.0,2026-09-23T15:05:05Z,semo_pub_dailyloadfcst_202609231505,54.916666666666664,1,4640.0,2026-09-23T15:05:05Z,semo_pub_dailyloadfcst_202609231505,54.916666666666664,1,,,,,0,,,,,0,,,,,0,,,,,0,,,,,0,,,,,0,898.0,2026-09-23T15:23:12Z,smartgrid_solar_snapshot_2026-09-23,36.8,1,605.031,2026-09-23T12:23:53Z,semo_pub_15minaggwindfcst_202609231223,216.11666666666667,1,0
2026-09-23T17:00:00Z,2026-09-23T16:00:00Z,60,5727.0,2026-09-23T15:05:05Z,semo_pub_dailyloadfcst_202609231505,54.916666666666664,1,1070.0,2026-09-23T15:05:05Z,semo_pub_dailyloadfcst_202609231505,54.916666666666664,1,4657.0,2026-09-23T15:05:05Z,semo_pub_dailyloadfcst_202609231505,54.916666666666664,1,500.0,2026-09-23T06:00:11Z,semo_pub_dailyintconntc_202609230600,599.8166666666667,1,530.0,2026-09-23T06:00:11Z,semo_pub_dailyintconntc_202609230600,599.8166666666667,1,513.0,2026-09-23T06:00:11Z,semo_pub_dailyintconntc_202609230600,599.8166666666667,1,500.0,2026-09-23T06:00:11Z,semo_pub_dailyintconntc_202609230600,599.8166666666667,1,500.0,2026-09-23T06:00:11Z,semo_pub_dailyintconntc_202609230600,599.8166666666667,1,504.0,2026-09-23T06:00:11Z,semo_pub_dailyintconntc_202609230600,599.8166666666667,1,772.0,2026-09-23T15:23:12Z,smartgrid_solar_snapshot_2026-09-23,36.8,1,396.118,2026-09-23T12:23:53Z,semo_pub_15minaggwindfcst_202609231223,216.11666666666667,1,0
2026-09-23T17:00:00Z,2026-09-23T16:30:00Z,30,5727.0,2026-09-23T15:05:05Z,semo_pub_dailyloadfcst_202609231505,84.91666666666667,1,1070.0,2026-09-23T15:05:05Z,semo_pub_dailyloadfcst_202609231505,84.91666666666667,1,4657.0,2026-09-23T15:05:05Z,semo_pub_dailyloadfcst_202609231505,84.91666666666667,1,500.0,2026-09-23T06:00:11Z,semo_pub_dailyintconntc_202609230600,629.8166666666667,1,530.0,2026-09-23T06:00:11Z,semo_pub_dailyintconntc_202609230600,629.8166666666667,1,513.0,2026-09-23T06:00:11Z,semo_pub_dailyintconntc_202609230600,629.8166666666667,1,500.0,2026-09-23T06:00:11Z,semo_pub_dailyintconntc_202609230600,629.8166666666667,1,500.0,2026-09-23T06:00:11Z,semo_pub_dailyintconntc_202609230600,629.8166666666667,1,504.0,2026-09-23T06:00:11Z,semo_pub_dailyintconntc_202609230600,629.8166666666667,1,772.0,2026-09-23T15:23:12Z,smartgrid_solar_snapshot_2026-09-23,66.8,1,396.118,2026-09-23T12:23:53Z,semo_pub_15minaggwindfcst_202609231223,246.11666666666667,1,0
2026-09-23T17:30:00Z,2026-09-23T16:30:00Z,60,5680.0,2026-09-23T15:05:05Z,semo_pub_dailyloadfcst_202609231505,84.91666666666667,1,1036.0,2026-09-23T15:05:05Z,semo_pub_dailyloadfcst_202609231505,84.91666666666667,1,4644.0,2026-09-23T15:05:05Z,semo_pub_dailyloadfcst_202609231505,84.91666666666667,1,,,,,0,,,,,0,,,,,0,,,,,0,,,,,0,,,,,0,556.0,2026-09-23T15:23:12Z,smartgrid_solar_snapshot_2026-09-23,66.8,1,243.867,2026-09-23T12:23:53Z,semo_pub_15minaggwindfcst_202609231223,246.11666666666667,1,0
2026-09-23T17:30:00Z,2026-09-23T17:00:00Z,30,5680.0,2026-09-23T15:05:05Z,semo_pub_dailyloadfcst_202609231505,114.91666666666667,1,1036.0,2026-09-23T15:05:05Z,semo_pub_dailyloadfcst_202609231505,114.91666666666667,1,4644.0,2026-09-23T15:05:05Z,semo_pub_dailyloadfcst_202609231505,114.91666666666667,1,,,,,0,,,,,0,,,,,0,,,,,0,,,,,0,,,,,0,556.0,2026-09-23T15:23:12Z,smartgrid_solar_snapshot_2026-09-23,96.8,1,243.867,2026-09-23T12:23:53Z,semo_pub_15minaggwindfcst_202609231223,276.1166666666667,1,0
2026-09-23T18:00:00Z,2026-09-23T17:00:00Z,60,5679.0,2026-09-23T15:05:05Z,semo_pub_dailyloadfcst_202609231505,114.91666666666667,1,1037.0,2026-09-23T15:05:05Z,semo_pub_dailyloadfcst_202609231505,114.91666666666667,1,4642.0,2026-09-23T15:05:05Z,semo_pub_dailyloadfcst_202609231505,114.91666666666667,1,500.0,2026-09-23T06:00:11Z,semo_pub_dailyintconntc_202609230600,659.8166666666667,1,530.0,2026-09-23T06:00:11Z,semo_pub_dailyintconntc_202609230600,659.8166666666667,1,513.0,2026-09-23T06:00:11Z,semo_pub_dailyintconntc_202609230600,659.8166666666667,1,500.0,2026-09-23T06:00:11Z,semo_pub_dailyintconntc_202609230600,659.8166666666667,1,500.0,2026-09-23T06:00:11Z,semo_pub_dailyintconntc_202609230600,659.8166666666667,1,504.0,2026-09-23T06:00:11Z,semo_pub_dailyintconntc_202609230600,659.8166666666667,1,340.0,2026-09-23T15:23:12Z,smartgrid_solar_snapshot_2026-09-23,96.8,1,91.622,2026-09-23T12:23:53Z,semo_pub_15minaggwindfcst_202609231223,276.1166666666667,1,0
2026-09-23T18:00:00Z,2026-09-23T17:30:00Z,30,5679.0,2026-09-23T15:05:05Z,semo_pub_dailyloadfcst_202609231505,144.91666666666666,1,1037.0,2026-09-23T15:05:05Z,semo_pub_dailyloadfcst_202609231505,144.91666666666666,1,4642.0,2026-09-23T15:05:05Z,semo_pub_dailyloadfcst_202609231505,144.91666666666666,1,500.0,2026-09-23T06:00:11Z,semo_pub_dailyintconntc_202609230600,689.8166666666667,1,530.0,2026-09-23T06:00:11Z,semo_pub_dailyintconntc_202609230600,689.8166666666667,1,513.0,2026-09-23T06:00:11Z,semo_pub_dailyintconntc_202609230600,689.8166666666667,1,500.0,2026-09-23T06:00:11Z,semo_pub_dailyintconntc_202609230600,689.8166666666667,1,500.0,2026-09-23T06:00:11Z,semo_pub_dailyintconntc_202609230600,689.8166666666667,1,504.0,2026-09-23T06:00:11Z,semo_pub_dailyintconntc_202609230600,689.8166666666667,1,340.0,2026-09-23T15:23:12Z,smartgrid_solar_snapshot_2026-09-23,126.8,1,91.622,2026-09-23T12:23:53Z,semo_pub_15minaggwindfcst_202609231223,306.1166666666667,1,0
2026-09-23T18:30:00Z,2026-09-23T17:30:00Z,60,5806.0,2026-09-23T15:05:05Z,semo_pub_dailyloadfcst_202609231505,144.91666666666666,1,1080.0,2026-09-23T15:05:05Z,semo_pub_dailyloadfcst_202609231505,144.91666666666666,1,4726.0,2026-09-23T15:05:05Z,semo_pub_dailyloadfcst_202609231505,144.91666666666666,1,,,,,0,,,,,0,,,,,0,,,,,0,,,,,0,,,,,0,170.0,2026-09-23T15:23:12Z,smartgrid_solar_snapshot_2026-09-23,126.8,1,102.184,2026-09-23T12:23:53Z,semo_pub_15minaggwindfcst_202609231223,306.1166666666667,1,0
2026-09-23T18:30:00Z,2026-09-23T18:00:00Z,30,5806.0,2026-09-23T15:05:05Z,semo_pub_dailyloadfcst_202609231505,174.91666666666666,1,1080.0,2026-09-23T15:05:05Z,semo_pub_dailyloadfcst_202609231505,174.91666666666666,1,4726.0,2026-09-23T15:05:05Z,semo_pub_dailyloadfcst_202609231505,174.91666666666666,1,,,,,0,,,,,0,,,,,0,,,,,0,,,,,0,,,,,0,170.0,2026-09-23T15:23:12Z,smartgrid_solar_snapshot_2026-09-23,156.8,1,102.184,2026-09-23T12:23:53Z,semo_pub_15minaggwindfcst_202609231223,336.1166666666667,1,0
2026-09-23T19:00:00Z,2026-09-23T18:00:00Z,60,5858.0,2026-09-23T15:05:05Z,semo_pub_dailyloadfcst_202609231505,174.91666666666666,1,1058.0,2026-09-23T15:05:05Z,semo_pub_dailyloadfcst_202609231505,174.91666666666666,1,4800.0,2026-09-23T15:05:05Z,semo_pub_dailyloadfcst_202609231505,174.91666666666666,1,500.0,2026-09-23T06:00:11Z,semo_pub_dailyintconntc_202609230600,719.8166666666667,1,530.0,2026-09-23T06:00:11Z,semo_pub_dailyintconntc_202609230600,719.8166666666667,1,513.0,2026-09-23T06:00:11Z,semo_pub_dailyintconntc_202609230600,719.8166666666667,1,500.0,2026-09-23T06:00:11Z,semo_pub_dailyintconntc_202609230600,719.8166666666667,1,500.0,2026-09-23T06:00:11Z,semo_pub_dailyintconntc_202609230600,719.8166666666667,1,504.0,2026-09-23T06:00:11Z,semo_pub_dailyintconntc_202609230600,719.8166666666667,1,0.0,2026-09-23T15:23:12Z,smartgrid_solar_snapshot_2026-09-23,156.8,1,112.739,2026-09-23T12:23:53Z,semo_pub_15minaggwindfcst_202609231223,336.1166666666667,1,0
2026-09-23T19:00:00Z,2026-09-23T18:30:00Z,30,5858.0,2026-09-23T15:05:05Z,semo_pub_dailyloadfcst_202609231505,204.91666666666666,1,1058.0,2026-09-23T15:05:05Z,semo_pub_dailyloadfcst_202609231505,204.91666666666666,1,4800.0,2026-09-23T15:05:05Z,semo_pub_dailyloadfcst_202609231505,204.91666666666666,1,500.0,2026-09-23T06:00:11Z,semo_pub_dailyintconntc_202609230600,749.8166666666667,1,530.0,2026-09-23T06:00:11Z,semo_pub_dailyintconntc_202609230600,749.8166666666667,1,513.0,2026-09-23T06:00:11Z,semo_pub_dailyintconntc_202609230600,749.8166666666667,1,500.0,2026-09-23T06:00:11Z,semo_pub_dailyintconntc_202609230600,749.8166666666667,1,500.0,2026-09-23T06:00:11Z,semo_pub_dailyintconntc_202609230600,749.8166666666667,1,504.0,2026-09-23T06:00:11Z,semo_pub_dailyintconntc_202609230600,749.8166666666667,1,0.0,2026-09-23T15:23:12Z,smartgrid_solar_snapshot_2026-09-23,186.8,1,112.739,2026-09-23T12:23:53Z,semo_pub_15minaggwindfcst_202609231223,366.1166666666667,1,0
2026-09-23T19:30:00Z,2026-09-23T18:30:00Z,60,5719.0,2026-09-23T15:05:05Z,semo_pub_dailyloadfcst_202609231505,204.91666666666666,1,1014.0,2026-09-23T15:05:05Z,semo_pub_dailyloadfcst_202609231505,204.91666666666666,1,4705.0,2026-09-23T15:05:05Z,semo_pub_dailyloadfcst_202609231505,204.91666666666666,1,,,,,0,,,,,0,,,,,0,,,,,0,,,,,0,,,,,0,0.0,2026-09-23T15:23:12Z,smartgrid_solar_snapshot_2026-09-23,186.8,1,141.899,2026-09-23T12:23:53Z,semo_pub_15minaggwindfcst_202609231223,366.1166666666667,1,0
2026-09-23T19:30:00Z,2026-09-23T19:00:00Z,30,5719.0,2026-09-23T15:05:05Z,semo_pub_dailyloadfcst_202609231505,234.91666666666666,1,1014.0,2026-09-23T15:05:05Z,semo_pub_dailyloadfcst_202609231505,234.91666666666666,1,4705.0,2026-09-23T15:05:05Z,semo_pub_dailyloadfcst_202609231505,234.91666666666666,1,,,,,0,,,,,0,,,,,0,,,,,0,,,,,0,,,,,0,0.0,2026-09-23T15:23:12Z,smartgrid_solar_snapshot_2026-09-23,216.8,1,141.899,2026-09-23T12:23:53Z,semo_pub_15minaggwindfcst_202609231223,396.1166666666667,1,0
2026-09-23T20:00:00Z,2026-09-23T19:00:00Z,60,5564.0,2026-09-23T15:05:05Z,semo_pub_dailyloadfcst_202609231505,234.91666666666666,1,984.0,2026-09-23T15:05:05Z,semo_pub_dailyloadfcst_202609231505,234.91666666666666,1,4580.0,2026-09-23T15:05:05Z,semo_pub_dailyloadfcst_202609231505,234.91666666666666,1,500.0,2026-09-23T06:00:11Z,semo_pub_dailyintconntc_202609230600,779.8166666666667,1,530.0,2026-09-23T06:00:11Z,semo_pub_dailyintconntc_202609230600,779.8166666666667,1,513.0,2026-09-23T06:00:11Z,semo_pub_dailyintconntc_202609230600,779.8166666666667,1,500.0,2026-09-23T06:00:11Z,semo_pub_dailyintconntc_202609230600,779.8166666666667,1,500.0,2026-09-23T06:00:11Z,semo_pub_dailyintconntc_202609230600,779.8166666666667,1,504.0,2026-09-23T06:00:11Z,semo_pub_dailyintconntc_202609230600,779.8166666666667,1,0.0,2026-09-23T15:23:12Z,smartgrid_solar_snapshot_2026-09-23,216.8,1,171.054,2026-09-23T12:23:53Z,semo_pub_15minaggwindfcst_202609231223,396.1166666666667,1,0
2026-09-23T20:00:00Z,2026-09-23T19:30:00Z,30,5564.0,2026-09-23T15:05:05Z,semo_pub_dailyloadfcst_202609231505,264.9166666666667,1,984.0,2026-09-23T15:05:05Z,semo_pub_dailyloadfcst_202609231505,264.9166666666667,1,4580.0,2026-09-23T15:05:05Z,semo_pub_dailyloadfcst_202609231505,264.9166666666667,1,500.0,2026-09-23T06:00:11Z,semo_pub_dailyintconntc_202609230600,809.8166666666667,1,530.0,2026-09-23T06:00:11Z,semo_pub_dailyintconntc_202609230600,809.8166666666667,1,513.0,2026-09-23T06:00:11Z,semo_pub_dailyintconntc_202609230600,809.8166666666667,1,500.0,2026-09-23T06:00:11Z,semo_pub_dailyintconntc_202609230600,809.8166666666667,1,500.0,2026-09-23T06:00:11Z,semo_pub_dailyintconntc_202609230600,809.8166666666667,1,504.0,2026-09-23T06:00:11Z,semo_pub_dailyintconntc_202609230600,809.8166666666667,1,0.0,2026-09-23T15:23:12Z,smartgrid_solar_snapshot_2026-09-23,246.8,1,171.054,2026-09-23T12:23:53Z,semo_pub_15minaggwindfcst_202609231223,426.1166666666667,1,0
2026-09-23T20:30:00Z,2026-09-23T19:30:00Z,60,5329.0,2026-09-23T15:05:05Z,semo_pub_dailyloadfcst_202609231505,264.9166666666667,1,919.0,2026-09-23T15:05:05Z,semo_pub_dailyloadfcst_202609231505,264.9166666666667,1,4410.0,2026-09-23T15:05:05Z,semo_pub_dailyloadfcst_202609231505,264.9166666666667,1,,,,,0,,,,,0,,,,,0,,,,,0,,,,,0,,,,,0,0.0,2026-09-23T15:23:12Z,smartgrid_solar_snapshot_2026-09-23,246.8,1,238.32,2026-09-23T12:23:53Z,semo_pub_15minaggwindfcst_202609231223,426.1166666666667,1,0
2026-09-23T20:30:00Z,2026-09-23T20:00:00Z,30,5329.0,2026-09-23T15:05:05Z,semo_pub_dailyloadfcst_202609231505,294.9166666666667,1,919.0,2026-09-23T15:05:05Z,semo_pub_dailyloadfcst_202609231505,294.9166666666667,1,4410.0,2026-09-23T15:05:05Z,semo_pub_dailyloadfcst_202609231505,294.9166666666667,1,,,,,0,,,,,0,,,,,0,,,,,0,,,,,0,,,,,0,0.0,2026-09-23T15:23:12Z,smartgrid_solar_snapshot_2026-09-23,276.8,1,238.32,2026-09-23T12:23:53Z,semo_pub_15minaggwindfcst_202609231223,456.1166666666667,1,0
2026-09-23T21:00:00Z,2026-09-23T20:00:00Z,60,5108.0,2026-09-23T15:05:05Z,semo_pub_dailyloadfcst_202609231505,294.9166666666667,1,868.0,2026-09-23T15:05:05Z,semo_pub_dailyloadfcst_202609231505,294.9166666666667,1,4240.0,2026-09-23T15:05:05Z,semo_pub_dailyloadfcst_202609231505,294.9166666666667,1,500.0,2026-09-23T06:00:11Z,semo_pub_dailyintconntc_202609230600,839.8166666666667,1,530.0,2026-09-23T06:00:11Z,semo_pub_dailyintconntc_202609230600,839.8166666666667,1,513.0,2026-09-23T06:00:11Z,semo_pub_dailyintconntc_202609230600,839.8166666666667,1,500.0,2026-09-23T06:00:11Z,semo_pub_dailyintconntc_202609230600,839.8166666666667,1,500.0,2026-09-23T06:00:11Z,semo_pub_dailyintconntc_202609230600,839.8166666666667,1,504.0,2026-09-23T06:00:11Z,semo_pub_dailyintconntc_202609230600,839.8166666666667,1,0.0,2026-09-23T15:23:12Z,smartgrid_solar_snapshot_2026-09-23,276.8,1,305.603,2026-09-23T12:23:53Z,semo_pub_15minaggwindfcst_202609231223,456.1166666666667,1,0
2026-09-23T21:00:00Z,2026-09-23T20:30:00Z,30,5108.0,2026-09-23T15:05:05Z,semo_pub_dailyloadfcst_202609231505,324.9166666666667,1,868.0,2026-09-23T15:05:05Z,semo_pub_dailyloadfcst_202609231505,324.9166666666667,1,4240.0,2026-09-23T15:05:05Z,semo_pub_dailyloadfcst_202609231505,324.9166666666667,1,500.0,2026-09-23T06:00:11Z,semo_pub_dailyintconntc_202609230600,869.8166666666667,1,530.0,2026-09-23T06:00:11Z,semo_pub_dailyintconntc_202609230600,869.8166666666667,1,513.0,2026-09-23T06:00:11Z,semo_pub_dailyintconntc_202609230600,869.8166666666667,1,500.0,2026-09-23T06:00:11Z,semo_pub_dailyintconntc_202609230600,869.8166666666667,1,500.0,2026-09-23T06:00:11Z,semo_pub_dailyintconntc_202609230600,869.8166666666667,1,504.0,2026-09-23T06:00:11Z,semo_pub_dailyintconntc_202609230600,869.8166666666667,1,0.0,2026-09-23T15:23:12Z,smartgrid_solar_snapshot_2026-09-23,306.8,1,305.603,2026-09-23T12:23:53Z,semo_pub_15minaggwindfcst_202609231223,486.1166666666667,1,0
2026-09-23T21:30:00Z,2026-09-23T20:30:00Z,60,4856.0,2026-09-23T15:05:05Z,semo_pub_dailyloadfcst_202609231505,324.9166666666667,1,804.0,2026-09-23T15:05:05Z,semo_pub_dailyloadfcst_202609231505,324.9166666666667,1,4052.0,2026-09-23T15:05:05Z,semo_pub_dailyloadfcst_202609231505,324.9166666666667,1,,,,,0,,,,,0,,,,,0,,,,,0,,,,,0,,,,,0,0.0,2026-09-23T15:23:12Z,smartgrid_solar_snapshot_2026-09-23,306.8,1,431.133,2026-09-23T12:23:53Z,semo_pub_15minaggwindfcst_202609231223,486.1166666666667,1,0
2026-09-23T21:30:00Z,2026-09-23T21:00:00Z,30,4856.0,2026-09-23T15:05:05Z,semo_pub_dailyloadfcst_202609231505,354.9166666666667,1,804.0,2026-09-23T15:05:05Z,semo_pub_dailyloadfcst_202609231505,354.9166666666667,1,4052.0,2026-09-23T15:05:05Z,semo_pub_dailyloadfcst_202609231505,354.9166666666667,1,,,,,0,,,,,0,,,,,0,,,,,0,,,,,0,,,,,0,0.0,2026-09-23T15:23:12Z,smartgrid_solar_snapshot_2026-09-23,336.8,1,431.133,2026-09-23T12:23:53Z,semo_pub_15minaggwindfcst_202609231223,516.1166666666667,1,0
2026-09-23T22:00:00Z,2026-09-23T21:00:00Z,60,4617.0,2026-09-23T15:05:05Z,semo_pub_dailyloadfcst_202609231505,354.9166666666667,1,744.0,2026-09-23T15:05:05Z,semo_pub_dailyloadfcst_202609231505,354.9166666666667,1,3873.0,2026-09-23T15:05:05Z,semo_pub_dailyloadfcst_202609231505,354.9166666666667,1,500.0,2026-09-23T06:00:11Z,semo_pub_dailyintconntc_202609230600,899.8166666666667,1,530.0,2026-09-23T06:00:11Z,semo_pub_dailyintconntc_202609230600,899.8166666666667,1,513.0,2026-09-23T06:00:11Z,semo_pub_dailyintconntc_202609230600,899.8166666666667,1,500.0,2026-09-23T06:00:11Z,semo_pub_dailyintconntc_202609230600,899.8166666666667,1,500.0,2026-09-23T06:00:11Z,semo_pub_dailyintconntc_202609230600,899.8166666666667,1,504.0,2026-09-23T06:00:11Z,semo_pub_dailyintconntc_202609230600,899.8166666666667,1,0.0,2026-09-23T15:23:12Z,smartgrid_solar_snapshot_2026-09-23,336.8,1,556.642,2026-09-23T12:23:53Z,semo_pub_15minaggwindfcst_202609231223,516.1166666666667,1,0
2026-09-23T22:00:00Z,2026-09-23T21:30:00Z,30,4617.0,2026-09-23T15:05:05Z,semo_pub_dailyloadfcst_202609231505,384.9166666666667,1,744.0,2026-09-23T15:05:05Z,semo_pub_dailyloadfcst_202609231505,384.9166666666667,1,3873.0,2026-09-23T15:05:05Z,semo_pub_dailyloadfcst_202609231505,384.9166666666667,1,500.0,2026-09-23T06:00:11Z,semo_pub_dailyintconntc_202609230600,929.8166666666667,1,530.0,2026-09-23T06:00:11Z,semo_pub_dailyintconntc_202609230600,929.8166666666667,1,513.0,2026-09-23T06:00:11Z,semo_pub_dailyintconntc_202609230600,929.8166666666667,1,500.0,2026-09-23T06:00:11Z,semo_pub_dailyintconntc_202609230600,929.8166666666667,1,500.0,2026-09-23T06:00:11Z,semo_pub_dailyintconntc_202609230600,929.8166666666667,1,504.0,2026-09-23T06:00:11Z,semo_pub_dailyintconntc_202609230600,929.8166666666667,1,0.0,2026-09-23T15:23:12Z,smartgrid_solar_snapshot_2026-09-23,366.8,1,556.642,2026-09-23T12:23:53Z,semo_pub_15minaggwindfcst_202609231223,546.1166666666667,1,0
2026-09-23T22:30:00Z,2026-09-23T21:30:00Z,60,4464.0,2026-09-23T15:05:05Z,semo_pub_dailyloadfcst_202609231505,384.9166666666667,1,685.0,2026-09-23T15:05:05Z,semo_pub_dailyloadfcst_202609231505,384.9166666666667,1,3779.0,2026-09-23T15:05:05Z,semo_pub_dailyloadfcst_202609231505,384.9166666666667,1,,,,,0,,,,,0,,,,,0,,,,,0,,,,,0,,,,,0,0.0,2026-09-23T15:23:12Z,smartgrid_solar_snapshot_2026-09-23,366.8,1,766.535,2026-09-23T12:23:53Z,semo_pub_15minaggwindfcst_202609231223,546.1166666666667,1,0
2026-09-23T22:30:00Z,2026-09-23T22:00:00Z,30,4464.0,2026-09-23T15:05:05Z,semo_pub_dailyloadfcst_202609231505,414.9166666666667,1,685.0,2026-09-23T15:05:05Z,semo_pub_dailyloadfcst_202609231505,414.9166666666667,1,3779.0,2026-09-23T15:05:05Z,semo_pub_dailyloadfcst_202609231505,414.9166666666667,1,,,,,0,,,,,0,,,,,0,,,,,0,,,,,0,,,,,0,0.0,2026-09-23T15:23:12Z,smartgrid_solar_snapshot_2026-09-23,396.8,1,766.535,2026-09-23T12:23:53Z,semo_pub_15minaggwindfcst_202609231223,576.1166666666667,1,0
2026-09-23T23:00:00Z,2026-09-23T22:00:00Z,60,4324.0,2026-09-23T15:05:05Z,semo_pub_dailyloadfcst_202609231505,414.9166666666667,1,630.0,2026-09-23T15:05:05Z,semo_pub_dailyloadfcst_202609231505,414.9166666666667,1,3694.0,2026-09-23T15:05:05Z,semo_pub_dailyloadfcst_202609231505,414.9166666666667,1,500.0,2026-09-23T06:00:11Z,semo_pub_dailyintconntc_202609230600,959.8166666666667,1,530.0,2026-09-23T06:00:11Z,semo_pub_dailyintconntc_202609230600,959.8166666666667,1,513.0,2026-09-23T06:00:11Z,semo_pub_dailyintconntc_202609230600,959.8166666666667,1,500.0,2026-09-23T06:00:11Z,semo_pub_dailyintconntc_202609230600,959.8166666666667,1,500.0,2026-09-23T06:00:11Z,semo_pub_dailyintconntc_202609230600,959.8166666666667,1,504.0,2026-09-23T06:00:11Z,semo_pub_dailyintconntc_202609230600,959.8166666666667,1,0.0,2026-09-23T15:23:12Z,smartgrid_solar_snapshot_2026-09-23,396.8,1,976.422,2026-09-23T12:23:53Z,semo_pub_15minaggwindfcst_202609231223,576.1166666666667,1,0
2026-09-23T23:00:00Z,2026-09-23T22:30:00Z,30,4324.0,2026-09-23T15:05:05Z,semo_pub_dailyloadfcst_202609231505,444.9166666666667,1,630.0,2026-09-23T15:05:05Z,semo_pub_dailyloadfcst_202609231505,444.9166666666667,1,3694.0,2026-09-23T15:05:05Z,semo_pub_dailyloadfcst_202609231505,444.9166666666667,1,500.0,2026-09-23T06:00:11Z,semo_pub_dailyintconntc_202609230600,989.8166666666667,1,530.0,2026-09-23T06:00:11Z,semo_pub_dailyintconntc_202609230600,989.8166666666667,1,513.0,2026-09-23T06:00:11Z,semo_pub_dailyintconntc_202609230600,989.8166666666667,1,500.0,2026-09-23T06:00:11Z,semo_pub_dailyintconntc_202609230600,989.8166666666667,1,500.0,2026-09-23T06:00:11Z,semo_pub_dailyintconntc_202609230600,989.8166666666667,1,504.0,2026-09-23T06:00:11Z,semo_pub_dailyintconntc_202609230600,989.8166666666667,1,0.0,2026-09-23T15:23:12Z,smartgrid_solar_snapshot_2026-09-23,426.8,1,976.422,2026-09-23T12:23:53Z,semo_pub_15minaggwindfcst_202609231223,606.1166666666667,1,0
2026-09-23T23:30:00Z,2026-09-23T22:30:00Z,60,4275.0,2026-09-23T15:05:05Z,semo_pub_dailyloadfcst_202609231505,444.9166666666667,1,606.0,2026-09-23T15:05:05Z,semo_pub_dailyloadfcst_202609231505,444.9166666666667,1,3669.0,2026-09-23T15:05:05Z,semo_pub_dailyloadfcst_202609231505,444.9166666666667,1,,,,,0,,,,,0,,,,,0,,,,,0,,,,,0,,,,,0,0.0,2026-09-23T15:23:12Z,smartgrid_solar_snapshot_2026-09-23,426.8,1,1229.22,2026-09-23T12:23:53Z,semo_pub_15minaggwindfcst_202609231223,606.1166666666667,1,0
2026-09-23T23:30:00Z,2026-09-23T23:00:00Z,30,4275.0,2026-09-23T15:05:05Z,semo_pub_dailyloadfcst_202609231505,474.9166666666667,1,606.0,2026-09-23T15:05:05Z,semo_pub_dailyloadfcst_202609231505,474.9166666666667,1,3669.0,2026-09-23T15:05:05Z,semo_pub_dailyloadfcst_202609231505,474.9166666666667,1,,,,,0,,,,,0,,,,,0,,,,,0,,,,,0,,,,,0,0.0,2026-09-23T15:23:12Z,smartgrid_solar_snapshot_2026-09-23,456.8,1,1229.22,2026-09-23T12:23:53Z,semo_pub_15minaggwindfcst_202609231223,636.1166666666667,1,0
2026-09-24T00:00:00Z,2026-09-23T23:00:00Z,60,4182.0,2026-09-23T15:05:05Z,semo_pub_dailyloadfcst_202609231505,474.9166666666667,1,594.0,2026-09-23T15:05:05Z,semo_pub_dailyloadfcst_202609231505,474.9166666666667,1,3588.0,2026-09-23T15:05:05Z,semo_pub_dailyloadfcst_202609231505,474.9166666666667,1,500.0,2026-09-23T06:00:11Z,semo_pub_dailyintconntc_202609230600,1019.8166666666667,1,530.0,2026-09-23T06:00:11Z,semo_pub_dailyintconntc_202609230600,1019.8166666666667,1,513.0,2026-09-23T06:00:11Z,semo_pub_dailyintconntc_202609230600,1019.8166666666667,1,500.0,2026-09-23T06:00:11Z,semo_pub_dailyintconntc_202609230600,1019.8166666666667,1,500.0,2026-09-23T06:00:11Z,semo_pub_dailyintconntc_202609230600,1019.8166666666667,1,504.0,2026-09-23T06:00:11Z,semo_pub_dailyintconntc_202609230600,1019.8166666666667,1,0.0,2026-09-23T15:23:12Z,smartgrid_solar_snapshot_2026-09-23,456.8,1,1482.009,2026-09-23T12:23:53Z,semo_pub_15minaggwindfcst_202609231223,636.1166666666667,1,0
2026-09-24T00:00:00Z,2026-09-23T23:30:00Z,30,4182.0,2026-09-23T15:05:05Z,semo_pub_dailyloadfcst_202609231505,504.9166666666667,1,594.0,2026-09-23T15:05:05Z,semo_pub_dailyloadfcst_202609231505,504.9166666666667,1,3588.0,2026-09-23T15:05:05Z,semo_pub_dailyloadfcst_202609231505,504.9166666666667,1,500.0,2026-09-23T06:00:11Z,semo_pub_dailyintconntc_202609230600,1049.8166666666666,1,530.0,2026-09-23T06:00:11Z,semo_pub_dailyintconntc_202609230600,1049.8166666666666,1,513.0,2026-09-23T06:00:11Z,semo_pub_dailyintconntc_202609230600,1049.8166666666666,1,500.0,2026-09-23T06:00:11Z,semo_pub_dailyintconntc_202609230600,1049.8166666666666,1,500.0,2026-09-23T06:00:11Z,semo_pub_dailyintconntc_202609230600,1049.8166666666666,1,504.0,2026-09-23T06:00:11Z,semo_pub_dailyintconntc_202609230600,1049.8166666666666,1,0.0,2026-09-23T15:23:12Z,smartgrid_solar_snapshot_2026-09-23,486.8,1,1482.009,2026-09-23T12:23:53Z,semo_pub_15minaggwindfcst_202609231223,666.1166666666667,1,0
2026-09-24T00:30:00Z,2026-09-23T23:30:00Z,60,4141.0,2026-09-23T15:05:05Z,semo_pub_dailyloadfcst_202609231505,504.9166666666667,1,585.0,2026-09-23T15:05:05Z,semo_pub_dailyloadfcst_202609231505,504.9166666666667,1,3556.0,2026-09-23T15:05:05Z,semo_pub_dailyloadfcst_202609231505,504.9166666666667,1,,,,,0,,,,,0,,,,,0,,,,,0,,,,,0,,,,,0,0.0,2026-09-23T15:23:12Z,smartgrid_solar_snapshot_2026-09-23,486.8,1,1660.383,2026-09-23T12:23:53Z,semo_pub_15minaggwindfcst_202609231223,666.1166666666667,1,0
2026-09-24T00:30:00Z,2026-09-24T00:00:00Z,30,4141.0,2026-09-23T15:05:05Z,semo_pub_dailyloadfcst_202609231505,534.9166666666666,1,585.0,2026-09-23T15:05:05Z,semo_pub_dailyloadfcst_202609231505,534.9166666666666,1,3556.0,2026-09-23T15:05:05Z,semo_pub_dailyloadfcst_202609231505,534.9166666666666,1,,,,,0,,,,,0,,,,,0,,,,,0,,,,,0,,,,,0,0.0,2026-09-23T15:23:12Z,smartgrid_solar_snapshot_2026-09-23,516.8,1,1660.383,2026-09-23T12:23:53Z,semo_pub_15minaggwindfcst_202609231223,696.1166666666667,1,0
2026-09-24T01:00:00Z,2026-09-24T00:00:00Z,60,4100.0,2026-09-23T15:05:05Z,semo_pub_dailyloadfcst_202609231505,534.9166666666666,1,574.0,2026-09-23T15:05:05Z,semo_pub_dailyloadfcst_202609231505,534.9166666666666,1,3526.0,2026-09-23T15:05:05Z,semo_pub_dailyloadfcst_202609231505,534.9166666666666,1,500.0,2026-09-23T06:00:11Z,semo_pub_dailyintconntc_202609230600,1079.8166666666666,1,530.0,2026-09-23T06:00:11Z,semo_pub_dailyintconntc_202609230600,1079.8166666666666,1,513.0,2026-09-23T06:00:11Z,semo_pub_dailyintconntc_202609230600,1079.8166666666666,1,500.0,2026-09-23T06:00:11Z,semo_pub_dailyintconntc_202609230600,1079.8166666666666,1,500.0,2026-09-23T06:00:11Z,semo_pub_dailyintconntc_202609230600,1079.8166666666666,1,504.0,2026-09-23T06:00:11Z,semo_pub_dailyintconntc_202609230600,1079.8166666666666,1,0.0,2026-09-23T15:23:12Z,smartgrid_solar_snapshot_2026-09-23,516.8,1,1838.752,2026-09-23T12:23:53Z,semo_pub_15minaggwindfcst_202609231223,696.1166666666667,1,0
2026-09-24T01:00:00Z,2026-09-24T00:30:00Z,30,4100.0,2026-09-23T15:05:05Z,semo_pub_dailyloadfcst_202609231505,564.9166666666666,1,574.0,2026-09-23T15:05:05Z,semo_pub_dailyloadfcst_202609231505,564.9166666666666,1,3526.0,2026-09-23T15:05:05Z,semo_pub_dailyloadfcst_202609231505,564.9166666666666,1,500.0,2026-09-23T06:00:11Z,semo_pub_dailyintconntc_202609230600,1109.8166666666666,1,530.0,2026-09-23T06:00:11Z,semo_pub_dailyintconntc_202609230600,1109.8166666666666,1,513.0,2026-09-23T06:00:11Z,semo_pub_dailyintconntc_202609230600,1109.8166666666666,1,500.0,2026-09-23T06:00:11Z,semo_pub_dailyintconntc_202609230600,1109.8166666666666,1,500.0,2026-09-23T06:00:11Z,semo_pub_dailyintconntc_202609230600,1109.8166666666666,1,504.0,2026-09-23T06:00:11Z,semo_pub_dailyintconntc_202609230600,1109.8166666666666,1,0.0,2026-09-23T15:23:12Z,smartgrid_solar_snapshot_2026-09-23,546.8,1,1838.752,2026-09-23T12:23:53Z,semo_pub_15minaggwindfcst_202609231223,726.1166666666667,1,0
2026-09-24T01:30:00Z,2026-09-24T00:30:00Z,60,4157.0,2026-09-23T15:05:05Z,semo_pub_dailyloadfcst_202609231505,564.9166666666666,1,579.0,2026-09-23T15:05:05Z,semo_pub_dailyloadfcst_202609231505,564.9166666666666,1,3578.0,2026-09-23T15:05:05Z,semo_pub_dailyloadfcst_202609231505,564.9166666666666,1,,,,,0,,,,,0,,,,,0,,,,,0,,,,,0,,,,,0,0.0,2026-09-23T15:23:12Z,smartgrid_solar_snapshot_2026-09-23,546.8,1,1967.922,2026-09-23T12:23:53Z,semo_pub_15minaggwindfcst_202609231223,726.1166666666667,1,0
2026-09-24T01:30:00Z,2026-09-24T01:00:00Z,30,4157.0,2026-09-23T15:05:05Z,semo_pub_dailyloadfcst_202609231505,594.9166666666666,1,579.0,2026-09-23T15:05:05Z,semo_pub_dailyloadfcst_202609231505,594.9166666666666,1,3578.0,2026-09-23T15:05:05Z,semo_pub_dailyloadfcst_202609231505,594.9166666666666,1,,,,,0,,,,,0,,,,,0,,,,,0,,,,,0,,,,,0,0.0,2026-09-23T15:23:12Z,smartgrid_solar_snapshot_2026-09-23,576.8,1,1967.922,2026-09-23T12:23:53Z,semo_pub_15minaggwindfcst_202609231223,756.1166666666667,1,0
2026-09-24T02:00:00Z,2026-09-24T01:00:00Z,60,4117.0,2026-09-23T15:05:05Z,semo_pub_dailyloadfcst_202609231505,594.9166666666666,1,573.0,2026-09-23T15:05:05Z,semo_pub_dailyloadfcst_202609231505,594.9166666666666,1,3544.0,2026-09-23T15:05:05Z,semo_pub_dailyloadfcst_202609231505,594.9166666666666,1,500.0,2026-09-23T06:00:11Z,semo_pub_dailyintconntc_202609230600,1139.8166666666666,1,530.0,2026-09-23T06:00:11Z,semo_pub_dailyintconntc_202609230600,1139.8166666666666,1,513.0,2026-09-23T06:00:11Z,semo_pub_dailyintconntc_202609230600,1139.8166666666666,1,500.0,2026-09-23T06:00:11Z,semo_pub_dailyintconntc_202609230600,1139.8166666666666,1,500.0,2026-09-23T06:00:11Z,semo_pub_dailyintconntc_202609230600,1139.8166666666666,1,504.0,2026-09-23T06:00:11Z,semo_pub_dailyintconntc_202609230600,1139.8166666666666,1,0.0,2026-09-23T15:23:12Z,smartgrid_solar_snapshot_2026-09-23,576.8,1,2097.086,2026-09-23T12:23:53Z,semo_pub_15minaggwindfcst_202609231223,756.1166666666667,1,0
2026-09-24T02:00:00Z,2026-09-24T01:30:00Z,30,4117.0,2026-09-23T15:05:05Z,semo_pub_dailyloadfcst_202609231505,624.9166666666666,1,573.0,2026-09-23T15:05:05Z,semo_pub_dailyloadfcst_202609231505,624.9166666666666,1,3544.0,2026-09-23T15:05:05Z,semo_pub_dailyloadfcst_202609231505,624.9166666666666,1,500.0,2026-09-23T06:00:11Z,semo_pub_dailyintconntc_202609230600,1169.8166666666666,1,530.0,2026-09-23T06:00:11Z,semo_pub_dailyintconntc_202609230600,1169.8166666666666,1,513.0,2026-09-23T06:00:11Z,semo_pub_dailyintconntc_202609230600,1169.8166666666666,1,500.0,2026-09-23T06:00:11Z,semo_pub_dailyintconntc_202609230600,1169.8166666666666,1,500.0,2026-09-23T06:00:11Z,semo_pub_dailyintconntc_202609230600,1169.8166666666666,1,504.0,2026-09-23T06:00:11Z,semo_pub_dailyintconntc_202609230600,1169.8166666666666,1,0.0,2026-09-23T15:23:12Z,smartgrid_solar_snapshot_2026-09-23,606.8,1,2097.086,2026-09-23T12:23:53Z,semo_pub_15minaggwindfcst_202609231223,786.1166666666667,1,0
2026-09-24T02:30:00Z,2026-09-24T01:30:00Z,60,4095.0,2026-09-23T15:05:05Z,semo_pub_dailyloadfcst_202609231505,624.9166666666666,1,570.0,2026-09-23T15:05:05Z,semo_pub_dailyloadfcst_202609231505,624.9166666666666,1,3525.0,2026-09-23T15:05:05Z,semo_pub_dailyloadfcst_202609231505,624.9166666666666,1,,,,,0,,,,,0,,,,,0,,,,,0,,,,,0,,,,,0,0.0,2026-09-23T15:23:12Z,smartgrid_solar_snapshot_2026-09-23,606.8,1,2210.447,2026-09-23T12:23:53Z,semo_pub_15minaggwindfcst_202609231223,786.1166666666667,1,0
2026-09-24T02:30:00Z,2026-09-24T02:00:00Z,30,4095.0,2026-09-23T15:05:05Z,semo_pub_dailyloadfcst_202609231505,654.9166666666666,1,570.0,2026-09-23T15:05:05Z,semo_pub_dailyloadfcst_202609231505,654.9166666666666,1,3525.0,2026-09-23T15:05:05Z,semo_pub_dailyloadfcst_202609231505,654.9166666666666,1,,,,,0,,,,,0,,,,,0,,,,,0,,,,,0,,,,,0,0.0,2026-09-23T15:23:12Z,smartgrid_solar_snapshot_2026-09-23,636.8,1,2210.447,2026-09-23T12:23:53Z,semo_pub_15minaggwindfcst_202609231223,816.1166666666667,1,0
2026-09-24T03:00:00Z,2026-09-24T02:00:00Z,60,4065.0,2026-09-23T15:05:05Z,semo_pub_dailyloadfcst_202609231505,654.9166666666666,1,556.0,2026-09-23T15:05:05Z,semo_pub_dailyloadfcst_202609231505,654.9166666666666,1,3509.0,2026-09-23T15:05:05Z,semo_pub_dailyloadfcst_202609231505,654.9166666666666,1,500.0,2026-09-23T06:00:11Z,semo_pub_dailyintconntc_202609230600,1199.8166666666666,1,530.0,2026-09-23T06:00:11Z,semo_pub_dailyintconntc_202609230600,1199.8166666666666,1,513.0,2026-09-23T06:00:11Z,semo_pub_dailyintconntc_202609230600,1199.8166666666666,1,500.0,2026-09-23T06:00:11Z,semo_pub_dailyintconntc_202609230600,1199.8166666666666,1,500.0,2026-09-23T06:00:11Z,semo_pub_dailyintconntc_202609230600,1199.8166666666666,1,504.0,2026-09-23T06:00:11Z,semo_pub_dailyintconntc_202609230600,1199.8166666666666,1,0.0,2026-09-23T15:23:12Z,smartgrid_solar_snapshot_2026-09-23,636.8,1,2323.806,2026-09-23T12:23:53Z,semo_pub_15minaggwindfcst_202609231223,816.1166666666667,1,0
2026-09-24T03:00:00Z,2026-09-24T02:30:00Z,30,4065.0,2026-09-23T15:05:05Z,semo_pub_dailyloadfcst_202609231505,684.9166666666666,1,556.0,2026-09-23T15:05:05Z,semo_pub_dailyloadfcst_202609231505,684.9166666666666,1,3509.0,2026-09-23T15:05:05Z,semo_pub_dailyloadfcst_202609231505,684.9166666666666,1,500.0,2026-09-23T06:00:11Z,semo_pub_dailyintconntc_202609230600,1229.8166666666666,1,530.0,2026-09-23T06:00:11Z,semo_pub_dailyintconntc_202609230600,1229.8166666666666,1,513.0,2026-09-23T06:00:11Z,semo_pub_dailyintconntc_202609230600,1229.8166666666666,1,500.0,2026-09-23T06:00:11Z,semo_pub_dailyintconntc_202609230600,1229.8166666666666,1,500.0,2026-09-23T06:00:11Z,semo_pub_dailyintconntc_202609230600,1229.8166666666666,1,504.0,2026-09-23T06:00:11Z,semo_pub_dailyintconntc_202609230600,1229.8166666666666,1,0.0,2026-09-23T15:23:12Z,smartgrid_solar_snapshot_2026-09-23,666.8,1,2323.806,2026-09-23T12:23:53Z,semo_pub_15minaggwindfcst_202609231223,846.1166666666667,1,0
2026-09-24T03:30:00Z,2026-09-24T02:30:00Z,60,4050.0,2026-09-23T15:05:05Z,semo_pub_dailyloadfcst_202609231505,684.9166666666666,1,550.0,2026-09-23T15:05:05Z,semo_pub_dailyloadfcst_202609231505,684.9166666666666,1,3500.0,2026-09-23T15:05:05Z,semo_pub_dailyloadfcst_202609231505,684.9166666666666,1,,,,,0,,,,,0,,,,,0,,,,,0,,,,,0,,,,,0,0.0,2026-09-23T15:23:12Z,smartgrid_solar_snapshot_2026-09-23,666.8,1,2403.816,2026-09-23T12:23:53Z,semo_pub_15minaggwindfcst_202609231223,846.1166666666667,1,0
2026-09-24T03:30:00Z,2026-09-24T03:00:00Z,30,4050.0,2026-09-23T15:05:05Z,semo_pub_dailyloadfcst_202609231505,714.9166666666666,1,550.0,2026-09-23T15:05:05Z,semo_pub_dailyloadfcst_202609231505,714.9166666666666,1,3500.0,2026-09-23T15:05:05Z,semo_pub_dailyloadfcst_202609231505,714.9166666666666,1,,,,,0,,,,,0,,,,,0,,,,,0,,,,,0,,,,,0,0.0,2026-09-23T15:23:12Z,smartgrid_solar_snapshot_2026-09-23,696.8,1,2403.816,2026-09-23T12:23:53Z,semo_pub_15minaggwindfcst_202609231223,876.1166666666667,1,0
2026-09-24T04:00:00Z,2026-09-24T03:00:00Z,60,4070.0,2026-09-23T15:05:05Z,semo_pub_dailyloadfcst_202609231505,714.9166666666666,1,561.0,2026-09-23T15:05:05Z,semo_pub_dailyloadfcst_202609231505,714.9166666666666,1,3509.0,2026-09-23T15:05:05Z,semo_pub_dailyloadfcst_202609231505,714.9166666666666,1,500.0,2026-09-23T06:00:11Z,semo_pub_dailyintconntc_202609230600,1259.8166666666666,1,530.0,2026-09-23T06:00:11Z,semo_pub_dailyintconntc_202609230600,1259.8166666666666,1,513.0,2026-09-23T06:00:11Z,semo_pub_dailyintconntc_202609230600,1259.8166666666666,1,500.0,2026-09-23T06:00:11Z,semo_pub_dailyintconntc_202609230600,1259.8166666666666,1,500.0,2026-09-23T06:00:11Z,semo_pub_dailyintconntc_202609230600,1259.8166666666666,1,504.0,2026-09-23T06:00:11Z,semo_pub_dailyintconntc_202609230600,1259.8166666666666,1,0.0,2026-09-23T15:23:12Z,smartgrid_solar_snapshot_2026-09-23,696.8,1,2483.833,2026-09-23T12:23:53Z,semo_pub_15minaggwindfcst_202609231223,876.1166666666667,1,0
2026-09-24T04:00:00Z,2026-09-24T03:30:00Z,30,4070.0,2026-09-23T15:05:05Z,semo_pub_dailyloadfcst_202609231505,744.9166666666666,1,561.0,2026-09-23T15:05:05Z,semo_pub_dailyloadfcst_202609231505,744.9166666666666,1,3509.0,2026-09-23T15:05:05Z,semo_pub_dailyloadfcst_202609231505,744.9166666666666,1,500.0,2026-09-23T06:00:11Z,semo_pub_dailyintconntc_202609230600,1289.8166666666666,1,530.0,2026-09-23T06:00:11Z,semo_pub_dailyintconntc_202609230600,1289.8166666666666,1,513.0,2026-09-23T06:00:11Z,semo_pub_dailyintconntc_202609230600,1289.8166666666666,1,500.0,2026-09-23T06:00:11Z,semo_pub_dailyintconntc_202609230600,1289.8166666666666,1,500.0,2026-09-23T06:00:11Z,semo_pub_dailyintconntc_202609230600,1289.8166666666666,1,504.0,2026-09-23T06:00:11Z,semo_pub_dailyintconntc_202609230600,1289.8166666666666,1,0.0,2026-09-23T15:23:12Z,smartgrid_solar_snapshot_2026-09-23,726.8,1,2483.833,2026-09-23T12:23:53Z,semo_pub_15minaggwindfcst_202609231223,906.1166666666667,1,0
2026-09-24T04:30:00Z,2026-09-24T03:30:00Z,60,4157.0,2026-09-23T15:05:05Z,semo_pub_dailyloadfcst_202609231505,744.9166666666666,1,589.0,2026-09-23T15:05:05Z,semo_pub_dailyloadfcst_202609231505,744.9166666666666,1,3568.0,2026-09-23T15:05:05Z,semo_pub_dailyloadfcst_202609231505,744.9166666666666,1,,,,,0,,,,,0,,,,,0,,,,,0,,,,,0,,,,,0,0.0,2026-09-23T15:23:12Z,smartgrid_solar_snapshot_2026-09-23,726.8,1,2553.608,2026-09-23T12:23:53Z,semo_pub_15minaggwindfcst_202609231223,906.1166666666667,1,0
2026-09-24T04:30:00Z,2026-09-24T04:00:00Z,30,4157.0,2026-09-23T15:05:05Z,semo_pub_dailyloadfcst_202609231505,774.9166666666666,1,589.0,2026-09-23T15:05:05Z,semo_pub_dailyloadfcst_202609231505,774.9166666666666,1,3568.0,2026-09-23T15:05:05Z,semo_pub_dailyloadfcst_202609231505,774.9166666666666,1,,,,,0,,,,,0,,,,,0,,,,,0,,,,,0,,,,,0,0.0,2026-09-23T15:23:12Z,smartgrid_solar_snapshot_2026-09-23,756.8,1,2553.608,2026-09-23T12:23:53Z,semo_pub_15minaggwindfcst_202609231223,936.1166666666667,1,0
2026-09-24T05:00:00Z,2026-09-24T04:00:00Z,60,4309.0,2026-09-23T15:05:05Z,semo_pub_dailyloadfcst_202609231505,774.9166666666666,1,627.0,2026-09-23T15:05:05Z,semo_pub_dailyloadfcst_202609231505,774.9166666666666,1,3682.0,2026-09-23T15:05:05Z,semo_pub_dailyloadfcst_202609231505,774.9166666666666,1,500.0,2026-09-23T06:00:11Z,semo_pub_dailyintconntc_202609230600,1319.8166666666666,1,530.0,2026-09-23T06:00:11Z,semo_pub_dailyintconntc_202609230600,1319.8166666666666,1,513.0,2026-09-23T06:00:11Z,semo_pub_dailyintconntc_202609230600,1319.8166666666666,1,500.0,2026-09-23T06:00:11Z,semo_pub_dailyintconntc_202609230600,1319.8166666666666,1,500.0,2026-09-23T06:00:11Z,semo_pub_dailyintconntc_202609230600,1319.8166666666666,1,504.0,2026-09-23T06:00:11Z,semo_pub_dailyintconntc_202609230600,1319.8166666666666,1,0.0,2026-09-23T15:23:12Z,smartgrid_solar_snapshot_2026-09-23,756.8,1,2623.38,2026-09-23T12:23:53Z,semo_pub_15minaggwindfcst_202609231223,936.1166666666667,1,0
2026-09-24T05:00:00Z,2026-09-24T04:30:00Z,30,4309.0,2026-09-23T15:05:05Z,semo_pub_dailyloadfcst_202609231505,804.9166666666666,1,627.0,2026-09-23T15:05:05Z,semo_pub_dailyloadfcst_202609231505,804.9166666666666,1,3682.0,2026-09-23T15:05:05Z,semo_pub_dailyloadfcst_202609231505,804.9166666666666,1,500.0,2026-09-23T06:00:11Z,semo_pub_dailyintconntc_202609230600,1349.8166666666666,1,530.0,2026-09-23T06:00:11Z,semo_pub_dailyintconntc_202609230600,1349.8166666666666,1,513.0,2026-09-23T06:00:11Z,semo_pub_dailyintconntc_202609230600,1349.8166666666666,1,500.0,2026-09-23T06:00:11Z,semo_pub_dailyintconntc_202609230600,1349.8166666666666,1,500.0,2026-09-23T06:00:11Z,semo_pub_dailyintconntc_202609230600,1349.8166666666666,1,504.0,2026-09-23T06:00:11Z,semo_pub_dailyintconntc_202609230600,1349.8166666666666,1,0.0,2026-09-23T15:23:12Z,smartgrid_solar_snapshot_2026-09-23,786.8,1,2623.38,2026-09-23T12:23:53Z,semo_pub_15minaggwindfcst_202609231223,966.1166666666667,1,0
2026-09-24T05:30:00Z,2026-09-24T04:30:00Z,60,4597.0,2026-09-23T15:05:05Z,semo_pub_dailyloadfcst_202609231505,804.9166666666666,1,706.0,2026-09-23T15:05:05Z,semo_pub_dailyloadfcst_202609231505,804.9166666666666,1,3891.0,2026-09-23T15:05:05Z,semo_pub_dailyloadfcst_202609231505,804.9166666666666,1,,,,,0,,,,,0,,,,,0,,,,,0,,,,,0,,,,,0,0.0,2026-09-23T15:23:12Z,smartgrid_solar_snapshot_2026-09-23,786.8,1,2677.338,2026-09-23T12:23:53Z,semo_pub_15minaggwindfcst_202609231223,966.1166666666667,1,0
2026-09-24T05:30:00Z,2026-09-24T05:00:00Z,30,4597.0,2026-09-23T15:05:05Z,semo_pub_dailyloadfcst_202609231505,834.9166666666666,1,706.0,2026-09-23T15:05:05Z,semo_pub_dailyloadfcst_202609231505,834.9166666666666,1,3891.0,2026-09-23T15:05:05Z,semo_pub_dailyloadfcst_202609231505,834.9166666666666,1,,,,,0,,,,,0,,,,,0,,,,,0,,,,,0,,,,,0,0.0,2026-09-23T15:23:12Z,smartgrid_solar_snapshot_2026-09-23,816.8,1,2677.338,2026-09-23T12:23:53Z,semo_pub_15minaggwindfcst_202609231223,996.1166666666667,1,0
2026-09-24T06:00:00Z,2026-09-24T05:00:00Z,60,4928.0,2026-09-23T15:05:05Z,semo_pub_dailyloadfcst_202609231505,834.9166666666666,1,783.0,2026-09-23T15:05:05Z,semo_pub_dailyloadfcst_202609231505,834.9166666666666,1,4145.0,2026-09-23T15:05:05Z,semo_pub_dailyloadfcst_202609231505,834.9166666666666,1,500.0,2026-09-23T06:00:11Z,semo_pub_dailyintconntc_202609230600,1379.8166666666666,1,530.0,2026-09-23T06:00:11Z,semo_pub_dailyintconntc_202609230600,1379.8166666666666,1,513.0,2026-09-23T06:00:11Z,semo_pub_dailyintconntc_202609230600,1379.8166666666666,1,500.0,2026-09-23T06:00:11Z,semo_pub_dailyintconntc_202609230600,1379.8166666666666,1,500.0,2026-09-23T06:00:11Z,semo_pub_dailyintconntc_202609230600,1379.8166666666666,1,504.0,2026-09-23T06:00:11Z,semo_pub_dailyintconntc_202609230600,1379.8166666666666,1,0.0,2026-09-23T15:23:12Z,smartgrid_solar_snapshot_2026-09-23,816.8,1,2731.297,2026-09-23T12:23:53Z,semo_pub_15minaggwindfcst_202609231223,996.1166666666667,1,0
2026-09-24T06:00:00Z,2026-09-24T05:30:00Z,30,4928.0,2026-09-23T15:05:05Z,semo_pub_dailyloadfcst_202609231505,864.9166666666666,1,783.0,2026-09-23T15:05:05Z,semo_pub_dailyloadfcst_202609231505,864.9166666666666,1,4145.0,2026-09-23T15:05:05Z,semo_pub_dailyloadfcst_202609231505,864.9166666666666,1,500.0,2026-09-23T06:00:11Z,semo_pub_dailyintconntc_202609230600,1409.8166666666666,1,530.0,2026-09-23T06:00:11Z,semo_pub_dailyintconntc_202609230600,1409.8166666666666,1,513.0,2026-09-23T06:00:11Z,semo_pub_dailyintconntc_202609230600,1409.8166666666666,1,500.0,2026-09-23T06:00:11Z,semo_pub_dailyintconntc_202609230600,1409.8166666666666,1,500.0,2026-09-23T06:00:11Z,semo_pub_dailyintconntc_202609230600,1409.8166666666666,1,504.0,2026-09-23T06:00:11Z,semo_pub_dailyintconntc_202609230600,1409.8166666666666,1,0.0,2026-09-23T15:23:12Z,smartgrid_solar_snapshot_2026-09-23,846.8,1,2731.297,2026-09-23T12:23:53Z,semo_pub_15minaggwindfcst_202609231223,1026.1166666666666,1,0
2026-09-24T06:30:00Z,2026-09-24T05:30:00Z,60,5320.0,2026-09-23T15:05:05Z,semo_pub_dailyloadfcst_202609231505,864.9166666666666,1,884.0,2026-09-23T15:05:05Z,semo_pub_dailyloadfcst_202609231505,864.9166666666666,1,4436.0,2026-09-23T15:05:05Z,semo_pub_dailyloadfcst_202609231505,864.9166666666666,1,,,,,0,,,,,0,,,,,0,,,,,0,,,,,0,,,,,0,0.0,2026-09-23T15:23:12Z,smartgrid_solar_snapshot_2026-09-23,846.8,1,2775.589,2026-09-23T12:23:53Z,semo_pub_15minaggwindfcst_202609231223,1026.1166666666666,1,0
2026-09-24T06:30:00Z,2026-09-24T06:00:00Z,30,5320.0,2026-09-23T15:05:05Z,semo_pub_dailyloadfcst_202609231505,894.9166666666666,1,884.0,2026-09-23T15:05:05Z,semo_pub_dailyloadfcst_202609231505,894.9166666666666,1,4436.0,2026-09-23T15:05:05Z,semo_pub_dailyloadfcst_202609231505,894.9166666666666,1,,,,,0,,,,,0,,,,,0,,,,,0,,,,,0,,,,,0,0.0,2026-09-23T15:23:12Z,smartgrid_solar_snapshot_2026-09-23,876.8,1,2775.589,2026-09-23T12:23:53Z,semo_pub_15minaggwindfcst_202609231223,1056.1166666666666,1,0
2026-09-24T07:00:00Z,2026-09-24T06:00:00Z,60,5479.0,2026-09-23T15:05:05Z,semo_pub_dailyloadfcst_202609231505,894.9166666666666,1,932.0,2026-09-23T15:05:05Z,semo_pub_dailyloadfcst_202609231505,894.9166666666666,1,4547.0,2026-09-23T15:05:05Z,semo_pub_dailyloadfcst_202609231505,894.9166666666666,1,500.0,2026-09-23T06:00:11Z,semo_pub_dailyintconntc_202609230600,1439.8166666666666,1,530.0,2026-09-23T06:00:11Z,semo_pub_dailyintconntc_202609230600,1439.8166666666666,1,513.0,2026-09-23T06:00:11Z,semo_pub_dailyintconntc_202609230600,1439.8166666666666,1,500.0,2026-09-23T06:00:11Z,semo_pub_dailyintconntc_202609230600,1439.8166666666666,1,500.0,2026-09-23T06:00:11Z,semo_pub_dailyintconntc_202609230600,1439.8166666666666,1,504.0,2026-09-23T06:00:11Z,semo_pub_dailyintconntc_202609230600,1439.8166666666666,1,0.0,2026-09-23T15:23:12Z,smartgrid_solar_snapshot_2026-09-23,876.8,1,2819.893,2026-09-23T12:23:53Z,semo_pub_15minaggwindfcst_202609231223,1056.1166666666666,1,0
2026-09-24T07:00:00Z,2026-09-24T06:30:00Z,30,5479.0,2026-09-23T15:05:05Z,semo_pub_dailyloadfcst_202609231505,924.9166666666666,1,932.0,2026-09-23T15:05:05Z,semo_pub_dailyloadfcst_202609231505,924.9166666666666,1,4547.0,2026-09-23T15:05:05Z,semo_pub_dailyloadfcst_202609231505,924.9166666666666,1,500.0,2026-09-23T06:00:11Z,semo_pub_dailyintconntc_202609230600,1469.8166666666666,1,530.0,2026-09-23T06:00:11Z,semo_pub_dailyintconntc_202609230600,1469.8166666666666,1,513.0,2026-09-23T06:00:11Z,semo_pub_dailyintconntc_202609230600,1469.8166666666666,1,500.0,2026-09-23T06:00:11Z,semo_pub_dailyintconntc_202609230600,1469.8166666666666,1,500.0,2026-09-23T06:00:11Z,semo_pub_dailyintconntc_202609230600,1469.8166666666666,1,504.0,2026-09-23T06:00:11Z,semo_pub_dailyintconntc_202609230600,1469.8166666666666,1,0.0,2026-09-23T15:23:12Z,smartgrid_solar_snapshot_2026-09-23,906.8,1,2819.893,2026-09-23T12:23:53Z,semo_pub_15minaggwindfcst_202609231223,1086.1166666666666,1,0
2026-09-24T07:30:00Z,2026-09-24T06:30:00Z,60,5517.0,2026-09-23T15:05:05Z,semo_pub_dailyloadfcst_202609231505,924.9166666666666,1,947.0,2026-09-23T15:05:05Z,semo_pub_dailyloadfcst_202609231505,924.9166666666666,1,4570.0,2026-09-23T15:05:05Z,semo_pub_dailyloadfcst_202609231505,924.9166666666666,1,,,,,0,,,,,0,,,,,0,,,,,0,,,,,0,,,,,0,0.0,2026-09-23T15:23:12Z,smartgrid_solar_snapshot_2026-09-23,906.8,1,2929.04,2026-09-23T12:23:53Z,semo_pub_15minaggwindfcst_202609231223,1086.1166666666666,1,0
2026-09-24T07:30:00Z,2026-09-24T07:00:00Z,30,5517.0,2026-09-23T15:05:05Z,semo_pub_dailyloadfcst_202609231505,954.9166666666666,1,947.0,2026-09-23T15:05:05Z,semo_pub_dailyloadfcst_202609231505,954.9166666666666,1,4570.0,2026-09-23T15:05:05Z,semo_pub_dailyloadfcst_202609231505,954.9166666666666,1,,,,,0,,,,,0,,,,,0,,,,,0,,,,,0,,,,,0,0.0,2026-09-23T15:23:12Z,smartgrid_solar_snapshot_2026-09-23,936.8,1,2929.04,2026-09-23T12:23:53Z,semo_pub_15minaggwindfcst_202609231223,1116.1166666666666,1,0
2026-09-24T08:00:00Z,2026-09-24T07:00:00Z,60,5485.0,2026-09-23T15:05:05Z,semo_pub_dailyloadfcst_202609231505,954.9166666666666,1,955.0,2026-09-23T15:05:05Z,semo_pub_dailyloadfcst_202609231505,954.9166666666666,1,4530.0,2026-09-23T15:05:05Z,semo_pub_dailyloadfcst_202609231505,954.9166666666666,1,500.0,2026-09-23T06:00:11Z,semo_pub_dailyintconntc_202609230600,1499.8166666666666,1,530.0,2026-09-23T06:00:11Z,semo_pub_dailyintconntc_202609230600,1499.8166666666666,1,513.0,2026-09-23T06:00:11Z,semo_pub_dailyintconntc_202609230600,1499.8166666666666,1,500.0,2026-09-23T06:00:11Z,semo_pub_dailyintconntc_202609230600,1499.8166666666666,1,500.0,2026-09-23T06:00:11Z,semo_pub_dailyintconntc_202609230600,1499.8166666666666,1,504.0,2026-09-23T06:00:11Z,semo_pub_dailyintconntc_202609230600,1499.8166666666666,1,0.0,2026-09-23T15:23:12Z,smartgrid_solar_snapshot_2026-09-23,936.8,1,3038.165,2026-09-23T12:23:53Z,semo_pub_15minaggwindfcst_202609231223,1116.1166666666666,1,0
2026-09-24T08:00:00Z,2026-09-24T07:30:00Z,30,5485.0,2026-09-23T15:05:05Z,semo_pub_dailyloadfcst_202609231505,984.9166666666666,1,955.0,2026-09-23T15:05:05Z,semo_pub_dailyloadfcst_202609231505,984.9166666666666,1,4530.0,2026-09-23T15:05:05Z,semo_pub_dailyloadfcst_202609231505,984.9166666666666,1,500.0,2026-09-23T06:00:11Z,semo_pub_dailyintconntc_202609230600,1529.8166666666666,1,530.0,2026-09-23T06:00:11Z,semo_pub_dailyintconntc_202609230600,1529.8166666666666,1,513.0,2026-09-23T06:00:11Z,semo_pub_dailyintconntc_202609230600,1529.8166666666666,1,500.0,2026-09-23T06:00:11Z,semo_pub_dailyintconntc_202609230600,1529.8166666666666,1,500.0,2026-09-23T06:00:11Z,semo_pub_dailyintconntc_202609230600,1529.8166666666666,1,504.0,2026-09-23T06:00:11Z,semo_pub_dailyintconntc_202609230600,1529.8166666666666,1,0.0,2026-09-23T15:23:12Z,smartgrid_solar_snapshot_2026-09-23,966.8,1,3038.165,2026-09-23T12:23:53Z,semo_pub_15minaggwindfcst_202609231223,1146.1166666666666,1,0
2026-09-24T08:30:00Z,2026-09-24T07:30:00Z,60,5470.0,2026-09-23T15:05:05Z,semo_pub_dailyloadfcst_202609231505,984.9166666666666,1,960.0,2026-09-23T15:05:05Z,semo_pub_dailyloadfcst_202609231505,984.9166666666666,1,4510.0,2026-09-23T15:05:05Z,semo_pub_dailyloadfcst_202609231505,984.9166666666666,1,,,,,0,,,,,0,,,,,0,,,,,0,,,,,0,,,,,0,67.0,2026-09-23T15:23:12Z,smartgrid_solar_snapshot_2026-09-23,966.8,1,3289.428,2026-09-23T12:23:53Z,semo_pub_15minaggwindfcst_202609231223,1146.1166666666666,1,0
2026-09-24T08:30:00Z,2026-09-24T08:00:00Z,30,5470.0,2026-09-23T15:05:05Z,semo_pub_dailyloadfcst_202609231505,1014.9166666666666,1,960.0,2026-09-23T15:05:05Z,semo_pub_dailyloadfcst_202609231505,1014.9166666666666,1,4510.0,2026-09-23T15:05:05Z,semo_pub_dailyloadfcst_202609231505,1014.9166666666666,1,,,,,0,,,,,0,,,,,0,,,,,0,,,,,0,,,,,0,67.0,2026-09-23T15:23:12Z,smartgrid_solar_snapshot_2026-09-23,996.8,1,3289.428,2026-09-23T12:23:53Z,semo_pub_15minaggwindfcst_202609231223,1176.1166666666666,1,0
2026-09-24T09:00:00Z,2026-09-24T08:00:00Z,60,5374.0,2026-09-23T15:05:05Z,semo_pub_dailyloadfcst_202609231505,1014.9166666666666,1,936.0,2026-09-23T15:05:05Z,semo_pub_dailyloadfcst_202609231505,1014.9166666666666,1,4438.0,2026-09-23T15:05:05Z,semo_pub_dailyloadfcst_202609231505,1014.9166666666666,1,500.0,2026-09-23T06:00:11Z,semo_pub_dailyintconntc_202609230600,1559.8166666666666,1,530.0,2026-09-23T06:00:11Z,semo_pub_dailyintconntc_202609230600,1559.8166666666666,1,513.0,2026-09-23T06:00:11Z,semo_pub_dailyintconntc_202609230600,1559.8166666666666,1,500.0,2026-09-23T06:00:11Z,semo_pub_dailyintconntc_202609230600,1559.8166666666666,1,500.0,2026-09-23T06:00:11Z,semo_pub_dailyintconntc_202609230600,1559.8166666666666,1,504.0,2026-09-23T06:00:11Z,semo_pub_dailyintconntc_202609230600,1559.8166666666666,1,134.0,2026-09-23T15:23:12Z,smartgrid_solar_snapshot_2026-09-23,996.8,1,3540.701,2026-09-23T12:23:53Z,semo_pub_15minaggwindfcst_202609231223,1176.1166666666666,1,0
2026-09-24T09:00:00Z,2026-09-24T08:30:00Z,30,5374.0,2026-09-23T15:05:05Z,semo_pub_dailyloadfcst_202609231505,1044.9166666666667,1,936.0,2026-09-23T15:05:05Z,semo_pub_dailyloadfcst_202609231505,1044.9166666666667,1,4438.0,2026-09-23T15:05:05Z,semo_pub_dailyloadfcst_202609231505,1044.9166666666667,1,500.0,2026-09-23T06:00:11Z,semo_pub_dailyintconntc_202609230600,1589.8166666666666,1,530.0,2026-09-23T06:00:11Z,semo_pub_dailyintconntc_202609230600,1589.8166666666666,1,513.0,2026-09-23T06:00:11Z,semo_pub_dailyintconntc_202609230600,1589.8166666666666,1,500.0,2026-09-23T06:00:11Z,semo_pub_dailyintconntc_202609230600,1589.8166666666666,1,500.0,2026-09-23T06:00:11Z,semo_pub_dailyintconntc_202609230600,1589.8166666666666,1,504.0,2026-09-23T06:00:11Z,semo_pub_dailyintconntc_202609230600,1589.8166666666666,1,134.0,2026-09-23T15:23:12Z,smartgrid_solar_snapshot_2026-09-23,1026.8,1,3540.701,2026-09-23T12:23:53Z,semo_pub_15minaggwindfcst_202609231223,1206.1166666666666,1,0
2026-09-24T09:30:00Z,2026-09-24T08:30:00Z,60,5272.0,2026-09-23T15:05:05Z,semo_pub_dailyloadfcst_202609231505,1044.9166666666667,1,932.0,2026-09-23T15:05:05Z,semo_pub_dailyloadfcst_202609231505,1044.9166666666667,1,4340.0,2026-09-23T15:05:05Z,semo_pub_dailyloadfcst_202609231505,1044.9166666666667,1,,,,,0,,,,,0,,,,,0,,,,,0,,,,,0,,,,,0,316.0,2026-09-23T15:23:12Z,smartgrid_solar_snapshot_2026-09-23,1026.8,1,3771.207,2026-09-23T12:23:53Z,semo_pub_15minaggwindfcst_202609231223,1206.1166666666666,1,0
2026-09-24T09:30:00Z,2026-09-24T09:00:00Z,30,5272.0,2026-09-23T15:05:05Z,semo_pub_dailyloadfcst_202609231505,1074.9166666666667,1,932.0,2026-09-23T15:05:05Z,semo_pub_dailyloadfcst_202609231505,1074.9166666666667,1,4340.0,2026-09-23T15:05:05Z,semo_pub_dailyloadfcst_202609231505,1074.9166666666667,1,,,,,0,,,,,0,,,,,0,,,,,0,,,,,0,,,,,0,316.0,2026-09-23T15:23:12Z,smartgrid_solar_snapshot_2026-09-23,1056.8,1,3771.207,2026-09-23T12:23:53Z,semo_pub_15minaggwindfcst_202609231223,1236.1166666666666,1,0
2026-09-24T10:00:00Z,2026-09-24T09:00:00Z,60,5254.0,2026-09-23T15:05:05Z,semo_pub_dailyloadfcst_202609231505,1074.9166666666667,1,933.0,2026-09-23T15:05:05Z,semo_pub_dailyloadfcst_202609231505,1074.9166666666667,1,4321.0,2026-09-23T15:05:05Z,semo_pub_dailyloadfcst_202609231505,1074.9166666666667,1,500.0,2026-09-23T06:00:11Z,semo_pub_dailyintconntc_202609230600,1619.8166666666666,1,530.0,2026-09-23T06:00:11Z,semo_pub_dailyintconntc_202609230600,1619.8166666666666,1,513.0,2026-09-23T06:00:11Z,semo_pub_dailyintconntc_202609230600,1619.8166666666666,1,500.0,2026-09-23T06:00:11Z,semo_pub_dailyintconntc_202609230600,1619.8166666666666,1,500.0,2026-09-23T06:00:11Z,semo_pub_dailyintconntc_202609230600,1619.8166666666666,1,504.0,2026-09-23T06:00:11Z,semo_pub_dailyintconntc_202609230600,1619.8166666666666,1,498.0,2026-09-23T15:23:12Z,smartgrid_solar_snapshot_2026-09-23,1056.8,1,4001.718,2026-09-23T12:23:53Z,semo_pub_15minaggwindfcst_202609231223,1236.1166666666666,1,0
2026-09-24T10:00:00Z,2026-09-24T09:30:00Z,30,5254.0,2026-09-23T15:05:05Z,semo_pub_dailyloadfcst_202609231505,1104.9166666666667,1,933.0,2026-09-23T15:05:05Z,semo_pub_dailyloadfcst_202609231505,1104.9166666666667,1,4321.0,2026-09-23T15:05:05Z,semo_pub_dailyloadfcst_202609231505,1104.9166666666667,1,500.0,2026-09-23T06:00:11Z,semo_pub_dailyintconntc_202609230600,1649.8166666666666,1,530.0,2026-09-23T06:00:11Z,semo_pub_dailyintconntc_202609230600,1649.8166666666666,1,513.0,2026-09-23T06:00:11Z,semo_pub_dailyintconntc_202609230600,1649.8166666666666,1,500.0,2026-09-23T06:00:11Z,semo_pub_dailyintconntc_202609230600,1649.8166666666666,1,500.0,2026-09-23T06:00:11Z,semo_pub_dailyintconntc_202609230600,1649.8166666666666,1,504.0,2026-09-23T06:00:11Z,semo_pub_dailyintconntc_202609230600,1649.8166666666666,1,498.0,2026-09-23T15:23:12Z,smartgrid_solar_snapshot_2026-09-23,1086.8,1,4001.718,2026-09-23T12:23:53Z,semo_pub_15minaggwindfcst_202609231223,1266.1166666666666,1,0
2026-09-24T10:30:00Z,2026-09-24T09:30:00Z,60,5166.0,2026-09-23T15:05:05Z,semo_pub_dailyloadfcst_202609231505,1104.9166666666667,1,936.0,2026-09-23T15:05:05Z,semo_pub_dailyloadfcst_202609231505,1104.9166666666667,1,4230.0,2026-09-23T15:05:05Z,semo_pub_dailyloadfcst_202609231505,1104.9166666666667,1,,,,,0,,,,,0,,,,,0,,,,,0,,,,,0,,,,,0,648.0,2026-09-23T15:23:12Z,smartgrid_solar_snapshot_2026-09-23,1086.8,1,4100.539,2026-09-23T12:23:53Z,semo_pub_15minaggwindfcst_202609231223,1266.1166666666666,1,0
2026-09-24T10:30:00Z,2026-09-24T10:00:00Z,30,5166.0,2026-09-23T15:05:05Z,semo_pub_dailyloadfcst_202609231505,1134.9166666666667,1,936.0,2026-09-23T15:05:05Z,semo_pub_dailyloadfcst_202609231505,1134.9166666666667,1,4230.0,2026-09-23T15:05:05Z,semo_pub_dailyloadfcst_202609231505,1134.9166666666667,1,,,,,0,,,,,0,,,,,0,,,,,0,,,,,0,,,,,0,648.0,2026-09-23T15:23:12Z,smartgrid_solar_snapshot_2026-09-23,1116.8,1,4100.539,2026-09-23T12:23:53Z,semo_pub_15minaggwindfcst_202609231223,1296.1166666666666,1,0
2026-09-24T11:00:00Z,2026-09-24T10:00:00Z,60,5120.0,2026-09-23T15:05:05Z,semo_pub_dailyloadfcst_202609231505,1134.9166666666667,1,921.0,2026-09-23T15:05:05Z,semo_pub_dailyloadfcst_202609231505,1134.9166666666667,1,4199.0,2026-09-23T15:05:05Z,semo_pub_dailyloadfcst_202609231505,1134.9166666666667,1,500.0,2026-09-23T06:00:11Z,semo_pub_dailyintconntc_202609230600,1679.8166666666666,1,530.0,2026-09-23T06:00:11Z,semo_pub_dailyintconntc_202609230600,1679.8166666666666,1,513.0,2026-09-23T06:00:11Z,semo_pub_dailyintconntc_202609230600,1679.8166666666666,1,500.0,2026-09-23T06:00:11Z,semo_pub_dailyintconntc_202609230600,1679.8166666666666,1,500.0,2026-09-23T06:00:11Z,semo_pub_dailyintconntc_202609230600,1679.8166666666666,1,504.0,2026-09-23T06:00:11Z,semo_pub_dailyintconntc_202609230600,1679.8166666666666,1,797.0,2026-09-23T15:23:12Z,smartgrid_solar_snapshot_2026-09-23,1116.8,1,4199.345,2026-09-23T12:23:53Z,semo_pub_15minaggwindfcst_202609231223,1296.1166666666666,1,0
2026-09-24T11:00:00Z,2026-09-24T10:30:00Z,30,5120.0,2026-09-23T15:05:05Z,semo_pub_dailyloadfcst_202609231505,1164.9166666666667,1,921.0,2026-09-23T15:05:05Z,semo_pub_dailyloadfcst_202609231505,1164.9166666666667,1,4199.0,2026-09-23T15:05:05Z,semo_pub_dailyloadfcst_202609231505,1164.9166666666667,1,500.0,2026-09-23T06:00:11Z,semo_pub_dailyintconntc_202609230600,1709.8166666666666,1,530.0,2026-09-23T06:00:11Z,semo_pub_dailyintconntc_202609230600,1709.8166666666666,1,513.0,2026-09-23T06:00:11Z,semo_pub_dailyintconntc_202609230600,1709.8166666666666,1,500.0,2026-09-23T06:00:11Z,semo_pub_dailyintconntc_202609230600,1709.8166666666666,1,500.0,2026-09-23T06:00:11Z,semo_pub_dailyintconntc_202609230600,1709.8166666666666,1,504.0,2026-09-23T06:00:11Z,semo_pub_dailyintconntc_202609230600,1709.8166666666666,1,797.0,2026-09-23T15:23:12Z,smartgrid_solar_snapshot_2026-09-23,1146.8,1,4199.345,2026-09-23T12:23:53Z,semo_pub_15minaggwindfcst_202609231223,1326.1166666666666,1,0
2026-09-24T11:30:00Z,2026-09-24T10:30:00Z,60,5145.0,2026-09-23T15:05:05Z,semo_pub_dailyloadfcst_202609231505,1164.9166666666667,1,917.0,2026-09-23T15:05:05Z,semo_pub_dailyloadfcst_202609231505,1164.9166666666667,1,4228.0,2026-09-23T15:05:05Z,semo_pub_dailyloadfcst_202609231505,1164.9166666666667,1,,,,,0,,,,,0,,,,,0,,,,,0,,,,,0,,,,,0,848.0,2026-09-23T15:23:12Z,smartgrid_solar_snapshot_2026-09-23,1146.8,1,4255.631,2026-09-23T12:23:53Z,semo_pub_15minaggwindfcst_202609231223,1326.1166666666666,1,0
2026-09-24T11:30:00Z,2026-09-24T11:00:00Z,30,5145.0,2026-09-23T15:05:05Z,semo_pub_dailyloadfcst_202609231505,1194.9166666666667,1,917.0,2026-09-23T15:05:05Z,semo_pub_dailyloadfcst_202609231505,1194.9166666666667,1,4228.0,2026-09-23T15:05:05Z,semo_pub_dailyloadfcst_202609231505,1194.9166666666667,1,,,,,0,,,,,0,,,,,0,,,,,0,,,,,0,,,,,0,848.0,2026-09-23T15:23:12Z,smartgrid_solar_snapshot_2026-09-23,1176.8,1,4255.631,2026-09-23T12:23:53Z,semo_pub_15minaggwindfcst_202609231223,1356.1166666666666,1,0
2026-09-24T12:00:00Z,2026-09-24T11:00:00Z,60,5133.0,2026-09-23T15:05:05Z,semo_pub_dailyloadfcst_202609231505,1194.9166666666667,1,915.0,2026-09-23T15:05:05Z,semo_pub_dailyloadfcst_202609231505,1194.9166666666667,1,4218.0,2026-09-23T15:05:05Z,semo_pub_dailyloadfcst_202609231505,1194.9166666666667,1,500.0,2026-09-23T06:00:11Z,semo_pub_dailyintconntc_202609230600,1739.8166666666666,1,530.0,2026-09-23T06:00:11Z,semo_pub_dailyintconntc_202609230600,1739.8166666666666,1,513.0,2026-09-23T06:00:11Z,semo_pub_dailyintconntc_202609230600,1739.8166666666666,1,500.0,2026-09-23T06:00:11Z,semo_pub_dailyintconntc_202609230600,1739.8166666666666,1,500.0,2026-09-23T06:00:11Z,semo_pub_dailyintconntc_202609230600,1739.8166666666666,1,504.0,2026-09-23T06:00:11Z,semo_pub_dailyintconntc_202609230600,1739.8166666666666,1,900.0,2026-09-23T15:23:12Z,smartgrid_solar_snapshot_2026-09-23,1176.8,1,4311.927,2026-09-23T12:23:53Z,semo_pub_15minaggwindfcst_202609231223,1356.1166666666666,1,0
2026-09-24T12:00:00Z,2026-09-24T11:30:00Z,30,5133.0,2026-09-23T15:05:05Z,semo_pub_dailyloadfcst_202609231505,1224.9166666666667,1,915.0,2026-09-23T15:05:05Z,semo_pub_dailyloadfcst_202609231505,1224.9166666666667,1,4218.0,2026-09-23T15:05:05Z,semo_pub_dailyloadfcst_202609231505,1224.9166666666667,1,500.0,2026-09-23T06:00:11Z,semo_pub_dailyintconntc_202609230600,1769.8166666666666,1,530.0,2026-09-23T06:00:11Z,semo_pub_dailyintconntc_202609230600,1769.8166666666666,1,513.0,2026-09-23T06:00:11Z,semo_pub_dailyintconntc_202609230600,1769.8166666666666,1,500.0,2026-09-23T06:00:11Z,semo_pub_dailyintconntc_202609230600,1769.8166666666666,1,500.0,2026-09-23T06:00:11Z,semo_pub_dailyintconntc_202609230600,1769.8166666666666,1,504.0,2026-09-23T06:00:11Z,semo_pub_dailyintconntc_202609230600,1769.8166666666666,1,900.0,2026-09-23T15:23:12Z,smartgrid_solar_snapshot_2026-09-23,1206.8,1,4311.927,2026-09-23T12:23:53Z,semo_pub_15minaggwindfcst_202609231223,1386.1166666666666,1,0
2026-09-24T12:30:00Z,2026-09-24T11:30:00Z,60,5087.0,2026-09-23T15:05:05Z,semo_pub_dailyloadfcst_202609231505,1224.9166666666667,1,896.0,2026-09-23T15:05:05Z,semo_pub_dailyloadfcst_202609231505,1224.9166666666667,1,4191.0,2026-09-23T15:05:05Z,semo_pub_dailyloadfcst_202609231505,1224.9166666666667,1,,,,,0,,,,,0,,,,,0,,,,,0,,,,,0,,,,,0,939.0,2026-09-23T15:23:12Z,smartgrid_solar_snapshot_2026-09-23,1206.8,1,4305.42,2026-09-23T12:23:53Z,semo_pub_15minaggwindfcst_202609231223,1386.1166666666666,1,0
2026-09-24T12:30:00Z,2026-09-24T12:00:00Z,30,5087.0,2026-09-23T15:05:05Z,semo_pub_dailyloadfcst_202609231505,1254.9166666666667,1,896.0,2026-09-23T15:05:05Z,semo_pub_dailyloadfcst_202609231505,1254.9166666666667,1,4191.0,2026-09-23T15:05:05Z,semo_pub_dailyloadfcst_202609231505,1254.9166666666667,1,,,,,0,,,,,0,,,,,0,,,,,0,,,,,0,,,,,0,939.0,2026-09-23T15:23:12Z,smartgrid_solar_snapshot_2026-09-23,1236.8,1,4305.42,2026-09-23T12:23:53Z,semo_pub_15minaggwindfcst_202609231223,1416.1166666666666,1,0
2026-09-24T13:00:00Z,2026-09-24T12:00:00Z,60,5081.0,2026-09-23T15:05:05Z,semo_pub_dailyloadfcst_202609231505,1254.9166666666667,1,902.0,2026-09-23T15:05:05Z,semo_pub_dailyloadfcst_202609231505,1254.9166666666667,1,4179.0,2026-09-23T15:05:05Z,semo_pub_dailyloadfcst_202609231505,1254.9166666666667,1,500.0,2026-09-23T06:00:11Z,semo_pub_dailyintconntc_202609230600,1799.8166666666666,1,530.0,2026-09-23T06:00:11Z,semo_pub_dailyintconntc_202609230600,1799.8166666666666,1,513.0,2026-09-23T06:00:11Z,semo_pub_dailyintconntc_202609230600,1799.8166666666666,1,500.0,2026-09-23T06:00:11Z,semo_pub_dailyintconntc_202609230600,1799.8166666666666,1,500.0,2026-09-23T06:00:11Z,semo_pub_dailyintconntc_202609230600,1799.8166666666666,1,504.0,2026-09-23T06:00:11Z,semo_pub_dailyintconntc_202609230600,1799.8166666666666,1,978.0,2026-09-23T15:23:12Z,smartgrid_solar_snapshot_2026-09-23,1236.8,1,4298.946,2026-09-23T12:23:53Z,semo_pub_15minaggwindfcst_202609231223,1416.1166666666666,1,0
2026-09-24T13:00:00Z,2026-09-24T12:30:00Z,30,5081.0,2026-09-23T15:05:05Z,semo_pub_dailyloadfcst_202609231505,1284.9166666666667,1,902.0,2026-09-23T15:05:05Z,semo_pub_dailyloadfcst_202609231505,1284.9166666666667,1,4179.0,2026-09-23T15:05:05Z,semo_pub_dailyloadfcst_202609231505,1284.9166666666667,1,500.0,2026-09-23T06:00:11Z,semo_pub_dailyintconntc_202609230600,1829.8166666666666,1,530.0,2026-09-23T06:00:11Z,semo_pub_dailyintconntc_202609230600,1829.8166666666666,1,513.0,2026-09-23T06:00:11Z,semo_pub_dailyintconntc_202609230600,1829.8166666666666,1,500.0,2026-09-23T06:00:11Z,semo_pub_dailyintconntc_202609230600,1829.8166666666666,1,500.0,2026-09-23T06:00:11Z,semo_pub_dailyintconntc_202609230600,1829.8166666666666,1,504.0,2026-09-23T06:00:11Z,semo_pub_dailyintconntc_202609230600,1829.8166666666666,1,978.0,2026-09-23T15:23:12Z,smartgrid_solar_snapshot_2026-09-23,1266.8,1,4298.946,2026-09-23T12:23:53Z,semo_pub_15minaggwindfcst_202609231223,1446.1166666666666,1,0
2026-09-24T13:30:00Z,2026-09-24T12:30:00Z,60,5089.0,2026-09-23T15:05:05Z,semo_pub_dailyloadfcst_202609231505,1284.9166666666667,1,895.0,2026-09-23T15:05:05Z,semo_pub_dailyloadfcst_202609231505,1284.9166666666667,1,4194.0,2026-09-23T15:05:05Z,semo_pub_dailyloadfcst_202609231505,1284.9166666666667,1,,,,,0,,,,,0,,,,,0,,,,,0,,,,,0,,,,,0,971.0,2026-09-23T15:23:12Z,smartgrid_solar_snapshot_2026-09-23,1266.8,1,4266.436,2026-09-23T12:23:53Z,semo_pub_15minaggwindfcst_202609231223,1446.1166666666666,1,0
2026-09-24T13:30:00Z,2026-09-24T13:00:00Z,30,5089.0,2026-09-23T15:05:05Z,semo_pub_dailyloadfcst_202609231505,1314.9166666666667,1,895.0,2026-09-23T15:05:05Z,semo_pub_dailyloadfcst_202609231505,1314.9166666666667,1,4194.0,2026-09-23T15:05:05Z,semo_pub_dailyloadfcst_202609231505,1314.9166666666667,1,,,,,0,,,,,0,,,,,0,,,,,0,,,,,0,,,,,0,971.0,2026-09-23T15:23:12Z,smartgrid_solar_snapshot_2026-09-23,1296.8,1,4266.436,2026-09-23T12:23:53Z,semo_pub_15minaggwindfcst_202609231223,1476.1166666666666,1,0
2026-09-24T14:00:00Z,2026-09-24T13:00:00Z,60,5128.0,2026-09-23T15:05:05Z,semo_pub_dailyloadfcst_202609231505,1314.9166666666667,1,898.0,2026-09-23T15:05:05Z,semo_pub_dailyloadfcst_202609231505,1314.9166666666667,1,4230.0,2026-09-23T15:05:05Z,semo_pub_dailyloadfcst_202609231505,1314.9166666666667,1,500.0,2026-09-23T06:00:11Z,semo_pub_dailyintconntc_202609230600,1859.8166666666666,1,530.0,2026-09-23T06:00:11Z,semo_pub_dailyintconntc_202609230600,1859.8166666666666,1,513.0,2026-09-23T06:00:11Z,semo_pub_dailyintconntc_202609230600,1859.8166666666666,1,500.0,2026-09-23T06:00:11Z,semo_pub_dailyintconntc_202609230600,1859.8166666666666,1,500.0,2026-09-23T06:00:11Z,semo_pub_dailyintconntc_202609230600,1859.8166666666666,1,504.0,2026-09-23T06:00:11Z,semo_pub_dailyintconntc_202609230600,1859.8166666666666,1,964.0,2026-09-23T15:23:12Z,smartgrid_solar_snapshot_2026-09-23,1296.8,1,4233.93,2026-09-23T12:23:53Z,semo_pub_15minaggwindfcst_202609231223,1476.1166666666666,1,0
2026-09-24T14:00:00Z,2026-09-24T13:30:00Z,30,5128.0,2026-09-23T15:05:05Z,semo_pub_dailyloadfcst_202609231505,1344.9166666666667,1,898.0,2026-09-23T15:05:05Z,semo_pub_dailyloadfcst_202609231505,1344.9166666666667,1,4230.0,2026-09-23T15:05:05Z,semo_pub_dailyloadfcst_202609231505,1344.9166666666667,1,500.0,2026-09-23T06:00:11Z,semo_pub_dailyintconntc_202609230600,1889.8166666666666,1,530.0,2026-09-23T06:00:11Z,semo_pub_dailyintconntc_202609230600,1889.8166666666666,1,513.0,2026-09-23T06:00:11Z,semo_pub_dailyintconntc_202609230600,1889.8166666666666,1,500.0,2026-09-23T06:00:11Z,semo_pub_dailyintconntc_202609230600,1889.8166666666666,1,500.0,2026-09-23T06:00:11Z,semo_pub_dailyintconntc_202609230600,1889.8166666666666,1,504.0,2026-09-23T06:00:11Z,semo_pub_dailyintconntc_202609230600,1889.8166666666666,1,964.0,2026-09-23T15:23:12Z,smartgrid_solar_snapshot_2026-09-23,1326.8,1,4233.93,2026-09-23T12:23:53Z,semo_pub_15minaggwindfcst_202609231223,1506.1166666666666,1,0
2026-09-24T14:30:00Z,2026-09-24T13:30:00Z,60,5192.0,2026-09-23T15:05:05Z,semo_pub_dailyloadfcst_202609231505,1344.9166666666667,1,897.0,2026-09-23T15:05:05Z,semo_pub_dailyloadfcst_202609231505,1344.9166666666667,1,4295.0,2026-09-23T15:05:05Z,semo_pub_dailyloadfcst_202609231505,1344.9166666666667,1,,,,,0,,,,,0,,,,,0,,,,,0,,,,,0,,,,,0,937.0,2026-09-23T15:23:12Z,smartgrid_solar_snapshot_2026-09-23,1326.8,1,4144.704,2026-09-23T12:23:53Z,semo_pub_15minaggwindfcst_202609231223,1506.1166666666666,1,0
2026-09-24T14:30:00Z,2026-09-24T14:00:00Z,30,5192.0,2026-09-23T15:05:05Z,semo_pub_dailyloadfcst_202609231505,1374.9166666666667,1,897.0,2026-09-23T15:05:05Z,semo_pub_dailyloadfcst_202609231505,1374.9166666666667,1,4295.0,2026-09-23T15:05:05Z,semo_pub_dailyloadfcst_202609231505,1374.9166666666667,1,,,,,0,,,,,0,,,,,0,,,,,0,,,,,0,,,,,0,937.0,2026-09-23T15:23:12Z,smartgrid_solar_snapshot_2026-09-23,1356.8,1,4144.704,2026-09-23T12:23:53Z,semo_pub_15minaggwindfcst_202609231223,1536.1166666666666,1,0
2026-09-24T15:00:00Z,2026-09-24T14:00:00Z,60,5262.0,2026-09-23T15:05:05Z,semo_pub_dailyloadfcst_202609231505,1374.9166666666667,1,924.0,2026-09-23T15:05:05Z,semo_pub_dailyloadfcst_202609231505,1374.9166666666667,1,4338.0,2026-09-23T15:05:05Z,semo_pub_dailyloadfcst_202609231505,1374.9166666666667,1,500.0,2026-09-23T06:00:11Z,semo_pub_dailyintconntc_202609230600,1919.8166666666666,1,530.0,2026-09-23T06:00:11Z,semo_pub_dailyintconntc_202609230600,1919.8166666666666,1,513.0,2026-09-23T06:00:11Z,semo_pub_dailyintconntc_202609230600,1919.8166666666666,1,500.0,2026-09-23T06:00:11Z,semo_pub_dailyintconntc_202609230600,1919.8166666666666,1,500.0,2026-09-23T06:00:11Z,semo_pub_dailyintconntc_202609230600,1919.8166666666666,1,504.0,2026-09-23T06:00:11Z,semo_pub_dailyintconntc_202609230600,1919.8166666666666,1,910.0,2026-09-23T15:23:12Z,smartgrid_solar_snapshot_2026-09-23,1356.8,1,4055.482,2026-09-23T12:23:53Z,semo_pub_15minaggwindfcst_202609231223,1536.1166666666666,1,0
2026-09-24T15:00:00Z,2026-09-24T14:30:00Z,30,5262.0,2026-09-23T15:05:05Z,semo_pub_dailyloadfcst_202609231505,1404.9166666666667,1,924.0,2026-09-23T15:05:05Z,semo_pub_dailyloadfcst_202609231505,1404.9166666666667,1,4338.0,2026-09-23T15:05:05Z,semo_pub_dailyloadfcst_202609231505,1404.9166666666667,1,500.0,2026-09-23T06:00:11Z,semo_pub_dailyintconntc_202609230600,1949.8166666666666,1,530.0,2026-09-23T06:00:11Z,semo_pub_dailyintconntc_202609230600,1949.8166666666666,1,513.0,2026-09-23T06:00:11Z,semo_pub_dailyintconntc_202609230600,1949.8166666666666,1,500.0,2026-09-23T06:00:11Z,semo_pub_dailyintconntc_202609230600,1949.8166666666666,1,500.0,2026-09-23T06:00:11Z,semo_pub_dailyintconntc_202609230600,1949.8166666666666,1,504.0,2026-09-23T06:00:11Z,semo_pub_dailyintconntc_202609230600,1949.8166666666666,1,910.0,2026-09-23T15:23:12Z,smartgrid_solar_snapshot_2026-09-23,1386.8,1,4055.482,2026-09-23T12:23:53Z,semo_pub_15minaggwindfcst_202609231223,1566.1166666666666,1,0
2026-09-24T15:30:00Z,2026-09-24T14:30:00Z,60,5385.0,2026-09-23T15:05:05Z,semo_pub_dailyloadfcst_202609231505,1404.9166666666667,1,953.0,2026-09-23T15:05:05Z,semo_pub_dailyloadfcst_202609231505,1404.9166666666667,1,4432.0,2026-09-23T15:05:05Z,semo_pub_dailyloadfcst_202609231505,1404.9166666666667,1,,,,,0,,,,,0,,,,,0,,,,,0,,,,,0,,,,,0,856.0,2026-09-23T15:23:12Z,smartgrid_solar_snapshot_2026-09-23,1386.8,1,3869.628,2026-09-23T12:23:53Z,semo_pub_15minaggwindfcst_202609231223,1566.1166666666666,1,0
2026-09-24T15:30:00Z,2026-09-24T15:00:00Z,30,5385.0,2026-09-23T15:05:05Z,semo_pub_dailyloadfcst_202609231505,1434.9166666666667,1,953.0,2026-09-23T15:05:05Z,semo_pub_dailyloadfcst_202609231505,1434.9166666666667,1,4432.0,2026-09-23T15:05:05Z,semo_pub_dailyloadfcst_202609231505,1434.9166666666667,1,,,,,0,,,,,0,,,,,0,,,,,0,,,,,0,,,,,0,856.0,2026-09-23T15:23:12Z,smartgrid_solar_snapshot_2026-09-23,1416.8,1,3869.628,2026-09-23T12:23:53Z,semo_pub_15minaggwindfcst_202609231223,1596.1166666666666,1,0
2026-09-24T16:00:00Z,2026-09-24T15:00:00Z,60,5513.0,2026-09-23T15:05:05Z,semo_pub_dailyloadfcst_202609231505,1434.9166666666667,1,999.0,2026-09-23T15:05:05Z,semo_pub_dailyloadfcst_202609231505,1434.9166666666667,1,4514.0,2026-09-23T15:05:05Z,semo_pub_dailyloadfcst_202609231505,1434.9166666666667,1,500.0,2026-09-23T06:00:11Z,semo_pub_dailyintconntc_202609230600,1979.8166666666666,1,530.0,2026-09-23T06:00:11Z,semo_pub_dailyintconntc_202609230600,1979.8166666666666,1,513.0,2026-09-23T06:00:11Z,semo_pub_dailyintconntc_202609230600,1979.8166666666666,1,500.0,2026-09-23T06:00:11Z,semo_pub_dailyintconntc_202609230600,1979.8166666666666,1,500.0,2026-09-23T06:00:11Z,semo_pub_dailyintconntc_202609230600,1979.8166666666666,1,504.0,2026-09-23T06:00:11Z,semo_pub_dailyintconntc_202609230600,1979.8166666666666,1,802.0,2026-09-23T15:23:12Z,smartgrid_solar_snapshot_2026-09-23,1416.8,1,3683.766,2026-09-23T12:23:53Z,semo_pub_15minaggwindfcst_202609231223,1596.1166666666666,1,0
2026-09-24T16:00:00Z,2026-09-24T15:30:00Z,30,5513.0,2026-09-23T15:05:05Z,semo_pub_dailyloadfcst_202609231505,1464.9166666666667,1,999.0,2026-09-23T15:05:05Z,semo_pub_dailyloadfcst_202609231505,1464.9166666666667,1,4514.0,2026-09-23T15:05:05Z,semo_pub_dailyloadfcst_202609231505,1464.9166666666667,1,500.0,2026-09-23T06:00:11Z,semo_pub_dailyintconntc_202609230600,2009.8166666666666,1,530.0,2026-09-23T06:00:11Z,semo_pub_dailyintconntc_202609230600,2009.8166666666666,1,513.0,2026-09-23T06:00:11Z,semo_pub_dailyintconntc_202609230600,2009.8166666666666,1,500.0,2026-09-23T06:00:11Z,semo_pub_dailyintconntc_202609230600,2009.8166666666666,1,500.0,2026-09-23T06:00:11Z,semo_pub_dailyintconntc_202609230600,2009.8166666666666,1,504.0,2026-09-23T06:00:11Z,semo_pub_dailyintconntc_202609230600,2009.8166666666666,1,802.0,2026-09-23T15:23:12Z,smartgrid_solar_snapshot_2026-09-23,1446.8,1,3683.766,2026-09-23T12:23:53Z,semo_pub_15minaggwindfcst_202609231223,1626.1166666666666,1,0
2026-09-24T16:30:00Z,2026-09-24T15:30:00Z,60,5626.0,2026-09-23T15:05:05Z,semo_pub_dailyloadfcst_202609231505,1464.9166666666667,1,1030.0,2026-09-23T15:05:05Z,semo_pub_dailyloadfcst_202609231505,1464.9166666666667,1,4596.0,2026-09-23T15:05:05Z,semo_pub_dailyloadfcst_202609231505,1464.9166666666667,1,,,,,0,,,,,0,,,,,0,,,,,0,,,,,0,,,,,0,694.0,2026-09-23T15:23:12Z,smartgrid_solar_snapshot_2026-09-23,1446.8,1,3397.524,2026-09-23T12:23:53Z,semo_pub_15minaggwindfcst_202609231223,1626.1166666666666,1,0
2026-09-24T16:30:00Z,2026-09-24T16:00:00Z,30,5626.0,2026-09-23T15:05:05Z,semo_pub_dailyloadfcst_202609231505,1494.9166666666667,1,1030.0,2026-09-23T15:05:05Z,semo_pub_dailyloadfcst_202609231505,1494.9166666666667,1,4596.0,2026-09-23T15:05:05Z,semo_pub_dailyloadfcst_202609231505,1494.9166666666667,1,,,,,0,,,,,0,,,,,0,,,,,0,,,,,0,,,,,0,694.0,2026-09-23T15:23:12Z,smartgrid_solar_snapshot_2026-09-23,1476.8,1,3397.524,2026-09-23T12:23:53Z,semo_pub_15minaggwindfcst_202609231223,1656.1166666666666,1,0
2026-09-24T17:00:00Z,2026-09-24T16:00:00Z,60,5629.0,2026-09-23T15:05:05Z,semo_pub_dailyloadfcst_202609231505,1494.9166666666667,1,1017.0,2026-09-23T15:05:05Z,semo_pub_dailyloadfcst_202609231505,1494.9166666666667,1,4612.0,2026-09-23T15:05:05Z,semo_pub_dailyloadfcst_202609231505,1494.9166666666667,1,500.0,2026-09-23T06:00:11Z,semo_pub_dailyintconntc_202609230600,2039.8166666666666,1,530.0,2026-09-23T06:00:11Z,semo_pub_dailyintconntc_202609230600,2039.8166666666666,1,513.0,2026-09-23T06:00:11Z,semo_pub_dailyintconntc_202609230600,2039.8166666666666,1,500.0,2026-09-23T06:00:11Z,semo_pub_dailyintconntc_202609230600,2039.8166666666666,1,500.0,2026-09-23T06:00:11Z,semo_pub_dailyintconntc_202609230600,2039.8166666666666,1,504.0,2026-09-23T06:00:11Z,semo_pub_dailyintconntc_202609230600,2039.8166666666666,1,585.0,2026-09-23T15:23:12Z,smartgrid_solar_snapshot_2026-09-23,1476.8,1,3111.288,2026-09-23T12:23:53Z,semo_pub_15minaggwindfcst_202609231223,1656.1166666666666,1,0
2026-09-24T17:00:00Z,2026-09-24T16:30:00Z,30,5629.0,2026-09-23T15:05:05Z,semo_pub_dailyloadfcst_202609231505,1524.9166666666667,1,1017.0,2026-09-23T15:05:05Z,semo_pub_dailyloadfcst_202609231505,1524.9166666666667,1,4612.0,2026-09-23T15:05:05Z,semo_pub_dailyloadfcst_202609231505,1524.9166666666667,1,500.0,2026-09-23T06:00:11Z,semo_pub_dailyintconntc_202609230600,2069.8166666666666,1,530.0,2026-09-23T06:00:11Z,semo_pub_dailyintconntc_202609230600,2069.8166666666666,1,513.0,2026-09-23T06:00:11Z,semo_pub_dailyintconntc_202609230600,2069.8166666666666,1,500.0,2026-09-23T06:00:11Z,semo_pub_dailyintconntc_202609230600,2069.8166666666666,1,500.0,2026-09-23T06:00:11Z,semo_pub_dailyintconntc_202609230600,2069.8166666666666,1,504.0,2026-09-23T06:00:11Z,semo_pub_dailyintconntc_202609230600,2069.8166666666666,1,585.0,2026-09-23T15:23:12Z,smartgrid_solar_snapshot_2026-09-23,1506.8,1,3111.288,2026-09-23T12:23:53Z,semo_pub_15minaggwindfcst_202609231223,1686.1166666666666,1,0
2026-09-24T17:30:00Z,2026-09-24T16:30:00Z,60,5579.0,2026-09-23T15:05:05Z,semo_pub_dailyloadfcst_202609231505,1524.9166666666667,1,979.0,2026-09-23T15:05:05Z,semo_pub_dailyloadfcst_202609231505,1524.9166666666667,1,4600.0,2026-09-23T15:05:05Z,semo_pub_dailyloadfcst_202609231505,1524.9166666666667,1,,,,,0,,,,,0,,,,,0,,,,,0,,,,,0,,,,,0,410.0,2026-09-23T15:23:12Z,smartgrid_solar_snapshot_2026-09-23,1506.8,1,2817.904,2026-09-23T12:23:53Z,semo_pub_15minaggwindfcst_202609231223,1686.1166666666666,1,0
2026-09-24T17:30:00Z,2026-09-24T17:00:00Z,30,5579.0,2026-09-23T15:05:05Z,semo_pub_dailyloadfcst_202609231505,1554.9166666666667,1,979.0,2026-09-23T15:05:05Z,semo_pub_dailyloadfcst_202609231505,1554.9166666666667,1,4600.0,2026-09-23T15:05:05Z,semo_pub_dailyloadfcst_202609231505,1554.9166666666667,1,,,,,0,,,,,0,,,,,0,,,,,0,,,,,0,,,,,0,410.0,2026-09-23T15:23:12Z,smartgrid_solar_snapshot_2026-09-23,1536.8,1,2817.904,2026-09-23T12:23:53Z,semo_pub_15minaggwindfcst_202609231223,1716.1166666666666,1,0
2026-09-24T18:00:00Z,2026-09-24T17:00:00Z,60,5581.0,2026-09-23T15:05:05Z,semo_pub_dailyloadfcst_202609231505,1554.9166666666667,1,983.0,2026-09-23T15:05:05Z,semo_pub_dailyloadfcst_202609231505,1554.9166666666667,1,4598.0,2026-09-23T15:05:05Z,semo_pub_dailyloadfcst_202609231505,1554.9166666666667,1,500.0,2026-09-23T06:00:11Z,semo_pub_dailyintconntc_202609230600,2099.8166666666666,1,530.0,2026-09-23T06:00:11Z,semo_pub_dailyintconntc_202609230600,2099.8166666666666,1,513.0,2026-09-23T06:00:11Z,semo_pub_dailyintconntc_202609230600,2099.8166666666666,1,500.0,2026-09-23T06:00:11Z,semo_pub_dailyintconntc_202609230600,2099.8166666666666,1,500.0,2026-09-23T06:00:11Z,semo_pub_dailyintconntc_202609230600,2099.8166666666666,1,504.0,2026-09-23T06:00:11Z,semo_pub_dailyintconntc_202609230600,2099.8166666666666,1,236.0,2026-09-23T15:23:12Z,smartgrid_solar_snapshot_2026-09-23,1536.8,1,2524.523,2026-09-23T12:23:53Z,semo_pub_15minaggwindfcst_202609231223,1716.1166666666666,1,0
2026-09-24T18:00:00Z,2026-09-24T17:30:00Z,30,5581.0,2026-09-23T15:05:05Z,semo_pub_dailyloadfcst_202609231505,1584.9166666666667,1,983.0,2026-09-23T15:05:05Z,semo_pub_dailyloadfcst_202609231505,1584.9166666666667,1,4598.0,2026-09-23T15:05:05Z,semo_pub_dailyloadfcst_202609231505,1584.9166666666667,1,500.0,2026-09-23T06:00:11Z,semo_pub_dailyintconntc_202609230600,2129.8166666666666,1,530.0,2026-09-23T06:00:11Z,semo_pub_dailyintconntc_202609230600,2129.8166666666666,1,513.0,2026-09-23T06:00:11Z,semo_pub_dailyintconntc_202609230600,2129.8166666666666,1,500.0,2026-09-23T06:00:11Z,semo_pub_dailyintconntc_202609230600,2129.8166666666666,1,500.0,2026-09-23T06:00:11Z,semo_pub_dailyintconntc_202609230600,2129.8166666666666,1,504.0,2026-09-23T06:00:11Z,semo_pub_dailyintconntc_202609230600,2129.8166666666666,1,236.0,2026-09-23T15:23:12Z,smartgrid_solar_snapshot_2026-09-23,1566.8,1,2524.523,2026-09-23T12:23:53Z,semo_pub_15minaggwindfcst_202609231223,1746.1166666666666,1,0
2026-09-24T18:30:00Z,2026-09-24T17:30:00Z,60,5663.0,2026-09-23T15:05:05Z,semo_pub_dailyloadfcst_202609231505,1584.9166666666667,1,985.0,2026-09-23T15:05:05Z,semo_pub_dailyloadfcst_202609231505,1584.9166666666667,1,4678.0,2026-09-23T15:05:05Z,semo_pub_dailyloadfcst_202609231505,1584.9166666666667,1,,,,,0,,,,,0,,,,,0,,,,,0,,,,,0,,,,,0,118.0,2026-09-23T15:23:12Z,smartgrid_solar_snapshot_2026-09-23,1566.8,1,2331.151,2026-09-23T12:23:53Z,semo_pub_15minaggwindfcst_202609231223,1746.1166666666666,1,0
2026-09-24T18:30:00Z,2026-09-24T18:00:00Z,30,5663.0,2026-09-23T15:05:05Z,semo_pub_dailyloadfcst_202609231505,1614.9166666666667,1,985.0,2026-09-23T15:05:05Z,semo_pub_dailyloadfcst_202609231505,1614.9166666666667,1,4678.0,2026-09-23T15:05:05Z,semo_pub_dailyloadfcst_202609231505,1614.9166666666667,1,,,,,0,,,,,0,,,,,0,,,,,0,,,,,0,,,,,0,118.0,2026-09-23T15:23:12Z,smartgrid_solar_snapshot_2026-09-23,1596.8,1,2331.151,2026-09-23T12:23:53Z,semo_pub_15minaggwindfcst_202609231223,1776.1166666666666,1,0
2026-09-24T19:00:00Z,2026-09-24T18:00:00Z,60,5718.0,2026-09-23T15:05:05Z,semo_pub_dailyloadfcst_202609231505,1614.9166666666667,1,968.0,2026-09-23T15:05:05Z,semo_pub_dailyloadfcst_202609231505,1614.9166666666667,1,4750.0,2026-09-23T15:05:05Z,semo_pub_dailyloadfcst_202609231505,1614.9166666666667,1,500.0,2026-09-23T06:00:11Z,semo_pub_dailyintconntc_202609230600,2159.8166666666666,1,530.0,2026-09-23T06:00:11Z,semo_pub_dailyintconntc_202609230600,2159.8166666666666,1,513.0,2026-09-23T06:00:11Z,semo_pub_dailyintconntc_202609230600,2159.8166666666666,1,500.0,2026-09-23T06:00:11Z,semo_pub_dailyintconntc_202609230600,2159.8166666666666,1,500.0,2026-09-23T06:00:11Z,semo_pub_dailyintconntc_202609230600,2159.8166666666666,1,504.0,2026-09-23T06:00:11Z,semo_pub_dailyintconntc_202609230600,2159.8166666666666,1,0.0,2026-09-23T15:23:12Z,smartgrid_solar_snapshot_2026-09-23,1596.8,1,2137.762,2026-09-23T12:23:53Z,semo_pub_15minaggwindfcst_202609231223,1776.1166666666666,1,0
2026-09-24T19:00:00Z,2026-09-24T18:30:00Z,30,5718.0,2026-09-23T15:05:05Z,semo_pub_dailyloadfcst_202609231505,1644.9166666666667,1,968.0,2026-09-23T15:05:05Z,semo_pub_dailyloadfcst_202609231505,1644.9166666666667,1,4750.0,2026-09-23T15:05:05Z,semo_pub_dailyloadfcst_202609231505,1644.9166666666667,1,500.0,2026-09-23T06:00:11Z,semo_pub_dailyintconntc_202609230600,2189.8166666666666,1,530.0,2026-09-23T06:00:11Z,semo_pub_dailyintconntc_202609230600,2189.8166666666666,1,513.0,2026-09-23T06:00:11Z,semo_pub_dailyintconntc_202609230600,2189.8166666666666,1,500.0,2026-09-23T06:00:11Z,semo_pub_dailyintconntc_202609230600,2189.8166666666666,1,500.0,2026-09-23T06:00:11Z,semo_pub_dailyintconntc_202609230600,2189.8166666666666,1,504.0,2026-09-23T06:00:11Z,semo_pub_dailyintconntc_202609230600,2189.8166666666666,1,0.0,2026-09-23T15:23:12Z,smartgrid_solar_snapshot_2026-09-23,1626.8,1,2137.762,2026-09-23T12:23:53Z,semo_pub_15minaggwindfcst_202609231223,1806.1166666666666,1,0
2026-09-24T19:30:00Z,2026-09-24T18:30:00Z,60,5597.0,2026-09-23T15:05:05Z,semo_pub_dailyloadfcst_202609231505,1644.9166666666667,1,938.0,2026-09-23T15:05:05Z,semo_pub_dailyloadfcst_202609231505,1644.9166666666667,1,4659.0,2026-09-23T15:05:05Z,semo_pub_dailyloadfcst_202609231505,1644.9166666666667,1,,,,,0,,,,,0,,,,,0,,,,,0,,,,,0,,,,,0,0.0,2026-09-23T15:23:12Z,smartgrid_solar_snapshot_2026-09-23,1626.8,1,1975.588,2026-09-23T12:23:53Z,semo_pub_15minaggwindfcst_202609231223,1806.1166666666666,1,0
2026-09-24T19:30:00Z,2026-09-24T19:00:00Z,30,5597.0,2026-09-23T15:05:05Z,semo_pub_dailyloadfcst_202609231505,1674.9166666666667,1,938.0,2026-09-23T15:05:05Z,semo_pub_dailyloadfcst_202609231505,1674.9166666666667,1,4659.0,2026-09-23T15:05:05Z,semo_pub_dailyloadfcst_202609231505,1674.9166666666667,1,,,,,0,,,,,0,,,,,0,,,,,0,,,,,0,,,,,0,0.0,2026-09-23T15:23:12Z,smartgrid_solar_snapshot_2026-09-23,1656.8,1,1975.588,2026-09-23T12:23:53Z,semo_pub_15minaggwindfcst_202609231223,1836.1166666666666,1,0
2026-09-24T20:00:00Z,2026-09-24T19:00:00Z,60,5437.0,2026-09-23T15:05:05Z,semo_pub_dailyloadfcst_202609231505,1674.9166666666667,1,899.0,2026-09-23T15:05:05Z,semo_pub_dailyloadfcst_202609231505,1674.9166666666667,1,4538.0,2026-09-23T15:05:05Z,semo_pub_dailyloadfcst_202609231505,1674.9166666666667,1,500.0,2026-09-23T06:00:11Z,semo_pub_dailyintconntc_202609230600,2219.8166666666666,1,530.0,2026-09-23T06:00:11Z,semo_pub_dailyintconntc_202609230600,2219.8166666666666,1,513.0,2026-09-23T06:00:11Z,semo_pub_dailyintconntc_202609230600,2219.8166666666666,1,500.0,2026-09-23T06:00:11Z,semo_pub_dailyintconntc_202609230600,2219.8166666666666,1,500.0,2026-09-23T06:00:11Z,semo_pub_dailyintconntc_202609230600,2219.8166666666666,1,504.0,2026-09-23T06:00:11Z,semo_pub_dailyintconntc_202609230600,2219.8166666666666,1,0.0,2026-09-23T15:23:12Z,smartgrid_solar_snapshot_2026-09-23,1656.8,1,1813.399,2026-09-23T12:23:53Z,semo_pub_15minaggwindfcst_202609231223,1836.1166666666666,1,0
2026-09-24T20:00:00Z,2026-09-24T19:30:00Z,30,5437.0,2026-09-23T15:05:05Z,semo_pub_dailyloadfcst_202609231505,1704.9166666666667,1,899.0,2026-09-23T15:05:05Z,semo_pub_dailyloadfcst_202609231505,1704.9166666666667,1,4538.0,2026-09-23T15:05:05Z,semo_pub_dailyloadfcst_202609231505,1704.9166666666667,1,500.0,2026-09-23T06:00:11Z,semo_pub_dailyintconntc_202609230600,2249.8166666666666,1,530.0,2026-09-23T06:00:11Z,semo_pub_dailyintconntc_202609230600,2249.8166666666666,1,513.0,2026-09-23T06:00:11Z,semo_pub_dailyintconntc_202609230600,2249.8166666666666,1,500.0,2026-09-23T06:00:11Z,semo_pub_dailyintconntc_202609230600,2249.8166666666666,1,500.0,2026-09-23T06:00:11Z,semo_pub_dailyintconntc_202609230600,2249.8166666666666,1,504.0,2026-09-23T06:00:11Z,semo_pub_dailyintconntc_202609230600,2249.8166666666666,1,0.0,2026-09-23T15:23:12Z,smartgrid_solar_snapshot_2026-09-23,1686.8,1,1813.399,2026-09-23T12:23:53Z,semo_pub_15minaggwindfcst_202609231223,1866.1166666666666,1,0
2026-09-24T20:30:00Z,2026-09-24T19:30:00Z,60,5224.0,2026-09-23T15:05:05Z,semo_pub_dailyloadfcst_202609231505,1704.9166666666667,1,849.0,2026-09-23T15:05:05Z,semo_pub_dailyloadfcst_202609231505,1704.9166666666667,1,4375.0,2026-09-23T15:05:05Z,semo_pub_dailyloadfcst_202609231505,1704.9166666666667,1,,,,,0,,,,,0,,,,,0,,,,,0,,,,,0,,,,,0,0.0,2026-09-23T15:23:12Z,smartgrid_solar_snapshot_2026-09-23,1686.8,1,1683.123,2026-09-23T12:23:53Z,semo_pub_15minaggwindfcst_202609231223,1866.1166666666666,1,0
2026-09-24T20:30:00Z,2026-09-24T20:00:00Z,30,5224.0,2026-09-23T15:05:05Z,semo_pub_dailyloadfcst_202609231505,1734.9166666666667,1,849.0,2026-09-23T15:05:05Z,semo_pub_dailyloadfcst_202609231505,1734.9166666666667,1,4375.0,2026-09-23T15:05:05Z,semo_pub_dailyloadfcst_202609231505,1734.9166666666667,1,,,,,0,,,,,0,,,,,0,,,,,0,,,,,0,,,,,0,0.0,2026-09-23T15:23:12Z,smartgrid_solar_snapshot_2026-09-23,1716.8,1,1683.123,2026-09-23T12:23:53Z,semo_pub_15minaggwindfcst_202609231223,1896.1166666666666,1,0
2026-09-24T21:00:00Z,2026-09-24T20:00:00Z,60,5009.0,2026-09-23T15:05:05Z,semo_pub_dailyloadfcst_202609231505,1734.9166666666667,1,797.0,2026-09-23T15:05:05Z,semo_pub_dailyloadfcst_202609231505,1734.9166666666667,1,4212.0,2026-09-23T15:05:05Z,semo_pub_dailyloadfcst_202609231505,1734.9166666666667,1,500.0,2026-09-23T06:00:11Z,semo_pub_dailyintconntc_202609230600,2279.8166666666666,1,530.0,2026-09-23T06:00:11Z,semo_pub_dailyintconntc_202609230600,2279.8166666666666,1,513.0,2026-09-23T06:00:11Z,semo_pub_dailyintconntc_202609230600,2279.8166666666666,1,500.0,2026-09-23T06:00:11Z,semo_pub_dailyintconntc_202609230600,2279.8166666666666,1,500.0,2026-09-23T06:00:11Z,semo_pub_dailyintconntc_202609230600,2279.8166666666666,1,504.0,2026-09-23T06:00:11Z,semo_pub_dailyintconntc_202609230600,2279.8166666666666,1,0.0,2026-09-23T15:23:12Z,smartgrid_solar_snapshot_2026-09-23,1716.8,1,1552.847,2026-09-23T12:23:53Z,semo_pub_15minaggwindfcst_202609231223,1896.1166666666666,1,0
2026-09-24T21:00:00Z,2026-09-24T20:30:00Z,30,5009.0,2026-09-23T15:05:05Z,semo_pub_dailyloadfcst_202609231505,1764.9166666666667,1,797.0,2026-09-23T15:05:05Z,semo_pub_dailyloadfcst_202609231505,1764.9166666666667,1,4212.0,2026-09-23T15:05:05Z,semo_pub_dailyloadfcst_202609231505,1764.9166666666667,1,500.0,2026-09-23T06:00:11Z,semo_pub_dailyintconntc_202609230600,2309.8166666666666,1,530.0,2026-09-23T06:00:11Z,semo_pub_dailyintconntc_202609230600,2309.8166666666666,1,513.0,2026-09-23T06:00:11Z,semo_pub_dailyintconntc_202609230600,2309.8166666666666,1,500.0,2026-09-23T06:00:11Z,semo_pub_dailyintconntc_202609230600,2309.8166666666666,1,500.0,2026-09-23T06:00:11Z,semo_pub_dailyintconntc_202609230600,2309.8166666666666,1,504.0,2026-09-23T06:00:11Z,semo_pub_dailyintconntc_202609230600,2309.8166666666666,1,0.0,2026-09-23T15:23:12Z,smartgrid_solar_snapshot_2026-09-23,1746.8,1,1552.847,2026-09-23T12:23:53Z,semo_pub_15minaggwindfcst_202609231223,1926.1166666666666,1,0
2026-09-24T21:30:00Z,2026-09-24T20:30:00Z,60,4771.0,2026-09-23T15:05:05Z,semo_pub_dailyloadfcst_202609231505,1764.9166666666667,1,740.0,2026-09-23T15:05:05Z,semo_pub_dailyloadfcst_202609231505,1764.9166666666667,1,4031.0,2026-09-23T15:05:05Z,semo_pub_dailyloadfcst_202609231505,1764.9166666666667,1,,,,,0,,,,,0,,,,,0,,,,,0,,,,,0,,,,,0,0.0,2026-09-23T15:23:12Z,smartgrid_solar_snapshot_2026-09-23,1746.8,1,1458.19,2026-09-23T12:23:53Z,semo_pub_15minaggwindfcst_202609231223,1926.1166666666666,1,0
2026-09-24T21:30:00Z,2026-09-24T21:00:00Z,30,4771.0,2026-09-23T15:05:05Z,semo_pub_dailyloadfcst_202609231505,1794.9166666666667,1,740.0,2026-09-23T15:05:05Z,semo_pub_dailyloadfcst_202609231505,1794.9166666666667,1,4031.0,2026-09-23T15:05:05Z,semo_pub_dailyloadfcst_202609231505,1794.9166666666667,1,,,,,0,,,,,0,,,,,0,,,,,0,,,,,0,,,,,0,0.0,2026-09-23T15:23:12Z,smartgrid_solar_snapshot_2026-09-23,1776.8,1,1458.19,2026-09-23T12:23:53Z,semo_pub_15minaggwindfcst_202609231223,1956.1166666666666,1,0
2026-09-24T22:00:00Z,2026-09-24T21:00:00Z,60,4549.0,2026-09-23T15:05:05Z,semo_pub_dailyloadfcst_202609231505,1794.9166666666667,1,690.0,2026-09-23T15:05:05Z,semo_pub_dailyloadfcst_202609231505,1794.9166666666667,1,3859.0,2026-09-23T15:05:05Z,semo_pub_dailyloadfcst_202609231505,1794.9166666666667,1,500.0,2026-09-23T06:00:11Z,semo_pub_dailyintconntc_202609230600,2339.8166666666666,1,530.0,2026-09-23T06:00:11Z,semo_pub_dailyintconntc_202609230600,2339.8166666666666,1,513.0,2026-09-23T06:00:11Z,semo_pub_dailyintconntc_202609230600,2339.8166666666666,1,500.0,2026-09-23T06:00:11Z,semo_pub_dailyintconntc_202609230600,2339.8166666666666,1,500.0,2026-09-23T06:00:11Z,semo_pub_dailyintconntc_202609230600,2339.8166666666666,1,504.0,2026-09-23T06:00:11Z,semo_pub_dailyintconntc_202609230600,2339.8166666666666,1,0.0,2026-09-23T15:23:12Z,smartgrid_solar_snapshot_2026-09-23,1776.8,1,1363.532,2026-09-23T12:23:53Z,semo_pub_15minaggwindfcst_202609231223,1956.1166666666666,1,0
2026-09-24T22:00:00Z,2026-09-24T21:30:00Z,30,4549.0,2026-09-23T15:05:05Z,semo_pub_dailyloadfcst_202609231505,1824.9166666666667,1,690.0,2026-09-23T15:05:05Z,semo_pub_dailyloadfcst_202609231505,1824.9166666666667,1,3859.0,2026-09-23T15:05:05Z,semo_pub_dailyloadfcst_202609231505,1824.9166666666667,1,500.0,2026-09-23T06:00:11Z,semo_pub_dailyintconntc_202609230600,2369.8166666666666,1,530.0,2026-09-23T06:00:11Z,semo_pub_dailyintconntc_202609230600,2369.8166666666666,1,513.0,2026-09-23T06:00:11Z,semo_pub_dailyintconntc_202609230600,2369.8166666666666,1,500.0,2026-09-23T06:00:11Z,semo_pub_dailyintconntc_202609230600,2369.8166666666666,1,500.0,2026-09-23T06:00:11Z,semo_pub_dailyintconntc_202609230600,2369.8166666666666,1,504.0,2026-09-23T06:00:11Z,semo_pub_dailyintconntc_202609230600,2369.8166666666666,1,0.0,2026-09-23T15:23:12Z,smartgrid_solar_snapshot_2026-09-23,1806.8,1,1363.532,2026-09-23T12:23:53Z,semo_pub_15minaggwindfcst_202609231223,1986.1166666666666,1,0
2026-09-24T22:30:00Z,2026-09-24T21:30:00Z,60,4424.0,2026-09-23T15:05:05Z,semo_pub_dailyloadfcst_202609231505,1824.9166666666667,1,656.0,2026-09-23T15:05:05Z,semo_pub_dailyloadfcst_202609231505,1824.9166666666667,1,3768.0,2026-09-23T15:05:05Z,semo_pub_dailyloadfcst_202609231505,1824.9166666666667,1,,,,,0,,,,,0,,,,,0,,,,,0,,,,,0,,,,,0,0.0,2026-09-23T15:23:12Z,smartgrid_solar_snapshot_2026-09-23,1806.8,1,1295.404,2026-09-23T12:23:53Z,semo_pub_15minaggwindfcst_202609231223,1986.1166666666666,1,0
2026-09-24T22:30:00Z,2026-09-24T22:00:00Z,30,4424.0,2026-09-23T15:05:05Z,semo_pub_dailyloadfcst_202609231505,1854.9166666666667,1,656.0,2026-09-23T15:05:05Z,semo_pub_dailyloadfcst_202609231505,1854.9166666666667,1,3768.0,2026-09-23T15:05:05Z,semo_pub_dailyloadfcst_202609231505,1854.9166666666667,1,,,,,0,,,,,0,,,,,0,,,,,0,,,,,0,,,,,0,0.0,2026-09-23T15:23:12Z,smartgrid_solar_snapshot_2026-09-23,1836.8,1,1295.404,2026-09-23T12:23:53Z,semo_pub_15minaggwindfcst_202609231223,2016.1166666666666,1,0
2026-09-24T23:00:00Z,2026-09-24T22:00:00Z,60,4786.0,2026-09-23T15:05:05Z,semo_pub_dailyloadfcst_202609231505,1854.9166666666667,1,637.0,2026-09-23T15:05:05Z,semo_pub_dailyloadfcst_202609231505,1854.9166666666667,1,4149.0,2026-09-23T15:05:05Z,semo_pub_dailyloadfcst_202609231505,1854.9166666666667,1,500.0,2026-09-23T06:00:11Z,semo_pub_dailyintconntc_202609230600,2399.8166666666666,1,530.0,2026-09-23T06:00:11Z,semo_pub_dailyintconntc_202609230600,2399.8166666666666,1,513.0,2026-09-23T06:00:11Z,semo_pub_dailyintconntc_202609230600,2399.8166666666666,1,500.0,2026-09-23T06:00:11Z,semo_pub_dailyintconntc_202609230600,2399.8166666666666,1,500.0,2026-09-23T06:00:11Z,semo_pub_dailyintconntc_202609230600,2399.8166666666666,1,504.0,2026-09-23T06:00:11Z,semo_pub_dailyintconntc_202609230600,2399.8166666666666,1,0.0,2026-09-23T15:23:12Z,smartgrid_solar_snapshot_2026-09-23,1836.8,1,1227.257,2026-09-23T12:23:53Z,semo_pub_15minaggwindfcst_202609231223,2016.1166666666666,1,0
2026-09-24T23:00:00Z,2026-09-24T22:30:00Z,30,4786.0,2026-09-23T15:05:05Z,semo_pub_dailyloadfcst_202609231505,1884.9166666666667,1,637.0,2026-09-23T15:05:05Z,semo_pub_dailyloadfcst_202609231505,1884.9166666666667,1,4149.0,2026-09-23T15:05:05Z,semo_pub_dailyloadfcst_202609231505,1884.9166666666667,1,500.0,2026-09-23T06:00:11Z,semo_pub_dailyintconntc_202609230600,2429.8166666666666,1,530.0,2026-09-23T06:00:11Z,semo_pub_dailyintconntc_202609230600,2429.8166666666666,1,513.0,2026-09-23T06:00:11Z,semo_pub_dailyintconntc_202609230600,2429.8166666666666,1,500.0,2026-09-23T06:00:11Z,semo_pub_dailyintconntc_202609230600,2429.8166666666666,1,500.0,2026-09-23T06:00:11Z,semo_pub_dailyintconntc_202609230600,2429.8166666666666,1,504.0,2026-09-23T06:00:11Z,semo_pub_dailyintconntc_202609230600,2429.8166666666666,1,0.0,2026-09-23T15:23:12Z,smartgrid_solar_snapshot_2026-09-23,1866.8,1,1227.257,2026-09-23T12:23:53Z,semo_pub_15minaggwindfcst_202609231223,2046.1166666666666,1,0
2026-09-24T23:30:00Z,2026-09-24T22:30:00Z,60,4590.0,2026-09-23T15:05:05Z,semo_pub_dailyloadfcst_202609231505,1884.9166666666667,1,612.0,2026-09-23T15:05:05Z,semo_pub_dailyloadfcst_202609231505,1884.9166666666667,1,3978.0,2026-09-23T15:05:05Z,semo_pub_dailyloadfcst_202609231505,1884.9166666666667,1,,,,,0,,,,,0,,,,,0,,,,,0,,,,,0,,,,,0,0.0,2026-09-23T15:23:12Z,smartgrid_solar_snapshot_2026-09-23,1866.8,1,1175.407,2026-09-23T12:23:53Z,semo_pub_15minaggwindfcst_202609231223,2046.1166666666666,1,0
2026-09-24T23:30:00Z,2026-09-24T23:00:00Z,30,4590.0,2026-09-23T15:05:05Z,semo_pub_dailyloadfcst_202609231505,1914.9166666666667,1,612.0,2026-09-23T15:05:05Z,semo_pub_dailyloadfcst_202609231505,1914.9166666666667,1,3978.0,2026-09-23T15:05:05Z,semo_pub_dailyloadfcst_202609231505,1914.9166666666667,1,,,,,0,,,,,0,,,,,0,,,,,0,,,,,0,,,,,0,0.0,2026-09-23T15:23:12Z,smartgrid_solar_snapshot_2026-09-23,1896.8,1,1175.407,2026-09-23T12:23:53Z,semo_pub_15minaggwindfcst_202609231223,2076.116666666667,1,0
2026-09-25T00:00:00Z,2026-09-24T23:00:00Z,60,4491.0,2026-09-23T15:05:05Z,semo_pub_dailyloadfcst_202609231505,1914.9166666666667,1,598.0,2026-09-23T15:05:05Z,semo_pub_dailyloadfcst_202609231505,1914.9166666666667,1,3893.0,2026-09-23T15:05:05Z,semo_pub_dailyloadfcst_202609231505,1914.9166666666667,1,500.0,2026-09-23T06:00:11Z,semo_pub_dailyintconntc_202609230600,2459.8166666666666,1,530.0,2026-09-23T06:00:11Z,semo_pub_dailyintconntc_202609230600,2459.8166666666666,1,513.0,2026-09-23T06:00:11Z,semo_pub_dailyintconntc_202609230600,2459.8166666666666,1,500.0,2026-09-23T06:00:11Z,semo_pub_dailyintconntc_202609230600,2459.8166666666666,1,500.0,2026-09-23T06:00:11Z,semo_pub_dailyintconntc_202609230600,2459.8166666666666,1,504.0,2026-09-23T06:00:11Z,semo_pub_dailyintconntc_202609230600,2459.8166666666666,1,,,,,0,1123.569,2026-09-23T12:23:53Z,semo_pub_15minaggwindfcst_202609231223,2076.116666666667,1,0
2026-09-25T00:00:00Z,2026-09-24T23:30:00Z,30,4491.0,2026-09-23T15:05:05Z,semo_pub_dailyloadfcst_202609231505,1944.9166666666667,1,598.0,2026-09-23T15:05:05Z,semo_pub_dailyloadfcst_202609231505,1944.9166666666667,1,3893.0,2026-09-23T15:05:05Z,semo_pub_dailyloadfcst_202609231505,1944.9166666666667,1,500.0,2026-09-23T06:00:11Z,semo_pub_dailyintconntc_202609230600,2489.8166666666666,1,530.0,2026-09-23T06:00:11Z,semo_pub_dailyintconntc_202609230600,2489.8166666666666,1,513.0,2026-09-23T06:00:11Z,semo_pub_dailyintconntc_202609230600,2489.8166666666666,1,500.0,2026-09-23T06:00:11Z,semo_pub_dailyintconntc_202609230600,2489.8166666666666,1,500.0,2026-09-23T06:00:11Z,semo_pub_dailyintconntc_202609230600,2489.8166666666666,1,504.0,2026-09-23T06:00:11Z,semo_pub_dailyintconntc_202609230600,2489.8166666666666,1,,,,,0,1123.569,2026-09-23T12:23:53Z,semo_pub_15minaggwindfcst_202609231223,2106.116666666667,1,0
2026-09-25T00:30:00Z,2026-09-24T23:30:00Z,60,4422.0,2026-09-23T15:05:05Z,semo_pub_dailyloadfcst_202609231505,1944.9166666666667,1,587.0,2026-09-23T15:05:05Z,semo_pub_dailyloadfcst_202609231505,1944.9166666666667,1,3835.0,2026-09-23T15:05:05Z,semo_pub_dailyloadfcst_202609231505,1944.9166666666667,1,,,,,0,,,,,0,,,,,0,,,,,0,,,,,0,,,,,0,,,,,0,1094.98,2026-09-23T12:23:53Z,semo_pub_15minaggwindfcst_202609231223,2106.116666666667,1,0
2026-09-25T00:30:00Z,2026-09-25T00:00:00Z,30,4422.0,2026-09-23T15:05:05Z,semo_pub_dailyloadfcst_202609231505,1974.9166666666667,1,587.0,2026-09-23T15:05:05Z,semo_pub_dailyloadfcst_202609231505,1974.9166666666667,1,3835.0,2026-09-23T15:05:05Z,semo_pub_dailyloadfcst_202609231505,1974.9166666666667,1,,,,,0,,,,,0,,,,,0,,,,,0,,,,,0,,,,,0,,,,,0,1094.98,2026-09-23T12:23:53Z,semo_pub_15minaggwindfcst_202609231223,2136.116666666667,1,0
2026-09-25T01:00:00Z,2026-09-25T00:00:00Z,60,4350.0,2026-09-23T15:05:05Z,semo_pub_dailyloadfcst_202609231505,1974.9166666666667,1,580.0,2026-09-23T15:05:05Z,semo_pub_dailyloadfcst_202609231505,1974.9166666666667,1,3770.0,2026-09-23T15:05:05Z,semo_pub_dailyloadfcst_202609231505,1974.9166666666667,1,500.0,2026-09-23T06:00:11Z,semo_pub_dailyintconntc_202609230600,2519.8166666666666,1,530.0,2026-09-23T06:00:11Z,semo_pub_dailyintconntc_202609230600,2519.8166666666666,1,513.0,2026-09-23T06:00:11Z,semo_pub_dailyintconntc_202609230600,2519.8166666666666,1,500.0,2026-09-23T06:00:11Z,semo_pub_dailyintconntc_202609230600,2519.8166666666666,1,500.0,2026-09-23T06:00:11Z,semo_pub_dailyintconntc_202609230600,2519.8166666666666,1,504.0,2026-09-23T06:00:11Z,semo_pub_dailyintconntc_202609230600,2519.8166666666666,1,,,,,0,1066.403,2026-09-23T12:23:53Z,semo_pub_15minaggwindfcst_202609231223,2136.116666666667,1,0
2026-09-25T01:00:00Z,2026-09-25T00:30:00Z,30,4350.0,2026-09-23T15:05:05Z,semo_pub_dailyloadfcst_202609231505,2004.9166666666667,1,580.0,2026-09-23T15:05:05Z,semo_pub_dailyloadfcst_202609231505,2004.9166666666667,1,3770.0,2026-09-23T15:05:05Z,semo_pub_dailyloadfcst_202609231505,2004.9166666666667,1,500.0,2026-09-23T06:00:11Z,semo_pub_dailyintconntc_202609230600,2549.8166666666666,1,530.0,2026-09-23T06:00:11Z,semo_pub_dailyintconntc_202609230600,2549.8166666666666,1,513.0,2026-09-23T06:00:11Z,semo_pub_dailyintconntc_202609230600,2549.8166666666666,1,500.0,2026-09-23T06:00:11Z,semo_pub_dailyintconntc_202609230600,2549.8166666666666,1,500.0,2026-09-23T06:00:11Z,semo_pub_dailyintconntc_202609230600,2549.8166666666666,1,504.0,2026-09-23T06:00:11Z,semo_pub_dailyintconntc_202609230600,2549.8166666666666,1,,,,,0,1066.403,2026-09-23T12:23:53Z,semo_pub_15minaggwindfcst_202609231223,2166.116666666667,1,0
2026-09-25T01:30:00Z,2026-09-25T00:30:00Z,60,4414.0,2026-09-23T15:05:05Z,semo_pub_dailyloadfcst_202609231505,2004.9166666666667,1,603.0,2026-09-23T15:05:05Z,semo_pub_dailyloadfcst_202609231505,2004.9166666666667,1,3811.0,2026-09-23T15:05:05Z,semo_pub_dailyloadfcst_202609231505,2004.9166666666667,1,,,,,0,,,,,0,,,,,0,,,,,0,,,,,0,,,,,0,,,,,0,1032.059,2026-09-23T12:23:53Z,semo_pub_15minaggwindfcst_202609231223,2166.116666666667,1,0
2026-09-25T01:30:00Z,2026-09-25T01:00:00Z,30,4414.0,2026-09-23T15:05:05Z,semo_pub_dailyloadfcst_202609231505,2034.9166666666667,1,603.0,2026-09-23T15:05:05Z,semo_pub_dailyloadfcst_202609231505,2034.9166666666667,1,3811.0,2026-09-23T15:05:05Z,semo_pub_dailyloadfcst_202609231505,2034.9166666666667,1,,,,,0,,,,,0,,,,,0,,,,,0,,,,,0,,,,,0,,,,,0,1032.059,2026-09-23T12:23:53Z,semo_pub_15minaggwindfcst_202609231223,2196.116666666667,1,0
2026-09-25T02:00:00Z,2026-09-25T01:00:00Z,60,4471.0,2026-09-23T15:05:05Z,semo_pub_dailyloadfcst_202609231505,2034.9166666666667,1,584.0,2026-09-23T15:05:05Z,semo_pub_dailyloadfcst_202609231505,2034.9166666666667,1,3887.0,2026-09-23T15:05:05Z,semo_pub_dailyloadfcst_202609231505,2034.9166666666667,1,500.0,2026-09-23T06:00:11Z,semo_pub_dailyintconntc_202609230600,2579.8166666666666,1,530.0,2026-09-23T06:00:11Z,semo_pub_dailyintconntc_202609230600,2579.8166666666666,1,513.0,2026-09-23T06:00:11Z,semo_pub_dailyintconntc_202609230600,2579.8166666666666,1,500.0,2026-09-23T06:00:11Z,semo_pub_dailyintconntc_202609230600,2579.8166666666666,1,500.0,2026-09-23T06:00:11Z,semo_pub_dailyintconntc_202609230600,2579.8166666666666,1,504.0,2026-09-23T06:00:11Z,semo_pub_dailyintconntc_202609230600,2579.8166666666666,1,,,,,0,997.723,2026-09-23T12:23:53Z,semo_pub_15minaggwindfcst_202609231223,2196.116666666667,1,0
2026-09-25T02:00:00Z,2026-09-25T01:30:00Z,30,4471.0,2026-09-23T15:05:05Z,semo_pub_dailyloadfcst_202609231505,2064.9166666666665,1,584.0,2026-09-23T15:05:05Z,semo_pub_dailyloadfcst_202609231505,2064.9166666666665,1,3887.0,2026-09-23T15:05:05Z,semo_pub_dailyloadfcst_202609231505,2064.9166666666665,1,500.0,2026-09-23T06:00:11Z,semo_pub_dailyintconntc_202609230600,2609.8166666666666,1,530.0,2026-09-23T06:00:11Z,semo_pub_dailyintconntc_202609230600,2609.8166666666666,1,513.0,2026-09-23T06:00:11Z,semo_pub_dailyintconntc_202609230600,2609.8166666666666,1,500.0,2026-09-23T06:00:11Z,semo_pub_dailyintconntc_202609230600,2609.8166666666666,1,500.0,2026-09-23T06:00:11Z,semo_pub_dailyintconntc_202609230600,2609.8166666666666,1,504.0,2026-09-23T06:00:11Z,semo_pub_dailyintconntc_202609230600,2609.8166666666666,1,,,,,0,997.723,2026-09-23T12:23:53Z,semo_pub_15minaggwindfcst_202609231223,2226.116666666667,1,0
2026-09-25T02:30:00Z,2026-09-25T01:30:00Z,60,4284.0,2026-09-23T15:05:05Z,semo_pub_dailyloadfcst_202609231505,2064.9166666666665,1,579.0,2026-09-23T15:05:05Z,semo_pub_dailyloadfcst_202609231505,2064.9166666666665,1,3705.0,2026-09-23T15:05:05Z,semo_pub_dailyloadfcst_202609231505,2064.9166666666665,1,,,,,0,,,,,0,,,,,0,,,,,0,,,,,0,,,,,0,,,,,0,959.451,2026-09-23T12:23:53Z,semo_pub_15minaggwindfcst_202609231223,2226.116666666667,1,0
2026-09-25T02:30:00Z,2026-09-25T02:00:00Z,30,4284.0,2026-09-23T15:05:05Z,semo_pub_dailyloadfcst_202609231505,2094.9166666666665,1,579.0,2026-09-23T15:05:05Z,semo_pub_dailyloadfcst_202609231505,2094.9166666666665,1,3705.0,2026-09-23T15:05:05Z,semo_pub_dailyloadfcst_202609231505,2094.9166666666665,1,,,,,0,,,,,0,,,,,0,,,,,0,,,,,0,,,,,0,,,,,0,959.451,2026-09-23T12:23:53Z,semo_pub_15minaggwindfcst_202609231223,2256.116666666667,1,0
2026-09-25T03:00:00Z,2026-09-25T02:00:00Z,60,4237.0,2026-09-23T15:05:05Z,semo_pub_dailyloadfcst_202609231505,2094.9166666666665,1,577.0,2026-09-23T15:05:05Z,semo_pub_dailyloadfcst_202609231505,2094.9166666666665,1,3660.0,2026-09-23T15:05:05Z,semo_pub_dailyloadfcst_202609231505,2094.9166666666665,1,500.0,2026-09-23T06:00:11Z,semo_pub_dailyintconntc_202609230600,2639.8166666666666,1,530.0,2026-09-23T06:00:11Z,semo_pub_dailyintconntc_202609230600,2639.8166666666666,1,513.0,2026-09-23T06:00:11Z,semo_pub_dailyintconntc_202609230600,2639.8166666666666,1,500.0,2026-09-23T06:00:11Z,semo_pub_dailyintconntc_202609230600,2639.8166666666666,1,500.0,2026-09-23T06:00:11Z,semo_pub_dailyintconntc_202609230600,2639.8166666666666,1,504.0,2026-09-23T06:00:11Z,semo_pub_dailyintconntc_202609230600,2639.8166666666666,1,,,,,0,921.182,2026-09-23T12:23:53Z,semo_pub_15minaggwindfcst_202609231223,2256.116666666667,1,0
2026-09-25T03:00:00Z,2026-09-25T02:30:00Z,30,4237.0,2026-09-23T15:05:05Z,semo_pub_dailyloadfcst_202609231505,2124.9166666666665,1,577.0,2026-09-23T15:05:05Z,semo_pub_dailyloadfcst_202609231505,2124.9166666666665,1,3660.0,2026-09-23T15:05:05Z,semo_pub_dailyloadfcst_202609231505,2124.9166666666665,1,500.0,2026-09-23T06:00:11Z,semo_pub_dailyintconntc_202609230600,2669.8166666666666,1,530.0,2026-09-23T06:00:11Z,semo_pub_dailyintconntc_202609230600,2669.8166666666666,1,513.0,2026-09-23T06:00:11Z,semo_pub_dailyintconntc_202609230600,2669.8166666666666,1,500.0,2026-09-23T06:00:11Z,semo_pub_dailyintconntc_202609230600,2669.8166666666666,1,500.0,2026-09-23T06:00:11Z,semo_pub_dailyintconntc_202609230600,2669.8166666666666,1,504.0,2026-09-23T06:00:11Z,semo_pub_dailyintconntc_202609230600,2669.8166666666666,1,,,,,0,921.182,2026-09-23T12:23:53Z,semo_pub_15minaggwindfcst_202609231223,2286.116666666667,1,0
2026-09-25T03:30:00Z,2026-09-25T02:30:00Z,60,4193.0,2026-09-23T15:05:05Z,semo_pub_dailyloadfcst_202609231505,2124.9166666666665,1,577.0,2026-09-23T15:05:05Z,semo_pub_dailyloadfcst_202609231505,2124.9166666666665,1,3616.0,2026-09-23T15:05:05Z,semo_pub_dailyloadfcst_202609231505,2124.9166666666665,1,,,,,0,,,,,0,,,,,0,,,,,0,,,,,0,,,,,0,,,,,0,874.915,2026-09-23T12:23:53Z,semo_pub_15minaggwindfcst_202609231223,2286.116666666667,1,0
2026-09-25T03:30:00Z,2026-09-25T03:00:00Z,30,4193.0,2026-09-23T15:05:05Z,semo_pub_dailyloadfcst_202609231505,2154.9166666666665,1,577.0,2026-09-23T15:05:05Z,semo_pub_dailyloadfcst_202609231505,2154.9166666666665,1,3616.0,2026-09-23T15:05:05Z,semo_pub_dailyloadfcst_202609231505,2154.9166666666665,1,,,,,0,,,,,0,,,,,0,,,,,0,,,,,0,,,,,0,,,,,0,874.915,2026-09-23T12:23:53Z,semo_pub_15minaggwindfcst_202609231223,2316.116666666667,1,0
2026-09-25T04:00:00Z,2026-09-25T03:00:00Z,60,4193.0,2026-09-23T15:05:05Z,semo_pub_dailyloadfcst_202609231505,2154.9166666666665,1,578.0,2026-09-23T15:05:05Z,semo_pub_dailyloadfcst_202609231505,2154.9166666666665,1,3615.0,2026-09-23T15:05:05Z,semo_pub_dailyloadfcst_202609231505,2154.9166666666665,1,500.0,2026-09-23T06:00:11Z,semo_pub_dailyintconntc_202609230600,2699.8166666666666,1,530.0,2026-09-23T06:00:11Z,semo_pub_dailyintconntc_202609230600,2699.8166666666666,1,513.0,2026-09-23T06:00:11Z,semo_pub_dailyintconntc_202609230600,2699.8166666666666,1,500.0,2026-09-23T06:00:11Z,semo_pub_dailyintconntc_202609230600,2699.8166666666666,1,500.0,2026-09-23T06:00:11Z,semo_pub_dailyintconntc_202609230600,2699.8166666666666,1,504.0,2026-09-23T06:00:11Z,semo_pub_dailyintconntc_202609230600,2699.8166666666666,1,,,,,0,828.649,2026-09-23T12:23:53Z,semo_pub_15minaggwindfcst_202609231223,2316.116666666667,1,0
2026-09-25T04:00:00Z,2026-09-25T03:30:00Z,30,4193.0,2026-09-23T15:05:05Z,semo_pub_dailyloadfcst_202609231505,2184.9166666666665,1,578.0,2026-09-23T15:05:05Z,semo_pub_dailyloadfcst_202609231505,2184.9166666666665,1,3615.0,2026-09-23T15:05:05Z,semo_pub_dailyloadfcst_202609231505,2184.9166666666665,1,500.0,2026-09-23T06:00:11Z,semo_pub_dailyintconntc_202609230600,2729.8166666666666,1,530.0,2026-09-23T06:00:11Z,semo_pub_dailyintconntc_202609230600,2729.8166666666666,1,513.0,2026-09-23T06:00:11Z,semo_pub_dailyintconntc_202609230600,2729.8166666666666,1,500.0,2026-09-23T06:00:11Z,semo_pub_dailyintconntc_202609230600,2729.8166666666666,1,500.0,2026-09-23T06:00:11Z,semo_pub_dailyintconntc_202609230600,2729.8166666666666,1,504.0,2026-09-23T06:00:11Z,semo_pub_dailyintconntc_202609230600,2729.8166666666666,1,,,,,0,828.649,2026-09-23T12:23:53Z,semo_pub_15minaggwindfcst_202609231223,2346.116666666667,1,0
2026-09-25T04:30:00Z,2026-09-25T03:30:00Z,60,4250.0,2026-09-23T15:05:05Z,semo_pub_dailyloadfcst_202609231505,2184.9166666666665,1,597.0,2026-09-23T15:05:05Z,semo_pub_dailyloadfcst_202609231505,2184.9166666666665,1,3653.0,2026-09-23T15:05:05Z,semo_pub_dailyloadfcst_202609231505,2184.9166666666665,1,,,,,0,,,,,0,,,,,0,,,,,0,,,,,0,,,,,0,,,,,0,786.17,2026-09-23T12:23:53Z,semo_pub_15minaggwindfcst_202609231223,2346.116666666667,1,0
2026-09-25T04:30:00Z,2026-09-25T04:00:00Z,30,4250.0,2026-09-23T15:05:05Z,semo_pub_dailyloadfcst_202609231505,2214.9166666666665,1,597.0,2026-09-23T15:05:05Z,semo_pub_dailyloadfcst_202609231505,2214.9166666666665,1,3653.0,2026-09-23T15:05:05Z,semo_pub_dailyloadfcst_202609231505,2214.9166666666665,1,,,,,0,,,,,0,,,,,0,,,,,0,,,,,0,,,,,0,,,,,0,786.17,2026-09-23T12:23:53Z,semo_pub_15minaggwindfcst_202609231223,2376.116666666667,1,0
2026-09-25T05:00:00Z,2026-09-25T04:00:00Z,60,4526.0,2026-09-23T15:05:05Z,semo_pub_dailyloadfcst_202609231505,2214.9166666666665,1,641.0,2026-09-23T15:05:05Z,semo_pub_dailyloadfcst_202609231505,2214.9166666666665,1,3885.0,2026-09-23T15:05:05Z,semo_pub_dailyloadfcst_202609231505,2214.9166666666665,1,500.0,2026-09-23T06:00:11Z,semo_pub_dailyintconntc_202609230600,2759.8166666666666,1,530.0,2026-09-23T06:00:11Z,semo_pub_dailyintconntc_202609230600,2759.8166666666666,1,513.0,2026-09-23T06:00:11Z,semo_pub_dailyintconntc_202609230600,2759.8166666666666,1,500.0,2026-09-23T06:00:11Z,semo_pub_dailyintconntc_202609230600,2759.8166666666666,1,500.0,2026-09-23T06:00:11Z,semo_pub_dailyintconntc_202609230600,2759.8166666666666,1,504.0,2026-09-23T06:00:11Z,semo_pub_dailyintconntc_202609230600,2759.8166666666666,1,,,,,0,743.678,2026-09-23T12:23:53Z,semo_pub_15minaggwindfcst_202609231223,2376.116666666667,1,0
2026-09-25T05:00:00Z,2026-09-25T04:30:00Z,30,4526.0,2026-09-23T15:05:05Z,semo_pub_dailyloadfcst_202609231505,2244.9166666666665,1,641.0,2026-09-23T15:05:05Z,semo_pub_dailyloadfcst_202609231505,2244.9166666666665,1,3885.0,2026-09-23T15:05:05Z,semo_pub_dailyloadfcst_202609231505,2244.9166666666665,1,500.0,2026-09-23T06:00:11Z,semo_pub_dailyintconntc_202609230600,2789.8166666666666,1,530.0,2026-09-23T06:00:11Z,semo_pub_dailyintconntc_202609230600,2789.8166666666666,1,513.0,2026-09-23T06:00:11Z,semo_pub_dailyintconntc_202609230600,2789.8166666666666,1,500.0,2026-09-23T06:00:11Z,semo_pub_dailyintconntc_202609230600,2789.8166666666666,1,500.0,2026-09-23T06:00:11Z,semo_pub_dailyintconntc_202609230600,2789.8166666666666,1,504.0,2026-09-23T06:00:11Z,semo_pub_dailyintconntc_202609230600,2789.8166666666666,1,,,,,0,743.678,2026-09-23T12:23:53Z,semo_pub_15minaggwindfcst_202609231223,2406.116666666667,1,0
2026-09-25T05:30:00Z,2026-09-25T04:30:00Z,60,4727.0,2026-09-23T15:05:05Z,semo_pub_dailyloadfcst_202609231505,2244.9166666666665,1,723.0,2026-09-23T15:05:05Z,semo_pub_dailyloadfcst_202609231505,2244.9166666666665,1,4004.0,2026-09-23T15:05:05Z,semo_pub_dailyloadfcst_202609231505,2244.9166666666665,1,,,,,0,,,,,0,,,,,0,,,,,0,,,,,0,,,,,0,,,,,0,710.088,2026-09-23T12:23:53Z,semo_pub_15minaggwindfcst_202609231223,2406.116666666667,1,0
2026-09-25T05:30:00Z,2026-09-25T05:00:00Z,30,4727.0,2026-09-23T15:05:05Z,semo_pub_dailyloadfcst_202609231505,2274.9166666666665,1,723.0,2026-09-23T15:05:05Z,semo_pub_dailyloadfcst_202609231505,2274.9166666666665,1,4004.0,2026-09-23T15:05:05Z,semo_pub_dailyloadfcst_202609231505,2274.9166666666665,1,,,,,0,,,,,0,,,,,0,,,,,0,,,,,0,,,,,0,,,,,0,710.088,2026-09-23T12:23:53Z,semo_pub_15minaggwindfcst_202609231223,2436.116666666667,1,0
2026-09-25T06:00:00Z,2026-09-25T05:00:00Z,60,5084.0,2026-09-23T15:05:05Z,semo_pub_dailyloadfcst_202609231505,2274.9166666666665,1,810.0,2026-09-23T15:05:05Z,semo_pub_dailyloadfcst_202609231505,2274.9166666666665,1,4274.0,2026-09-23T15:05:05Z,semo_pub_dailyloadfcst_202609231505,2274.9166666666665,1,500.0,2026-09-23T06:00:11Z,semo_pub_dailyintconntc_202609230600,2819.8166666666666,1,530.0,2026-09-23T06:00:11Z,semo_pub_dailyintconntc_202609230600,2819.8166666666666,1,513.0,2026-09-23T06:00:11Z,semo_pub_dailyintconntc_202609230600,2819.8166666666666,1,500.0,2026-09-23T06:00:11Z,semo_pub_dailyintconntc_202609230600,2819.8166666666666,1,500.0,2026-09-23T06:00:11Z,semo_pub_dailyintconntc_202609230600,2819.8166666666666,1,504.0,2026-09-23T06:00:11Z,semo_pub_dailyintconntc_202609230600,2819.8166666666666,1,,,,,0,676.482,2026-09-23T12:23:53Z,semo_pub_15minaggwindfcst_202609231223,2436.116666666667,1,0
2026-09-25T06:00:00Z,2026-09-25T05:30:00Z,30,5084.0,2026-09-23T15:05:05Z,semo_pub_dailyloadfcst_202609231505,2304.9166666666665,1,810.0,2026-09-23T15:05:05Z,semo_pub_dailyloadfcst_202609231505,2304.9166666666665,1,4274.0,2026-09-23T15:05:05Z,semo_pub_dailyloadfcst_202609231505,2304.9166666666665,1,500.0,2026-09-23T06:00:11Z,semo_pub_dailyintconntc_202609230600,2849.8166666666666,1,530.0,2026-09-23T06:00:11Z,semo_pub_dailyintconntc_202609230600,2849.8166666666666,1,513.0,2026-09-23T06:00:11Z,semo_pub_dailyintconntc_202609230600,2849.8166666666666,1,500.0,2026-09-23T06:00:11Z,semo_pub_dailyintconntc_202609230600,2849.8166666666666,1,500.0,2026-09-23T06:00:11Z,semo_pub_dailyintconntc_202609230600,2849.8166666666666,1,504.0,2026-09-23T06:00:11Z,semo_pub_dailyintconntc_202609230600,2849.8166666666666,1,,,,,0,676.482,2026-09-23T12:23:53Z,semo_pub_15minaggwindfcst_202609231223,2466.116666666667,1,0
2026-09-25T06:30:00Z,2026-09-25T05:30:00Z,60,5489.0,2026-09-23T15:05:05Z,semo_pub_dailyloadfcst_202609231505,2304.9166666666665,1,913.0,2026-09-23T15:05:05Z,semo_pub_dailyloadfcst_202609231505,2304.9166666666665,1,4576.0,2026-09-23T15:05:05Z,semo_pub_dailyloadfcst_202609231505,2304.9166666666665,1,,,,,0,,,,,0,,,,,0,,,,,0,,,,,0,,,,,0,,,,,0,659.052,2026-09-23T12:23:53Z,semo_pub_15minaggwindfcst_202609231223,2466.116666666667,1,0
2026-09-25T06:30:00Z,2026-09-25T06:00:00Z,30,5489.0,2026-09-23T15:05:05Z,semo_pub_dailyloadfcst_202609231505,2334.9166666666665,1,913.0,2026-09-23T15:05:05Z,semo_pub_dailyloadfcst_202609231505,2334.9166666666665,1,4576.0,2026-09-23T15:05:05Z,semo_pub_dailyloadfcst_202609231505,2334.9166666666665,1,,,,,0,,,,,0,,,,,0,,,,,0,,,,,0,,,,,0,,,,,0,659.052,2026-09-23T12:23:53Z,semo_pub_15minaggwindfcst_202609231223,2496.116666666667,1,0
2026-09-25T07:00:00Z,2026-09-25T06:00:00Z,60,5645.0,2026-09-23T15:05:05Z,semo_pub_dailyloadfcst_202609231505,2334.9166666666665,1,953.0,2026-09-23T15:05:05Z,semo_pub_dailyloadfcst_202609231505,2334.9166666666665,1,4692.0,2026-09-23T15:05:05Z,semo_pub_dailyloadfcst_202609231505,2334.9166666666665,1,500.0,2026-09-23T06:00:11Z,semo_pub_dailyintconntc_202609230600,2879.8166666666666,1,530.0,2026-09-23T06:00:11Z,semo_pub_dailyintconntc_202609230600,2879.8166666666666,1,513.0,2026-09-23T06:00:11Z,semo_pub_dailyintconntc_202609230600,2879.8166666666666,1,500.0,2026-09-23T06:00:11Z,semo_pub_dailyintconntc_202609230600,2879.8166666666666,1,500.0,2026-09-23T06:00:11Z,semo_pub_dailyintconntc_202609230600,2879.8166666666666,1,504.0,2026-09-23T06:00:11Z,semo_pub_dailyintconntc_202609230600,2879.8166666666666,1,,,,,0,641.617,2026-09-23T12:23:53Z,semo_pub_15minaggwindfcst_202609231223,2496.116666666667,1,0
2026-09-25T07:00:00Z,2026-09-25T06:30:00Z,30,5645.0,2026-09-23T15:05:05Z,semo_pub_dailyloadfcst_202609231505,2364.9166666666665,1,953.0,2026-09-23T15:05:05Z,semo_pub_dailyloadfcst_202609231505,2364.9166666666665,1,4692.0,2026-09-23T15:05:05Z,semo_pub_dailyloadfcst_202609231505,2364.9166666666665,1,500.0,2026-09-23T06:00:11Z,semo_pub_dailyintconntc_202609230600,2909.8166666666666,1,530.0,2026-09-23T06:00:11Z,semo_pub_dailyintconntc_202609230600,2909.8166666666666,1,513.0,2026-09-23T06:00:11Z,semo_pub_dailyintconntc_202609230600,2909.8166666666666,1,500.0,2026-09-23T06:00:11Z,semo_pub_dailyintconntc_202609230600,2909.8166666666666,1,500.0,2026-09-23T06:00:11Z,semo_pub_dailyintconntc_202609230600,2909.8166666666666,1,504.0,2026-09-23T06:00:11Z,semo_pub_dailyintconntc_202609230600,2909.8166666666666,1,,,,,0,641.617,2026-09-23T12:23:53Z,semo_pub_15minaggwindfcst_202609231223,2526.116666666667,1,0
2026-09-25T07:30:00Z,2026-09-25T06:30:00Z,60,5660.0,2026-09-23T15:05:05Z,semo_pub_dailyloadfcst_202609231505,2364.9166666666665,1,976.0,2026-09-23T15:05:05Z,semo_pub_dailyloadfcst_202609231505,2364.9166666666665,1,4684.0,2026-09-23T15:05:05Z,semo_pub_dailyloadfcst_202609231505,2364.9166666666665,1,,,,,0,,,,,0,,,,,0,,,,,0,,,,,0,,,,,0,,,,,0,649.566,2026-09-23T12:23:53Z,semo_pub_15minaggwindfcst_202609231223,2526.116666666667,1,0
2026-09-25T07:30:00Z,2026-09-25T07:00:00Z,30,5660.0,2026-09-23T15:05:05Z,semo_pub_dailyloadfcst_202609231505,2394.9166666666665,1,976.0,2026-09-23T15:05:05Z,semo_pub_dailyloadfcst_202609231505,2394.9166666666665,1,4684.0,2026-09-23T15:05:05Z,semo_pub_dailyloadfcst_202609231505,2394.9166666666665,1,,,,,0,,,,,0,,,,,0,,,,,0,,,,,0,,,,,0,,,,,0,649.566,2026-09-23T12:23:53Z,semo_pub_15minaggwindfcst_202609231223,2556.116666666667,1,0
2026-09-25T08:00:00Z,2026-09-25T07:00:00Z,60,5782.0,2026-09-23T15:05:05Z,semo_pub_dailyloadfcst_202609231505,2394.9166666666665,1,999.0,2026-09-23T15:05:05Z,semo_pub_dailyloadfcst_202609231505,2394.9166666666665,1,4783.0,2026-09-23T15:05:05Z,semo_pub_dailyloadfcst_202609231505,2394.9166666666665,1,500.0,2026-09-23T06:00:11Z,semo_pub_dailyintconntc_202609230600,2939.8166666666666,1,530.0,2026-09-23T06:00:11Z,semo_pub_dailyintconntc_202609230600,2939.8166666666666,1,513.0,2026-09-23T06:00:11Z,semo_pub_dailyintconntc_202609230600,2939.8166666666666,1,500.0,2026-09-23T06:00:11Z,semo_pub_dailyintconntc_202609230600,2939.8166666666666,1,500.0,2026-09-23T06:00:11Z,semo_pub_dailyintconntc_202609230600,2939.8166666666666,1,504.0,2026-09-23T06:00:11Z,semo_pub_dailyintconntc_202609230600,2939.8166666666666,1,,,,,0,657.503,2026-09-23T12:23:53Z,semo_pub_15minaggwindfcst_202609231223,2556.116666666667,1,0
2026-09-25T08:00:00Z,2026-09-25T07:30:00Z,30,5782.0,2026-09-23T15:05:05Z,semo_pub_dailyloadfcst_202609231505,2424.9166666666665,1,999.0,2026-09-23T15:05:05Z,semo_pub_dailyloadfcst_202609231505,2424.9166666666665,1,4783.0,2026-09-23T15:05:05Z,semo_pub_dailyloadfcst_202609231505,2424.9166666666665,1,500.0,2026-09-23T06:00:11Z,semo_pub_dailyintconntc_202609230600,2969.8166666666666,1,530.0,2026-09-23T06:00:11Z,semo_pub_dailyintconntc_202609230600,2969.8166666666666,1,513.0,2026-09-23T06:00:11Z,semo_pub_dailyintconntc_202609230600,2969.8166666666666,1,500.0,2026-09-23T06:00:11Z,semo_pub_dailyintconntc_202609230600,2969.8166666666666,1,500.0,2026-09-23T06:00:11Z,semo_pub_dailyintconntc_202609230600,2969.8166666666666,1,504.0,2026-09-23T06:00:11Z,semo_pub_dailyintconntc_202609230600,2969.8166666666666,1,,,,,0,657.503,2026-09-23T12:23:53Z,semo_pub_15minaggwindfcst_202609231223,2586.116666666667,1,0
2026-09-25T08:30:00Z,2026-09-25T07:30:00Z,60,5680.0,2026-09-23T15:05:05Z,semo_pub_dailyloadfcst_202609231505,2424.9166666666665,1,1000.0,2026-09-23T15:05:05Z,semo_pub_dailyloadfcst_202609231505,2424.9166666666665,1,4680.0,2026-09-23T15:05:05Z,semo_pub_dailyloadfcst_202609231505,2424.9166666666665,1,,,,,0,,,,,0,,,,,0,,,,,0,,,,,0,,,,,0,,,,,0,697.486,2026-09-23T12:23:53Z,semo_pub_15minaggwindfcst_202609231223,2586.116666666667,1,0
2026-09-25T08:30:00Z,2026-09-25T08:00:00Z,30,5680.0,2026-09-23T15:05:05Z,semo_pub_dailyloadfcst_202609231505,2454.9166666666665,1,1000.0,2026-09-23T15:05:05Z,semo_pub_dailyloadfcst_202609231505,2454.9166666666665,1,4680.0,2026-09-23T15:05:05Z,semo_pub_dailyloadfcst_202609231505,2454.9166666666665,1,,,,,0,,,,,0,,,,,0,,,,,0,,,,,0,,,,,0,,,,,0,697.486,2026-09-23T12:23:53Z,semo_pub_15minaggwindfcst_202609231223,2616.116666666667,1,0
2026-09-25T09:00:00Z,2026-09-25T08:00:00Z,60,5569.0,2026-09-23T15:05:05Z,semo_pub_dailyloadfcst_202609231505,2454.9166666666665,1,963.0,2026-09-23T15:05:05Z,semo_pub_dailyloadfcst_202609231505,2454.9166666666665,1,4606.0,2026-09-23T15:05:05Z,semo_pub_dailyloadfcst_202609231505,2454.9166666666665,1,500.0,2026-09-23T06:00:11Z,semo_pub_dailyintconntc_202609230600,2999.8166666666666,1,530.0,2026-09-23T06:00:11Z,semo_pub_dailyintconntc_202609230600,2999.8166666666666,1,513.0,2026-09-23T06:00:11Z,semo_pub_dailyintconntc_202609230600,2999.8166666666666,1,500.0,2026-09-23T06:00:11Z,semo_pub_dailyintconntc_202609230600,2999.8166666666666,1,500.0,2026-09-23T06:00:11Z,semo_pub_dailyintconntc_202609230600,2999.8166666666666,1,504.0,2026-09-23T06:00:11Z,semo_pub_dailyintconntc_202609230600,2999.8166666666666,1,,,,,0,737.465,2026-09-23T12:23:53Z,semo_pub_15minaggwindfcst_202609231223,2616.116666666667,1,0
2026-09-25T09:00:00Z,2026-09-25T08:30:00Z,30,5569.0,2026-09-23T15:05:05Z,semo_pub_dailyloadfcst_202609231505,2484.9166666666665,1,963.0,2026-09-23T15:05:05Z,semo_pub_dailyloadfcst_202609231505,2484.9166666666665,1,4606.0,2026-09-23T15:05:05Z,semo_pub_dailyloadfcst_202609231505,2484.9166666666665,1,500.0,2026-09-23T06:00:11Z,semo_pub_dailyintconntc_202609230600,3029.8166666666666,1,530.0,2026-09-23T06:00:11Z,semo_pub_dailyintconntc_202609230600,3029.8166666666666,1,513.0,2026-09-23T06:00:11Z,semo_pub_dailyintconntc_202609230600,3029.8166666666666,1,500.0,2026-09-23T06:00:11Z,semo_pub_dailyintconntc_202609230600,3029.8166666666666,1,500.0,2026-09-23T06:00:11Z,semo_pub_dailyintconntc_202609230600,3029.8166666666666,1,504.0,2026-09-23T06:00:11Z,semo_pub_dailyintconntc_202609230600,3029.8166666666666,1,,,,,0,737.465,2026-09-23T12:23:53Z,semo_pub_15minaggwindfcst_202609231223,2646.116666666667,1,0
2026-09-25T09:30:00Z,2026-09-25T08:30:00Z,60,5493.0,2026-09-23T15:05:05Z,semo_pub_dailyloadfcst_202609231505,2484.9166666666665,1,944.0,2026-09-23T15:05:05Z,semo_pub_dailyloadfcst_202609231505,2484.9166666666665,1,4549.0,2026-09-23T15:05:05Z,semo_pub_dailyloadfcst_202609231505,2484.9166666666665,1,,,,,0,,,,,0,,,,,0,,,,,0,,,,,0,,,,,0,,,,,0,807.902,2026-09-23T12:23:53Z,semo_pub_15minaggwindfcst_202609231223,2646.116666666667,1,0
2026-09-25T09:30:00Z,2026-09-25T09:00:00Z,30,5493.0,2026-09-23T15:05:05Z,semo_pub_dailyloadfcst_202609231505,2514.9166666666665,1,944.0,2026-09-23T15:05:05Z,semo_pub_dailyloadfcst_202609231505,2514.9166666666665,1,4549.0,2026-09-23T15:05:05Z,semo_pub_dailyloadfcst_202609231505,2514.9166666666665,1,,,,,0,,,,,0,,,,,0,,,,,0,,,,,0,,,,,0,,,,,0,807.902,2026-09-23T12:23:53Z,semo_pub_15minaggwindfcst_202609231223,2676.116666666667,1,0
2026-09-25T10:00:00Z,2026-09-25T09:00:00Z,60,5509.0,2026-09-23T15:05:05Z,semo_pub_dailyloadfcst_202609231505,2514.9166666666665,1,945.0,2026-09-23T15:05:05Z,semo_pub_dailyloadfcst_202609231505,2514.9166666666665,1,4564.0,2026-09-23T15:05:05Z,semo_pub_dailyloadfcst_202609231505,2514.9166666666665,1,500.0,2026-09-23T06:00:11Z,semo_pub_dailyintconntc_202609230600,3059.8166666666666,1,530.0,2026-09-23T06:00:11Z,semo_pub_dailyintconntc_202609230600,3059.8166666666666,1,513.0,2026-09-23T06:00:11Z,semo_pub_dailyintconntc_202609230600,3059.8166666666666,1,500.0,2026-09-23T06:00:11Z,semo_pub_dailyintconntc_202609230600,3059.8166666666666,1,500.0,2026-09-23T06:00:11Z,semo_pub_dailyintconntc_202609230600,3059.8166666666666,1,504.0,2026-09-23T06:00:11Z,semo_pub_dailyintconntc_202609230600,3059.8166666666666,1,,,,,0,878.33,2026-09-23T12:23:53Z,semo_pub_15minaggwindfcst_202609231223,2676.116666666667,1,0
2026-09-25T10:00:00Z,2026-09-25T09:30:00Z,30,5509.0,2026-09-23T15:05:05Z,semo_pub_dailyloadfcst_202609231505,2544.9166666666665,1,945.0,2026-09-23T15:05:05Z,semo_pub_dailyloadfcst_202609231505,2544.9166666666665,1,4564.0,2026-09-23T15:05:05Z,semo_pub_dailyloadfcst_202609231505,2544.9166666666665,1,500.0,2026-09-23T06:00:11Z,semo_pub_dailyintconntc_202609230600,3089.8166666666666,1,530.0,2026-09-23T06:00:11Z,semo_pub_dailyintconntc_202609230600,3089.8166666666666,1,513.0,2026-09-23T06:00:11Z,semo_pub_dailyintconntc_202609230600,3089.8166666666666,1,500.0,2026-09-23T06:00:11Z,semo_pub_dailyintconntc_202609230600,3089.8166666666666,1,500.0,2026-09-23T06:00:11Z,semo_pub_dailyintconntc_202609230600,3089.8166666666666,1,504.0,2026-09-23T06:00:11Z,semo_pub_dailyintconntc_202609230600,3089.8166666666666,1,,,,,0,878.33,2026-09-23T12:23:53Z,semo_pub_15minaggwindfcst_202609231223,2706.116666666667,1,0
2026-09-25T10:30:00Z,2026-09-25T09:30:00Z,60,5498.0,2026-09-23T15:05:05Z,semo_pub_dailyloadfcst_202609231505,2544.9166666666665,1,932.0,2026-09-23T15:05:05Z,semo_pub_dailyloadfcst_202609231505,2544.9166666666665,1,4566.0,2026-09-23T15:05:05Z,semo_pub_dailyloadfcst_202609231505,2544.9166666666665,1,,,,,0,,,,,0,,,,,0,,,,,0,,,,,0,,,,,0,,,,,0,936.989,2026-09-23T12:23:53Z,semo_pub_15minaggwindfcst_202609231223,2706.116666666667,1,0
2026-09-25T10:30:00Z,2026-09-25T10:00:00Z,30,5498.0,2026-09-23T15:05:05Z,semo_pub_dailyloadfcst_202609231505,2574.9166666666665,1,932.0,2026-09-23T15:05:05Z,semo_pub_dailyloadfcst_202609231505,2574.9166666666665,1,4566.0,2026-09-23T15:05:05Z,semo_pub_dailyloadfcst_202609231505,2574.9166666666665,1,,,,,0,,,,,0,,,,,0,,,,,0,,,,,0,,,,,0,,,,,0,936.989,2026-09-23T12:23:53Z,semo_pub_15minaggwindfcst_202609231223,2736.116666666667,1,0
2026-09-25T11:00:00Z,2026-09-25T10:00:00Z,60,5501.0,2026-09-23T15:05:05Z,semo_pub_dailyloadfcst_202609231505,2574.9166666666665,1,897.0,2026-09-23T15:05:05Z,semo_pub_dailyloadfcst_202609231505,2574.9166666666665,1,4604.0,2026-09-23T15:05:05Z,semo_pub_dailyloadfcst_202609231505,2574.9166666666665,1,500.0,2026-09-23T06:00:11Z,semo_pub_dailyintconntc_202609230600,3119.8166666666666,1,530.0,2026-09-23T06:00:11Z,semo_pub_dailyintconntc_202609230600,3119.8166666666666,1,513.0,2026-09-23T06:00:11Z,semo_pub_dailyintconntc_202609230600,3119.8166666666666,1,500.0,2026-09-23T06:00:11Z,semo_pub_dailyintconntc_202609230600,3119.8166666666666,1,500.0,2026-09-23T06:00:11Z,semo_pub_dailyintconntc_202609230600,3119.8166666666666,1,504.0,2026-09-23T06:00:11Z,semo_pub_dailyintconntc_202609230600,3119.8166666666666,1,,,,,0,995.668,2026-09-23T12:23:53Z,semo_pub_15minaggwindfcst_202609231223,2736.116666666667,1,0
2026-09-25T11:00:00Z,2026-09-25T10:30:00Z,30,5501.0,2026-09-23T15:05:05Z,semo_pub_dailyloadfcst_202609231505,2604.9166666666665,1,897.0,2026-09-23T15:05:05Z,semo_pub_dailyloadfcst_202609231505,2604.9166666666665,1,4604.0,2026-09-23T15:05:05Z,semo_pub_dailyloadfcst_202609231505,2604.9166666666665,1,500.0,2026-09-23T06:00:11Z,semo_pub_dailyintconntc_202609230600,3149.8166666666666,1,530.0,2026-09-23T06:00:11Z,semo_pub_dailyintconntc_202609230600,3149.8166666666666,1,513.0,2026-09-23T06:00:11Z,semo_pub_dailyintconntc_202609230600,3149.8166666666666,1,500.0,2026-09-23T06:00:11Z,semo_pub_dailyintconntc_202609230600,3149.8166666666666,1,500.0,2026-09-23T06:00:11Z,semo_pub_dailyintconntc_202609230600,3149.8166666666666,1,504.0,2026-09-23T06:00:11Z,semo_pub_dailyintconntc_202609230600,3149.8166666666666,1,,,,,0,995.668,2026-09-23T12:23:53Z,semo_pub_15minaggwindfcst_202609231223,2766.116666666667,1,0
2026-09-25T11:30:00Z,2026-09-25T10:30:00Z,60,5482.0,2026-09-23T15:05:05Z,semo_pub_dailyloadfcst_202609231505,2604.9166666666665,1,898.0,2026-09-23T15:05:05Z,semo_pub_dailyloadfcst_202609231505,2604.9166666666665,1,4584.0,2026-09-23T15:05:05Z,semo_pub_dailyloadfcst_202609231505,2604.9166666666665,1,,,,,0,,,,,0,,,,,0,,,,,0,,,,,0,,,,,0,,,,,0,1051.513,2026-09-23T12:23:53Z,semo_pub_15minaggwindfcst_202609231223,2766.116666666667,1,0
2026-09-25T11:30:00Z,2026-09-25T11:00:00Z,30,5482.0,2026-09-23T15:05:05Z,semo_pub_dailyloadfcst_202609231505,2634.9166666666665,1,898.0,2026-09-23T15:05:05Z,semo_pub_dailyloadfcst_202609231505,2634.9166666666665,1,4584.0,2026-09-23T15:05:05Z,semo_pub_dailyloadfcst_202609231505,2634.9166666666665,1,,,,,0,,,,,0,,,,,0,,,,,0,,,,,0,,,,,0,,,,,0,1051.513,2026-09-23T12:23:53Z,semo_pub_15minaggwindfcst_202609231223,2796.116666666667,1,0
2026-09-25T12:00:00Z,2026-09-25T11:00:00Z,60,5450.0,2026-09-23T15:05:05Z,semo_pub_dailyloadfcst_202609231505,2634.9166666666665,1,910.0,2026-09-23T15:05:05Z,semo_pub_dailyloadfcst_202609231505,2634.9166666666665,1,4540.0,2026-09-23T15:05:05Z,semo_pub_dailyloadfcst_202609231505,2634.9166666666665,1,500.0,2026-09-23T06:00:11Z,semo_pub_dailyintconntc_202609230600,3179.8166666666666,1,530.0,2026-09-23T06:00:11Z,semo_pub_dailyintconntc_202609230600,3179.8166666666666,1,513.0,2026-09-23T06:00:11Z,semo_pub_dailyintconntc_202609230600,3179.8166666666666,1,500.0,2026-09-23T06:00:11Z,semo_pub_dailyintconntc_202609230600,3179.8166666666666,1,500.0,2026-09-23T06:00:11Z,semo_pub_dailyintconntc_202609230600,3179.8166666666666,1,504.0,2026-09-23T06:00:11Z,semo_pub_dailyintconntc_202609230600,3179.8166666666666,1,,,,,0,1107.38,2026-09-23T12:23:53Z,semo_pub_15minaggwindfcst_202609231223,2796.116666666667,1,0
2026-09-25T12:00:00Z,2026-09-25T11:30:00Z,30,5450.0,2026-09-23T15:05:05Z,semo_pub_dailyloadfcst_202609231505,2664.9166666666665,1,910.0,2026-09-23T15:05:05Z,semo_pub_dailyloadfcst_202609231505,2664.9166666666665,1,4540.0,2026-09-23T15:05:05Z,semo_pub_dailyloadfcst_202609231505,2664.9166666666665,1,500.0,2026-09-23T06:00:11Z,semo_pub_dailyintconntc_202609230600,3209.8166666666666,1,530.0,2026-09-23T06:00:11Z,semo_pub_dailyintconntc_202609230600,3209.8166666666666,1,513.0,2026-09-23T06:00:11Z,semo_pub_dailyintconntc_202609230600,3209.8166666666666,1,500.0,2026-09-23T06:00:11Z,semo_pub_dailyintconntc_202609230600,3209.8166666666666,1,500.0,2026-09-23T06:00:11Z,semo_pub_dailyintconntc_202609230600,3209.8166666666666,1,504.0,2026-09-23T06:00:11Z,semo_pub_dailyintconntc_202609230600,3209.8166666666666,1,,,,,0,1107.38,2026-09-23T12:23:53Z,semo_pub_15minaggwindfcst_202609231223,2826.116666666667,1,0
2026-09-25T12:30:00Z,2026-09-25T11:30:00Z,60,5416.0,2026-09-23T15:05:05Z,semo_pub_dailyloadfcst_202609231505,2664.9166666666665,1,873.0,2026-09-23T15:05:05Z,semo_pub_dailyloadfcst_202609231505,2664.9166666666665,1,4543.0,2026-09-23T15:05:05Z,semo_pub_dailyloadfcst_202609231505,2664.9166666666665,1,,,,,0,,,,,0,,,,,0,,,,,0,,,,,0,,,,,0,,,,,0,1167.981,2026-09-23T12:23:53Z,semo_pub_15minaggwindfcst_202609231223,2826.116666666667,1,0
2026-09-25T12:30:00Z,2026-09-25T12:00:00Z,30,5416.0,2026-09-23T15:05:05Z,semo_pub_dailyloadfcst_202609231505,2694.9166666666665,1,873.0,2026-09-23T15:05:05Z,semo_pub_dailyloadfcst_202609231505,2694.9166666666665,1,4543.0,2026-09-23T15:05:05Z,semo_pub_dailyloadfcst_202609231505,2694.9166666666665,1,,,,,0,,,,,0,,,,,0,,,,,0,,,,,0,,,,,0,,,,,0,1167.981,2026-09-23T12:23:53Z,semo_pub_15minaggwindfcst_202609231223,2856.116666666667,1,0
2026-09-25T13:00:00Z,2026-09-25T12:00:00Z,60,5315.0,2026-09-23T15:05:05Z,semo_pub_dailyloadfcst_202609231505,2694.9166666666665,1,854.0,2026-09-23T15:05:05Z,semo_pub_dailyloadfcst_202609231505,2694.9166666666665,1,4461.0,2026-09-23T15:05:05Z,semo_pub_dailyloadfcst_202609231505,2694.9166666666665,1,500.0,2026-09-23T06:00:11Z,semo_pub_dailyintconntc_202609230600,3239.8166666666666,1,530.0,2026-09-23T06:00:11Z,semo_pub_dailyintconntc_202609230600,3239.8166666666666,1,513.0,2026-09-23T06:00:11Z,semo_pub_dailyintconntc_202609230600,3239.8166666666666,1,500.0,2026-09-23T06:00:11Z,semo_pub_dailyintconntc_202609230600,3239.8166666666666,1,500.0,2026-09-23T06:00:11Z,semo_pub_dailyintconntc_202609230600,3239.8166666666666,1,504.0,2026-09-23T06:00:11Z,semo_pub_dailyintconntc_202609230600,3239.8166666666666,1,,,,,0,1228.577,2026-09-23T12:23:53Z,semo_pub_15minaggwindfcst_202609231223,2856.116666666667,1,0
2026-09-25T13:00:00Z,2026-09-25T12:30:00Z,30,5315.0,2026-09-23T15:05:05Z,semo_pub_dailyloadfcst_202609231505,2724.9166666666665,1,854.0,2026-09-23T15:05:05Z,semo_pub_dailyloadfcst_202609231505,2724.9166666666665,1,4461.0,2026-09-23T15:05:05Z,semo_pub_dailyloadfcst_202609231505,2724.9166666666665,1,500.0,2026-09-23T06:00:11Z,semo_pub_dailyintconntc_202609230600,3269.8166666666666,1,530.0,2026-09-23T06:00:11Z,semo_pub_dailyintconntc_202609230600,3269.8166666666666,1,513.0,2026-09-23T06:00:11Z,semo_pub_dailyintconntc_202609230600,3269.8166666666666,1,500.0,2026-09-23T06:00:11Z,semo_pub_dailyintconntc_202609230600,3269.8166666666666,1,500.0,2026-09-23T06:00:11Z,semo_pub_dailyintconntc_202609230600,3269.8166666666666,1,504.0,2026-09-23T06:00:11Z,semo_pub_dailyintconntc_202609230600,3269.8166666666666,1,,,,,0,1228.577,2026-09-23T12:23:53Z,semo_pub_15minaggwindfcst_202609231223,2886.116666666667,1,0
2026-09-25T13:30:00Z,2026-09-25T12:30:00Z,60,5296.0,2026-09-23T15:05:05Z,semo_pub_dailyloadfcst_202609231505,2724.9166666666665,1,825.0,2026-09-23T15:05:05Z,semo_pub_dailyloadfcst_202609231505,2724.9166666666665,1,4471.0,2026-09-23T15:05:05Z,semo_pub_dailyloadfcst_202609231505,2724.9166666666665,1,,,,,0,,,,,0,,,,,0,,,,,0,,,,,0,,,,,0,,,,,0,1291.827,2026-09-23T12:23:53Z,semo_pub_15minaggwindfcst_202609231223,2886.116666666667,1,0
2026-09-25T13:30:00Z,2026-09-25T13:00:00Z,30,5296.0,2026-09-23T15:05:05Z,semo_pub_dailyloadfcst_202609231505,2754.9166666666665,1,825.0,2026-09-23T15:05:05Z,semo_pub_dailyloadfcst_202609231505,2754.9166666666665,1,4471.0,2026-09-23T15:05:05Z,semo_pub_dailyloadfcst_202609231505,2754.9166666666665,1,,,,,0,,,,,0,,,,,0,,,,,0,,,,,0,,,,,0,,,,,0,1291.827,2026-09-23T12:23:53Z,semo_pub_15minaggwindfcst_202609231223,2916.116666666667,1,0
2026-09-25T14:00:00Z,2026-09-25T13:00:00Z,60,5209.0,2026-09-23T15:05:05Z,semo_pub_dailyloadfcst_202609231505,2754.9166666666665,1,838.0,2026-09-23T15:05:05Z,semo_pub_dailyloadfcst_202609231505,2754.9166666666665,1,4371.0,2026-09-23T15:05:05Z,semo_pub_dailyloadfcst_202609231505,2754.9166666666665,1,500.0,2026-09-23T06:00:11Z,semo_pub_dailyintconntc_202609230600,3299.8166666666666,1,530.0,2026-09-23T06:00:11Z,semo_pub_dailyintconntc_202609230600,3299.8166666666666,1,513.0,2026-09-23T06:00:11Z,semo_pub_dailyintconntc_202609230600,3299.8166666666666,1,500.0,2026-09-23T06:00:11Z,semo_pub_dailyintconntc_202609230600,3299.8166666666666,1,500.0,2026-09-23T06:00:11Z,semo_pub_dailyintconntc_202609230600,3299.8166666666666,1,504.0,2026-09-23T06:00:11Z,semo_pub_dailyintconntc_202609230600,3299.8166666666666,1,,,,,0,1355.069,2026-09-23T12:23:53Z,semo_pub_15minaggwindfcst_202609231223,2916.116666666667,1,0
2026-09-25T14:00:00Z,2026-09-25T13:30:00Z,30,5209.0,2026-09-23T15:05:05Z,semo_pub_dailyloadfcst_202609231505,2784.9166666666665,1,838.0,2026-09-23T15:05:05Z,semo_pub_dailyloadfcst_202609231505,2784.9166666666665,1,4371.0,2026-09-23T15:05:05Z,semo_pub_dailyloadfcst_202609231505,2784.9166666666665,1,500.0,2026-09-23T06:00:11Z,semo_pub_dailyintconntc_202609230600,3329.8166666666666,1,530.0,2026-09-23T06:00:11Z,semo_pub_dailyintconntc_202609230600,3329.8166666666666,1,513.0,2026-09-23T06:00:11Z,semo_pub_dailyintconntc_202609230600,3329.8166666666666,1,500.0,2026-09-23T06:00:11Z,semo_pub_dailyintconntc_202609230600,3329.8166666666666,1,500.0,2026-09-23T06:00:11Z,semo_pub_dailyintconntc_202609230600,3329.8166666666666,1,504.0,2026-09-23T06:00:11Z,semo_pub_dailyintconntc_202609230600,3329.8166666666666,1,,,,,0,1355.069,2026-09-23T12:23:53Z,semo_pub_15minaggwindfcst_202609231223,2946.116666666667,1,0
2026-09-25T14:30:00Z,2026-09-25T13:30:00Z,60,5437.0,2026-09-23T15:05:05Z,semo_pub_dailyloadfcst_202609231505,2784.9166666666665,1,843.0,2026-09-23T15:05:05Z,semo_pub_dailyloadfcst_202609231505,2784.9166666666665,1,4594.0,2026-09-23T15:05:05Z,semo_pub_dailyloadfcst_202609231505,2784.9166666666665,1,,,,,0,,,,,0,,,,,0,,,,,0,,,,,0,,,,,0,,,,,0,1394.285,2026-09-23T12:23:53Z,semo_pub_15minaggwindfcst_202609231223,2946.116666666667,1,0
2026-09-25T14:30:00Z,2026-09-25T14:00:00Z,30,5437.0,2026-09-23T15:05:05Z,semo_pub_dailyloadfcst_202609231505,2814.9166666666665,1,843.0,2026-09-23T15:05:05Z,semo_pub_dailyloadfcst_202609231505,2814.9166666666665,1,4594.0,2026-09-23T15:05:05Z,semo_pub_dailyloadfcst_202609231505,2814.9166666666665,1,,,,,0,,,,,0,,,,,0,,,,,0,,,,,0,,,,,0,,,,,0,1394.285,2026-09-23T12:23:53Z,semo_pub_15minaggwindfcst_202609231223,2976.116666666667,1,0
2026-09-25T15:00:00Z,2026-09-25T14:00:00Z,60,5575.0,2026-09-23T15:05:05Z,semo_pub_dailyloadfcst_202609231505,2814.9166666666665,1,846.0,2026-09-23T15:05:05Z,semo_pub_dailyloadfcst_202609231505,2814.9166666666665,1,4729.0,2026-09-23T15:05:05Z,semo_pub_dailyloadfcst_202609231505,2814.9166666666665,1,500.0,2026-09-23T06:00:11Z,semo_pub_dailyintconntc_202609230600,3359.8166666666666,1,530.0,2026-09-23T06:00:11Z,semo_pub_dailyintconntc_202609230600,3359.8166666666666,1,513.0,2026-09-23T06:00:11Z,semo_pub_dailyintconntc_202609230600,3359.8166666666666,1,500.0,2026-09-23T06:00:11Z,semo_pub_dailyintconntc_202609230600,3359.8166666666666,1,500.0,2026-09-23T06:00:11Z,semo_pub_dailyintconntc_202609230600,3359.8166666666666,1,504.0,2026-09-23T06:00:11Z,semo_pub_dailyintconntc_202609230600,3359.8166666666666,1,,,,,0,1433.506,2026-09-23T12:23:53Z,semo_pub_15minaggwindfcst_202609231223,2976.116666666667,1,0
2026-09-25T15:00:00Z,2026-09-25T14:30:00Z,30,5575.0,2026-09-23T15:05:05Z,semo_pub_dailyloadfcst_202609231505,2844.9166666666665,1,846.0,2026-09-23T15:05:05Z,semo_pub_dailyloadfcst_202609231505,2844.9166666666665,1,4729.0,2026-09-23T15:05:05Z,semo_pub_dailyloadfcst_202609231505,2844.9166666666665,1,500.0,2026-09-23T06:00:11Z,semo_pub_dailyintconntc_202609230600,3389.8166666666666,1,530.0,2026-09-23T06:00:11Z,semo_pub_dailyintconntc_202609230600,3389.8166666666666,1,513.0,2026-09-23T06:00:11Z,semo_pub_dailyintconntc_202609230600,3389.8166666666666,1,500.0,2026-09-23T06:00:11Z,semo_pub_dailyintconntc_202609230600,3389.8166666666666,1,500.0,2026-09-23T06:00:11Z,semo_pub_dailyintconntc_202609230600,3389.8166666666666,1,504.0,2026-09-23T06:00:11Z,semo_pub_dailyintconntc_202609230600,3389.8166666666666,1,,,,,0,1433.506,2026-09-23T12:23:53Z,semo_pub_15minaggwindfcst_202609231223,3006.116666666667,1,0
2026-09-25T15:30:00Z,2026-09-25T14:30:00Z,60,5665.0,2026-09-23T15:05:05Z,semo_pub_dailyloadfcst_202609231505,2844.9166666666665,1,885.0,2026-09-23T15:05:05Z,semo_pub_dailyloadfcst_202609231505,2844.9166666666665,1,4780.0,2026-09-23T15:05:05Z,semo_pub_dailyloadfcst_202609231505,2844.9166666666665,1,,,,,0,,,,,0,,,,,0,,,,,0,,,,,0,,,,,0,,,,,0,1457.884,2026-09-23T12:23:53Z,semo_pub_15minaggwindfcst_202609231223,3006.116666666667,1,0
2026-09-25T15:30:00Z,2026-09-25T15:00:00Z,30,5665.0,2026-09-23T15:05:05Z,semo_pub_dailyloadfcst_202609231505,2874.9166666666665,1,885.0,2026-09-23T15:05:05Z,semo_pub_dailyloadfcst_202609231505,2874.9166666666665,1,4780.0,2026-09-23T15:05:05Z,semo_pub_dailyloadfcst_202609231505,2874.9166666666665,1,,,,,0,,,,,0,,,,,0,,,,,0,,,,,0,,,,,0,,,,,0,1457.884,2026-09-23T12:23:53Z,semo_pub_15minaggwindfcst_202609231223,3036.116666666667,1,0
2026-09-25T16:00:00Z,2026-09-25T15:00:00Z,60,5929.0,2026-09-23T15:05:05Z,semo_pub_dailyloadfcst_202609231505,2874.9166666666665,1,897.0,2026-09-23T15:05:05Z,semo_pub_dailyloadfcst_202609231505,2874.9166666666665,1,5032.0,2026-09-23T15:05:05Z,semo_pub_dailyloadfcst_202609231505,2874.9166666666665,1,500.0,2026-09-23T06:00:11Z,semo_pub_dailyintconntc_202609230600,3419.8166666666666,1,530.0,2026-09-23T06:00:11Z,semo_pub_dailyintconntc_202609230600,3419.8166666666666,1,513.0,2026-09-23T06:00:11Z,semo_pub_dailyintconntc_202609230600,3419.8166666666666,1,500.0,2026-09-23T06:00:11Z,semo_pub_dailyintconntc_202609230600,3419.8166666666666,1,500.0,2026-09-23T06:00:11Z,semo_pub_dailyintconntc_202609230600,3419.8166666666666,1,504.0,2026-09-23T06:00:11Z,semo_pub_dailyintconntc_202609230600,3419.8166666666666,1,,,,,0,1482.234,2026-09-23T12:23:53Z,semo_pub_15minaggwindfcst_202609231223,3036.116666666667,1,0
2026-09-25T16:00:00Z,2026-09-25T15:30:00Z,30,5929.0,2026-09-23T15:05:05Z,semo_pub_dailyloadfcst_202609231505,2904.9166666666665,1,897.0,2026-09-23T15:05:05Z,semo_pub_dailyloadfcst_202609231505,2904.9166666666665,1,5032.0,2026-09-23T15:05:05Z,semo_pub_dailyloadfcst_202609231505,2904.9166666666665,1,500.0,2026-09-23T06:00:11Z,semo_pub_dailyintconntc_202609230600,3449.8166666666666,1,530.0,2026-09-23T06:00:11Z,semo_pub_dailyintconntc_202609230600,3449.8166666666666,1,513.0,2026-09-23T06:00:11Z,semo_pub_dailyintconntc_202609230600,3449.8166666666666,1,500.0,2026-09-23T06:00:11Z,semo_pub_dailyintconntc_202609230600,3449.8166666666666,1,500.0,2026-09-23T06:00:11Z,semo_pub_dailyintconntc_202609230600,3449.8166666666666,1,504.0,2026-09-23T06:00:11Z,semo_pub_dailyintconntc_202609230600,3449.8166666666666,1,,,,,0,1482.234,2026-09-23T12:23:53Z,semo_pub_15minaggwindfcst_202609231223,3066.116666666667,1,0
2026-09-25T16:30:00Z,2026-09-25T15:30:00Z,60,6035.0,2026-09-23T15:05:05Z,semo_pub_dailyloadfcst_202609231505,2904.9166666666665,1,927.0,2026-09-23T15:05:05Z,semo_pub_dailyloadfcst_202609231505,2904.9166666666665,1,5108.0,2026-09-23T15:05:05Z,semo_pub_dailyloadfcst_202609231505,2904.9166666666665,1,,,,,0,,,,,0,,,,,0,,,,,0,,,,,0,,,,,0,,,,,0,1515.712,2026-09-23T12:23:53Z,semo_pub_15minaggwindfcst_202609231223,3066.116666666667,1,0
2026-09-25T16:30:00Z,2026-09-25T16:00:00Z,30,6035.0,2026-09-23T15:05:05Z,semo_pub_dailyloadfcst_202609231505,2934.9166666666665,1,927.0,2026-09-23T15:05:05Z,semo_pub_dailyloadfcst_202609231505,2934.9166666666665,1,5108.0,2026-09-23T15:05:05Z,semo_pub_dailyloadfcst_202609231505,2934.9166666666665,1,,,,,0,,,,,0,,,,,0,,,,,0,,,,,0,,,,,0,,,,,0,1515.712,2026-09-23T12:23:53Z,semo_pub_15minaggwindfcst_202609231223,3096.116666666667,1,0
2026-09-25T17:00:00Z,2026-09-25T16:00:00Z,60,5826.0,2026-09-23T15:05:05Z,semo_pub_dailyloadfcst_202609231505,2934.9166666666665,1,953.0,2026-09-23T15:05:05Z,semo_pub_dailyloadfcst_202609231505,2934.9166666666665,1,4873.0,2026-09-23T15:05:05Z,semo_pub_dailyloadfcst_202609231505,2934.9166666666665,1,500.0,2026-09-23T06:00:11Z,semo_pub_dailyintconntc_202609230600,3479.8166666666666,1,530.0,2026-09-23T06:00:11Z,semo_pub_dailyintconntc_202609230600,3479.8166666666666,1,513.0,2026-09-23T06:00:11Z,semo_pub_dailyintconntc_202609230600,3479.8166666666666,1,500.0,2026-09-23T06:00:11Z,semo_pub_dailyintconntc_202609230600,3479.8166666666666,1,500.0,2026-09-23T06:00:11Z,semo_pub_dailyintconntc_202609230600,3479.8166666666666,1,504.0,2026-09-23T06:00:11Z,semo_pub_dailyintconntc_202609230600,3479.8166666666666,1,,,,,0,1549.191,2026-09-23T12:23:53Z,semo_pub_15minaggwindfcst_202609231223,3096.116666666667,1,0
2026-09-25T17:00:00Z,2026-09-25T16:30:00Z,30,5826.0,2026-09-23T15:05:05Z,semo_pub_dailyloadfcst_202609231505,2964.9166666666665,1,953.0,2026-09-23T15:05:05Z,semo_pub_dailyloadfcst_202609231505,2964.9166666666665,1,4873.0,2026-09-23T15:05:05Z,semo_pub_dailyloadfcst_202609231505,2964.9166666666665,1,500.0,2026-09-23T06:00:11Z,semo_pub_dailyintconntc_202609230600,3509.8166666666666,1,530.0,2026-09-23T06:00:11Z,semo_pub_dailyintconntc_202609230600,3509.8166666666666,1,513.0,2026-09-23T06:00:11Z,semo_pub_dailyintconntc_202609230600,3509.8166666666666,1,500.0,2026-09-23T06:00:11Z,semo_pub_dailyintconntc_202609230600,3509.8166666666666,1,500.0,2026-09-23T06:00:11Z,semo_pub_dailyintconntc_202609230600,3509.8166666666666,1,504.0,2026-09-23T06:00:11Z,semo_pub_dailyintconntc_202609230600,3509.8166666666666,1,,,,,0,1549.191,2026-09-23T12:23:53Z,semo_pub_15minaggwindfcst_202609231223,3126.116666666667,1,0
2026-09-25T17:30:00Z,2026-09-25T16:30:00Z,60,6130.0,2026-09-23T15:05:05Z,semo_pub_dailyloadfcst_202609231505,2964.9166666666665,1,948.0,2026-09-23T15:05:05Z,semo_pub_dailyloadfcst_202609231505,2964.9166666666665,1,5182.0,2026-09-23T15:05:05Z,semo_pub_dailyloadfcst_202609231505,2964.9166666666665,1,,,,,0,,,,,0,,,,,0,,,,,0,,,,,0,,,,,0,,,,,0,1588.79,2026-09-23T12:23:53Z,semo_pub_15minaggwindfcst_202609231223,3126.116666666667,1,0
2026-09-25T17:30:00Z,2026-09-25T17:00:00Z,30,6130.0,2026-09-23T15:05:05Z,semo_pub_dailyloadfcst_202609231505,2994.9166666666665,1,948.0,2026-09-23T15:05:05Z,semo_pub_dailyloadfcst_202609231505,2994.9166666666665,1,5182.0,2026-09-23T15:05:05Z,semo_pub_dailyloadfcst_202609231505,2994.9166666666665,1,,,,,0,,,,,0,,,,,0,,,,,0,,,,,0,,,,,0,,,,,0,1588.79,2026-09-23T12:23:53Z,semo_pub_15minaggwindfcst_202609231223,3156.116666666667,1,0
2026-09-25T18:00:00Z,2026-09-25T17:00:00Z,60,6134.0,2026-09-23T15:05:05Z,semo_pub_dailyloadfcst_202609231505,2994.9166666666665,1,934.0,2026-09-23T15:05:05Z,semo_pub_dailyloadfcst_202609231505,2994.9166666666665,1,5200.0,2026-09-23T15:05:05Z,semo_pub_dailyloadfcst_202609231505,2994.9166666666665,1,500.0,2026-09-23T06:00:11Z,semo_pub_dailyintconntc_202609230600,3539.8166666666666,1,530.0,2026-09-23T06:00:11Z,semo_pub_dailyintconntc_202609230600,3539.8166666666666,1,513.0,2026-09-23T06:00:11Z,semo_pub_dailyintconntc_202609230600,3539.8166666666666,1,500.0,2026-09-23T06:00:11Z,semo_pub_dailyintconntc_202609230600,3539.8166666666666,1,500.0,2026-09-23T06:00:11Z,semo_pub_dailyintconntc_202609230600,3539.8166666666666,1,504.0,2026-09-23T06:00:11Z,semo_pub_dailyintconntc_202609230600,3539.8166666666666,1,,,,,0,1628.399,2026-09-23T12:23:53Z,semo_pub_15minaggwindfcst_202609231223,3156.116666666667,1,0
2026-09-25T18:00:00Z,2026-09-25T17:30:00Z,30,6134.0,2026-09-23T15:05:05Z,semo_pub_dailyloadfcst_202609231505,3024.9166666666665,1,934.0,2026-09-23T15:05:05Z,semo_pub_dailyloadfcst_202609231505,3024.9166666666665,1,5200.0,2026-09-23T15:05:05Z,semo_pub_dailyloadfcst_202609231505,3024.9166666666665,1,500.0,2026-09-23T06:00:11Z,semo_pub_dailyintconntc_202609230600,3569.8166666666666,1,530.0,2026-09-23T06:00:11Z,semo_pub_dailyintconntc_202609230600,3569.8166666666666,1,513.0,2026-09-23T06:00:11Z,semo_pub_dailyintconntc_202609230600,3569.8166666666666,1,500.0,2026-09-23T06:00:11Z,semo_pub_dailyintconntc_202609230600,3569.8166666666666,1,500.0,2026-09-23T06:00:11Z,semo_pub_dailyintconntc_202609230600,3569.8166666666666,1,504.0,2026-09-23T06:00:11Z,semo_pub_dailyintconntc_202609230600,3569.8166666666666,1,,,,,0,1628.399,2026-09-23T12:23:53Z,semo_pub_15minaggwindfcst_202609231223,3186.116666666667,1,0
2026-09-25T18:30:00Z,2026-09-25T17:30:00Z,60,6077.0,2026-09-23T15:05:05Z,semo_pub_dailyloadfcst_202609231505,3024.9166666666665,1,934.0,2026-09-23T15:05:05Z,semo_pub_dailyloadfcst_202609231505,3024.9166666666665,1,5143.0,2026-09-23T15:05:05Z,semo_pub_dailyloadfcst_202609231505,3024.9166666666665,1,,,,,0,,,,,0,,,,,0,,,,,0,,,,,0,,,,,0,,,,,0,1691.268,2026-09-23T12:23:53Z,semo_pub_15minaggwindfcst_202609231223,3186.116666666667,1,0
2026-09-25T18:30:00Z,2026-09-25T18:00:00Z,30,6077.0,2026-09-23T15:05:05Z,semo_pub_dailyloadfcst_202609231505,3054.9166666666665,1,934.0,2026-09-23T15:05:05Z,semo_pub_dailyloadfcst_202609231505,3054.9166666666665,1,5143.0,2026-09-23T15:05:05Z,semo_pub_dailyloadfcst_202609231505,3054.9166666666665,1,,,,,0,,,,,0,,,,,0,,,,,0,,,,,0,,,,,0,,,,,0,1691.268,2026-09-23T12:23:53Z,semo_pub_15minaggwindfcst_202609231223,3216.116666666667,1,0
2026-09-25T19:00:00Z,2026-09-25T18:00:00Z,60,5971.0,2026-09-23T15:05:05Z,semo_pub_dailyloadfcst_202609231505,3054.9166666666665,1,935.0,2026-09-23T15:05:05Z,semo_pub_dailyloadfcst_202609231505,3054.9166666666665,1,5036.0,2026-09-23T15:05:05Z,semo_pub_dailyloadfcst_202609231505,3054.9166666666665,1,500.0,2026-09-23T06:00:11Z,semo_pub_dailyintconntc_202609230600,3599.8166666666666,1,530.0,2026-09-23T06:00:11Z,semo_pub_dailyintconntc_202609230600,3599.8166666666666,1,513.0,2026-09-23T06:00:11Z,semo_pub_dailyintconntc_202609230600,3599.8166666666666,1,500.0,2026-09-23T06:00:11Z,semo_pub_dailyintconntc_202609230600,3599.8166666666666,1,500.0,2026-09-23T06:00:11Z,semo_pub_dailyintconntc_202609230600,3599.8166666666666,1,504.0,2026-09-23T06:00:11Z,semo_pub_dailyintconntc_202609230600,3599.8166666666666,1,,,,,0,1754.136,2026-09-23T12:23:53Z,semo_pub_15minaggwindfcst_202609231223,3216.116666666667,1,0
2026-09-25T19:00:00Z,2026-09-25T18:30:00Z,30,5971.0,2026-09-23T15:05:05Z,semo_pub_dailyloadfcst_202609231505,3084.9166666666665,1,935.0,2026-09-23T15:05:05Z,semo_pub_dailyloadfcst_202609231505,3084.9166666666665,1,5036.0,2026-09-23T15:05:05Z,semo_pub_dailyloadfcst_202609231505,3084.9166666666665,1,500.0,2026-09-23T06:00:11Z,semo_pub_dailyintconntc_202609230600,3629.8166666666666,1,530.0,2026-09-23T06:00:11Z,semo_pub_dailyintconntc_202609230600,3629.8166666666666,1,513.0,2026-09-23T06:00:11Z,semo_pub_dailyintconntc_202609230600,3629.8166666666666,1,500.0,2026-09-23T06:00:11Z,semo_pub_dailyintconntc_202609230600,3629.8166666666666,1,500.0,2026-09-23T06:00:11Z,semo_pub_dailyintconntc_202609230600,3629.8166666666666,1,504.0,2026-09-23T06:00:11Z,semo_pub_dailyintconntc_202609230600,3629.8166666666666,1,,,,,0,1754.136,2026-09-23T12:23:53Z,semo_pub_15minaggwindfcst_202609231223,3246.116666666667,1,0
2026-09-25T19:30:00Z,2026-09-25T18:30:00Z,60,5827.0,2026-09-23T15:05:05Z,semo_pub_dailyloadfcst_202609231505,3084.9166666666665,1,912.0,2026-09-23T15:05:05Z,semo_pub_dailyloadfcst_202609231505,3084.9166666666665,1,4915.0,2026-09-23T15:05:05Z,semo_pub_dailyloadfcst_202609231505,3084.9166666666665,1,,,,,0,,,,,0,,,,,0,,,,,0,,,,,0,,,,,0,,,,,0,1836.839,2026-09-23T12:23:53Z,semo_pub_15minaggwindfcst_202609231223,3246.116666666667,1,0
2026-09-25T19:30:00Z,2026-09-25T19:00:00Z,30,5827.0,2026-09-23T15:05:05Z,semo_pub_dailyloadfcst_202609231505,3114.9166666666665,1,912.0,2026-09-23T15:05:05Z,semo_pub_dailyloadfcst_202609231505,3114.9166666666665,1,4915.0,2026-09-23T15:05:05Z,semo_pub_dailyloadfcst_202609231505,3114.9166666666665,1,,,,,0,,,,,0,,,,,0,,,,,0,,,,,0,,,,,0,,,,,0,1836.839,2026-09-23T12:23:53Z,semo_pub_15minaggwindfcst_202609231223,3276.116666666667,1,0
2026-09-25T20:00:00Z,2026-09-25T19:00:00Z,60,5614.0,2026-09-23T15:05:05Z,semo_pub_dailyloadfcst_202609231505,3114.9166666666665,1,864.0,2026-09-23T15:05:05Z,semo_pub_dailyloadfcst_202609231505,3114.9166666666665,1,4750.0,2026-09-23T15:05:05Z,semo_pub_dailyloadfcst_202609231505,3114.9166666666665,1,500.0,2026-09-23T06:00:11Z,semo_pub_dailyintconntc_202609230600,3659.8166666666666,1,530.0,2026-09-23T06:00:11Z,semo_pub_dailyintconntc_202609230600,3659.8166666666666,1,513.0,2026-09-23T06:00:11Z,semo_pub_dailyintconntc_202609230600,3659.8166666666666,1,500.0,2026-09-23T06:00:11Z,semo_pub_dailyintconntc_202609230600,3659.8166666666666,1,500.0,2026-09-23T06:00:11Z,semo_pub_dailyintconntc_202609230600,3659.8166666666666,1,504.0,2026-09-23T06:00:11Z,semo_pub_dailyintconntc_202609230600,3659.8166666666666,1,,,,,0,1919.541,2026-09-23T12:23:53Z,semo_pub_15minaggwindfcst_202609231223,3276.116666666667,1,0
2026-09-25T20:00:00Z,2026-09-25T19:30:00Z,30,5614.0,2026-09-23T15:05:05Z,semo_pub_dailyloadfcst_202609231505,3144.9166666666665,1,864.0,2026-09-23T15:05:05Z,semo_pub_dailyloadfcst_202609231505,3144.9166666666665,1,4750.0,2026-09-23T15:05:05Z,semo_pub_dailyloadfcst_202609231505,3144.9166666666665,1,500.0,2026-09-23T06:00:11Z,semo_pub_dailyintconntc_202609230600,3689.8166666666666,1,530.0,2026-09-23T06:00:11Z,semo_pub_dailyintconntc_202609230600,3689.8166666666666,1,513.0,2026-09-23T06:00:11Z,semo_pub_dailyintconntc_202609230600,3689.8166666666666,1,500.0,2026-09-23T06:00:11Z,semo_pub_dailyintconntc_202609230600,3689.8166666666666,1,500.0,2026-09-23T06:00:11Z,semo_pub_dailyintconntc_202609230600,3689.8166666666666,1,504.0,2026-09-23T06:00:11Z,semo_pub_dailyintconntc_202609230600,3689.8166666666666,1,,,,,0,1919.541,2026-09-23T12:23:53Z,semo_pub_15minaggwindfcst_202609231223,3306.116666666667,1,0
2026-09-25T20:30:00Z,2026-09-25T19:30:00Z,60,5433.0,2026-09-23T15:05:05Z,semo_pub_dailyloadfcst_202609231505,3144.9166666666665,1,815.0,2026-09-23T15:05:05Z,semo_pub_dailyloadfcst_202609231505,3144.9166666666665,1,4618.0,2026-09-23T15:05:05Z,semo_pub_dailyloadfcst_202609231505,3144.9166666666665,1,,,,,0,,,,,0,,,,,0,,,,,0,,,,,0,,,,,0,,,,,0,2045.2,2026-09-23T12:23:53Z,semo_pub_15minaggwindfcst_202609231223,3306.116666666667,1,0
2026-09-25T20:30:00Z,2026-09-25T20:00:00Z,30,5433.0,2026-09-23T15:05:05Z,semo_pub_dailyloadfcst_202609231505,3174.9166666666665,1,815.0,2026-09-23T15:05:05Z,semo_pub_dailyloadfcst_202609231505,3174.9166666666665,1,4618.0,2026-09-23T15:05:05Z,semo_pub_dailyloadfcst_202609231505,3174.9166666666665,1,,,,,0,,,,,0,,,,,0,,,,,0,,,,,0,,,,,0,,,,,0,2045.2,2026-09-23T12:23:53Z,semo_pub_15minaggwindfcst_202609231223,3336.116666666667,1,0
2026-09-25T21:00:00Z,2026-09-25T20:00:00Z,60,5244.0,2026-09-23T15:05:05Z,semo_pub_dailyloadfcst_202609231505,3174.9166666666665,1,781.0,2026-09-23T15:05:05Z,semo_pub_dailyloadfcst_202609231505,3174.9166666666665,1,4463.0,2026-09-23T15:05:05Z,semo_pub_dailyloadfcst_202609231505,3174.9166666666665,1,500.0,2026-09-23T06:00:11Z,semo_pub_dailyintconntc_202609230600,3719.8166666666666,1,530.0,2026-09-23T06:00:11Z,semo_pub_dailyintconntc_202609230600,3719.8166666666666,1,513.0,2026-09-23T06:00:11Z,semo_pub_dailyintconntc_202609230600,3719.8166666666666,1,500.0,2026-09-23T06:00:11Z,semo_pub_dailyintconntc_202609230600,3719.8166666666666,1,500.0,2026-09-23T06:00:11Z,semo_pub_dailyintconntc_202609230600,3719.8166666666666,1,504.0,2026-09-23T06:00:11Z,semo_pub_dailyintconntc_202609230600,3719.8166666666666,1,,,,,0,2170.85,2026-09-23T12:23:53Z,semo_pub_15minaggwindfcst_202609231223,3336.116666666667,1,0
2026-09-25T21:00:00Z,2026-09-25T20:30:00Z,30,5244.0,2026-09-23T15:05:05Z,semo_pub_dailyloadfcst_202609231505,3204.9166666666665,1,781.0,2026-09-23T15:05:05Z,semo_pub_dailyloadfcst_202609231505,3204.9166666666665,1,4463.0,2026-09-23T15:05:05Z,semo_pub_dailyloadfcst_202609231505,3204.9166666666665,1,500.0,2026-09-23T06:00:11Z,semo_pub_dailyintconntc_202609230600,3749.8166666666666,1,530.0,2026-09-23T06:00:11Z,semo_pub_dailyintconntc_202609230600,3749.8166666666666,1,513.0,2026-09-23T06:00:11Z,semo_pub_dailyintconntc_202609230600,3749.8166666666666,1,500.0,2026-09-23T06:00:11Z,semo_pub_dailyintconntc_202609230600,3749.8166666666666,1,500.0,2026-09-23T06:00:11Z,semo_pub_dailyintconntc_202609230600,3749.8166666666666,1,504.0,2026-09-23T06:00:11Z,semo_pub_dailyintconntc_202609230600,3749.8166666666666,1,,,,,0,2170.85,2026-09-23T12:23:53Z,semo_pub_15minaggwindfcst_202609231223,3366.116666666667,1,0
2026-09-25T21:30:00Z,2026-09-25T20:30:00Z,60,5027.0,2026-09-23T15:05:05Z,semo_pub_dailyloadfcst_202609231505,3204.9166666666665,1,738.0,2026-09-23T15:05:05Z,semo_pub_dailyloadfcst_202609231505,3204.9166666666665,1,4289.0,2026-09-23T15:05:05Z,semo_pub_dailyloadfcst_202609231505,3204.9166666666665,1,,,,,0,,,,,0,,,,,0,,,,,0,,,,,0,,,,,0,,,,,0,2275.052,2026-09-23T12:23:53Z,semo_pub_15minaggwindfcst_202609231223,3366.116666666667,1,0
2026-09-25T21:30:00Z,2026-09-25T21:00:00Z,30,5027.0,2026-09-23T15:05:05Z,semo_pub_dailyloadfcst_202609231505,3234.9166666666665,1,738.0,2026-09-23T15:05:05Z,semo_pub_dailyloadfcst_202609231505,3234.9166666666665,1,4289.0,2026-09-23T15:05:05Z,semo_pub_dailyloadfcst_202609231505,3234.9166666666665,1,,,,,0,,,,,0,,,,,0,,,,,0,,,,,0,,,,,0,,,,,0,2275.052,2026-09-23T12:23:53Z,semo_pub_15minaggwindfcst_202609231223,3396.116666666667,1,0
2026-09-25T22:00:00Z,2026-09-25T21:00:00Z,60,4828.0,2026-09-23T15:05:05Z,semo_pub_dailyloadfcst_202609231505,3234.9166666666665,1,678.0,2026-09-23T15:05:05Z,semo_pub_dailyloadfcst_202609231505,3234.9166666666665,1,4150.0,2026-09-23T15:05:05Z,semo_pub_dailyloadfcst_202609231505,3234.9166666666665,1,,,,,0,,,,,0,,,,,0,,,,,0,,,,,0,,,,,0,,,,,0,2379.261,2026-09-23T12:23:53Z,semo_pub_15minaggwindfcst_202609231223,3396.116666666667,1,0
2026-09-25T22:00:00Z,2026-09-25T21:30:00Z,30,4828.0,2026-09-23T15:05:05Z,semo_pub_dailyloadfcst_202609231505,3264.9166666666665,1,678.0,2026-09-23T15:05:05Z,semo_pub_dailyloadfcst_202609231505,3264.9166666666665,1,4150.0,2026-09-23T15:05:05Z,semo_pub_dailyloadfcst_202609231505,3264.9166666666665,1,,,,,0,,,,,0,,,,,0,,,,,0,,,,,0,,,,,0,,,,,0,2379.261,2026-09-23T12:23:53Z,semo_pub_15minaggwindfcst_202609231223,3426.116666666667,1,0
2026-09-25T22:30:00Z,2026-09-25T21:30:00Z,60,4824.0,2026-09-23T15:05:05Z,semo_pub_dailyloadfcst_202609231505,3264.9166666666665,1,635.0,2026-09-23T15:05:05Z,semo_pub_dailyloadfcst_202609231505,3264.9166666666665,1,4189.0,2026-09-23T15:05:05Z,semo_pub_dailyloadfcst_202609231505,3264.9166666666665,1,,,,,0,,,,,0,,,,,0,,,,,0,,,,,0,,,,,0,,,,,0,2437.563,2026-09-23T12:23:53Z,semo_pub_15minaggwindfcst_202609231223,3426.116666666667,1,0
2026-09-25T22:30:00Z,2026-09-25T22:00:00Z,30,4824.0,2026-09-23T15:05:05Z,semo_pub_dailyloadfcst_202609231505,3294.9166666666665,1,635.0,2026-09-23T15:05:05Z,semo_pub_dailyloadfcst_202609231505,3294.9166666666665,1,4189.0,2026-09-23T15:05:05Z,semo_pub_dailyloadfcst_202609231505,3294.9166666666665,1,,,,,0,,,,,0,,,,,0,,,,,0,,,,,0,,,,,0,,,,,0,2437.563,2026-09-23T12:23:53Z,semo_pub_15minaggwindfcst_202609231223,3456.116666666667,1,0
2026-09-25T23:00:00Z,2026-09-25T22:00:00Z,60,4719.0,2026-09-23T15:05:05Z,semo_pub_dailyloadfcst_202609231505,3294.9166666666665,1,580.0,2026-09-23T15:05:05Z,semo_pub_dailyloadfcst_202609231505,3294.9166666666665,1,4139.0,2026-09-23T15:05:05Z,semo_pub_dailyloadfcst_202609231505,3294.9166666666665,1,,,,,0,,,,,0,,,,,0,,,,,0,,,,,0,,,,,0,,,,,0,2495.849,2026-09-23T12:23:53Z,semo_pub_15minaggwindfcst_202609231223,3456.116666666667,1,0
2026-09-25T23:00:00Z,2026-09-25T22:30:00Z,30,4719.0,2026-09-23T15:05:05Z,semo_pub_dailyloadfcst_202609231505,3324.9166666666665,1,580.0,2026-09-23T15:05:05Z,semo_pub_dailyloadfcst_202609231505,3324.9166666666665,1,4139.0,2026-09-23T15:05:05Z,semo_pub_dailyloadfcst_202609231505,3324.9166666666665,1,,,,,0,,,,,0,,,,,0,,,,,0,,,,,0,,,,,0,,,,,0,2495.849,2026-09-23T12:23:53Z,semo_pub_15minaggwindfcst_202609231223,3486.116666666667,1,0
2026-09-25T23:30:00Z,2026-09-25T22:30:00Z,60,4536.0,2026-09-23T15:05:05Z,semo_pub_dailyloadfcst_202609231505,3324.9166666666665,1,555.0,2026-09-23T15:05:05Z,semo_pub_dailyloadfcst_202609231505,3324.9166666666665,1,3981.0,2026-09-23T15:05:05Z,semo_pub_dailyloadfcst_202609231505,3324.9166666666665,1,,,,,0,,,,,0,,,,,0,,,,,0,,,,,0,,,,,0,,,,,0,2497.246,2026-09-23T12:23:53Z,semo_pub_15minaggwindfcst_202609231223,3486.116666666667,1,0
2026-09-25T23:30:00Z,2026-09-25T23:00:00Z,30,4536.0,2026-09-23T15:05:05Z,semo_pub_dailyloadfcst_202609231505,3354.9166666666665,1,555.0,2026-09-23T15:05:05Z,semo_pub_dailyloadfcst_202609231505,3354.9166666666665,1,3981.0,2026-09-23T15:05:05Z,semo_pub_dailyloadfcst_202609231505,3354.9166666666665,1,,,,,0,,,,,0,,,,,0,,,,,0,,,,,0,,,,,0,,,,,0,2497.246,2026-09-23T12:23:53Z,semo_pub_15minaggwindfcst_202609231223,3516.116666666667,1,0
2026-09-26T00:00:00Z,2026-09-25T23:00:00Z,60,4439.0,2026-09-23T15:05:05Z,semo_pub_dailyloadfcst_202609231505,3354.9166666666665,1,541.0,2026-09-23T15:05:05Z,semo_pub_dailyloadfcst_202609231505,3354.9166666666665,1,3898.0,2026-09-23T15:05:05Z,semo_pub_dailyloadfcst_202609231505,3354.9166666666665,1,,,,,0,,,,,0,,,,,0,,,,,0,,,,,0,,,,,0,,,,,0,2498.612,2026-09-23T12:23:53Z,semo_pub_15minaggwindfcst_202609231223,3516.116666666667,1,0
2026-09-26T00:00:00Z,2026-09-25T23:30:00Z,30,4439.0,2026-09-23T15:05:05Z,semo_pub_dailyloadfcst_202609231505,3384.9166666666665,1,541.0,2026-09-23T15:05:05Z,semo_pub_dailyloadfcst_202609231505,3384.9166666666665,1,3898.0,2026-09-23T15:05:05Z,semo_pub_dailyloadfcst_202609231505,3384.9166666666665,1,,,,,0,,,,,0,,,,,0,,,,,0,,,,,0,,,,,0,,,,,0,2498.612,2026-09-23T12:23:53Z,semo_pub_15minaggwindfcst_202609231223,3546.116666666667,1,0
2026-09-26T00:30:00Z,2026-09-25T23:30:00Z,60,4321.0,2026-09-23T15:05:05Z,semo_pub_dailyloadfcst_202609231505,3384.9166666666665,1,529.0,2026-09-23T15:05:05Z,semo_pub_dailyloadfcst_202609231505,3384.9166666666665,1,3792.0,2026-09-23T15:05:05Z,semo_pub_dailyloadfcst_202609231505,3384.9166666666665,1,,,,,0,,,,,0,,,,,0,,,,,0,,,,,0,,,,,0,,,,,0,2476.77,2026-09-23T12:23:53Z,semo_pub_15minaggwindfcst_202609231223,3546.116666666667,1,0
2026-09-26T00:30:00Z,2026-09-26T00:00:00Z,30,4321.0,2026-09-23T15:05:05Z,semo_pub_dailyloadfcst_202609231505,3414.9166666666665,1,529.0,2026-09-23T15:05:05Z,semo_pub_dailyloadfcst_202609231505,3414.9166666666665,1,3792.0,2026-09-23T15:05:05Z,semo_pub_dailyloadfcst_202609231505,3414.9166666666665,1,,,,,0,,,,,0,,,,,0,,,,,0,,,,,0,,,,,0,,,,,0,2476.77,2026-09-23T12:23:53Z,semo_pub_15minaggwindfcst_202609231223,3576.116666666667,1,0
2026-09-26T01:00:00Z,2026-09-26T00:00:00Z,60,4252.0,2026-09-23T15:05:05Z,semo_pub_dailyloadfcst_202609231505,3414.9166666666665,1,517.0,2026-09-23T15:05:05Z,semo_pub_dailyloadfcst_202609231505,3414.9166666666665,1,3735.0,2026-09-23T15:05:05Z,semo_pub_dailyloadfcst_202609231505,3414.9166666666665,1,,,,,0,,,,,0,,,,,0,,,,,0,,,,,0,,,,,0,,,,,0,2454.923,2026-09-23T12:23:53Z,semo_pub_15minaggwindfcst_202609231223,3576.116666666667,1,0
2026-09-26T01:00:00Z,2026-09-26T00:30:00Z,30,4252.0,2026-09-23T15:05:05Z,semo_pub_dailyloadfcst_202609231505,3444.9166666666665,1,517.0,2026-09-23T15:05:05Z,semo_pub_dailyloadfcst_202609231505,3444.9166666666665,1,3735.0,2026-09-23T15:05:05Z,semo_pub_dailyloadfcst_202609231505,3444.9166666666665,1,,,,,0,,,,,0,,,,,0,,,,,0,,,,,0,,,,,0,,,,,0,2454.923,2026-09-23T12:23:53Z,semo_pub_15minaggwindfcst_202609231223,3606.116666666667,1,0
2026-09-26T01:30:00Z,2026-09-26T00:30:00Z,60,4320.0,2026-09-23T15:05:05Z,semo_pub_dailyloadfcst_202609231505,3444.9166666666665,1,540.0,2026-09-23T15:05:05Z,semo_pub_dailyloadfcst_202609231505,3444.9166666666665,1,3780.0,2026-09-23T15:05:05Z,semo_pub_dailyloadfcst_202609231505,3444.9166666666665,1,,,,,0,,,,,0,,,,,0,,,,,0,,,,,0,,,,,0,,,,,0,2373.465,2026-09-23T12:23:53Z,semo_pub_15minaggwindfcst_202609231223,3606.116666666667,1,0
2026-09-26T01:30:00Z,2026-09-26T01:00:00Z,30,4320.0,2026-09-23T15:05:05Z,semo_pub_dailyloadfcst_202609231505,3474.9166666666665,1,540.0,2026-09-23T15:05:05Z,semo_pub_dailyloadfcst_202609231505,3474.9166666666665,1,3780.0,2026-09-23T15:05:05Z,semo_pub_dailyloadfcst_202609231505,3474.9166666666665,1,,,,,0,,,,,0,,,,,0,,,,,0,,,,,0,,,,,0,,,,,0,2373.465,2026-09-23T12:23:53Z,semo_pub_15minaggwindfcst_202609231223,3636.116666666667,1,0
2026-09-26T02:00:00Z,2026-09-26T01:00:00Z,60,4342.0,2026-09-23T15:05:05Z,semo_pub_dailyloadfcst_202609231505,3474.9166666666665,1,522.0,2026-09-23T15:05:05Z,semo_pub_dailyloadfcst_202609231505,3474.9166666666665,1,3820.0,2026-09-23T15:05:05Z,semo_pub_dailyloadfcst_202609231505,3474.9166666666665,1,,,,,0,,,,,0,,,,,0,,,,,0,,,,,0,,,,,0,,,,,0,2292.025,2026-09-23T12:23:53Z,semo_pub_15minaggwindfcst_202609231223,3636.116666666667,1,0
2026-09-26T02:00:00Z,2026-09-26T01:30:00Z,30,4342.0,2026-09-23T15:05:05Z,semo_pub_dailyloadfcst_202609231505,3504.9166666666665,1,522.0,2026-09-23T15:05:05Z,semo_pub_dailyloadfcst_202609231505,3504.9166666666665,1,3820.0,2026-09-23T15:05:05Z,semo_pub_dailyloadfcst_202609231505,3504.9166666666665,1,,,,,0,,,,,0,,,,,0,,,,,0,,,,,0,,,,,0,,,,,0,2292.025,2026-09-23T12:23:53Z,semo_pub_15minaggwindfcst_202609231223,3666.116666666667,1,0
2026-09-26T02:30:00Z,2026-09-26T01:30:00Z,60,4176.0,2026-09-23T15:05:05Z,semo_pub_dailyloadfcst_202609231505,3504.9166666666665,1,514.0,2026-09-23T15:05:05Z,semo_pub_dailyloadfcst_202609231505,3504.9166666666665,1,3662.0,2026-09-23T15:05:05Z,semo_pub_dailyloadfcst_202609231505,3504.9166666666665,1,,,,,0,,,,,0,,,,,0,,,,,0,,,,,0,,,,,0,,,,,0,2179.387,2026-09-23T12:23:53Z,semo_pub_15minaggwindfcst_202609231223,3666.116666666667,1,0
2026-09-26T02:30:00Z,2026-09-26T02:00:00Z,30,4176.0,2026-09-23T15:05:05Z,semo_pub_dailyloadfcst_202609231505,3534.9166666666665,1,514.0,2026-09-23T15:05:05Z,semo_pub_dailyloadfcst_202609231505,3534.9166666666665,1,3662.0,2026-09-23T15:05:05Z,semo_pub_dailyloadfcst_202609231505,3534.9166666666665,1,,,,,0,,,,,0,,,,,0,,,,,0,,,,,0,,,,,0,,,,,0,2179.387,2026-09-23T12:23:53Z,semo_pub_15minaggwindfcst_202609231223,3696.116666666667,1,0
2026-09-26T03:00:00Z,2026-09-26T02:00:00Z,60,4130.0,2026-09-23T15:05:05Z,semo_pub_dailyloadfcst_202609231505,3534.9166666666665,1,514.0,2026-09-23T15:05:05Z,semo_pub_dailyloadfcst_202609231505,3534.9166666666665,1,3616.0,2026-09-23T15:05:05Z,semo_pub_dailyloadfcst_202609231505,3534.9166666666665,1,,,,,0,,,,,0,,,,,0,,,,,0,,,,,0,,,,,0,,,,,0,2066.744,2026-09-23T12:23:53Z,semo_pub_15minaggwindfcst_202609231223,3696.116666666667,1,0
2026-09-26T03:00:00Z,2026-09-26T02:30:00Z,30,4130.0,2026-09-23T15:05:05Z,semo_pub_dailyloadfcst_202609231505,3564.9166666666665,1,514.0,2026-09-23T15:05:05Z,semo_pub_dailyloadfcst_202609231505,3564.9166666666665,1,3616.0,2026-09-23T15:05:05Z,semo_pub_dailyloadfcst_202609231505,3564.9166666666665,1,,,,,0,,,,,0,,,,,0,,,,,0,,,,,0,,,,,0,,,,,0,2066.744,2026-09-23T12:23:53Z,semo_pub_15minaggwindfcst_202609231223,3726.116666666667,1,0
2026-09-26T03:30:00Z,2026-09-26T02:30:00Z,60,4080.0,2026-09-23T15:05:05Z,semo_pub_dailyloadfcst_202609231505,3564.9166666666665,1,511.0,2026-09-23T15:05:05Z,semo_pub_dailyloadfcst_202609231505,3564.9166666666665,1,3569.0,2026-09-23T15:05:05Z,semo_pub_dailyloadfcst_202609231505,3564.9166666666665,1,,,,,0,,,,,0,,,,,0,,,,,0,,,,,0,,,,,0,,,,,0,1981.086,2026-09-23T12:23:53Z,semo_pub_15minaggwindfcst_202609231223,3726.116666666667,1,0
2026-09-26T03:30:00Z,2026-09-26T03:00:00Z,30,4080.0,2026-09-23T15:05:05Z,semo_pub_dailyloadfcst_202609231505,3594.9166666666665,1,511.0,2026-09-23T15:05:05Z,semo_pub_dailyloadfcst_202609231505,3594.9166666666665,1,3569.0,2026-09-23T15:05:05Z,semo_pub_dailyloadfcst_202609231505,3594.9166666666665,1,,,,,0,,,,,0,,,,,0,,,,,0,,,,,0,,,,,0,,,,,0,1981.086,2026-09-23T12:23:53Z,semo_pub_15minaggwindfcst_202609231223,3756.116666666667,1,0
2026-09-26T04:00:00Z,2026-09-26T03:00:00Z,60,4062.0,2026-09-23T15:05:05Z,semo_pub_dailyloadfcst_202609231505,3594.9166666666665,1,509.0,2026-09-23T15:05:05Z,semo_pub_dailyloadfcst_202609231505,3594.9166666666665,1,3553.0,2026-09-23T15:05:05Z,semo_pub_dailyloadfcst_202609231505,3594.9166666666665,1,,,,,0,,,,,0,,,,,0,,,,,0,,,,,0,,,,,0,,,,,0,1895.418,2026-09-23T12:23:53Z,semo_pub_15minaggwindfcst_202609231223,3756.116666666667,1,0
2026-09-26T04:00:00Z,2026-09-26T03:30:00Z,30,4062.0,2026-09-23T15:05:05Z,semo_pub_dailyloadfcst_202609231505,3624.9166666666665,1,509.0,2026-09-23T15:05:05Z,semo_pub_dailyloadfcst_202609231505,3624.9166666666665,1,3553.0,2026-09-23T15:05:05Z,semo_pub_dailyloadfcst_202609231505,3624.9166666666665,1,,,,,0,,,,,0,,,,,0,,,,,0,,,,,0,,,,,0,,,,,0,1895.418,2026-09-23T12:23:53Z,semo_pub_15minaggwindfcst_202609231223,3786.116666666667,1,0
2026-09-26T04:30:00Z,2026-09-26T03:30:00Z,60,4058.0,2026-09-23T15:05:05Z,semo_pub_dailyloadfcst_202609231505,3624.9166666666665,1,518.0,2026-09-23T15:05:05Z,semo_pub_dailyloadfcst_202609231505,3624.9166666666665,1,3540.0,2026-09-23T15:05:05Z,semo_pub_dailyloadfcst_202609231505,3624.9166666666665,1,,,,,0,,,,,0,,,,,0,,,,,0,,,,,0,,,,,0,,,,,0,1837.747,2026-09-23T12:23:53Z,semo_pub_15minaggwindfcst_202609231223,3786.116666666667,1,0
2026-09-26T04:30:00Z,2026-09-26T04:00:00Z,30,4058.0,2026-09-23T15:05:05Z,semo_pub_dailyloadfcst_202609231505,3654.9166666666665,1,518.0,2026-09-23T15:05:05Z,semo_pub_dailyloadfcst_202609231505,3654.9166666666665,1,3540.0,2026-09-23T15:05:05Z,semo_pub_dailyloadfcst_202609231505,3654.9166666666665,1,,,,,0,,,,,0,,,,,0,,,,,0,,,,,0,,,,,0,,,,,0,1837.747,2026-09-23T12:23:53Z,semo_pub_15minaggwindfcst_202609231223,3816.116666666667,1,0
2026-09-26T05:00:00Z,2026-09-26T04:00:00Z,60,4245.0,2026-09-23T15:05:05Z,semo_pub_dailyloadfcst_202609231505,3654.9166666666665,1,544.0,2026-09-23T15:05:05Z,semo_pub_dailyloadfcst_202609231505,3654.9166666666665,1,3701.0,2026-09-23T15:05:05Z,semo_pub_dailyloadfcst_202609231505,3654.9166666666665,1,,,,,0,,,,,0,,,,,0,,,,,0,,,,,0,,,,,0,,,,,0,1780.076,2026-09-23T12:23:53Z,semo_pub_15minaggwindfcst_202609231223,3816.116666666667,1,0
2026-09-26T05:00:00Z,2026-09-26T04:30:00Z,30,4245.0,2026-09-23T15:05:05Z,semo_pub_dailyloadfcst_202609231505,3684.9166666666665,1,544.0,2026-09-23T15:05:05Z,semo_pub_dailyloadfcst_202609231505,3684.9166666666665,1,3701.0,2026-09-23T15:05:05Z,semo_pub_dailyloadfcst_202609231505,3684.9166666666665,1,,,,,0,,,,,0,,,,,0,,,,,0,,,,,0,,,,,0,,,,,0,1780.076,2026-09-23T12:23:53Z,semo_pub_15minaggwindfcst_202609231223,3846.116666666667,1,0
2026-09-26T05:30:00Z,2026-09-26T04:30:00Z,60,4282.0,2026-09-23T15:05:05Z,semo_pub_dailyloadfcst_202609231505,3684.9166666666665,1,591.0,2026-09-23T15:05:05Z,semo_pub_dailyloadfcst_202609231505,3684.9166666666665,1,3691.0,2026-09-23T15:05:05Z,semo_pub_dailyloadfcst_202609231505,3684.9166666666665,1,,,,,0,,,,,0,,,,,0,,,,,0,,,,,0,,,,,0,,,,,0,1720.215,2026-09-23T12:23:53Z,semo_pub_15minaggwindfcst_202609231223,3846.116666666667,1,0
2026-09-26T05:30:00Z,2026-09-26T05:00:00Z,30,4282.0,2026-09-23T15:05:05Z,semo_pub_dailyloadfcst_202609231505,3714.9166666666665,1,591.0,2026-09-23T15:05:05Z,semo_pub_dailyloadfcst_202609231505,3714.9166666666665,1,3691.0,2026-09-23T15:05:05Z,semo_pub_dailyloadfcst_202609231505,3714.9166666666665,1,,,,,0,,,,,0,,,,,0,,,,,0,,,,,0,,,,,0,,,,,0,1720.215,2026-09-23T12:23:53Z,semo_pub_15minaggwindfcst_202609231223,3876.116666666667,1,0
2026-09-26T06:00:00Z,2026-09-26T05:00:00Z,60,4431.0,2026-09-23T15:05:05Z,semo_pub_dailyloadfcst_202609231505,3714.9166666666665,1,650.0,2026-09-23T15:05:05Z,semo_pub_dailyloadfcst_202609231505,3714.9166666666665,1,3781.0,2026-09-23T15:05:05Z,semo_pub_dailyloadfcst_202609231505,3714.9166666666665,1,,,,,0,,,,,0,,,,,0,,,,,0,,,,,0,,,,,0,,,,,0,1660.328,2026-09-23T12:23:53Z,semo_pub_15minaggwindfcst_202609231223,3876.116666666667,1,0
2026-09-26T06:00:00Z,2026-09-26T05:30:00Z,30,4431.0,2026-09-23T15:05:05Z,semo_pub_dailyloadfcst_202609231505,3744.9166666666665,1,650.0,2026-09-23T15:05:05Z,semo_pub_dailyloadfcst_202609231505,3744.9166666666665,1,3781.0,2026-09-23T15:05:05Z,semo_pub_dailyloadfcst_202609231505,3744.9166666666665,1,,,,,0,,,,,0,,,,,0,,,,,0,,,,,0,,,,,0,,,,,0,1660.328,2026-09-23T12:23:53Z,semo_pub_15minaggwindfcst_202609231223,3906.116666666667,1,0
2026-09-26T06:30:00Z,2026-09-26T05:30:00Z,60,4637.0,2026-09-23T15:05:05Z,semo_pub_dailyloadfcst_202609231505,3744.9166666666665,1,711.0,2026-09-23T15:05:05Z,semo_pub_dailyloadfcst_202609231505,3744.9166666666665,1,3926.0,2026-09-23T15:05:05Z,semo_pub_dailyloadfcst_202609231505,3744.9166666666665,1,,,,,0,,,,,0,,,,,0,,,,,0,,,,,0,,,,,0,,,,,0,1635.13,2026-09-23T12:23:53Z,semo_pub_15minaggwindfcst_202609231223,3906.116666666667,1,0
2026-09-26T06:30:00Z,2026-09-26T06:00:00Z,30,4637.0,2026-09-23T15:05:05Z,semo_pub_dailyloadfcst_202609231505,3774.9166666666665,1,711.0,2026-09-23T15:05:05Z,semo_pub_dailyloadfcst_202609231505,3774.9166666666665,1,3926.0,2026-09-23T15:05:05Z,semo_pub_dailyloadfcst_202609231505,3774.9166666666665,1,,,,,0,,,,,0,,,,,0,,,,,0,,,,,0,,,,,0,,,,,0,1635.13,2026-09-23T12:23:53Z,semo_pub_15minaggwindfcst_202609231223,3936.116666666667,1,0
2026-09-26T07:00:00Z,2026-09-26T06:00:00Z,60,4738.0,2026-09-23T15:05:05Z,semo_pub_dailyloadfcst_202609231505,3774.9166666666665,1,751.0,2026-09-23T15:05:05Z,semo_pub_dailyloadfcst_202609231505,3774.9166666666665,1,3987.0,2026-09-23T15:05:05Z,semo_pub_dailyloadfcst_202609231505,3774.9166666666665,1,,,,,0,,,,,0,,,,,0,,,,,0,,,,,0,,,,,0,,,,,0,1609.921,2026-09-23T12:23:53Z,semo_pub_15minaggwindfcst_202609231223,3936.116666666667,1,0
2026-09-26T07:00:00Z,2026-09-26T06:30:00Z,30,4738.0,2026-09-23T15:05:05Z,semo_pub_dailyloadfcst_202609231505,3804.9166666666665,1,751.0,2026-09-23T15:05:05Z,semo_pub_dailyloadfcst_202609231505,3804.9166666666665,1,3987.0,2026-09-23T15:05:05Z,semo_pub_dailyloadfcst_202609231505,3804.9166666666665,1,,,,,0,,,,,0,,,,,0,,,,,0,,,,,0,,,,,0,,,,,0,1609.921,2026-09-23T12:23:53Z,semo_pub_15minaggwindfcst_202609231223,3966.116666666667,1,0
2026-09-26T07:30:00Z,2026-09-26T06:30:00Z,60,4816.0,2026-09-23T15:05:05Z,semo_pub_dailyloadfcst_202609231505,3804.9166666666665,1,783.0,2026-09-23T15:05:05Z,semo_pub_dailyloadfcst_202609231505,3804.9166666666665,1,4033.0,2026-09-23T15:05:05Z,semo_pub_dailyloadfcst_202609231505,3804.9166666666665,1,,,,,0,,,,,0,,,,,0,,,,,0,,,,,0,,,,,0,,,,,0,1777.419,2026-09-23T12:23:53Z,semo_pub_15minaggwindfcst_202609231223,3966.116666666667,1,0
2026-09-26T07:30:00Z,2026-09-26T07:00:00Z,30,4816.0,2026-09-23T15:05:05Z,semo_pub_dailyloadfcst_202609231505,3834.9166666666665,1,783.0,2026-09-23T15:05:05Z,semo_pub_dailyloadfcst_202609231505,3834.9166666666665,1,4033.0,2026-09-23T15:05:05Z,semo_pub_dailyloadfcst_202609231505,3834.9166666666665,1,,,,,0,,,,,0,,,,,0,,,,,0,,,,,0,,,,,0,,,,,0,1777.419,2026-09-23T12:23:53Z,semo_pub_15minaggwindfcst_202609231223,3996.116666666667,1,0
2026-09-26T08:00:00Z,2026-09-26T07:00:00Z,60,4981.0,2026-09-23T15:05:05Z,semo_pub_dailyloadfcst_202609231505,3834.9166666666665,1,813.0,2026-09-23T15:05:05Z,semo_pub_dailyloadfcst_202609231505,3834.9166666666665,1,4168.0,2026-09-23T15:05:05Z,semo_pub_dailyloadfcst_202609231505,3834.9166666666665,1,,,,,0,,,,,0,,,,,0,,,,,0,,,,,0,,,,,0,,,,,0,1944.878,2026-09-23T12:23:53Z,semo_pub_15minaggwindfcst_202609231223,3996.116666666667,1,0
2026-09-26T08:00:00Z,2026-09-26T07:30:00Z,30,4981.0,2026-09-23T15:05:05Z,semo_pub_dailyloadfcst_202609231505,3864.9166666666665,1,813.0,2026-09-23T15:05:05Z,semo_pub_dailyloadfcst_202609231505,3864.9166666666665,1,4168.0,2026-09-23T15:05:05Z,semo_pub_dailyloadfcst_202609231505,3864.9166666666665,1,,,,,0,,,,,0,,,,,0,,,,,0,,,,,0,,,,,0,,,,,0,1944.878,2026-09-23T12:23:53Z,semo_pub_15minaggwindfcst_202609231223,4026.116666666667,1,0
2026-09-26T08:30:00Z,2026-09-26T07:30:00Z,60,5014.0,2026-09-23T15:05:05Z,semo_pub_dailyloadfcst_202609231505,3864.9166666666665,1,827.0,2026-09-23T15:05:05Z,semo_pub_dailyloadfcst_202609231505,3864.9166666666665,1,4187.0,2026-09-23T15:05:05Z,semo_pub_dailyloadfcst_202609231505,3864.9166666666665,1,,,,,0,,,,,0,,,,,0,,,,,0,,,,,0,,,,,0,,,,,0,2145.145,2026-09-23T12:23:53Z,semo_pub_15minaggwindfcst_202609231223,4026.116666666667,1,0
2026-09-26T08:30:00Z,2026-09-26T08:00:00Z,30,5014.0,2026-09-23T15:05:05Z,semo_pub_dailyloadfcst_202609231505,3894.9166666666665,1,827.0,2026-09-23T15:05:05Z,semo_pub_dailyloadfcst_202609231505,3894.9166666666665,1,4187.0,2026-09-23T15:05:05Z,semo_pub_dailyloadfcst_202609231505,3894.9166666666665,1,,,,,0,,,,,0,,,,,0,,,,,0,,,,,0,,,,,0,,,,,0,2145.145,2026-09-23T12:23:53Z,semo_pub_15minaggwindfcst_202609231223,4056.116666666667,1,0
2026-09-26T09:00:00Z,2026-09-26T08:00:00Z,60,4983.0,2026-09-23T15:05:05Z,semo_pub_dailyloadfcst_202609231505,3894.9166666666665,1,789.0,2026-09-23T15:05:05Z,semo_pub_dailyloadfcst_202609231505,3894.9166666666665,1,4194.0,2026-09-23T15:05:05Z,semo_pub_dailyloadfcst_202609231505,3894.9166666666665,1,,,,,0,,,,,0,,,,,0,,,,,0,,,,,0,,,,,0,,,,,0,2345.413,2026-09-23T12:23:53Z,semo_pub_15minaggwindfcst_202609231223,4056.116666666667,1,0
2026-09-26T09:00:00Z,2026-09-26T08:30:00Z,30,4983.0,2026-09-23T15:05:05Z,semo_pub_dailyloadfcst_202609231505,3924.9166666666665,1,789.0,2026-09-23T15:05:05Z,semo_pub_dailyloadfcst_202609231505,3924.9166666666665,1,4194.0,2026-09-23T15:05:05Z,semo_pub_dailyloadfcst_202609231505,3924.9166666666665,1,,,,,0,,,,,0,,,,,0,,,,,0,,,,,0,,,,,0,,,,,0,2345.413,2026-09-23T12:23:53Z,semo_pub_15minaggwindfcst_202609231223,4086.116666666667,1,0
2026-09-26T09:30:00Z,2026-09-26T08:30:00Z,60,5009.0,2026-09-23T15:05:05Z,semo_pub_dailyloadfcst_202609231505,3924.9166666666665,1,797.0,2026-09-23T15:05:05Z,semo_pub_dailyloadfcst_202609231505,3924.9166666666665,1,4212.0,2026-09-23T15:05:05Z,semo_pub_dailyloadfcst_202609231505,3924.9166666666665,1,,,,,0,,,,,0,,,,,0,,,,,0,,,,,0,,,,,0,,,,,0,2541.155,2026-09-23T12:23:53Z,semo_pub_15minaggwindfcst_202609231223,4086.116666666667,1,0
2026-09-26T09:30:00Z,2026-09-26T09:00:00Z,30,5009.0,2026-09-23T15:05:05Z,semo_pub_dailyloadfcst_202609231505,3954.9166666666665,1,797.0,2026-09-23T15:05:05Z,semo_pub_dailyloadfcst_202609231505,3954.9166666666665,1,4212.0,2026-09-23T15:05:05Z,semo_pub_dailyloadfcst_202609231505,3954.9166666666665,1,,,,,0,,,,,0,,,,,0,,,,,0,,,,,0,,,,,0,,,,,0,2541.155,2026-09-23T12:23:53Z,semo_pub_15minaggwindfcst_202609231223,4116.116666666667,1,0
2026-09-26T10:00:00Z,2026-09-26T09:00:00Z,60,5043.0,2026-09-23T15:05:05Z,semo_pub_dailyloadfcst_202609231505,3954.9166666666665,1,790.0,2026-09-23T15:05:05Z,semo_pub_dailyloadfcst_202609231505,3954.9166666666665,1,4253.0,2026-09-23T15:05:05Z,semo_pub_dailyloadfcst_202609231505,3954.9166666666665,1,,,,,0,,,,,0,,,,,0,,,,,0,,,,,0,,,,,0,,,,,0,2736.905,2026-09-23T12:23:53Z,semo_pub_15minaggwindfcst_202609231223,4116.116666666667,1,0
2026-09-26T10:00:00Z,2026-09-26T09:30:00Z,30,5043.0,2026-09-23T15:05:05Z,semo_pub_dailyloadfcst_202609231505,3984.9166666666665,1,790.0,2026-09-23T15:05:05Z,semo_pub_dailyloadfcst_202609231505,3984.9166666666665,1,4253.0,2026-09-23T15:05:05Z,semo_pub_dailyloadfcst_202609231505,3984.9166666666665,1,,,,,0,,,,,0,,,,,0,,,,,0,,,,,0,,,,,0,,,,,0,2736.905,2026-09-23T12:23:53Z,semo_pub_15minaggwindfcst_202609231223,4146.116666666667,1,0
2026-09-26T10:30:00Z,2026-09-26T09:30:00Z,60,5056.0,2026-09-23T15:05:05Z,semo_pub_dailyloadfcst_202609231505,3984.9166666666665,1,783.0,2026-09-23T15:05:05Z,semo_pub_dailyloadfcst_202609231505,3984.9166666666665,1,4273.0,2026-09-23T15:05:05Z,semo_pub_dailyloadfcst_202609231505,3984.9166666666665,1,,,,,0,,,,,0,,,,,0,,,,,0,,,,,0,,,,,0,,,,,0,2894.504,2026-09-23T12:23:53Z,semo_pub_15minaggwindfcst_202609231223,4146.116666666667,1,0
2026-09-26T10:30:00Z,2026-09-26T10:00:00Z,30,5056.0,2026-09-23T15:05:05Z,semo_pub_dailyloadfcst_202609231505,4014.9166666666665,1,783.0,2026-09-23T15:05:05Z,semo_pub_dailyloadfcst_202609231505,4014.9166666666665,1,4273.0,2026-09-23T15:05:05Z,semo_pub_dailyloadfcst_202609231505,4014.9166666666665,1,,,,,0,,,,,0,,,,,0,,,,,0,,,,,0,,,,,0,,,,,0,2894.504,2026-09-23T12:23:53Z,semo_pub_15minaggwindfcst_202609231223,4176.116666666667,1,0
2026-09-26T11:00:00Z,2026-09-26T10:00:00Z,60,4955.0,2026-09-23T15:05:05Z,semo_pub_dailyloadfcst_202609231505,4014.9166666666665,1,775.0,2026-09-23T15:05:05Z,semo_pub_dailyloadfcst_202609231505,4014.9166666666665,1,4180.0,2026-09-23T15:05:05Z,semo_pub_dailyloadfcst_202609231505,4014.9166666666665,1,,,,,0,,,,,0,,,,,0,,,,,0,,,,,0,,,,,0,,,,,0,3052.094,2026-09-23T12:23:53Z,semo_pub_15minaggwindfcst_202609231223,4176.116666666667,1,0
2026-09-26T11:00:00Z,2026-09-26T10:30:00Z,30,4955.0,2026-09-23T15:05:05Z,semo_pub_dailyloadfcst_202609231505,4044.9166666666665,1,775.0,2026-09-23T15:05:05Z,semo_pub_dailyloadfcst_202609231505,4044.9166666666665,1,4180.0,2026-09-23T15:05:05Z,semo_pub_dailyloadfcst_202609231505,4044.9166666666665,1,,,,,0,,,,,0,,,,,0,,,,,0,,,,,0,,,,,0,,,,,0,3052.094,2026-09-23T12:23:53Z,semo_pub_15minaggwindfcst_202609231223,4206.116666666667,1,0
2026-09-26T11:30:00Z,2026-09-26T10:30:00Z,60,5113.0,2026-09-23T15:05:05Z,semo_pub_dailyloadfcst_202609231505,4044.9166666666665,1,775.0,2026-09-23T15:05:05Z,semo_pub_dailyloadfcst_202609231505,4044.9166666666665,1,4338.0,2026-09-23T15:05:05Z,semo_pub_dailyloadfcst_202609231505,4044.9166666666665,1,,,,,0,,,,,0,,,,,0,,,,,0,,,,,0,,,,,0,,,,,0,3164.134,2026-09-23T12:23:53Z,semo_pub_15minaggwindfcst_202609231223,4206.116666666667,1,0
2026-09-26T11:30:00Z,2026-09-26T11:00:00Z,30,5113.0,2026-09-23T15:05:05Z,semo_pub_dailyloadfcst_202609231505,4074.9166666666665,1,775.0,2026-09-23T15:05:05Z,semo_pub_dailyloadfcst_202609231505,4074.9166666666665,1,4338.0,2026-09-23T15:05:05Z,semo_pub_dailyloadfcst_202609231505,4074.9166666666665,1,,,,,0,,,,,0,,,,,0,,,,,0,,,,,0,,,,,0,,,,,0,3164.134,2026-09-23T12:23:53Z,semo_pub_15minaggwindfcst_202609231223,4236.116666666667,1,0
2026-09-26T12:00:00Z,2026-09-26T11:00:00Z,60,5124.0,2026-09-23T15:05:05Z,semo_pub_dailyloadfcst_202609231505,4074.9166666666665,1,772.0,2026-09-23T15:05:05Z,semo_pub_dailyloadfcst_202609231505,4074.9166666666665,1,4352.0,2026-09-23T15:05:05Z,semo_pub_dailyloadfcst_202609231505,4074.9166666666665,1,,,,,0,,,,,0,,,,,0,,,,,0,,,,,0,,,,,0,,,,,0,3276.177,2026-09-23T12:23:53Z,semo_pub_15minaggwindfcst_202609231223,4236.116666666667,1,0
2026-09-26T12:00:00Z,2026-09-26T11:30:00Z,30,5124.0,2026-09-23T15:05:05Z,semo_pub_dailyloadfcst_202609231505,4104.916666666667,1,772.0,2026-09-23T15:05:05Z,semo_pub_dailyloadfcst_202609231505,4104.916666666667,1,4352.0,2026-09-23T15:05:05Z,semo_pub_dailyloadfcst_202609231505,4104.916666666667,1,,,,,0,,,,,0,,,,,0,,,,,0,,,,,0,,,,,0,,,,,0,3276.177,2026-09-23T12:23:53Z,semo_pub_15minaggwindfcst_202609231223,4266.116666666667,1,0
2026-09-26T12:30:00Z,2026-09-26T11:30:00Z,60,5144.0,2026-09-23T15:05:05Z,semo_pub_dailyloadfcst_202609231505,4104.916666666667,1,753.0,2026-09-23T15:05:05Z,semo_pub_dailyloadfcst_202609231505,4104.916666666667,1,4391.0,2026-09-23T15:05:05Z,semo_pub_dailyloadfcst_202609231505,4104.916666666667,1,,,,,0,,,,,0,,,,,0,,,,,0,,,,,0,,,,,0,,,,,0,3384.249,2026-09-23T12:23:53Z,semo_pub_15minaggwindfcst_202609231223,4266.116666666667,1,0
2026-09-26T12:30:00Z,2026-09-26T12:00:00Z,30,5144.0,2026-09-23T15:05:05Z,semo_pub_dailyloadfcst_202609231505,4134.916666666667,1,753.0,2026-09-23T15:05:05Z,semo_pub_dailyloadfcst_202609231505,4134.916666666667,1,4391.0,2026-09-23T15:05:05Z,semo_pub_dailyloadfcst_202609231505,4134.916666666667,1,,,,,0,,,,,0,,,,,0,,,,,0,,,,,0,,,,,0,,,,,0,3384.249,2026-09-23T12:23:53Z,semo_pub_15minaggwindfcst_202609231223,4296.116666666667,1,0
2026-09-26T13:00:00Z,2026-09-26T12:00:00Z,60,5094.0,2026-09-23T15:05:05Z,semo_pub_dailyloadfcst_202609231505,4134.916666666667,1,712.0,2026-09-23T15:05:05Z,semo_pub_dailyloadfcst_202609231505,4134.916666666667,1,4382.0,2026-09-23T15:05:05Z,semo_pub_dailyloadfcst_202609231505,4134.916666666667,1,,,,,0,,,,,0,,,,,0,,,,,0,,,,,0,,,,,0,,,,,0,3492.331,2026-09-23T12:23:53Z,semo_pub_15minaggwindfcst_202609231223,4296.116666666667,1,0
2026-09-26T13:00:00Z,2026-09-26T12:30:00Z,30,5094.0,2026-09-23T15:05:05Z,semo_pub_dailyloadfcst_202609231505,4164.916666666667,1,712.0,2026-09-23T15:05:05Z,semo_pub_dailyloadfcst_202609231505,4164.916666666667,1,4382.0,2026-09-23T15:05:05Z,semo_pub_dailyloadfcst_202609231505,4164.916666666667,1,,,,,0,,,,,0,,,,,0,,,,,0,,,,,0,,,,,0,,,,,0,3492.331,2026-09-23T12:23:53Z,semo_pub_15minaggwindfcst_202609231223,4326.116666666667,1,0
2026-09-26T13:30:00Z,2026-09-26T12:30:00Z,60,5042.0,2026-09-23T15:05:05Z,semo_pub_dailyloadfcst_202609231505,4164.916666666667,1,687.0,2026-09-23T15:05:05Z,semo_pub_dailyloadfcst_202609231505,4164.916666666667,1,4355.0,2026-09-23T15:05:05Z,semo_pub_dailyloadfcst_202609231505,4164.916666666667,1,,,,,0,,,,,0,,,,,0,,,,,0,,,,,0,,,,,0,,,,,0,3559.237,2026-09-23T12:23:53Z,semo_pub_15minaggwindfcst_202609231223,4326.116666666667,1,0
2026-09-26T13:30:00Z,2026-09-26T13:00:00Z,30,5042.0,2026-09-23T15:05:05Z,semo_pub_dailyloadfcst_202609231505,4194.916666666667,1,687.0,2026-09-23T15:05:05Z,semo_pub_dailyloadfcst_202609231505,4194.916666666667,1,4355.0,2026-09-23T15:05:05Z,semo_pub_dailyloadfcst_202609231505,4194.916666666667,1,,,,,0,,,,,0,,,,,0,,,,,0,,,,,0,,,,,0,,,,,0,3559.237,2026-09-23T12:23:53Z,semo_pub_15minaggwindfcst_202609231223,4356.116666666667,1,0
2026-09-26T14:00:00Z,2026-09-26T13:00:00Z,60,4849.0,2026-09-23T15:05:05Z,semo_pub_dailyloadfcst_202609231505,4194.916666666667,1,714.0,2026-09-23T15:05:05Z,semo_pub_dailyloadfcst_202609231505,4194.916666666667,1,4135.0,2026-09-23T15:05:05Z,semo_pub_dailyloadfcst_202609231505,4194.916666666667,1,,,,,0,,,,,0,,,,,0,,,,,0,,,,,0,,,,,0,,,,,0,3626.13,2026-09-23T12:23:53Z,semo_pub_15minaggwindfcst_202609231223,4356.116666666667,1,0
2026-09-26T14:00:00Z,2026-09-26T13:30:00Z,30,4849.0,2026-09-23T15:05:05Z,semo_pub_dailyloadfcst_202609231505,4224.916666666667,1,714.0,2026-09-23T15:05:05Z,semo_pub_dailyloadfcst_202609231505,4224.916666666667,1,4135.0,2026-09-23T15:05:05Z,semo_pub_dailyloadfcst_202609231505,4224.916666666667,1,,,,,0,,,,,0,,,,,0,,,,,0,,,,,0,,,,,0,,,,,0,3626.13,2026-09-23T12:23:53Z,semo_pub_15minaggwindfcst_202609231223,4386.116666666667,1,0
2026-09-26T14:30:00Z,2026-09-26T13:30:00Z,60,5133.0,2026-09-23T15:05:05Z,semo_pub_dailyloadfcst_202609231505,4224.916666666667,1,723.0,2026-09-23T15:05:05Z,semo_pub_dailyloadfcst_202609231505,4224.916666666667,1,4410.0,2026-09-23T15:05:05Z,semo_pub_dailyloadfcst_202609231505,4224.916666666667,1,,,,,0,,,,,0,,,,,0,,,,,0,,,,,0,,,,,0,,,,,0,3611.004,2026-09-23T12:23:53Z,semo_pub_15minaggwindfcst_202609231223,4386.116666666667,1,0
2026-09-26T14:30:00Z,2026-09-26T14:00:00Z,30,5133.0,2026-09-23T15:05:05Z,semo_pub_dailyloadfcst_202609231505,4254.916666666667,1,723.0,2026-09-23T15:05:05Z,semo_pub_dailyloadfcst_202609231505,4254.916666666667,1,4410.0,2026-09-23T15:05:05Z,semo_pub_dailyloadfcst_202609231505,4254.916666666667,1,,,,,0,,,,,0,,,,,0,,,,,0,,,,,0,,,,,0,,,,,0,3611.004,2026-09-23T12:23:53Z,semo_pub_15minaggwindfcst_202609231223,4416.116666666667,1,0
2026-09-26T15:00:00Z,2026-09-26T14:00:00Z,60,5249.0,2026-09-23T15:05:05Z,semo_pub_dailyloadfcst_202609231505,4254.916666666667,1,729.0,2026-09-23T15:05:05Z,semo_pub_dailyloadfcst_202609231505,4254.916666666667,1,4520.0,2026-09-23T15:05:05Z,semo_pub_dailyloadfcst_202609231505,4254.916666666667,1,,,,,0,,,,,0,,,,,0,,,,,0,,,,,0,,,,,0,,,,,0,3595.88,2026-09-23T12:23:53Z,semo_pub_15minaggwindfcst_202609231223,4416.116666666667,1,0
2026-09-26T15:00:00Z,2026-09-26T14:30:00Z,30,5249.0,2026-09-23T15:05:05Z,semo_pub_dailyloadfcst_202609231505,4284.916666666667,1,729.0,2026-09-23T15:05:05Z,semo_pub_dailyloadfcst_202609231505,4284.916666666667,1,4520.0,2026-09-23T15:05:05Z,semo_pub_dailyloadfcst_202609231505,4284.916666666667,1,,,,,0,,,,,0,,,,,0,,,,,0,,,,,0,,,,,0,,,,,0,3595.88,2026-09-23T12:23:53Z,semo_pub_15minaggwindfcst_202609231223,4446.116666666667,1,0
2026-09-26T15:30:00Z,2026-09-26T14:30:00Z,60,5342.0,2026-09-23T15:05:05Z,semo_pub_dailyloadfcst_202609231505,4284.916666666667,1,767.0,2026-09-23T15:05:05Z,semo_pub_dailyloadfcst_202609231505,4284.916666666667,1,4575.0,2026-09-23T15:05:05Z,semo_pub_dailyloadfcst_202609231505,4284.916666666667,1,,,,,0,,,,,0,,,,,0,,,,,0,,,,,0,,,,,0,,,,,0,3508.711,2026-09-23T12:23:53Z,semo_pub_15minaggwindfcst_202609231223,4446.116666666667,1,0
2026-09-26T15:30:00Z,2026-09-26T15:00:00Z,30,5342.0,2026-09-23T15:05:05Z,semo_pub_dailyloadfcst_202609231505,4314.916666666667,1,767.0,2026-09-23T15:05:05Z,semo_pub_dailyloadfcst_202609231505,4314.916666666667,1,4575.0,2026-09-23T15:05:05Z,semo_pub_dailyloadfcst_202609231505,4314.916666666667,1,,,,,0,,,,,0,,,,,0,,,,,0,,,,,0,,,,,0,,,,,0,3508.711,2026-09-23T12:23:53Z,semo_pub_15minaggwindfcst_202609231223,4476.116666666667,1,0
2026-09-26T16:00:00Z,2026-09-26T15:00:00Z,60,5514.0,2026-09-23T15:05:05Z,semo_pub_dailyloadfcst_202609231505,4314.916666666667,1,795.0,2026-09-23T15:05:05Z,semo_pub_dailyloadfcst_202609231505,4314.916666666667,1,4719.0,2026-09-23T15:05:05Z,semo_pub_dailyloadfcst_202609231505,4314.916666666667,1,,,,,0,,,,,0,,,,,0,,,,,0,,,,,0,,,,,0,,,,,0,3421.544,2026-09-23T12:23:53Z,semo_pub_15minaggwindfcst_202609231223,4476.116666666667,1,0
2026-09-26T16:00:00Z,2026-09-26T15:30:00Z,30,5514.0,2026-09-23T15:05:05Z,semo_pub_dailyloadfcst_202609231505,4344.916666666667,1,795.0,2026-09-23T15:05:05Z,semo_pub_dailyloadfcst_202609231505,4344.916666666667,1,4719.0,2026-09-23T15:05:05Z,semo_pub_dailyloadfcst_202609231505,4344.916666666667,1,,,,,0,,,,,0,,,,,0,,,,,0,,,,,0,,,,,0,,,,,0,3421.544,2026-09-23T12:23:53Z,semo_pub_15minaggwindfcst_202609231223,4506.116666666667,1,0
2026-09-26T16:30:00Z,2026-09-26T15:30:00Z,60,5665.0,2026-09-23T15:05:05Z,semo_pub_dailyloadfcst_202609231505,4344.916666666667,1,839.0,2026-09-23T15:05:05Z,semo_pub_dailyloadfcst_202609231505,4344.916666666667,1,4826.0,2026-09-23T15:05:05Z,semo_pub_dailyloadfcst_202609231505,4344.916666666667,1,,,,,0,,,,,0,,,,,0,,,,,0,,,,,0,,,,,0,,,,,0,3248.205,2026-09-23T12:23:53Z,semo_pub_15minaggwindfcst_202609231223,4506.116666666667,1,0
2026-09-26T16:30:00Z,2026-09-26T16:00:00Z,30,5665.0,2026-09-23T15:05:05Z,semo_pub_dailyloadfcst_202609231505,4374.916666666667,1,839.0,2026-09-23T15:05:05Z,semo_pub_dailyloadfcst_202609231505,4374.916666666667,1,4826.0,2026-09-23T15:05:05Z,semo_pub_dailyloadfcst_202609231505,4374.916666666667,1,,,,,0,,,,,0,,,,,0,,,,,0,,,,,0,,,,,0,,,,,0,3248.205,2026-09-23T12:23:53Z,semo_pub_15minaggwindfcst_202609231223,4536.116666666667,1,0
2026-09-26T17:00:00Z,2026-09-26T16:00:00Z,60,5543.0,2026-09-23T15:05:05Z,semo_pub_dailyloadfcst_202609231505,4374.916666666667,1,863.0,2026-09-23T15:05:05Z,semo_pub_dailyloadfcst_202609231505,4374.916666666667,1,4680.0,2026-09-23T15:05:05Z,semo_pub_dailyloadfcst_202609231505,4374.916666666667,1,,,,,0,,,,,0,,,,,0,,,,,0,,,,,0,,,,,0,,,,,0,3074.882,2026-09-23T12:23:53Z,semo_pub_15minaggwindfcst_202609231223,4536.116666666667,1,0
2026-09-26T17:00:00Z,2026-09-26T16:30:00Z,30,5543.0,2026-09-23T15:05:05Z,semo_pub_dailyloadfcst_202609231505,4404.916666666667,1,863.0,2026-09-23T15:05:05Z,semo_pub_dailyloadfcst_202609231505,4404.916666666667,1,4680.0,2026-09-23T15:05:05Z,semo_pub_dailyloadfcst_202609231505,4404.916666666667,1,,,,,0,,,,,0,,,,,0,,,,,0,,,,,0,,,,,0,,,,,0,3074.882,2026-09-23T12:23:53Z,semo_pub_15minaggwindfcst_202609231223,4566.116666666667,1,0
2026-09-26T17:30:00Z,2026-09-26T16:30:00Z,60,5826.0,2026-09-23T15:05:05Z,semo_pub_dailyloadfcst_202609231505,4404.916666666667,1,860.0,2026-09-23T15:05:05Z,semo_pub_dailyloadfcst_202609231505,4404.916666666667,1,4966.0,2026-09-23T15:05:05Z,semo_pub_dailyloadfcst_202609231505,4404.916666666667,1,,,,,0,,,,,0,,,,,0,,,,,0,,,,,0,,,,,0,,,,,0,2922.242,2026-09-23T12:23:53Z,semo_pub_15minaggwindfcst_202609231223,4566.116666666667,1,0
2026-09-26T17:30:00Z,2026-09-26T17:00:00Z,30,5826.0,2026-09-23T15:05:05Z,semo_pub_dailyloadfcst_202609231505,4434.916666666667,1,860.0,2026-09-23T15:05:05Z,semo_pub_dailyloadfcst_202609231505,4434.916666666667,1,4966.0,2026-09-23T15:05:05Z,semo_pub_dailyloadfcst_202609231505,4434.916666666667,1,,,,,0,,,,,0,,,,,0,,,,,0,,,,,0,,,,,0,,,,,0,2922.242,2026-09-23T12:23:53Z,semo_pub_15minaggwindfcst_202609231223,4596.116666666667,1,0
2026-09-26T18:00:00Z,2026-09-26T17:00:00Z,60,5847.0,2026-09-23T15:05:05Z,semo_pub_dailyloadfcst_202609231505,4434.916666666667,1,848.0,2026-09-23T15:05:05Z,semo_pub_dailyloadfcst_202609231505,4434.916666666667,1,4999.0,2026-09-23T15:05:05Z,semo_pub_dailyloadfcst_202609231505,4434.916666666667,1,,,,,0,,,,,0,,,,,0,,,,,0,,,,,0,,,,,0,,,,,0,2769.609,2026-09-23T12:23:53Z,semo_pub_15minaggwindfcst_202609231223,4596.116666666667,1,0
2026-09-26T18:00:00Z,2026-09-26T17:30:00Z,30,5847.0,2026-09-23T15:05:05Z,semo_pub_dailyloadfcst_202609231505,4464.916666666667,1,848.0,2026-09-23T15:05:05Z,semo_pub_dailyloadfcst_202609231505,4464.916666666667,1,4999.0,2026-09-23T15:05:05Z,semo_pub_dailyloadfcst_202609231505,4464.916666666667,1,,,,,0,,,,,0,,,,,0,,,,,0,,,,,0,,,,,0,,,,,0,2769.609,2026-09-23T12:23:53Z,semo_pub_15minaggwindfcst_202609231223,4626.116666666667,1,0
2026-09-26T18:30:00Z,2026-09-26T17:30:00Z,60,5743.0,2026-09-23T15:05:05Z,semo_pub_dailyloadfcst_202609231505,4464.916666666667,1,846.0,2026-09-23T15:05:05Z,semo_pub_dailyloadfcst_202609231505,4464.916666666667,1,4897.0,2026-09-23T15:05:05Z,semo_pub_dailyloadfcst_202609231505,4464.916666666667,1,,,,,0,,,,,0,,,,,0,,,,,0,,,,,0,,,,,0,,,,,0,2778.585,2026-09-23T12:23:53Z,semo_pub_15minaggwindfcst_202609231223,4626.116666666667,1,0
2026-09-26T18:30:00Z,2026-09-26T18:00:00Z,30,5743.0,2026-09-23T15:05:05Z,semo_pub_dailyloadfcst_202609231505,4494.916666666667,1,846.0,2026-09-23T15:05:05Z,semo_pub_dailyloadfcst_202609231505,4494.916666666667,1,4897.0,2026-09-23T15:05:05Z,semo_pub_dailyloadfcst_202609231505,4494.916666666667,1,,,,,0,,,,,0,,,,,0,,,,,0,,,,,0,,,,,0,,,,,0,2778.585,2026-09-23T12:23:53Z,semo_pub_15minaggwindfcst_202609231223,4656.116666666667,1,0
2026-09-26T19:00:00Z,2026-09-26T18:00:00Z,60,5633.0,2026-09-23T15:05:05Z,semo_pub_dailyloadfcst_202609231505,4494.916666666667,1,848.0,2026-09-23T15:05:05Z,semo_pub_dailyloadfcst_202609231505,4494.916666666667,1,4785.0,2026-09-23T15:05:05Z,semo_pub_dailyloadfcst_202609231505,4494.916666666667,1,,,,,0,,,,,0,,,,,0,,,,,0,,,,,0,,,,,0,,,,,0,2787.589,2026-09-23T12:23:53Z,semo_pub_15minaggwindfcst_202609231223,4656.116666666667,1,0
2026-09-26T19:00:00Z,2026-09-26T18:30:00Z,30,5633.0,2026-09-23T15:05:05Z,semo_pub_dailyloadfcst_202609231505,4524.916666666667,1,848.0,2026-09-23T15:05:05Z,semo_pub_dailyloadfcst_202609231505,4524.916666666667,1,4785.0,2026-09-23T15:05:05Z,semo_pub_dailyloadfcst_202609231505,4524.916666666667,1,,,,,0,,,,,0,,,,,0,,,,,0,,,,,0,,,,,0,,,,,0,2787.589,2026-09-23T12:23:53Z,semo_pub_15minaggwindfcst_202609231223,4686.116666666667,1,0
2026-09-26T19:30:00Z,2026-09-26T18:30:00Z,60,5484.0,2026-09-23T15:05:05Z,semo_pub_dailyloadfcst_202609231505,4524.916666666667,1,823.0,2026-09-23T15:05:05Z,semo_pub_dailyloadfcst_202609231505,4524.916666666667,1,4661.0,2026-09-23T15:05:05Z,semo_pub_dailyloadfcst_202609231505,4524.916666666667,1,,,,,0,,,,,0,,,,,0,,,,,0,,,,,0,,,,,0,,,,,0,2832.204,2026-09-23T12:23:53Z,semo_pub_15minaggwindfcst_202609231223,4686.116666666667,1,0
2026-09-26T19:30:00Z,2026-09-26T19:00:00Z,30,5484.0,2026-09-23T15:05:05Z,semo_pub_dailyloadfcst_202609231505,4554.916666666667,1,823.0,2026-09-23T15:05:05Z,semo_pub_dailyloadfcst_202609231505,4554.916666666667,1,4661.0,2026-09-23T15:05:05Z,semo_pub_dailyloadfcst_202609231505,4554.916666666667,1,,,,,0,,,,,0,,,,,0,,,,,0,,,,,0,,,,,0,,,,,0,2832.204,2026-09-23T12:23:53Z,semo_pub_15minaggwindfcst_202609231223,4716.116666666667,1,0
2026-09-26T20:00:00Z,2026-09-26T19:00:00Z,60,5281.0,2026-09-23T15:05:05Z,semo_pub_dailyloadfcst_202609231505,4554.916666666667,1,800.0,2026-09-23T15:05:05Z,semo_pub_dailyloadfcst_202609231505,4554.916666666667,1,4481.0,2026-09-23T15:05:05Z,semo_pub_dailyloadfcst_202609231505,4554.916666666667,1,,,,,0,,,,,0,,,,,0,,,,,0,,,,,0,,,,,0,,,,,0,2876.826,2026-09-23T12:23:53Z,semo_pub_15minaggwindfcst_202609231223,4716.116666666667,1,0
2026-09-26T20:00:00Z,2026-09-26T19:30:00Z,30,5281.0,2026-09-23T15:05:05Z,semo_pub_dailyloadfcst_202609231505,4584.916666666667,1,800.0,2026-09-23T15:05:05Z,semo_pub_dailyloadfcst_202609231505,4584.916666666667,1,4481.0,2026-09-23T15:05:05Z,semo_pub_dailyloadfcst_202609231505,4584.916666666667,1,,,,,0,,,,,0,,,,,0,,,,,0,,,,,0,,,,,0,,,,,0,2876.826,2026-09-23T12:23:53Z,semo_pub_15minaggwindfcst_202609231223,4746.116666666667,1,0
2026-09-26T20:30:00Z,2026-09-26T19:30:00Z,60,5188.0,2026-09-23T15:05:05Z,semo_pub_dailyloadfcst_202609231505,4584.916666666667,1,758.0,2026-09-23T15:05:05Z,semo_pub_dailyloadfcst_202609231505,4584.916666666667,1,4430.0,2026-09-23T15:05:05Z,semo_pub_dailyloadfcst_202609231505,4584.916666666667,1,,,,,0,,,,,0,,,,,0,,,,,0,,,,,0,,,,,0,,,,,0,2973.704,2026-09-23T12:23:53Z,semo_pub_15minaggwindfcst_202609231223,4746.116666666667,1,0
2026-09-26T20:30:00Z,2026-09-26T20:00:00Z,30,5188.0,2026-09-23T15:05:05Z,semo_pub_dailyloadfcst_202609231505,4614.916666666667,1,758.0,2026-09-23T15:05:05Z,semo_pub_dailyloadfcst_202609231505,4614.916666666667,1,4430.0,2026-09-23T15:05:05Z,semo_pub_dailyloadfcst_202609231505,4614.916666666667,1,,,,,0,,,,,0,,,,,0,,,,,0,,,,,0,,,,,0,,,,,0,2973.704,2026-09-23T12:23:53Z,semo_pub_15minaggwindfcst_202609231223,4776.116666666667,1,0
2026-09-26T21:00:00Z,2026-09-26T20:00:00Z,60,5010.0,2026-09-23T15:05:05Z,semo_pub_dailyloadfcst_202609231505,4614.916666666667,1,701.0,2026-09-23T15:05:05Z,semo_pub_dailyloadfcst_202609231505,4614.916666666667,1,4309.0,2026-09-23T15:05:05Z,semo_pub_dailyloadfcst_202609231505,4614.916666666667,1,,,,,0,,,,,0,,,,,0,,,,,0,,,,,0,,,,,0,,,,,0,3070.577,2026-09-23T12:23:53Z,semo_pub_15minaggwindfcst_202609231223,4776.116666666667,1,0
2026-09-26T21:00:00Z,2026-09-26T20:30:00Z,30,5010.0,2026-09-23T15:05:05Z,semo_pub_dailyloadfcst_202609231505,4644.916666666667,1,701.0,2026-09-23T15:05:05Z,semo_pub_dailyloadfcst_202609231505,4644.916666666667,1,4309.0,2026-09-23T15:05:05Z,semo_pub_dailyloadfcst_202609231505,4644.916666666667,1,,,,,0,,,,,0,,,,,0,,,,,0,,,,,0,,,,,0,,,,,0,3070.577,2026-09-23T12:23:53Z,semo_pub_15minaggwindfcst_202609231223,4806.116666666667,1,0
2026-09-26T21:30:00Z,2026-09-26T20:30:00Z,60,4815.0,2026-09-23T15:05:05Z,semo_pub_dailyloadfcst_202609231505,4644.916666666667,1,661.0,2026-09-23T15:05:05Z,semo_pub_dailyloadfcst_202609231505,4644.916666666667,1,4154.0,2026-09-23T15:05:05Z,semo_pub_dailyloadfcst_202609231505,4644.916666666667,1,,,,,0,,,,,0,,,,,0,,,,,0,,,,,0,,,,,0,,,,,0,3156.079,2026-09-23T12:23:53Z,semo_pub_15minaggwindfcst_202609231223,4806.116666666667,1,0
2026-09-26T21:30:00Z,2026-09-26T21:00:00Z,30,4815.0,2026-09-23T15:05:05Z,semo_pub_dailyloadfcst_202609231505,4674.916666666667,1,661.0,2026-09-23T15:05:05Z,semo_pub_dailyloadfcst_202609231505,4674.916666666667,1,4154.0,2026-09-23T15:05:05Z,semo_pub_dailyloadfcst_202609231505,4674.916666666667,1,,,,,0,,,,,0,,,,,0,,,,,0,,,,,0,,,,,0,,,,,0,3156.079,2026-09-23T12:23:53Z,semo_pub_15minaggwindfcst_202609231223,4836.116666666667,1,0
2026-09-26T22:00:00Z,2026-09-26T21:00:00Z,60,,,,,0,,,,,0,,,,,0,,,,,0,,,,,0,,,,,0,,,,,0,,,,,0,,,,,0,,,,,0,3241.599,2026-09-23T12:23:53Z,semo_pub_15minaggwindfcst_202609231223,4836.116666666667,1,0
2026-09-26T22:00:00Z,2026-09-26T21:30:00Z,30,,,,,0,,,,,0,,,,,0,,,,,0,,,,,0,,,,,0,,,,,0,,,,,0,,,,,0,,,,,0,3241.599,2026-09-23T12:23:53Z,semo_pub_15minaggwindfcst_202609231223,4866.116666666667,1,0
2026-09-26T22:30:00Z,2026-09-26T21:30:00Z,60,,,,,0,,,,,0,,,,,0,,,,,0,,,,,0,,,,,0,,,,,0,,,,,0,,,,,0,,,,,0,3306.942,2026-09-23T12:23:53Z,semo_pub_15minaggwindfcst_202609231223,4866.116666666667,1,0
2026-09-26T22:30:00Z,2026-09-26T22:00:00Z,30,,,,,0,,,,,0,,,,,0,,,,,0,,,,,0,,,,,0,,,,,0,,,,,0,,,,,0,,,,,0,3306.942,2026-09-23T12:23:53Z,semo_pub_15minaggwindfcst_202609231223,4896.116666666667,1,0
2026-09-26T23:00:00Z,2026-09-26T22:00:00Z,60,,,,,0,,,,,0,,,,,0,,,,,0,,,,,0,,,,,0,,,,,0,,,,,0,,,,,0,,,,,0,3372.286,2026-09-23T12:23:53Z,semo_pub_15minaggwindfcst_202609231223,4896.116666666667,1,0
2026-09-26T23:00:00Z,2026-09-26T22:30:00Z,30,,,,,0,,,,,0,,,,,0,,,,,0,,,,,0,,,,,0,,,,,0,,,,,0,,,,,0,,,,,0,3372.286,2026-09-23T12:23:53Z,semo_pub_15minaggwindfcst_202609231223,4926.116666666667,1,0
2026-09-26T23:30:00Z,2026-09-26T22:30:00Z,60,,,,,0,,,,,0,,,,,0,,,,,0,,,,,0,,,,,0,,,,,0,,,,,0,,,,,0,,,,,0,3409.236,2026-09-23T12:23:53Z,semo_pub_15minaggwindfcst_202609231223,4926.116666666667,1,0
2026-09-26T23:30:00Z,2026-09-26T23:00:00Z,30,,,,,0,,,,,0,,,,,0,,,,,0,,,,,0,,,,,0,,,,,0,,,,,0,,,,,0,,,,,0,3409.236,2026-09-23T12:23:53Z,semo_pub_15minaggwindfcst_202609231223,4956.116666666667,1,0
2026-09-27T00:00:00Z,2026-09-26T23:00:00Z,60,,,,,0,,,,,0,,,,,0,,,,,0,,,,,0,,,,,0,,,,,0,,,,,0,,,,,0,,,,,0,3446.193,2026-09-23T12:23:53Z,semo_pub_15minaggwindfcst_202609231223,4956.116666666667,1,0
2026-09-27T00:00:00Z,2026-09-26T23:30:00Z,30,,,,,0,,,,,0,,,,,0,,,,,0,,,,,0,,,,,0,,,,,0,,,,,0,,,,,0,,,,,0,3446.193,2026-09-23T12:23:53Z,semo_pub_15minaggwindfcst_202609231223,4986.116666666667,1,0
2026-09-27T00:30:00Z,2026-09-26T23:30:00Z,60,,,,,0,,,,,0,,,,,0,,,,,0,,,,,0,,,,,0,,,,,0,,,,,0,,,,,0,,,,,0,3485.938,2026-09-23T12:23:53Z,semo_pub_15minaggwindfcst_202609231223,4986.116666666667,1,0
2026-09-27T00:30:00Z,2026-09-27T00:00:00Z,30,,,,,0,,,,,0,,,,,0,,,,,0,,,,,0,,,,,0,,,,,0,,,,,0,,,,,0,,,,,0,3485.938,2026-09-23T12:23:53Z,semo_pub_15minaggwindfcst_202609231223,5016.116666666667,1,0
2026-09-27T01:00:00Z,2026-09-27T00:00:00Z,60,,,,,0,,,,,0,,,,,0,,,,,0,,,,,0,,,,,0,,,,,0,,,,,0,,,,,0,,,,,0,3525.689,2026-09-23T12:23:53Z,semo_pub_15minaggwindfcst_202609231223,5016.116666666667,1,0
2026-09-27T01:00:00Z,2026-09-27T00:30:00Z,30,,,,,0,,,,,0,,,,,0,,,,,0,,,,,0,,,,,0,,,,,0,,,,,0,,,,,0,,,,,0,3525.689,2026-09-23T12:23:53Z,semo_pub_15minaggwindfcst_202609231223,5046.116666666667,1,0
2026-09-27T01:30:00Z,2026-09-27T00:30:00Z,60,,,,,0,,,,,0,,,,,0,,,,,0,,,,,0,,,,,0,,,,,0,,,,,0,,,,,0,,,,,0,3537.438,2026-09-23T12:23:53Z,semo_pub_15minaggwindfcst_202609231223,5046.116666666667,1,0
2026-09-27T01:30:00Z,2026-09-27T01:00:00Z,30,,,,,0,,,,,0,,,,,0,,,,,0,,,,,0,,,,,0,,,,,0,,,,,0,,,,,0,,,,,0,3537.438,2026-09-23T12:23:53Z,semo_pub_15minaggwindfcst_202609231223,5076.116666666667,1,0
2026-09-27T02:00:00Z,2026-09-27T01:00:00Z,60,,,,,0,,,,,0,,,,,0,,,,,0,,,,,0,,,,,0,,,,,0,,,,,0,,,,,0,,,,,0,3549.179,2026-09-23T12:23:53Z,semo_pub_15minaggwindfcst_202609231223,5076.116666666667,1,0
2026-09-27T02:00:00Z,2026-09-27T01:30:00Z,30,,,,,0,,,,,0,,,,,0,,,,,0,,,,,0,,,,,0,,,,,0,,,,,0,,,,,0,,,,,0,3549.179,2026-09-23T12:23:53Z,semo_pub_15minaggwindfcst_202609231223,5106.116666666667,1,0
2026-09-27T02:30:00Z,2026-09-27T01:30:00Z,60,,,,,0,,,,,0,,,,,0,,,,,0,,,,,0,,,,,0,,,,,0,,,,,0,,,,,0,,,,,0,3565.805,2026-09-23T12:23:53Z,semo_pub_15minaggwindfcst_202609231223,5106.116666666667,1,0
2026-09-27T02:30:00Z,2026-09-27T02:00:00Z,30,,,,,0,,,,,0,,,,,0,,,,,0,,,,,0,,,,,0,,,,,0,,,,,0,,,,,0,,,,,0,3565.805,2026-09-23T12:23:53Z,semo_pub_15minaggwindfcst_202609231223,5136.116666666667,1,0
2026-09-27T03:00:00Z,2026-09-27T02:00:00Z,60,,,,,0,,,,,0,,,,,0,,,,,0,,,,,0,,,,,0,,,,,0,,,,,0,,,,,0,,,,,0,3582.429,2026-09-23T12:23:53Z,semo_pub_15minaggwindfcst_202609231223,5136.116666666667,1,0
2026-09-27T03:00:00Z,2026-09-27T02:30:00Z,30,,,,,0,,,,,0,,,,,0,,,,,0,,,,,0,,,,,0,,,,,0,,,,,0,,,,,0,,,,,0,3582.429,2026-09-23T12:23:53Z,semo_pub_15minaggwindfcst_202609231223,5166.116666666667,1,0
2026-09-27T03:30:00Z,2026-09-27T02:30:00Z,60,,,,,0,,,,,0,,,,,0,,,,,0,,,,,0,,,,,0,,,,,0,,,,,0,,,,,0,,,,,0,3600.319,2026-09-23T12:23:53Z,semo_pub_15minaggwindfcst_202609231223,5166.116666666667,1,0
2026-09-27T03:30:00Z,2026-09-27T03:00:00Z,30,,,,,0,,,,,0,,,,,0,,,,,0,,,,,0,,,,,0,,,,,0,,,,,0,,,,,0,,,,,0,3600.319,2026-09-23T12:23:53Z,semo_pub_15minaggwindfcst_202609231223,5196.116666666667,1,0
2026-09-27T04:00:00Z,2026-09-27T03:00:00Z,60,,,,,0,,,,,0,,,,,0,,,,,0,,,,,0,,,,,0,,,,,0,,,,,0,,,,,0,,,,,0,3618.193,2026-09-23T12:23:53Z,semo_pub_15minaggwindfcst_202609231223,5196.116666666667,1,0
2026-09-27T04:00:00Z,2026-09-27T03:30:00Z,30,,,,,0,,,,,0,,,,,0,,,,,0,,,,,0,,,,,0,,,,,0,,,,,0,,,,,0,,,,,0,3618.193,2026-09-23T12:23:53Z,semo_pub_15minaggwindfcst_202609231223,5226.116666666667,1,0
2026-09-27T04:30:00Z,2026-09-27T03:30:00Z,60,,,,,0,,,,,0,,,,,0,,,,,0,,,,,0,,,,,0,,,,,0,,,,,0,,,,,0,,,,,0,3668.55,2026-09-23T12:23:53Z,semo_pub_15minaggwindfcst_202609231223,5226.116666666667,1,0
2026-09-27T04:30:00Z,2026-09-27T04:00:00Z,30,,,,,0,,,,,0,,,,,0,,,,,0,,,,,0,,,,,0,,,,,0,,,,,0,,,,,0,,,,,0,3668.55,2026-09-23T12:23:53Z,semo_pub_15minaggwindfcst_202609231223,5256.116666666667,1,0
2026-09-27T05:00:00Z,2026-09-27T04:00:00Z,60,,,,,0,,,,,0,,,,,0,,,,,0,,,,,0,,,,,0,,,,,0,,,,,0,,,,,0,,,,,0,3718.923,2026-09-23T12:23:53Z,semo_pub_15minaggwindfcst_202609231223,5256.116666666667,1,0
2026-09-27T05:00:00Z,2026-09-27T04:30:00Z,30,,,,,0,,,,,0,,,,,0,,,,,0,,,,,0,,,,,0,,,,,0,,,,,0,,,,,0,,,,,0,3718.923,2026-09-23T12:23:53Z,semo_pub_15minaggwindfcst_202609231223,5286.116666666667,1,0
2026-09-27T05:30:00Z,2026-09-27T04:30:00Z,60,,,,,0,,,,,0,,,,,0,,,,,0,,,,,0,,,,,0,,,,,0,,,,,0,,,,,0,,,,,0,3776.445,2026-09-23T12:23:53Z,semo_pub_15minaggwindfcst_202609231223,5286.116666666667,1,0
2026-09-27T05:30:00Z,2026-09-27T05:00:00Z,30,,,,,0,,,,,0,,,,,0,,,,,0,,,,,0,,,,,0,,,,,0,,,,,0,,,,,0,,,,,0,3776.445,2026-09-23T12:23:53Z,semo_pub_15minaggwindfcst_202609231223,5316.116666666667,1,0
2026-09-27T06:00:00Z,2026-09-27T05:00:00Z,60,,,,,0,,,,,0,,,,,0,,,,,0,,,,,0,,,,,0,,,,,0,,,,,0,,,,,0,,,,,0,3833.973,2026-09-23T12:23:53Z,semo_pub_15minaggwindfcst_202609231223,5316.116666666667,1,0
2026-09-27T06:00:00Z,2026-09-27T05:30:00Z,30,,,,,0,,,,,0,,,,,0,,,,,0,,,,,0,,,,,0,,,,,0,,,,,0,,,,,0,,,,,0,3833.973,2026-09-23T12:23:53Z,semo_pub_15minaggwindfcst_202609231223,5346.116666666667,1,0
2026-09-27T06:30:00Z,2026-09-27T05:30:00Z,60,,,,,0,,,,,0,,,,,0,,,,,0,,,,,0,,,,,0,,,,,0,,,,,0,,,,,0,,,,,0,3919.578,2026-09-23T12:23:53Z,semo_pub_15minaggwindfcst_202609231223,5346.116666666667,1,0
2026-09-27T06:30:00Z,2026-09-27T06:00:00Z,30,,,,,0,,,,,0,,,,,0,,,,,0,,,,,0,,,,,0,,,,,0,,,,,0,,,,,0,,,,,0,3919.578,2026-09-23T12:23:53Z,semo_pub_15minaggwindfcst_202609231223,5376.116666666667,1,0
2026-09-27T07:00:00Z,2026-09-27T06:00:00Z,60,,,,,0,,,,,0,,,,,0,,,,,0,,,,,0,,,,,0,,,,,0,,,,,0,,,,,0,,,,,0,4005.197,2026-09-23T12:23:53Z,semo_pub_15minaggwindfcst_202609231223,5376.116666666667,1,0
2026-09-27T07:00:00Z,2026-09-27T06:30:00Z,30,,,,,0,,,,,0,,,,,0,,,,,0,,,,,0,,,,,0,,,,,0,,,,,0,,,,,0,,,,,0,4005.197,2026-09-23T12:23:53Z,semo_pub_15minaggwindfcst_202609231223,5406.116666666667,1,0
2026-09-27T07:30:00Z,2026-09-27T06:30:00Z,60,,,,,0,,,,,0,,,,,0,,,,,0,,,,,0,,,,,0,,,,,0,,,,,0,,,,,0,,,,,0,4212.086,2026-09-23T12:23:53Z,semo_pub_15minaggwindfcst_202609231223,5406.116666666667,1,0
2026-09-27T07:30:00Z,2026-09-27T07:00:00Z,30,,,,,0,,,,,0,,,,,0,,,,,0,,,,,0,,,,,0,,,,,0,,,,,0,,,,,0,,,,,0,4212.086,2026-09-23T12:23:53Z,semo_pub_15minaggwindfcst_202609231223,5436.116666666667,1,0
2026-09-27T08:00:00Z,2026-09-27T07:00:00Z,60,,,,,0,,,,,0,,,,,0,,,,,0,,,,,0,,,,,0,,,,,0,,,,,0,,,,,0,,,,,0,4418.967,2026-09-23T12:23:53Z,semo_pub_15minaggwindfcst_202609231223,5436.116666666667,1,0
2026-09-27T08:00:00Z,2026-09-27T07:30:00Z,30,,,,,0,,,,,0,,,,,0,,,,,0,,,,,0,,,,,0,,,,,0,,,,,0,,,,,0,,,,,0,4418.967,2026-09-23T12:23:53Z,semo_pub_15minaggwindfcst_202609231223,5466.116666666667,1,0
2026-09-27T08:30:00Z,2026-09-27T07:30:00Z,60,,,,,0,,,,,0,,,,,0,,,,,0,,,,,0,,,,,0,,,,,0,,,,,0,,,,,0,,,,,0,4604.731,2026-09-23T12:23:53Z,semo_pub_15minaggwindfcst_202609231223,5466.116666666667,1,0
2026-09-27T08:30:00Z,2026-09-27T08:00:00Z,30,,,,,0,,,,,0,,,,,0,,,,,0,,,,,0,,,,,0,,,,,0,,,,,0,,,,,0,,,,,0,4604.731,2026-09-23T12:23:53Z,semo_pub_15minaggwindfcst_202609231223,5496.116666666667,1,0
2026-09-27T09:00:00Z,2026-09-27T08:00:00Z,60,,,,,0,,,,,0,,,,,0,,,,,0,,,,,0,,,,,0,,,,,0,,,,,0,,,,,0,,,,,0,4790.501,2026-09-23T12:23:53Z,semo_pub_15minaggwindfcst_202609231223,5496.116666666667,1,0
2026-09-27T09:00:00Z,2026-09-27T08:30:00Z,30,,,,,0,,,,,0,,,,,0,,,,,0,,,,,0,,,,,0,,,,,0,,,,,0,,,,,0,,,,,0,4790.501,2026-09-23T12:23:53Z,semo_pub_15minaggwindfcst_202609231223,5526.116666666667,1,0
2026-09-27T09:30:00Z,2026-09-27T08:30:00Z,60,,,,,0,,,,,0,,,,,0,,,,,0,,,,,0,,,,,0,,,,,0,,,,,0,,,,,0,,,,,0,4846.974,2026-09-23T12:23:53Z,semo_pub_15minaggwindfcst_202609231223,5526.116666666667,1,0
2026-09-27T09:30:00Z,2026-09-27T09:00:00Z,30,,,,,0,,,,,0,,,,,0,,,,,0,,,,,0,,,,,0,,,,,0,,,,,0,,,,,0,,,,,0,4846.974,2026-09-23T12:23:53Z,semo_pub_15minaggwindfcst_202609231223,5556.116666666667,1,0
2026-09-27T10:00:00Z,2026-09-27T09:00:00Z,60,,,,,0,,,,,0,,,,,0,,,,,0,,,,,0,,,,,0,,,,,0,,,,,0,,,,,0,,,,,0,4903.469,2026-09-23T12:23:53Z,semo_pub_15minaggwindfcst_202609231223,5556.116666666667,1,0
2026-09-27T10:00:00Z,2026-09-27T09:30:00Z,30,,,,,0,,,,,0,,,,,0,,,,,0,,,,,0,,,,,0,,,,,0,,,,,0,,,,,0,,,,,0,4903.469,2026-09-23T12:23:53Z,semo_pub_15minaggwindfcst_202609231223,5586.116666666667,1,0
2026-09-27T10:30:00Z,2026-09-27T09:30:00Z,60,,,,,0,,,,,0,,,,,0,,,,,0,,,,,0,,,,,0,,,,,0,,,,,0,,,,,0,,,,,0,4822.812,2026-09-23T12:23:53Z,semo_pub_15minaggwindfcst_202609231223,5586.116666666667,1,0
2026-09-27T10:30:00Z,2026-09-27T10:00:00Z,30,,,,,0,,,,,0,,,,,0,,,,,0,,,,,0,,,,,0,,,,,0,,,,,0,,,,,0,,,,,0,4822.812,2026-09-23T12:23:53Z,semo_pub_15minaggwindfcst_202609231223,5616.116666666667,1,0
2026-09-27T11:00:00Z,2026-09-27T10:00:00Z,60,,,,,0,,,,,0,,,,,0,,,,,0,,,,,0,,,,,0,,,,,0,,,,,0,,,,,0,,,,,0,4742.147,2026-09-23T12:23:53Z,semo_pub_15minaggwindfcst_202609231223,5616.116666666667,1,0
2026-09-27T11:00:00Z,2026-09-27T10:30:00Z,30,,,,,0,,,,,0,,,,,0,,,,,0,,,,,0,,,,,0,,,,,0,,,,,0,,,,,0,,,,,0,4742.147,2026-09-23T12:23:53Z,semo_pub_15minaggwindfcst_202609231223,5646.116666666667,1,0
2026-09-27T11:30:00Z,2026-09-27T10:30:00Z,60,,,,,0,,,,,0,,,,,0,,,,,0,,,,,0,,,,,0,,,,,0,,,,,0,,,,,0,,,,,0,4572.907,2026-09-23T12:23:53Z,semo_pub_15minaggwindfcst_202609231223,5646.116666666667,1,0
2026-09-27T11:30:00Z,2026-09-27T11:00:00Z,30,,,,,0,,,,,0,,,,,0,,,,,0,,,,,0,,,,,0,,,,,0,,,,,0,,,,,0,,,,,0,4572.907,2026-09-23T12:23:53Z,semo_pub_15minaggwindfcst_202609231223,5676.116666666667,1,0
2026-09-27T12:00:00Z,2026-09-27T11:00:00Z,60,,,,,0,,,,,0,,,,,0,,,,,0,,,,,0,,,,,0,,,,,0,,,,,0,,,,,0,,,,,0,4403.664,2026-09-23T12:23:53Z,semo_pub_15minaggwindfcst_202609231223,5676.116666666667,1,0
2026-09-27T12:00:00Z,2026-09-27T11:30:00Z,30,,,,,0,,,,,0,,,,,0,,,,,0,,,,,0,,,,,0,,,,,0,,,,,0,,,,,0,,,,,0,4403.664,2026-09-23T12:23:53Z,semo_pub_15minaggwindfcst_202609231223,5706.116666666667,1,0
2026-09-27T12:30:00Z,2026-09-27T11:30:00Z,60,,,,,0,,,,,0,,,,,0,,,,,0,,,,,0,,,,,0,,,,,0,,,,,0,,,,,0,,,,,0,4205.996,2026-09-23T12:23:53Z,semo_pub_15minaggwindfcst_202609231223,5706.116666666667,1,0
2026-09-27T12:30:00Z,2026-09-27T12:00:00Z,30,,,,,0,,,,,0,,,,,0,,,,,0,,,,,0,,,,,0,,,,,0,,,,,0,,,,,0,,,,,0,4205.996,2026-09-23T12:23:53Z,semo_pub_15minaggwindfcst_202609231223,5736.116666666667,1,0
