target_timestamp_utc,issue_timestamp_utc,forecast_horizon_minutes,demand_forecast_mw_all,demand_forecast_mw_all_published_at_utc,demand_forecast_mw_all_source_id,demand_forecast_mw_all_age_minutes,demand_forecast_mw_all_available_flag,demand_forecast_mw_ni,demand_forecast_mw_ni_published_at_utc,demand_forecast_mw_ni_source_id,demand_forecast_mw_ni_age_minutes,demand_forecast_mw_ni_available_flag,demand_forecast_mw_roi,demand_forecast_mw_roi_published_at_utc,demand_forecast_mw_roi_source_id,demand_forecast_mw_roi_age_minutes,demand_forecast_mw_roi_available_flag,interconnector_max_export_mw_nimoyle,interconnector_max_export_mw_nimoyle_published_at_utc,interconnector_max_export_mw_nimoyle_source_id,interconnector_max_export_mw_nimoyle_age_minutes,interconnector_max_export_mw_nimoyle_available_flag,interconnector_max_export_mw_roiewic,interconnector_max_export_mw_roiewic_published_at_utc,interconnector_max_export_mw_roiewic_source_id,interconnector_max_export_mw_roiewic_age_minutes,interconnector_max_export_mw_roiewic_available_flag,interconnector_max_export_mw_roigrlk,interconnector_max_export_mw_roigrlk_published_at_utc,interconnector_max_export_mw_roigrlk_source_id,interconnector_max_export_mw_roigrlk_age_minutes,interconnector_max_export_mw_roigrlk_available_flag,interconnector_max_import_mw_nimoyle,interconnector_max_import_mw_nimoyle_published_at_utc,interconnector_max_import_mw_nimoyle_source_id,interconnector_max_import_mw_nimoyle_age_minutes,interconnector_max_import_mw_nimoyle_available_flag,interconnector_max_import_mw_roiewic,interconnector_max_import_mw_roiewic_published_at_utc,interconnector_max_import_mw_roiewic_source_id,interconnector_max_import_mw_roiewic_age_minutes,interconnector_max_import_mw_roiewic_available_flag,interconnector_max_import_mw_roigrlk,interconnector_max_import_mw_roigrlk_published_at_utc,interconnector_max_import_mw_roigrlk_source_id,interconnector_max_import_mw_roigrlk_age_minutes,interconnector_max_import_mw_roigrlk_available_flag,solar_forecast_mw_all,solar_forecast_mw_all_published_at_utc,solar_forecast_mw_all_source_id,solar_forecast_mw_all_age_minutes,solar_forecast_mw_all_available_flag,wind_forecast_mw_all,wind_forecast_mw_all_published_at_utc,wind_forecast_mw_all_source_id,wind_forecast_mw_all_age_minutes,wind_forecast_mw_all_available_flag,history_label_available_flag,latest_completed_demand_mw,latest_completed_wind_generation_mw,latest_completed_solar_generation_mw,latest_completed_ewic_flow_mw,latest_completed_moyle_flow_mw,latest_completed_greenlink_flow_mw,latest_completed_snsp_ratio,latest_completed_observed_at_utc,latest_completed_state_age_minutes,latest_completed_state_stale_flag,dispatch_down_mwh,curtailment_mwh,constraint_mwh,dispatch_down_available_flag,demand_forecast_mw_all_stale_flag,wind_forecast_mw_all_stale_flag,solar_forecast_mw_all_stale_flag,interconnector_max_import_mw_nimoyle_stale_flag,interconnector_max_export_mw_nimoyle_stale_flag,interconnector_max_import_mw_roiewic_stale_flag,interconnector_max_export_mw_roiewic_stale_flag,interconnector_max_import_mw_roigrlk_stale_flag,interconnector_max_export_mw_roigrlk_stale_flag,forecast_variable_renewable_mw,forecast_net_load_mw,forecast_renewable_share_ratio,forecast_renewable_surplus_mw,nimoyle_export_headroom_mw,nimoyle_utilisation_ratio,roiewic_export_headroom_mw,roiewic_utilisation_ratio,roigrlk_export_headroom_mw,roigrlk_utilisation_ratio,latest_completed_net_interconnector_flow_mw,forecast_snsp_proxy_ratio,interconnector_export_headroom_mw,interconnector_utilisation_ratio,demand_forecast_known_vintage_count,demand_forecast_vintage_disagreement_std_mw,demand_forecast_vintage_range_mw,demand_forecast_revision_delta_mw,wind_forecast_known_vintage_count,wind_forecast_vintage_disagreement_std_mw,wind_forecast_vintage_range_mw,wind_forecast_revision_delta_mw,solar_forecast_known_vintage_count,solar_forecast_vintage_disagreement_std_mw,solar_forecast_vintage_range_mw,solar_forecast_revision_delta_mw,demand_forecast_error_mw_latest_completed,demand_forecast_error_observed_at_utc,demand_forecast_error_forecast_published_at_utc,demand_forecast_error_age_minutes,demand_forecast_error_mae_2h,demand_forecast_error_bias_2h,demand_forecast_error_count_2h,demand_forecast_error_mae_6h,demand_forecast_error_bias_6h,demand_forecast_error_count_6h,demand_forecast_error_mae_12h,demand_forecast_error_bias_12h,demand_forecast_error_count_12h,demand_forecast_error_mae_24h,demand_forecast_error_bias_24h,demand_forecast_error_count_24h,wind_forecast_error_mw_latest_completed,wind_forecast_error_observed_at_utc,wind_forecast_error_forecast_published_at_utc,wind_forecast_error_age_minutes,wind_forecast_error_mae_2h,wind_forecast_error_bias_2h,wind_forecast_error_count_2h,wind_forecast_error_mae_6h,wind_forecast_error_bias_6h,wind_forecast_error_count_6h,wind_forecast_error_mae_12h,wind_forecast_error_bias_12h,wind_forecast_error_count_12h,wind_forecast_error_mae_24h,wind_forecast_error_bias_24h,wind_forecast_error_count_24h,solar_forecast_error_mw_latest_completed,solar_forecast_error_observed_at_utc,solar_forecast_error_forecast_published_at_utc,solar_forecast_error_age_minutes,solar_forecast_error_mae_2h,solar_forecast_error_bias_2h,solar_forecast_error_count_2h,solar_forecast_error_mae_6h,solar_forecast_error_bias_6h,solar_forecast_error_count_6h,solar_forecast_error_mae_12h,solar_forecast_error_bias_12h,solar_forecast_error_count_12h,solar_forecast_error_mae_24h,solar_forecast_error_bias_24h,solar_forecast_error_count_24h,demand_forecast_mw_all_missing_flag,demand_forecast_mw_all_published_at_utc_missing_flag,demand_forecast_mw_all_age_minutes_missing_flag,demand_forecast_mw_ni_missing_flag,demand_forecast_mw_ni_published_at_utc_missing_flag,demand_forecast_mw_ni_age_minutes_missing_flag,demand_forecast_mw_roi_missing_flag,demand_forecast_mw_roi_published_at_utc_missing_flag,demand_forecast_mw_roi_age_minutes_missing_flag,interconnector_max_export_mw_nimoyle_missing_flag,interconnector_max_export_mw_nimoyle_published_at_utc_missing_flag,interconnector_max_export_mw_nimoyle_age_minutes_missing_flag,interconnector_max_export_mw_roiewic_missing_flag,interconnector_max_export_mw_roiewic_published_at_utc_missing_flag,interconnector_max_export_mw_roiewic_age_minutes_missing_flag,interconnector_max_export_mw_roigrlk_missing_flag,interconnector_max_export_mw_roigrlk_published_at_utc_missing_flag,interconnector_max_export_mw_roigrlk_age_minutes_missing_flag,interconnector_max_import_mw_nimoyle_missing_flag,interconnector_max_import_mw_nimoyle_published_at_utc_missing_flag,interconnector_max_import_mw_nimoyle_age_minutes_missing_flag,interconnector_max_import_mw_roiewic_missing_flag,interconnector_max_import_mw_roiewic_published_at_utc_missing_flag,interconnector_max_import_mw_roiewic_age_minutes_missing_flag,interconnector_max_import_mw_roigrlk_missing_flag,interconnector_max_import_mw_roigrlk_published_at_utc_missing_flag,interconnector_max_import_mw_roigrlk_age_minutes_missing_flag,solar_forecast_mw_all_missing_flag,solar_forecast_mw_all_published_at_utc_missing_flag,solar_forecast_mw_all_age_minutes_missing_flag,wind_forecast_mw_all_missing_flag,wind_forecast_mw_all_published_at_utc_missing_flag,wind_forecast_mw_all_age_minutes_missing_flag,dispatch_down_mwh_missing_flag,curtailment_mwh_missing_flag,constraint_mwh_missing_flag,forecast_variable_renewable_mw_missing_flag,forecast_net_load_mw_missing_flag,forecast_renewable_share_ratio_missing_flag,forecast_renewable_surplus_mw_missing_flag,nimoyle_export_headroom_mw_missing_flag,nimoyle_utilisation_ratio_missing_flag,roiewic_export_headroom_mw_missing_flag,roiewic_utilisation_ratio_missing_flag,roigrlk_export_headroom_mw_missing_flag,roigrlk_utilisation_ratio_missing_flag,forecast_snsp_proxy_ratio_missing_flag,interconnector_export_headroom_mw_missing_flag,interconnector_utilisation_ratio_missing_flag,demand_forecast_vintage_disagreement_std_mw_missing_flag,demand_forecast_vintage_range_mw_missing_flag,demand_forecast_revision_delta_mw_missing_flag,wind_forecast_vintage_disagreement_std_mw_missing_flag,wind_forecast_vintage_range_mw_missing_flag,wind_forecast_revision_delta_mw_missing_flag,solar_forecast_vintage_disagreement_std_mw_missing_flag,solar_forecast_vintage_range_mw_missing_flag,solar_forecast_revision_delta_mw_missing_flag,demand_forecast_error_mw_latest_completed_missing_flag,demand_forecast_error_observed_at_utc_missing_flag,demand_forecast_error_forecast_published_at_utc_missing_flag,demand_forecast_error_age_minutes_missing_flag,demand_forecast_error_mae_2h_missing_flag,demand_forecast_error_bias_2h_missing_flag,demand_forecast_error_count_2h_missing_flag,demand_forecast_error_mae_6h_missing_flag,demand_forecast_error_bias_6h_missing_flag,demand_forecast_error_count_6h_missing_flag,demand_forecast_error_mae_12h_missing_flag,demand_forecast_error_bias_12h_missing_flag,demand_forecast_error_count_12h_missing_flag,demand_forecast_error_mae_24h_missing_flag,demand_forecast_error_bias_24h_missing_flag,demand_forecast_error_count_24h_missing_flag,wind_forecast_error_mw_latest_completed_missing_flag,wind_forecast_error_observed_at_utc_missing_flag,wind_forecast_error_forecast_published_at_utc_missing_flag,wind_forecast_error_age_minutes_missing_flag,wind_forecast_error_mae_2h_missing_flag,wind_forecast_error_bias_2h_missing_flag,wind_forecast_error_count_2h_missing_flag,wind_forecast_error_mae_6h_missing_flag,wind_forecast_error_bias_6h_missing_flag,wind_forecast_error_count_6h_missing_flag,wind_forecast_error_mae_12h_missing_flag,wind_forecast_error_bias_12h_missing_flag,wind_forecast_error_count_12h_missing_flag,wind_forecast_error_mae_24h_missing_flag,wind_forecast_error_bias_24h_missing_flag,wind_forecast_error_count_24h_missing_flag,solar_forecast_error_mw_latest_completed_missing_flag,solar_forecast_error_observed_at_utc_missing_flag,solar_forecast_error_forecast_published_at_utc_missing_flag,solar_forecast_error_age_minutes_missing_flag,solar_forecast_error_mae_2h_missing_flag,solar_forecast_error_bias_2h_missing_flag,solar_forecast_error_count_2h_missing_flag,solar_forecast_error_mae_6h_missing_flag,solar_forecast_error_bias_6h_missing_flag,solar_forecast_error_count_6h_missing_flag,solar_forecast_error_mae_12h_missing_flag,solar_forecast_error_bias_12h_missing_flag,solar_forecast_error_count_12h_missing_flag,solar_forecast_error_mae_24h_missing_flag,solar_forecast_error_bias_24h_missing_flag,solar_forecast_error_count_24h_missing_flag
2026-09-20T22:00:00Z,2026-09-20T21:00:00Z,60,,,,,0,,,,,0,,,,,0,,,,,0,,,,,0,,,,,0,,,,,0,,,,,0,,,,,0,,,,,0,,,,,0,0,4193.018,1419.814,2.08,204.605,254.74650000000003,372.545,0.5236000000000001,2026-08-31T23:00:00Z,28680.0,1,,,,0,1,1,1,1,1,1,1,1,1,,,,,,,,,,,831.8965000000001,,,,0,,,,0,,,,0,,,,,,,,,,,,,,,,,,,,,,,,,,,,,,,,,,,,,,,,,,,,,,,,,,,,1,1,1,1,1,1,1,1,1,1,1,1,1,1,1,1,1,1,1,1,1,1,1,1,1,1,1,1,1,1,1,1,1,1,1,1,1,1,1,1,1,1,1,1,1,1,1,1,1,1,1,1,1,1,1,1,1,1,1,1,1,1,1,1,1,1,1,1,1,1,1,1,1,1,1,1,1,1,1,1,1,1,1,1,1,1,1,1,1,1,1,1,1,1,1,1,1,1,1,1,1,1,1,1,1,1
2026-09-20T22:00:00Z,2026-09-20T21:30:00Z,30,,,,,0,,,,,0,,,,,0,,,,,0,,,,,0,,,,,0,,,,,0,,,,,0,,,,,0,,,,,0,,,,,0,0,4193.018,1419.814,2.08,204.605,254.74650000000003,372.545,0.5236000000000001,2026-08-31T23:00:00Z,28710.0,1,,,,0,1,1,1,1,1,1,1,1,1,,,,,,,,,,,831.8965000000001,,,,0,,,,0,,,,0,,,,,,,,,,,,,,,,,,,,,,,,,,,,,,,,,,,,,,,,,,,,,,,,,,,,1,1,1,1,1,1,1,1,1,1,1,1,1,1,1,1,1,1,1,1,1,1,1,1,1,1,1,1,1,1,1,1,1,1,1,1,1,1,1,1,1,1,1,1,1,1,1,1,1,1,1,1,1,1,1,1,1,1,1,1,1,1,1,1,1,1,1,1,1,1,1,1,1,1,1,1,1,1,1,1,1,1,1,1,1,1,1,1,1,1,1,1,1,1,1,1,1,1,1,1,1,1,1,1,1,1
2026-09-20T22:30:00Z,2026-09-20T21:30:00Z,60,,,,,0,,,,,0,,,,,0,,,,,0,,,,,0,,,,,0,,,,,0,,,,,0,,,,,0,,,,,0,,,,,0,0,4193.018,1419.814,2.08,204.605,254.74650000000003,372.545,0.5236000000000001,2026-08-31T23:00:00Z,28710.0,1,,,,0,1,1,1,1,1,1,1,1,1,,,,,,,,,,,831.8965000000001,,,,0,,,,0,,,,0,,,,,,,,,,,,,,,,,,,,,,,,,,,,,,,,,,,,,,,,,,,,,,,,,,,,1,1,1,1,1,1,1,1,1,1,1,1,1,1,1,1,1,1,1,1,1,1,1,1,1,1,1,1,1,1,1,1,1,1,1,1,1,1,1,1,1,1,1,1,1,1,1,1,1,1,1,1,1,1,1,1,1,1,1,1,1,1,1,1,1,1,1,1,1,1,1,1,1,1,1,1,1,1,1,1,1,1,1,1,1,1,1,1,1,1,1,1,1,1,1,1,1,1,1,1,1,1,1,1,1,1
2026-09-20T22:30:00Z,2026-09-20T22:00:00Z,30,,,,,0,,,,,0,,,,,0,,,,,0,,,,,0,,,,,0,,,,,0,,,,,0,,,,,0,,,,,0,,,,,0,0,4193.018,1419.814,2.08,204.605,254.74650000000003,372.545,0.5236000000000001,2026-08-31T23:00:00Z,28740.0,1,,,,0,1,1,1,1,1,1,1,1,1,,,,,,,,,,,831.8965000000001,,,,0,,,,0,,,,0,,,,,,,,,,,,,,,,,,,,,,,,,,,,,,,,,,,,,,,,,,,,,,,,,,,,1,1,1,1,1,1,1,1,1,1,1,1,1,1,1,1,1,1,1,1,1,1,1,1,1,1,1,1,1,1,1,1,1,1,1,1,1,1,1,1,1,1,1,1,1,1,1,1,1,1,1,1,1,1,1,1,1,1,1,1,1,1,1,1,1,1,1,1,1,1,1,1,1,1,1,1,1,1,1,1,1,1,1,1,1,1,1,1,1,1,1,1,1,1,1,1,1,1,1,1,1,1,1,1,1,1
2026-09-20T23:00:00Z,2026-09-20T22:00:00Z,60,,,,,0,,,,,0,,,,,0,,,,,0,,,,,0,,,,,0,,,,,0,,,,,0,,,,,0,,,,,0,,,,,0,0,4193.018,1419.814,2.08,204.605,254.74650000000003,372.545,0.5236000000000001,2026-08-31T23:00:00Z,28740.0,1,,,,0,1,1,1,1,1,1,1,1,1,,,,,,,,,,,831.8965000000001,,,,0,,,,0,,,,0,,,,,,,,,,,,,,,,,,,,,,,,,,,,,,,,,,,,,,,,,,,,,,,,,,,,1,1,1,1,1,1,1,1,1,1,1,1,1,1,1,1,1,1,1,1,1,1,1,1,1,1,1,1,1,1,1,1,1,1,1,1,1,1,1,1,1,1,1,1,1,1,1,1,1,1,1,1,1,1,1,1,1,1,1,1,1,1,1,1,1,1,1,1,1,1,1,1,1,1,1,1,1,1,1,1,1,1,1,1,1,1,1,1,1,1,1,1,1,1,1,1,1,1,1,1,1,1,1,1,1,1
2026-09-20T23:00:00Z,2026-09-20T22:30:00Z,30,,,,,0,,,,,0,,,,,0,,,,,0,,,,,0,,,,,0,,,,,0,,,,,0,,,,,0,,,,,0,,,,,0,0,4193.018,1419.814,2.08,204.605,254.74650000000003,372.545,0.5236000000000001,2026-08-31T23:00:00Z,28770.0,1,,,,0,1,1,1,1,1,1,1,1,1,,,,,,,,,,,831.8965000000001,,,,0,,,,0,,,,0,,,,,,,,,,,,,,,,,,,,,,,,,,,,,,,,,,,,,,,,,,,,,,,,,,,,1,1,1,1,1,1,1,1,1,1,1,1,1,1,1,1,1,1,1,1,1,1,1,1,1,1,1,1,1,1,1,1,1,1,1,1,1,1,1,1,1,1,1,1,1,1,1,1,1,1,1,1,1,1,1,1,1,1,1,1,1,1,1,1,1,1,1,1,1,1,1,1,1,1,1,1,1,1,1,1,1,1,1,1,1,1,1,1,1,1,1,1,1,1,1,1,1,1,1,1,1,1,1,1,1,1
2026-09-20T23:30:00Z,2026-09-20T22:30:00Z,60,,,,,0,,,,,0,,,,,0,,,,,0,,,,,0,,,,,0,,,,,0,,,,,0,,,,,0,,,,,0,,,,,0,0,4193.018,1419.814,2.08,204.605,254.74650000000003,372.545,0.5236000000000001,2026-08-31T23:00:00Z,28770.0,1,,,,0,1,1,1,1,1,1,1,1,1,,,,,,,,,,,831.8965000000001,,,,0,,,,0,,,,0,,,,,,,,,,,,,,,,,,,,,,,,,,,,,,,,,,,,,,,,,,,,,,,,,,,,1,1,1,1,1,1,1,1,1,1,1,1,1,1,1,1,1,1,1,1,1,1,1,1,1,1,1,1,1,1,1,1,1,1,1,1,1,1,1,1,1,1,1,1,1,1,1,1,1,1,1,1,1,1,1,1,1,1,1,1,1,1,1,1,1,1,1,1,1,1,1,1,1,1,1,1,1,1,1,1,1,1,1,1,1,1,1,1,1,1,1,1,1,1,1,1,1,1,1,1,1,1,1,1,1,1
2026-09-20T23:30:00Z,2026-09-20T23:00:00Z,30,,,,,0,,,,,0,,,,,0,,,,,0,,,,,0,,,,,0,,,,,0,,,,,0,,,,,0,,,,,0,,,,,0,0,4193.018,1419.814,2.08,204.605,254.74650000000003,372.545,0.5236000000000001,2026-08-31T23:00:00Z,28800.0,1,,,,0,1,1,1,1,1,1,1,1,1,,,,,,,,,,,831.8965000000001,,,,0,,,,0,,,,0,,,,,,,,,,,,,,,,,,,,,,,,,,,,,,,,,,,,,,,,,,,,,,,,,,,,1,1,1,1,1,1,1,1,1,1,1,1,1,1,1,1,1,1,1,1,1,1,1,1,1,1,1,1,1,1,1,1,1,1,1,1,1,1,1,1,1,1,1,1,1,1,1,1,1,1,1,1,1,1,1,1,1,1,1,1,1,1,1,1,1,1,1,1,1,1,1,1,1,1,1,1,1,1,1,1,1,1,1,1,1,1,1,1,1,1,1,1,1,1,1,1,1,1,1,1,1,1,1,1,1,1
2026-09-21T00:00:00Z,2026-09-20T23:00:00Z,60,,,,,0,,,,,0,,,,,0,,,,,0,,,,,0,,,,,0,,,,,0,,,,,0,,,,,0,,,,,0,,,,,0,0,4193.018,1419.814,2.08,204.605,254.74650000000003,372.545,0.5236000000000001,2026-08-31T23:00:00Z,28800.0,1,,,,0,1,1,1,1,1,1,1,1,1,,,,,,,,,,,831.8965000000001,,,,0,,,,0,,,,0,,,,,,,,,,,,,,,,,,,,,,,,,,,,,,,,,,,,,,,,,,,,,,,,,,,,1,1,1,1,1,1,1,1,1,1,1,1,1,1,1,1,1,1,1,1,1,1,1,1,1,1,1,1,1,1,1,1,1,1,1,1,1,1,1,1,1,1,1,1,1,1,1,1,1,1,1,1,1,1,1,1,1,1,1,1,1,1,1,1,1,1,1,1,1,1,1,1,1,1,1,1,1,1,1,1,1,1,1,1,1,1,1,1,1,1,1,1,1,1,1,1,1,1,1,1,1,1,1,1,1,1
2026-09-21T00:00:00Z,2026-09-20T23:30:00Z,30,3926.0,2026-09-20T23:20:11Z,semo_pub_dailyloadfcst_202609202320,9.816666666666666,1,535.0,2026-09-20T23:20:11Z,semo_pub_dailyloadfcst_202609202320,9.816666666666666,1,3391.0,2026-09-20T23:20:11Z,semo_pub_dailyloadfcst_202609202320,9.816666666666666,1,,,,,0,,,,,0,,,,,0,,,,,0,,,,,0,,,,,0,,,,,0,,,,,0,0,4193.018,1419.814,2.08,204.605,254.74650000000003,372.545,0.5236000000000001,2026-08-31T23:00:00Z,28830.0,1,,,,0,0,1,1,1,1,1,1,1,1,,,,,,,,,,,831.8965000000001,,,,3,0.0,0.0,0.0,0,,,,0,,,,,,,,,,,,,,,,,,,,,,,,,,,,,,,,,,,,,,,,,,,,,,,,,,,,0,0,0,0,0,0,0,0,0,1,1,1,1,1,1,1,1,1,1,1,1,1,1,1,1,1,1,1,1,1,1,1,1,1,1,1,1,1,1,1,1,1,1,1,1,1,1,1,1,0,0,0,1,1,1,1,1,1,1,1,1,1,1,1,1,1,1,1,1,1,1,1,1,1,1,1,1,1,1,1,1,1,1,1,1,1,1,1,1,1,1,1,1,1,1,1,1,1,1,1,1,1,1,1,1,1
2026-09-21T00:30:00Z,2026-09-20T23:30:00Z,60,3864.0,2026-09-20T23:20:11Z,semo_pub_dailyloadfcst_202609202320,9.816666666666666,1,520.0,2026-09-20T23:20:11Z,semo_pub_dailyloadfcst_202609202320,9.816666666666666,1,3344.0,2026-09-20T23:20:11Z,semo_pub_dailyloadfcst_202609202320,9.816666666666666,1,,,,,0,,,,,0,,,,,0,,,,,0,,,,,0,,,,,0,,,,,0,,,,,0,0,4193.018,1419.814,2.08,204.605,254.74650000000003,372.545,0.5236000000000001,2026-08-31T23:00:00Z,28830.0,1,,,,0,0,1,1,1,1,1,1,1,1,,,,,,,,,,,831.8965000000001,,,,3,0.0,0.0,0.0,0,,,,0,,,,,,,,,,,,,,,,,,,,,,,,,,,,,,,,,,,,,,,,,,,,,,,,,,,,0,0,0,0,0,0,0,0,0,1,1,1,1,1,1,1,1,1,1,1,1,1,1,1,1,1,1,1,1,1,1,1,1,1,1,1,1,1,1,1,1,1,1,1,1,1,1,1,1,0,0,0,1,1,1,1,1,1,1,1,1,1,1,1,1,1,1,1,1,1,1,1,1,1,1,1,1,1,1,1,1,1,1,1,1,1,1,1,1,1,1,1,1,1,1,1,1,1,1,1,1,1,1,1,1,1
2026-09-21T00:30:00Z,2026-09-21T00:00:00Z,30,3864.0,2026-09-20T23:50:20Z,semo_pub_dailyloadfcst_202609202350,9.666666666666666,1,520.0,2026-09-20T23:50:20Z,semo_pub_dailyloadfcst_202609202350,9.666666666666666,1,3344.0,2026-09-20T23:50:20Z,semo_pub_dailyloadfcst_202609202350,9.666666666666666,1,,,,,0,,,,,0,,,,,0,,,,,0,,,,,0,,,,,0,,,,,0,,,,,0,0,4193.018,1419.814,2.08,204.605,254.74650000000003,372.545,0.5236000000000001,2026-08-31T23:00:00Z,28860.0,1,,,,0,0,1,1,1,1,1,1,1,1,,,,,,,,,,,831.8965000000001,,,,7,0.0,0.0,0.0,0,,,,0,,,,,,,,,,,,,,,,,,,,,,,,,,,,,,,,,,,,,,,,,,,,,,,,,,,,0,0,0,0,0,0,0,0,0,1,1,1,1,1,1,1,1,1,1,1,1,1,1,1,1,1,1,1,1,1,1,1,1,1,1,1,1,1,1,1,1,1,1,1,1,1,1,1,1,0,0,0,1,1,1,1,1,1,1,1,1,1,1,1,1,1,1,1,1,1,1,1,1,1,1,1,1,1,1,1,1,1,1,1,1,1,1,1,1,1,1,1,1,1,1,1,1,1,1,1,1,1,1,1,1,1
2026-09-21T01:00:00Z,2026-09-21T00:00:00Z,60,3850.0,2026-09-20T23:50:20Z,semo_pub_dailyloadfcst_202609202350,9.666666666666666,1,520.0,2026-09-20T23:50:20Z,semo_pub_dailyloadfcst_202609202350,9.666666666666666,1,3330.0,2026-09-20T23:50:20Z,semo_pub_dailyloadfcst_202609202350,9.666666666666666,1,,,,,0,,,,,0,,,,,0,,,,,0,,,,,0,,,,,0,,,,,0,,,,,0,0,4193.018,1419.814,2.08,204.605,254.74650000000003,372.545,0.5236000000000001,2026-08-31T23:00:00Z,28860.0,1,,,,0,0,1,1,1,1,1,1,1,1,,,,,,,,,,,831.8965000000001,,,,7,0.0,0.0,0.0,0,,,,0,,,,,,,,,,,,,,,,,,,,,,,,,,,,,,,,,,,,,,,,,,,,,,,,,,,,0,0,0,0,0,0,0,0,0,1,1,1,1,1,1,1,1,1,1,1,1,1,1,1,1,1,1,1,1,1,1,1,1,1,1,1,1,1,1,1,1,1,1,1,1,1,1,1,1,0,0,0,1,1,1,1,1,1,1,1,1,1,1,1,1,1,1,1,1,1,1,1,1,1,1,1,1,1,1,1,1,1,1,1,1,1,1,1,1,1,1,1,1,1,1,1,1,1,1,1,1,1,1,1,1,1
2026-09-21T01:00:00Z,2026-09-21T00:30:00Z,30,3850.0,2026-09-21T00:20:16Z,semo_pub_dailyloadfcst_202609210020,9.733333333333333,1,520.0,2026-09-21T00:20:16Z,semo_pub_dailyloadfcst_202609210020,9.733333333333333,1,3330.0,2026-09-21T00:20:16Z,semo_pub_dailyloadfcst_202609210020,9.733333333333333,1,,,,,0,,,,,0,,,,,0,,,,,0,,,,,0,,,,,0,,,,,0,1361.029,2026-09-21T00:14:48Z,semo_pub_15minaggwindfcst_202609210014,15.2,1,0,4193.018,1419.814,2.08,204.605,254.74650000000003,372.545,0.5236000000000001,2026-08-31T23:00:00Z,28890.0,1,,,,0,0,0,1,1,1,1,1,1,1,,,,,,,,,,,831.8965000000001,,,,11,0.0,0.0,0.0,2,30.46849999999995,60.9369999999999,-60.9369999999999,0,,,,,,,,,,,,,,,,,,,,,,,,,,,,,,,,,,,,,,,,,,,,,,,,,,,,0,0,0,0,0,0,0,0,0,1,1,1,1,1,1,1,1,1,1,1,1,1,1,1,1,1,1,1,1,1,0,0,0,1,1,1,1,1,1,1,1,1,1,1,1,1,1,1,1,0,0,0,0,0,0,1,1,1,1,1,1,1,1,1,1,1,1,1,1,1,1,1,1,1,1,1,1,1,1,1,1,1,1,1,1,1,1,1,1,1,1,1,1,1,1,1,1,1,1,1,1,1,1,1,1,1
2026-09-21T01:30:00Z,2026-09-21T00:30:00Z,60,3994.0,2026-09-21T00:20:16Z,semo_pub_dailyloadfcst_202609210020,9.733333333333333,1,527.0,2026-09-21T00:20:16Z,semo_pub_dailyloadfcst_202609210020,9.733333333333333,1,3467.0,2026-09-21T00:20:16Z,semo_pub_dailyloadfcst_202609210020,9.733333333333333,1,,,,,0,,,,,0,,,,,0,,,,,0,,,,,0,,,,,0,,,,,0,1343.946,2026-09-21T00:14:48Z,semo_pub_15minaggwindfcst_202609210014,15.2,1,0,4193.018,1419.814,2.08,204.605,254.74650000000003,372.545,0.5236000000000001,2026-08-31T23:00:00Z,28890.0,1,,,,0,0,0,1,1,1,1,1,1,1,,,,,,,,,,,831.8965000000001,,,,11,0.0,0.0,0.0,2,35.46350000000007,70.92700000000013,-70.92700000000013,0,,,,,,,,,,,,,,,,,,,,,,,,,,,,,,,,,,,,,,,,,,,,,,,,,,,,0,0,0,0,0,0,0,0,0,1,1,1,1,1,1,1,1,1,1,1,1,1,1,1,1,1,1,1,1,1,0,0,0,1,1,1,1,1,1,1,1,1,1,1,1,1,1,1,1,0,0,0,0,0,0,1,1,1,1,1,1,1,1,1,1,1,1,1,1,1,1,1,1,1,1,1,1,1,1,1,1,1,1,1,1,1,1,1,1,1,1,1,1,1,1,1,1,1,1,1,1,1,1,1,1,1
2026-09-21T01:30:00Z,2026-09-21T01:00:00Z,30,3994.0,2026-09-21T00:50:15Z,semo_pub_dailyloadfcst_202609210050,9.75,1,527.0,2026-09-21T00:50:15Z,semo_pub_dailyloadfcst_202609210050,9.75,1,3467.0,2026-09-21T00:50:15Z,semo_pub_dailyloadfcst_202609210050,9.75,1,,,,,0,,,,,0,,,,,0,,,,,0,,,,,0,,,,,0,,,,,0,1343.946,2026-09-21T00:14:48Z,semo_pub_15minaggwindfcst_202609210014,45.2,1,0,4193.018,1419.814,2.08,204.605,254.74650000000003,372.545,0.5236000000000001,2026-08-31T23:00:00Z,28920.0,1,,,,0,0,0,1,1,1,1,1,1,1,,,,,,,,,,,831.8965000000001,,,,15,0.0,0.0,0.0,2,35.46350000000007,70.92700000000013,-70.92700000000013,0,,,,,,,,,,,,,,,,,,,,,,,,,,,,,,,,,,,,,,,,,,,,,,,,,,,,0,0,0,0,0,0,0,0,0,1,1,1,1,1,1,1,1,1,1,1,1,1,1,1,1,1,1,1,1,1,0,0,0,1,1,1,1,1,1,1,1,1,1,1,1,1,1,1,1,0,0,0,0,0,0,1,1,1,1,1,1,1,1,1,1,1,1,1,1,1,1,1,1,1,1,1,1,1,1,1,1,1,1,1,1,1,1,1,1,1,1,1,1,1,1,1,1,1,1,1,1,1,1,1,1,1
2026-09-21T02:00:00Z,2026-09-21T01:00:00Z,60,3936.0,2026-09-21T00:50:15Z,semo_pub_dailyloadfcst_202609210050,9.75,1,522.0,2026-09-21T00:50:15Z,semo_pub_dailyloadfcst_202609210050,9.75,1,3414.0,2026-09-21T00:50:15Z,semo_pub_dailyloadfcst_202609210050,9.75,1,,,,,0,,,,,0,,,,,0,,,,,0,,,,,0,,,,,0,,,,,0,1326.855,2026-09-21T00:14:48Z,semo_pub_15minaggwindfcst_202609210014,45.2,1,0,4193.018,1419.814,2.08,204.605,254.74650000000003,372.545,0.5236000000000001,2026-08-31T23:00:00Z,28920.0,1,,,,0,0,0,1,1,1,1,1,1,1,,,,,,,,,,,831.8965000000001,,,,15,0.0,0.0,0.0,2,40.46849999999995,80.9369999999999,-80.9369999999999,0,,,,,,,,,,,,,,,,,,,,,,,,,,,,,,,,,,,,,,,,,,,,,,,,,,,,0,0,0,0,0,0,0,0,0,1,1,1,1,1,1,1,1,1,1,1,1,1,1,1,1,1,1,1,1,1,0,0,0,1,1,1,1,1,1,1,1,1,1,1,1,1,1,1,1,0,0,0,0,0,0,1,1,1,1,1,1,1,1,1,1,1,1,1,1,1,1,1,1,1,1,1,1,1,1,1,1,1,1,1,1,1,1,1,1,1,1,1,1,1,1,1,1,1,1,1,1,1,1,1,1,1
2026-09-21T02:00:00Z,2026-09-21T01:30:00Z,30,3936.0,2026-09-21T01:20:11Z,semo_pub_dailyloadfcst_202609210120,9.816666666666666,1,522.0,2026-09-21T01:20:11Z,semo_pub_dailyloadfcst_202609210120,9.816666666666666,1,3414.0,2026-09-21T01:20:11Z,semo_pub_dailyloadfcst_202609210120,9.816666666666666,1,,,,,0,,,,,0,,,,,0,,,,,0,,,,,0,,,,,0,,,,,0,1326.855,2026-09-21T00:14:48Z,semo_pub_15minaggwindfcst_202609210014,75.2,1,0,4193.018,1419.814,2.08,204.605,254.74650000000003,372.545,0.5236000000000001,2026-08-31T23:00:00Z,28950.0,1,,,,0,0,0,1,1,1,1,1,1,1,,,,,,,,,,,831.8965000000001,,,,19,0.0,0.0,0.0,2,40.46849999999995,80.9369999999999,-80.9369999999999,0,,,,,,,,,,,,,,,,,,,,,,,,,,,,,,,,,,,,,,,,,,,,,,,,,,,,0,0,0,0,0,0,0,0,0,1,1,1,1,1,1,1,1,1,1,1,1,1,1,1,1,1,1,1,1,1,0,0,0,1,1,1,1,1,1,1,1,1,1,1,1,1,1,1,1,0,0,0,0,0,0,1,1,1,1,1,1,1,1,1,1,1,1,1,1,1,1,1,1,1,1,1,1,1,1,1,1,1,1,1,1,1,1,1,1,1,1,1,1,1,1,1,1,1,1,1,1,1,1,1,1,1
2026-09-21T02:30:00Z,2026-09-21T01:30:00Z,60,3895.0,2026-09-21T01:20:11Z,semo_pub_dailyloadfcst_202609210120,9.816666666666666,1,523.0,2026-09-21T01:20:11Z,semo_pub_dailyloadfcst_202609210120,9.816666666666666,1,3372.0,2026-09-21T01:20:11Z,semo_pub_dailyloadfcst_202609210120,9.816666666666666,1,,,,,0,,,,,0,,,,,0,,,,,0,,,,,0,,,,,0,,,,,0,1311.154,2026-09-21T00:14:48Z,semo_pub_15minaggwindfcst_202609210014,75.2,1,0,4193.018,1419.814,2.08,204.605,254.74650000000003,372.545,0.5236000000000001,2026-08-31T23:00:00Z,28950.0,1,,,,0,0,0,1,1,1,1,1,1,1,,,,,,,,,,,831.8965000000001,,,,19,0.0,0.0,0.0,2,28.644000000000005,57.28800000000001,-57.28800000000001,0,,,,,,,,,,,,,,,,,,,,,,,,,,,,,,,,,,,,,,,,,,,,,,,,,,,,0,0,0,0,0,0,0,0,0,1,1,1,1,1,1,1,1,1,1,1,1,1,1,1,1,1,1,1,1,1,0,0,0,1,1,1,1,1,1,1,1,1,1,1,1,1,1,1,1,0,0,0,0,0,0,1,1,1,1,1,1,1,1,1,1,1,1,1,1,1,1,1,1,1,1,1,1,1,1,1,1,1,1,1,1,1,1,1,1,1,1,1,1,1,1,1,1,1,1,1,1,1,1,1,1,1
2026-09-21T02:30:00Z,2026-09-21T02:00:00Z,30,3895.0,2026-09-21T01:50:06Z,semo_pub_dailyloadfcst_202609210150,9.9,1,523.0,2026-09-21T01:50:06Z,semo_pub_dailyloadfcst_202609210150,9.9,1,3372.0,2026-09-21T01:50:06Z,semo_pub_dailyloadfcst_202609210150,9.9,1,,,,,0,,,,,0,,,,,0,,,,,0,,,,,0,,,,,0,,,,,0,1311.154,2026-09-21T00:14:48Z,semo_pub_15minaggwindfcst_202609210014,105.2,1,0,4193.018,1419.814,2.08,204.605,254.74650000000003,372.545,0.5236000000000001,2026-08-31T23:00:00Z,28980.0,1,,,,0,0,0,1,1,1,1,1,1,1,,,,,,,,,,,831.8965000000001,,,,23,0.0,0.0,0.0,2,28.644000000000005,57.28800000000001,-57.28800000000001,0,,,,,,,,,,,,,,,,,,,,,,,,,,,,,,,,,,,,,,,,,,,,,,,,,,,,0,0,0,0,0,0,0,0,0,1,1,1,1,1,1,1,1,1,1,1,1,1,1,1,1,1,1,1,1,1,0,0,0,1,1,1,1,1,1,1,1,1,1,1,1,1,1,1,1,0,0,0,0,0,0,1,1,1,1,1,1,1,1,1,1,1,1,1,1,1,1,1,1,1,1,1,1,1,1,1,1,1,1,1,1,1,1,1,1,1,1,1,1,1,1,1,1,1,1,1,1,1,1,1,1,1
2026-09-21T03:00:00Z,2026-09-21T02:00:00Z,60,3861.0,2026-09-21T01:50:06Z,semo_pub_dailyloadfcst_202609210150,9.9,1,526.0,2026-09-21T01:50:06Z,semo_pub_dailyloadfcst_202609210150,9.9,1,3335.0,2026-09-21T01:50:06Z,semo_pub_dailyloadfcst_202609210150,9.9,1,,,,,0,,,,,0,,,,,0,,,,,0,,,,,0,,,,,0,,,,,0,1295.452,2026-09-21T00:14:48Z,semo_pub_15minaggwindfcst_202609210014,105.2,1,0,4193.018,1419.814,2.08,204.605,254.74650000000003,372.545,0.5236000000000001,2026-08-31T23:00:00Z,28980.0,1,,,,0,0,0,1,1,1,1,1,1,1,,,,,,,,,,,831.8965000000001,,,,23,0.0,0.0,0.0,2,16.8125,33.625,-33.625,0,,,,,,,,,,,,,,,,,,,,,,,,,,,,,,,,,,,,,,,,,,,,,,,,,,,,0,0,0,0,0,0,0,0,0,1,1,1,1,1,1,1,1,1,1,1,1,1,1,1,1,1,1,1,1,1,0,0,0,1,1,1,1,1,1,1,1,1,1,1,1,1,1,1,1,0,0,0,0,0,0,1,1,1,1,1,1,1,1,1,1,1,1,1,1,1,1,1,1,1,1,1,1,1,1,1,1,1,1,1,1,1,1,1,1,1,1,1,1,1,1,1,1,1,1,1,1,1,1,1,1,1
2026-09-21T03:00:00Z,2026-09-21T02:30:00Z,30,3861.0,2026-09-21T02:20:16Z,semo_pub_dailyloadfcst_202609210220,9.733333333333333,1,526.0,2026-09-21T02:20:16Z,semo_pub_dailyloadfcst_202609210220,9.733333333333333,1,3335.0,2026-09-21T02:20:16Z,semo_pub_dailyloadfcst_202609210220,9.733333333333333,1,,,,,0,,,,,0,,,,,0,,,,,0,,,,,0,,,,,0,,,,,0,1295.452,2026-09-21T00:14:48Z,semo_pub_15minaggwindfcst_202609210014,135.2,1,0,4193.018,1419.814,2.08,204.605,254.74650000000003,372.545,0.5236000000000001,2026-08-31T23:00:00Z,29010.0,1,,,,0,0,1,1,1,1,1,1,1,1,,,,,,,,,,,831.8965000000001,,,,27,0.0,0.0,0.0,2,16.8125,33.625,-33.625,0,,,,,,,,,,,,,,,,,,,,,,,,,,,,,,,,,,,,,,,,,,,,,,,,,,,,0,0,0,0,0,0,0,0,0,1,1,1,1,1,1,1,1,1,1,1,1,1,1,1,1,1,1,1,1,1,0,0,0,1,1,1,1,1,1,1,1,1,1,1,1,1,1,1,1,0,0,0,0,0,0,1,1,1,1,1,1,1,1,1,1,1,1,1,1,1,1,1,1,1,1,1,1,1,1,1,1,1,1,1,1,1,1,1,1,1,1,1,1,1,1,1,1,1,1,1,1,1,1,1,1,1
2026-09-21T03:30:00Z,2026-09-21T02:30:00Z,60,3850.0,2026-09-21T02:20:16Z,semo_pub_dailyloadfcst_202609210220,9.733333333333333,1,537.0,2026-09-21T02:20:16Z,semo_pub_dailyloadfcst_202609210220,9.733333333333333,1,3313.0,2026-09-21T02:20:16Z,semo_pub_dailyloadfcst_202609210220,9.733333333333333,1,,,,,0,,,,,0,,,,,0,,,,,0,,,,,0,,,,,0,,,,,0,1234.177,2026-09-21T00:14:48Z,semo_pub_15minaggwindfcst_202609210014,135.2,1,0,4193.018,1419.814,2.08,204.605,254.74650000000003,372.545,0.5236000000000001,2026-08-31T23:00:00Z,29010.0,1,,,,0,0,1,1,1,1,1,1,1,1,,,,,,,,,,,831.8965000000001,,,,27,0.0,0.0,0.0,2,23.31100000000004,46.62200000000007,-46.62200000000007,0,,,,,,,,,,,,,,,,,,,,,,,,,,,,,,,,,,,,,,,,,,,,,,,,,,,,0,0,0,0,0,0,0,0,0,1,1,1,1,1,1,1,1,1,1,1,1,1,1,1,1,1,1,1,1,1,0,0,0,1,1,1,1,1,1,1,1,1,1,1,1,1,1,1,1,0,0,0,0,0,0,1,1,1,1,1,1,1,1,1,1,1,1,1,1,1,1,1,1,1,1,1,1,1,1,1,1,1,1,1,1,1,1,1,1,1,1,1,1,1,1,1,1,1,1,1,1,1,1,1,1,1
2026-09-21T03:30:00Z,2026-09-21T03:00:00Z,30,3850.0,2026-09-21T02:50:10Z,semo_pub_dailyloadfcst_202609210250,9.833333333333334,1,537.0,2026-09-21T02:50:10Z,semo_pub_dailyloadfcst_202609210250,9.833333333333334,1,3313.0,2026-09-21T02:50:10Z,semo_pub_dailyloadfcst_202609210250,9.833333333333334,1,,,,,0,,,,,0,,,,,0,,,,,0,,,,,0,,,,,0,,,,,0,1234.177,2026-09-21T00:14:48Z,semo_pub_15minaggwindfcst_202609210014,165.2,1,0,4193.018,1419.814,2.08,204.605,254.74650000000003,372.545,0.5236000000000001,2026-08-31T23:00:00Z,29040.0,1,,,,0,0,1,1,1,1,1,1,1,1,,,,,,,,,,,831.8965000000001,,,,31,0.0,0.0,0.0,2,23.31100000000004,46.62200000000007,-46.62200000000007,0,,,,,,,,,,,,,,,,,,,,,,,,,,,,,,,,,,,,,,,,,,,,,,,,,,,,0,0,0,0,0,0,0,0,0,1,1,1,1,1,1,1,1,1,1,1,1,1,1,1,1,1,1,1,1,1,0,0,0,1,1,1,1,1,1,1,1,1,1,1,1,1,1,1,1,0,0,0,0,0,0,1,1,1,1,1,1,1,1,1,1,1,1,1,1,1,1,1,1,1,1,1,1,1,1,1,1,1,1,1,1,1,1,1,1,1,1,1,1,1,1,1,1,1,1,1,1,1,1,1,1,1
2026-09-21T04:00:00Z,2026-09-21T03:00:00Z,60,3864.0,2026-09-21T02:50:10Z,semo_pub_dailyloadfcst_202609210250,9.833333333333334,1,558.0,2026-09-21T02:50:10Z,semo_pub_dailyloadfcst_202609210250,9.833333333333334,1,3306.0,2026-09-21T02:50:10Z,semo_pub_dailyloadfcst_202609210250,9.833333333333334,1,,,,,0,,,,,0,,,,,0,,,,,0,,,,,0,,,,,0,,,,,0,1172.913,2026-09-21T00:14:48Z,semo_pub_15minaggwindfcst_202609210014,165.2,1,0,4193.018,1419.814,2.08,204.605,254.74650000000003,372.545,0.5236000000000001,2026-08-31T23:00:00Z,29040.0,1,,,,0,0,1,1,1,1,1,1,1,1,,,,,,,,,,,831.8965000000001,,,,31,0.0,0.0,0.0,2,29.809999999999945,59.61999999999989,-59.61999999999989,0,,,,,,,,,,,,,,,,,,,,,,,,,,,,,,,,,,,,,,,,,,,,,,,,,,,,0,0,0,0,0,0,0,0,0,1,1,1,1,1,1,1,1,1,1,1,1,1,1,1,1,1,1,1,1,1,0,0,0,1,1,1,1,1,1,1,1,1,1,1,1,1,1,1,1,0,0,0,0,0,0,1,1,1,1,1,1,1,1,1,1,1,1,1,1,1,1,1,1,1,1,1,1,1,1,1,1,1,1,1,1,1,1,1,1,1,1,1,1,1,1,1,1,1,1,1,1,1,1,1,1,1
2026-09-21T04:00:00Z,2026-09-21T03:30:00Z,30,3864.0,2026-09-21T03:20:06Z,semo_pub_dailyloadfcst_202609210320,9.9,1,558.0,2026-09-21T03:20:06Z,semo_pub_dailyloadfcst_202609210320,9.9,1,3306.0,2026-09-21T03:20:06Z,semo_pub_dailyloadfcst_202609210320,9.9,1,,,,,0,,,,,0,,,,,0,,,,,0,,,,,0,,,,,0,,,,,0,1172.913,2026-09-21T00:14:48Z,semo_pub_15minaggwindfcst_202609210014,195.2,1,0,4193.018,1419.814,2.08,204.605,254.74650000000003,372.545,0.5236000000000001,2026-08-31T23:00:00Z,29070.0,1,,,,0,0,1,1,1,1,1,1,1,1,,,,,,,,,,,831.8965000000001,,,,35,0.0,0.0,0.0,2,29.809999999999945,59.61999999999989,-59.61999999999989,0,,,,,,,,,,,,,,,,,,,,,,,,,,,,,,,,,,,,,,,,,,,,,,,,,,,,0,0,0,0,0,0,0,0,0,1,1,1,1,1,1,1,1,1,1,1,1,1,1,1,1,1,1,1,1,1,0,0,0,1,1,1,1,1,1,1,1,1,1,1,1,1,1,1,1,0,0,0,0,0,0,1,1,1,1,1,1,1,1,1,1,1,1,1,1,1,1,1,1,1,1,1,1,1,1,1,1,1,1,1,1,1,1,1,1,1,1,1,1,1,1,1,1,1,1,1,1,1,1,1,1,1
2026-09-21T04:30:00Z,2026-09-21T03:30:00Z,60,3935.0,2026-09-21T03:20:06Z,semo_pub_dailyloadfcst_202609210320,9.9,1,590.0,2026-09-21T03:20:06Z,semo_pub_dailyloadfcst_202609210320,9.9,1,3345.0,2026-09-21T03:20:06Z,semo_pub_dailyloadfcst_202609210320,9.9,1,,,,,0,,,,,0,,,,,0,,,,,0,,,,,0,,,,,0,,,,,0,1157.571,2026-09-21T00:14:48Z,semo_pub_15minaggwindfcst_202609210014,195.2,1,0,4193.018,1419.814,2.08,204.605,254.74650000000003,372.545,0.5236000000000001,2026-08-31T23:00:00Z,29070.0,1,,,,0,0,1,1,1,1,1,1,1,1,,,,,,,,,,,831.8965000000001,,,,35,0.0,0.0,0.0,2,26.774,53.548,-53.548,0,,,,,,,,,,,,,,,,,,,,,,,,,,,,,,,,,,,,,,,,,,,,,,,,,,,,0,0,0,0,0,0,0,0,0,1,1,1,1,1,1,1,1,1,1,1,1,1,1,1,1,1,1,1,1,1,0,0,0,1,1,1,1,1,1,1,1,1,1,1,1,1,1,1,1,0,0,0,0,0,0,1,1,1,1,1,1,1,1,1,1,1,1,1,1,1,1,1,1,1,1,1,1,1,1,1,1,1,1,1,1,1,1,1,1,1,1,1,1,1,1,1,1,1,1,1,1,1,1,1,1,1
2026-09-21T04:30:00Z,2026-09-21T04:00:00Z,30,3935.0,2026-09-21T03:50:11Z,semo_pub_dailyloadfcst_202609210350,9.816666666666666,1,590.0,2026-09-21T03:50:11Z,semo_pub_dailyloadfcst_202609210350,9.816666666666666,1,3345.0,2026-09-21T03:50:11Z,semo_pub_dailyloadfcst_202609210350,9.816666666666666,1,,,,,0,,,,,0,,,,,0,,,,,0,,,,,0,,,,,0,,,,,0,1157.571,2026-09-21T00:14:48Z,semo_pub_15minaggwindfcst_202609210014,225.2,1,0,4193.018,1419.814,2.08,204.605,254.74650000000003,372.545,0.5236000000000001,2026-08-31T23:00:00Z,29100.0,1,,,,0,0,1,1,1,1,1,1,1,1,,,,,,,,,,,831.8965000000001,,,,39,0.0,0.0,0.0,2,26.774,53.548,-53.548,0,,,,,,,,,,,,,,,,,,,,,,,,,,,,,,,,,,,,,,,,,,,,,,,,,,,,0,0,0,0,0,0,0,0,0,1,1,1,1,1,1,1,1,1,1,1,1,1,1,1,1,1,1,1,1,1,0,0,0,1,1,1,1,1,1,1,1,1,1,1,1,1,1,1,1,0,0,0,0,0,0,1,1,1,1,1,1,1,1,1,1,1,1,1,1,1,1,1,1,1,1,1,1,1,1,1,1,1,1,1,1,1,1,1,1,1,1,1,1,1,1,1,1,1,1,1,1,1,1,1,1,1
2026-09-21T05:00:00Z,2026-09-21T04:00:00Z,60,4108.0,2026-09-21T03:50:11Z,semo_pub_dailyloadfcst_202609210350,9.816666666666666,1,634.0,2026-09-21T03:50:11Z,semo_pub_dailyloadfcst_202609210350,9.816666666666666,1,3474.0,2026-09-21T03:50:11Z,semo_pub_dailyloadfcst_202609210350,9.816666666666666,1,,,,,0,,,,,0,,,,,0,,,,,0,,,,,0,,,,,0,,,,,0,1142.221,2026-09-21T00:14:48Z,semo_pub_15minaggwindfcst_202609210014,225.2,1,0,4193.018,1419.814,2.08,204.605,254.74650000000003,372.545,0.5236000000000001,2026-08-31T23:00:00Z,29100.0,1,,,,0,0,1,1,1,1,1,1,1,1,,,,,,,,,,,831.8965000000001,,,,39,0.0,0.0,0.0,2,23.751999999999953,47.503999999999905,-47.503999999999905,0,,,,,,,,,,,,,,,,,,,,,,,,,,,,,,,,,,,,,,,,,,,,,,,,,,,,0,0,0,0,0,0,0,0,0,1,1,1,1,1,1,1,1,1,1,1,1,1,1,1,1,1,1,1,1,1,0,0,0,1,1,1,1,1,1,1,1,1,1,1,1,1,1,1,1,0,0,0,0,0,0,1,1,1,1,1,1,1,1,1,1,1,1,1,1,1,1,1,1,1,1,1,1,1,1,1,1,1,1,1,1,1,1,1,1,1,1,1,1,1,1,1,1,1,1,1,1,1,1,1,1,1
2026-09-21T05:00:00Z,2026-09-21T04:30:00Z,30,4108.0,2026-09-21T04:20:10Z,semo_pub_dailyloadfcst_202609210420,9.833333333333334,1,634.0,2026-09-21T04:20:10Z,semo_pub_dailyloadfcst_202609210420,9.833333333333334,1,3474.0,2026-09-21T04:20:10Z,semo_pub_dailyloadfcst_202609210420,9.833333333333334,1,,,,,0,,,,,0,,,,,0,,,,,0,,,,,0,,,,,0,,,,,0,1142.221,2026-09-21T00:14:48Z,semo_pub_15minaggwindfcst_202609210014,255.2,1,0,4193.018,1419.814,2.08,204.605,254.74650000000003,372.545,0.5236000000000001,2026-08-31T23:00:00Z,29130.0,1,,,,0,0,1,1,1,1,1,1,1,1,,,,,,,,,,,831.8965000000001,,,,43,0.0,0.0,0.0,2,23.751999999999953,47.503999999999905,-47.503999999999905,0,,,,,,,,,,,,,,,,,,,,,,,,,,,,,,,,,,,,,,,,,,,,,,,,,,,,0,0,0,0,0,0,0,0,0,1,1,1,1,1,1,1,1,1,1,1,1,1,1,1,1,1,1,1,1,1,0,0,0,1,1,1,1,1,1,1,1,1,1,1,1,1,1,1,1,0,0,0,0,0,0,1,1,1,1,1,1,1,1,1,1,1,1,1,1,1,1,1,1,1,1,1,1,1,1,1,1,1,1,1,1,1,1,1,1,1,1,1,1,1,1,1,1,1,1,1,1,1,1,1,1,1
2026-09-21T05:30:00Z,2026-09-21T04:30:00Z,60,4361.0,2026-09-21T04:20:10Z,semo_pub_dailyloadfcst_202609210420,9.833333333333334,1,708.0,2026-09-21T04:20:10Z,semo_pub_dailyloadfcst_202609210420,9.833333333333334,1,3653.0,2026-09-21T04:20:10Z,semo_pub_dailyloadfcst_202609210420,9.833333333333334,1,,,,,0,,,,,0,,,,,0,,,,,0,,,,,0,,,,,0,,,,,0,1150.927,2026-09-21T00:14:48Z,semo_pub_15minaggwindfcst_202609210014,255.2,1,0,4193.018,1419.814,2.08,204.605,254.74650000000003,372.545,0.5236000000000001,2026-08-31T23:00:00Z,29130.0,1,,,,0,0,1,1,1,1,1,1,1,1,,,,,,,,,,,831.8965000000001,,,,43,0.0,0.0,0.0,2,16.978500000000054,33.95700000000011,-33.95700000000011,0,,,,,,,,,,,,,,,,,,,,,,,,,,,,,,,,,,,,,,,,,,,,,,,,,,,,0,0,0,0,0,0,0,0,0,1,1,1,1,1,1,1,1,1,1,1,1,1,1,1,1,1,1,1,1,1,0,0,0,1,1,1,1,1,1,1,1,1,1,1,1,1,1,1,1,0,0,0,0,0,0,1,1,1,1,1,1,1,1,1,1,1,1,1,1,1,1,1,1,1,1,1,1,1,1,1,1,1,1,1,1,1,1,1,1,1,1,1,1,1,1,1,1,1,1,1,1,1,1,1,1,1
2026-09-21T05:30:00Z,2026-09-21T05:00:00Z,30,4361.0,2026-09-21T04:50:11Z,semo_pub_dailyloadfcst_202609210450,9.816666666666666,1,708.0,2026-09-21T04:50:11Z,semo_pub_dailyloadfcst_202609210450,9.816666666666666,1,3653.0,2026-09-21T04:50:11Z,semo_pub_dailyloadfcst_202609210450,9.816666666666666,1,,,,,0,,,,,0,,,,,0,,,,,0,,,,,0,,,,,0,,,,,0,1150.927,2026-09-21T00:14:48Z,semo_pub_15minaggwindfcst_202609210014,285.2,1,0,4193.018,1419.814,2.08,204.605,254.74650000000003,372.545,0.5236000000000001,2026-08-31T23:00:00Z,29160.0,1,,,,0,0,1,1,1,1,1,1,1,1,,,,,,,,,,,831.8965000000001,,,,47,0.0,0.0,0.0,2,16.978500000000054,33.95700000000011,-33.95700000000011,0,,,,,,,,,,,,,,,,,,,,,,,,,,,,,,,,,,,,,,,,,,,,,,,,,,,,0,0,0,0,0,0,0,0,0,1,1,1,1,1,1,1,1,1,1,1,1,1,1,1,1,1,1,1,1,1,0,0,0,1,1,1,1,1,1,1,1,1,1,1,1,1,1,1,1,0,0,0,0,0,0,1,1,1,1,1,1,1,1,1,1,1,1,1,1,1,1,1,1,1,1,1,1,1,1,1,1,1,1,1,1,1,1,1,1,1,1,1,1,1,1,1,1,1,1,1,1,1,1,1,1,1
2026-09-21T06:00:00Z,2026-09-21T05:00:00Z,60,4686.0,2026-09-21T04:50:11Z,semo_pub_dailyloadfcst_202609210450,9.816666666666666,1,793.0,2026-09-21T04:50:11Z,semo_pub_dailyloadfcst_202609210450,9.816666666666666,1,3893.0,2026-09-21T04:50:11Z,semo_pub_dailyloadfcst_202609210450,9.816666666666666,1,,,,,0,,,,,0,,,,,0,,,,,0,,,,,0,,,,,0,,,,,0,1159.639,2026-09-21T00:14:48Z,semo_pub_15minaggwindfcst_202609210014,285.2,1,0,4193.018,1419.814,2.08,204.605,254.74650000000003,372.545,0.5236000000000001,2026-08-31T23:00:00Z,29160.0,1,,,,0,0,1,1,1,1,1,1,1,1,,,,,,,,,,,831.8965000000001,,,,47,0.0,0.0,0.0,2,10.197500000000105,20.39500000000021,-20.39500000000021,0,,,,,,,,,,,,,,,,,,,,,,,,,,,,,,,,,,,,,,,,,,,,,,,,,,,,0,0,0,0,0,0,0,0,0,1,1,1,1,1,1,1,1,1,1,1,1,1,1,1,1,1,1,1,1,1,0,0,0,1,1,1,1,1,1,1,1,1,1,1,1,1,1,1,1,0,0,0,0,0,0,1,1,1,1,1,1,1,1,1,1,1,1,1,1,1,1,1,1,1,1,1,1,1,1,1,1,1,1,1,1,1,1,1,1,1,1,1,1,1,1,1,1,1,1,1,1,1,1,1,1,1
2026-09-21T06:00:00Z,2026-09-21T05:30:00Z,30,4686.0,2026-09-21T05:20:16Z,semo_pub_dailyloadfcst_202609210520,9.733333333333333,1,793.0,2026-09-21T05:20:16Z,semo_pub_dailyloadfcst_202609210520,9.733333333333333,1,3893.0,2026-09-21T05:20:16Z,semo_pub_dailyloadfcst_202609210520,9.733333333333333,1,,,,,0,,,,,0,,,,,0,,,,,0,,,,,0,,,,,0,,,,,0,1159.639,2026-09-21T00:14:48Z,semo_pub_15minaggwindfcst_202609210014,315.2,1,0,4193.018,1419.814,2.08,204.605,254.74650000000003,372.545,0.5236000000000001,2026-08-31T23:00:00Z,29190.0,1,,,,0,0,1,1,1,1,1,1,1,1,,,,,,,,,,,831.8965000000001,,,,51,0.0,0.0,0.0,2,10.197500000000105,20.39500000000021,-20.39500000000021,0,,,,,,,,,,,,,,,,,,,,,,,,,,,,,,,,,,,,,,,,,,,,,,,,,,,,0,0,0,0,0,0,0,0,0,1,1,1,1,1,1,1,1,1,1,1,1,1,1,1,1,1,1,1,1,1,0,0,0,1,1,1,1,1,1,1,1,1,1,1,1,1,1,1,1,0,0,0,0,0,0,1,1,1,1,1,1,1,1,1,1,1,1,1,1,1,1,1,1,1,1,1,1,1,1,1,1,1,1,1,1,1,1,1,1,1,1,1,1,1,1,1,1,1,1,1,1,1,1,1,1,1
2026-09-21T06:30:00Z,2026-09-21T05:30:00Z,60,5073.0,2026-09-21T05:20:16Z,semo_pub_dailyloadfcst_202609210520,9.733333333333333,1,881.0,2026-09-21T05:20:16Z,semo_pub_dailyloadfcst_202609210520,9.733333333333333,1,4192.0,2026-09-21T05:20:16Z,semo_pub_dailyloadfcst_202609210520,9.733333333333333,1,,,,,0,,,,,0,,,,,0,,,,,0,,,,,0,,,,,0,,,,,0,1172.269,2026-09-21T00:14:48Z,semo_pub_15minaggwindfcst_202609210014,315.2,1,0,4193.018,1419.814,2.08,204.605,254.74650000000003,372.545,0.5236000000000001,2026-08-31T23:00:00Z,29190.0,1,,,,0,0,1,1,1,1,1,1,1,1,,,,,,,,,,,831.8965000000001,,,,51,0.0,0.0,0.0,2,2.6660000000000537,5.332000000000107,5.332000000000107,0,,,,,,,,,,,,,,,,,,,,,,,,,,,,,,,,,,,,,,,,,,,,,,,,,,,,0,0,0,0,0,0,0,0,0,1,1,1,1,1,1,1,1,1,1,1,1,1,1,1,1,1,1,1,1,1,0,0,0,1,1,1,1,1,1,1,1,1,1,1,1,1,1,1,1,0,0,0,0,0,0,1,1,1,1,1,1,1,1,1,1,1,1,1,1,1,1,1,1,1,1,1,1,1,1,1,1,1,1,1,1,1,1,1,1,1,1,1,1,1,1,1,1,1,1,1,1,1,1,1,1,1
2026-09-21T06:30:00Z,2026-09-21T06:00:00Z,30,5073.0,2026-09-21T05:50:16Z,semo_pub_dailyloadfcst_202609210550,9.733333333333333,1,881.0,2026-09-21T05:50:16Z,semo_pub_dailyloadfcst_202609210550,9.733333333333333,1,4192.0,2026-09-21T05:50:16Z,semo_pub_dailyloadfcst_202609210550,9.733333333333333,1,,,,,0,,,,,0,,,,,0,,,,,0,,,,,0,,,,,0,,,,,0,1172.269,2026-09-21T00:14:48Z,semo_pub_15minaggwindfcst_202609210014,345.2,1,0,4193.018,1419.814,2.08,204.605,254.74650000000003,372.545,0.5236000000000001,2026-08-31T23:00:00Z,29220.0,1,,,,0,0,1,1,1,1,1,1,1,1,,,,,,,,,,,831.8965000000001,,,,55,0.0,0.0,0.0,2,2.6660000000000537,5.332000000000107,5.332000000000107,0,,,,,,,,,,,,,,,,,,,,,,,,,,,,,,,,,,,,,,,,,,,,,,,,,,,,0,0,0,0,0,0,0,0,0,1,1,1,1,1,1,1,1,1,1,1,1,1,1,1,1,1,1,1,1,1,0,0,0,1,1,1,1,1,1,1,1,1,1,1,1,1,1,1,1,0,0,0,0,0,0,1,1,1,1,1,1,1,1,1,1,1,1,1,1,1,1,1,1,1,1,1,1,1,1,1,1,1,1,1,1,1,1,1,1,1,1,1,1,1,1,1,1,1,1,1,1,1,1,1,1,1
2026-09-21T07:00:00Z,2026-09-21T06:00:00Z,60,5269.0,2026-09-21T05:50:16Z,semo_pub_dailyloadfcst_202609210550,9.733333333333333,1,943.0,2026-09-21T05:50:16Z,semo_pub_dailyloadfcst_202609210550,9.733333333333333,1,4326.0,2026-09-21T05:50:16Z,semo_pub_dailyloadfcst_202609210550,9.733333333333333,1,,,,,0,,,,,0,,,,,0,,,,,0,,,,,0,,,,,0,,,,,0,1184.878,2026-09-21T00:14:48Z,semo_pub_15minaggwindfcst_202609210014,345.2,1,0,4193.018,1419.814,2.08,204.605,254.74650000000003,372.545,0.5236000000000001,2026-08-31T23:00:00Z,29220.0,1,,,,0,0,1,1,1,1,1,1,1,1,,,,,,,,,,,831.8965000000001,,,,55,0.0,0.0,0.0,2,15.520999999999958,31.041999999999916,31.041999999999916,0,,,,,,,,,,,,,,,,,,,,,,,,,,,,,,,,,,,,,,,,,,,,,,,,,,,,0,0,0,0,0,0,0,0,0,1,1,1,1,1,1,1,1,1,1,1,1,1,1,1,1,1,1,1,1,1,0,0,0,1,1,1,1,1,1,1,1,1,1,1,1,1,1,1,1,0,0,0,0,0,0,1,1,1,1,1,1,1,1,1,1,1,1,1,1,1,1,1,1,1,1,1,1,1,1,1,1,1,1,1,1,1,1,1,1,1,1,1,1,1,1,1,1,1,1,1,1,1,1,1,1,1
2026-09-21T07:00:00Z,2026-09-21T06:30:00Z,30,5269.0,2026-09-21T06:20:16Z,semo_pub_dailyloadfcst_202609210620,9.733333333333333,1,943.0,2026-09-21T06:20:16Z,semo_pub_dailyloadfcst_202609210620,9.733333333333333,1,4326.0,2026-09-21T06:20:16Z,semo_pub_dailyloadfcst_202609210620,9.733333333333333,1,500.0,2026-09-21T06:00:11Z,semo_pub_dailyintconntc_202609210600,29.816666666666663,1,530.0,2026-09-21T06:00:11Z,semo_pub_dailyintconntc_202609210600,29.816666666666663,1,513.0,2026-09-21T06:00:11Z,semo_pub_dailyintconntc_202609210600,29.816666666666663,1,500.0,2026-09-21T06:00:11Z,semo_pub_dailyintconntc_202609210600,29.816666666666663,1,500.0,2026-09-21T06:00:11Z,semo_pub_dailyintconntc_202609210600,29.816666666666663,1,504.0,2026-09-21T06:00:11Z,semo_pub_dailyintconntc_202609210600,29.816666666666663,1,,,,,0,1242.407,2026-09-21T06:13:43Z,semo_pub_15minaggwindfcst_202609210613,16.283333333333335,1,0,4193.018,1419.814,2.08,204.605,254.74650000000003,372.545,0.5236000000000001,2026-08-31T23:00:00Z,29250.0,1,,,,0,0,0,1,0,0,0,0,0,0,,,,,,,,,,,831.8965000000001,,,,59,0.0,0.0,0.0,4,32.25978654900709,88.57099999999991,35.87099999999987,0,,,,,,,,,,,,,,,,,,,,,,,,,,,,,,,,,,,,,,,,,,,,,,,,,,,,0,0,0,0,0,0,0,0,0,0,0,0,0,0,0,0,0,0,0,0,0,0,0,0,0,0,0,1,1,1,0,0,0,1,1,1,1,1,1,1,1,1,1,1,1,1,1,1,1,0,0,0,0,0,0,1,1,1,1,1,1,1,1,1,1,1,1,1,1,1,1,1,1,1,1,1,1,1,1,1,1,1,1,1,1,1,1,1,1,1,1,1,1,1,1,1,1,1,1,1,1,1,1,1,1,1
2026-09-21T07:30:00Z,2026-09-21T06:30:00Z,60,5346.0,2026-09-21T06:20:16Z,semo_pub_dailyloadfcst_202609210620,9.733333333333333,1,970.0,2026-09-21T06:20:16Z,semo_pub_dailyloadfcst_202609210620,9.733333333333333,1,4376.0,2026-09-21T06:20:16Z,semo_pub_dailyloadfcst_202609210620,9.733333333333333,1,,,,,0,,,,,0,,,,,0,,,,,0,,,,,0,,,,,0,,,,,0,1300.16,2026-09-21T06:13:43Z,semo_pub_15minaggwindfcst_202609210613,16.283333333333335,1,0,4193.018,1419.814,2.08,204.605,254.74650000000003,372.545,0.5236000000000001,2026-08-31T23:00:00Z,29250.0,1,,,,0,0,0,1,1,1,1,1,1,1,,,,,,,,,,,831.8965000000001,,,,59,0.0,0.0,0.0,4,41.59821608179257,115.61700000000019,54.02800000000002,0,,,,,,,,,,,,,,,,,,,,,,,,,,,,,,,,,,,,,,,,,,,,,,,,,,,,0,0,0,0,0,0,0,0,0,1,1,1,1,1,1,1,1,1,1,1,1,1,1,1,1,1,1,1,1,1,0,0,0,1,1,1,1,1,1,1,1,1,1,1,1,1,1,1,1,0,0,0,0,0,0,1,1,1,1,1,1,1,1,1,1,1,1,1,1,1,1,1,1,1,1,1,1,1,1,1,1,1,1,1,1,1,1,1,1,1,1,1,1,1,1,1,1,1,1,1,1,1,1,1,1,1
2026-09-21T07:30:00Z,2026-09-21T07:00:00Z,30,5346.0,2026-09-21T06:50:10Z,semo_pub_dailyloadfcst_202609210650,9.833333333333334,1,970.0,2026-09-21T06:50:10Z,semo_pub_dailyloadfcst_202609210650,9.833333333333334,1,4376.0,2026-09-21T06:50:10Z,semo_pub_dailyloadfcst_202609210650,9.833333333333334,1,,,,,0,,,,,0,,,,,0,,,,,0,,,,,0,,,,,0,,,,,0,1300.16,2026-09-21T06:13:43Z,semo_pub_15minaggwindfcst_202609210613,46.28333333333333,1,0,4193.018,1419.814,2.08,204.605,254.74650000000003,372.545,0.5236000000000001,2026-08-31T23:00:00Z,29280.0,1,,,,0,0,0,1,1,1,1,1,1,1,,,,,,,,,,,831.8965000000001,,,,63,0.0,0.0,0.0,4,41.59821608179257,115.61700000000019,54.02800000000002,0,,,,,,,,,,,,,,,,,,,,,,,,,,,,,,,,,,,,,,,,,,,,,,,,,,,,0,0,0,0,0,0,0,0,0,1,1,1,1,1,1,1,1,1,1,1,1,1,1,1,1,1,1,1,1,1,0,0,0,1,1,1,1,1,1,1,1,1,1,1,1,1,1,1,1,0,0,0,0,0,0,1,1,1,1,1,1,1,1,1,1,1,1,1,1,1,1,1,1,1,1,1,1,1,1,1,1,1,1,1,1,1,1,1,1,1,1,1,1,1,1,1,1,1,1,1,1,1,1,1,1,1
2026-09-21T08:00:00Z,2026-09-21T07:00:00Z,60,5363.0,2026-09-21T06:50:10Z,semo_pub_dailyloadfcst_202609210650,9.833333333333334,1,972.0,2026-09-21T06:50:10Z,semo_pub_dailyloadfcst_202609210650,9.833333333333334,1,4391.0,2026-09-21T06:50:10Z,semo_pub_dailyloadfcst_202609210650,9.833333333333334,1,500.0,2026-09-21T06:00:11Z,semo_pub_dailyintconntc_202609210600,59.81666666666667,1,530.0,2026-09-21T06:00:11Z,semo_pub_dailyintconntc_202609210600,59.81666666666667,1,513.0,2026-09-21T06:00:11Z,semo_pub_dailyintconntc_202609210600,59.81666666666667,1,500.0,2026-09-21T06:00:11Z,semo_pub_dailyintconntc_202609210600,59.81666666666667,1,500.0,2026-09-21T06:00:11Z,semo_pub_dailyintconntc_202609210600,59.81666666666667,1,504.0,2026-09-21T06:00:11Z,semo_pub_dailyintconntc_202609210600,59.81666666666667,1,,,,,0,1357.91,2026-09-21T06:13:43Z,semo_pub_15minaggwindfcst_202609210613,46.28333333333333,1,0,4193.018,1419.814,2.08,204.605,254.74650000000003,372.545,0.5236000000000001,2026-08-31T23:00:00Z,29280.0,1,,,,0,0,0,1,0,0,0,0,0,0,,,,,,,,,,,831.8965000000001,,,,63,0.0,0.0,0.0,4,51.09579951608063,142.65800000000013,72.19299999999998,0,,,,,,,,,,,,,,,,,,,,,,,,,,,,,,,,,,,,,,,,,,,,,,,,,,,,0,0,0,0,0,0,0,0,0,0,0,0,0,0,0,0,0,0,0,0,0,0,0,0,0,0,0,1,1,1,0,0,0,1,1,1,1,1,1,1,1,1,1,1,1,1,1,1,1,0,0,0,0,0,0,1,1,1,1,1,1,1,1,1,1,1,1,1,1,1,1,1,1,1,1,1,1,1,1,1,1,1,1,1,1,1,1,1,1,1,1,1,1,1,1,1,1,1,1,1,1,1,1,1,1,1
2026-09-21T08:00:00Z,2026-09-21T07:30:00Z,30,5363.0,2026-09-21T07:20:15Z,semo_pub_dailyloadfcst_202609210720,9.75,1,972.0,2026-09-21T07:20:15Z,semo_pub_dailyloadfcst_202609210720,9.75,1,4391.0,2026-09-21T07:20:15Z,semo_pub_dailyloadfcst_202609210720,9.75,1,500.0,2026-09-21T06:00:11Z,semo_pub_dailyintconntc_202609210600,89.81666666666666,1,530.0,2026-09-21T06:00:11Z,semo_pub_dailyintconntc_202609210600,89.81666666666666,1,513.0,2026-09-21T06:00:11Z,semo_pub_dailyintconntc_202609210600,89.81666666666666,1,500.0,2026-09-21T06:00:11Z,semo_pub_dailyintconntc_202609210600,89.81666666666666,1,500.0,2026-09-21T06:00:11Z,semo_pub_dailyintconntc_202609210600,89.81666666666666,1,504.0,2026-09-21T06:00:11Z,semo_pub_dailyintconntc_202609210600,89.81666666666666,1,,,,,0,1357.91,2026-09-21T06:13:43Z,semo_pub_15minaggwindfcst_202609210613,76.28333333333333,1,0,4193.018,1419.814,2.08,204.605,254.74650000000003,372.545,0.5236000000000001,2026-08-31T23:00:00Z,29310.0,1,,,,0,0,0,1,0,0,0,0,0,0,,,,,,,,,,,831.8965000000001,,,,67,0.0,0.0,0.0,4,51.09579951608063,142.65800000000013,72.19299999999998,0,,,,,,,,,,,,,,,,,,,,,,,,,,,,,,,,,,,,,,,,,,,,,,,,,,,,0,0,0,0,0,0,0,0,0,0,0,0,0,0,0,0,0,0,0,0,0,0,0,0,0,0,0,1,1,1,0,0,0,1,1,1,1,1,1,1,1,1,1,1,1,1,1,1,1,0,0,0,0,0,0,1,1,1,1,1,1,1,1,1,1,1,1,1,1,1,1,1,1,1,1,1,1,1,1,1,1,1,1,1,1,1,1,1,1,1,1,1,1,1,1,1,1,1,1,1,1,1,1,1,1,1
2026-09-21T08:30:00Z,2026-09-21T07:30:00Z,60,5379.0,2026-09-21T07:20:15Z,semo_pub_dailyloadfcst_202609210720,9.75,1,979.0,2026-09-21T07:20:15Z,semo_pub_dailyloadfcst_202609210720,9.75,1,4400.0,2026-09-21T07:20:15Z,semo_pub_dailyloadfcst_202609210720,9.75,1,,,,,0,,,,,0,,,,,0,,,,,0,,,,,0,,,,,0,,,,,0,1495.928,2026-09-21T06:13:43Z,semo_pub_15minaggwindfcst_202609210613,76.28333333333333,1,0,4193.018,1419.814,2.08,204.605,254.74650000000003,372.545,0.5236000000000001,2026-08-31T23:00:00Z,29310.0,1,,,,0,0,0,1,1,1,1,1,1,1,,,,,,,,,,,831.8965000000001,,,,67,0.0,0.0,0.0,4,60.96654917657721,168.2510000000002,86.36900000000014,0,,,,,,,,,,,,,,,,,,,,,,,,,,,,,,,,,,,,,,,,,,,,,,,,,,,,0,0,0,0,0,0,0,0,0,1,1,1,1,1,1,1,1,1,1,1,1,1,1,1,1,1,1,1,1,1,0,0,0,1,1,1,1,1,1,1,1,1,1,1,1,1,1,1,1,0,0,0,0,0,0,1,1,1,1,1,1,1,1,1,1,1,1,1,1,1,1,1,1,1,1,1,1,1,1,1,1,1,1,1,1,1,1,1,1,1,1,1,1,1,1,1,1,1,1,1,1,1,1,1,1,1
2026-09-21T08:30:00Z,2026-09-21T08:00:00Z,30,5379.0,2026-09-21T07:50:15Z,semo_pub_dailyloadfcst_202609210750,9.75,1,979.0,2026-09-21T07:50:15Z,semo_pub_dailyloadfcst_202609210750,9.75,1,4400.0,2026-09-21T07:50:15Z,semo_pub_dailyloadfcst_202609210750,9.75,1,,,,,0,,,,,0,,,,,0,,,,,0,,,,,0,,,,,0,,,,,0,1495.928,2026-09-21T06:13:43Z,semo_pub_15minaggwindfcst_202609210613,106.28333333333332,1,0,4193.018,1419.814,2.08,204.605,254.74650000000003,372.545,0.5236000000000001,2026-08-31T23:00:00Z,29340.0,1,,,,0,0,0,1,1,1,1,1,1,1,,,,,,,,,,,831.8965000000001,,,,71,0.0,0.0,0.0,4,60.96654917657721,168.2510000000002,86.36900000000014,0,,,,,,,,,,,,,,,,,,,,,,,,,,,,,,,,,,,,,,,,,,,,,,,,,,,,0,0,0,0,0,0,0,0,0,1,1,1,1,1,1,1,1,1,1,1,1,1,1,1,1,1,1,1,1,1,0,0,0,1,1,1,1,1,1,1,1,1,1,1,1,1,1,1,1,0,0,0,0,0,0,1,1,1,1,1,1,1,1,1,1,1,1,1,1,1,1,1,1,1,1,1,1,1,1,1,1,1,1,1,1,1,1,1,1,1,1,1,1,1,1,1,1,1,1,1,1,1,1,1,1,1
2026-09-21T09:00:00Z,2026-09-21T08:00:00Z,60,5328.0,2026-09-21T07:50:15Z,semo_pub_dailyloadfcst_202609210750,9.75,1,979.0,2026-09-21T07:50:15Z,semo_pub_dailyloadfcst_202609210750,9.75,1,4349.0,2026-09-21T07:50:15Z,semo_pub_dailyloadfcst_202609210750,9.75,1,500.0,2026-09-21T06:00:11Z,semo_pub_dailyintconntc_202609210600,119.81666666666666,1,530.0,2026-09-21T06:00:11Z,semo_pub_dailyintconntc_202609210600,119.81666666666666,1,513.0,2026-09-21T06:00:11Z,semo_pub_dailyintconntc_202609210600,119.81666666666666,1,500.0,2026-09-21T06:00:11Z,semo_pub_dailyintconntc_202609210600,119.81666666666666,1,500.0,2026-09-21T06:00:11Z,semo_pub_dailyintconntc_202609210600,119.81666666666666,1,504.0,2026-09-21T06:00:11Z,semo_pub_dailyintconntc_202609210600,119.81666666666666,1,,,,,0,1633.95,2026-09-21T06:13:43Z,semo_pub_15minaggwindfcst_202609210613,106.28333333333332,1,0,4193.018,1419.814,2.08,204.605,254.74650000000003,372.545,0.5236000000000001,2026-08-31T23:00:00Z,29340.0,1,,,,0,0,0,1,0,0,0,0,0,0,,,,,,,,,,,831.8965000000001,,,,71,0.0,0.0,0.0,4,70.99288836346568,193.836,100.53200000000015,0,,,,,,,,,,,,,,,,,,,,,,,,,,,,,,,,,,,,,,,,,,,,,,,,,,,,0,0,0,0,0,0,0,0,0,0,0,0,0,0,0,0,0,0,0,0,0,0,0,0,0,0,0,1,1,1,0,0,0,1,1,1,1,1,1,1,1,1,1,1,1,1,1,1,1,0,0,0,0,0,0,1,1,1,1,1,1,1,1,1,1,1,1,1,1,1,1,1,1,1,1,1,1,1,1,1,1,1,1,1,1,1,1,1,1,1,1,1,1,1,1,1,1,1,1,1,1,1,1,1,1,1
2026-09-21T09:00:00Z,2026-09-21T08:30:00Z,30,5328.0,2026-09-21T08:15:05Z,semo_pub_dailyloadfcst_202609210815,14.916666666666666,1,979.0,2026-09-21T08:15:05Z,semo_pub_dailyloadfcst_202609210815,14.916666666666666,1,4349.0,2026-09-21T08:15:05Z,semo_pub_dailyloadfcst_202609210815,14.916666666666666,1,500.0,2026-09-21T06:00:11Z,semo_pub_dailyintconntc_202609210600,149.81666666666666,1,530.0,2026-09-21T06:00:11Z,semo_pub_dailyintconntc_202609210600,149.81666666666666,1,513.0,2026-09-21T06:00:11Z,semo_pub_dailyintconntc_202609210600,149.81666666666666,1,500.0,2026-09-21T06:00:11Z,semo_pub_dailyintconntc_202609210600,149.81666666666666,1,500.0,2026-09-21T06:00:11Z,semo_pub_dailyintconntc_202609210600,149.81666666666666,1,504.0,2026-09-21T06:00:11Z,semo_pub_dailyintconntc_202609210600,149.81666666666666,1,,,,,0,1633.95,2026-09-21T06:13:43Z,semo_pub_15minaggwindfcst_202609210613,136.28333333333333,1,0,4193.018,1419.814,2.08,204.605,254.74650000000003,372.545,0.5236000000000001,2026-08-31T23:00:00Z,29370.0,1,,,,0,0,1,1,0,0,0,0,0,0,,,,,,,,,,,831.8965000000001,,,,74,0.0,0.0,0.0,4,70.99288836346568,193.836,100.53200000000015,0,,,,,,,,,,,,,,,,,,,,,,,,,,,,,,,,,,,,,,,,,,,,,,,,,,,,0,0,0,0,0,0,0,0,0,0,0,0,0,0,0,0,0,0,0,0,0,0,0,0,0,0,0,1,1,1,0,0,0,1,1,1,1,1,1,1,1,1,1,1,1,1,1,1,1,0,0,0,0,0,0,1,1,1,1,1,1,1,1,1,1,1,1,1,1,1,1,1,1,1,1,1,1,1,1,1,1,1,1,1,1,1,1,1,1,1,1,1,1,1,1,1,1,1,1,1,1,1,1,1,1,1
2026-09-21T09:30:00Z,2026-09-21T08:30:00Z,60,5286.0,2026-09-21T08:15:05Z,semo_pub_dailyloadfcst_202609210815,14.916666666666666,1,962.0,2026-09-21T08:15:05Z,semo_pub_dailyloadfcst_202609210815,14.916666666666666,1,4324.0,2026-09-21T08:15:05Z,semo_pub_dailyloadfcst_202609210815,14.916666666666666,1,,,,,0,,,,,0,,,,,0,,,,,0,,,,,0,,,,,0,,,,,0,1817.501,2026-09-21T06:13:43Z,semo_pub_15minaggwindfcst_202609210613,136.28333333333333,1,0,4193.018,1419.814,2.08,204.605,254.74650000000003,372.545,0.5236000000000001,2026-08-31T23:00:00Z,29370.0,1,,,,0,0,1,1,1,1,1,1,1,1,,,,,,,,,,,831.8965000000001,,,,74,0.0,0.0,0.0,4,59.26303590561318,158.22399999999993,93.64799999999991,0,,,,,,,,,,,,,,,,,,,,,,,,,,,,,,,,,,,,,,,,,,,,,,,,,,,,0,0,0,0,0,0,0,0,0,1,1,1,1,1,1,1,1,1,1,1,1,1,1,1,1,1,1,1,1,1,0,0,0,1,1,1,1,1,1,1,1,1,1,1,1,1,1,1,1,0,0,0,0,0,0,1,1,1,1,1,1,1,1,1,1,1,1,1,1,1,1,1,1,1,1,1,1,1,1,1,1,1,1,1,1,1,1,1,1,1,1,1,1,1,1,1,1,1,1,1,1,1,1,1,1,1
2026-09-21T09:30:00Z,2026-09-21T09:00:00Z,30,5286.0,2026-09-21T08:50:11Z,semo_pub_dailyloadfcst_202609210850,9.816666666666666,1,962.0,2026-09-21T08:50:11Z,semo_pub_dailyloadfcst_202609210850,9.816666666666666,1,4324.0,2026-09-21T08:50:11Z,semo_pub_dailyloadfcst_202609210850,9.816666666666666,1,,,,,0,,,,,0,,,,,0,,,,,0,,,,,0,,,,,0,,,,,0,1817.501,2026-09-21T06:13:43Z,semo_pub_15minaggwindfcst_202609210613,166.28333333333333,1,0,4193.018,1419.814,2.08,204.605,254.74650000000003,372.545,0.5236000000000001,2026-08-31T23:00:00Z,29400.0,1,,,,0,0,1,1,1,1,1,1,1,1,,,,,,,,,,,831.8965000000001,,,,78,0.0,0.0,0.0,4,59.26303590561318,158.22399999999993,93.64799999999991,0,,,,,,,,,,,,,,,,,,,,,,,,,,,,,,,,,,,,,,,,,,,,,,,,,,,,0,0,0,0,0,0,0,0,0,1,1,1,1,1,1,1,1,1,1,1,1,1,1,1,1,1,1,1,1,1,0,0,0,1,1,1,1,1,1,1,1,1,1,1,1,1,1,1,1,0,0,0,0,0,0,1,1,1,1,1,1,1,1,1,1,1,1,1,1,1,1,1,1,1,1,1,1,1,1,1,1,1,1,1,1,1,1,1,1,1,1,1,1,1,1,1,1,1,1,1,1,1,1,1,1,1
2026-09-21T10:00:00Z,2026-09-21T09:00:00Z,60,5248.0,2026-09-21T08:50:11Z,semo_pub_dailyloadfcst_202609210850,9.816666666666666,1,961.0,2026-09-21T08:50:11Z,semo_pub_dailyloadfcst_202609210850,9.816666666666666,1,4287.0,2026-09-21T08:50:11Z,semo_pub_dailyloadfcst_202609210850,9.816666666666666,1,500.0,2026-09-21T06:00:11Z,semo_pub_dailyintconntc_202609210600,179.81666666666666,1,530.0,2026-09-21T06:00:11Z,semo_pub_dailyintconntc_202609210600,179.81666666666666,1,513.0,2026-09-21T06:00:11Z,semo_pub_dailyintconntc_202609210600,179.81666666666666,1,500.0,2026-09-21T06:00:11Z,semo_pub_dailyintconntc_202609210600,179.81666666666666,1,500.0,2026-09-21T06:00:11Z,semo_pub_dailyintconntc_202609210600,179.81666666666666,1,504.0,2026-09-21T06:00:11Z,semo_pub_dailyintconntc_202609210600,179.81666666666666,1,,,,,0,2001.028,2026-09-21T06:13:43Z,semo_pub_15minaggwindfcst_202609210613,166.28333333333333,1,0,4193.018,1419.814,2.08,204.605,254.74650000000003,372.545,0.5236000000000001,2026-08-31T23:00:00Z,29400.0,1,,,,0,0,1,1,0,0,0,0,0,0,,,,,,,,,,,831.8965000000001,,,,78,0.0,0.0,0.0,4,48.373145832036805,122.57999999999993,86.75,0,,,,,,,,,,,,,,,,,,,,,,,,,,,,,,,,,,,,,,,,,,,,,,,,,,,,0,0,0,0,0,0,0,0,0,0,0,0,0,0,0,0,0,0,0,0,0,0,0,0,0,0,0,1,1,1,0,0,0,1,1,1,1,1,1,1,1,1,1,1,1,1,1,1,1,0,0,0,0,0,0,1,1,1,1,1,1,1,1,1,1,1,1,1,1,1,1,1,1,1,1,1,1,1,1,1,1,1,1,1,1,1,1,1,1,1,1,1,1,1,1,1,1,1,1,1,1,1,1,1,1,1
2026-09-21T10:00:00Z,2026-09-21T09:30:00Z,30,5248.0,2026-09-21T09:20:10Z,semo_pub_dailyloadfcst_202609210920,9.833333333333334,1,961.0,2026-09-21T09:20:10Z,semo_pub_dailyloadfcst_202609210920,9.833333333333334,1,4287.0,2026-09-21T09:20:10Z,semo_pub_dailyloadfcst_202609210920,9.833333333333334,1,500.0,2026-09-21T06:00:11Z,semo_pub_dailyintconntc_202609210600,209.81666666666663,1,530.0,2026-09-21T06:00:11Z,semo_pub_dailyintconntc_202609210600,209.81666666666663,1,513.0,2026-09-21T06:00:11Z,semo_pub_dailyintconntc_202609210600,209.81666666666663,1,500.0,2026-09-21T06:00:11Z,semo_pub_dailyintconntc_202609210600,209.81666666666663,1,500.0,2026-09-21T06:00:11Z,semo_pub_dailyintconntc_202609210600,209.81666666666663,1,504.0,2026-09-21T06:00:11Z,semo_pub_dailyintconntc_202609210600,209.81666666666663,1,,,,,0,2001.028,2026-09-21T06:13:43Z,semo_pub_15minaggwindfcst_202609210613,196.28333333333333,1,0,4193.018,1419.814,2.08,204.605,254.74650000000003,372.545,0.5236000000000001,2026-08-31T23:00:00Z,29430.0,1,,,,0,0,1,1,0,0,0,0,0,0,,,,,,,,,,,831.8965000000001,,,,82,0.0,0.0,0.0,4,48.373145832036805,122.57999999999993,86.75,0,,,,,,,,,,,,,,,,,,,,,,,,,,,,,,,,,,,,,,,,,,,,,,,,,,,,0,0,0,0,0,0,0,0,0,0,0,0,0,0,0,0,0,0,0,0,0,0,0,0,0,0,0,1,1,1,0,0,0,1,1,1,1,1,1,1,1,1,1,1,1,1,1,1,1,0,0,0,0,0,0,1,1,1,1,1,1,1,1,1,1,1,1,1,1,1,1,1,1,1,1,1,1,1,1,1,1,1,1,1,1,1,1,1,1,1,1,1,1,1,1,1,1,1,1,1,1,1,1,1,1,1
2026-09-21T10:30:00Z,2026-09-21T09:30:00Z,60,5197.0,2026-09-21T09:20:10Z,semo_pub_dailyloadfcst_202609210920,9.833333333333334,1,962.0,2026-09-21T09:20:10Z,semo_pub_dailyloadfcst_202609210920,9.833333333333334,1,4235.0,2026-09-21T09:20:10Z,semo_pub_dailyloadfcst_202609210920,9.833333333333334,1,,,,,0,,,,,0,,,,,0,,,,,0,,,,,0,,,,,0,,,,,0,2093.261,2026-09-21T06:13:43Z,semo_pub_15minaggwindfcst_202609210613,196.28333333333333,1,0,4193.018,1419.814,2.08,204.605,254.74650000000003,372.545,0.5236000000000001,2026-08-31T23:00:00Z,29430.0,1,,,,0,0,1,1,1,1,1,1,1,1,,,,,,,,,,,831.8965000000001,,,,82,0.0,0.0,0.0,4,41.25904308375918,110.03399999999988,66.70399999999995,0,,,,,,,,,,,,,,,,,,,,,,,,,,,,,,,,,,,,,,,,,,,,,,,,,,,,0,0,0,0,0,0,0,0,0,1,1,1,1,1,1,1,1,1,1,1,1,1,1,1,1,1,1,1,1,1,0,0,0,1,1,1,1,1,1,1,1,1,1,1,1,1,1,1,1,0,0,0,0,0,0,1,1,1,1,1,1,1,1,1,1,1,1,1,1,1,1,1,1,1,1,1,1,1,1,1,1,1,1,1,1,1,1,1,1,1,1,1,1,1,1,1,1,1,1,1,1,1,1,1,1,1
2026-09-21T10:30:00Z,2026-09-21T10:00:00Z,30,5197.0,2026-09-21T09:50:16Z,semo_pub_dailyloadfcst_202609210950,9.733333333333333,1,962.0,2026-09-21T09:50:16Z,semo_pub_dailyloadfcst_202609210950,9.733333333333333,1,4235.0,2026-09-21T09:50:16Z,semo_pub_dailyloadfcst_202609210950,9.733333333333333,1,,,,,0,,,,,0,,,,,0,,,,,0,,,,,0,,,,,0,,,,,0,2093.261,2026-09-21T06:13:43Z,semo_pub_15minaggwindfcst_202609210613,226.28333333333333,1,0,4193.018,1419.814,2.08,204.605,254.74650000000003,372.545,0.5236000000000001,2026-08-31T23:00:00Z,29460.0,1,,,,0,0,1,1,1,1,1,1,1,1,,,,,,,,,,,831.8965000000001,,,,86,0.0,0.0,0.0,4,41.25904308375918,110.03399999999988,66.70399999999995,0,,,,,,,,,,,,,,,,,,,,,,,,,,,,,,,,,,,,,,,,,,,,,,,,,,,,0,0,0,0,0,0,0,0,0,1,1,1,1,1,1,1,1,1,1,1,1,1,1,1,1,1,1,1,1,1,0,0,0,1,1,1,1,1,1,1,1,1,1,1,1,1,1,1,1,0,0,0,0,0,0,1,1,1,1,1,1,1,1,1,1,1,1,1,1,1,1,1,1,1,1,1,1,1,1,1,1,1,1,1,1,1,1,1,1,1,1,1,1,1,1,1,1,1,1,1,1,1,1,1,1,1
2026-09-21T11:00:00Z,2026-09-21T10:00:00Z,60,5109.0,2026-09-21T09:50:16Z,semo_pub_dailyloadfcst_202609210950,9.733333333333333,1,943.0,2026-09-21T09:50:16Z,semo_pub_dailyloadfcst_202609210950,9.733333333333333,1,4166.0,2026-09-21T09:50:16Z,semo_pub_dailyloadfcst_202609210950,9.733333333333333,1,500.0,2026-09-21T06:00:11Z,semo_pub_dailyintconntc_202609210600,239.81666666666663,1,530.0,2026-09-21T06:00:11Z,semo_pub_dailyintconntc_202609210600,239.81666666666663,1,513.0,2026-09-21T06:00:11Z,semo_pub_dailyintconntc_202609210600,239.81666666666663,1,500.0,2026-09-21T06:00:11Z,semo_pub_dailyintconntc_202609210600,239.81666666666663,1,500.0,2026-09-21T06:00:11Z,semo_pub_dailyintconntc_202609210600,239.81666666666663,1,504.0,2026-09-21T06:00:11Z,semo_pub_dailyintconntc_202609210600,239.81666666666663,1,,,,,0,2185.491,2026-09-21T06:13:43Z,semo_pub_15minaggwindfcst_202609210613,226.28333333333333,1,0,4193.018,1419.814,2.08,204.605,254.74650000000003,372.545,0.5236000000000001,2026-08-31T23:00:00Z,29460.0,1,,,,0,0,1,1,0,0,0,0,0,0,,,,,,,,,,,831.8965000000001,,,,86,0.0,0.0,0.0,4,35.171983341681134,97.48099999999977,46.6579999999999,0,,,,,,,,,,,,,,,,,,,,,,,,,,,,,,,,,,,,,,,,,,,,,,,,,,,,0,0,0,0,0,0,0,0,0,0,0,0,0,0,0,0,0,0,0,0,0,0,0,0,0,0,0,1,1,1,0,0,0,1,1,1,1,1,1,1,1,1,1,1,1,1,1,1,1,0,0,0,0,0,0,1,1,1,1,1,1,1,1,1,1,1,1,1,1,1,1,1,1,1,1,1,1,1,1,1,1,1,1,1,1,1,1,1,1,1,1,1,1,1,1,1,1,1,1,1,1,1,1,1,1,1
2026-09-21T11:00:00Z,2026-09-21T10:30:00Z,30,5109.0,2026-09-21T10:20:17Z,semo_pub_dailyloadfcst_202609211020,9.716666666666669,1,943.0,2026-09-21T10:20:17Z,semo_pub_dailyloadfcst_202609211020,9.716666666666669,1,4166.0,2026-09-21T10:20:17Z,semo_pub_dailyloadfcst_202609211020,9.716666666666669,1,500.0,2026-09-21T06:00:11Z,semo_pub_dailyintconntc_202609210600,269.81666666666666,1,530.0,2026-09-21T06:00:11Z,semo_pub_dailyintconntc_202609210600,269.81666666666666,1,513.0,2026-09-21T06:00:11Z,semo_pub_dailyintconntc_202609210600,269.81666666666666,1,500.0,2026-09-21T06:00:11Z,semo_pub_dailyintconntc_202609210600,269.81666666666666,1,500.0,2026-09-21T06:00:11Z,semo_pub_dailyintconntc_202609210600,269.81666666666666,1,504.0,2026-09-21T06:00:11Z,semo_pub_dailyintconntc_202609210600,269.81666666666666,1,,,,,0,2185.491,2026-09-21T06:13:43Z,semo_pub_15minaggwindfcst_202609210613,256.28333333333336,1,0,4193.018,1419.814,2.08,204.605,254.74650000000003,372.545,0.5236000000000001,2026-08-31T23:00:00Z,29490.0,1,,,,0,0,1,1,0,0,0,0,0,0,,,,,,,,,,,831.8965000000001,,,,90,0.0,0.0,0.0,4,35.171983341681134,97.48099999999977,46.6579999999999,0,,,,,,,,,,,,,,,,,,,,,,,,,,,,,,,,,,,,,,,,,,,,,,,,,,,,0,0,0,0,0,0,0,0,0,0,0,0,0,0,0,0,0,0,0,0,0,0,0,0,0,0,0,1,1,1,0,0,0,1,1,1,1,1,1,1,1,1,1,1,1,1,1,1,1,0,0,0,0,0,0,1,1,1,1,1,1,1,1,1,1,1,1,1,1,1,1,1,1,1,1,1,1,1,1,1,1,1,1,1,1,1,1,1,1,1,1,1,1,1,1,1,1,1,1,1,1,1,1,1,1,1
2026-09-21T11:30:00Z,2026-09-21T10:30:00Z,60,5173.0,2026-09-21T10:20:17Z,semo_pub_dailyloadfcst_202609211020,9.716666666666669,1,949.0,2026-09-21T10:20:17Z,semo_pub_dailyloadfcst_202609211020,9.716666666666669,1,4224.0,2026-09-21T10:20:17Z,semo_pub_dailyloadfcst_202609211020,9.716666666666669,1,,,,,0,,,,,0,,,,,0,,,,,0,,,,,0,,,,,0,,,,,0,2250.784,2026-09-21T06:13:43Z,semo_pub_15minaggwindfcst_202609210613,256.28333333333336,1,0,4193.018,1419.814,2.08,204.605,254.74650000000003,372.545,0.5236000000000001,2026-08-31T23:00:00Z,29490.0,1,,,,0,0,1,1,1,1,1,1,1,1,,,,,,,,,,,831.8965000000001,,,,90,0.0,0.0,0.0,4,41.87466575687499,117.09999999999991,56.43299999999999,0,,,,,,,,,,,,,,,,,,,,,,,,,,,,,,,,,,,,,,,,,,,,,,,,,,,,0,0,0,0,0,0,0,0,0,1,1,1,1,1,1,1,1,1,1,1,1,1,1,1,1,1,1,1,1,1,0,0,0,1,1,1,1,1,1,1,1,1,1,1,1,1,1,1,1,0,0,0,0,0,0,1,1,1,1,1,1,1,1,1,1,1,1,1,1,1,1,1,1,1,1,1,1,1,1,1,1,1,1,1,1,1,1,1,1,1,1,1,1,1,1,1,1,1,1,1,1,1,1,1,1,1
2026-09-21T11:30:00Z,2026-09-21T11:00:00Z,30,5173.0,2026-09-21T10:50:12Z,semo_pub_dailyloadfcst_202609211050,9.8,1,949.0,2026-09-21T10:50:12Z,semo_pub_dailyloadfcst_202609211050,9.8,1,4224.0,2026-09-21T10:50:12Z,semo_pub_dailyloadfcst_202609211050,9.8,1,,,,,0,,,,,0,,,,,0,,,,,0,,,,,0,,,,,0,,,,,0,2250.784,2026-09-21T06:13:43Z,semo_pub_15minaggwindfcst_202609210613,286.28333333333336,1,0,4193.018,1419.814,2.08,204.605,254.74650000000003,372.545,0.5236000000000001,2026-08-31T23:00:00Z,29520.0,1,,,,0,0,1,1,1,1,1,1,1,1,,,,,,,,,,,831.8965000000001,,,,94,0.0,0.0,0.0,4,41.87466575687499,117.09999999999991,56.43299999999999,0,,,,,,,,,,,,,,,,,,,,,,,,,,,,,,,,,,,,,,,,,,,,,,,,,,,,0,0,0,0,0,0,0,0,0,1,1,1,1,1,1,1,1,1,1,1,1,1,1,1,1,1,1,1,1,1,0,0,0,1,1,1,1,1,1,1,1,1,1,1,1,1,1,1,1,0,0,0,0,0,0,1,1,1,1,1,1,1,1,1,1,1,1,1,1,1,1,1,1,1,1,1,1,1,1,1,1,1,1,1,1,1,1,1,1,1,1,1,1,1,1,1,1,1,1,1,1,1,1,1,1,1
2026-09-21T12:00:00Z,2026-09-21T11:00:00Z,60,5127.0,2026-09-21T10:50:12Z,semo_pub_dailyloadfcst_202609211050,9.8,1,927.0,2026-09-21T10:50:12Z,semo_pub_dailyloadfcst_202609211050,9.8,1,4200.0,2026-09-21T10:50:12Z,semo_pub_dailyloadfcst_202609211050,9.8,1,500.0,2026-09-21T06:00:11Z,semo_pub_dailyintconntc_202609210600,299.81666666666666,1,530.0,2026-09-21T06:00:11Z,semo_pub_dailyintconntc_202609210600,299.81666666666666,1,513.0,2026-09-21T06:00:11Z,semo_pub_dailyintconntc_202609210600,299.81666666666666,1,500.0,2026-09-21T06:00:11Z,semo_pub_dailyintconntc_202609210600,299.81666666666666,1,500.0,2026-09-21T06:00:11Z,semo_pub_dailyintconntc_202609210600,299.81666666666666,1,504.0,2026-09-21T06:00:11Z,semo_pub_dailyintconntc_202609210600,299.81666666666666,1,,,,,0,2316.095,2026-09-21T06:13:43Z,semo_pub_15minaggwindfcst_202609210613,286.28333333333336,1,0,4193.018,1419.814,2.08,204.605,254.74650000000003,372.545,0.5236000000000001,2026-08-31T23:00:00Z,29520.0,1,,,,0,0,1,1,0,0,0,0,0,0,,,,,,,,,,,831.8965000000001,,,,94,0.0,0.0,0.0,4,48.6617738399454,136.73799999999983,66.24299999999994,0,,,,,,,,,,,,,,,,,,,,,,,,,,,,,,,,,,,,,,,,,,,,,,,,,,,,0,0,0,0,0,0,0,0,0,0,0,0,0,0,0,0,0,0,0,0,0,0,0,0,0,0,0,1,1,1,0,0,0,1,1,1,1,1,1,1,1,1,1,1,1,1,1,1,1,0,0,0,0,0,0,1,1,1,1,1,1,1,1,1,1,1,1,1,1,1,1,1,1,1,1,1,1,1,1,1,1,1,1,1,1,1,1,1,1,1,1,1,1,1,1,1,1,1,1,1,1,1,1,1,1,1
2026-09-21T12:00:00Z,2026-09-21T11:30:00Z,30,5134.0,2026-09-21T11:20:11Z,semo_pub_dailyloadfcst_202609211120,9.816666666666666,1,934.0,2026-09-21T11:20:11Z,semo_pub_dailyloadfcst_202609211120,9.816666666666666,1,4200.0,2026-09-21T11:20:11Z,semo_pub_dailyloadfcst_202609211120,9.816666666666666,1,500.0,2026-09-21T06:00:11Z,semo_pub_dailyintconntc_202609210600,329.81666666666666,1,530.0,2026-09-21T06:00:11Z,semo_pub_dailyintconntc_202609210600,329.81666666666666,1,513.0,2026-09-21T06:00:11Z,semo_pub_dailyintconntc_202609210600,329.81666666666666,1,500.0,2026-09-21T06:00:11Z,semo_pub_dailyintconntc_202609210600,329.81666666666666,1,500.0,2026-09-21T06:00:11Z,semo_pub_dailyintconntc_202609210600,329.81666666666666,1,504.0,2026-09-21T06:00:11Z,semo_pub_dailyintconntc_202609210600,329.81666666666666,1,,,,,0,2316.095,2026-09-21T06:13:43Z,semo_pub_15minaggwindfcst_202609210613,316.28333333333336,1,0,4193.018,1419.814,2.08,204.605,254.74650000000003,372.545,0.5236000000000001,2026-08-31T23:00:00Z,29550.0,1,,,,0,0,1,1,0,0,0,0,0,0,,,,,,,,,,,831.8965000000001,,,,98,1.2058530725810095,7.0,0.0,4,48.6617738399454,136.73799999999983,66.24299999999994,0,,,,,,,,,,,,,,,,,,,,,,,,,,,,,,,,,,,,,,,,,,,,,,,,,,,,0,0,0,0,0,0,0,0,0,0,0,0,0,0,0,0,0,0,0,0,0,0,0,0,0,0,0,1,1,1,0,0,0,1,1,1,1,1,1,1,1,1,1,1,1,1,1,1,1,0,0,0,0,0,0,1,1,1,1,1,1,1,1,1,1,1,1,1,1,1,1,1,1,1,1,1,1,1,1,1,1,1,1,1,1,1,1,1,1,1,1,1,1,1,1,1,1,1,1,1,1,1,1,1,1,1
2026-09-21T12:30:00Z,2026-09-21T11:30:00Z,60,5083.0,2026-09-21T11:20:11Z,semo_pub_dailyloadfcst_202609211120,9.816666666666666,1,896.0,2026-09-21T11:20:11Z,semo_pub_dailyloadfcst_202609211120,9.816666666666666,1,4187.0,2026-09-21T11:20:11Z,semo_pub_dailyloadfcst_202609211120,9.816666666666666,1,,,,,0,,,,,0,,,,,0,,,,,0,,,,,0,,,,,0,,,,,0,2350.538,2026-09-21T06:13:43Z,semo_pub_15minaggwindfcst_202609210613,316.28333333333336,1,0,4193.018,1419.814,2.08,204.605,254.74650000000003,372.545,0.5236000000000001,2026-08-31T23:00:00Z,29550.0,1,,,,0,0,1,1,1,1,1,1,1,1,,,,,,,,,,,831.8965000000001,,,,98,2.756235594470879,16.0,0.0,4,58.26487142513483,162.10399999999981,92.0630000000001,0,,,,,,,,,,,,,,,,,,,,,,,,,,,,,,,,,,,,,,,,,,,,,,,,,,,,0,0,0,0,0,0,0,0,0,1,1,1,1,1,1,1,1,1,1,1,1,1,1,1,1,1,1,1,1,1,0,0,0,1,1,1,1,1,1,1,1,1,1,1,1,1,1,1,1,0,0,0,0,0,0,1,1,1,1,1,1,1,1,1,1,1,1,1,1,1,1,1,1,1,1,1,1,1,1,1,1,1,1,1,1,1,1,1,1,1,1,1,1,1,1,1,1,1,1,1,1,1,1,1,1,1
2026-09-21T12:30:00Z,2026-09-21T12:00:00Z,30,5083.0,2026-09-21T11:50:10Z,semo_pub_dailyloadfcst_202609211150,9.833333333333334,1,896.0,2026-09-21T11:50:10Z,semo_pub_dailyloadfcst_202609211150,9.833333333333334,1,4187.0,2026-09-21T11:50:10Z,semo_pub_dailyloadfcst_202609211150,9.833333333333334,1,,,,,0,,,,,0,,,,,0,,,,,0,,,,,0,,,,,0,,,,,0,2350.538,2026-09-21T06:13:43Z,semo_pub_15minaggwindfcst_202609210613,346.28333333333336,1,0,4193.018,1419.814,2.08,204.605,254.74650000000003,372.545,0.5236000000000001,2026-08-31T23:00:00Z,29580.0,1,,,,0,0,1,1,1,1,1,1,1,1,,,,,,,,,,,831.8965000000001,,,,102,4.045112771208667,16.0,0.0,4,58.26487142513483,162.10399999999981,92.0630000000001,0,,,,,,,,,,,,,,,,,,,,,,,,,,,,,,,,,,,,,,,,,,,,,,,,,,,,0,0,0,0,0,0,0,0,0,1,1,1,1,1,1,1,1,1,1,1,1,1,1,1,1,1,1,1,1,1,0,0,0,1,1,1,1,1,1,1,1,1,1,1,1,1,1,1,1,0,0,0,0,0,0,1,1,1,1,1,1,1,1,1,1,1,1,1,1,1,1,1,1,1,1,1,1,1,1,1,1,1,1,1,1,1,1,1,1,1,1,1,1,1,1,1,1,1,1,1,1,1,1,1,1,1
2026-09-21T13:00:00Z,2026-09-21T12:00:00Z,60,5105.0,2026-09-21T11:50:10Z,semo_pub_dailyloadfcst_202609211150,9.833333333333334,1,908.0,2026-09-21T11:50:10Z,semo_pub_dailyloadfcst_202609211150,9.833333333333334,1,4197.0,2026-09-21T11:50:10Z,semo_pub_dailyloadfcst_202609211150,9.833333333333334,1,500.0,2026-09-21T06:00:11Z,semo_pub_dailyintconntc_202609210600,359.81666666666666,1,530.0,2026-09-21T06:00:11Z,semo_pub_dailyintconntc_202609210600,359.81666666666666,1,513.0,2026-09-21T06:00:11Z,semo_pub_dailyintconntc_202609210600,359.81666666666666,1,500.0,2026-09-21T06:00:11Z,semo_pub_dailyintconntc_202609210600,359.81666666666666,1,500.0,2026-09-21T06:00:11Z,semo_pub_dailyintconntc_202609210600,359.81666666666666,1,504.0,2026-09-21T06:00:11Z,semo_pub_dailyintconntc_202609210600,359.81666666666666,1,,,,,0,2385.0,2026-09-21T06:13:43Z,semo_pub_15minaggwindfcst_202609210613,346.28333333333336,1,0,4193.018,1419.814,2.08,204.605,254.74650000000003,372.545,0.5236000000000001,2026-08-31T23:00:00Z,29580.0,1,,,,0,0,1,1,0,0,0,0,0,0,,,,,,,,,,,831.8965000000001,,,,102,3.539473674807584,14.0,0.0,4,68.35264415880341,187.4670000000001,117.89499999999998,0,,,,,,,,,,,,,,,,,,,,,,,,,,,,,,,,,,,,,,,,,,,,,,,,,,,,0,0,0,0,0,0,0,0,0,0,0,0,0,0,0,0,0,0,0,0,0,0,0,0,0,0,0,1,1,1,0,0,0,1,1,1,1,1,1,1,1,1,1,1,1,1,1,1,1,0,0,0,0,0,0,1,1,1,1,1,1,1,1,1,1,1,1,1,1,1,1,1,1,1,1,1,1,1,1,1,1,1,1,1,1,1,1,1,1,1,1,1,1,1,1,1,1,1,1,1,1,1,1,1,1,1
2026-09-21T13:00:00Z,2026-09-21T12:30:00Z,30,5105.0,2026-09-21T12:20:16Z,semo_pub_dailyloadfcst_202609211220,9.733333333333333,1,908.0,2026-09-21T12:20:16Z,semo_pub_dailyloadfcst_202609211220,9.733333333333333,1,4197.0,2026-09-21T12:20:16Z,semo_pub_dailyloadfcst_202609211220,9.733333333333333,1,500.0,2026-09-21T06:00:11Z,semo_pub_dailyintconntc_202609210600,389.81666666666666,1,530.0,2026-09-21T06:00:11Z,semo_pub_dailyintconntc_202609210600,389.81666666666666,1,513.0,2026-09-21T06:00:11Z,semo_pub_dailyintconntc_202609210600,389.81666666666666,1,500.0,2026-09-21T06:00:11Z,semo_pub_dailyintconntc_202609210600,389.81666666666666,1,500.0,2026-09-21T06:00:11Z,semo_pub_dailyintconntc_202609210600,389.81666666666666,1,504.0,2026-09-21T06:00:11Z,semo_pub_dailyintconntc_202609210600,389.81666666666666,1,,,,,0,2452.952,2026-09-21T12:13:53Z,semo_pub_15minaggwindfcst_202609211213,16.116666666666667,1,0,4193.018,1419.814,2.08,204.605,254.74650000000003,372.545,0.5236000000000001,2026-08-31T23:00:00Z,29610.0,1,,,,0,0,0,1,0,0,0,0,0,0,,,,,,,,,,,831.8965000000001,,,,106,4.269532419875936,14.0,0.0,6,100.31668928282409,255.41900000000032,1.3900000000003274,0,,,,,,,,,,,,,,,,,,,,,,,,,,,,,,,,,,,,,,,,,,,,,,,,,,,,0,0,0,0,0,0,0,0,0,0,0,0,0,0,0,0,0,0,0,0,0,0,0,0,0,0,0,1,1,1,0,0,0,1,1,1,1,1,1,1,1,1,1,1,1,1,1,1,1,0,0,0,0,0,0,1,1,1,1,1,1,1,1,1,1,1,1,1,1,1,1,1,1,1,1,1,1,1,1,1,1,1,1,1,1,1,1,1,1,1,1,1,1,1,1,1,1,1,1,1,1,1,1,1,1,1
2026-09-21T13:30:00Z,2026-09-21T12:30:00Z,60,5115.0,2026-09-21T12:20:16Z,semo_pub_dailyloadfcst_202609211220,9.733333333333333,1,893.0,2026-09-21T12:20:16Z,semo_pub_dailyloadfcst_202609211220,9.733333333333333,1,4222.0,2026-09-21T12:20:16Z,semo_pub_dailyloadfcst_202609211220,9.733333333333333,1,,,,,0,,,,,0,,,,,0,,,,,0,,,,,0,,,,,0,,,,,0,2420.191,2026-09-21T12:13:53Z,semo_pub_15minaggwindfcst_202609211213,16.116666666666667,1,0,4193.018,1419.814,2.08,204.605,254.74650000000003,372.545,0.5236000000000001,2026-08-31T23:00:00Z,29610.0,1,,,,0,0,0,1,1,1,1,1,1,1,,,,,,,,,,,831.8965000000001,,,,106,1.5248330070985485,5.0,0.0,6,99.59435980585884,241.47699999999986,-10.528999999999996,0,,,,,,,,,,,,,,,,,,,,,,,,,,,,,,,,,,,,,,,,,,,,,,,,,,,,0,0,0,0,0,0,0,0,0,1,1,1,1,1,1,1,1,1,1,1,1,1,1,1,1,1,1,1,1,1,0,0,0,1,1,1,1,1,1,1,1,1,1,1,1,1,1,1,1,0,0,0,0,0,0,1,1,1,1,1,1,1,1,1,1,1,1,1,1,1,1,1,1,1,1,1,1,1,1,1,1,1,1,1,1,1,1,1,1,1,1,1,1,1,1,1,1,1,1,1,1,1,1,1,1,1
2026-09-21T13:30:00Z,2026-09-21T13:00:00Z,30,5115.0,2026-09-21T12:50:16Z,semo_pub_dailyloadfcst_202609211250,9.733333333333333,1,893.0,2026-09-21T12:50:16Z,semo_pub_dailyloadfcst_202609211250,9.733333333333333,1,4222.0,2026-09-21T12:50:16Z,semo_pub_dailyloadfcst_202609211250,9.733333333333333,1,,,,,0,,,,,0,,,,,0,,,,,0,,,,,0,,,,,0,,,,,0,2420.191,2026-09-21T12:13:53Z,semo_pub_15minaggwindfcst_202609211213,46.11666666666667,1,0,4193.018,1419.814,2.08,204.605,254.74650000000003,372.545,0.5236000000000001,2026-08-31T23:00:00Z,29640.0,1,,,,0,0,0,1,1,1,1,1,1,1,,,,,,,,,,,831.8965000000001,,,,110,1.7158714625615339,5.0,0.0,6,99.59435980585884,241.47699999999986,-10.528999999999996,0,,,,,,,,,,,,,,,,,,,,,,,,,,,,,,,,,,,,,,,,,,,,,,,,,,,,0,0,0,0,0,0,0,0,0,1,1,1,1,1,1,1,1,1,1,1,1,1,1,1,1,1,1,1,1,1,0,0,0,1,1,1,1,1,1,1,1,1,1,1,1,1,1,1,1,0,0,0,0,0,0,1,1,1,1,1,1,1,1,1,1,1,1,1,1,1,1,1,1,1,1,1,1,1,1,1,1,1,1,1,1,1,1,1,1,1,1,1,1,1,1,1,1,1,1,1,1,1,1,1,1,1
2026-09-21T14:00:00Z,2026-09-21T13:00:00Z,60,5164.0,2026-09-21T12:50:16Z,semo_pub_dailyloadfcst_202609211250,9.733333333333333,1,873.0,2026-09-21T12:50:16Z,semo_pub_dailyloadfcst_202609211250,9.733333333333333,1,4291.0,2026-09-21T12:50:16Z,semo_pub_dailyloadfcst_202609211250,9.733333333333333,1,500.0,2026-09-21T06:00:11Z,semo_pub_dailyintconntc_202609210600,419.81666666666666,1,530.0,2026-09-21T06:00:11Z,semo_pub_dailyintconntc_202609210600,419.81666666666666,1,513.0,2026-09-21T06:00:11Z,semo_pub_dailyintconntc_202609210600,419.81666666666666,1,500.0,2026-09-21T06:00:11Z,semo_pub_dailyintconntc_202609210600,419.81666666666666,1,500.0,2026-09-21T06:00:11Z,semo_pub_dailyintconntc_202609210600,419.81666666666666,1,504.0,2026-09-21T06:00:11Z,semo_pub_dailyintconntc_202609210600,419.81666666666666,1,,,,,0,2387.42,2026-09-21T12:13:53Z,semo_pub_15minaggwindfcst_202609211213,46.11666666666667,1,0,4193.018,1419.814,2.08,204.605,254.74650000000003,372.545,0.5236000000000001,2026-08-31T23:00:00Z,29640.0,1,,,,0,0,0,1,0,0,0,0,0,0,,,,,,,,,,,831.8965000000001,,,,110,5.147614387684601,15.0,0.0,6,100.12692759761921,235.4290000000001,-22.5,0,,,,,,,,,,,,,,,,,,,,,,,,,,,,,,,,,,,,,,,,,,,,,,,,,,,,0,0,0,0,0,0,0,0,0,0,0,0,0,0,0,0,0,0,0,0,0,0,0,0,0,0,0,1,1,1,0,0,0,1,1,1,1,1,1,1,1,1,1,1,1,1,1,1,1,0,0,0,0,0,0,1,1,1,1,1,1,1,1,1,1,1,1,1,1,1,1,1,1,1,1,1,1,1,1,1,1,1,1,1,1,1,1,1,1,1,1,1,1,1,1,1,1,1,1,1,1,1,1,1,1,1
2026-09-21T14:00:00Z,2026-09-21T13:30:00Z,30,5164.0,2026-09-21T13:20:16Z,semo_pub_dailyloadfcst_202609211320,9.733333333333333,1,873.0,2026-09-21T13:20:16Z,semo_pub_dailyloadfcst_202609211320,9.733333333333333,1,4291.0,2026-09-21T13:20:16Z,semo_pub_dailyloadfcst_202609211320,9.733333333333333,1,500.0,2026-09-21T06:00:11Z,semo_pub_dailyintconntc_202609210600,449.81666666666666,1,530.0,2026-09-21T06:00:11Z,semo_pub_dailyintconntc_202609210600,449.81666666666666,1,513.0,2026-09-21T06:00:11Z,semo_pub_dailyintconntc_202609210600,449.81666666666666,1,500.0,2026-09-21T06:00:11Z,semo_pub_dailyintconntc_202609210600,449.81666666666666,1,500.0,2026-09-21T06:00:11Z,semo_pub_dailyintconntc_202609210600,449.81666666666666,1,504.0,2026-09-21T06:00:11Z,semo_pub_dailyintconntc_202609210600,449.81666666666666,1,,,,,0,2387.42,2026-09-21T12:13:53Z,semo_pub_15minaggwindfcst_202609211213,76.11666666666666,1,0,4193.018,1419.814,2.08,204.605,254.74650000000003,372.545,0.5236000000000001,2026-08-31T23:00:00Z,29670.0,1,,,,0,0,0,1,0,0,0,0,0,0,,,,,,,,,,,831.8965000000001,,,,114,5.5901699437494745,15.0,0.0,6,100.12692759761921,235.4290000000001,-22.5,0,,,,,,,,,,,,,,,,,,,,,,,,,,,,,,,,,,,,,,,,,,,,,,,,,,,,0,0,0,0,0,0,0,0,0,0,0,0,0,0,0,0,0,0,0,0,0,0,0,0,0,0,0,1,1,1,0,0,0,1,1,1,1,1,1,1,1,1,1,1,1,1,1,1,1,0,0,0,0,0,0,1,1,1,1,1,1,1,1,1,1,1,1,1,1,1,1,1,1,1,1,1,1,1,1,1,1,1,1,1,1,1,1,1,1,1,1,1,1,1,1,1,1,1,1,1,1,1,1,1,1,1
2026-09-21T14:30:00Z,2026-09-21T13:30:00Z,60,5214.0,2026-09-21T13:20:16Z,semo_pub_dailyloadfcst_202609211320,9.733333333333333,1,894.0,2026-09-21T13:20:16Z,semo_pub_dailyloadfcst_202609211320,9.733333333333333,1,4320.0,2026-09-21T13:20:16Z,semo_pub_dailyloadfcst_202609211320,9.733333333333333,1,,,,,0,,,,,0,,,,,0,,,,,0,,,,,0,,,,,0,,,,,0,2314.375,2026-09-21T12:13:53Z,semo_pub_15minaggwindfcst_202609211213,76.11666666666666,1,0,4193.018,1419.814,2.08,204.605,254.74650000000003,372.545,0.5236000000000001,2026-08-31T23:00:00Z,29670.0,1,,,,0,0,0,1,1,1,1,1,1,1,,,,,,,,,,,831.8965000000001,,,,114,4.844813951249544,13.0,0.0,6,88.19511603525567,215.28899999999976,-7.695999999999913,0,,,,,,,,,,,,,,,,,,,,,,,,,,,,,,,,,,,,,,,,,,,,,,,,,,,,0,0,0,0,0,0,0,0,0,1,1,1,1,1,1,1,1,1,1,1,1,1,1,1,1,1,1,1,1,1,0,0,0,1,1,1,1,1,1,1,1,1,1,1,1,1,1,1,1,0,0,0,0,0,0,1,1,1,1,1,1,1,1,1,1,1,1,1,1,1,1,1,1,1,1,1,1,1,1,1,1,1,1,1,1,1,1,1,1,1,1,1,1,1,1,1,1,1,1,1,1,1,1,1,1,1
2026-09-21T14:30:00Z,2026-09-21T14:00:00Z,30,5214.0,2026-09-21T13:50:10Z,semo_pub_dailyloadfcst_202609211350,9.833333333333334,1,894.0,2026-09-21T13:50:10Z,semo_pub_dailyloadfcst_202609211350,9.833333333333334,1,4320.0,2026-09-21T13:50:10Z,semo_pub_dailyloadfcst_202609211350,9.833333333333334,1,,,,,0,,,,,0,,,,,0,,,,,0,,,,,0,,,,,0,,,,,0,2314.375,2026-09-21T12:13:53Z,semo_pub_15minaggwindfcst_202609211213,106.11666666666666,1,0,4193.018,1419.814,2.08,204.605,254.74650000000003,372.545,0.5236000000000001,2026-08-31T23:00:00Z,29700.0,1,,,,0,0,0,1,1,1,1,1,1,1,,,,,,,,,,,831.8965000000001,,,,118,5.149760901788583,13.0,0.0,6,88.19511603525567,215.28899999999976,-7.695999999999913,0,,,,,,,,,,,,,,,,,,,,,,,,,,,,,,,,,,,,,,,,,,,,,,,,,,,,0,0,0,0,0,0,0,0,0,1,1,1,1,1,1,1,1,1,1,1,1,1,1,1,1,1,1,1,1,1,0,0,0,1,1,1,1,1,1,1,1,1,1,1,1,1,1,1,1,0,0,0,0,0,0,1,1,1,1,1,1,1,1,1,1,1,1,1,1,1,1,1,1,1,1,1,1,1,1,1,1,1,1,1,1,1,1,1,1,1,1,1,1,1,1,1,1,1,1,1,1,1,1,1,1,1
2026-09-21T15:00:00Z,2026-09-21T14:00:00Z,60,5374.0,2026-09-21T13:50:10Z,semo_pub_dailyloadfcst_202609211350,9.833333333333334,1,936.0,2026-09-21T13:50:10Z,semo_pub_dailyloadfcst_202609211350,9.833333333333334,1,4438.0,2026-09-21T13:50:10Z,semo_pub_dailyloadfcst_202609211350,9.833333333333334,1,500.0,2026-09-21T06:00:11Z,semo_pub_dailyintconntc_202609210600,479.81666666666666,1,530.0,2026-09-21T06:00:11Z,semo_pub_dailyintconntc_202609210600,479.81666666666666,1,513.0,2026-09-21T06:00:11Z,semo_pub_dailyintconntc_202609210600,479.81666666666666,1,500.0,2026-09-21T06:00:11Z,semo_pub_dailyintconntc_202609210600,479.81666666666666,1,500.0,2026-09-21T06:00:11Z,semo_pub_dailyintconntc_202609210600,479.81666666666666,1,504.0,2026-09-21T06:00:11Z,semo_pub_dailyintconntc_202609210600,479.81666666666666,1,,,,,0,2241.321,2026-09-21T12:13:53Z,semo_pub_15minaggwindfcst_202609211213,106.11666666666666,1,0,4193.018,1419.814,2.08,204.605,254.74650000000003,372.545,0.5236000000000001,2026-08-31T23:00:00Z,29700.0,1,,,,0,0,0,1,0,0,0,0,0,0,,,,,,,,,,,831.8965000000001,,,,118,3.9613545398373704,10.0,0.0,6,77.6444670034511,202.25900000000001,7.1039999999998145,0,,,,,,,,,,,,,,,,,,,,,,,,,,,,,,,,,,,,,,,,,,,,,,,,,,,,0,0,0,0,0,0,0,0,0,0,0,0,0,0,0,0,0,0,0,0,0,0,0,0,0,0,0,1,1,1,0,0,0,1,1,1,1,1,1,1,1,1,1,1,1,1,1,1,1,0,0,0,0,0,0,1,1,1,1,1,1,1,1,1,1,1,1,1,1,1,1,1,1,1,1,1,1,1,1,1,1,1,1,1,1,1,1,1,1,1,1,1,1,1,1,1,1,1,1,1,1,1,1,1,1,1
2026-09-21T15:00:00Z,2026-09-21T14:30:00Z,30,5374.0,2026-09-21T14:20:16Z,semo_pub_dailyloadfcst_202609211420,9.733333333333333,1,936.0,2026-09-21T14:20:16Z,semo_pub_dailyloadfcst_202609211420,9.733333333333333,1,4438.0,2026-09-21T14:20:16Z,semo_pub_dailyloadfcst_202609211420,9.733333333333333,1,500.0,2026-09-21T06:00:11Z,semo_pub_dailyintconntc_202609210600,509.81666666666666,1,530.0,2026-09-21T06:00:11Z,semo_pub_dailyintconntc_202609210600,509.81666666666666,1,513.0,2026-09-21T06:00:11Z,semo_pub_dailyintconntc_202609210600,509.81666666666666,1,500.0,2026-09-21T06:00:11Z,semo_pub_dailyintconntc_202609210600,509.81666666666666,1,500.0,2026-09-21T06:00:11Z,semo_pub_dailyintconntc_202609210600,509.81666666666666,1,504.0,2026-09-21T06:00:11Z,semo_pub_dailyintconntc_202609210600,509.81666666666666,1,,,,,0,2241.321,2026-09-21T12:13:53Z,semo_pub_15minaggwindfcst_202609211213,136.11666666666667,1,0,4193.018,1419.814,2.08,204.605,254.74650000000003,372.545,0.5236000000000001,2026-08-31T23:00:00Z,29730.0,1,,,,0,0,1,1,0,0,0,0,0,0,,,,,,,,,,,831.8965000000001,,,,122,4.151297462983803,10.0,0.0,6,77.6444670034511,202.25900000000001,7.1039999999998145,0,,,,,,,,,,,,,,,,,,,,,,,,,,,,,,,,,,,,,,,,,,,,,,,,,,,,0,0,0,0,0,0,0,0,0,0,0,0,0,0,0,0,0,0,0,0,0,0,0,0,0,0,0,1,1,1,0,0,0,1,1,1,1,1,1,1,1,1,1,1,1,1,1,1,1,0,0,0,0,0,0,1,1,1,1,1,1,1,1,1,1,1,1,1,1,1,1,1,1,1,1,1,1,1,1,1,1,1,1,1,1,1,1,1,1,1,1,1,1,1,1,1,1,1,1,1,1,1,1,1,1,1
2026-09-21T15:30:00Z,2026-09-21T14:30:00Z,60,5545.0,2026-09-21T14:20:16Z,semo_pub_dailyloadfcst_202609211420,9.733333333333333,1,993.0,2026-09-21T14:20:16Z,semo_pub_dailyloadfcst_202609211420,9.733333333333333,1,4552.0,2026-09-21T14:20:16Z,semo_pub_dailyloadfcst_202609211420,9.733333333333333,1,,,,,0,,,,,0,,,,,0,,,,,0,,,,,0,,,,,0,,,,,0,2101.998,2026-09-21T12:13:53Z,semo_pub_15minaggwindfcst_202609211213,136.11666666666667,1,0,4193.018,1419.814,2.08,204.605,254.74650000000003,372.545,0.5236000000000001,2026-08-31T23:00:00Z,29730.0,1,,,,0,0,1,1,1,1,1,1,1,1,,,,,,,,,,,831.8965000000001,,,,122,10.793373403757888,26.0,0.0,6,66.35206931567562,168.54899999999998,2.2210000000000036,0,,,,,,,,,,,,,,,,,,,,,,,,,,,,,,,,,,,,,,,,,,,,,,,,,,,,0,0,0,0,0,0,0,0,0,1,1,1,1,1,1,1,1,1,1,1,1,1,1,1,1,1,1,1,1,1,0,0,0,1,1,1,1,1,1,1,1,1,1,1,1,1,1,1,1,0,0,0,0,0,0,1,1,1,1,1,1,1,1,1,1,1,1,1,1,1,1,1,1,1,1,1,1,1,1,1,1,1,1,1,1,1,1,1,1,1,1,1,1,1,1,1,1,1,1,1,1,1,1,1,1,1
2026-09-21T15:30:00Z,2026-09-21T15:00:00Z,30,5545.0,2026-09-21T14:50:11Z,semo_pub_dailyloadfcst_202609211450,9.816666666666666,1,993.0,2026-09-21T14:50:11Z,semo_pub_dailyloadfcst_202609211450,9.816666666666666,1,4552.0,2026-09-21T14:50:11Z,semo_pub_dailyloadfcst_202609211450,9.816666666666666,1,,,,,0,,,,,0,,,,,0,,,,,0,,,,,0,,,,,0,,,,,0,2101.998,2026-09-21T12:13:53Z,semo_pub_15minaggwindfcst_202609211213,166.11666666666667,1,0,4193.018,1419.814,2.08,204.605,254.74650000000003,372.545,0.5236000000000001,2026-08-31T23:00:00Z,29760.0,1,,,,0,0,1,1,1,1,1,1,1,1,,,,,,,,,,,831.8965000000001,,,,126,11.198128645447413,26.0,0.0,6,66.35206931567562,168.54899999999998,2.2210000000000036,0,,,,,,,,,,,,,,,,,,,,,,,,,,,,,,,,,,,,,,,,,,,,,,,,,,,,0,0,0,0,0,0,0,0,0,1,1,1,1,1,1,1,1,1,1,1,1,1,1,1,1,1,1,1,1,1,0,0,0,1,1,1,1,1,1,1,1,1,1,1,1,1,1,1,1,0,0,0,0,0,0,1,1,1,1,1,1,1,1,1,1,1,1,1,1,1,1,1,1,1,1,1,1,1,1,1,1,1,1,1,1,1,1,1,1,1,1,1,1,1,1,1,1,1,1,1,1,1,1,1,1,1
2026-09-21T16:00:00Z,2026-09-21T15:00:00Z,60,5641.0,2026-09-21T14:50:11Z,semo_pub_dailyloadfcst_202609211450,9.816666666666666,1,1028.0,2026-09-21T14:50:11Z,semo_pub_dailyloadfcst_202609211450,9.816666666666666,1,4613.0,2026-09-21T14:50:11Z,semo_pub_dailyloadfcst_202609211450,9.816666666666666,1,500.0,2026-09-21T06:00:11Z,semo_pub_dailyintconntc_202609210600,539.8166666666667,1,530.0,2026-09-21T06:00:11Z,semo_pub_dailyintconntc_202609210600,539.8166666666667,1,513.0,2026-09-21T06:00:11Z,semo_pub_dailyintconntc_202609210600,539.8166666666667,1,500.0,2026-09-21T06:00:11Z,semo_pub_dailyintconntc_202609210600,539.8166666666667,1,500.0,2026-09-21T06:00:11Z,semo_pub_dailyintconntc_202609210600,539.8166666666667,1,504.0,2026-09-21T06:00:11Z,semo_pub_dailyintconntc_202609210600,539.8166666666667,1,,,,,0,1962.672,2026-09-21T12:13:53Z,semo_pub_15minaggwindfcst_202609211213,166.11666666666667,1,0,4193.018,1419.814,2.08,204.605,254.74650000000003,372.545,0.5236000000000001,2026-08-31T23:00:00Z,29760.0,1,,,,0,0,1,1,0,0,0,0,0,0,,,,,,,,,,,831.8965000000001,,,,126,6.891156089506099,16.0,0.0,6,55.6059158226193,149.58500000000004,-2.6510000000000673,0,,,,,,,,,,,,,,,,,,,,,,,,,,,,,,,,,,,,,,,,,,,,,,,,,,,,0,0,0,0,0,0,0,0,0,0,0,0,0,0,0,0,0,0,0,0,0,0,0,0,0,0,0,1,1,1,0,0,0,1,1,1,1,1,1,1,1,1,1,1,1,1,1,1,1,0,0,0,0,0,0,1,1,1,1,1,1,1,1,1,1,1,1,1,1,1,1,1,1,1,1,1,1,1,1,1,1,1,1,1,1,1,1,1,1,1,1,1,1,1,1,1,1,1,1,1,1,1,1,1,1,1
2026-09-21T16:00:00Z,2026-09-21T15:30:00Z,30,5641.0,2026-09-21T15:20:15Z,semo_pub_dailyloadfcst_202609211520,9.75,1,1028.0,2026-09-21T15:20:15Z,semo_pub_dailyloadfcst_202609211520,9.75,1,4613.0,2026-09-21T15:20:15Z,semo_pub_dailyloadfcst_202609211520,9.75,1,500.0,2026-09-21T06:00:11Z,semo_pub_dailyintconntc_202609210600,569.8166666666667,1,530.0,2026-09-21T06:00:11Z,semo_pub_dailyintconntc_202609210600,569.8166666666667,1,513.0,2026-09-21T06:00:11Z,semo_pub_dailyintconntc_202609210600,569.8166666666667,1,500.0,2026-09-21T06:00:11Z,semo_pub_dailyintconntc_202609210600,569.8166666666667,1,500.0,2026-09-21T06:00:11Z,semo_pub_dailyintconntc_202609210600,569.8166666666667,1,504.0,2026-09-21T06:00:11Z,semo_pub_dailyintconntc_202609210600,569.8166666666667,1,,,,,0,1962.672,2026-09-21T12:13:53Z,semo_pub_15minaggwindfcst_202609211213,196.11666666666667,1,0,4193.018,1419.814,2.08,204.605,254.74650000000003,372.545,0.5236000000000001,2026-08-31T23:00:00Z,29790.0,1,,,,0,0,1,1,0,0,0,0,0,0,,,,,,,,,,,831.8965000000001,,,,130,7.09696159672049,16.0,0.0,6,55.6059158226193,149.58500000000004,-2.6510000000000673,0,,,,,,,,,,,,,,,,,,,,,,,,,,,,,,,,,,,,,,,,,,,,,,,,,,,,0,0,0,0,0,0,0,0,0,0,0,0,0,0,0,0,0,0,0,0,0,0,0,0,0,0,0,1,1,1,0,0,0,1,1,1,1,1,1,1,1,1,1,1,1,1,1,1,1,0,0,0,0,0,0,1,1,1,1,1,1,1,1,1,1,1,1,1,1,1,1,1,1,1,1,1,1,1,1,1,1,1,1,1,1,1,1,1,1,1,1,1,1,1,1,1,1,1,1,1,1,1,1,1,1,1
2026-09-21T16:30:00Z,2026-09-21T15:30:00Z,60,5797.0,2026-09-21T15:20:15Z,semo_pub_dailyloadfcst_202609211520,9.75,1,1064.0,2026-09-21T15:20:15Z,semo_pub_dailyloadfcst_202609211520,9.75,1,4733.0,2026-09-21T15:20:15Z,semo_pub_dailyloadfcst_202609211520,9.75,1,,,,,0,,,,,0,,,,,0,,,,,0,,,,,0,,,,,0,,,,,0,1734.973,2026-09-21T12:13:53Z,semo_pub_15minaggwindfcst_202609211213,196.11666666666667,1,0,4193.018,1419.814,2.08,204.605,254.74650000000003,372.545,0.5236000000000001,2026-08-31T23:00:00Z,29790.0,1,,,,0,0,1,1,1,1,1,1,1,1,,,,,,,,,,,831.8965000000001,,,,130,6.209841397130428,14.0,0.0,6,49.96531251111447,141.53600000000006,-19.424999999999955,0,,,,,,,,,,,,,,,,,,,,,,,,,,,,,,,,,,,,,,,,,,,,,,,,,,,,0,0,0,0,0,0,0,0,0,1,1,1,1,1,1,1,1,1,1,1,1,1,1,1,1,1,1,1,1,1,0,0,0,1,1,1,1,1,1,1,1,1,1,1,1,1,1,1,1,0,0,0,0,0,0,1,1,1,1,1,1,1,1,1,1,1,1,1,1,1,1,1,1,1,1,1,1,1,1,1,1,1,1,1,1,1,1,1,1,1,1,1,1,1,1,1,1,1,1,1,1,1,1,1,1,1
2026-09-21T16:30:00Z,2026-09-21T16:00:00Z,30,5797.0,2026-09-21T15:50:16Z,semo_pub_dailyloadfcst_202609211550,9.733333333333333,1,1064.0,2026-09-21T15:50:16Z,semo_pub_dailyloadfcst_202609211550,9.733333333333333,1,4733.0,2026-09-21T15:50:16Z,semo_pub_dailyloadfcst_202609211550,9.733333333333333,1,,,,,0,,,,,0,,,,,0,,,,,0,,,,,0,,,,,0,,,,,0,1734.973,2026-09-21T12:13:53Z,semo_pub_15minaggwindfcst_202609211213,226.11666666666667,1,0,4193.018,1419.814,2.08,204.605,254.74650000000003,372.545,0.5236000000000001,2026-08-31T23:00:00Z,29820.0,1,,,,0,0,1,1,1,1,1,1,1,1,,,,,,,,,,,831.8965000000001,,,,134,6.359417585357159,14.0,0.0,6,49.96531251111447,141.53600000000006,-19.424999999999955,0,,,,,,,,,,,,,,,,,,,,,,,,,,,,,,,,,,,,,,,,,,,,,,,,,,,,0,0,0,0,0,0,0,0,0,1,1,1,1,1,1,1,1,1,1,1,1,1,1,1,1,1,1,1,1,1,0,0,0,1,1,1,1,1,1,1,1,1,1,1,1,1,1,1,1,0,0,0,0,0,0,1,1,1,1,1,1,1,1,1,1,1,1,1,1,1,1,1,1,1,1,1,1,1,1,1,1,1,1,1,1,1,1,1,1,1,1,1,1,1,1,1,1,1,1,1,1,1,1,1,1,1
2026-09-21T17:00:00Z,2026-09-21T16:00:00Z,60,5810.0,2026-09-21T15:50:16Z,semo_pub_dailyloadfcst_202609211550,9.733333333333333,1,1070.0,2026-09-21T15:50:16Z,semo_pub_dailyloadfcst_202609211550,9.733333333333333,1,4740.0,2026-09-21T15:50:16Z,semo_pub_dailyloadfcst_202609211550,9.733333333333333,1,500.0,2026-09-21T06:00:11Z,semo_pub_dailyintconntc_202609210600,599.8166666666667,1,530.0,2026-09-21T06:00:11Z,semo_pub_dailyintconntc_202609210600,599.8166666666667,1,513.0,2026-09-21T06:00:11Z,semo_pub_dailyintconntc_202609210600,599.8166666666667,1,500.0,2026-09-21T06:00:11Z,semo_pub_dailyintconntc_202609210600,599.8166666666667,1,500.0,2026-09-21T06:00:11Z,semo_pub_dailyintconntc_202609210600,599.8166666666667,1,504.0,2026-09-21T06:00:11Z,semo_pub_dailyintconntc_202609210600,599.8166666666667,1,,,,,0,1507.27,2026-09-21T12:13:53Z,semo_pub_15minaggwindfcst_202609211213,226.11666666666667,1,0,4193.018,1419.814,2.08,204.605,254.74650000000003,372.545,0.5236000000000001,2026-08-31T23:00:00Z,29820.0,1,,,,0,0,1,1,0,0,0,0,0,0,,,,,,,,,,,831.8965000000001,,,,134,14.081567510433711,31.0,0.0,6,45.80764036859883,133.50199999999995,-36.20399999999995,0,,,,,,,,,,,,,,,,,,,,,,,,,,,,,,,,,,,,,,,,,,,,,,,,,,,,0,0,0,0,0,0,0,0,0,0,0,0,0,0,0,0,0,0,0,0,0,0,0,0,0,0,0,1,1,1,0,0,0,1,1,1,1,1,1,1,1,1,1,1,1,1,1,1,1,0,0,0,0,0,0,1,1,1,1,1,1,1,1,1,1,1,1,1,1,1,1,1,1,1,1,1,1,1,1,1,1,1,1,1,1,1,1,1,1,1,1,1,1,1,1,1,1,1,1,1,1,1,1,1,1,1
2026-09-21T17:00:00Z,2026-09-21T16:30:00Z,30,5810.0,2026-09-21T16:20:10Z,semo_pub_dailyloadfcst_202609211620,9.833333333333334,1,1070.0,2026-09-21T16:20:10Z,semo_pub_dailyloadfcst_202609211620,9.833333333333334,1,4740.0,2026-09-21T16:20:10Z,semo_pub_dailyloadfcst_202609211620,9.833333333333334,1,500.0,2026-09-21T06:00:11Z,semo_pub_dailyintconntc_202609210600,629.8166666666667,1,530.0,2026-09-21T06:00:11Z,semo_pub_dailyintconntc_202609210600,629.8166666666667,1,513.0,2026-09-21T06:00:11Z,semo_pub_dailyintconntc_202609210600,629.8166666666667,1,500.0,2026-09-21T06:00:11Z,semo_pub_dailyintconntc_202609210600,629.8166666666667,1,500.0,2026-09-21T06:00:11Z,semo_pub_dailyintconntc_202609210600,629.8166666666667,1,504.0,2026-09-21T06:00:11Z,semo_pub_dailyintconntc_202609210600,629.8166666666667,1,,,,,0,1507.27,2026-09-21T12:13:53Z,semo_pub_15minaggwindfcst_202609211213,256.1166666666667,1,0,4193.018,1419.814,2.08,204.605,254.74650000000003,372.545,0.5236000000000001,2026-08-31T23:00:00Z,29850.0,1,,,,0,0,1,1,0,0,0,0,0,0,,,,,,,,,,,831.8965000000001,,,,138,14.357493815058513,31.0,0.0,6,45.80764036859883,133.50199999999995,-36.20399999999995,0,,,,,,,,,,,,,,,,,,,,,,,,,,,,,,,,,,,,,,,,,,,,,,,,,,,,0,0,0,0,0,0,0,0,0,0,0,0,0,0,0,0,0,0,0,0,0,0,0,0,0,0,0,1,1,1,0,0,0,1,1,1,1,1,1,1,1,1,1,1,1,1,1,1,1,0,0,0,0,0,0,1,1,1,1,1,1,1,1,1,1,1,1,1,1,1,1,1,1,1,1,1,1,1,1,1,1,1,1,1,1,1,1,1,1,1,1,1,1,1,1,1,1,1,1,1,1,1,1,1,1,1
2026-09-21T17:30:00Z,2026-09-21T16:30:00Z,60,5725.0,2026-09-21T16:20:10Z,semo_pub_dailyloadfcst_202609211620,9.833333333333334,1,1029.0,2026-09-21T16:20:10Z,semo_pub_dailyloadfcst_202609211620,9.833333333333334,1,4696.0,2026-09-21T16:20:10Z,semo_pub_dailyloadfcst_202609211620,9.833333333333334,1,,,,,0,,,,,0,,,,,0,,,,,0,,,,,0,,,,,0,,,,,0,1352.201,2026-09-21T12:13:53Z,semo_pub_15minaggwindfcst_202609211213,256.1166666666667,1,0,4193.018,1419.814,2.08,204.605,254.74650000000003,372.545,0.5236000000000001,2026-08-31T23:00:00Z,29850.0,1,,,,0,0,1,1,1,1,1,1,1,1,,,,,,,,,,,831.8965000000001,,,,138,9.726044197297702,21.0,0.0,6,55.89349088643703,159.3499999999999,-13.287000000000035,0,,,,,,,,,,,,,,,,,,,,,,,,,,,,,,,,,,,,,,,,,,,,,,,,,,,,0,0,0,0,0,0,0,0,0,1,1,1,1,1,1,1,1,1,1,1,1,1,1,1,1,1,1,1,1,1,0,0,0,1,1,1,1,1,1,1,1,1,1,1,1,1,1,1,1,0,0,0,0,0,0,1,1,1,1,1,1,1,1,1,1,1,1,1,1,1,1,1,1,1,1,1,1,1,1,1,1,1,1,1,1,1,1,1,1,1,1,1,1,1,1,1,1,1,1,1,1,1,1,1,1,1
2026-09-21T17:30:00Z,2026-09-21T17:00:00Z,30,5671.0,2026-09-21T16:50:20Z,semo_pub_dailyloadfcst_202609211650,9.666666666666666,1,975.0,2026-09-21T16:50:20Z,semo_pub_dailyloadfcst_202609211650,9.666666666666666,1,4696.0,2026-09-21T16:50:20Z,semo_pub_dailyloadfcst_202609211650,9.666666666666666,1,,,,,0,,,,,0,,,,,0,,,,,0,,,,,0,,,,,0,,,,,0,1352.201,2026-09-21T12:13:53Z,semo_pub_15minaggwindfcst_202609211213,286.1166666666667,1,0,4193.018,1419.814,2.08,204.605,254.74650000000003,372.545,0.5236000000000001,2026-08-31T23:00:00Z,29880.0,1,,,,0,0,1,1,1,1,1,1,1,1,,,,,,,,,,,831.8965000000001,,,,142,11.22053769555389,54.0,0.0,6,55.89349088643703,159.3499999999999,-13.287000000000035,0,,,,,,,,,,,,,,,,,,,,,,,,,,,,,,,,,,,,,,,,,,,,,,,,,,,,0,0,0,0,0,0,0,0,0,1,1,1,1,1,1,1,1,1,1,1,1,1,1,1,1,1,1,1,1,1,0,0,0,1,1,1,1,1,1,1,1,1,1,1,1,1,1,1,1,0,0,0,0,0,0,1,1,1,1,1,1,1,1,1,1,1,1,1,1,1,1,1,1,1,1,1,1,1,1,1,1,1,1,1,1,1,1,1,1,1,1,1,1,1,1,1,1,1,1,1,1,1,1,1,1,1
2026-09-21T18:00:00Z,2026-09-21T17:00:00Z,60,5605.0,2026-09-21T16:50:20Z,semo_pub_dailyloadfcst_202609211650,9.666666666666666,1,947.0,2026-09-21T16:50:20Z,semo_pub_dailyloadfcst_202609211650,9.666666666666666,1,4658.0,2026-09-21T16:50:20Z,semo_pub_dailyloadfcst_202609211650,9.666666666666666,1,500.0,2026-09-21T06:00:11Z,semo_pub_dailyintconntc_202609210600,659.8166666666667,1,530.0,2026-09-21T06:00:11Z,semo_pub_dailyintconntc_202609210600,659.8166666666667,1,513.0,2026-09-21T06:00:11Z,semo_pub_dailyintconntc_202609210600,659.8166666666667,1,500.0,2026-09-21T06:00:11Z,semo_pub_dailyintconntc_202609210600,659.8166666666667,1,500.0,2026-09-21T06:00:11Z,semo_pub_dailyintconntc_202609210600,659.8166666666667,1,504.0,2026-09-21T06:00:11Z,semo_pub_dailyintconntc_202609210600,659.8166666666667,1,,,,,0,1197.127,2026-09-21T12:13:53Z,semo_pub_15minaggwindfcst_202609211213,286.1166666666667,1,0,4193.018,1419.814,2.08,204.605,254.74650000000003,372.545,0.5236000000000001,2026-08-31T23:00:00Z,29880.0,1,,,,0,0,1,1,0,0,0,0,0,0,,,,,,,,,,,831.8965000000001,,,,142,9.808805035222393,56.0,0.0,6,67.52995852068587,185.21399999999994,9.625999999999976,0,,,,,,,,,,,,,,,,,,,,,,,,,,,,,,,,,,,,,,,,,,,,,,,,,,,,0,0,0,0,0,0,0,0,0,0,0,0,0,0,0,0,0,0,0,0,0,0,0,0,0,0,0,1,1,1,0,0,0,1,1,1,1,1,1,1,1,1,1,1,1,1,1,1,1,0,0,0,0,0,0,1,1,1,1,1,1,1,1,1,1,1,1,1,1,1,1,1,1,1,1,1,1,1,1,1,1,1,1,1,1,1,1,1,1,1,1,1,1,1,1,1,1,1,1,1,1,1,1,1,1,1
2026-09-21T18:00:00Z,2026-09-21T17:30:00Z,30,5605.0,2026-09-21T17:20:21Z,semo_pub_dailyloadfcst_202609211720,9.65,1,947.0,2026-09-21T17:20:21Z,semo_pub_dailyloadfcst_202609211720,9.65,1,4658.0,2026-09-21T17:20:21Z,semo_pub_dailyloadfcst_202609211720,9.65,1,500.0,2026-09-21T06:00:11Z,semo_pub_dailyintconntc_202609210600,689.8166666666667,1,530.0,2026-09-21T06:00:11Z,semo_pub_dailyintconntc_202609210600,689.8166666666667,1,513.0,2026-09-21T06:00:11Z,semo_pub_dailyintconntc_202609210600,689.8166666666667,1,500.0,2026-09-21T06:00:11Z,semo_pub_dailyintconntc_202609210600,689.8166666666667,1,500.0,2026-09-21T06:00:11Z,semo_pub_dailyintconntc_202609210600,689.8166666666667,1,504.0,2026-09-21T06:00:11Z,semo_pub_dailyintconntc_202609210600,689.8166666666667,1,,,,,0,1197.127,2026-09-21T12:13:53Z,semo_pub_15minaggwindfcst_202609211213,316.1166666666667,1,0,4193.018,1419.814,2.08,204.605,254.74650000000003,372.545,0.5236000000000001,2026-08-31T23:00:00Z,29910.0,1,,,,0,0,1,1,0,0,0,0,0,0,,,,,,,,,,,831.8965000000001,,,,146,12.059401361322614,56.0,0.0,6,67.52995852068587,185.21399999999994,9.625999999999976,0,,,,,,,,,,,,,,,,,,,,,,,,,,,,,,,,,,,,,,,,,,,,,,,,,,,,0,0,0,0,0,0,0,0,0,0,0,0,0,0,0,0,0,0,0,0,0,0,0,0,0,0,0,1,1,1,0,0,0,1,1,1,1,1,1,1,1,1,1,1,1,1,1,1,1,0,0,0,0,0,0,1,1,1,1,1,1,1,1,1,1,1,1,1,1,1,1,1,1,1,1,1,1,1,1,1,1,1,1,1,1,1,1,1,1,1,1,1,1,1,1,1,1,1,1,1,1,1,1,1,1,1
2026-09-21T18:30:00Z,2026-09-21T17:30:00Z,60,5555.0,2026-09-21T17:20:21Z,semo_pub_dailyloadfcst_202609211720,9.65,1,946.0,2026-09-21T17:20:21Z,semo_pub_dailyloadfcst_202609211720,9.65,1,4609.0,2026-09-21T17:20:21Z,semo_pub_dailyloadfcst_202609211720,9.65,1,,,,,0,,,,,0,,,,,0,,,,,0,,,,,0,,,,,0,,,,,0,1173.995,2026-09-21T12:13:53Z,semo_pub_15minaggwindfcst_202609211213,316.1166666666667,1,0,4193.018,1419.814,2.08,204.605,254.74650000000003,372.545,0.5236000000000001,2026-08-31T23:00:00Z,29910.0,1,,,,0,0,1,1,1,1,1,1,1,1,,,,,,,,,,,831.8965000000001,,,,146,14.750486218613082,69.0,0.0,6,69.75170821325214,188.48300000000006,15.628999999999905,0,,,,,,,,,,,,,,,,,,,,,,,,,,,,,,,,,,,,,,,,,,,,,,,,,,,,0,0,0,0,0,0,0,0,0,1,1,1,1,1,1,1,1,1,1,1,1,1,1,1,1,1,1,1,1,1,0,0,0,1,1,1,1,1,1,1,1,1,1,1,1,1,1,1,1,0,0,0,0,0,0,1,1,1,1,1,1,1,1,1,1,1,1,1,1,1,1,1,1,1,1,1,1,1,1,1,1,1,1,1,1,1,1,1,1,1,1,1,1,1,1,1,1,1,1,1,1,1,1,1,1,1
2026-09-21T18:30:00Z,2026-09-21T18:00:00Z,30,5555.0,2026-09-21T17:50:10Z,semo_pub_dailyloadfcst_202609211750,9.833333333333334,1,946.0,2026-09-21T17:50:10Z,semo_pub_dailyloadfcst_202609211750,9.833333333333334,1,4609.0,2026-09-21T17:50:10Z,semo_pub_dailyloadfcst_202609211750,9.833333333333334,1,,,,,0,,,,,0,,,,,0,,,,,0,,,,,0,,,,,0,,,,,0,1173.995,2026-09-21T12:13:53Z,semo_pub_15minaggwindfcst_202609211213,346.1166666666667,1,0,4193.018,1419.814,2.08,204.605,254.74650000000003,372.545,0.5236000000000001,2026-08-31T23:00:00Z,29940.0,1,,,,0,0,1,1,1,1,1,1,1,1,,,,,,,,,,,831.8965000000001,,,,150,16.89944640776404,69.0,0.0,6,69.75170821325214,188.48300000000006,15.628999999999905,0,,,,,,,,,,,,,,,,,,,,,,,,,,,,,,,,,,,,,,,,,,,,,,,,,,,,0,0,0,0,0,0,0,0,0,1,1,1,1,1,1,1,1,1,1,1,1,1,1,1,1,1,1,1,1,1,0,0,0,1,1,1,1,1,1,1,1,1,1,1,1,1,1,1,1,0,0,0,0,0,0,1,1,1,1,1,1,1,1,1,1,1,1,1,1,1,1,1,1,1,1,1,1,1,1,1,1,1,1,1,1,1,1,1,1,1,1,1,1,1,1,1,1,1,1,1,1,1,1,1,1,1
2026-09-21T19:00:00Z,2026-09-21T18:00:00Z,60,5591.0,2026-09-21T17:50:10Z,semo_pub_dailyloadfcst_202609211750,9.833333333333334,1,951.0,2026-09-21T17:50:10Z,semo_pub_dailyloadfcst_202609211750,9.833333333333334,1,4640.0,2026-09-21T17:50:10Z,semo_pub_dailyloadfcst_202609211750,9.833333333333334,1,500.0,2026-09-21T06:00:11Z,semo_pub_dailyintconntc_202609210600,719.8166666666667,1,530.0,2026-09-21T06:00:11Z,semo_pub_dailyintconntc_202609210600,719.8166666666667,1,513.0,2026-09-21T06:00:11Z,semo_pub_dailyintconntc_202609210600,719.8166666666667,1,500.0,2026-09-21T06:00:11Z,semo_pub_dailyintconntc_202609210600,719.8166666666667,1,500.0,2026-09-21T06:00:11Z,semo_pub_dailyintconntc_202609210600,719.8166666666667,1,504.0,2026-09-21T06:00:11Z,semo_pub_dailyintconntc_202609210600,719.8166666666667,1,,,,,0,1150.856,2026-09-21T12:13:53Z,semo_pub_15minaggwindfcst_202609211213,346.1166666666667,1,0,4193.018,1419.814,2.08,204.605,254.74650000000003,372.545,0.5236000000000001,2026-08-31T23:00:00Z,29940.0,1,,,,0,0,1,1,0,0,0,0,0,0,,,,,,,,,,,831.8965000000001,,,,150,15.186954928490438,57.0,0.0,6,72.21340294436729,191.74800000000005,21.65000000000009,0,,,,,,,,,,,,,,,,,,,,,,,,,,,,,,,,,,,,,,,,,,,,,,,,,,,,0,0,0,0,0,0,0,0,0,0,0,0,0,0,0,0,0,0,0,0,0,0,0,0,0,0,0,1,1,1,0,0,0,1,1,1,1,1,1,1,1,1,1,1,1,1,1,1,1,0,0,0,0,0,0,1,1,1,1,1,1,1,1,1,1,1,1,1,1,1,1,1,1,1,1,1,1,1,1,1,1,1,1,1,1,1,1,1,1,1,1,1,1,1,1,1,1,1,1,1,1,1,1,1,1,1
2026-09-21T19:00:00Z,2026-09-21T18:30:00Z,30,5591.0,2026-09-21T18:20:10Z,semo_pub_dailyloadfcst_202609211820,9.833333333333334,1,951.0,2026-09-21T18:20:10Z,semo_pub_dailyloadfcst_202609211820,9.833333333333334,1,4640.0,2026-09-21T18:20:10Z,semo_pub_dailyloadfcst_202609211820,9.833333333333334,1,500.0,2026-09-21T06:00:11Z,semo_pub_dailyintconntc_202609210600,749.8166666666667,1,530.0,2026-09-21T06:00:11Z,semo_pub_dailyintconntc_202609210600,749.8166666666667,1,513.0,2026-09-21T06:00:11Z,semo_pub_dailyintconntc_202609210600,749.8166666666667,1,500.0,2026-09-21T06:00:11Z,semo_pub_dailyintconntc_202609210600,749.8166666666667,1,500.0,2026-09-21T06:00:11Z,semo_pub_dailyintconntc_202609210600,749.8166666666667,1,504.0,2026-09-21T06:00:11Z,semo_pub_dailyintconntc_202609210600,749.8166666666667,1,,,,,0,1291.092,2026-09-21T18:13:59Z,semo_pub_15minaggwindfcst_202609211813,16.016666666666666,1,0,4193.018,1419.814,2.08,204.605,254.74650000000003,372.545,0.5236000000000001,2026-08-31T23:00:00Z,29970.0,1,,,,0,0,0,1,0,0,0,0,0,0,,,,,,,,,,,831.8965000000001,,,,154,16.85132496205842,57.0,0.0,8,93.79866523170787,320.29200000000014,141.5150000000001,0,,,,,,,,,,,,,,,,,,,,,,,,,,,,,,,,,,,,,,,,,,,,,,,,,,,,0,0,0,0,0,0,0,0,0,0,0,0,0,0,0,0,0,0,0,0,0,0,0,0,0,0,0,1,1,1,0,0,0,1,1,1,1,1,1,1,1,1,1,1,1,1,1,1,1,0,0,0,0,0,0,1,1,1,1,1,1,1,1,1,1,1,1,1,1,1,1,1,1,1,1,1,1,1,1,1,1,1,1,1,1,1,1,1,1,1,1,1,1,1,1,1,1,1,1,1,1,1,1,1,1,1
2026-09-21T19:30:00Z,2026-09-21T18:30:00Z,60,5549.0,2026-09-21T18:20:10Z,semo_pub_dailyloadfcst_202609211820,9.833333333333334,1,934.0,2026-09-21T18:20:10Z,semo_pub_dailyloadfcst_202609211820,9.833333333333334,1,4615.0,2026-09-21T18:20:10Z,semo_pub_dailyloadfcst_202609211820,9.833333333333334,1,,,,,0,,,,,0,,,,,0,,,,,0,,,,,0,,,,,0,,,,,0,1253.492,2026-09-21T18:13:59Z,semo_pub_15minaggwindfcst_202609211813,16.016666666666666,1,0,4193.018,1419.814,2.08,204.605,254.74650000000003,372.545,0.5236000000000001,2026-08-31T23:00:00Z,29970.0,1,,,,0,0,0,1,1,1,1,1,1,1,,,,,,,,,,,831.8965000000001,,,,154,17.807327209449735,43.0,0.0,8,85.79123222383727,285.235,131.30999999999995,0,,,,,,,,,,,,,,,,,,,,,,,,,,,,,,,,,,,,,,,,,,,,,,,,,,,,0,0,0,0,0,0,0,0,0,1,1,1,1,1,1,1,1,1,1,1,1,1,1,1,1,1,1,1,1,1,0,0,0,1,1,1,1,1,1,1,1,1,1,1,1,1,1,1,1,0,0,0,0,0,0,1,1,1,1,1,1,1,1,1,1,1,1,1,1,1,1,1,1,1,1,1,1,1,1,1,1,1,1,1,1,1,1,1,1,1,1,1,1,1,1,1,1,1,1,1,1,1,1,1,1,1
2026-09-21T19:30:00Z,2026-09-21T19:00:00Z,30,5549.0,2026-09-21T18:50:21Z,semo_pub_dailyloadfcst_202609211850,9.65,1,934.0,2026-09-21T18:50:21Z,semo_pub_dailyloadfcst_202609211850,9.65,1,4615.0,2026-09-21T18:50:21Z,semo_pub_dailyloadfcst_202609211850,9.65,1,,,,,0,,,,,0,,,,,0,,,,,0,,,,,0,,,,,0,,,,,0,1253.492,2026-09-21T18:13:59Z,semo_pub_15minaggwindfcst_202609211813,46.016666666666666,1,0,4193.018,1419.814,2.08,204.605,254.74650000000003,372.545,0.5236000000000001,2026-08-31T23:00:00Z,30000.0,1,,,,0,0,0,1,1,1,1,1,1,1,,,,,,,,,,,831.8965000000001,,,,158,18.16493295601685,43.0,0.0,8,85.79123222383727,285.235,131.30999999999995,0,,,,,,,,,,,,,,,,,,,,,,,,,,,,,,,,,,,,,,,,,,,,,,,,,,,,0,0,0,0,0,0,0,0,0,1,1,1,1,1,1,1,1,1,1,1,1,1,1,1,1,1,1,1,1,1,0,0,0,1,1,1,1,1,1,1,1,1,1,1,1,1,1,1,1,0,0,0,0,0,0,1,1,1,1,1,1,1,1,1,1,1,1,1,1,1,1,1,1,1,1,1,1,1,1,1,1,1,1,1,1,1,1,1,1,1,1,1,1,1,1,1,1,1,1,1,1,1,1,1,1,1
2026-09-21T20:00:00Z,2026-09-21T19:00:00Z,60,5377.0,2026-09-21T18:50:21Z,semo_pub_dailyloadfcst_202609211850,9.65,1,886.0,2026-09-21T18:50:21Z,semo_pub_dailyloadfcst_202609211850,9.65,1,4491.0,2026-09-21T18:50:21Z,semo_pub_dailyloadfcst_202609211850,9.65,1,500.0,2026-09-21T06:00:11Z,semo_pub_dailyintconntc_202609210600,779.8166666666667,1,530.0,2026-09-21T06:00:11Z,semo_pub_dailyintconntc_202609210600,779.8166666666667,1,513.0,2026-09-21T06:00:11Z,semo_pub_dailyintconntc_202609210600,779.8166666666667,1,500.0,2026-09-21T06:00:11Z,semo_pub_dailyintconntc_202609210600,779.8166666666667,1,500.0,2026-09-21T06:00:11Z,semo_pub_dailyintconntc_202609210600,779.8166666666667,1,504.0,2026-09-21T06:00:11Z,semo_pub_dailyintconntc_202609210600,779.8166666666667,1,,,,,0,1215.894,2026-09-21T18:13:59Z,semo_pub_15minaggwindfcst_202609211813,46.016666666666666,1,0,4193.018,1419.814,2.08,204.605,254.74650000000003,372.545,0.5236000000000001,2026-08-31T23:00:00Z,30000.0,1,,,,0,0,0,1,0,0,0,0,0,0,,,,,,,,,,,831.8965000000001,,,,158,17.576177277527535,51.0,0.0,8,79.5606595552059,250.17600000000004,121.09500000000003,0,,,,,,,,,,,,,,,,,,,,,,,,,,,,,,,,,,,,,,,,,,,,,,,,,,,,0,0,0,0,0,0,0,0,0,0,0,0,0,0,0,0,0,0,0,0,0,0,0,0,0,0,0,1,1,1,0,0,0,1,1,1,1,1,1,1,1,1,1,1,1,1,1,1,1,0,0,0,0,0,0,1,1,1,1,1,1,1,1,1,1,1,1,1,1,1,1,1,1,1,1,1,1,1,1,1,1,1,1,1,1,1,1,1,1,1,1,1,1,1,1,1,1,1,1,1,1,1,1,1,1,1
2026-09-21T20:00:00Z,2026-09-21T19:30:00Z,30,5377.0,2026-09-21T19:20:05Z,semo_pub_dailyloadfcst_202609211920,9.916666666666666,1,886.0,2026-09-21T19:20:05Z,semo_pub_dailyloadfcst_202609211920,9.916666666666666,1,4491.0,2026-09-21T19:20:05Z,semo_pub_dailyloadfcst_202609211920,9.916666666666666,1,500.0,2026-09-21T06:00:11Z,semo_pub_dailyintconntc_202609210600,809.8166666666667,1,530.0,2026-09-21T06:00:11Z,semo_pub_dailyintconntc_202609210600,809.8166666666667,1,513.0,2026-09-21T06:00:11Z,semo_pub_dailyintconntc_202609210600,809.8166666666667,1,500.0,2026-09-21T06:00:11Z,semo_pub_dailyintconntc_202609210600,809.8166666666667,1,500.0,2026-09-21T06:00:11Z,semo_pub_dailyintconntc_202609210600,809.8166666666667,1,504.0,2026-09-21T06:00:11Z,semo_pub_dailyintconntc_202609210600,809.8166666666667,1,,,,,0,1215.894,2026-09-21T18:13:59Z,semo_pub_15minaggwindfcst_202609211813,76.01666666666667,1,0,4193.018,1419.814,2.08,204.605,254.74650000000003,372.545,0.5236000000000001,2026-08-31T23:00:00Z,30030.0,1,,,,0,0,0,1,0,0,0,0,0,0,,,,,,,,,,,831.8965000000001,,,,162,18.341346920515694,51.0,0.0,8,79.5606595552059,250.17600000000004,121.09500000000003,0,,,,,,,,,,,,,,,,,,,,,,,,,,,,,,,,,,,,,,,,,,,,,,,,,,,,0,0,0,0,0,0,0,0,0,0,0,0,0,0,0,0,0,0,0,0,0,0,0,0,0,0,0,1,1,1,0,0,0,1,1,1,1,1,1,1,1,1,1,1,1,1,1,1,1,0,0,0,0,0,0,1,1,1,1,1,1,1,1,1,1,1,1,1,1,1,1,1,1,1,1,1,1,1,1,1,1,1,1,1,1,1,1,1,1,1,1,1,1,1,1,1,1,1,1,1,1,1,1,1,1,1
2026-09-21T20:30:00Z,2026-09-21T19:30:00Z,60,5180.0,2026-09-21T19:20:05Z,semo_pub_dailyloadfcst_202609211920,9.916666666666666,1,833.0,2026-09-21T19:20:05Z,semo_pub_dailyloadfcst_202609211920,9.916666666666666,1,4347.0,2026-09-21T19:20:05Z,semo_pub_dailyloadfcst_202609211920,9.916666666666666,1,,,,,0,,,,,0,,,,,0,,,,,0,,,,,0,,,,,0,,,,,0,1220.152,2026-09-21T18:13:59Z,semo_pub_15minaggwindfcst_202609211813,76.01666666666667,1,0,4193.018,1419.814,2.08,204.605,254.74650000000003,372.545,0.5236000000000001,2026-08-31T23:00:00Z,30030.0,1,,,,0,0,0,1,1,1,1,1,1,1,,,,,,,,,,,831.8965000000001,,,,162,23.767081071540517,55.0,0.0,8,74.00019393376192,210.77800000000002,93.29899999999998,0,,,,,,,,,,,,,,,,,,,,,,,,,,,,,,,,,,,,,,,,,,,,,,,,,,,,0,0,0,0,0,0,0,0,0,1,1,1,1,1,1,1,1,1,1,1,1,1,1,1,1,1,1,1,1,1,0,0,0,1,1,1,1,1,1,1,1,1,1,1,1,1,1,1,1,0,0,0,0,0,0,1,1,1,1,1,1,1,1,1,1,1,1,1,1,1,1,1,1,1,1,1,1,1,1,1,1,1,1,1,1,1,1,1,1,1,1,1,1,1,1,1,1,1,1,1,1,1,1,1,1,1
2026-09-21T20:30:00Z,2026-09-21T20:00:00Z,30,5180.0,2026-09-21T19:50:11Z,semo_pub_dailyloadfcst_202609211950,9.816666666666666,1,833.0,2026-09-21T19:50:11Z,semo_pub_dailyloadfcst_202609211950,9.816666666666666,1,4347.0,2026-09-21T19:50:11Z,semo_pub_dailyloadfcst_202609211950,9.816666666666666,1,,,,,0,,,,,0,,,,,0,,,,,0,,,,,0,,,,,0,,,,,0,1220.152,2026-09-21T18:13:59Z,semo_pub_15minaggwindfcst_202609211813,106.01666666666668,1,0,4193.018,1419.814,2.08,204.605,254.74650000000003,372.545,0.5236000000000001,2026-08-31T23:00:00Z,30060.0,1,,,,0,0,0,1,1,1,1,1,1,1,,,,,,,,,,,831.8965000000001,,,,166,24.092886041065682,55.0,0.0,8,74.00019393376192,210.77800000000002,93.29899999999998,0,,,,,,,,,,,,,,,,,,,,,,,,,,,,,,,,,,,,,,,,,,,,,,,,,,,,0,0,0,0,0,0,0,0,0,1,1,1,1,1,1,1,1,1,1,1,1,1,1,1,1,1,1,1,1,1,0,0,0,1,1,1,1,1,1,1,1,1,1,1,1,1,1,1,1,0,0,0,0,0,0,1,1,1,1,1,1,1,1,1,1,1,1,1,1,1,1,1,1,1,1,1,1,1,1,1,1,1,1,1,1,1,1,1,1,1,1,1,1,1,1,1,1,1,1,1,1,1,1,1,1,1
2026-09-21T21:00:00Z,2026-09-21T20:00:00Z,60,4910.0,2026-09-21T19:50:11Z,semo_pub_dailyloadfcst_202609211950,9.816666666666666,1,767.0,2026-09-21T19:50:11Z,semo_pub_dailyloadfcst_202609211950,9.816666666666666,1,4143.0,2026-09-21T19:50:11Z,semo_pub_dailyloadfcst_202609211950,9.816666666666666,1,500.0,2026-09-21T06:00:11Z,semo_pub_dailyintconntc_202609210600,839.8166666666667,1,530.0,2026-09-21T06:00:11Z,semo_pub_dailyintconntc_202609210600,839.8166666666667,1,513.0,2026-09-21T06:00:11Z,semo_pub_dailyintconntc_202609210600,839.8166666666667,1,500.0,2026-09-21T06:00:11Z,semo_pub_dailyintconntc_202609210600,839.8166666666667,1,500.0,2026-09-21T06:00:11Z,semo_pub_dailyintconntc_202609210600,839.8166666666667,1,504.0,2026-09-21T06:00:11Z,semo_pub_dailyintconntc_202609210600,839.8166666666667,1,,,,,0,1224.406,2026-09-21T18:13:59Z,semo_pub_15minaggwindfcst_202609211813,106.01666666666668,1,0,4193.018,1419.814,2.08,204.605,254.74650000000003,372.545,0.5236000000000001,2026-08-31T23:00:00Z,30060.0,1,,,,0,0,0,1,0,0,0,0,0,0,,,,,,,,,,,831.8965000000001,,,,166,22.94172137121634,59.0,0.0,8,70.23059280683881,205.29999999999995,65.50299999999993,0,,,,,,,,,,,,,,,,,,,,,,,,,,,,,,,,,,,,,,,,,,,,,,,,,,,,0,0,0,0,0,0,0,0,0,0,0,0,0,0,0,0,0,0,0,0,0,0,0,0,0,0,0,1,1,1,0,0,0,1,1,1,1,1,1,1,1,1,1,1,1,1,1,1,1,0,0,0,0,0,0,1,1,1,1,1,1,1,1,1,1,1,1,1,1,1,1,1,1,1,1,1,1,1,1,1,1,1,1,1,1,1,1,1,1,1,1,1,1,1,1,1,1,1,1,1,1,1,1,1,1,1
2026-09-21T21:00:00Z,2026-09-21T20:30:00Z,30,4910.0,2026-09-21T20:20:11Z,semo_pub_dailyloadfcst_202609212020,9.816666666666666,1,767.0,2026-09-21T20:20:11Z,semo_pub_dailyloadfcst_202609212020,9.816666666666666,1,4143.0,2026-09-21T20:20:11Z,semo_pub_dailyloadfcst_202609212020,9.816666666666666,1,500.0,2026-09-21T06:00:11Z,semo_pub_dailyintconntc_202609210600,869.8166666666667,1,530.0,2026-09-21T06:00:11Z,semo_pub_dailyintconntc_202609210600,869.8166666666667,1,513.0,2026-09-21T06:00:11Z,semo_pub_dailyintconntc_202609210600,869.8166666666667,1,500.0,2026-09-21T06:00:11Z,semo_pub_dailyintconntc_202609210600,869.8166666666667,1,500.0,2026-09-21T06:00:11Z,semo_pub_dailyintconntc_202609210600,869.8166666666667,1,504.0,2026-09-21T06:00:11Z,semo_pub_dailyintconntc_202609210600,869.8166666666667,1,,,,,0,1224.406,2026-09-21T18:13:59Z,semo_pub_15minaggwindfcst_202609211813,136.01666666666668,1,0,4193.018,1419.814,2.08,204.605,254.74650000000003,372.545,0.5236000000000001,2026-08-31T23:00:00Z,30090.0,1,,,,0,0,1,1,0,0,0,0,0,0,,,,,,,,,,,831.8965000000001,,,,170,23.482397883960292,59.0,0.0,8,70.23059280683881,205.29999999999995,65.50299999999993,0,,,,,,,,,,,,,,,,,,,,,,,,,,,,,,,,,,,,,,,,,,,,,,,,,,,,0,0,0,0,0,0,0,0,0,0,0,0,0,0,0,0,0,0,0,0,0,0,0,0,0,0,0,1,1,1,0,0,0,1,1,1,1,1,1,1,1,1,1,1,1,1,1,1,1,0,0,0,0,0,0,1,1,1,1,1,1,1,1,1,1,1,1,1,1,1,1,1,1,1,1,1,1,1,1,1,1,1,1,1,1,1,1,1,1,1,1,1,1,1,1,1,1,1,1,1,1,1,1,1,1,1
2026-09-21T21:30:00Z,2026-09-21T20:30:00Z,60,4657.0,2026-09-21T20:20:11Z,semo_pub_dailyloadfcst_202609212020,9.816666666666666,1,713.0,2026-09-21T20:20:11Z,semo_pub_dailyloadfcst_202609212020,9.816666666666666,1,3944.0,2026-09-21T20:20:11Z,semo_pub_dailyloadfcst_202609212020,9.816666666666666,1,,,,,0,,,,,0,,,,,0,,,,,0,,,,,0,,,,,0,,,,,0,1251.719,2026-09-21T18:13:59Z,semo_pub_15minaggwindfcst_202609211813,136.01666666666668,1,0,4193.018,1419.814,2.08,204.605,254.74650000000003,372.545,0.5236000000000001,2026-08-31T23:00:00Z,30090.0,1,,,,0,0,1,1,1,1,1,1,1,1,,,,,,,,,,,831.8965000000001,,,,170,28.01269423069269,57.0,0.0,8,69.84469711214663,207.164,56.049999999999955,0,,,,,,,,,,,,,,,,,,,,,,,,,,,,,,,,,,,,,,,,,,,,,,,,,,,,0,0,0,0,0,0,0,0,0,1,1,1,1,1,1,1,1,1,1,1,1,1,1,1,1,1,1,1,1,1,0,0,0,1,1,1,1,1,1,1,1,1,1,1,1,1,1,1,1,0,0,0,0,0,0,1,1,1,1,1,1,1,1,1,1,1,1,1,1,1,1,1,1,1,1,1,1,1,1,1,1,1,1,1,1,1,1,1,1,1,1,1,1,1,1,1,1,1,1,1,1,1,1,1,1,1
2026-09-21T21:30:00Z,2026-09-21T21:00:00Z,30,4657.0,2026-09-21T20:50:10Z,semo_pub_dailyloadfcst_202609212050,9.833333333333334,1,713.0,2026-09-21T20:50:10Z,semo_pub_dailyloadfcst_202609212050,9.833333333333334,1,3944.0,2026-09-21T20:50:10Z,semo_pub_dailyloadfcst_202609212050,9.833333333333334,1,,,,,0,,,,,0,,,,,0,,,,,0,,,,,0,,,,,0,,,,,0,1251.719,2026-09-21T18:13:59Z,semo_pub_15minaggwindfcst_202609211813,166.01666666666668,1,0,4193.018,1419.814,2.08,204.605,254.74650000000003,372.545,0.5236000000000001,2026-08-31T23:00:00Z,30120.0,1,,,,0,0,1,1,1,1,1,1,1,1,,,,,,,,,,,831.8965000000001,,,,174,28.103944827900612,57.0,0.0,8,69.84469711214663,207.164,56.049999999999955,0,,,,,,,,,,,,,,,,,,,,,,,,,,,,,,,,,,,,,,,,,,,,,,,,,,,,0,0,0,0,0,0,0,0,0,1,1,1,1,1,1,1,1,1,1,1,1,1,1,1,1,1,1,1,1,1,0,0,0,1,1,1,1,1,1,1,1,1,1,1,1,1,1,1,1,0,0,0,0,0,0,1,1,1,1,1,1,1,1,1,1,1,1,1,1,1,1,1,1,1,1,1,1,1,1,1,1,1,1,1,1,1,1,1,1,1,1,1,1,1,1,1,1,1,1,1,1,1,1,1,1,1
2026-09-21T22:00:00Z,2026-09-21T21:00:00Z,60,4488.0,2026-09-21T20:50:10Z,semo_pub_dailyloadfcst_202609212050,9.833333333333334,1,660.0,2026-09-21T20:50:10Z,semo_pub_dailyloadfcst_202609212050,9.833333333333334,1,3828.0,2026-09-21T20:50:10Z,semo_pub_dailyloadfcst_202609212050,9.833333333333334,1,500.0,2026-09-21T06:00:11Z,semo_pub_dailyintconntc_202609210600,899.8166666666667,1,530.0,2026-09-21T06:00:11Z,semo_pub_dailyintconntc_202609210600,899.8166666666667,1,513.0,2026-09-21T06:00:11Z,semo_pub_dailyintconntc_202609210600,899.8166666666667,1,500.0,2026-09-21T06:00:11Z,semo_pub_dailyintconntc_202609210600,899.8166666666667,1,500.0,2026-09-21T06:00:11Z,semo_pub_dailyintconntc_202609210600,899.8166666666667,1,504.0,2026-09-21T06:00:11Z,semo_pub_dailyintconntc_202609210600,899.8166666666667,1,,,,,0,1279.034,2026-09-21T18:13:59Z,semo_pub_15minaggwindfcst_202609211813,166.01666666666668,1,0,4193.018,1419.814,2.08,204.605,254.74650000000003,372.545,0.5236000000000001,2026-08-31T23:00:00Z,30120.0,1,,,,0,0,1,1,0,0,0,0,0,0,,,,,,,,,,,831.8965000000001,,,,174,29.32153550174698,64.0,0.0,8,69.71875010342897,209.039,46.60500000000002,0,,,,,,,,,,,,,,,,,,,,,,,,,,,,,,,,,,,,,,,,,,,,,,,,,,,,0,0,0,0,0,0,0,0,0,0,0,0,0,0,0,0,0,0,0,0,0,0,0,0,0,0,0,1,1,1,0,0,0,1,1,1,1,1,1,1,1,1,1,1,1,1,1,1,1,0,0,0,0,0,0,1,1,1,1,1,1,1,1,1,1,1,1,1,1,1,1,1,1,1,1,1,1,1,1,1,1,1,1,1,1,1,1,1,1,1,1,1,1,1,1,1,1,1,1,1,1,1,1,1,1,1
2026-09-21T22:00:00Z,2026-09-21T21:30:00Z,30,4488.0,2026-09-21T21:20:15Z,semo_pub_dailyloadfcst_202609212120,9.75,1,660.0,2026-09-21T21:20:15Z,semo_pub_dailyloadfcst_202609212120,9.75,1,3828.0,2026-09-21T21:20:15Z,semo_pub_dailyloadfcst_202609212120,9.75,1,500.0,2026-09-21T06:00:11Z,semo_pub_dailyintconntc_202609210600,929.8166666666668,1,530.0,2026-09-21T06:00:11Z,semo_pub_dailyintconntc_202609210600,929.8166666666668,1,513.0,2026-09-21T06:00:11Z,semo_pub_dailyintconntc_202609210600,929.8166666666668,1,500.0,2026-09-21T06:00:11Z,semo_pub_dailyintconntc_202609210600,929.8166666666668,1,500.0,2026-09-21T06:00:11Z,semo_pub_dailyintconntc_202609210600,929.8166666666668,1,504.0,2026-09-21T06:00:11Z,semo_pub_dailyintconntc_202609210600,929.8166666666668,1,,,,,0,1279.034,2026-09-21T18:13:59Z,semo_pub_15minaggwindfcst_202609211813,196.01666666666668,1,0,4193.018,1419.814,2.08,204.605,254.74650000000003,372.545,0.5236000000000001,2026-08-31T23:00:00Z,30150.0,1,,,,0,0,1,1,0,0,0,0,0,0,,,,,,,,,,,831.8965000000001,,,,178,29.2177984064376,64.0,0.0,8,69.71875010342897,209.039,46.60500000000002,0,,,,,,,,,,,,,,,,,,,,,,,,,,,,,,,,,,,,,,,,,,,,,,,,,,,,0,0,0,0,0,0,0,0,0,0,0,0,0,0,0,0,0,0,0,0,0,0,0,0,0,0,0,1,1,1,0,0,0,1,1,1,1,1,1,1,1,1,1,1,1,1,1,1,1,0,0,0,0,0,0,1,1,1,1,1,1,1,1,1,1,1,1,1,1,1,1,1,1,1,1,1,1,1,1,1,1,1,1,1,1,1,1,1,1,1,1,1,1,1,1,1,1,1,1,1,1,1,1,1,1,1
2026-09-21T22:30:00Z,2026-09-21T21:30:00Z,60,4363.0,2026-09-21T21:20:15Z,semo_pub_dailyloadfcst_202609212120,9.75,1,614.0,2026-09-21T21:20:15Z,semo_pub_dailyloadfcst_202609212120,9.75,1,3749.0,2026-09-21T21:20:15Z,semo_pub_dailyloadfcst_202609212120,9.75,1,,,,,0,,,,,0,,,,,0,,,,,0,,,,,0,,,,,0,,,,,0,1321.928,2026-09-21T18:13:59Z,semo_pub_15minaggwindfcst_202609211813,196.01666666666668,1,0,4193.018,1419.814,2.08,204.605,254.74650000000003,372.545,0.5236000000000001,2026-08-31T23:00:00Z,30150.0,1,,,,0,0,1,1,1,1,1,1,1,1,,,,,,,,,,,831.8965000000001,,,,178,39.30029226159761,92.0,0.0,8,72.80544849621059,205.01099999999997,37.79100000000017,0,,,,,,,,,,,,,,,,,,,,,,,,,,,,,,,,,,,,,,,,,,,,,,,,,,,,0,0,0,0,0,0,0,0,0,1,1,1,1,1,1,1,1,1,1,1,1,1,1,1,1,1,1,1,1,1,0,0,0,1,1,1,1,1,1,1,1,1,1,1,1,1,1,1,1,0,0,0,0,0,0,1,1,1,1,1,1,1,1,1,1,1,1,1,1,1,1,1,1,1,1,1,1,1,1,1,1,1,1,1,1,1,1,1,1,1,1,1,1,1,1,1,1,1,1,1,1,1,1,1,1,1
2026-09-21T22:30:00Z,2026-09-21T22:00:00Z,30,4363.0,2026-09-21T21:50:21Z,semo_pub_dailyloadfcst_202609212150,9.65,1,614.0,2026-09-21T21:50:21Z,semo_pub_dailyloadfcst_202609212150,9.65,1,3749.0,2026-09-21T21:50:21Z,semo_pub_dailyloadfcst_202609212150,9.65,1,,,,,0,,,,,0,,,,,0,,,,,0,,,,,0,,,,,0,,,,,0,1321.928,2026-09-21T18:13:59Z,semo_pub_15minaggwindfcst_202609211813,226.01666666666668,1,0,4193.018,1419.814,2.08,204.605,254.74650000000003,372.545,0.5236000000000001,2026-08-31T23:00:00Z,30180.0,1,,,,0,0,1,1,1,1,1,1,1,1,,,,,,,,,,,831.8965000000001,,,,182,38.97877984683493,92.0,0.0,8,72.80544849621059,205.01099999999997,37.79100000000017,0,,,,,,,,,,,,,,,,,,,,,,,,,,,,,,,,,,,,,,,,,,,,,,,,,,,,0,0,0,0,0,0,0,0,0,1,1,1,1,1,1,1,1,1,1,1,1,1,1,1,1,1,1,1,1,1,0,0,0,1,1,1,1,1,1,1,1,1,1,1,1,1,1,1,1,0,0,0,0,0,0,1,1,1,1,1,1,1,1,1,1,1,1,1,1,1,1,1,1,1,1,1,1,1,1,1,1,1,1,1,1,1,1,1,1,1,1,1,1,1,1,1,1,1,1,1,1,1,1,1,1,1
2026-09-21T23:00:00Z,2026-09-21T22:00:00Z,60,4243.0,2026-09-21T21:50:21Z,semo_pub_dailyloadfcst_202609212150,9.65,1,600.0,2026-09-21T21:50:21Z,semo_pub_dailyloadfcst_202609212150,9.65,1,3643.0,2026-09-21T21:50:21Z,semo_pub_dailyloadfcst_202609212150,9.65,1,500.0,2026-09-21T06:00:11Z,semo_pub_dailyintconntc_202609210600,959.8166666666668,1,530.0,2026-09-21T06:00:11Z,semo_pub_dailyintconntc_202609210600,959.8166666666668,1,513.0,2026-09-21T06:00:11Z,semo_pub_dailyintconntc_202609210600,959.8166666666668,1,500.0,2026-09-21T06:00:11Z,semo_pub_dailyintconntc_202609210600,959.8166666666668,1,500.0,2026-09-21T06:00:11Z,semo_pub_dailyintconntc_202609210600,959.8166666666668,1,504.0,2026-09-21T06:00:11Z,semo_pub_dailyintconntc_202609210600,959.8166666666668,1,,,,,0,1364.832,2026-09-21T18:13:59Z,semo_pub_15minaggwindfcst_202609211813,226.01666666666668,1,0,4193.018,1419.814,2.08,204.605,254.74650000000003,372.545,0.5236000000000001,2026-08-31T23:00:00Z,30180.0,1,,,,0,0,1,1,0,0,0,0,0,0,,,,,,,,,,,831.8965000000001,,,,182,8.023144578735227,17.0,0.0,8,78.96227667215526,210.48800000000006,28.993000000000166,0,,,,,,,,,,,,,,,,,,,,,,,,,,,,,,,,,,,,,,,,,,,,,,,,,,,,0,0,0,0,0,0,0,0,0,0,0,0,0,0,0,0,0,0,0,0,0,0,0,0,0,0,0,1,1,1,0,0,0,1,1,1,1,1,1,1,1,1,1,1,1,1,1,1,1,0,0,0,0,0,0,1,1,1,1,1,1,1,1,1,1,1,1,1,1,1,1,1,1,1,1,1,1,1,1,1,1,1,1,1,1,1,1,1,1,1,1,1,1,1,1,1,1,1,1,1,1,1,1,1,1,1
2026-09-21T23:00:00Z,2026-09-21T22:30:00Z,30,4243.0,2026-09-21T22:20:21Z,semo_pub_dailyloadfcst_202609212220,9.65,1,600.0,2026-09-21T22:20:21Z,semo_pub_dailyloadfcst_202609212220,9.65,1,3643.0,2026-09-21T22:20:21Z,semo_pub_dailyloadfcst_202609212220,9.65,1,500.0,2026-09-21T06:00:11Z,semo_pub_dailyintconntc_202609210600,989.8166666666668,1,530.0,2026-09-21T06:00:11Z,semo_pub_dailyintconntc_202609210600,989.8166666666668,1,513.0,2026-09-21T06:00:11Z,semo_pub_dailyintconntc_202609210600,989.8166666666668,1,500.0,2026-09-21T06:00:11Z,semo_pub_dailyintconntc_202609210600,989.8166666666668,1,500.0,2026-09-21T06:00:11Z,semo_pub_dailyintconntc_202609210600,989.8166666666668,1,504.0,2026-09-21T06:00:11Z,semo_pub_dailyintconntc_202609210600,989.8166666666668,1,,,,,0,1364.832,2026-09-21T18:13:59Z,semo_pub_15minaggwindfcst_202609211813,256.01666666666665,1,0,4193.018,1419.814,2.08,204.605,254.74650000000003,372.545,0.5236000000000001,2026-08-31T23:00:00Z,30210.0,1,,,,0,0,1,1,0,0,0,0,0,0,,,,,,,,,,,831.8965000000001,,,,186,7.994788162396233,17.0,0.0,8,78.96227667215526,210.48800000000006,28.993000000000166,0,,,,,,,,,,,,,,,,,,,,,,,,,,,,,,,,,,,,,,,,,,,,,,,,,,,,0,0,0,0,0,0,0,0,0,0,0,0,0,0,0,0,0,0,0,0,0,0,0,0,0,0,0,1,1,1,0,0,0,1,1,1,1,1,1,1,1,1,1,1,1,1,1,1,1,0,0,0,0,0,0,1,1,1,1,1,1,1,1,1,1,1,1,1,1,1,1,1,1,1,1,1,1,1,1,1,1,1,1,1,1,1,1,1,1,1,1,1,1,1,1,1,1,1,1,1,1,1,1,1,1,1
2026-09-21T23:30:00Z,2026-09-21T22:30:00Z,60,4207.0,2026-09-21T22:20:21Z,semo_pub_dailyloadfcst_202609212220,9.65,1,586.0,2026-09-21T22:20:21Z,semo_pub_dailyloadfcst_202609212220,9.65,1,3621.0,2026-09-21T22:20:21Z,semo_pub_dailyloadfcst_202609212220,9.65,1,,,,,0,,,,,0,,,,,0,,,,,0,,,,,0,,,,,0,,,,,0,1381.052,2026-09-21T18:13:59Z,semo_pub_15minaggwindfcst_202609211813,256.01666666666665,1,0,4193.018,1419.814,2.08,204.605,254.74650000000003,372.545,0.5236000000000001,2026-08-31T23:00:00Z,30210.0,1,,,,0,0,1,1,1,1,1,1,1,1,,,,,,,,,,,831.8965000000001,,,,186,9.915721862902114,21.0,0.0,8,82.86411024834574,228.27999999999997,23.138999999999896,0,,,,,,,,,,,,,,,,,,,,,,,,,,,,,,,,,,,,,,,,,,,,,,,,,,,,0,0,0,0,0,0,0,0,0,1,1,1,1,1,1,1,1,1,1,1,1,1,1,1,1,1,1,1,1,1,0,0,0,1,1,1,1,1,1,1,1,1,1,1,1,1,1,1,1,0,0,0,0,0,0,1,1,1,1,1,1,1,1,1,1,1,1,1,1,1,1,1,1,1,1,1,1,1,1,1,1,1,1,1,1,1,1,1,1,1,1,1,1,1,1,1,1,1,1,1,1,1,1,1,1,1
2026-09-21T23:30:00Z,2026-09-21T23:00:00Z,30,4207.0,2026-09-21T22:50:06Z,semo_pub_dailyloadfcst_202609212250,9.9,1,586.0,2026-09-21T22:50:06Z,semo_pub_dailyloadfcst_202609212250,9.9,1,3621.0,2026-09-21T22:50:06Z,semo_pub_dailyloadfcst_202609212250,9.9,1,,,,,0,,,,,0,,,,,0,,,,,0,,,,,0,,,,,0,,,,,0,1381.052,2026-09-21T18:13:59Z,semo_pub_15minaggwindfcst_202609211813,286.01666666666665,1,0,4193.018,1419.814,2.08,204.605,254.74650000000003,372.545,0.5236000000000001,2026-08-31T23:00:00Z,30240.0,1,,,,0,0,1,1,1,1,1,1,1,1,,,,,,,,,,,831.8965000000001,,,,190,9.877246579892597,21.0,0.0,8,82.86411024834574,228.27999999999997,23.138999999999896,0,,,,,,,,,,,,,,,,,,,,,,,,,,,,,,,,,,,,,,,,,,,,,,,,,,,,0,0,0,0,0,0,0,0,0,1,1,1,1,1,1,1,1,1,1,1,1,1,1,1,1,1,1,1,1,1,0,0,0,1,1,1,1,1,1,1,1,1,1,1,1,1,1,1,1,0,0,0,0,0,0,1,1,1,1,1,1,1,1,1,1,1,1,1,1,1,1,1,1,1,1,1,1,1,1,1,1,1,1,1,1,1,1,1,1,1,1,1,1,1,1,1,1,1,1,1,1,1,1,1,1,1
2026-09-22T00:00:00Z,2026-09-21T23:00:00Z,60,4080.0,2026-09-21T22:50:06Z,semo_pub_dailyloadfcst_202609212250,9.9,1,566.0,2026-09-21T22:50:06Z,semo_pub_dailyloadfcst_202609212250,9.9,1,3514.0,2026-09-21T22:50:06Z,semo_pub_dailyloadfcst_202609212250,9.9,1,500.0,2026-09-21T06:00:11Z,semo_pub_dailyintconntc_202609210600,1019.8166666666668,1,530.0,2026-09-21T06:00:11Z,semo_pub_dailyintconntc_202609210600,1019.8166666666668,1,513.0,2026-09-21T06:00:11Z,semo_pub_dailyintconntc_202609210600,1019.8166666666668,1,500.0,2026-09-21T06:00:11Z,semo_pub_dailyintconntc_202609210600,1019.8166666666668,1,500.0,2026-09-21T06:00:11Z,semo_pub_dailyintconntc_202609210600,1019.8166666666668,1,504.0,2026-09-21T06:00:11Z,semo_pub_dailyintconntc_202609210600,1019.8166666666668,1,,,,,0,1397.268,2026-09-21T18:13:59Z,semo_pub_15minaggwindfcst_202609211813,286.01666666666665,1,0,4193.018,1419.814,2.08,204.605,254.74650000000003,372.545,0.5236000000000001,2026-08-31T23:00:00Z,30240.0,1,,,,0,0,1,1,0,0,0,0,0,0,,,,,,,,,,,831.8965000000001,,,,190,13.799964872089861,29.0,0.0,8,87.73646081874969,246.05600000000004,17.294000000000096,0,,,,,,,,,,,,,,,,,,,,,,,,,,,,,,,,,,,,,,,,,,,,,,,,,,,,0,0,0,0,0,0,0,0,0,0,0,0,0,0,0,0,0,0,0,0,0,0,0,0,0,0,0,1,1,1,0,0,0,1,1,1,1,1,1,1,1,1,1,1,1,1,1,1,1,0,0,0,0,0,0,1,1,1,1,1,1,1,1,1,1,1,1,1,1,1,1,1,1,1,1,1,1,1,1,1,1,1,1,1,1,1,1,1,1,1,1,1,1,1,1,1,1,1,1,1,1,1,1,1,1,1
2026-09-22T00:00:00Z,2026-09-21T23:30:00Z,30,4080.0,2026-09-21T23:20:11Z,semo_pub_dailyloadfcst_202609212320,9.816666666666666,1,566.0,2026-09-21T23:20:11Z,semo_pub_dailyloadfcst_202609212320,9.816666666666666,1,3514.0,2026-09-21T23:20:11Z,semo_pub_dailyloadfcst_202609212320,9.816666666666666,1,500.0,2026-09-21T06:00:11Z,semo_pub_dailyintconntc_202609210600,1049.8166666666666,1,530.0,2026-09-21T06:00:11Z,semo_pub_dailyintconntc_202609210600,1049.8166666666666,1,513.0,2026-09-21T06:00:11Z,semo_pub_dailyintconntc_202609210600,1049.8166666666666,1,500.0,2026-09-21T06:00:11Z,semo_pub_dailyintconntc_202609210600,1049.8166666666666,1,500.0,2026-09-21T06:00:11Z,semo_pub_dailyintconntc_202609210600,1049.8166666666666,1,504.0,2026-09-21T06:00:11Z,semo_pub_dailyintconntc_202609210600,1049.8166666666666,1,,,,,0,1397.268,2026-09-21T18:13:59Z,semo_pub_15minaggwindfcst_202609211813,316.01666666666665,1,0,4193.018,1419.814,2.08,204.605,254.74650000000003,372.545,0.5236000000000001,2026-08-31T23:00:00Z,30270.0,1,,,,0,0,1,1,0,0,0,0,0,0,,,,,,,,,,,831.8965000000001,,,,194,13.738548502435316,29.0,0.0,8,87.73646081874969,246.05600000000004,17.294000000000096,0,,,,,,,,,,,,,,,,,,,,,,,,,,,,,,,,,,,,,,,,,,,,,,,,,,,,0,0,0,0,0,0,0,0,0,0,0,0,0,0,0,0,0,0,0,0,0,0,0,0,0,0,0,1,1,1,0,0,0,1,1,1,1,1,1,1,1,1,1,1,1,1,1,1,1,0,0,0,0,0,0,1,1,1,1,1,1,1,1,1,1,1,1,1,1,1,1,1,1,1,1,1,1,1,1,1,1,1,1,1,1,1,1,1,1,1,1,1,1,1,1,1,1,1,1,1,1,1,1,1,1,1
2026-09-22T00:30:00Z,2026-09-21T23:30:00Z,60,4048.0,2026-09-21T23:20:11Z,semo_pub_dailyloadfcst_202609212320,9.816666666666666,1,559.0,2026-09-21T23:20:11Z,semo_pub_dailyloadfcst_202609212320,9.816666666666666,1,3489.0,2026-09-21T23:20:11Z,semo_pub_dailyloadfcst_202609212320,9.816666666666666,1,,,,,0,,,,,0,,,,,0,,,,,0,,,,,0,,,,,0,,,,,0,1397.19,2026-09-21T18:13:59Z,semo_pub_15minaggwindfcst_202609211813,316.01666666666665,1,0,4193.018,1419.814,2.08,204.605,254.74650000000003,372.545,0.5236000000000001,2026-08-31T23:00:00Z,30270.0,1,,,,0,0,1,1,1,1,1,1,1,1,,,,,,,,,,,831.8965000000001,,,,194,14.215546307777567,30.0,0.0,8,85.39163853973062,243.68600000000015,18.990999999999985,0,,,,,,,,,,,,,,,,,,,,,,,,,,,,,,,,,,,,,,,,,,,,,,,,,,,,0,0,0,0,0,0,0,0,0,1,1,1,1,1,1,1,1,1,1,1,1,1,1,1,1,1,1,1,1,1,0,0,0,1,1,1,1,1,1,1,1,1,1,1,1,1,1,1,1,0,0,0,0,0,0,1,1,1,1,1,1,1,1,1,1,1,1,1,1,1,1,1,1,1,1,1,1,1,1,1,1,1,1,1,1,1,1,1,1,1,1,1,1,1,1,1,1,1,1,1,1,1,1,1,1,1
2026-09-22T00:30:00Z,2026-09-22T00:00:00Z,30,4048.0,2026-09-21T23:50:11Z,semo_pub_dailyloadfcst_202609212350,9.816666666666666,1,559.0,2026-09-21T23:50:11Z,semo_pub_dailyloadfcst_202609212350,9.816666666666666,1,3489.0,2026-09-21T23:50:11Z,semo_pub_dailyloadfcst_202609212350,9.816666666666666,1,,,,,0,,,,,0,,,,,0,,,,,0,,,,,0,,,,,0,,,,,0,1397.19,2026-09-21T18:13:59Z,semo_pub_15minaggwindfcst_202609211813,346.01666666666665,1,0,4193.018,1419.814,2.08,204.605,254.74650000000003,372.545,0.5236000000000001,2026-08-31T23:00:00Z,30300.0,1,,,,0,0,1,1,1,1,1,1,1,1,,,,,,,,,,,831.8965000000001,,,,198,14.150841915074093,30.0,0.0,8,85.39163853973062,243.68600000000015,18.990999999999985,0,,,,,,,,,,,,,,,,,,,,,,,,,,,,,,,,,,,,,,,,,,,,,,,,,,,,0,0,0,0,0,0,0,0,0,1,1,1,1,1,1,1,1,1,1,1,1,1,1,1,1,1,1,1,1,1,0,0,0,1,1,1,1,1,1,1,1,1,1,1,1,1,1,1,1,0,0,0,0,0,0,1,1,1,1,1,1,1,1,1,1,1,1,1,1,1,1,1,1,1,1,1,1,1,1,1,1,1,1,1,1,1,1,1,1,1,1,1,1,1,1,1,1,1,1,1,1,1,1,1,1,1
2026-09-22T01:00:00Z,2026-09-22T00:00:00Z,60,4040.0,2026-09-21T23:50:11Z,semo_pub_dailyloadfcst_202609212350,9.816666666666666,1,553.0,2026-09-21T23:50:11Z,semo_pub_dailyloadfcst_202609212350,9.816666666666666,1,3487.0,2026-09-21T23:50:11Z,semo_pub_dailyloadfcst_202609212350,9.816666666666666,1,500.0,2026-09-21T06:00:11Z,semo_pub_dailyintconntc_202609210600,1079.8166666666666,1,530.0,2026-09-21T06:00:11Z,semo_pub_dailyintconntc_202609210600,1079.8166666666666,1,513.0,2026-09-21T06:00:11Z,semo_pub_dailyintconntc_202609210600,1079.8166666666666,1,500.0,2026-09-21T06:00:11Z,semo_pub_dailyintconntc_202609210600,1079.8166666666666,1,500.0,2026-09-21T06:00:11Z,semo_pub_dailyintconntc_202609210600,1079.8166666666666,1,504.0,2026-09-21T06:00:11Z,semo_pub_dailyintconntc_202609210600,1079.8166666666666,1,,,,,0,1397.118,2026-09-21T18:13:59Z,semo_pub_15minaggwindfcst_202609211813,346.01666666666665,1,0,4193.018,1419.814,2.08,204.605,254.74650000000003,372.545,0.5236000000000001,2026-08-31T23:00:00Z,30300.0,1,,,,0,0,1,1,0,0,0,0,0,0,,,,,,,,,,,831.8965000000001,,,,198,13.295937764008423,28.0,0.0,8,83.24477859367146,241.31600000000003,20.69699999999989,0,,,,,,,,,,,,,,,,,,,,,,,,,,,,,,,,,,,,,,,,,,,,,,,,,,,,0,0,0,0,0,0,0,0,0,0,0,0,0,0,0,0,0,0,0,0,0,0,0,0,0,0,0,1,1,1,0,0,0,1,1,1,1,1,1,1,1,1,1,1,1,1,1,1,1,0,0,0,0,0,0,1,1,1,1,1,1,1,1,1,1,1,1,1,1,1,1,1,1,1,1,1,1,1,1,1,1,1,1,1,1,1,1,1,1,1,1,1,1,1,1,1,1,1,1,1,1,1,1,1,1,1
2026-09-22T01:00:00Z,2026-09-22T00:30:00Z,30,4040.0,2026-09-22T00:20:11Z,semo_pub_dailyloadfcst_202609220020,9.816666666666666,1,553.0,2026-09-22T00:20:11Z,semo_pub_dailyloadfcst_202609220020,9.816666666666666,1,3487.0,2026-09-22T00:20:11Z,semo_pub_dailyloadfcst_202609220020,9.816666666666666,1,500.0,2026-09-21T06:00:11Z,semo_pub_dailyintconntc_202609210600,1109.8166666666666,1,530.0,2026-09-21T06:00:11Z,semo_pub_dailyintconntc_202609210600,1109.8166666666666,1,513.0,2026-09-21T06:00:11Z,semo_pub_dailyintconntc_202609210600,1109.8166666666666,1,500.0,2026-09-21T06:00:11Z,semo_pub_dailyintconntc_202609210600,1109.8166666666666,1,500.0,2026-09-21T06:00:11Z,semo_pub_dailyintconntc_202609210600,1109.8166666666666,1,504.0,2026-09-21T06:00:11Z,semo_pub_dailyintconntc_202609210600,1109.8166666666666,1,,,,,0,1273.274,2026-09-22T00:14:08Z,semo_pub_15minaggwindfcst_202609220014,15.866666666666667,1,0,4193.018,1419.814,2.08,204.605,254.74650000000003,372.545,0.5236000000000001,2026-08-31T23:00:00Z,30330.0,1,,,,0,0,0,1,0,0,0,0,0,0,,,,,,,,,,,831.8965000000001,,,,202,13.231635159837158,28.0,0.0,10,78.39953933129969,241.31600000000003,-99.76300000000015,0,,,,,,,,,,,,,,,,,,,,,,,,,,,,,,,,,,,,,,,,,,,,,,,,,,,,0,0,0,0,0,0,0,0,0,0,0,0,0,0,0,0,0,0,0,0,0,0,0,0,0,0,0,1,1,1,0,0,0,1,1,1,1,1,1,1,1,1,1,1,1,1,1,1,1,0,0,0,0,0,0,1,1,1,1,1,1,1,1,1,1,1,1,1,1,1,1,1,1,1,1,1,1,1,1,1,1,1,1,1,1,1,1,1,1,1,1,1,1,1,1,1,1,1,1,1,1,1,1,1,1,1
2026-09-22T01:30:00Z,2026-09-22T00:30:00Z,60,4185.0,2026-09-22T00:20:11Z,semo_pub_dailyloadfcst_202609220020,9.816666666666666,1,580.0,2026-09-22T00:20:11Z,semo_pub_dailyloadfcst_202609220020,9.816666666666666,1,3605.0,2026-09-22T00:20:11Z,semo_pub_dailyloadfcst_202609220020,9.816666666666666,1,,,,,0,,,,,0,,,,,0,,,,,0,,,,,0,,,,,0,,,,,0,1248.374,2026-09-22T00:14:08Z,semo_pub_15minaggwindfcst_202609220014,15.866666666666667,1,0,4193.018,1419.814,2.08,204.605,254.74650000000003,372.545,0.5236000000000001,2026-08-31T23:00:00Z,30330.0,1,,,,0,0,0,1,1,1,1,1,1,1,,,,,,,,,,,831.8965000000001,,,,202,14.94572410925892,32.0,0.0,10,69.92054184286617,213.86300000000006,-99.36799999999994,0,,,,,,,,,,,,,,,,,,,,,,,,,,,,,,,,,,,,,,,,,,,,,,,,,,,,0,0,0,0,0,0,0,0,0,1,1,1,1,1,1,1,1,1,1,1,1,1,1,1,1,1,1,1,1,1,0,0,0,1,1,1,1,1,1,1,1,1,1,1,1,1,1,1,1,0,0,0,0,0,0,1,1,1,1,1,1,1,1,1,1,1,1,1,1,1,1,1,1,1,1,1,1,1,1,1,1,1,1,1,1,1,1,1,1,1,1,1,1,1,1,1,1,1,1,1,1,1,1,1,1,1
2026-09-22T01:30:00Z,2026-09-22T01:00:00Z,30,4185.0,2026-09-22T00:50:10Z,semo_pub_dailyloadfcst_202609220050,9.833333333333334,1,580.0,2026-09-22T00:50:10Z,semo_pub_dailyloadfcst_202609220050,9.833333333333334,1,3605.0,2026-09-22T00:50:10Z,semo_pub_dailyloadfcst_202609220050,9.833333333333334,1,,,,,0,,,,,0,,,,,0,,,,,0,,,,,0,,,,,0,,,,,0,1248.374,2026-09-22T00:14:08Z,semo_pub_15minaggwindfcst_202609220014,45.86666666666667,1,0,4193.018,1419.814,2.08,204.605,254.74650000000003,372.545,0.5236000000000001,2026-08-31T23:00:00Z,30360.0,1,,,,0,0,0,1,1,1,1,1,1,1,,,,,,,,,,,831.8965000000001,,,,206,14.878098312859315,32.0,0.0,10,69.92054184286617,213.86300000000006,-99.36799999999994,0,,,,,,,,,,,,,,,,,,,,,,,,,,,,,,,,,,,,,,,,,,,,,,,,,,,,0,0,0,0,0,0,0,0,0,1,1,1,1,1,1,1,1,1,1,1,1,1,1,1,1,1,1,1,1,1,0,0,0,1,1,1,1,1,1,1,1,1,1,1,1,1,1,1,1,0,0,0,0,0,0,1,1,1,1,1,1,1,1,1,1,1,1,1,1,1,1,1,1,1,1,1,1,1,1,1,1,1,1,1,1,1,1,1,1,1,1,1,1,1,1,1,1,1,1,1,1,1,1,1,1,1
2026-09-22T02:00:00Z,2026-09-22T01:00:00Z,60,4102.0,2026-09-22T00:50:10Z,semo_pub_dailyloadfcst_202609220050,9.833333333333334,1,565.0,2026-09-22T00:50:10Z,semo_pub_dailyloadfcst_202609220050,9.833333333333334,1,3537.0,2026-09-22T00:50:10Z,semo_pub_dailyloadfcst_202609220050,9.833333333333334,1,500.0,2026-09-21T06:00:11Z,semo_pub_dailyintconntc_202609210600,1139.8166666666666,1,530.0,2026-09-21T06:00:11Z,semo_pub_dailyintconntc_202609210600,1139.8166666666666,1,513.0,2026-09-21T06:00:11Z,semo_pub_dailyintconntc_202609210600,1139.8166666666666,1,500.0,2026-09-21T06:00:11Z,semo_pub_dailyintconntc_202609210600,1139.8166666666666,1,500.0,2026-09-21T06:00:11Z,semo_pub_dailyintconntc_202609210600,1139.8166666666666,1,504.0,2026-09-21T06:00:11Z,semo_pub_dailyintconntc_202609210600,1139.8166666666666,1,,,,,0,1223.487,2026-09-22T00:14:08Z,semo_pub_15minaggwindfcst_202609220014,45.86666666666667,1,0,4193.018,1419.814,2.08,204.605,254.74650000000003,372.545,0.5236000000000001,2026-08-31T23:00:00Z,30360.0,1,,,,0,0,0,1,0,0,0,0,0,0,,,,,,,,,,,831.8965000000001,,,,206,14.959448910224442,32.0,0.0,10,62.29411103820326,187.5949999999998,-98.95299999999997,0,,,,,,,,,,,,,,,,,,,,,,,,,,,,,,,,,,,,,,,,,,,,,,,,,,,,0,0,0,0,0,0,0,0,0,0,0,0,0,0,0,0,0,0,0,0,0,0,0,0,0,0,0,1,1,1,0,0,0,1,1,1,1,1,1,1,1,1,1,1,1,1,1,1,1,0,0,0,0,0,0,1,1,1,1,1,1,1,1,1,1,1,1,1,1,1,1,1,1,1,1,1,1,1,1,1,1,1,1,1,1,1,1,1,1,1,1,1,1,1,1,1,1,1,1,1,1,1,1,1,1,1
2026-09-22T02:00:00Z,2026-09-22T01:30:00Z,30,4102.0,2026-09-22T01:20:11Z,semo_pub_dailyloadfcst_202609220120,9.816666666666666,1,565.0,2026-09-22T01:20:11Z,semo_pub_dailyloadfcst_202609220120,9.816666666666666,1,3537.0,2026-09-22T01:20:11Z,semo_pub_dailyloadfcst_202609220120,9.816666666666666,1,500.0,2026-09-21T06:00:11Z,semo_pub_dailyintconntc_202609210600,1169.8166666666666,1,530.0,2026-09-21T06:00:11Z,semo_pub_dailyintconntc_202609210600,1169.8166666666666,1,513.0,2026-09-21T06:00:11Z,semo_pub_dailyintconntc_202609210600,1169.8166666666666,1,500.0,2026-09-21T06:00:11Z,semo_pub_dailyintconntc_202609210600,1169.8166666666666,1,500.0,2026-09-21T06:00:11Z,semo_pub_dailyintconntc_202609210600,1169.8166666666666,1,504.0,2026-09-21T06:00:11Z,semo_pub_dailyintconntc_202609210600,1169.8166666666666,1,,,,,0,1223.487,2026-09-22T00:14:08Z,semo_pub_15minaggwindfcst_202609220014,75.86666666666666,1,0,4193.018,1419.814,2.08,204.605,254.74650000000003,372.545,0.5236000000000001,2026-08-31T23:00:00Z,30390.0,1,,,,0,0,0,1,0,0,0,0,0,0,,,,,,,,,,,831.8965000000001,,,,210,14.888231362609059,32.0,0.0,10,62.29411103820326,187.5949999999998,-98.95299999999997,0,,,,,,,,,,,,,,,,,,,,,,,,,,,,,,,,,,,,,,,,,,,,,,,,,,,,0,0,0,0,0,0,0,0,0,0,0,0,0,0,0,0,0,0,0,0,0,0,0,0,0,0,0,1,1,1,0,0,0,1,1,1,1,1,1,1,1,1,1,1,1,1,1,1,1,0,0,0,0,0,0,1,1,1,1,1,1,1,1,1,1,1,1,1,1,1,1,1,1,1,1,1,1,1,1,1,1,1,1,1,1,1,1,1,1,1,1,1,1,1,1,1,1,1,1,1,1,1,1,1,1,1
2026-09-22T02:30:00Z,2026-09-22T01:30:00Z,60,4049.0,2026-09-22T01:20:11Z,semo_pub_dailyloadfcst_202609220120,9.816666666666666,1,562.0,2026-09-22T01:20:11Z,semo_pub_dailyloadfcst_202609220120,9.816666666666666,1,3487.0,2026-09-22T01:20:11Z,semo_pub_dailyloadfcst_202609220120,9.816666666666666,1,,,,,0,,,,,0,,,,,0,,,,,0,,,,,0,,,,,0,,,,,0,1189.071,2026-09-22T00:14:08Z,semo_pub_15minaggwindfcst_202609220014,75.86666666666666,1,0,4193.018,1419.814,2.08,204.605,254.74650000000003,372.545,0.5236000000000001,2026-08-31T23:00:00Z,30390.0,1,,,,0,0,0,1,1,1,1,1,1,1,,,,,,,,,,,831.8965000000001,,,,210,14.888231362609059,32.0,0.0,10,58.52755791667717,177.32999999999993,-100.09000000000015,0,,,,,,,,,,,,,,,,,,,,,,,,,,,,,,,,,,,,,,,,,,,,,,,,,,,,0,0,0,0,0,0,0,0,0,1,1,1,1,1,1,1,1,1,1,1,1,1,1,1,1,1,1,1,1,1,0,0,0,1,1,1,1,1,1,1,1,1,1,1,1,1,1,1,1,0,0,0,0,0,0,1,1,1,1,1,1,1,1,1,1,1,1,1,1,1,1,1,1,1,1,1,1,1,1,1,1,1,1,1,1,1,1,1,1,1,1,1,1,1,1,1,1,1,1,1,1,1,1,1,1,1
2026-09-22T02:30:00Z,2026-09-22T02:00:00Z,30,4049.0,2026-09-22T01:50:11Z,semo_pub_dailyloadfcst_202609220150,9.816666666666666,1,562.0,2026-09-22T01:50:11Z,semo_pub_dailyloadfcst_202609220150,9.816666666666666,1,3487.0,2026-09-22T01:50:11Z,semo_pub_dailyloadfcst_202609220150,9.816666666666666,1,,,,,0,,,,,0,,,,,0,,,,,0,,,,,0,,,,,0,,,,,0,1189.071,2026-09-22T00:14:08Z,semo_pub_15minaggwindfcst_202609220014,105.86666666666666,1,0,4193.018,1419.814,2.08,204.605,254.74650000000003,372.545,0.5236000000000001,2026-08-31T23:00:00Z,30420.0,1,,,,0,0,0,1,1,1,1,1,1,1,,,,,,,,,,,831.8965000000001,,,,214,14.816707743938593,32.0,0.0,10,58.52755791667717,177.32999999999993,-100.09000000000015,0,,,,,,,,,,,,,,,,,,,,,,,,,,,,,,,,,,,,,,,,,,,,,,,,,,,,0,0,0,0,0,0,0,0,0,1,1,1,1,1,1,1,1,1,1,1,1,1,1,1,1,1,1,1,1,1,0,0,0,1,1,1,1,1,1,1,1,1,1,1,1,1,1,1,1,0,0,0,0,0,0,1,1,1,1,1,1,1,1,1,1,1,1,1,1,1,1,1,1,1,1,1,1,1,1,1,1,1,1,1,1,1,1,1,1,1,1,1,1,1,1,1,1,1,1,1,1,1,1,1,1,1
2026-09-22T03:00:00Z,2026-09-22T02:00:00Z,60,3988.0,2026-09-22T01:50:11Z,semo_pub_dailyloadfcst_202609220150,9.816666666666666,1,553.0,2026-09-22T01:50:11Z,semo_pub_dailyloadfcst_202609220150,9.816666666666666,1,3435.0,2026-09-22T01:50:11Z,semo_pub_dailyloadfcst_202609220150,9.816666666666666,1,500.0,2026-09-21T06:00:11Z,semo_pub_dailyintconntc_202609210600,1199.8166666666666,1,530.0,2026-09-21T06:00:11Z,semo_pub_dailyintconntc_202609210600,1199.8166666666666,1,513.0,2026-09-21T06:00:11Z,semo_pub_dailyintconntc_202609210600,1199.8166666666666,1,500.0,2026-09-21T06:00:11Z,semo_pub_dailyintconntc_202609210600,1199.8166666666666,1,500.0,2026-09-21T06:00:11Z,semo_pub_dailyintconntc_202609210600,1199.8166666666666,1,504.0,2026-09-21T06:00:11Z,semo_pub_dailyintconntc_202609210600,1199.8166666666666,1,,,,,0,1154.655,2026-09-22T00:14:08Z,semo_pub_15minaggwindfcst_202609220014,105.86666666666666,1,0,4193.018,1419.814,2.08,204.605,254.74650000000003,372.545,0.5236000000000001,2026-08-31T23:00:00Z,30420.0,1,,,,0,0,0,1,0,0,0,0,0,0,,,,,,,,,,,831.8965000000001,,,,214,15.364946442380486,33.0,0.0,10,55.46625063730193,167.087,-101.21800000000007,0,,,,,,,,,,,,,,,,,,,,,,,,,,,,,,,,,,,,,,,,,,,,,,,,,,,,0,0,0,0,0,0,0,0,0,0,0,0,0,0,0,0,0,0,0,0,0,0,0,0,0,0,0,1,1,1,0,0,0,1,1,1,1,1,1,1,1,1,1,1,1,1,1,1,1,0,0,0,0,0,0,1,1,1,1,1,1,1,1,1,1,1,1,1,1,1,1,1,1,1,1,1,1,1,1,1,1,1,1,1,1,1,1,1,1,1,1,1,1,1,1,1,1,1,1,1,1,1,1,1,1,1
2026-09-22T03:00:00Z,2026-09-22T02:30:00Z,30,4030.0,2026-09-22T02:20:15Z,semo_pub_dailyloadfcst_202609220220,9.75,1,595.0,2026-09-22T02:20:15Z,semo_pub_dailyloadfcst_202609220220,9.75,1,3435.0,2026-09-22T02:20:15Z,semo_pub_dailyloadfcst_202609220220,9.75,1,500.0,2026-09-21T06:00:11Z,semo_pub_dailyintconntc_202609210600,1229.8166666666666,1,530.0,2026-09-21T06:00:11Z,semo_pub_dailyintconntc_202609210600,1229.8166666666666,1,513.0,2026-09-21T06:00:11Z,semo_pub_dailyintconntc_202609210600,1229.8166666666666,1,500.0,2026-09-21T06:00:11Z,semo_pub_dailyintconntc_202609210600,1229.8166666666666,1,500.0,2026-09-21T06:00:11Z,semo_pub_dailyintconntc_202609210600,1229.8166666666666,1,504.0,2026-09-21T06:00:11Z,semo_pub_dailyintconntc_202609210600,1229.8166666666666,1,,,,,0,1154.655,2026-09-22T00:14:08Z,semo_pub_15minaggwindfcst_202609220014,135.86666666666667,1,0,4193.018,1419.814,2.08,204.605,254.74650000000003,372.545,0.5236000000000001,2026-08-31T23:00:00Z,30450.0,1,,,,0,0,1,1,0,0,0,0,0,0,,,,,,,,,,,831.8965000000001,,,,218,16.418601971527174,75.0,0.0,10,55.46625063730193,167.087,-101.21800000000007,0,,,,,,,,,,,,,,,,,,,,,,,,,,,,,,,,,,,,,,,,,,,,,,,,,,,,0,0,0,0,0,0,0,0,0,0,0,0,0,0,0,0,0,0,0,0,0,0,0,0,0,0,0,1,1,1,0,0,0,1,1,1,1,1,1,1,1,1,1,1,1,1,1,1,1,0,0,0,0,0,0,1,1,1,1,1,1,1,1,1,1,1,1,1,1,1,1,1,1,1,1,1,1,1,1,1,1,1,1,1,1,1,1,1,1,1,1,1,1,1,1,1,1,1,1,1,1,1,1,1,1,1
2026-09-22T03:30:00Z,2026-09-22T02:30:00Z,60,3975.0,2026-09-22T02:20:15Z,semo_pub_dailyloadfcst_202609220220,9.75,1,596.0,2026-09-22T02:20:15Z,semo_pub_dailyloadfcst_202609220220,9.75,1,3379.0,2026-09-22T02:20:15Z,semo_pub_dailyloadfcst_202609220220,9.75,1,,,,,0,,,,,0,,,,,0,,,,,0,,,,,0,,,,,0,,,,,0,1131.277,2026-09-22T00:14:08Z,semo_pub_15minaggwindfcst_202609220014,135.86666666666667,1,0,4193.018,1419.814,2.08,204.605,254.74650000000003,372.545,0.5236000000000001,2026-08-31T23:00:00Z,30450.0,1,,,,0,0,1,1,1,1,1,1,1,1,,,,,,,,,,,831.8965000000001,,,,218,10.256667375634551,72.0,0.0,10,51.07295902539814,159.47000000000003,-92.91899999999987,0,,,,,,,,,,,,,,,,,,,,,,,,,,,,,,,,,,,,,,,,,,,,,,,,,,,,0,0,0,0,0,0,0,0,0,1,1,1,1,1,1,1,1,1,1,1,1,1,1,1,1,1,1,1,1,1,0,0,0,1,1,1,1,1,1,1,1,1,1,1,1,1,1,1,1,0,0,0,0,0,0,1,1,1,1,1,1,1,1,1,1,1,1,1,1,1,1,1,1,1,1,1,1,1,1,1,1,1,1,1,1,1,1,1,1,1,1,1,1,1,1,1,1,1,1,1,1,1,1,1,1,1
2026-09-22T03:30:00Z,2026-09-22T03:00:00Z,30,3975.0,2026-09-22T02:50:15Z,semo_pub_dailyloadfcst_202609220250,9.75,1,596.0,2026-09-22T02:50:15Z,semo_pub_dailyloadfcst_202609220250,9.75,1,3379.0,2026-09-22T02:50:15Z,semo_pub_dailyloadfcst_202609220250,9.75,1,,,,,0,,,,,0,,,,,0,,,,,0,,,,,0,,,,,0,,,,,0,1131.277,2026-09-22T00:14:08Z,semo_pub_15minaggwindfcst_202609220014,165.86666666666667,1,0,4193.018,1419.814,2.08,204.605,254.74650000000003,372.545,0.5236000000000001,2026-08-31T23:00:00Z,30480.0,1,,,,0,0,1,1,1,1,1,1,1,1,,,,,,,,,,,831.8965000000001,,,,222,12.940951471268969,72.0,0.0,10,51.07295902539814,159.47000000000003,-92.91899999999987,0,,,,,,,,,,,,,,,,,,,,,,,,,,,,,,,,,,,,,,,,,,,,,,,,,,,,0,0,0,0,0,0,0,0,0,1,1,1,1,1,1,1,1,1,1,1,1,1,1,1,1,1,1,1,1,1,0,0,0,1,1,1,1,1,1,1,1,1,1,1,1,1,1,1,1,0,0,0,0,0,0,1,1,1,1,1,1,1,1,1,1,1,1,1,1,1,1,1,1,1,1,1,1,1,1,1,1,1,1,1,1,1,1,1,1,1,1,1,1,1,1,1,1,1,1,1,1,1,1,1,1,1
2026-09-22T04:00:00Z,2026-09-22T03:00:00Z,60,4019.0,2026-09-22T02:50:15Z,semo_pub_dailyloadfcst_202609220250,9.75,1,612.0,2026-09-22T02:50:15Z,semo_pub_dailyloadfcst_202609220250,9.75,1,3407.0,2026-09-22T02:50:15Z,semo_pub_dailyloadfcst_202609220250,9.75,1,500.0,2026-09-21T06:00:11Z,semo_pub_dailyintconntc_202609210600,1259.8166666666666,1,530.0,2026-09-21T06:00:11Z,semo_pub_dailyintconntc_202609210600,1259.8166666666666,1,513.0,2026-09-21T06:00:11Z,semo_pub_dailyintconntc_202609210600,1259.8166666666666,1,500.0,2026-09-21T06:00:11Z,semo_pub_dailyintconntc_202609210600,1259.8166666666666,1,500.0,2026-09-21T06:00:11Z,semo_pub_dailyintconntc_202609210600,1259.8166666666666,1,504.0,2026-09-21T06:00:11Z,semo_pub_dailyintconntc_202609210600,1259.8166666666666,1,,,,,0,1107.886,2026-09-22T00:14:08Z,semo_pub_15minaggwindfcst_202609220014,165.86666666666667,1,0,4193.018,1419.814,2.08,204.605,254.74650000000003,372.545,0.5236000000000001,2026-08-31T23:00:00Z,30480.0,1,,,,0,0,1,1,0,0,0,0,0,0,,,,,,,,,,,831.8965000000001,,,,222,15.743186534071521,83.0,0.0,10,47.2101675723567,156.60300000000007,-84.61500000000001,0,,,,,,,,,,,,,,,,,,,,,,,,,,,,,,,,,,,,,,,,,,,,,,,,,,,,0,0,0,0,0,0,0,0,0,0,0,0,0,0,0,0,0,0,0,0,0,0,0,0,0,0,0,1,1,1,0,0,0,1,1,1,1,1,1,1,1,1,1,1,1,1,1,1,1,0,0,0,0,0,0,1,1,1,1,1,1,1,1,1,1,1,1,1,1,1,1,1,1,1,1,1,1,1,1,1,1,1,1,1,1,1,1,1,1,1,1,1,1,1,1,1,1,1,1,1,1,1,1,1,1,1
2026-09-22T04:00:00Z,2026-09-22T03:30:00Z,30,4019.0,2026-09-22T03:20:21Z,semo_pub_dailyloadfcst_202609220320,9.65,1,612.0,2026-09-22T03:20:21Z,semo_pub_dailyloadfcst_202609220320,9.65,1,3407.0,2026-09-22T03:20:21Z,semo_pub_dailyloadfcst_202609220320,9.65,1,500.0,2026-09-21T06:00:11Z,semo_pub_dailyintconntc_202609210600,1289.8166666666666,1,530.0,2026-09-21T06:00:11Z,semo_pub_dailyintconntc_202609210600,1289.8166666666666,1,513.0,2026-09-21T06:00:11Z,semo_pub_dailyintconntc_202609210600,1289.8166666666666,1,500.0,2026-09-21T06:00:11Z,semo_pub_dailyintconntc_202609210600,1289.8166666666666,1,500.0,2026-09-21T06:00:11Z,semo_pub_dailyintconntc_202609210600,1289.8166666666666,1,504.0,2026-09-21T06:00:11Z,semo_pub_dailyintconntc_202609210600,1289.8166666666666,1,,,,,0,1107.886,2026-09-22T00:14:08Z,semo_pub_15minaggwindfcst_202609220014,195.86666666666667,1,0,4193.018,1419.814,2.08,204.605,254.74650000000003,372.545,0.5236000000000001,2026-08-31T23:00:00Z,30510.0,1,,,,0,0,1,1,0,0,0,0,0,0,,,,,,,,,,,831.8965000000001,,,,226,17.81961908955487,83.0,0.0,10,47.2101675723567,156.60300000000007,-84.61500000000001,0,,,,,,,,,,,,,,,,,,,,,,,,,,,,,,,,,,,,,,,,,,,,,,,,,,,,0,0,0,0,0,0,0,0,0,0,0,0,0,0,0,0,0,0,0,0,0,0,0,0,0,0,0,1,1,1,0,0,0,1,1,1,1,1,1,1,1,1,1,1,1,1,1,1,1,0,0,0,0,0,0,1,1,1,1,1,1,1,1,1,1,1,1,1,1,1,1,1,1,1,1,1,1,1,1,1,1,1,1,1,1,1,1,1,1,1,1,1,1,1,1,1,1,1,1,1,1,1,1,1,1,1
2026-09-22T04:30:00Z,2026-09-22T03:30:00Z,60,4100.0,2026-09-22T03:20:21Z,semo_pub_dailyloadfcst_202609220320,9.65,1,639.0,2026-09-22T03:20:21Z,semo_pub_dailyloadfcst_202609220320,9.65,1,3461.0,2026-09-22T03:20:21Z,semo_pub_dailyloadfcst_202609220320,9.65,1,,,,,0,,,,,0,,,,,0,,,,,0,,,,,0,,,,,0,,,,,0,1083.323,2026-09-22T00:14:08Z,semo_pub_15minaggwindfcst_202609220014,195.86666666666667,1,0,4193.018,1419.814,2.08,204.605,254.74650000000003,372.545,0.5236000000000001,2026-08-31T23:00:00Z,30510.0,1,,,,0,0,1,1,1,1,1,1,1,1,,,,,,,,,,,831.8965000000001,,,,226,18.64573681699979,87.0,0.0,10,42.80554819424694,144.4749999999999,-70.38799999999992,0,,,,,,,,,,,,,,,,,,,,,,,,,,,,,,,,,,,,,,,,,,,,,,,,,,,,0,0,0,0,0,0,0,0,0,1,1,1,1,1,1,1,1,1,1,1,1,1,1,1,1,1,1,1,1,1,0,0,0,1,1,1,1,1,1,1,1,1,1,1,1,1,1,1,1,0,0,0,0,0,0,1,1,1,1,1,1,1,1,1,1,1,1,1,1,1,1,1,1,1,1,1,1,1,1,1,1,1,1,1,1,1,1,1,1,1,1,1,1,1,1,1,1,1,1,1,1,1,1,1,1,1
2026-09-22T04:30:00Z,2026-09-22T04:00:00Z,30,4100.0,2026-09-22T03:50:16Z,semo_pub_dailyloadfcst_202609220350,9.733333333333333,1,639.0,2026-09-22T03:50:16Z,semo_pub_dailyloadfcst_202609220350,9.733333333333333,1,3461.0,2026-09-22T03:50:16Z,semo_pub_dailyloadfcst_202609220350,9.733333333333333,1,,,,,0,,,,,0,,,,,0,,,,,0,,,,,0,,,,,0,,,,,0,1083.323,2026-09-22T00:14:08Z,semo_pub_15minaggwindfcst_202609220014,225.86666666666667,1,0,4193.018,1419.814,2.08,204.605,254.74650000000003,372.545,0.5236000000000001,2026-08-31T23:00:00Z,30540.0,1,,,,0,0,1,1,1,1,1,1,1,1,,,,,,,,,,,831.8965000000001,,,,230,20.47519085268038,87.0,0.0,10,42.80554819424694,144.4749999999999,-70.38799999999992,0,,,,,,,,,,,,,,,,,,,,,,,,,,,,,,,,,,,,,,,,,,,,,,,,,,,,0,0,0,0,0,0,0,0,0,1,1,1,1,1,1,1,1,1,1,1,1,1,1,1,1,1,1,1,1,1,0,0,0,1,1,1,1,1,1,1,1,1,1,1,1,1,1,1,1,0,0,0,0,0,0,1,1,1,1,1,1,1,1,1,1,1,1,1,1,1,1,1,1,1,1,1,1,1,1,1,1,1,1,1,1,1,1,1,1,1,1,1,1,1,1,1,1,1,1,1,1,1,1,1,1,1
2026-09-22T05:00:00Z,2026-09-22T04:00:00Z,60,4260.0,2026-09-22T03:50:16Z,semo_pub_dailyloadfcst_202609220350,9.733333333333333,1,690.0,2026-09-22T03:50:16Z,semo_pub_dailyloadfcst_202609220350,9.733333333333333,1,3570.0,2026-09-22T03:50:16Z,semo_pub_dailyloadfcst_202609220350,9.733333333333333,1,500.0,2026-09-21T06:00:11Z,semo_pub_dailyintconntc_202609210600,1319.8166666666666,1,530.0,2026-09-21T06:00:11Z,semo_pub_dailyintconntc_202609210600,1319.8166666666666,1,513.0,2026-09-21T06:00:11Z,semo_pub_dailyintconntc_202609210600,1319.8166666666666,1,500.0,2026-09-21T06:00:11Z,semo_pub_dailyintconntc_202609210600,1319.8166666666666,1,500.0,2026-09-21T06:00:11Z,semo_pub_dailyintconntc_202609210600,1319.8166666666666,1,504.0,2026-09-21T06:00:11Z,semo_pub_dailyintconntc_202609210600,1319.8166666666666,1,,,,,0,1058.786,2026-09-22T00:14:08Z,semo_pub_15minaggwindfcst_202609220014,225.86666666666667,1,0,4193.018,1419.814,2.08,204.605,254.74650000000003,372.545,0.5236000000000001,2026-08-31T23:00:00Z,30540.0,1,,,,0,0,1,1,0,0,0,0,0,0,,,,,,,,,,,831.8965000000001,,,,230,17.20715604862301,73.0,0.0,10,38.89085344255127,132.3180000000001,-56.13099999999986,0,,,,,,,,,,,,,,,,,,,,,,,,,,,,,,,,,,,,,,,,,,,,,,,,,,,,0,0,0,0,0,0,0,0,0,0,0,0,0,0,0,0,0,0,0,0,0,0,0,0,0,0,0,1,1,1,0,0,0,1,1,1,1,1,1,1,1,1,1,1,1,1,1,1,1,0,0,0,0,0,0,1,1,1,1,1,1,1,1,1,1,1,1,1,1,1,1,1,1,1,1,1,1,1,1,1,1,1,1,1,1,1,1,1,1,1,1,1,1,1,1,1,1,1,1,1,1,1,1,1,1,1
2026-09-22T05:00:00Z,2026-09-22T04:30:00Z,30,4260.0,2026-09-22T04:20:11Z,semo_pub_dailyloadfcst_202609220420,9.816666666666666,1,690.0,2026-09-22T04:20:11Z,semo_pub_dailyloadfcst_202609220420,9.816666666666666,1,3570.0,2026-09-22T04:20:11Z,semo_pub_dailyloadfcst_202609220420,9.816666666666666,1,500.0,2026-09-21T06:00:11Z,semo_pub_dailyintconntc_202609210600,1349.8166666666666,1,530.0,2026-09-21T06:00:11Z,semo_pub_dailyintconntc_202609210600,1349.8166666666666,1,513.0,2026-09-21T06:00:11Z,semo_pub_dailyintconntc_202609210600,1349.8166666666666,1,500.0,2026-09-21T06:00:11Z,semo_pub_dailyintconntc_202609210600,1349.8166666666666,1,500.0,2026-09-21T06:00:11Z,semo_pub_dailyintconntc_202609210600,1349.8166666666666,1,504.0,2026-09-21T06:00:11Z,semo_pub_dailyintconntc_202609210600,1349.8166666666666,1,,,,,0,1058.786,2026-09-22T00:14:08Z,semo_pub_15minaggwindfcst_202609220014,255.86666666666667,1,0,4193.018,1419.814,2.08,204.605,254.74650000000003,372.545,0.5236000000000001,2026-08-31T23:00:00Z,30570.0,1,,,,0,0,1,1,0,0,0,0,0,0,,,,,,,,,,,831.8965000000001,,,,234,18.976243938865277,73.0,0.0,10,38.89085344255127,132.3180000000001,-56.13099999999986,0,,,,,,,,,,,,,,,,,,,,,,,,,,,,,,,,,,,,,,,,,,,,,,,,,,,,0,0,0,0,0,0,0,0,0,0,0,0,0,0,0,0,0,0,0,0,0,0,0,0,0,0,0,1,1,1,0,0,0,1,1,1,1,1,1,1,1,1,1,1,1,1,1,1,1,0,0,0,0,0,0,1,1,1,1,1,1,1,1,1,1,1,1,1,1,1,1,1,1,1,1,1,1,1,1,1,1,1,1,1,1,1,1,1,1,1,1,1,1,1,1,1,1,1,1,1,1,1,1,1,1,1
2026-09-22T05:30:00Z,2026-09-22T04:30:00Z,60,4519.0,2026-09-22T04:20:11Z,semo_pub_dailyloadfcst_202609220420,9.816666666666666,1,769.0,2026-09-22T04:20:11Z,semo_pub_dailyloadfcst_202609220420,9.816666666666666,1,3750.0,2026-09-22T04:20:11Z,semo_pub_dailyloadfcst_202609220420,9.816666666666666,1,,,,,0,,,,,0,,,,,0,,,,,0,,,,,0,,,,,0,,,,,0,1037.067,2026-09-22T00:14:08Z,semo_pub_15minaggwindfcst_202609220014,255.86666666666667,1,0,4193.018,1419.814,2.08,204.605,254.74650000000003,372.545,0.5236000000000001,2026-08-31T23:00:00Z,30570.0,1,,,,0,0,1,1,1,1,1,1,1,1,,,,,,,,,,,831.8965000000001,,,,234,17.139024083681612,66.0,0.0,10,32.516000126860646,113.34300000000007,-29.910000000000082,0,,,,,,,,,,,,,,,,,,,,,,,,,,,,,,,,,,,,,,,,,,,,,,,,,,,,0,0,0,0,0,0,0,0,0,1,1,1,1,1,1,1,1,1,1,1,1,1,1,1,1,1,1,1,1,1,0,0,0,1,1,1,1,1,1,1,1,1,1,1,1,1,1,1,1,0,0,0,0,0,0,1,1,1,1,1,1,1,1,1,1,1,1,1,1,1,1,1,1,1,1,1,1,1,1,1,1,1,1,1,1,1,1,1,1,1,1,1,1,1,1,1,1,1,1,1,1,1,1,1,1,1
2026-09-22T05:30:00Z,2026-09-22T05:00:00Z,30,4519.0,2026-09-22T04:50:21Z,semo_pub_dailyloadfcst_202609220450,9.65,1,769.0,2026-09-22T04:50:21Z,semo_pub_dailyloadfcst_202609220450,9.65,1,3750.0,2026-09-22T04:50:21Z,semo_pub_dailyloadfcst_202609220450,9.65,1,,,,,0,,,,,0,,,,,0,,,,,0,,,,,0,,,,,0,,,,,0,1037.067,2026-09-22T00:14:08Z,semo_pub_15minaggwindfcst_202609220014,285.8666666666667,1,0,4193.018,1419.814,2.08,204.605,254.74650000000003,372.545,0.5236000000000001,2026-08-31T23:00:00Z,30600.0,1,,,,0,0,1,1,1,1,1,1,1,1,,,,,,,,,,,831.8965000000001,,,,238,18.49450398076486,66.0,0.0,10,32.516000126860646,113.34300000000007,-29.910000000000082,0,,,,,,,,,,,,,,,,,,,,,,,,,,,,,,,,,,,,,,,,,,,,,,,,,,,,0,0,0,0,0,0,0,0,0,1,1,1,1,1,1,1,1,1,1,1,1,1,1,1,1,1,1,1,1,1,0,0,0,1,1,1,1,1,1,1,1,1,1,1,1,1,1,1,1,0,0,0,0,0,0,1,1,1,1,1,1,1,1,1,1,1,1,1,1,1,1,1,1,1,1,1,1,1,1,1,1,1,1,1,1,1,1,1,1,1,1,1,1,1,1,1,1,1,1,1,1,1,1,1,1,1
2026-09-22T06:00:00Z,2026-09-22T05:00:00Z,60,4863.0,2026-09-22T04:50:21Z,semo_pub_dailyloadfcst_202609220450,9.65,1,847.0,2026-09-22T04:50:21Z,semo_pub_dailyloadfcst_202609220450,9.65,1,4016.0,2026-09-22T04:50:21Z,semo_pub_dailyloadfcst_202609220450,9.65,1,500.0,2026-09-21T06:00:11Z,semo_pub_dailyintconntc_202609210600,1379.8166666666666,1,530.0,2026-09-21T06:00:11Z,semo_pub_dailyintconntc_202609210600,1379.8166666666666,1,513.0,2026-09-21T06:00:11Z,semo_pub_dailyintconntc_202609210600,1379.8166666666666,1,500.0,2026-09-21T06:00:11Z,semo_pub_dailyintconntc_202609210600,1379.8166666666666,1,500.0,2026-09-21T06:00:11Z,semo_pub_dailyintconntc_202609210600,1379.8166666666666,1,504.0,2026-09-21T06:00:11Z,semo_pub_dailyintconntc_202609210600,1379.8166666666666,1,,,,,0,1015.359,2026-09-22T00:14:08Z,semo_pub_15minaggwindfcst_202609220014,285.8666666666667,1,0,4193.018,1419.814,2.08,204.605,254.74650000000003,372.545,0.5236000000000001,2026-08-31T23:00:00Z,30600.0,1,,,,0,0,1,1,0,0,0,0,0,0,,,,,,,,,,,831.8965000000001,,,,238,16.804790330089634,63.0,0.0,10,27.72004213362597,96.94799999999987,-3.6609999999999445,0,,,,,,,,,,,,,,,,,,,,,,,,,,,,,,,,,,,,,,,,,,,,,,,,,,,,0,0,0,0,0,0,0,0,0,0,0,0,0,0,0,0,0,0,0,0,0,0,0,0,0,0,0,1,1,1,0,0,0,1,1,1,1,1,1,1,1,1,1,1,1,1,1,1,1,0,0,0,0,0,0,1,1,1,1,1,1,1,1,1,1,1,1,1,1,1,1,1,1,1,1,1,1,1,1,1,1,1,1,1,1,1,1,1,1,1,1,1,1,1,1,1,1,1,1,1,1,1,1,1,1,1
2026-09-22T06:00:00Z,2026-09-22T05:30:00Z,30,4863.0,2026-09-22T05:20:15Z,semo_pub_dailyloadfcst_202609220520,9.75,1,847.0,2026-09-22T05:20:15Z,semo_pub_dailyloadfcst_202609220520,9.75,1,4016.0,2026-09-22T05:20:15Z,semo_pub_dailyloadfcst_202609220520,9.75,1,500.0,2026-09-21T06:00:11Z,semo_pub_dailyintconntc_202609210600,1409.8166666666666,1,530.0,2026-09-21T06:00:11Z,semo_pub_dailyintconntc_202609210600,1409.8166666666666,1,513.0,2026-09-21T06:00:11Z,semo_pub_dailyintconntc_202609210600,1409.8166666666666,1,500.0,2026-09-21T06:00:11Z,semo_pub_dailyintconntc_202609210600,1409.8166666666666,1,500.0,2026-09-21T06:00:11Z,semo_pub_dailyintconntc_202609210600,1409.8166666666666,1,504.0,2026-09-21T06:00:11Z,semo_pub_dailyintconntc_202609210600,1409.8166666666666,1,,,,,0,1015.359,2026-09-22T00:14:08Z,semo_pub_15minaggwindfcst_202609220014,315.8666666666667,1,0,4193.018,1419.814,2.08,204.605,254.74650000000003,372.545,0.5236000000000001,2026-08-31T23:00:00Z,30630.0,1,,,,0,0,1,1,0,0,0,0,0,0,,,,,,,,,,,831.8965000000001,,,,242,17.87321735942933,63.0,0.0,10,27.72004213362597,96.94799999999987,-3.6609999999999445,0,,,,,,,,,,,,,,,,,,,,,,,,,,,,,,,,,,,,,,,,,,,,,,,,,,,,0,0,0,0,0,0,0,0,0,0,0,0,0,0,0,0,0,0,0,0,0,0,0,0,0,0,0,1,1,1,0,0,0,1,1,1,1,1,1,1,1,1,1,1,1,1,1,1,1,0,0,0,0,0,0,1,1,1,1,1,1,1,1,1,1,1,1,1,1,1,1,1,1,1,1,1,1,1,1,1,1,1,1,1,1,1,1,1,1,1,1,1,1,1,1,1,1,1,1,1,1,1,1,1,1,1
2026-09-22T06:30:00Z,2026-09-22T05:30:00Z,60,5223.0,2026-09-22T05:20:15Z,semo_pub_dailyloadfcst_202609220520,9.75,1,940.0,2026-09-22T05:20:15Z,semo_pub_dailyloadfcst_202609220520,9.75,1,4283.0,2026-09-22T05:20:15Z,semo_pub_dailyloadfcst_202609220520,9.75,1,,,,,0,,,,,0,,,,,0,,,,,0,,,,,0,,,,,0,,,,,0,996.37,2026-09-22T00:14:08Z,semo_pub_15minaggwindfcst_202609220014,315.8666666666667,1,0,4193.018,1419.814,2.08,204.605,254.74650000000003,372.545,0.5236000000000001,2026-08-31T23:00:00Z,30630.0,1,,,,0,0,1,1,1,1,1,1,1,1,,,,,,,,,,,831.8965000000001,,,,242,12.284948835805853,49.0,0.0,10,31.031472246898,91.46400000000006,22.302999999999997,0,,,,,,,,,,,,,,,,,,,,,,,,,,,,,,,,,,,,,,,,,,,,,,,,,,,,0,0,0,0,0,0,0,0,0,1,1,1,1,1,1,1,1,1,1,1,1,1,1,1,1,1,1,1,1,1,0,0,0,1,1,1,1,1,1,1,1,1,1,1,1,1,1,1,1,0,0,0,0,0,0,1,1,1,1,1,1,1,1,1,1,1,1,1,1,1,1,1,1,1,1,1,1,1,1,1,1,1,1,1,1,1,1,1,1,1,1,1,1,1,1,1,1,1,1,1,1,1,1,1,1,1
2026-09-22T06:30:00Z,2026-09-22T06:00:00Z,30,5223.0,2026-09-22T05:50:21Z,semo_pub_dailyloadfcst_202609220550,9.65,1,940.0,2026-09-22T05:50:21Z,semo_pub_dailyloadfcst_202609220550,9.65,1,4283.0,2026-09-22T05:50:21Z,semo_pub_dailyloadfcst_202609220550,9.65,1,,,,,0,,,,,0,,,,,0,,,,,0,,,,,0,,,,,0,,,,,0,996.37,2026-09-22T00:14:08Z,semo_pub_15minaggwindfcst_202609220014,345.8666666666667,1,0,4193.018,1419.814,2.08,204.605,254.74650000000003,372.545,0.5236000000000001,2026-08-31T23:00:00Z,30660.0,1,,,,0,0,1,1,1,1,1,1,1,1,,,,,,,,,,,831.8965000000001,,,,246,12.831829296044313,49.0,0.0,10,31.031472246898,91.46400000000006,22.302999999999997,0,,,,,,,,,,,,,,,,,,,,,,,,,,,,,,,,,,,,,,,,,,,,,,,,,,,,0,0,0,0,0,0,0,0,0,1,1,1,1,1,1,1,1,1,1,1,1,1,1,1,1,1,1,1,1,1,0,0,0,1,1,1,1,1,1,1,1,1,1,1,1,1,1,1,1,0,0,0,0,0,0,1,1,1,1,1,1,1,1,1,1,1,1,1,1,1,1,1,1,1,1,1,1,1,1,1,1,1,1,1,1,1,1,1,1,1,1,1,1,1,1,1,1,1,1,1,1,1,1,1,1,1
2026-09-22T07:00:00Z,2026-09-22T06:00:00Z,60,5392.0,2026-09-22T05:50:21Z,semo_pub_dailyloadfcst_202609220550,9.65,1,985.0,2026-09-22T05:50:21Z,semo_pub_dailyloadfcst_202609220550,9.65,1,4407.0,2026-09-22T05:50:21Z,semo_pub_dailyloadfcst_202609220550,9.65,1,500.0,2026-09-21T06:00:11Z,semo_pub_dailyintconntc_202609210600,1439.8166666666666,1,530.0,2026-09-21T06:00:11Z,semo_pub_dailyintconntc_202609210600,1439.8166666666666,1,513.0,2026-09-21T06:00:11Z,semo_pub_dailyintconntc_202609210600,1439.8166666666666,1,500.0,2026-09-21T06:00:11Z,semo_pub_dailyintconntc_202609210600,1439.8166666666666,1,500.0,2026-09-21T06:00:11Z,semo_pub_dailyintconntc_202609210600,1439.8166666666666,1,504.0,2026-09-21T06:00:11Z,semo_pub_dailyintconntc_202609210600,1439.8166666666666,1,,,,,0,977.366,2026-09-22T00:14:08Z,semo_pub_15minaggwindfcst_202609220014,345.8666666666667,1,0,4193.018,1419.814,2.08,204.605,254.74650000000003,372.545,0.5236000000000001,2026-08-31T23:00:00Z,30660.0,1,,,,0,0,1,1,0,0,0,0,0,0,,,,,,,,,,,831.8965000000001,,,,246,12.149922334340971,45.0,0.0,10,39.622871666374714,124.75900000000001,48.250999999999976,0,,,,,,,,,,,,,,,,,,,,,,,,,,,,,,,,,,,,,,,,,,,,,,,,,,,,0,0,0,0,0,0,0,0,0,0,0,0,0,0,0,0,0,0,0,0,0,0,0,0,0,0,0,1,1,1,0,0,0,1,1,1,1,1,1,1,1,1,1,1,1,1,1,1,1,0,0,0,0,0,0,1,1,1,1,1,1,1,1,1,1,1,1,1,1,1,1,1,1,1,1,1,1,1,1,1,1,1,1,1,1,1,1,1,1,1,1,1,1,1,1,1,1,1,1,1,1,1,1,1,1,1
2026-09-22T07:00:00Z,2026-09-22T06:30:00Z,30,5392.0,2026-09-22T06:20:10Z,semo_pub_dailyloadfcst_202609220620,9.833333333333334,1,985.0,2026-09-22T06:20:10Z,semo_pub_dailyloadfcst_202609220620,9.833333333333334,1,4407.0,2026-09-22T06:20:10Z,semo_pub_dailyloadfcst_202609220620,9.833333333333334,1,500.0,2026-09-22T06:00:11Z,semo_pub_dailyintconntc_202609220600,29.816666666666663,1,530.0,2026-09-22T06:00:11Z,semo_pub_dailyintconntc_202609220600,29.816666666666663,1,513.0,2026-09-22T06:00:11Z,semo_pub_dailyintconntc_202609220600,29.816666666666663,1,500.0,2026-09-22T06:00:11Z,semo_pub_dailyintconntc_202609220600,29.816666666666663,1,500.0,2026-09-22T06:00:11Z,semo_pub_dailyintconntc_202609220600,29.816666666666663,1,504.0,2026-09-22T06:00:11Z,semo_pub_dailyintconntc_202609220600,29.816666666666663,1,,,,,0,791.378,2026-09-22T06:14:28Z,semo_pub_15minaggwindfcst_202609220614,15.533333333333331,1,0,4193.018,1419.814,2.08,204.605,254.74650000000003,372.545,0.5236000000000001,2026-08-31T23:00:00Z,30690.0,1,,,,0,0,0,1,0,0,0,0,0,0,,,,,,,,,,,831.8965000000001,,,,250,12.590981534415816,45.0,0.0,12,47.0661507145351,185.98799999999994,-112.13099999999997,0,,,,,,,,,,,,,,,,,,,,,,,,,,,,,,,,,,,,,,,,,,,,,,,,,,,,0,0,0,0,0,0,0,0,0,0,0,0,0,0,0,0,0,0,0,0,0,0,0,0,0,0,0,1,1,1,0,0,0,1,1,1,1,1,1,1,1,1,1,1,1,1,1,1,1,0,0,0,0,0,0,1,1,1,1,1,1,1,1,1,1,1,1,1,1,1,1,1,1,1,1,1,1,1,1,1,1,1,1,1,1,1,1,1,1,1,1,1,1,1,1,1,1,1,1,1,1,1,1,1,1,1
2026-09-22T07:30:00Z,2026-09-22T06:30:00Z,60,5444.0,2026-09-22T06:20:10Z,semo_pub_dailyloadfcst_202609220620,9.833333333333334,1,998.0,2026-09-22T06:20:10Z,semo_pub_dailyloadfcst_202609220620,9.833333333333334,1,4446.0,2026-09-22T06:20:10Z,semo_pub_dailyloadfcst_202609220620,9.833333333333334,1,,,,,0,,,,,0,,,,,0,,,,,0,,,,,0,,,,,0,,,,,0,827.345,2026-09-22T06:14:28Z,semo_pub_15minaggwindfcst_202609220614,15.533333333333331,1,0,4193.018,1419.814,2.08,204.605,254.74650000000003,372.545,0.5236000000000001,2026-08-31T23:00:00Z,30690.0,1,,,,0,0,0,1,1,1,1,1,1,1,,,,,,,,,,,831.8965000000001,,,,250,10.457061920061484,32.0,0.0,12,48.68946155455225,171.67899999999997,-104.97899999999993,0,,,,,,,,,,,,,,,,,,,,,,,,,,,,,,,,,,,,,,,,,,,,,,,,,,,,0,0,0,0,0,0,0,0,0,1,1,1,1,1,1,1,1,1,1,1,1,1,1,1,1,1,1,1,1,1,0,0,0,1,1,1,1,1,1,1,1,1,1,1,1,1,1,1,1,0,0,0,0,0,0,1,1,1,1,1,1,1,1,1,1,1,1,1,1,1,1,1,1,1,1,1,1,1,1,1,1,1,1,1,1,1,1,1,1,1,1,1,1,1,1,1,1,1,1,1,1,1,1,1,1,1
2026-09-22T07:30:00Z,2026-09-22T07:00:00Z,30,5444.0,2026-09-22T06:50:10Z,semo_pub_dailyloadfcst_202609220650,9.833333333333334,1,998.0,2026-09-22T06:50:10Z,semo_pub_dailyloadfcst_202609220650,9.833333333333334,1,4446.0,2026-09-22T06:50:10Z,semo_pub_dailyloadfcst_202609220650,9.833333333333334,1,,,,,0,,,,,0,,,,,0,,,,,0,,,,,0,,,,,0,,,,,0,827.345,2026-09-22T06:14:28Z,semo_pub_15minaggwindfcst_202609220614,45.53333333333333,1,0,4193.018,1419.814,2.08,204.605,254.74650000000003,372.545,0.5236000000000001,2026-08-31T23:00:00Z,30720.0,1,,,,0,0,0,1,1,1,1,1,1,1,,,,,,,,,,,831.8965000000001,,,,254,10.63558904017584,32.0,0.0,12,48.68946155455225,171.67899999999997,-104.97899999999993,0,,,,,,,,,,,,,,,,,,,,,,,,,,,,,,,,,,,,,,,,,,,,,,,,,,,,0,0,0,0,0,0,0,0,0,1,1,1,1,1,1,1,1,1,1,1,1,1,1,1,1,1,1,1,1,1,0,0,0,1,1,1,1,1,1,1,1,1,1,1,1,1,1,1,1,0,0,0,0,0,0,1,1,1,1,1,1,1,1,1,1,1,1,1,1,1,1,1,1,1,1,1,1,1,1,1,1,1,1,1,1,1,1,1,1,1,1,1,1,1,1,1,1,1,1,1,1,1,1,1,1,1
2026-09-22T08:00:00Z,2026-09-22T07:00:00Z,60,5431.0,2026-09-22T06:50:10Z,semo_pub_dailyloadfcst_202609220650,9.833333333333334,1,1001.0,2026-09-22T06:50:10Z,semo_pub_dailyloadfcst_202609220650,9.833333333333334,1,4430.0,2026-09-22T06:50:10Z,semo_pub_dailyloadfcst_202609220650,9.833333333333334,1,500.0,2026-09-22T06:00:11Z,semo_pub_dailyintconntc_202609220600,59.81666666666667,1,530.0,2026-09-22T06:00:11Z,semo_pub_dailyintconntc_202609220600,59.81666666666667,1,513.0,2026-09-22T06:00:11Z,semo_pub_dailyintconntc_202609220600,59.81666666666667,1,500.0,2026-09-22T06:00:11Z,semo_pub_dailyintconntc_202609220600,59.81666666666667,1,500.0,2026-09-22T06:00:11Z,semo_pub_dailyintconntc_202609220600,59.81666666666667,1,504.0,2026-09-22T06:00:11Z,semo_pub_dailyintconntc_202609220600,59.81666666666667,1,,,,,0,863.301,2026-09-22T06:14:28Z,semo_pub_15minaggwindfcst_202609220614,45.53333333333333,1,0,4193.018,1419.814,2.08,204.605,254.74650000000003,372.545,0.5236000000000001,2026-08-31T23:00:00Z,30720.0,1,,,,0,0,0,1,0,0,0,0,0,0,,,,,,,,,,,831.8965000000001,,,,254,9.985720476221376,24.0,0.0,12,53.79398508526922,172.24099999999999,-97.84100000000001,0,,,,,,,,,,,,,,,,,,,,,,,,,,,,,,,,,,,,,,,,,,,,,,,,,,,,0,0,0,0,0,0,0,0,0,0,0,0,0,0,0,0,0,0,0,0,0,0,0,0,0,0,0,1,1,1,0,0,0,1,1,1,1,1,1,1,1,1,1,1,1,1,1,1,1,0,0,0,0,0,0,1,1,1,1,1,1,1,1,1,1,1,1,1,1,1,1,1,1,1,1,1,1,1,1,1,1,1,1,1,1,1,1,1,1,1,1,1,1,1,1,1,1,1,1,1,1,1,1,1,1,1
2026-09-22T08:00:00Z,2026-09-22T07:30:00Z,30,5431.0,2026-09-22T07:20:10Z,semo_pub_dailyloadfcst_202609220720,9.833333333333334,1,1001.0,2026-09-22T07:20:10Z,semo_pub_dailyloadfcst_202609220720,9.833333333333334,1,4430.0,2026-09-22T07:20:10Z,semo_pub_dailyloadfcst_202609220720,9.833333333333334,1,500.0,2026-09-22T06:00:11Z,semo_pub_dailyintconntc_202609220600,89.81666666666666,1,530.0,2026-09-22T06:00:11Z,semo_pub_dailyintconntc_202609220600,89.81666666666666,1,513.0,2026-09-22T06:00:11Z,semo_pub_dailyintconntc_202609220600,89.81666666666666,1,500.0,2026-09-22T06:00:11Z,semo_pub_dailyintconntc_202609220600,89.81666666666666,1,500.0,2026-09-22T06:00:11Z,semo_pub_dailyintconntc_202609220600,89.81666666666666,1,504.0,2026-09-22T06:00:11Z,semo_pub_dailyintconntc_202609220600,89.81666666666666,1,,,,,0,863.301,2026-09-22T06:14:28Z,semo_pub_15minaggwindfcst_202609220614,75.53333333333333,1,0,4193.018,1419.814,2.08,204.605,254.74650000000003,372.545,0.5236000000000001,2026-08-31T23:00:00Z,30750.0,1,,,,0,0,0,1,0,0,0,0,0,0,,,,,,,,,,,831.8965000000001,,,,258,9.995050154075118,24.0,0.0,12,53.79398508526922,172.24099999999999,-97.84100000000001,0,,,,,,,,,,,,,,,,,,,,,,,,,,,,,,,,,,,,,,,,,,,,,,,,,,,,0,0,0,0,0,0,0,0,0,0,0,0,0,0,0,0,0,0,0,0,0,0,0,0,0,0,0,1,1,1,0,0,0,1,1,1,1,1,1,1,1,1,1,1,1,1,1,1,1,0,0,0,0,0,0,1,1,1,1,1,1,1,1,1,1,1,1,1,1,1,1,1,1,1,1,1,1,1,1,1,1,1,1,1,1,1,1,1,1,1,1,1,1,1,1,1,1,1,1,1,1,1,1,1,1,1
2026-09-22T08:30:00Z,2026-09-22T07:30:00Z,60,5421.0,2026-09-22T07:20:10Z,semo_pub_dailyloadfcst_202609220720,9.833333333333334,1,997.0,2026-09-22T07:20:10Z,semo_pub_dailyloadfcst_202609220720,9.833333333333334,1,4424.0,2026-09-22T07:20:10Z,semo_pub_dailyloadfcst_202609220720,9.833333333333334,1,,,,,0,,,,,0,,,,,0,,,,,0,,,,,0,,,,,0,,,,,0,961.815,2026-09-22T06:14:28Z,semo_pub_15minaggwindfcst_202609220614,75.53333333333333,1,0,4193.018,1419.814,2.08,204.605,254.74650000000003,372.545,0.5236000000000001,2026-08-31T23:00:00Z,30750.0,1,,,,0,0,0,1,1,1,1,1,1,1,,,,,,,,,,,831.8965000000001,,,,258,13.317303777155319,32.0,0.0,12,63.30929687696393,203.673,-83.81899999999996,0,,,,,,,,,,,,,,,,,,,,,,,,,,,,,,,,,,,,,,,,,,,,,,,,,,,,0,0,0,0,0,0,0,0,0,1,1,1,1,1,1,1,1,1,1,1,1,1,1,1,1,1,1,1,1,1,0,0,0,1,1,1,1,1,1,1,1,1,1,1,1,1,1,1,1,0,0,0,0,0,0,1,1,1,1,1,1,1,1,1,1,1,1,1,1,1,1,1,1,1,1,1,1,1,1,1,1,1,1,1,1,1,1,1,1,1,1,1,1,1,1,1,1,1,1,1,1,1,1,1,1,1
2026-09-22T08:30:00Z,2026-09-22T08:00:00Z,30,5421.0,2026-09-22T07:50:10Z,semo_pub_dailyloadfcst_202609220750,9.833333333333334,1,997.0,2026-09-22T07:50:10Z,semo_pub_dailyloadfcst_202609220750,9.833333333333334,1,4424.0,2026-09-22T07:50:10Z,semo_pub_dailyloadfcst_202609220750,9.833333333333334,1,,,,,0,,,,,0,,,,,0,,,,,0,,,,,0,,,,,0,,,,,0,961.815,2026-09-22T06:14:28Z,semo_pub_15minaggwindfcst_202609220614,105.53333333333332,1,0,4193.018,1419.814,2.08,204.605,254.74650000000003,372.545,0.5236000000000001,2026-08-31T23:00:00Z,30780.0,1,,,,0,0,0,1,1,1,1,1,1,1,,,,,,,,,,,831.8965000000001,,,,262,13.215349984219394,32.0,0.0,12,63.30929687696393,203.673,-83.81899999999996,0,,,,,,,,,,,,,,,,,,,,,,,,,,,,,,,,,,,,,,,,,,,,,,,,,,,,0,0,0,0,0,0,0,0,0,1,1,1,1,1,1,1,1,1,1,1,1,1,1,1,1,1,1,1,1,1,0,0,0,1,1,1,1,1,1,1,1,1,1,1,1,1,1,1,1,0,0,0,0,0,0,1,1,1,1,1,1,1,1,1,1,1,1,1,1,1,1,1,1,1,1,1,1,1,1,1,1,1,1,1,1,1,1,1,1,1,1,1,1,1,1,1,1,1,1,1,1,1,1,1,1,1
2026-09-22T09:00:00Z,2026-09-22T08:00:00Z,60,5315.0,2026-09-22T07:50:10Z,semo_pub_dailyloadfcst_202609220750,9.833333333333334,1,974.0,2026-09-22T07:50:10Z,semo_pub_dailyloadfcst_202609220750,9.833333333333334,1,4341.0,2026-09-22T07:50:10Z,semo_pub_dailyloadfcst_202609220750,9.833333333333334,1,500.0,2026-09-22T06:00:11Z,semo_pub_dailyintconntc_202609220600,119.81666666666666,1,530.0,2026-09-22T06:00:11Z,semo_pub_dailyintconntc_202609220600,119.81666666666666,1,513.0,2026-09-22T06:00:11Z,semo_pub_dailyintconntc_202609220600,119.81666666666666,1,500.0,2026-09-22T06:00:11Z,semo_pub_dailyintconntc_202609220600,119.81666666666666,1,500.0,2026-09-22T06:00:11Z,semo_pub_dailyintconntc_202609220600,119.81666666666666,1,504.0,2026-09-22T06:00:11Z,semo_pub_dailyintconntc_202609220600,119.81666666666666,1,,,,,0,1060.319,2026-09-22T06:14:28Z,semo_pub_15minaggwindfcst_202609220614,105.53333333333332,1,0,4193.018,1419.814,2.08,204.605,254.74650000000003,372.545,0.5236000000000001,2026-08-31T23:00:00Z,30780.0,1,,,,0,0,0,1,0,0,0,0,0,0,,,,,,,,,,,831.8965000000001,,,,262,25.50399043971676,58.0,0.0,12,77.04540128427881,236.99599999999998,-69.79700000000003,0,,,,,,,,,,,,,,,,,,,,,,,,,,,,,,,,,,,,,,,,,,,,,,,,,,,,0,0,0,0,0,0,0,0,0,0,0,0,0,0,0,0,0,0,0,0,0,0,0,0,0,0,0,1,1,1,0,0,0,1,1,1,1,1,1,1,1,1,1,1,1,1,1,1,1,0,0,0,0,0,0,1,1,1,1,1,1,1,1,1,1,1,1,1,1,1,1,1,1,1,1,1,1,1,1,1,1,1,1,1,1,1,1,1,1,1,1,1,1,1,1,1,1,1,1,1,1,1,1,1,1,1
2026-09-22T09:00:00Z,2026-09-22T08:30:00Z,30,5315.0,2026-09-22T08:20:11Z,semo_pub_dailyloadfcst_202609220820,9.816666666666666,1,974.0,2026-09-22T08:20:11Z,semo_pub_dailyloadfcst_202609220820,9.816666666666666,1,4341.0,2026-09-22T08:20:11Z,semo_pub_dailyloadfcst_202609220820,9.816666666666666,1,500.0,2026-09-22T06:00:11Z,semo_pub_dailyintconntc_202609220600,149.81666666666666,1,530.0,2026-09-22T06:00:11Z,semo_pub_dailyintconntc_202609220600,149.81666666666666,1,513.0,2026-09-22T06:00:11Z,semo_pub_dailyintconntc_202609220600,149.81666666666666,1,500.0,2026-09-22T06:00:11Z,semo_pub_dailyintconntc_202609220600,149.81666666666666,1,500.0,2026-09-22T06:00:11Z,semo_pub_dailyintconntc_202609220600,149.81666666666666,1,504.0,2026-09-22T06:00:11Z,semo_pub_dailyintconntc_202609220600,149.81666666666666,1,,,,,0,1060.319,2026-09-22T06:14:28Z,semo_pub_15minaggwindfcst_202609220614,135.53333333333333,1,0,4193.018,1419.814,2.08,204.605,254.74650000000003,372.545,0.5236000000000001,2026-08-31T23:00:00Z,30810.0,1,,,,0,0,1,1,0,0,0,0,0,0,,,,,,,,,,,831.8965000000001,,,,266,25.435765735063477,58.0,0.0,12,77.04540128427881,236.99599999999998,-69.79700000000003,0,,,,,,,,,,,,,,,,,,,,,,,,,,,,,,,,,,,,,,,,,,,,,,,,,,,,0,0,0,0,0,0,0,0,0,0,0,0,0,0,0,0,0,0,0,0,0,0,0,0,0,0,0,1,1,1,0,0,0,1,1,1,1,1,1,1,1,1,1,1,1,1,1,1,1,0,0,0,0,0,0,1,1,1,1,1,1,1,1,1,1,1,1,1,1,1,1,1,1,1,1,1,1,1,1,1,1,1,1,1,1,1,1,1,1,1,1,1,1,1,1,1,1,1,1,1,1,1,1,1,1,1
2026-09-22T09:30:00Z,2026-09-22T08:30:00Z,60,5161.0,2026-09-22T08:20:11Z,semo_pub_dailyloadfcst_202609220820,9.816666666666666,1,961.0,2026-09-22T08:20:11Z,semo_pub_dailyloadfcst_202609220820,9.816666666666666,1,4200.0,2026-09-22T08:20:11Z,semo_pub_dailyloadfcst_202609220820,9.816666666666666,1,,,,,0,,,,,0,,,,,0,,,,,0,,,,,0,,,,,0,,,,,0,1175.679,2026-09-22T06:14:28Z,semo_pub_15minaggwindfcst_202609220614,135.53333333333333,1,0,4193.018,1419.814,2.08,204.605,254.74650000000003,372.545,0.5236000000000001,2026-08-31T23:00:00Z,30810.0,1,,,,0,0,1,1,1,1,1,1,1,1,,,,,,,,,,,831.8965000000001,,,,266,20.51517399831475,46.0,0.0,12,81.54561807471633,232.24700000000007,-31.935999999999922,0,,,,,,,,,,,,,,,,,,,,,,,,,,,,,,,,,,,,,,,,,,,,,,,,,,,,0,0,0,0,0,0,0,0,0,1,1,1,1,1,1,1,1,1,1,1,1,1,1,1,1,1,1,1,1,1,0,0,0,1,1,1,1,1,1,1,1,1,1,1,1,1,1,1,1,0,0,0,0,0,0,1,1,1,1,1,1,1,1,1,1,1,1,1,1,1,1,1,1,1,1,1,1,1,1,1,1,1,1,1,1,1,1,1,1,1,1,1,1,1,1,1,1,1,1,1,1,1,1,1,1,1
2026-09-22T09:30:00Z,2026-09-22T09:00:00Z,30,5161.0,2026-09-22T08:50:11Z,semo_pub_dailyloadfcst_202609220850,9.816666666666666,1,961.0,2026-09-22T08:50:11Z,semo_pub_dailyloadfcst_202609220850,9.816666666666666,1,4200.0,2026-09-22T08:50:11Z,semo_pub_dailyloadfcst_202609220850,9.816666666666666,1,,,,,0,,,,,0,,,,,0,,,,,0,,,,,0,,,,,0,,,,,0,1175.679,2026-09-22T06:14:28Z,semo_pub_15minaggwindfcst_202609220614,165.53333333333333,1,0,4193.018,1419.814,2.08,204.605,254.74650000000003,372.545,0.5236000000000001,2026-08-31T23:00:00Z,30840.0,1,,,,0,0,1,1,1,1,1,1,1,1,,,,,,,,,,,831.8965000000001,,,,270,20.47503113215767,46.0,0.0,12,81.54561807471633,232.24700000000007,-31.935999999999922,0,,,,,,,,,,,,,,,,,,,,,,,,,,,,,,,,,,,,,,,,,,,,,,,,,,,,0,0,0,0,0,0,0,0,0,1,1,1,1,1,1,1,1,1,1,1,1,1,1,1,1,1,1,1,1,1,0,0,0,1,1,1,1,1,1,1,1,1,1,1,1,1,1,1,1,0,0,0,0,0,0,1,1,1,1,1,1,1,1,1,1,1,1,1,1,1,1,1,1,1,1,1,1,1,1,1,1,1,1,1,1,1,1,1,1,1,1,1,1,1,1,1,1,1,1,1,1,1,1,1,1,1
2026-09-22T10:00:00Z,2026-09-22T09:00:00Z,60,5160.0,2026-09-22T08:50:11Z,semo_pub_dailyloadfcst_202609220850,9.816666666666666,1,960.0,2026-09-22T08:50:11Z,semo_pub_dailyloadfcst_202609220850,9.816666666666666,1,4200.0,2026-09-22T08:50:11Z,semo_pub_dailyloadfcst_202609220850,9.816666666666666,1,500.0,2026-09-22T06:00:11Z,semo_pub_dailyintconntc_202609220600,179.81666666666666,1,530.0,2026-09-22T06:00:11Z,semo_pub_dailyintconntc_202609220600,179.81666666666666,1,513.0,2026-09-22T06:00:11Z,semo_pub_dailyintconntc_202609220600,179.81666666666666,1,500.0,2026-09-22T06:00:11Z,semo_pub_dailyintconntc_202609220600,179.81666666666666,1,500.0,2026-09-22T06:00:11Z,semo_pub_dailyintconntc_202609220600,179.81666666666666,1,504.0,2026-09-22T06:00:11Z,semo_pub_dailyintconntc_202609220600,179.81666666666666,1,,,,,0,1291.024,2026-09-22T06:14:28Z,semo_pub_15minaggwindfcst_202609220614,165.53333333333333,1,0,4193.018,1419.814,2.08,204.605,254.74650000000003,372.545,0.5236000000000001,2026-08-31T23:00:00Z,30840.0,1,,,,0,0,1,1,0,0,0,0,0,0,,,,,,,,,,,831.8965000000001,,,,270,22.60530911091463,51.0,0.0,12,88.42228444217115,236.19799999999987,5.911999999999807,0,,,,,,,,,,,,,,,,,,,,,,,,,,,,,,,,,,,,,,,,,,,,,,,,,,,,0,0,0,0,0,0,0,0,0,0,0,0,0,0,0,0,0,0,0,0,0,0,0,0,0,0,0,1,1,1,0,0,0,1,1,1,1,1,1,1,1,1,1,1,1,1,1,1,1,0,0,0,0,0,0,1,1,1,1,1,1,1,1,1,1,1,1,1,1,1,1,1,1,1,1,1,1,1,1,1,1,1,1,1,1,1,1,1,1,1,1,1,1,1,1,1,1,1,1,1,1,1,1,1,1,1
2026-09-22T10:00:00Z,2026-09-22T09:30:00Z,30,5160.0,2026-09-22T09:00:16Z,semo_pub_dailyloadfcst_202609220900,29.73333333333333,1,960.0,2026-09-22T09:00:16Z,semo_pub_dailyloadfcst_202609220900,29.73333333333333,1,4200.0,2026-09-22T09:00:16Z,semo_pub_dailyloadfcst_202609220900,29.73333333333333,1,500.0,2026-09-22T06:00:11Z,semo_pub_dailyintconntc_202609220600,209.81666666666663,1,530.0,2026-09-22T06:00:11Z,semo_pub_dailyintconntc_202609220600,209.81666666666663,1,513.0,2026-09-22T06:00:11Z,semo_pub_dailyintconntc_202609220600,209.81666666666663,1,500.0,2026-09-22T06:00:11Z,semo_pub_dailyintconntc_202609220600,209.81666666666663,1,500.0,2026-09-22T06:00:11Z,semo_pub_dailyintconntc_202609220600,209.81666666666663,1,504.0,2026-09-22T06:00:11Z,semo_pub_dailyintconntc_202609220600,209.81666666666663,1,,,,,0,1291.024,2026-09-22T06:14:28Z,semo_pub_15minaggwindfcst_202609220614,195.53333333333333,1,0,4193.018,1419.814,2.08,204.605,254.74650000000003,372.545,0.5236000000000001,2026-08-31T23:00:00Z,30870.0,1,,,,0,0,1,1,0,0,0,0,0,0,,,,,,,,,,,831.8965000000001,,,,271,22.592954188298062,51.0,0.0,12,88.42228444217115,236.19799999999987,5.911999999999807,0,,,,,,,,,,,,,,,,,,,,,,,,,,,,,,,,,,,,,,,,,,,,,,,,,,,,0,0,0,0,0,0,0,0,0,0,0,0,0,0,0,0,0,0,0,0,0,0,0,0,0,0,0,1,1,1,0,0,0,1,1,1,1,1,1,1,1,1,1,1,1,1,1,1,1,0,0,0,0,0,0,1,1,1,1,1,1,1,1,1,1,1,1,1,1,1,1,1,1,1,1,1,1,1,1,1,1,1,1,1,1,1,1,1,1,1,1,1,1,1,1,1,1,1,1,1,1,1,1,1,1,1
2026-09-22T10:30:00Z,2026-09-22T09:30:00Z,60,5155.0,2026-09-22T09:00:16Z,semo_pub_dailyloadfcst_202609220900,29.73333333333333,1,972.0,2026-09-22T09:00:16Z,semo_pub_dailyloadfcst_202609220900,29.73333333333333,1,4183.0,2026-09-22T09:00:16Z,semo_pub_dailyloadfcst_202609220900,29.73333333333333,1,,,,,0,,,,,0,,,,,0,,,,,0,,,,,0,,,,,0,,,,,0,1325.209,2026-09-22T06:14:28Z,semo_pub_15minaggwindfcst_202609220614,195.53333333333333,1,0,4193.018,1419.814,2.08,204.605,254.74650000000003,372.545,0.5236000000000001,2026-08-31T23:00:00Z,30870.0,1,,,,0,0,1,1,1,1,1,1,1,1,,,,,,,,,,,831.8965000000001,,,,271,23.078616521419747,57.0,0.0,12,90.39309199496232,271.126,32.820000000000164,0,,,,,,,,,,,,,,,,,,,,,,,,,,,,,,,,,,,,,,,,,,,,,,,,,,,,0,0,0,0,0,0,0,0,0,1,1,1,1,1,1,1,1,1,1,1,1,1,1,1,1,1,1,1,1,1,0,0,0,1,1,1,1,1,1,1,1,1,1,1,1,1,1,1,1,0,0,0,0,0,0,1,1,1,1,1,1,1,1,1,1,1,1,1,1,1,1,1,1,1,1,1,1,1,1,1,1,1,1,1,1,1,1,1,1,1,1,1,1,1,1,1,1,1,1,1,1,1,1,1,1,1
2026-09-22T10:30:00Z,2026-09-22T10:00:00Z,30,5155.0,2026-09-22T09:00:16Z,semo_pub_dailyloadfcst_202609220900,59.73333333333333,1,972.0,2026-09-22T09:00:16Z,semo_pub_dailyloadfcst_202609220900,59.73333333333333,1,4183.0,2026-09-22T09:00:16Z,semo_pub_dailyloadfcst_202609220900,59.73333333333333,1,,,,,0,,,,,0,,,,,0,,,,,0,,,,,0,,,,,0,,,,,0,1325.209,2026-09-22T06:14:28Z,semo_pub_15minaggwindfcst_202609220614,225.53333333333333,1,0,4193.018,1419.814,2.08,204.605,254.74650000000003,372.545,0.5236000000000001,2026-08-31T23:00:00Z,30900.0,1,,,,0,0,1,1,1,1,1,1,1,1,,,,,,,,,,,831.8965000000001,,,,271,23.078616521419747,57.0,0.0,12,90.39309199496232,271.126,32.820000000000164,0,,,,,,,,,,,,,,,,,,,,,,,,,,,,,,,,,,,,,,,,,,,,,,,,,,,,0,0,0,0,0,0,0,0,0,1,1,1,1,1,1,1,1,1,1,1,1,1,1,1,1,1,1,1,1,1,0,0,0,1,1,1,1,1,1,1,1,1,1,1,1,1,1,1,1,0,0,0,0,0,0,1,1,1,1,1,1,1,1,1,1,1,1,1,1,1,1,1,1,1,1,1,1,1,1,1,1,1,1,1,1,1,1,1,1,1,1,1,1,1,1,1,1,1,1,1,1,1,1,1,1,1
2026-09-22T11:00:00Z,2026-09-22T10:00:00Z,60,5113.0,2026-09-22T09:00:16Z,semo_pub_dailyloadfcst_202609220900,59.73333333333333,1,959.0,2026-09-22T09:00:16Z,semo_pub_dailyloadfcst_202609220900,59.73333333333333,1,4154.0,2026-09-22T09:00:16Z,semo_pub_dailyloadfcst_202609220900,59.73333333333333,1,500.0,2026-09-22T06:00:11Z,semo_pub_dailyintconntc_202609220600,239.81666666666663,1,530.0,2026-09-22T06:00:11Z,semo_pub_dailyintconntc_202609220600,239.81666666666663,1,513.0,2026-09-22T06:00:11Z,semo_pub_dailyintconntc_202609220600,239.81666666666663,1,500.0,2026-09-22T06:00:11Z,semo_pub_dailyintconntc_202609220600,239.81666666666663,1,500.0,2026-09-22T06:00:11Z,semo_pub_dailyintconntc_202609220600,239.81666666666663,1,504.0,2026-09-22T06:00:11Z,semo_pub_dailyintconntc_202609220600,239.81666666666663,1,,,,,0,1359.39,2026-09-22T06:14:28Z,semo_pub_15minaggwindfcst_202609220614,225.53333333333333,1,0,4193.018,1419.814,2.08,204.605,254.74650000000003,372.545,0.5236000000000001,2026-08-31T23:00:00Z,30900.0,1,,,,0,0,1,1,0,0,0,0,0,0,,,,,,,,,,,831.8965000000001,,,,271,15.924968062146789,39.0,0.0,12,93.34278869348393,306.05500000000006,59.718000000000075,0,,,,,,,,,,,,,,,,,,,,,,,,,,,,,,,,,,,,,,,,,,,,,,,,,,,,0,0,0,0,0,0,0,0,0,0,0,0,0,0,0,0,0,0,0,0,0,0,0,0,0,0,0,1,1,1,0,0,0,1,1,1,1,1,1,1,1,1,1,1,1,1,1,1,1,0,0,0,0,0,0,1,1,1,1,1,1,1,1,1,1,1,1,1,1,1,1,1,1,1,1,1,1,1,1,1,1,1,1,1,1,1,1,1,1,1,1,1,1,1,1,1,1,1,1,1,1,1,1,1,1,1
2026-09-22T11:00:00Z,2026-09-22T10:30:00Z,30,5113.0,2026-09-22T09:00:16Z,semo_pub_dailyloadfcst_202609220900,89.73333333333333,1,959.0,2026-09-22T09:00:16Z,semo_pub_dailyloadfcst_202609220900,89.73333333333333,1,4154.0,2026-09-22T09:00:16Z,semo_pub_dailyloadfcst_202609220900,89.73333333333333,1,500.0,2026-09-22T06:00:11Z,semo_pub_dailyintconntc_202609220600,269.81666666666666,1,530.0,2026-09-22T06:00:11Z,semo_pub_dailyintconntc_202609220600,269.81666666666666,1,513.0,2026-09-22T06:00:11Z,semo_pub_dailyintconntc_202609220600,269.81666666666666,1,500.0,2026-09-22T06:00:11Z,semo_pub_dailyintconntc_202609220600,269.81666666666666,1,500.0,2026-09-22T06:00:11Z,semo_pub_dailyintconntc_202609220600,269.81666666666666,1,504.0,2026-09-22T06:00:11Z,semo_pub_dailyintconntc_202609220600,269.81666666666666,1,,,,,0,1359.39,2026-09-22T06:14:28Z,semo_pub_15minaggwindfcst_202609220614,255.53333333333333,1,0,4193.018,1419.814,2.08,204.605,254.74650000000003,372.545,0.5236000000000001,2026-08-31T23:00:00Z,30930.0,1,,,,0,0,1,1,0,0,0,0,0,0,,,,,,,,,,,831.8965000000001,,,,271,15.924968062146789,39.0,0.0,12,93.34278869348393,306.05500000000006,59.718000000000075,0,,,,,,,,,,,,,,,,,,,,,,,,,,,,,,,,,,,,,,,,,,,,,,,,,,,,0,0,0,0,0,0,0,0,0,0,0,0,0,0,0,0,0,0,0,0,0,0,0,0,0,0,0,1,1,1,0,0,0,1,1,1,1,1,1,1,1,1,1,1,1,1,1,1,1,0,0,0,0,0,0,1,1,1,1,1,1,1,1,1,1,1,1,1,1,1,1,1,1,1,1,1,1,1,1,1,1,1,1,1,1,1,1,1,1,1,1,1,1,1,1,1,1,1,1,1,1,1,1,1,1,1
2026-09-22T11:30:00Z,2026-09-22T10:30:00Z,60,5106.0,2026-09-22T09:00:16Z,semo_pub_dailyloadfcst_202609220900,89.73333333333333,1,968.0,2026-09-22T09:00:16Z,semo_pub_dailyloadfcst_202609220900,89.73333333333333,1,4138.0,2026-09-22T09:00:16Z,semo_pub_dailyloadfcst_202609220900,89.73333333333333,1,,,,,0,,,,,0,,,,,0,,,,,0,,,,,0,,,,,0,,,,,0,1349.613,2026-09-22T06:14:28Z,semo_pub_15minaggwindfcst_202609220614,255.53333333333333,1,0,4193.018,1419.814,2.08,204.605,254.74650000000003,372.545,0.5236000000000001,2026-08-31T23:00:00Z,30930.0,1,,,,0,0,1,1,1,1,1,1,1,1,,,,,,,,,,,831.8965000000001,,,,271,19.228368384583273,47.0,0.0,12,94.02838760936332,312.58900000000017,56.82100000000014,0,,,,,,,,,,,,,,,,,,,,,,,,,,,,,,,,,,,,,,,,,,,,,,,,,,,,0,0,0,0,0,0,0,0,0,1,1,1,1,1,1,1,1,1,1,1,1,1,1,1,1,1,1,1,1,1,0,0,0,1,1,1,1,1,1,1,1,1,1,1,1,1,1,1,1,0,0,0,0,0,0,1,1,1,1,1,1,1,1,1,1,1,1,1,1,1,1,1,1,1,1,1,1,1,1,1,1,1,1,1,1,1,1,1,1,1,1,1,1,1,1,1,1,1,1,1,1,1,1,1,1,1
2026-09-22T11:30:00Z,2026-09-22T11:00:00Z,30,5106.0,2026-09-22T09:00:16Z,semo_pub_dailyloadfcst_202609220900,119.73333333333332,1,968.0,2026-09-22T09:00:16Z,semo_pub_dailyloadfcst_202609220900,119.73333333333332,1,4138.0,2026-09-22T09:00:16Z,semo_pub_dailyloadfcst_202609220900,119.73333333333332,1,,,,,0,,,,,0,,,,,0,,,,,0,,,,,0,,,,,0,,,,,0,1349.613,2026-09-22T06:14:28Z,semo_pub_15minaggwindfcst_202609220614,285.53333333333336,1,0,4193.018,1419.814,2.08,204.605,254.74650000000003,372.545,0.5236000000000001,2026-08-31T23:00:00Z,30960.0,1,,,,0,0,1,1,1,1,1,1,1,1,,,,,,,,,,,831.8965000000001,,,,271,19.228368384583273,47.0,0.0,12,94.02838760936332,312.58900000000017,56.82100000000014,0,,,,,,,,,,,,,,,,,,,,,,,,,,,,,,,,,,,,,,,,,,,,,,,,,,,,0,0,0,0,0,0,0,0,0,1,1,1,1,1,1,1,1,1,1,1,1,1,1,1,1,1,1,1,1,1,0,0,0,1,1,1,1,1,1,1,1,1,1,1,1,1,1,1,1,0,0,0,0,0,0,1,1,1,1,1,1,1,1,1,1,1,1,1,1,1,1,1,1,1,1,1,1,1,1,1,1,1,1,1,1,1,1,1,1,1,1,1,1,1,1,1,1,1,1,1,1,1,1,1,1,1
2026-09-22T12:00:00Z,2026-09-22T11:00:00Z,60,5084.0,2026-09-22T09:00:16Z,semo_pub_dailyloadfcst_202609220900,119.73333333333332,1,961.0,2026-09-22T09:00:16Z,semo_pub_dailyloadfcst_202609220900,119.73333333333332,1,4123.0,2026-09-22T09:00:16Z,semo_pub_dailyloadfcst_202609220900,119.73333333333332,1,500.0,2026-09-22T06:00:11Z,semo_pub_dailyintconntc_202609220600,299.81666666666666,1,530.0,2026-09-22T06:00:11Z,semo_pub_dailyintconntc_202609220600,299.81666666666666,1,513.0,2026-09-22T06:00:11Z,semo_pub_dailyintconntc_202609220600,299.81666666666666,1,500.0,2026-09-22T06:00:11Z,semo_pub_dailyintconntc_202609220600,299.81666666666666,1,500.0,2026-09-22T06:00:11Z,semo_pub_dailyintconntc_202609220600,299.81666666666666,1,504.0,2026-09-22T06:00:11Z,semo_pub_dailyintconntc_202609220600,299.81666666666666,1,,,,,0,1339.831,2026-09-22T06:14:28Z,semo_pub_15minaggwindfcst_202609220614,285.53333333333336,1,0,4193.018,1419.814,2.08,204.605,254.74650000000003,372.545,0.5236000000000001,2026-08-31T23:00:00Z,30960.0,1,,,,0,0,1,1,0,0,0,0,0,0,,,,,,,,,,,831.8965000000001,,,,271,15.542862944117209,40.0,0.0,12,95.49061268795394,319.13199999999995,53.92099999999982,0,,,,,,,,,,,,,,,,,,,,,,,,,,,,,,,,,,,,,,,,,,,,,,,,,,,,0,0,0,0,0,0,0,0,0,0,0,0,0,0,0,0,0,0,0,0,0,0,0,0,0,0,0,1,1,1,0,0,0,1,1,1,1,1,1,1,1,1,1,1,1,1,1,1,1,0,0,0,0,0,0,1,1,1,1,1,1,1,1,1,1,1,1,1,1,1,1,1,1,1,1,1,1,1,1,1,1,1,1,1,1,1,1,1,1,1,1,1,1,1,1,1,1,1,1,1,1,1,1,1,1,1
2026-09-22T12:00:00Z,2026-09-22T11:30:00Z,30,5084.0,2026-09-22T09:00:16Z,semo_pub_dailyloadfcst_202609220900,149.73333333333332,1,961.0,2026-09-22T09:00:16Z,semo_pub_dailyloadfcst_202609220900,149.73333333333332,1,4123.0,2026-09-22T09:00:16Z,semo_pub_dailyloadfcst_202609220900,149.73333333333332,1,500.0,2026-09-22T06:00:11Z,semo_pub_dailyintconntc_202609220600,329.81666666666666,1,530.0,2026-09-22T06:00:11Z,semo_pub_dailyintconntc_202609220600,329.81666666666666,1,513.0,2026-09-22T06:00:11Z,semo_pub_dailyintconntc_202609220600,329.81666666666666,1,500.0,2026-09-22T06:00:11Z,semo_pub_dailyintconntc_202609220600,329.81666666666666,1,500.0,2026-09-22T06:00:11Z,semo_pub_dailyintconntc_202609220600,329.81666666666666,1,504.0,2026-09-22T06:00:11Z,semo_pub_dailyintconntc_202609220600,329.81666666666666,1,,,,,0,1339.831,2026-09-22T06:14:28Z,semo_pub_15minaggwindfcst_202609220614,315.53333333333336,1,0,4193.018,1419.814,2.08,204.605,254.74650000000003,372.545,0.5236000000000001,2026-08-31T23:00:00Z,30990.0,1,,,,0,0,1,1,0,0,0,0,0,0,,,,,,,,,,,831.8965000000001,,,,271,15.542862944117209,40.0,0.0,12,95.49061268795394,319.13199999999995,53.92099999999982,0,,,,,,,,,,,,,,,,,,,,,,,,,,,,,,,,,,,,,,,,,,,,,,,,,,,,0,0,0,0,0,0,0,0,0,0,0,0,0,0,0,0,0,0,0,0,0,0,0,0,0,0,0,1,1,1,0,0,0,1,1,1,1,1,1,1,1,1,1,1,1,1,1,1,1,0,0,0,0,0,0,1,1,1,1,1,1,1,1,1,1,1,1,1,1,1,1,1,1,1,1,1,1,1,1,1,1,1,1,1,1,1,1,1,1,1,1,1,1,1,1,1,1,1,1,1,1,1,1,1,1,1
2026-09-22T12:30:00Z,2026-09-22T11:30:00Z,60,5070.0,2026-09-22T09:00:16Z,semo_pub_dailyloadfcst_202609220900,149.73333333333332,1,923.0,2026-09-22T09:00:16Z,semo_pub_dailyloadfcst_202609220900,149.73333333333332,1,4147.0,2026-09-22T09:00:16Z,semo_pub_dailyloadfcst_202609220900,149.73333333333332,1,,,,,0,,,,,0,,,,,0,,,,,0,,,,,0,,,,,0,,,,,0,1280.849,2026-09-22T06:14:28Z,semo_pub_15minaggwindfcst_202609220614,315.53333333333336,1,0,4193.018,1419.814,2.08,204.605,254.74650000000003,372.545,0.5236000000000001,2026-08-31T23:00:00Z,30990.0,1,,,,0,0,1,1,1,1,1,1,1,1,,,,,,,,,,,831.8965000000001,,,,271,24.540889399441596,61.0,0.0,12,95.36467825667951,306.28,37.684999999999945,0,,,,,,,,,,,,,,,,,,,,,,,,,,,,,,,,,,,,,,,,,,,,,,,,,,,,0,0,0,0,0,0,0,0,0,1,1,1,1,1,1,1,1,1,1,1,1,1,1,1,1,1,1,1,1,1,0,0,0,1,1,1,1,1,1,1,1,1,1,1,1,1,1,1,1,0,0,0,0,0,0,1,1,1,1,1,1,1,1,1,1,1,1,1,1,1,1,1,1,1,1,1,1,1,1,1,1,1,1,1,1,1,1,1,1,1,1,1,1,1,1,1,1,1,1,1,1,1,1,1,1,1
2026-09-22T12:30:00Z,2026-09-22T12:00:00Z,30,5170.0,2026-09-22T11:50:12Z,semo_pub_dailyloadfcst_202609221150,9.8,1,923.0,2026-09-22T11:50:12Z,semo_pub_dailyloadfcst_202609221150,9.8,1,4247.0,2026-09-22T11:50:12Z,semo_pub_dailyloadfcst_202609221150,9.8,1,,,,,0,,,,,0,,,,,0,,,,,0,,,,,0,,,,,0,,,,,0,1280.849,2026-09-22T06:14:28Z,semo_pub_15minaggwindfcst_202609220614,345.53333333333336,1,0,4193.018,1419.814,2.08,204.605,254.74650000000003,372.545,0.5236000000000001,2026-08-31T23:00:00Z,31020.0,1,,,,0,0,1,1,1,1,1,1,1,1,,,,,,,,,,,831.8965000000001,,,,273,25.852177684643664,138.0,0.0,12,95.36467825667951,306.28,37.684999999999945,0,,,,,,,,,,,,,,,,,,,,,,,,,,,,,,,,,,,,,,,,,,,,,,,,,,,,0,0,0,0,0,0,0,0,0,1,1,1,1,1,1,1,1,1,1,1,1,1,1,1,1,1,1,1,1,1,0,0,0,1,1,1,1,1,1,1,1,1,1,1,1,1,1,1,1,0,0,0,0,0,0,1,1,1,1,1,1,1,1,1,1,1,1,1,1,1,1,1,1,1,1,1,1,1,1,1,1,1,1,1,1,1,1,1,1,1,1,1,1,1,1,1,1,1,1,1,1,1,1,1,1,1
2026-09-22T13:00:00Z,2026-09-22T12:00:00Z,60,5210.0,2026-09-22T11:50:12Z,semo_pub_dailyloadfcst_202609221150,9.8,1,932.0,2026-09-22T11:50:12Z,semo_pub_dailyloadfcst_202609221150,9.8,1,4278.0,2026-09-22T11:50:12Z,semo_pub_dailyloadfcst_202609221150,9.8,1,500.0,2026-09-22T06:00:11Z,semo_pub_dailyintconntc_202609220600,359.81666666666666,1,530.0,2026-09-22T06:00:11Z,semo_pub_dailyintconntc_202609220600,359.81666666666666,1,513.0,2026-09-22T06:00:11Z,semo_pub_dailyintconntc_202609220600,359.81666666666666,1,500.0,2026-09-22T06:00:11Z,semo_pub_dailyintconntc_202609220600,359.81666666666666,1,500.0,2026-09-22T06:00:11Z,semo_pub_dailyintconntc_202609220600,359.81666666666666,1,504.0,2026-09-22T06:00:11Z,semo_pub_dailyintconntc_202609220600,359.81666666666666,1,,,,,0,1221.88,2026-09-22T06:14:28Z,semo_pub_15minaggwindfcst_202609220614,345.53333333333336,1,0,4193.018,1419.814,2.08,204.605,254.74650000000003,372.545,0.5236000000000001,2026-08-31T23:00:00Z,31020.0,1,,,,0,0,1,1,0,0,0,0,0,0,,,,,,,,,,,831.8965000000001,,,,273,24.31735351946887,135.0,0.0,12,98.06405645574509,310.25300000000016,21.465000000000146,0,,,,,,,,,,,,,,,,,,,,,,,,,,,,,,,,,,,,,,,,,,,,,,,,,,,,0,0,0,0,0,0,0,0,0,0,0,0,0,0,0,0,0,0,0,0,0,0,0,0,0,0,0,1,1,1,0,0,0,1,1,1,1,1,1,1,1,1,1,1,1,1,1,1,1,0,0,0,0,0,0,1,1,1,1,1,1,1,1,1,1,1,1,1,1,1,1,1,1,1,1,1,1,1,1,1,1,1,1,1,1,1,1,1,1,1,1,1,1,1,1,1,1,1,1,1,1,1,1,1,1,1
2026-09-22T13:00:00Z,2026-09-22T12:30:00Z,30,5210.0,2026-09-22T12:20:15Z,semo_pub_dailyloadfcst_202609221220,9.75,1,932.0,2026-09-22T12:20:15Z,semo_pub_dailyloadfcst_202609221220,9.75,1,4278.0,2026-09-22T12:20:15Z,semo_pub_dailyloadfcst_202609221220,9.75,1,500.0,2026-09-22T06:00:11Z,semo_pub_dailyintconntc_202609220600,389.81666666666666,1,530.0,2026-09-22T06:00:11Z,semo_pub_dailyintconntc_202609220600,389.81666666666666,1,513.0,2026-09-22T06:00:11Z,semo_pub_dailyintconntc_202609220600,389.81666666666666,1,500.0,2026-09-22T06:00:11Z,semo_pub_dailyintconntc_202609220600,389.81666666666666,1,500.0,2026-09-22T06:00:11Z,semo_pub_dailyintconntc_202609220600,389.81666666666666,1,504.0,2026-09-22T06:00:11Z,semo_pub_dailyintconntc_202609220600,389.81666666666666,1,,,,,0,989.347,2026-09-22T12:15:19Z,semo_pub_15minaggwindfcst_202609221215,14.683333333333334,1,0,4193.018,1419.814,2.08,204.605,254.74650000000003,372.545,0.5236000000000001,2026-08-31T23:00:00Z,31050.0,1,,,,0,0,0,1,0,0,0,0,0,0,,,,,,,,,,,831.8965000000001,,,,277,26.79837157946022,135.0,0.0,14,98.38540262432748,310.25300000000016,-199.74800000000005,0,,,,,,,,,,,,,,,,,,,,,,,,,,,,,,,,,,,,,,,,,,,,,,,,,,,,0,0,0,0,0,0,0,0,0,0,0,0,0,0,0,0,0,0,0,0,0,0,0,0,0,0,0,1,1,1,0,0,0,1,1,1,1,1,1,1,1,1,1,1,1,1,1,1,1,0,0,0,0,0,0,1,1,1,1,1,1,1,1,1,1,1,1,1,1,1,1,1,1,1,1,1,1,1,1,1,1,1,1,1,1,1,1,1,1,1,1,1,1,1,1,1,1,1,1,1,1,1,1,1,1,1
2026-09-22T13:30:00Z,2026-09-22T12:30:00Z,60,5201.0,2026-09-22T12:20:15Z,semo_pub_dailyloadfcst_202609221220,9.75,1,942.0,2026-09-22T12:20:15Z,semo_pub_dailyloadfcst_202609221220,9.75,1,4259.0,2026-09-22T12:20:15Z,semo_pub_dailyloadfcst_202609221220,9.75,1,,,,,0,,,,,0,,,,,0,,,,,0,,,,,0,,,,,0,,,,,0,928.808,2026-09-22T12:15:19Z,semo_pub_15minaggwindfcst_202609221215,14.683333333333334,1,0,4193.018,1419.814,2.08,204.605,254.74650000000003,372.545,0.5236000000000001,2026-08-31T23:00:00Z,31050.0,1,,,,0,0,0,1,1,1,1,1,1,1,,,,,,,,,,,831.8965000000001,,,,277,31.495638802698345,160.0,0.0,14,95.97793785226085,294.794,-186.95399999999995,0,,,,,,,,,,,,,,,,,,,,,,,,,,,,,,,,,,,,,,,,,,,,,,,,,,,,0,0,0,0,0,0,0,0,0,1,1,1,1,1,1,1,1,1,1,1,1,1,1,1,1,1,1,1,1,1,0,0,0,1,1,1,1,1,1,1,1,1,1,1,1,1,1,1,1,0,0,0,0,0,0,1,1,1,1,1,1,1,1,1,1,1,1,1,1,1,1,1,1,1,1,1,1,1,1,1,1,1,1,1,1,1,1,1,1,1,1,1,1,1,1,1,1,1,1,1,1,1,1,1,1,1
2026-09-22T13:30:00Z,2026-09-22T13:00:00Z,30,5201.0,2026-09-22T12:50:11Z,semo_pub_dailyloadfcst_202609221250,9.816666666666666,1,942.0,2026-09-22T12:50:11Z,semo_pub_dailyloadfcst_202609221250,9.816666666666666,1,4259.0,2026-09-22T12:50:11Z,semo_pub_dailyloadfcst_202609221250,9.816666666666666,1,,,,,0,,,,,0,,,,,0,,,,,0,,,,,0,,,,,0,,,,,0,928.808,2026-09-22T12:15:19Z,semo_pub_15minaggwindfcst_202609221215,44.68333333333333,1,0,4193.018,1419.814,2.08,204.605,254.74650000000003,372.545,0.5236000000000001,2026-08-31T23:00:00Z,31080.0,1,,,,0,0,0,1,1,1,1,1,1,1,,,,,,,,,,,831.8965000000001,,,,281,33.9352567611943,160.0,0.0,14,95.97793785226085,294.794,-186.95399999999995,0,,,,,,,,,,,,,,,,,,,,,,,,,,,,,,,,,,,,,,,,,,,,,,,,,,,,0,0,0,0,0,0,0,0,0,1,1,1,1,1,1,1,1,1,1,1,1,1,1,1,1,1,1,1,1,1,0,0,0,1,1,1,1,1,1,1,1,1,1,1,1,1,1,1,1,0,0,0,0,0,0,1,1,1,1,1,1,1,1,1,1,1,1,1,1,1,1,1,1,1,1,1,1,1,1,1,1,1,1,1,1,1,1,1,1,1,1,1,1,1,1,1,1,1,1,1,1,1,1,1,1,1
2026-09-22T14:00:00Z,2026-09-22T13:00:00Z,60,5184.0,2026-09-22T12:50:11Z,semo_pub_dailyloadfcst_202609221250,9.816666666666666,1,935.0,2026-09-22T12:50:11Z,semo_pub_dailyloadfcst_202609221250,9.816666666666666,1,4249.0,2026-09-22T12:50:11Z,semo_pub_dailyloadfcst_202609221250,9.816666666666666,1,500.0,2026-09-22T06:00:11Z,semo_pub_dailyintconntc_202609220600,419.81666666666666,1,530.0,2026-09-22T06:00:11Z,semo_pub_dailyintconntc_202609220600,419.81666666666666,1,513.0,2026-09-22T06:00:11Z,semo_pub_dailyintconntc_202609220600,419.81666666666666,1,500.0,2026-09-22T06:00:11Z,semo_pub_dailyintconntc_202609220600,419.81666666666666,1,500.0,2026-09-22T06:00:11Z,semo_pub_dailyintconntc_202609220600,419.81666666666666,1,504.0,2026-09-22T06:00:11Z,semo_pub_dailyintconntc_202609220600,419.81666666666666,1,,,,,0,868.239,2026-09-22T12:15:19Z,semo_pub_15minaggwindfcst_202609221215,44.68333333333333,1,0,4193.018,1419.814,2.08,204.605,254.74650000000003,372.545,0.5236000000000001,2026-08-31T23:00:00Z,31080.0,1,,,,0,0,0,1,0,0,0,0,0,0,,,,,,,,,,,831.8965000000001,,,,281,36.85120378941807,171.0,0.0,14,94.86321620265264,281.56799999999987,-174.18799999999987,0,,,,,,,,,,,,,,,,,,,,,,,,,,,,,,,,,,,,,,,,,,,,,,,,,,,,0,0,0,0,0,0,0,0,0,0,0,0,0,0,0,0,0,0,0,0,0,0,0,0,0,0,0,1,1,1,0,0,0,1,1,1,1,1,1,1,1,1,1,1,1,1,1,1,1,0,0,0,0,0,0,1,1,1,1,1,1,1,1,1,1,1,1,1,1,1,1,1,1,1,1,1,1,1,1,1,1,1,1,1,1,1,1,1,1,1,1,1,1,1,1,1,1,1,1,1,1,1,1,1,1,1
2026-09-22T14:00:00Z,2026-09-22T13:30:00Z,30,5184.0,2026-09-22T13:20:10Z,semo_pub_dailyloadfcst_202609221320,9.833333333333334,1,935.0,2026-09-22T13:20:10Z,semo_pub_dailyloadfcst_202609221320,9.833333333333334,1,4249.0,2026-09-22T13:20:10Z,semo_pub_dailyloadfcst_202609221320,9.833333333333334,1,500.0,2026-09-22T06:00:11Z,semo_pub_dailyintconntc_202609220600,449.81666666666666,1,530.0,2026-09-22T06:00:11Z,semo_pub_dailyintconntc_202609220600,449.81666666666666,1,513.0,2026-09-22T06:00:11Z,semo_pub_dailyintconntc_202609220600,449.81666666666666,1,500.0,2026-09-22T06:00:11Z,semo_pub_dailyintconntc_202609220600,449.81666666666666,1,500.0,2026-09-22T06:00:11Z,semo_pub_dailyintconntc_202609220600,449.81666666666666,1,504.0,2026-09-22T06:00:11Z,semo_pub_dailyintconntc_202609220600,449.81666666666666,1,,,,,0,868.239,2026-09-22T12:15:19Z,semo_pub_15minaggwindfcst_202609221215,74.68333333333334,1,0,4193.018,1419.814,2.08,204.605,254.74650000000003,372.545,0.5236000000000001,2026-08-31T23:00:00Z,31110.0,1,,,,0,0,0,1,0,0,0,0,0,0,,,,,,,,,,,831.8965000000001,,,,285,39.028447927308754,171.0,0.0,14,94.86321620265264,281.56799999999987,-174.18799999999987,0,,,,,,,,,,,,,,,,,,,,,,,,,,,,,,,,,,,,,,,,,,,,,,,,,,,,0,0,0,0,0,0,0,0,0,0,0,0,0,0,0,0,0,0,0,0,0,0,0,0,0,0,0,1,1,1,0,0,0,1,1,1,1,1,1,1,1,1,1,1,1,1,1,1,1,0,0,0,0,0,0,1,1,1,1,1,1,1,1,1,1,1,1,1,1,1,1,1,1,1,1,1,1,1,1,1,1,1,1,1,1,1,1,1,1,1,1,1,1,1,1,1,1,1,1,1,1,1,1,1,1,1
2026-09-22T14:30:00Z,2026-09-22T13:30:00Z,60,5239.0,2026-09-22T13:20:10Z,semo_pub_dailyloadfcst_202609221320,9.833333333333334,1,956.0,2026-09-22T13:20:10Z,semo_pub_dailyloadfcst_202609221320,9.833333333333334,1,4283.0,2026-09-22T13:20:10Z,semo_pub_dailyloadfcst_202609221320,9.833333333333334,1,,,,,0,,,,,0,,,,,0,,,,,0,,,,,0,,,,,0,,,,,0,831.903,2026-09-22T12:15:19Z,semo_pub_15minaggwindfcst_202609221215,74.68333333333334,1,0,4193.018,1419.814,2.08,204.605,254.74650000000003,372.545,0.5236000000000001,2026-08-31T23:00:00Z,31110.0,1,,,,0,0,0,1,1,1,1,1,1,1,,,,,,,,,,,831.8965000000001,,,,285,41.217405712910626,173.0,0.0,14,91.51519751920766,284.668,-139.836,0,,,,,,,,,,,,,,,,,,,,,,,,,,,,,,,,,,,,,,,,,,,,,,,,,,,,0,0,0,0,0,0,0,0,0,1,1,1,1,1,1,1,1,1,1,1,1,1,1,1,1,1,1,1,1,1,0,0,0,1,1,1,1,1,1,1,1,1,1,1,1,1,1,1,1,0,0,0,0,0,0,1,1,1,1,1,1,1,1,1,1,1,1,1,1,1,1,1,1,1,1,1,1,1,1,1,1,1,1,1,1,1,1,1,1,1,1,1,1,1,1,1,1,1,1,1,1,1,1,1,1,1
2026-09-22T14:30:00Z,2026-09-22T14:00:00Z,30,5239.0,2026-09-22T13:50:11Z,semo_pub_dailyloadfcst_202609221350,9.816666666666666,1,956.0,2026-09-22T13:50:11Z,semo_pub_dailyloadfcst_202609221350,9.816666666666666,1,4283.0,2026-09-22T13:50:11Z,semo_pub_dailyloadfcst_202609221350,9.816666666666666,1,,,,,0,,,,,0,,,,,0,,,,,0,,,,,0,,,,,0,,,,,0,831.903,2026-09-22T12:15:19Z,semo_pub_15minaggwindfcst_202609221215,104.68333333333334,1,0,4193.018,1419.814,2.08,204.605,254.74650000000003,372.545,0.5236000000000001,2026-08-31T23:00:00Z,31140.0,1,,,,0,0,0,1,1,1,1,1,1,1,,,,,,,,,,,831.8965000000001,,,,289,42.890942012202586,173.0,0.0,14,91.51519751920766,284.668,-139.836,0,,,,,,,,,,,,,,,,,,,,,,,,,,,,,,,,,,,,,,,,,,,,,,,,,,,,0,0,0,0,0,0,0,0,0,1,1,1,1,1,1,1,1,1,1,1,1,1,1,1,1,1,1,1,1,1,0,0,0,1,1,1,1,1,1,1,1,1,1,1,1,1,1,1,1,0,0,0,0,0,0,1,1,1,1,1,1,1,1,1,1,1,1,1,1,1,1,1,1,1,1,1,1,1,1,1,1,1,1,1,1,1,1,1,1,1,1,1,1,1,1,1,1,1,1,1,1,1,1,1,1,1
2026-09-22T15:00:00Z,2026-09-22T14:00:00Z,60,5338.0,2026-09-22T13:50:11Z,semo_pub_dailyloadfcst_202609221350,9.816666666666666,1,980.0,2026-09-22T13:50:11Z,semo_pub_dailyloadfcst_202609221350,9.816666666666666,1,4358.0,2026-09-22T13:50:11Z,semo_pub_dailyloadfcst_202609221350,9.816666666666666,1,500.0,2026-09-22T06:00:11Z,semo_pub_dailyintconntc_202609220600,479.81666666666666,1,530.0,2026-09-22T06:00:11Z,semo_pub_dailyintconntc_202609220600,479.81666666666666,1,513.0,2026-09-22T06:00:11Z,semo_pub_dailyintconntc_202609220600,479.81666666666666,1,500.0,2026-09-22T06:00:11Z,semo_pub_dailyintconntc_202609220600,479.81666666666666,1,500.0,2026-09-22T06:00:11Z,semo_pub_dailyintconntc_202609220600,479.81666666666666,1,504.0,2026-09-22T06:00:11Z,semo_pub_dailyintconntc_202609220600,479.81666666666666,1,,,,,0,795.567,2026-09-22T12:15:19Z,semo_pub_15minaggwindfcst_202609221215,104.68333333333334,1,0,4193.018,1419.814,2.08,204.605,254.74650000000003,372.545,0.5236000000000001,2026-08-31T23:00:00Z,31140.0,1,,,,0,0,0,1,0,0,0,0,0,0,,,,,,,,,,,831.8965000000001,,,,289,39.81619567594808,157.0,0.0,14,91.06107406335282,289.98299999999995,-105.46500000000003,0,,,,,,,,,,,,,,,,,,,,,,,,,,,,,,,,,,,,,,,,,,,,,,,,,,,,0,0,0,0,0,0,0,0,0,0,0,0,0,0,0,0,0,0,0,0,0,0,0,0,0,0,0,1,1,1,0,0,0,1,1,1,1,1,1,1,1,1,1,1,1,1,1,1,1,0,0,0,0,0,0,1,1,1,1,1,1,1,1,1,1,1,1,1,1,1,1,1,1,1,1,1,1,1,1,1,1,1,1,1,1,1,1,1,1,1,1,1,1,1,1,1,1,1,1,1,1,1,1,1,1,1
2026-09-22T15:00:00Z,2026-09-22T14:30:00Z,30,5338.0,2026-09-22T14:20:16Z,semo_pub_dailyloadfcst_202609221420,9.733333333333333,1,980.0,2026-09-22T14:20:16Z,semo_pub_dailyloadfcst_202609221420,9.733333333333333,1,4358.0,2026-09-22T14:20:16Z,semo_pub_dailyloadfcst_202609221420,9.733333333333333,1,500.0,2026-09-22T06:00:11Z,semo_pub_dailyintconntc_202609220600,509.81666666666666,1,530.0,2026-09-22T06:00:11Z,semo_pub_dailyintconntc_202609220600,509.81666666666666,1,513.0,2026-09-22T06:00:11Z,semo_pub_dailyintconntc_202609220600,509.81666666666666,1,500.0,2026-09-22T06:00:11Z,semo_pub_dailyintconntc_202609220600,509.81666666666666,1,500.0,2026-09-22T06:00:11Z,semo_pub_dailyintconntc_202609220600,509.81666666666666,1,504.0,2026-09-22T06:00:11Z,semo_pub_dailyintconntc_202609220600,509.81666666666666,1,,,,,0,795.567,2026-09-22T12:15:19Z,semo_pub_15minaggwindfcst_202609221215,134.68333333333334,1,0,4193.018,1419.814,2.08,204.605,254.74650000000003,372.545,0.5236000000000001,2026-08-31T23:00:00Z,31170.0,1,,,,0,0,1,1,0,0,0,0,0,0,,,,,,,,,,,831.8965000000001,,,,293,41.12981107296263,157.0,0.0,14,91.06107406335282,289.98299999999995,-105.46500000000003,0,,,,,,,,,,,,,,,,,,,,,,,,,,,,,,,,,,,,,,,,,,,,,,,,,,,,0,0,0,0,0,0,0,0,0,0,0,0,0,0,0,0,0,0,0,0,0,0,0,0,0,0,0,1,1,1,0,0,0,1,1,1,1,1,1,1,1,1,1,1,1,1,1,1,1,0,0,0,0,0,0,1,1,1,1,1,1,1,1,1,1,1,1,1,1,1,1,1,1,1,1,1,1,1,1,1,1,1,1,1,1,1,1,1,1,1,1,1,1,1,1,1,1,1,1,1,1,1,1,1,1,1
2026-09-22T15:30:00Z,2026-09-22T14:30:00Z,60,5492.0,2026-09-22T14:20:16Z,semo_pub_dailyloadfcst_202609221420,9.733333333333333,1,1025.0,2026-09-22T14:20:16Z,semo_pub_dailyloadfcst_202609221420,9.733333333333333,1,4467.0,2026-09-22T14:20:16Z,semo_pub_dailyloadfcst_202609221420,9.733333333333333,1,,,,,0,,,,,0,,,,,0,,,,,0,,,,,0,,,,,0,,,,,0,713.386,2026-09-22T12:15:19Z,semo_pub_15minaggwindfcst_202609221215,134.68333333333334,1,0,4193.018,1419.814,2.08,204.605,254.74650000000003,372.545,0.5236000000000001,2026-08-31T23:00:00Z,31170.0,1,,,,0,0,1,1,1,1,1,1,1,1,,,,,,,,,,,831.8965000000001,,,,293,37.61649581158984,148.0,0.0,14,89.05765136985876,284.9319999999999,-88.07900000000006,0,,,,,,,,,,,,,,,,,,,,,,,,,,,,,,,,,,,,,,,,,,,,,,,,,,,,0,0,0,0,0,0,0,0,0,1,1,1,1,1,1,1,1,1,1,1,1,1,1,1,1,1,1,1,1,1,0,0,0,1,1,1,1,1,1,1,1,1,1,1,1,1,1,1,1,0,0,0,0,0,0,1,1,1,1,1,1,1,1,1,1,1,1,1,1,1,1,1,1,1,1,1,1,1,1,1,1,1,1,1,1,1,1,1,1,1,1,1,1,1,1,1,1,1,1,1,1,1,1,1,1,1
2026-09-22T15:30:00Z,2026-09-22T15:00:00Z,30,5492.0,2026-09-22T14:50:16Z,semo_pub_dailyloadfcst_202609221450,9.733333333333333,1,1025.0,2026-09-22T14:50:16Z,semo_pub_dailyloadfcst_202609221450,9.733333333333333,1,4467.0,2026-09-22T14:50:16Z,semo_pub_dailyloadfcst_202609221450,9.733333333333333,1,,,,,0,,,,,0,,,,,0,,,,,0,,,,,0,,,,,0,,,,,0,713.386,2026-09-22T12:15:19Z,semo_pub_15minaggwindfcst_202609221215,164.68333333333334,1,0,4193.018,1419.814,2.08,204.605,254.74650000000003,372.545,0.5236000000000001,2026-08-31T23:00:00Z,31200.0,1,,,,0,0,1,1,1,1,1,1,1,1,,,,,,,,,,,831.8965000000001,,,,297,38.95563237803066,148.0,0.0,14,89.05765136985876,284.9319999999999,-88.07900000000006,0,,,,,,,,,,,,,,,,,,,,,,,,,,,,,,,,,,,,,,,,,,,,,,,,,,,,0,0,0,0,0,0,0,0,0,1,1,1,1,1,1,1,1,1,1,1,1,1,1,1,1,1,1,1,1,1,0,0,0,1,1,1,1,1,1,1,1,1,1,1,1,1,1,1,1,0,0,0,0,0,0,1,1,1,1,1,1,1,1,1,1,1,1,1,1,1,1,1,1,1,1,1,1,1,1,1,1,1,1,1,1,1,1,1,1,1,1,1,1,1,1,1,1,1,1,1,1,1,1,1,1,1
2026-09-22T16:00:00Z,2026-09-22T15:00:00Z,60,5612.0,2026-09-22T14:50:16Z,semo_pub_dailyloadfcst_202609221450,9.733333333333333,1,1056.0,2026-09-22T14:50:16Z,semo_pub_dailyloadfcst_202609221450,9.733333333333333,1,4556.0,2026-09-22T14:50:16Z,semo_pub_dailyloadfcst_202609221450,9.733333333333333,1,500.0,2026-09-22T06:00:11Z,semo_pub_dailyintconntc_202609220600,539.8166666666667,1,530.0,2026-09-22T06:00:11Z,semo_pub_dailyintconntc_202609220600,539.8166666666667,1,513.0,2026-09-22T06:00:11Z,semo_pub_dailyintconntc_202609220600,539.8166666666667,1,500.0,2026-09-22T06:00:11Z,semo_pub_dailyintconntc_202609220600,539.8166666666667,1,500.0,2026-09-22T06:00:11Z,semo_pub_dailyintconntc_202609220600,539.8166666666667,1,504.0,2026-09-22T06:00:11Z,semo_pub_dailyintconntc_202609220600,539.8166666666667,1,,,,,0,631.209,2026-09-22T12:15:19Z,semo_pub_15minaggwindfcst_202609221215,164.68333333333334,1,0,4193.018,1419.814,2.08,204.605,254.74650000000003,372.545,0.5236000000000001,2026-08-31T23:00:00Z,31200.0,1,,,,0,0,1,1,0,0,0,0,0,0,,,,,,,,,,,831.8965000000001,,,,297,42.1925950860322,146.0,0.0,14,89.1053215736288,280.60200000000003,-70.70300000000009,0,,,,,,,,,,,,,,,,,,,,,,,,,,,,,,,,,,,,,,,,,,,,,,,,,,,,0,0,0,0,0,0,0,0,0,0,0,0,0,0,0,0,0,0,0,0,0,0,0,0,0,0,0,1,1,1,0,0,0,1,1,1,1,1,1,1,1,1,1,1,1,1,1,1,1,0,0,0,0,0,0,1,1,1,1,1,1,1,1,1,1,1,1,1,1,1,1,1,1,1,1,1,1,1,1,1,1,1,1,1,1,1,1,1,1,1,1,1,1,1,1,1,1,1,1,1,1,1,1,1,1,1
2026-09-22T16:00:00Z,2026-09-22T15:30:00Z,30,5612.0,2026-09-22T15:20:05Z,semo_pub_dailyloadfcst_202609221520,9.916666666666666,1,1056.0,2026-09-22T15:20:05Z,semo_pub_dailyloadfcst_202609221520,9.916666666666666,1,4556.0,2026-09-22T15:20:05Z,semo_pub_dailyloadfcst_202609221520,9.916666666666666,1,500.0,2026-09-22T06:00:11Z,semo_pub_dailyintconntc_202609220600,569.8166666666667,1,530.0,2026-09-22T06:00:11Z,semo_pub_dailyintconntc_202609220600,569.8166666666667,1,513.0,2026-09-22T06:00:11Z,semo_pub_dailyintconntc_202609220600,569.8166666666667,1,500.0,2026-09-22T06:00:11Z,semo_pub_dailyintconntc_202609220600,569.8166666666667,1,500.0,2026-09-22T06:00:11Z,semo_pub_dailyintconntc_202609220600,569.8166666666667,1,504.0,2026-09-22T06:00:11Z,semo_pub_dailyintconntc_202609220600,569.8166666666667,1,,,,,0,631.209,2026-09-22T12:15:19Z,semo_pub_15minaggwindfcst_202609221215,194.6833333333333,1,0,4193.018,1419.814,2.08,204.605,254.74650000000003,372.545,0.5236000000000001,2026-08-31T23:00:00Z,31230.0,1,,,,0,0,1,1,0,0,0,0,0,0,,,,,,,,,,,831.8965000000001,,,,301,42.99575103056168,146.0,0.0,14,89.1053215736288,280.60200000000003,-70.70300000000009,0,,,,,,,,,,,,,,,,,,,,,,,,,,,,,,,,,,,,,,,,,,,,,,,,,,,,0,0,0,0,0,0,0,0,0,0,0,0,0,0,0,0,0,0,0,0,0,0,0,0,0,0,0,1,1,1,0,0,0,1,1,1,1,1,1,1,1,1,1,1,1,1,1,1,1,0,0,0,0,0,0,1,1,1,1,1,1,1,1,1,1,1,1,1,1,1,1,1,1,1,1,1,1,1,1,1,1,1,1,1,1,1,1,1,1,1,1,1,1,1,1,1,1,1,1,1,1,1,1,1,1,1
2026-09-22T16:30:00Z,2026-09-22T15:30:00Z,60,5715.0,2026-09-22T15:20:05Z,semo_pub_dailyloadfcst_202609221520,9.916666666666666,1,1080.0,2026-09-22T15:20:05Z,semo_pub_dailyloadfcst_202609221520,9.916666666666666,1,4635.0,2026-09-22T15:20:05Z,semo_pub_dailyloadfcst_202609221520,9.916666666666666,1,,,,,0,,,,,0,,,,,0,,,,,0,,,,,0,,,,,0,,,,,0,538.666,2026-09-22T12:15:19Z,semo_pub_15minaggwindfcst_202609221215,194.6833333333333,1,0,4193.018,1419.814,2.08,204.605,254.74650000000003,372.545,0.5236000000000001,2026-08-31T23:00:00Z,31230.0,1,,,,0,0,1,1,1,1,1,1,1,1,,,,,,,,,,,831.8965000000001,,,,301,39.74978083920913,136.0,0.0,14,76.70473215226698,234.204,-26.551999999999907,0,,,,,,,,,,,,,,,,,,,,,,,,,,,,,,,,,,,,,,,,,,,,,,,,,,,,0,0,0,0,0,0,0,0,0,1,1,1,1,1,1,1,1,1,1,1,1,1,1,1,1,1,1,1,1,1,0,0,0,1,1,1,1,1,1,1,1,1,1,1,1,1,1,1,1,0,0,0,0,0,0,1,1,1,1,1,1,1,1,1,1,1,1,1,1,1,1,1,1,1,1,1,1,1,1,1,1,1,1,1,1,1,1,1,1,1,1,1,1,1,1,1,1,1,1,1,1,1,1,1,1,1
2026-09-22T16:30:00Z,2026-09-22T16:00:00Z,30,5715.0,2026-09-22T15:50:11Z,semo_pub_dailyloadfcst_202609221550,9.816666666666666,1,1080.0,2026-09-22T15:50:11Z,semo_pub_dailyloadfcst_202609221550,9.816666666666666,1,4635.0,2026-09-22T15:50:11Z,semo_pub_dailyloadfcst_202609221550,9.816666666666666,1,,,,,0,,,,,0,,,,,0,,,,,0,,,,,0,,,,,0,,,,,0,538.666,2026-09-22T12:15:19Z,semo_pub_15minaggwindfcst_202609221215,224.6833333333333,1,0,4193.018,1419.814,2.08,204.605,254.74650000000003,372.545,0.5236000000000001,2026-08-31T23:00:00Z,31260.0,1,,,,0,0,1,1,1,1,1,1,1,1,,,,,,,,,,,831.8965000000001,,,,305,40.534427157714106,136.0,0.0,14,76.70473215226698,234.204,-26.551999999999907,0,,,,,,,,,,,,,,,,,,,,,,,,,,,,,,,,,,,,,,,,,,,,,,,,,,,,0,0,0,0,0,0,0,0,0,1,1,1,1,1,1,1,1,1,1,1,1,1,1,1,1,1,1,1,1,1,0,0,0,1,1,1,1,1,1,1,1,1,1,1,1,1,1,1,1,0,0,0,0,0,0,1,1,1,1,1,1,1,1,1,1,1,1,1,1,1,1,1,1,1,1,1,1,1,1,1,1,1,1,1,1,1,1,1,1,1,1,1,1,1,1,1,1,1,1,1,1,1,1,1,1,1
2026-09-22T17:00:00Z,2026-09-22T16:00:00Z,60,5734.0,2026-09-22T15:50:11Z,semo_pub_dailyloadfcst_202609221550,9.816666666666666,1,1074.0,2026-09-22T15:50:11Z,semo_pub_dailyloadfcst_202609221550,9.816666666666666,1,4660.0,2026-09-22T15:50:11Z,semo_pub_dailyloadfcst_202609221550,9.816666666666666,1,500.0,2026-09-22T06:00:11Z,semo_pub_dailyintconntc_202609220600,599.8166666666667,1,530.0,2026-09-22T06:00:11Z,semo_pub_dailyintconntc_202609220600,599.8166666666667,1,513.0,2026-09-22T06:00:11Z,semo_pub_dailyintconntc_202609220600,599.8166666666667,1,500.0,2026-09-22T06:00:11Z,semo_pub_dailyintconntc_202609220600,599.8166666666667,1,500.0,2026-09-22T06:00:11Z,semo_pub_dailyintconntc_202609220600,599.8166666666667,1,504.0,2026-09-22T06:00:11Z,semo_pub_dailyintconntc_202609220600,599.8166666666667,1,,,,,0,446.144,2026-09-22T12:15:19Z,semo_pub_15minaggwindfcst_202609221215,224.6833333333333,1,0,4193.018,1419.814,2.08,204.605,254.74650000000003,372.545,0.5236000000000001,2026-08-31T23:00:00Z,31260.0,1,,,,0,0,1,1,0,0,0,0,0,0,,,,,,,,,,,831.8965000000001,,,,305,31.66950469373272,107.0,0.0,14,67.56452117126295,213.08700000000002,17.583000000000027,0,,,,,,,,,,,,,,,,,,,,,,,,,,,,,,,,,,,,,,,,,,,,,,,,,,,,0,0,0,0,0,0,0,0,0,0,0,0,0,0,0,0,0,0,0,0,0,0,0,0,0,0,0,1,1,1,0,0,0,1,1,1,1,1,1,1,1,1,1,1,1,1,1,1,1,0,0,0,0,0,0,1,1,1,1,1,1,1,1,1,1,1,1,1,1,1,1,1,1,1,1,1,1,1,1,1,1,1,1,1,1,1,1,1,1,1,1,1,1,1,1,1,1,1,1,1,1,1,1,1,1,1
2026-09-22T17:00:00Z,2026-09-22T16:30:00Z,30,5734.0,2026-09-22T16:20:06Z,semo_pub_dailyloadfcst_202609221620,9.9,1,1074.0,2026-09-22T16:20:06Z,semo_pub_dailyloadfcst_202609221620,9.9,1,4660.0,2026-09-22T16:20:06Z,semo_pub_dailyloadfcst_202609221620,9.9,1,500.0,2026-09-22T06:00:11Z,semo_pub_dailyintconntc_202609220600,629.8166666666667,1,530.0,2026-09-22T06:00:11Z,semo_pub_dailyintconntc_202609220600,629.8166666666667,1,513.0,2026-09-22T06:00:11Z,semo_pub_dailyintconntc_202609220600,629.8166666666667,1,500.0,2026-09-22T06:00:11Z,semo_pub_dailyintconntc_202609220600,629.8166666666667,1,500.0,2026-09-22T06:00:11Z,semo_pub_dailyintconntc_202609220600,629.8166666666667,1,504.0,2026-09-22T06:00:11Z,semo_pub_dailyintconntc_202609220600,629.8166666666667,1,,,,,0,446.144,2026-09-22T12:15:19Z,semo_pub_15minaggwindfcst_202609221215,254.6833333333333,1,0,4193.018,1419.814,2.08,204.605,254.74650000000003,372.545,0.5236000000000001,2026-08-31T23:00:00Z,31290.0,1,,,,0,0,1,1,0,0,0,0,0,0,,,,,,,,,,,831.8965000000001,,,,309,32.319561859993776,107.0,0.0,14,67.56452117126295,213.08700000000002,17.583000000000027,0,,,,,,,,,,,,,,,,,,,,,,,,,,,,,,,,,,,,,,,,,,,,,,,,,,,,0,0,0,0,0,0,0,0,0,0,0,0,0,0,0,0,0,0,0,0,0,0,0,0,0,0,0,1,1,1,0,0,0,1,1,1,1,1,1,1,1,1,1,1,1,1,1,1,1,0,0,0,0,0,0,1,1,1,1,1,1,1,1,1,1,1,1,1,1,1,1,1,1,1,1,1,1,1,1,1,1,1,1,1,1,1,1,1,1,1,1,1,1,1,1,1,1,1,1,1,1,1,1,1,1,1
2026-09-22T17:30:00Z,2026-09-22T16:30:00Z,60,5715.0,2026-09-22T16:20:06Z,semo_pub_dailyloadfcst_202609221620,9.9,1,1051.0,2026-09-22T16:20:06Z,semo_pub_dailyloadfcst_202609221620,9.9,1,4664.0,2026-09-22T16:20:06Z,semo_pub_dailyloadfcst_202609221620,9.9,1,,,,,0,,,,,0,,,,,0,,,,,0,,,,,0,,,,,0,,,,,0,419.424,2026-09-22T12:15:19Z,semo_pub_15minaggwindfcst_202609221215,254.6833333333333,1,0,4193.018,1419.814,2.08,204.605,254.74650000000003,372.545,0.5236000000000001,2026-08-31T23:00:00Z,31290.0,1,,,,0,0,1,1,1,1,1,1,1,1,,,,,,,,,,,831.8965000000001,,,,309,39.773393529027736,140.0,0.0,14,63.8807645826047,228.38899999999998,62.92999999999995,0,,,,,,,,,,,,,,,,,,,,,,,,,,,,,,,,,,,,,,,,,,,,,,,,,,,,0,0,0,0,0,0,0,0,0,1,1,1,1,1,1,1,1,1,1,1,1,1,1,1,1,1,1,1,1,1,0,0,0,1,1,1,1,1,1,1,1,1,1,1,1,1,1,1,1,0,0,0,0,0,0,1,1,1,1,1,1,1,1,1,1,1,1,1,1,1,1,1,1,1,1,1,1,1,1,1,1,1,1,1,1,1,1,1,1,1,1,1,1,1,1,1,1,1,1,1,1,1,1,1,1,1
2026-09-22T17:30:00Z,2026-09-22T17:00:00Z,30,5715.0,2026-09-22T16:50:15Z,semo_pub_dailyloadfcst_202609221650,9.75,1,1051.0,2026-09-22T16:50:15Z,semo_pub_dailyloadfcst_202609221650,9.75,1,4664.0,2026-09-22T16:50:15Z,semo_pub_dailyloadfcst_202609221650,9.75,1,,,,,0,,,,,0,,,,,0,,,,,0,,,,,0,,,,,0,,,,,0,419.424,2026-09-22T12:15:19Z,semo_pub_15minaggwindfcst_202609221215,284.68333333333334,1,0,4193.018,1419.814,2.08,204.605,254.74650000000003,372.545,0.5236000000000001,2026-08-31T23:00:00Z,31320.0,1,,,,0,0,1,1,1,1,1,1,1,1,,,,,,,,,,,831.8965000000001,,,,313,40.89866218529884,140.0,0.0,14,63.8807645826047,228.38899999999998,62.92999999999995,0,,,,,,,,,,,,,,,,,,,,,,,,,,,,,,,,,,,,,,,,,,,,,,,,,,,,0,0,0,0,0,0,0,0,0,1,1,1,1,1,1,1,1,1,1,1,1,1,1,1,1,1,1,1,1,1,0,0,0,1,1,1,1,1,1,1,1,1,1,1,1,1,1,1,1,0,0,0,0,0,0,1,1,1,1,1,1,1,1,1,1,1,1,1,1,1,1,1,1,1,1,1,1,1,1,1,1,1,1,1,1,1,1,1,1,1,1,1,1,1,1,1,1,1,1,1,1,1,1,1,1,1
2026-09-22T18:00:00Z,2026-09-22T17:00:00Z,60,5669.0,2026-09-22T16:50:15Z,semo_pub_dailyloadfcst_202609221650,9.75,1,1029.0,2026-09-22T16:50:15Z,semo_pub_dailyloadfcst_202609221650,9.75,1,4640.0,2026-09-22T16:50:15Z,semo_pub_dailyloadfcst_202609221650,9.75,1,500.0,2026-09-22T06:00:11Z,semo_pub_dailyintconntc_202609220600,659.8166666666667,1,530.0,2026-09-22T06:00:11Z,semo_pub_dailyintconntc_202609220600,659.8166666666667,1,513.0,2026-09-22T06:00:11Z,semo_pub_dailyintconntc_202609220600,659.8166666666667,1,500.0,2026-09-22T06:00:11Z,semo_pub_dailyintconntc_202609220600,659.8166666666667,1,500.0,2026-09-22T06:00:11Z,semo_pub_dailyintconntc_202609220600,659.8166666666667,1,504.0,2026-09-22T06:00:11Z,semo_pub_dailyintconntc_202609220600,659.8166666666667,1,,,,,0,392.707,2026-09-22T12:15:19Z,semo_pub_15minaggwindfcst_202609221215,284.68333333333334,1,0,4193.018,1419.814,2.08,204.605,254.74650000000003,372.545,0.5236000000000001,2026-08-31T23:00:00Z,31320.0,1,,,,0,0,1,1,0,0,0,0,0,0,,,,,,,,,,,831.8965000000001,,,,313,63.970142074681895,202.0,0.0,14,62.94878470386762,243.70499999999998,108.26499999999999,0,,,,,,,,,,,,,,,,,,,,,,,,,,,,,,,,,,,,,,,,,,,,,,,,,,,,0,0,0,0,0,0,0,0,0,0,0,0,0,0,0,0,0,0,0,0,0,0,0,0,0,0,0,1,1,1,0,0,0,1,1,1,1,1,1,1,1,1,1,1,1,1,1,1,1,0,0,0,0,0,0,1,1,1,1,1,1,1,1,1,1,1,1,1,1,1,1,1,1,1,1,1,1,1,1,1,1,1,1,1,1,1,1,1,1,1,1,1,1,1,1,1,1,1,1,1,1,1,1,1,1,1
2026-09-22T18:00:00Z,2026-09-22T17:30:00Z,30,5629.0,2026-09-22T17:20:21Z,semo_pub_dailyloadfcst_202609221720,9.65,1,989.0,2026-09-22T17:20:21Z,semo_pub_dailyloadfcst_202609221720,9.65,1,4640.0,2026-09-22T17:20:21Z,semo_pub_dailyloadfcst_202609221720,9.65,1,500.0,2026-09-22T06:00:11Z,semo_pub_dailyintconntc_202609220600,689.8166666666667,1,530.0,2026-09-22T06:00:11Z,semo_pub_dailyintconntc_202609220600,689.8166666666667,1,513.0,2026-09-22T06:00:11Z,semo_pub_dailyintconntc_202609220600,689.8166666666667,1,500.0,2026-09-22T06:00:11Z,semo_pub_dailyintconntc_202609220600,689.8166666666667,1,500.0,2026-09-22T06:00:11Z,semo_pub_dailyintconntc_202609220600,689.8166666666667,1,504.0,2026-09-22T06:00:11Z,semo_pub_dailyintconntc_202609220600,689.8166666666667,1,,,,,0,392.707,2026-09-22T12:15:19Z,semo_pub_15minaggwindfcst_202609221215,314.68333333333334,1,0,4193.018,1419.814,2.08,204.605,254.74650000000003,372.545,0.5236000000000001,2026-08-31T23:00:00Z,31350.0,1,,,,0,0,1,1,0,0,0,0,0,0,,,,,,,,,,,831.8965000000001,,,,317,65.17238662581806,202.0,0.0,14,62.94878470386762,243.70499999999998,108.26499999999999,0,,,,,,,,,,,,,,,,,,,,,,,,,,,,,,,,,,,,,,,,,,,,,,,,,,,,0,0,0,0,0,0,0,0,0,0,0,0,0,0,0,0,0,0,0,0,0,0,0,0,0,0,0,1,1,1,0,0,0,1,1,1,1,1,1,1,1,1,1,1,1,1,1,1,1,0,0,0,0,0,0,1,1,1,1,1,1,1,1,1,1,1,1,1,1,1,1,1,1,1,1,1,1,1,1,1,1,1,1,1,1,1,1,1,1,1,1,1,1,1,1,1,1,1,1,1,1,1,1,1,1,1
2026-09-22T18:30:00Z,2026-09-22T17:30:00Z,60,5618.0,2026-09-22T17:20:21Z,semo_pub_dailyloadfcst_202609221720,9.65,1,973.0,2026-09-22T17:20:21Z,semo_pub_dailyloadfcst_202609221720,9.65,1,4645.0,2026-09-22T17:20:21Z,semo_pub_dailyloadfcst_202609221720,9.65,1,,,,,0,,,,,0,,,,,0,,,,,0,,,,,0,,,,,0,,,,,0,385.13,2026-09-22T12:15:19Z,semo_pub_15minaggwindfcst_202609221215,314.68333333333334,1,0,4193.018,1419.814,2.08,204.605,254.74650000000003,372.545,0.5236000000000001,2026-08-31T23:00:00Z,31350.0,1,,,,0,0,1,1,1,1,1,1,1,1,,,,,,,,,,,831.8965000000001,,,,317,56.284201102737946,182.0,0.0,14,61.06233566748301,239.57999999999998,116.01400000000001,0,,,,,,,,,,,,,,,,,,,,,,,,,,,,,,,,,,,,,,,,,,,,,,,,,,,,0,0,0,0,0,0,0,0,0,1,1,1,1,1,1,1,1,1,1,1,1,1,1,1,1,1,1,1,1,1,0,0,0,1,1,1,1,1,1,1,1,1,1,1,1,1,1,1,1,0,0,0,0,0,0,1,1,1,1,1,1,1,1,1,1,1,1,1,1,1,1,1,1,1,1,1,1,1,1,1,1,1,1,1,1,1,1,1,1,1,1,1,1,1,1,1,1,1,1,1,1,1,1,1,1,1
2026-09-22T18:30:00Z,2026-09-22T18:00:00Z,30,5618.0,2026-09-22T17:50:20Z,semo_pub_dailyloadfcst_202609221750,9.666666666666666,1,973.0,2026-09-22T17:50:20Z,semo_pub_dailyloadfcst_202609221750,9.666666666666666,1,4645.0,2026-09-22T17:50:20Z,semo_pub_dailyloadfcst_202609221750,9.666666666666666,1,,,,,0,,,,,0,,,,,0,,,,,0,,,,,0,,,,,0,,,,,0,385.13,2026-09-22T12:15:19Z,semo_pub_15minaggwindfcst_202609221215,344.68333333333334,1,0,4193.018,1419.814,2.08,204.605,254.74650000000003,372.545,0.5236000000000001,2026-08-31T23:00:00Z,31380.0,1,,,,0,0,1,1,1,1,1,1,1,1,,,,,,,,,,,831.8965000000001,,,,321,56.63779695798759,182.0,0.0,14,61.06233566748301,239.57999999999998,116.01400000000001,0,,,,,,,,,,,,,,,,,,,,,,,,,,,,,,,,,,,,,,,,,,,,,,,,,,,,0,0,0,0,0,0,0,0,0,1,1,1,1,1,1,1,1,1,1,1,1,1,1,1,1,1,1,1,1,1,0,0,0,1,1,1,1,1,1,1,1,1,1,1,1,1,1,1,1,0,0,0,0,0,0,1,1,1,1,1,1,1,1,1,1,1,1,1,1,1,1,1,1,1,1,1,1,1,1,1,1,1,1,1,1,1,1,1,1,1,1,1,1,1,1,1,1,1,1,1,1,1,1,1,1,1
2026-09-22T19:00:00Z,2026-09-22T18:00:00Z,60,5725.0,2026-09-22T17:50:20Z,semo_pub_dailyloadfcst_202609221750,9.666666666666666,1,975.0,2026-09-22T17:50:20Z,semo_pub_dailyloadfcst_202609221750,9.666666666666666,1,4750.0,2026-09-22T17:50:20Z,semo_pub_dailyloadfcst_202609221750,9.666666666666666,1,500.0,2026-09-22T06:00:11Z,semo_pub_dailyintconntc_202609220600,719.8166666666667,1,530.0,2026-09-22T06:00:11Z,semo_pub_dailyintconntc_202609220600,719.8166666666667,1,513.0,2026-09-22T06:00:11Z,semo_pub_dailyintconntc_202609220600,719.8166666666667,1,500.0,2026-09-22T06:00:11Z,semo_pub_dailyintconntc_202609220600,719.8166666666667,1,500.0,2026-09-22T06:00:11Z,semo_pub_dailyintconntc_202609220600,719.8166666666667,1,504.0,2026-09-22T06:00:11Z,semo_pub_dailyintconntc_202609220600,719.8166666666667,1,,,,,0,377.543,2026-09-22T12:15:19Z,semo_pub_15minaggwindfcst_202609221215,344.68333333333334,1,0,4193.018,1419.814,2.08,204.605,254.74650000000003,372.545,0.5236000000000001,2026-08-31T23:00:00Z,31380.0,1,,,,0,0,1,1,0,0,0,0,0,0,,,,,,,,,,,831.8965000000001,,,,321,69.21905201256537,213.0,0.0,14,59.55857296744414,235.436,123.74000000000001,0,,,,,,,,,,,,,,,,,,,,,,,,,,,,,,,,,,,,,,,,,,,,,,,,,,,,0,0,0,0,0,0,0,0,0,0,0,0,0,0,0,0,0,0,0,0,0,0,0,0,0,0,0,1,1,1,0,0,0,1,1,1,1,1,1,1,1,1,1,1,1,1,1,1,1,0,0,0,0,0,0,1,1,1,1,1,1,1,1,1,1,1,1,1,1,1,1,1,1,1,1,1,1,1,1,1,1,1,1,1,1,1,1,1,1,1,1,1,1,1,1,1,1,1,1,1,1,1,1,1,1,1
2026-09-22T19:00:00Z,2026-09-22T18:30:00Z,30,5725.0,2026-09-22T18:20:16Z,semo_pub_dailyloadfcst_202609221820,9.733333333333333,1,975.0,2026-09-22T18:20:16Z,semo_pub_dailyloadfcst_202609221820,9.733333333333333,1,4750.0,2026-09-22T18:20:16Z,semo_pub_dailyloadfcst_202609221820,9.733333333333333,1,500.0,2026-09-22T06:00:11Z,semo_pub_dailyintconntc_202609220600,749.8166666666667,1,530.0,2026-09-22T06:00:11Z,semo_pub_dailyintconntc_202609220600,749.8166666666667,1,513.0,2026-09-22T06:00:11Z,semo_pub_dailyintconntc_202609220600,749.8166666666667,1,500.0,2026-09-22T06:00:11Z,semo_pub_dailyintconntc_202609220600,749.8166666666667,1,500.0,2026-09-22T06:00:11Z,semo_pub_dailyintconntc_202609220600,749.8166666666667,1,504.0,2026-09-22T06:00:11Z,semo_pub_dailyintconntc_202609220600,749.8166666666667,1,,,,,0,347.744,2026-09-22T18:14:23Z,semo_pub_15minaggwindfcst_202609221814,15.616666666666667,1,0,4193.018,1419.814,2.08,204.605,254.74650000000003,372.545,0.5236000000000001,2026-08-31T23:00:00Z,31410.0,1,,,,0,0,0,1,0,0,0,0,0,0,,,,,,,,,,,831.8965000000001,,,,325,69.87456216585419,213.0,0.0,16,67.48966569953043,235.436,-16.627999999999986,0,,,,,,,,,,,,,,,,,,,,,,,,,,,,,,,,,,,,,,,,,,,,,,,,,,,,0,0,0,0,0,0,0,0,0,0,0,0,0,0,0,0,0,0,0,0,0,0,0,0,0,0,0,1,1,1,0,0,0,1,1,1,1,1,1,1,1,1,1,1,1,1,1,1,1,0,0,0,0,0,0,1,1,1,1,1,1,1,1,1,1,1,1,1,1,1,1,1,1,1,1,1,1,1,1,1,1,1,1,1,1,1,1,1,1,1,1,1,1,1,1,1,1,1,1,1,1,1,1,1,1,1
2026-09-22T19:30:00Z,2026-09-22T18:30:00Z,60,5654.0,2026-09-22T18:20:16Z,semo_pub_dailyloadfcst_202609221820,9.733333333333333,1,963.0,2026-09-22T18:20:16Z,semo_pub_dailyloadfcst_202609221820,9.733333333333333,1,4691.0,2026-09-22T18:20:16Z,semo_pub_dailyloadfcst_202609221820,9.733333333333333,1,,,,,0,,,,,0,,,,,0,,,,,0,,,,,0,,,,,0,,,,,0,345.47,2026-09-22T18:14:23Z,semo_pub_15minaggwindfcst_202609221814,15.616666666666667,1,0,4193.018,1419.814,2.08,204.605,254.74650000000003,372.545,0.5236000000000001,2026-08-31T23:00:00Z,31410.0,1,,,,0,0,0,1,1,1,1,1,1,1,,,,,,,,,,,831.8965000000001,,,,325,69.6304397830338,217.0,0.0,16,62.73816454706318,209.09599999999998,4.860000000000014,0,,,,,,,,,,,,,,,,,,,,,,,,,,,,,,,,,,,,,,,,,,,,,,,,,,,,0,0,0,0,0,0,0,0,0,1,1,1,1,1,1,1,1,1,1,1,1,1,1,1,1,1,1,1,1,1,0,0,0,1,1,1,1,1,1,1,1,1,1,1,1,1,1,1,1,0,0,0,0,0,0,1,1,1,1,1,1,1,1,1,1,1,1,1,1,1,1,1,1,1,1,1,1,1,1,1,1,1,1,1,1,1,1,1,1,1,1,1,1,1,1,1,1,1,1,1,1,1,1,1,1,1
2026-09-22T19:30:00Z,2026-09-22T19:00:00Z,30,5654.0,2026-09-22T18:50:10Z,semo_pub_dailyloadfcst_202609221850,9.833333333333334,1,963.0,2026-09-22T18:50:10Z,semo_pub_dailyloadfcst_202609221850,9.833333333333334,1,4691.0,2026-09-22T18:50:10Z,semo_pub_dailyloadfcst_202609221850,9.833333333333334,1,,,,,0,,,,,0,,,,,0,,,,,0,,,,,0,,,,,0,,,,,0,345.47,2026-09-22T18:14:23Z,semo_pub_15minaggwindfcst_202609221814,45.61666666666667,1,0,4193.018,1419.814,2.08,204.605,254.74650000000003,372.545,0.5236000000000001,2026-08-31T23:00:00Z,31440.0,1,,,,0,0,0,1,1,1,1,1,1,1,,,,,,,,,,,831.8965000000001,,,,329,70.0544940435458,217.0,0.0,16,62.73816454706318,209.09599999999998,4.860000000000014,0,,,,,,,,,,,,,,,,,,,,,,,,,,,,,,,,,,,,,,,,,,,,,,,,,,,,0,0,0,0,0,0,0,0,0,1,1,1,1,1,1,1,1,1,1,1,1,1,1,1,1,1,1,1,1,1,0,0,0,1,1,1,1,1,1,1,1,1,1,1,1,1,1,1,1,0,0,0,0,0,0,1,1,1,1,1,1,1,1,1,1,1,1,1,1,1,1,1,1,1,1,1,1,1,1,1,1,1,1,1,1,1,1,1,1,1,1,1,1,1,1,1,1,1,1,1,1,1,1,1,1,1
2026-09-22T20:00:00Z,2026-09-22T19:00:00Z,60,5519.0,2026-09-22T18:50:10Z,semo_pub_dailyloadfcst_202609221850,9.833333333333334,1,944.0,2026-09-22T18:50:10Z,semo_pub_dailyloadfcst_202609221850,9.833333333333334,1,4575.0,2026-09-22T18:50:10Z,semo_pub_dailyloadfcst_202609221850,9.833333333333334,1,500.0,2026-09-22T06:00:11Z,semo_pub_dailyintconntc_202609220600,779.8166666666667,1,530.0,2026-09-22T06:00:11Z,semo_pub_dailyintconntc_202609220600,779.8166666666667,1,513.0,2026-09-22T06:00:11Z,semo_pub_dailyintconntc_202609220600,779.8166666666667,1,500.0,2026-09-22T06:00:11Z,semo_pub_dailyintconntc_202609220600,779.8166666666667,1,500.0,2026-09-22T06:00:11Z,semo_pub_dailyintconntc_202609220600,779.8166666666667,1,504.0,2026-09-22T06:00:11Z,semo_pub_dailyintconntc_202609220600,779.8166666666667,1,,,,,0,343.18,2026-09-22T18:14:23Z,semo_pub_15minaggwindfcst_202609221814,45.61666666666667,1,0,4193.018,1419.814,2.08,204.605,254.74650000000003,372.545,0.5236000000000001,2026-08-31T23:00:00Z,31440.0,1,,,,0,0,0,1,0,0,0,0,0,0,,,,,,,,,,,831.8965000000001,,,,329,60.39394956636353,191.0,0.0,16,58.77568495121409,194.035,26.329000000000008,0,,,,,,,,,,,,,,,,,,,,,,,,,,,,,,,,,,,,,,,,,,,,,,,,,,,,0,0,0,0,0,0,0,0,0,0,0,0,0,0,0,0,0,0,0,0,0,0,0,0,0,0,0,1,1,1,0,0,0,1,1,1,1,1,1,1,1,1,1,1,1,1,1,1,1,0,0,0,0,0,0,1,1,1,1,1,1,1,1,1,1,1,1,1,1,1,1,1,1,1,1,1,1,1,1,1,1,1,1,1,1,1,1,1,1,1,1,1,1,1,1,1,1,1,1,1,1,1,1,1,1,1
2026-09-22T20:00:00Z,2026-09-22T19:30:00Z,30,5519.0,2026-09-22T19:20:10Z,semo_pub_dailyloadfcst_202609221920,9.833333333333334,1,944.0,2026-09-22T19:20:10Z,semo_pub_dailyloadfcst_202609221920,9.833333333333334,1,4575.0,2026-09-22T19:20:10Z,semo_pub_dailyloadfcst_202609221920,9.833333333333334,1,500.0,2026-09-22T06:00:11Z,semo_pub_dailyintconntc_202609220600,809.8166666666667,1,530.0,2026-09-22T06:00:11Z,semo_pub_dailyintconntc_202609220600,809.8166666666667,1,513.0,2026-09-22T06:00:11Z,semo_pub_dailyintconntc_202609220600,809.8166666666667,1,500.0,2026-09-22T06:00:11Z,semo_pub_dailyintconntc_202609220600,809.8166666666667,1,500.0,2026-09-22T06:00:11Z,semo_pub_dailyintconntc_202609220600,809.8166666666667,1,504.0,2026-09-22T06:00:11Z,semo_pub_dailyintconntc_202609220600,809.8166666666667,1,,,,,0,343.18,2026-09-22T18:14:23Z,semo_pub_15minaggwindfcst_202609221814,75.61666666666666,1,0,4193.018,1419.814,2.08,204.605,254.74650000000003,372.545,0.5236000000000001,2026-08-31T23:00:00Z,31470.0,1,,,,0,0,0,1,0,0,0,0,0,0,,,,,,,,,,,831.8965000000001,,,,333,60.819507034004175,191.0,0.0,16,58.77568495121409,194.035,26.329000000000008,0,,,,,,,,,,,,,,,,,,,,,,,,,,,,,,,,,,,,,,,,,,,,,,,,,,,,0,0,0,0,0,0,0,0,0,0,0,0,0,0,0,0,0,0,0,0,0,0,0,0,0,0,0,1,1,1,0,0,0,1,1,1,1,1,1,1,1,1,1,1,1,1,1,1,1,0,0,0,0,0,0,1,1,1,1,1,1,1,1,1,1,1,1,1,1,1,1,1,1,1,1,1,1,1,1,1,1,1,1,1,1,1,1,1,1,1,1,1,1,1,1,1,1,1,1,1,1,1,1,1,1,1
2026-09-22T20:30:00Z,2026-09-22T19:30:00Z,60,5261.0,2026-09-22T19:20:10Z,semo_pub_dailyloadfcst_202609221920,9.833333333333334,1,891.0,2026-09-22T19:20:10Z,semo_pub_dailyloadfcst_202609221920,9.833333333333334,1,4370.0,2026-09-22T19:20:10Z,semo_pub_dailyloadfcst_202609221920,9.833333333333334,1,,,,,0,,,,,0,,,,,0,,,,,0,,,,,0,,,,,0,,,,,0,375.897,2026-09-22T18:14:23Z,semo_pub_15minaggwindfcst_202609221814,75.61666666666666,1,0,4193.018,1419.814,2.08,204.605,254.74650000000003,372.545,0.5236000000000001,2026-08-31T23:00:00Z,31470.0,1,,,,0,0,0,1,1,1,1,1,1,1,,,,,,,,,,,831.8965000000001,,,,333,56.6611952716157,179.0,0.0,16,65.2510602140877,221.772,50.245000000000005,0,,,,,,,,,,,,,,,,,,,,,,,,,,,,,,,,,,,,,,,,,,,,,,,,,,,,0,0,0,0,0,0,0,0,0,1,1,1,1,1,1,1,1,1,1,1,1,1,1,1,1,1,1,1,1,1,0,0,0,1,1,1,1,1,1,1,1,1,1,1,1,1,1,1,1,0,0,0,0,0,0,1,1,1,1,1,1,1,1,1,1,1,1,1,1,1,1,1,1,1,1,1,1,1,1,1,1,1,1,1,1,1,1,1,1,1,1,1,1,1,1,1,1,1,1,1,1,1,1,1,1,1
2026-09-22T20:30:00Z,2026-09-22T20:00:00Z,30,5261.0,2026-09-22T19:50:11Z,semo_pub_dailyloadfcst_202609221950,9.816666666666666,1,891.0,2026-09-22T19:50:11Z,semo_pub_dailyloadfcst_202609221950,9.816666666666666,1,4370.0,2026-09-22T19:50:11Z,semo_pub_dailyloadfcst_202609221950,9.816666666666666,1,,,,,0,,,,,0,,,,,0,,,,,0,,,,,0,,,,,0,,,,,0,375.897,2026-09-22T18:14:23Z,semo_pub_15minaggwindfcst_202609221814,105.61666666666666,1,0,4193.018,1419.814,2.08,204.605,254.74650000000003,372.545,0.5236000000000001,2026-08-31T23:00:00Z,31500.0,1,,,,0,0,0,1,1,1,1,1,1,1,,,,,,,,,,,831.8965000000001,,,,337,56.97510089245781,179.0,0.0,16,65.2510602140877,221.772,50.245000000000005,0,,,,,,,,,,,,,,,,,,,,,,,,,,,,,,,,,,,,,,,,,,,,,,,,,,,,0,0,0,0,0,0,0,0,0,1,1,1,1,1,1,1,1,1,1,1,1,1,1,1,1,1,1,1,1,1,0,0,0,1,1,1,1,1,1,1,1,1,1,1,1,1,1,1,1,0,0,0,0,0,0,1,1,1,1,1,1,1,1,1,1,1,1,1,1,1,1,1,1,1,1,1,1,1,1,1,1,1,1,1,1,1,1,1,1,1,1,1,1,1,1,1,1,1,1,1,1,1,1,1,1,1
2026-09-22T21:00:00Z,2026-09-22T20:00:00Z,60,5025.0,2026-09-22T19:50:11Z,semo_pub_dailyloadfcst_202609221950,9.816666666666666,1,848.0,2026-09-22T19:50:11Z,semo_pub_dailyloadfcst_202609221950,9.816666666666666,1,4177.0,2026-09-22T19:50:11Z,semo_pub_dailyloadfcst_202609221950,9.816666666666666,1,500.0,2026-09-22T06:00:11Z,semo_pub_dailyintconntc_202609220600,839.8166666666667,1,530.0,2026-09-22T06:00:11Z,semo_pub_dailyintconntc_202609220600,839.8166666666667,1,513.0,2026-09-22T06:00:11Z,semo_pub_dailyintconntc_202609220600,839.8166666666667,1,500.0,2026-09-22T06:00:11Z,semo_pub_dailyintconntc_202609220600,839.8166666666667,1,500.0,2026-09-22T06:00:11Z,semo_pub_dailyintconntc_202609220600,839.8166666666667,1,504.0,2026-09-22T06:00:11Z,semo_pub_dailyintconntc_202609220600,839.8166666666667,1,,,,,0,408.596,2026-09-22T18:14:23Z,semo_pub_15minaggwindfcst_202609221814,105.61666666666666,1,0,4193.018,1419.814,2.08,204.605,254.74650000000003,372.545,0.5236000000000001,2026-08-31T23:00:00Z,31500.0,1,,,,0,0,0,1,0,0,0,0,0,0,,,,,,,,,,,831.8965000000001,,,,337,41.110788460680666,130.0,0.0,16,73.53339485118202,250.514,74.142,0,,,,,,,,,,,,,,,,,,,,,,,,,,,,,,,,,,,,,,,,,,,,,,,,,,,,0,0,0,0,0,0,0,0,0,0,0,0,0,0,0,0,0,0,0,0,0,0,0,0,0,0,0,1,1,1,0,0,0,1,1,1,1,1,1,1,1,1,1,1,1,1,1,1,1,0,0,0,0,0,0,1,1,1,1,1,1,1,1,1,1,1,1,1,1,1,1,1,1,1,1,1,1,1,1,1,1,1,1,1,1,1,1,1,1,1,1,1,1,1,1,1,1,1,1,1,1,1,1,1,1,1
2026-09-22T21:00:00Z,2026-09-22T20:30:00Z,30,5025.0,2026-09-22T20:20:15Z,semo_pub_dailyloadfcst_202609222020,9.75,1,848.0,2026-09-22T20:20:15Z,semo_pub_dailyloadfcst_202609222020,9.75,1,4177.0,2026-09-22T20:20:15Z,semo_pub_dailyloadfcst_202609222020,9.75,1,500.0,2026-09-22T06:00:11Z,semo_pub_dailyintconntc_202609220600,869.8166666666667,1,530.0,2026-09-22T06:00:11Z,semo_pub_dailyintconntc_202609220600,869.8166666666667,1,513.0,2026-09-22T06:00:11Z,semo_pub_dailyintconntc_202609220600,869.8166666666667,1,500.0,2026-09-22T06:00:11Z,semo_pub_dailyintconntc_202609220600,869.8166666666667,1,500.0,2026-09-22T06:00:11Z,semo_pub_dailyintconntc_202609220600,869.8166666666667,1,504.0,2026-09-22T06:00:11Z,semo_pub_dailyintconntc_202609220600,869.8166666666667,1,,,,,0,408.596,2026-09-22T18:14:23Z,semo_pub_15minaggwindfcst_202609221814,135.61666666666667,1,0,4193.018,1419.814,2.08,204.605,254.74650000000003,372.545,0.5236000000000001,2026-08-31T23:00:00Z,31530.0,1,,,,0,0,1,1,0,0,0,0,0,0,,,,,,,,,,,831.8965000000001,,,,341,41.27807132129293,130.0,0.0,16,73.53339485118202,250.514,74.142,0,,,,,,,,,,,,,,,,,,,,,,,,,,,,,,,,,,,,,,,,,,,,,,,,,,,,0,0,0,0,0,0,0,0,0,0,0,0,0,0,0,0,0,0,0,0,0,0,0,0,0,0,0,1,1,1,0,0,0,1,1,1,1,1,1,1,1,1,1,1,1,1,1,1,1,0,0,0,0,0,0,1,1,1,1,1,1,1,1,1,1,1,1,1,1,1,1,1,1,1,1,1,1,1,1,1,1,1,1,1,1,1,1,1,1,1,1,1,1,1,1,1,1,1,1,1,1,1,1,1,1,1
2026-09-22T21:30:00Z,2026-09-22T20:30:00Z,60,4828.0,2026-09-22T20:20:15Z,semo_pub_dailyloadfcst_202609222020,9.75,1,812.0,2026-09-22T20:20:15Z,semo_pub_dailyloadfcst_202609222020,9.75,1,4016.0,2026-09-22T20:20:15Z,semo_pub_dailyloadfcst_202609222020,9.75,1,,,,,0,,,,,0,,,,,0,,,,,0,,,,,0,,,,,0,,,,,0,453.391,2026-09-22T18:14:23Z,semo_pub_15minaggwindfcst_202609221814,135.61666666666667,1,0,4193.018,1419.814,2.08,204.605,254.74650000000003,372.545,0.5236000000000001,2026-08-31T23:00:00Z,31530.0,1,,,,0,0,1,1,1,1,1,1,1,1,,,,,,,,,,,831.8965000000001,,,,341,48.39815869289558,150.0,0.0,16,85.64357960865247,292.341,86.36000000000001,0,,,,,,,,,,,,,,,,,,,,,,,,,,,,,,,,,,,,,,,,,,,,,,,,,,,,0,0,0,0,0,0,0,0,0,1,1,1,1,1,1,1,1,1,1,1,1,1,1,1,1,1,1,1,1,1,0,0,0,1,1,1,1,1,1,1,1,1,1,1,1,1,1,1,1,0,0,0,0,0,0,1,1,1,1,1,1,1,1,1,1,1,1,1,1,1,1,1,1,1,1,1,1,1,1,1,1,1,1,1,1,1,1,1,1,1,1,1,1,1,1,1,1,1,1,1,1,1,1,1,1,1
2026-09-22T21:30:00Z,2026-09-22T21:00:00Z,30,4828.0,2026-09-22T20:50:26Z,semo_pub_dailyloadfcst_202609222050,9.566666666666666,1,812.0,2026-09-22T20:50:26Z,semo_pub_dailyloadfcst_202609222050,9.566666666666666,1,4016.0,2026-09-22T20:50:26Z,semo_pub_dailyloadfcst_202609222050,9.566666666666666,1,,,,,0,,,,,0,,,,,0,,,,,0,,,,,0,,,,,0,,,,,0,453.391,2026-09-22T18:14:23Z,semo_pub_15minaggwindfcst_202609221814,165.61666666666667,1,0,4193.018,1419.814,2.08,204.605,254.74650000000003,372.545,0.5236000000000001,2026-08-31T23:00:00Z,31560.0,1,,,,0,0,1,1,1,1,1,1,1,1,,,,,,,,,,,831.8965000000001,,,,345,48.66575289817243,150.0,0.0,16,85.64357960865247,292.341,86.36000000000001,0,,,,,,,,,,,,,,,,,,,,,,,,,,,,,,,,,,,,,,,,,,,,,,,,,,,,0,0,0,0,0,0,0,0,0,1,1,1,1,1,1,1,1,1,1,1,1,1,1,1,1,1,1,1,1,1,0,0,0,1,1,1,1,1,1,1,1,1,1,1,1,1,1,1,1,0,0,0,0,0,0,1,1,1,1,1,1,1,1,1,1,1,1,1,1,1,1,1,1,1,1,1,1,1,1,1,1,1,1,1,1,1,1,1,1,1,1,1,1,1,1,1,1,1,1,1,1,1,1,1,1,1
2026-09-22T22:00:00Z,2026-09-22T21:00:00Z,60,4563.0,2026-09-22T20:50:26Z,semo_pub_dailyloadfcst_202609222050,9.566666666666666,1,753.0,2026-09-22T20:50:26Z,semo_pub_dailyloadfcst_202609222050,9.566666666666666,1,3810.0,2026-09-22T20:50:26Z,semo_pub_dailyloadfcst_202609222050,9.566666666666666,1,500.0,2026-09-22T06:00:11Z,semo_pub_dailyintconntc_202609220600,899.8166666666667,1,530.0,2026-09-22T06:00:11Z,semo_pub_dailyintconntc_202609220600,899.8166666666667,1,513.0,2026-09-22T06:00:11Z,semo_pub_dailyintconntc_202609220600,899.8166666666667,1,500.0,2026-09-22T06:00:11Z,semo_pub_dailyintconntc_202609220600,899.8166666666667,1,500.0,2026-09-22T06:00:11Z,semo_pub_dailyintconntc_202609220600,899.8166666666667,1,504.0,2026-09-22T06:00:11Z,semo_pub_dailyintconntc_202609220600,899.8166666666667,1,,,,,0,498.164,2026-09-22T18:14:23Z,semo_pub_15minaggwindfcst_202609221814,165.61666666666667,1,0,4193.018,1419.814,2.08,204.605,254.74650000000003,372.545,0.5236000000000001,2026-08-31T23:00:00Z,31560.0,1,,,,0,0,1,1,0,0,0,0,0,0,,,,,,,,,,,831.8965000000001,,,,345,39.27316385097824,111.0,0.0,16,98.41726497940971,344.203,98.572,0,,,,,,,,,,,,,,,,,,,,,,,,,,,,,,,,,,,,,,,,,,,,,,,,,,,,0,0,0,0,0,0,0,0,0,0,0,0,0,0,0,0,0,0,0,0,0,0,0,0,0,0,0,1,1,1,0,0,0,1,1,1,1,1,1,1,1,1,1,1,1,1,1,1,1,0,0,0,0,0,0,1,1,1,1,1,1,1,1,1,1,1,1,1,1,1,1,1,1,1,1,1,1,1,1,1,1,1,1,1,1,1,1,1,1,1,1,1,1,1,1,1,1,1,1,1,1,1,1,1,1,1
2026-09-22T22:00:00Z,2026-09-22T21:30:00Z,30,4563.0,2026-09-22T21:20:05Z,semo_pub_dailyloadfcst_202609222120,9.916666666666666,1,753.0,2026-09-22T21:20:05Z,semo_pub_dailyloadfcst_202609222120,9.916666666666666,1,3810.0,2026-09-22T21:20:05Z,semo_pub_dailyloadfcst_202609222120,9.916666666666666,1,500.0,2026-09-22T06:00:11Z,semo_pub_dailyintconntc_202609220600,929.8166666666668,1,530.0,2026-09-22T06:00:11Z,semo_pub_dailyintconntc_202609220600,929.8166666666668,1,513.0,2026-09-22T06:00:11Z,semo_pub_dailyintconntc_202609220600,929.8166666666668,1,500.0,2026-09-22T06:00:11Z,semo_pub_dailyintconntc_202609220600,929.8166666666668,1,500.0,2026-09-22T06:00:11Z,semo_pub_dailyintconntc_202609220600,929.8166666666668,1,504.0,2026-09-22T06:00:11Z,semo_pub_dailyintconntc_202609220600,929.8166666666668,1,,,,,0,498.164,2026-09-22T18:14:23Z,semo_pub_15minaggwindfcst_202609221814,195.61666666666667,1,0,4193.018,1419.814,2.08,204.605,254.74650000000003,372.545,0.5236000000000001,2026-08-31T23:00:00Z,31590.0,1,,,,0,0,1,1,0,0,0,0,0,0,,,,,,,,,,,831.8965000000001,,,,349,39.20545906870632,111.0,0.0,16,98.41726497940971,344.203,98.572,0,,,,,,,,,,,,,,,,,,,,,,,,,,,,,,,,,,,,,,,,,,,,,,,,,,,,0,0,0,0,0,0,0,0,0,0,0,0,0,0,0,0,0,0,0,0,0,0,0,0,0,0,0,1,1,1,0,0,0,1,1,1,1,1,1,1,1,1,1,1,1,1,1,1,1,0,0,0,0,0,0,1,1,1,1,1,1,1,1,1,1,1,1,1,1,1,1,1,1,1,1,1,1,1,1,1,1,1,1,1,1,1,1,1,1,1,1,1,1,1,1,1,1,1,1,1,1,1,1,1,1,1
2026-09-22T22:30:00Z,2026-09-22T21:30:00Z,60,4466.0,2026-09-22T21:20:05Z,semo_pub_dailyloadfcst_202609222120,9.916666666666666,1,700.0,2026-09-22T21:20:05Z,semo_pub_dailyloadfcst_202609222120,9.916666666666666,1,3766.0,2026-09-22T21:20:05Z,semo_pub_dailyloadfcst_202609222120,9.916666666666666,1,,,,,0,,,,,0,,,,,0,,,,,0,,,,,0,,,,,0,,,,,0,497.461,2026-09-22T18:14:23Z,semo_pub_15minaggwindfcst_202609221814,195.61666666666667,1,0,4193.018,1419.814,2.08,204.605,254.74650000000003,372.545,0.5236000000000001,2026-08-31T23:00:00Z,31590.0,1,,,,0,0,1,1,1,1,1,1,1,1,,,,,,,,,,,831.8965000000001,,,,349,44.74899339554503,127.0,0.0,16,98.0543848316578,341.185,79.19999999999999,0,,,,,,,,,,,,,,,,,,,,,,,,,,,,,,,,,,,,,,,,,,,,,,,,,,,,0,0,0,0,0,0,0,0,0,1,1,1,1,1,1,1,1,1,1,1,1,1,1,1,1,1,1,1,1,1,0,0,0,1,1,1,1,1,1,1,1,1,1,1,1,1,1,1,1,0,0,0,0,0,0,1,1,1,1,1,1,1,1,1,1,1,1,1,1,1,1,1,1,1,1,1,1,1,1,1,1,1,1,1,1,1,1,1,1,1,1,1,1,1,1,1,1,1,1,1,1,1,1,1,1,1
2026-09-22T22:30:00Z,2026-09-22T22:00:00Z,30,4466.0,2026-09-22T21:50:06Z,semo_pub_dailyloadfcst_202609222150,9.9,1,700.0,2026-09-22T21:50:06Z,semo_pub_dailyloadfcst_202609222150,9.9,1,3766.0,2026-09-22T21:50:06Z,semo_pub_dailyloadfcst_202609222150,9.9,1,,,,,0,,,,,0,,,,,0,,,,,0,,,,,0,,,,,0,,,,,0,497.461,2026-09-22T18:14:23Z,semo_pub_15minaggwindfcst_202609221814,225.61666666666667,1,0,4193.018,1419.814,2.08,204.605,254.74650000000003,372.545,0.5236000000000001,2026-08-31T23:00:00Z,31620.0,1,,,,0,0,1,1,1,1,1,1,1,1,,,,,,,,,,,831.8965000000001,,,,353,44.64461233263782,127.0,0.0,16,98.0543848316578,341.185,79.19999999999999,0,,,,,,,,,,,,,,,,,,,,,,,,,,,,,,,,,,,,,,,,,,,,,,,,,,,,0,0,0,0,0,0,0,0,0,1,1,1,1,1,1,1,1,1,1,1,1,1,1,1,1,1,1,1,1,1,0,0,0,1,1,1,1,1,1,1,1,1,1,1,1,1,1,1,1,0,0,0,0,0,0,1,1,1,1,1,1,1,1,1,1,1,1,1,1,1,1,1,1,1,1,1,1,1,1,1,1,1,1,1,1,1,1,1,1,1,1,1,1,1,1,1,1,1,1,1,1,1,1,1,1,1
2026-09-22T23:00:00Z,2026-09-22T22:00:00Z,60,4321.0,2026-09-22T21:50:06Z,semo_pub_dailyloadfcst_202609222150,9.9,1,669.0,2026-09-22T21:50:06Z,semo_pub_dailyloadfcst_202609222150,9.9,1,3652.0,2026-09-22T21:50:06Z,semo_pub_dailyloadfcst_202609222150,9.9,1,500.0,2026-09-22T06:00:11Z,semo_pub_dailyintconntc_202609220600,959.8166666666668,1,530.0,2026-09-22T06:00:11Z,semo_pub_dailyintconntc_202609220600,959.8166666666668,1,513.0,2026-09-22T06:00:11Z,semo_pub_dailyintconntc_202609220600,959.8166666666668,1,500.0,2026-09-22T06:00:11Z,semo_pub_dailyintconntc_202609220600,959.8166666666668,1,500.0,2026-09-22T06:00:11Z,semo_pub_dailyintconntc_202609220600,959.8166666666668,1,504.0,2026-09-22T06:00:11Z,semo_pub_dailyintconntc_202609220600,959.8166666666668,1,,,,,0,496.745,2026-09-22T18:14:23Z,semo_pub_15minaggwindfcst_202609221814,225.61666666666667,1,0,4193.018,1419.814,2.08,204.605,254.74650000000003,372.545,0.5236000000000001,2026-08-31T23:00:00Z,31620.0,1,,,,0,0,1,1,0,0,0,0,0,0,,,,,,,,,,,831.8965000000001,,,,353,13.644252345431827,41.0,0.0,16,97.95237376636078,338.156,59.829999999999984,0,,,,,,,,,,,,,,,,,,,,,,,,,,,,,,,,,,,,,,,,,,,,,,,,,,,,0,0,0,0,0,0,0,0,0,0,0,0,0,0,0,0,0,0,0,0,0,0,0,0,0,0,0,1,1,1,0,0,0,1,1,1,1,1,1,1,1,1,1,1,1,1,1,1,1,0,0,0,0,0,0,1,1,1,1,1,1,1,1,1,1,1,1,1,1,1,1,1,1,1,1,1,1,1,1,1,1,1,1,1,1,1,1,1,1,1,1,1,1,1,1,1,1,1,1,1,1,1,1,1,1,1
2026-09-22T23:00:00Z,2026-09-22T22:30:00Z,30,4321.0,2026-09-22T22:20:11Z,semo_pub_dailyloadfcst_202609222220,9.816666666666666,1,669.0,2026-09-22T22:20:11Z,semo_pub_dailyloadfcst_202609222220,9.816666666666666,1,3652.0,2026-09-22T22:20:11Z,semo_pub_dailyloadfcst_202609222220,9.816666666666666,1,500.0,2026-09-22T06:00:11Z,semo_pub_dailyintconntc_202609220600,989.8166666666668,1,530.0,2026-09-22T06:00:11Z,semo_pub_dailyintconntc_202609220600,989.8166666666668,1,513.0,2026-09-22T06:00:11Z,semo_pub_dailyintconntc_202609220600,989.8166666666668,1,500.0,2026-09-22T06:00:11Z,semo_pub_dailyintconntc_202609220600,989.8166666666668,1,500.0,2026-09-22T06:00:11Z,semo_pub_dailyintconntc_202609220600,989.8166666666668,1,504.0,2026-09-22T06:00:11Z,semo_pub_dailyintconntc_202609220600,989.8166666666668,1,,,,,0,496.745,2026-09-22T18:14:23Z,semo_pub_15minaggwindfcst_202609221814,255.61666666666667,1,0,4193.018,1419.814,2.08,204.605,254.74650000000003,372.545,0.5236000000000001,2026-08-31T23:00:00Z,31650.0,1,,,,0,0,1,1,0,0,0,0,0,0,,,,,,,,,,,831.8965000000001,,,,357,13.868929785501185,41.0,0.0,16,97.95237376636078,338.156,59.829999999999984,0,,,,,,,,,,,,,,,,,,,,,,,,,,,,,,,,,,,,,,,,,,,,,,,,,,,,0,0,0,0,0,0,0,0,0,0,0,0,0,0,0,0,0,0,0,0,0,0,0,0,0,0,0,1,1,1,0,0,0,1,1,1,1,1,1,1,1,1,1,1,1,1,1,1,1,0,0,0,0,0,0,1,1,1,1,1,1,1,1,1,1,1,1,1,1,1,1,1,1,1,1,1,1,1,1,1,1,1,1,1,1,1,1,1,1,1,1,1,1,1,1,1,1,1,1,1,1,1,1,1,1,1
2026-09-22T23:30:00Z,2026-09-22T22:30:00Z,60,4275.0,2026-09-22T22:20:11Z,semo_pub_dailyloadfcst_202609222220,9.816666666666666,1,649.0,2026-09-22T22:20:11Z,semo_pub_dailyloadfcst_202609222220,9.816666666666666,1,3626.0,2026-09-22T22:20:11Z,semo_pub_dailyloadfcst_202609222220,9.816666666666666,1,,,,,0,,,,,0,,,,,0,,,,,0,,,,,0,,,,,0,,,,,0,489.48,2026-09-22T18:14:23Z,semo_pub_15minaggwindfcst_202609221814,255.61666666666667,1,0,4193.018,1419.814,2.08,204.605,254.74650000000003,372.545,0.5236000000000001,2026-08-31T23:00:00Z,31650.0,1,,,,0,0,1,1,1,1,1,1,1,1,,,,,,,,,,,831.8965000000001,,,,357,13.704259003784184,41.0,0.0,16,90.58842844440643,310.299,63.36700000000002,0,,,,,,,,,,,,,,,,,,,,,,,,,,,,,,,,,,,,,,,,,,,,,,,,,,,,0,0,0,0,0,0,0,0,0,1,1,1,1,1,1,1,1,1,1,1,1,1,1,1,1,1,1,1,1,1,0,0,0,1,1,1,1,1,1,1,1,1,1,1,1,1,1,1,1,0,0,0,0,0,0,1,1,1,1,1,1,1,1,1,1,1,1,1,1,1,1,1,1,1,1,1,1,1,1,1,1,1,1,1,1,1,1,1,1,1,1,1,1,1,1,1,1,1,1,1,1,1,1,1,1,1
2026-09-22T23:30:00Z,2026-09-22T23:00:00Z,30,4275.0,2026-09-22T22:50:11Z,semo_pub_dailyloadfcst_202609222250,9.816666666666666,1,649.0,2026-09-22T22:50:11Z,semo_pub_dailyloadfcst_202609222250,9.816666666666666,1,3626.0,2026-09-22T22:50:11Z,semo_pub_dailyloadfcst_202609222250,9.816666666666666,1,,,,,0,,,,,0,,,,,0,,,,,0,,,,,0,,,,,0,,,,,0,489.48,2026-09-22T18:14:23Z,semo_pub_15minaggwindfcst_202609221814,285.6166666666667,1,0,4193.018,1419.814,2.08,204.605,254.74650000000003,372.545,0.5236000000000001,2026-08-31T23:00:00Z,31680.0,1,,,,0,0,1,1,1,1,1,1,1,1,,,,,,,,,,,831.8965000000001,,,,361,13.921095556638946,41.0,0.0,16,90.58842844440643,310.299,63.36700000000002,0,,,,,,,,,,,,,,,,,,,,,,,,,,,,,,,,,,,,,,,,,,,,,,,,,,,,0,0,0,0,0,0,0,0,0,1,1,1,1,1,1,1,1,1,1,1,1,1,1,1,1,1,1,1,1,1,0,0,0,1,1,1,1,1,1,1,1,1,1,1,1,1,1,1,1,0,0,0,0,0,0,1,1,1,1,1,1,1,1,1,1,1,1,1,1,1,1,1,1,1,1,1,1,1,1,1,1,1,1,1,1,1,1,1,1,1,1,1,1,1,1,1,1,1,1,1,1,1,1,1,1,1
2026-09-23T00:00:00Z,2026-09-22T23:00:00Z,60,4175.0,2026-09-22T22:50:11Z,semo_pub_dailyloadfcst_202609222250,9.816666666666666,1,633.0,2026-09-22T22:50:11Z,semo_pub_dailyloadfcst_202609222250,9.816666666666666,1,3542.0,2026-09-22T22:50:11Z,semo_pub_dailyloadfcst_202609222250,9.816666666666666,1,500.0,2026-09-22T06:00:11Z,semo_pub_dailyintconntc_202609220600,1019.8166666666668,1,530.0,2026-09-22T06:00:11Z,semo_pub_dailyintconntc_202609220600,1019.8166666666668,1,513.0,2026-09-22T06:00:11Z,semo_pub_dailyintconntc_202609220600,1019.8166666666668,1,500.0,2026-09-22T06:00:11Z,semo_pub_dailyintconntc_202609220600,1019.8166666666668,1,500.0,2026-09-22T06:00:11Z,semo_pub_dailyintconntc_202609220600,1019.8166666666668,1,504.0,2026-09-22T06:00:11Z,semo_pub_dailyintconntc_202609220600,1019.8166666666668,1,,,,,0,482.215,2026-09-22T18:14:23Z,semo_pub_15minaggwindfcst_202609221814,285.6166666666667,1,0,4193.018,1419.814,2.08,204.605,254.74650000000003,372.545,0.5236000000000001,2026-08-31T23:00:00Z,31680.0,1,,,,0,0,1,1,0,0,0,0,0,0,,,,,,,,,,,831.8965000000001,,,,361,25.661246692276244,70.0,0.0,16,84.14113655357494,296.48199999999997,66.89799999999997,0,,,,,,,,,,,,,,,,,,,,,,,,,,,,,,,,,,,,,,,,,,,,,,,,,,,,0,0,0,0,0,0,0,0,0,0,0,0,0,0,0,0,0,0,0,0,0,0,0,0,0,0,0,1,1,1,0,0,0,1,1,1,1,1,1,1,1,1,1,1,1,1,1,1,1,0,0,0,0,0,0,1,1,1,1,1,1,1,1,1,1,1,1,1,1,1,1,1,1,1,1,1,1,1,1,1,1,1,1,1,1,1,1,1,1,1,1,1,1,1,1,1,1,1,1,1,1,1,1,1,1,1
2026-09-23T00:00:00Z,2026-09-22T23:30:00Z,30,4175.0,2026-09-22T23:20:10Z,semo_pub_dailyloadfcst_202609222320,9.833333333333334,1,633.0,2026-09-22T23:20:10Z,semo_pub_dailyloadfcst_202609222320,9.833333333333334,1,3542.0,2026-09-22T23:20:10Z,semo_pub_dailyloadfcst_202609222320,9.833333333333334,1,500.0,2026-09-22T06:00:11Z,semo_pub_dailyintconntc_202609220600,1049.8166666666666,1,530.0,2026-09-22T06:00:11Z,semo_pub_dailyintconntc_202609220600,1049.8166666666666,1,513.0,2026-09-22T06:00:11Z,semo_pub_dailyintconntc_202609220600,1049.8166666666666,1,500.0,2026-09-22T06:00:11Z,semo_pub_dailyintconntc_202609220600,1049.8166666666666,1,500.0,2026-09-22T06:00:11Z,semo_pub_dailyintconntc_202609220600,1049.8166666666666,1,504.0,2026-09-22T06:00:11Z,semo_pub_dailyintconntc_202609220600,1049.8166666666666,1,,,,,0,482.215,2026-09-22T18:14:23Z,semo_pub_15minaggwindfcst_202609221814,315.6166666666667,1,0,4193.018,1419.814,2.08,204.605,254.74650000000003,372.545,0.5236000000000001,2026-08-31T23:00:00Z,31710.0,1,,,,0,0,1,1,0,0,0,0,0,0,,,,,,,,,,,831.8965000000001,,,,365,26.022358560579356,70.0,0.0,16,84.14113655357494,296.48199999999997,66.89799999999997,0,,,,,,,,,,,,,,,,,,,,,,,,,,,,,,,,,,,,,,,,,,,,,,,,,,,,0,0,0,0,0,0,0,0,0,0,0,0,0,0,0,0,0,0,0,0,0,0,0,0,0,0,0,1,1,1,0,0,0,1,1,1,1,1,1,1,1,1,1,1,1,1,1,1,1,0,0,0,0,0,0,1,1,1,1,1,1,1,1,1,1,1,1,1,1,1,1,1,1,1,1,1,1,1,1,1,1,1,1,1,1,1,1,1,1,1,1,1,1,1,1,1,1,1,1,1,1,1,1,1,1,1
2026-09-23T00:30:00Z,2026-09-22T23:30:00Z,60,4134.0,2026-09-22T23:20:10Z,semo_pub_dailyloadfcst_202609222320,9.833333333333334,1,626.0,2026-09-22T23:20:10Z,semo_pub_dailyloadfcst_202609222320,9.833333333333334,1,3508.0,2026-09-22T23:20:10Z,semo_pub_dailyloadfcst_202609222320,9.833333333333334,1,,,,,0,,,,,0,,,,,0,,,,,0,,,,,0,,,,,0,,,,,0,533.37,2026-09-22T18:14:23Z,semo_pub_15minaggwindfcst_202609221814,315.6166666666667,1,0,4193.018,1419.814,2.08,204.605,254.74650000000003,372.545,0.5236000000000001,2026-08-31T23:00:00Z,31710.0,1,,,,0,0,1,1,1,1,1,1,1,1,,,,,,,,,,,831.8965000000001,,,,365,23.011122817364196,64.0,0.0,16,87.61717365296369,330.615,110.78800000000001,0,,,,,,,,,,,,,,,,,,,,,,,,,,,,,,,,,,,,,,,,,,,,,,,,,,,,0,0,0,0,0,0,0,0,0,1,1,1,1,1,1,1,1,1,1,1,1,1,1,1,1,1,1,1,1,1,0,0,0,1,1,1,1,1,1,1,1,1,1,1,1,1,1,1,1,0,0,0,0,0,0,1,1,1,1,1,1,1,1,1,1,1,1,1,1,1,1,1,1,1,1,1,1,1,1,1,1,1,1,1,1,1,1,1,1,1,1,1,1,1,1,1,1,1,1,1,1,1,1,1,1,1
2026-09-23T00:30:00Z,2026-09-23T00:00:00Z,30,4134.0,2026-09-22T23:50:10Z,semo_pub_dailyloadfcst_202609222350,9.833333333333334,1,626.0,2026-09-22T23:50:10Z,semo_pub_dailyloadfcst_202609222350,9.833333333333334,1,3508.0,2026-09-22T23:50:10Z,semo_pub_dailyloadfcst_202609222350,9.833333333333334,1,,,,,0,,,,,0,,,,,0,,,,,0,,,,,0,,,,,0,,,,,0,533.37,2026-09-22T18:14:23Z,semo_pub_15minaggwindfcst_202609221814,345.6166666666667,1,0,4193.018,1419.814,2.08,204.605,254.74650000000003,372.545,0.5236000000000001,2026-08-31T23:00:00Z,31740.0,1,,,,0,0,1,1,1,1,1,1,1,1,,,,,,,,,,,831.8965000000001,,,,369,23.35155516365113,64.0,0.0,16,87.61717365296369,330.615,110.78800000000001,0,,,,,,,,,,,,,,,,,,,,,,,,,,,,,,,,,,,,,,,,,,,,,,,,,,,,0,0,0,0,0,0,0,0,0,1,1,1,1,1,1,1,1,1,1,1,1,1,1,1,1,1,1,1,1,1,0,0,0,1,1,1,1,1,1,1,1,1,1,1,1,1,1,1,1,0,0,0,0,0,0,1,1,1,1,1,1,1,1,1,1,1,1,1,1,1,1,1,1,1,1,1,1,1,1,1,1,1,1,1,1,1,1,1,1,1,1,1,1,1,1,1,1,1,1,1,1,1,1,1,1,1
2026-09-23T01:00:00Z,2026-09-23T00:00:00Z,60,4093.0,2026-09-22T23:50:10Z,semo_pub_dailyloadfcst_202609222350,9.833333333333334,1,616.0,2026-09-22T23:50:10Z,semo_pub_dailyloadfcst_202609222350,9.833333333333334,1,3477.0,2026-09-22T23:50:10Z,semo_pub_dailyloadfcst_202609222350,9.833333333333334,1,500.0,2026-09-22T06:00:11Z,semo_pub_dailyintconntc_202609220600,1079.8166666666666,1,530.0,2026-09-22T06:00:11Z,semo_pub_dailyintconntc_202609220600,1079.8166666666666,1,513.0,2026-09-22T06:00:11Z,semo_pub_dailyintconntc_202609220600,1079.8166666666666,1,500.0,2026-09-22T06:00:11Z,semo_pub_dailyintconntc_202609220600,1079.8166666666666,1,500.0,2026-09-22T06:00:11Z,semo_pub_dailyintconntc_202609220600,1079.8166666666666,1,504.0,2026-09-22T06:00:11Z,semo_pub_dailyintconntc_202609220600,1079.8166666666666,1,,,,,0,584.526,2026-09-22T18:14:23Z,semo_pub_15minaggwindfcst_202609221814,345.6166666666667,1,0,4193.018,1419.814,2.08,204.605,254.74650000000003,372.545,0.5236000000000001,2026-08-31T23:00:00Z,31740.0,1,,,,0,0,1,1,0,0,0,0,0,0,,,,,,,,,,,831.8965000000001,,,,369,10.328107764945768,38.0,0.0,16,93.89030691708476,364.74899999999997,154.69499999999994,0,,,,,,,,,,,,,,,,,,,,,,,,,,,,,,,,,,,,,,,,,,,,,,,,,,,,0,0,0,0,0,0,0,0,0,0,0,0,0,0,0,0,0,0,0,0,0,0,0,0,0,0,0,1,1,1,0,0,0,1,1,1,1,1,1,1,1,1,1,1,1,1,1,1,1,0,0,0,0,0,0,1,1,1,1,1,1,1,1,1,1,1,1,1,1,1,1,1,1,1,1,1,1,1,1,1,1,1,1,1,1,1,1,1,1,1,1,1,1,1,1,1,1,1,1,1,1,1,1,1,1,1
2026-09-23T01:00:00Z,2026-09-23T00:30:00Z,30,4093.0,2026-09-23T00:20:10Z,semo_pub_dailyloadfcst_202609230020,9.833333333333334,1,616.0,2026-09-23T00:20:10Z,semo_pub_dailyloadfcst_202609230020,9.833333333333334,1,3477.0,2026-09-23T00:20:10Z,semo_pub_dailyloadfcst_202609230020,9.833333333333334,1,500.0,2026-09-22T06:00:11Z,semo_pub_dailyintconntc_202609220600,1109.8166666666666,1,530.0,2026-09-22T06:00:11Z,semo_pub_dailyintconntc_202609220600,1109.8166666666666,1,513.0,2026-09-22T06:00:11Z,semo_pub_dailyintconntc_202609220600,1109.8166666666666,1,500.0,2026-09-22T06:00:11Z,semo_pub_dailyintconntc_202609220600,1109.8166666666666,1,500.0,2026-09-22T06:00:11Z,semo_pub_dailyintconntc_202609220600,1109.8166666666666,1,504.0,2026-09-22T06:00:11Z,semo_pub_dailyintconntc_202609220600,1109.8166666666666,1,,,,,0,370.996,2026-09-23T00:13:42Z,semo_pub_15minaggwindfcst_202609230013,16.3,1,0,4193.018,1419.814,2.08,204.605,254.74650000000003,372.545,0.5236000000000001,2026-08-31T23:00:00Z,31770.0,1,,,,0,0,0,1,0,0,0,0,0,0,,,,,,,,,,,831.8965000000001,,,,373,10.515103493372175,38.0,0.0,18,101.49457868075186,364.74899999999997,-184.067,0,,,,,,,,,,,,,,,,,,,,,,,,,,,,,,,,,,,,,,,,,,,,,,,,,,,,0,0,0,0,0,0,0,0,0,0,0,0,0,0,0,0,0,0,0,0,0,0,0,0,0,0,0,1,1,1,0,0,0,1,1,1,1,1,1,1,1,1,1,1,1,1,1,1,1,0,0,0,0,0,0,1,1,1,1,1,1,1,1,1,1,1,1,1,1,1,1,1,1,1,1,1,1,1,1,1,1,1,1,1,1,1,1,1,1,1,1,1,1,1,1,1,1,1,1,1,1,1,1,1,1,1
2026-09-23T01:30:00Z,2026-09-23T00:30:00Z,60,4162.0,2026-09-23T00:20:10Z,semo_pub_dailyloadfcst_202609230020,9.833333333333334,1,631.0,2026-09-23T00:20:10Z,semo_pub_dailyloadfcst_202609230020,9.833333333333334,1,3531.0,2026-09-23T00:20:10Z,semo_pub_dailyloadfcst_202609230020,9.833333333333334,1,,,,,0,,,,,0,,,,,0,,,,,0,,,,,0,,,,,0,,,,,0,416.641,2026-09-23T00:13:42Z,semo_pub_15minaggwindfcst_202609230013,16.3,1,0,4193.018,1419.814,2.08,204.605,254.74650000000003,372.545,0.5236000000000001,2026-08-31T23:00:00Z,31770.0,1,,,,0,0,0,1,1,1,1,1,1,1,,,,,,,,,,,831.8965000000001,,,,373,20.79254456896013,80.0,0.0,18,104.76784746722949,367.831,-168.87399999999997,0,,,,,,,,,,,,,,,,,,,,,,,,,,,,,,,,,,,,,,,,,,,,,,,,,,,,0,0,0,0,0,0,0,0,0,1,1,1,1,1,1,1,1,1,1,1,1,1,1,1,1,1,1,1,1,1,0,0,0,1,1,1,1,1,1,1,1,1,1,1,1,1,1,1,1,0,0,0,0,0,0,1,1,1,1,1,1,1,1,1,1,1,1,1,1,1,1,1,1,1,1,1,1,1,1,1,1,1,1,1,1,1,1,1,1,1,1,1,1,1,1,1,1,1,1,1,1,1,1,1,1,1
2026-09-23T01:30:00Z,2026-09-23T01:00:00Z,30,4162.0,2026-09-23T00:50:11Z,semo_pub_dailyloadfcst_202609230050,9.816666666666666,1,631.0,2026-09-23T00:50:11Z,semo_pub_dailyloadfcst_202609230050,9.816666666666666,1,3531.0,2026-09-23T00:50:11Z,semo_pub_dailyloadfcst_202609230050,9.816666666666666,1,,,,,0,,,,,0,,,,,0,,,,,0,,,,,0,,,,,0,,,,,0,416.641,2026-09-23T00:13:42Z,semo_pub_15minaggwindfcst_202609230013,46.3,1,0,4193.018,1419.814,2.08,204.605,254.74650000000003,372.545,0.5236000000000001,2026-08-31T23:00:00Z,31800.0,1,,,,0,0,0,1,1,1,1,1,1,1,,,,,,,,,,,831.8965000000001,,,,377,20.916347021893117,80.0,0.0,18,104.76784746722949,367.831,-168.87399999999997,0,,,,,,,,,,,,,,,,,,,,,,,,,,,,,,,,,,,,,,,,,,,,,,,,,,,,0,0,0,0,0,0,0,0,0,1,1,1,1,1,1,1,1,1,1,1,1,1,1,1,1,1,1,1,1,1,0,0,0,1,1,1,1,1,1,1,1,1,1,1,1,1,1,1,1,0,0,0,0,0,0,1,1,1,1,1,1,1,1,1,1,1,1,1,1,1,1,1,1,1,1,1,1,1,1,1,1,1,1,1,1,1,1,1,1,1,1,1,1,1,1,1,1,1,1,1,1,1,1,1,1,1
2026-09-23T02:00:00Z,2026-09-23T01:00:00Z,60,4116.0,2026-09-23T00:50:11Z,semo_pub_dailyloadfcst_202609230050,9.816666666666666,1,620.0,2026-09-23T00:50:11Z,semo_pub_dailyloadfcst_202609230050,9.816666666666666,1,3496.0,2026-09-23T00:50:11Z,semo_pub_dailyloadfcst_202609230050,9.816666666666666,1,500.0,2026-09-22T06:00:11Z,semo_pub_dailyintconntc_202609220600,1139.8166666666666,1,530.0,2026-09-22T06:00:11Z,semo_pub_dailyintconntc_202609220600,1139.8166666666666,1,513.0,2026-09-22T06:00:11Z,semo_pub_dailyintconntc_202609220600,1139.8166666666666,1,500.0,2026-09-22T06:00:11Z,semo_pub_dailyintconntc_202609220600,1139.8166666666666,1,500.0,2026-09-22T06:00:11Z,semo_pub_dailyintconntc_202609220600,1139.8166666666666,1,504.0,2026-09-22T06:00:11Z,semo_pub_dailyintconntc_202609220600,1139.8166666666666,1,,,,,0,462.269,2026-09-23T00:13:42Z,semo_pub_15minaggwindfcst_202609230013,46.3,1,0,4193.018,1419.814,2.08,204.605,254.74650000000003,372.545,0.5236000000000001,2026-08-31T23:00:00Z,31800.0,1,,,,0,0,0,1,0,0,0,0,0,0,,,,,,,,,,,831.8965000000001,,,,377,5.090925812475228,44.0,0.0,18,111.09876016550199,371.228,-153.67700000000002,0,,,,,,,,,,,,,,,,,,,,,,,,,,,,,,,,,,,,,,,,,,,,,,,,,,,,0,0,0,0,0,0,0,0,0,0,0,0,0,0,0,0,0,0,0,0,0,0,0,0,0,0,0,1,1,1,0,0,0,1,1,1,1,1,1,1,1,1,1,1,1,1,1,1,1,0,0,0,0,0,0,1,1,1,1,1,1,1,1,1,1,1,1,1,1,1,1,1,1,1,1,1,1,1,1,1,1,1,1,1,1,1,1,1,1,1,1,1,1,1,1,1,1,1,1,1,1,1,1,1,1,1
2026-09-23T02:00:00Z,2026-09-23T01:30:00Z,30,4116.0,2026-09-23T01:20:11Z,semo_pub_dailyloadfcst_202609230120,9.816666666666666,1,620.0,2026-09-23T01:20:11Z,semo_pub_dailyloadfcst_202609230120,9.816666666666666,1,3496.0,2026-09-23T01:20:11Z,semo_pub_dailyloadfcst_202609230120,9.816666666666666,1,500.0,2026-09-22T06:00:11Z,semo_pub_dailyintconntc_202609220600,1169.8166666666666,1,530.0,2026-09-22T06:00:11Z,semo_pub_dailyintconntc_202609220600,1169.8166666666666,1,513.0,2026-09-22T06:00:11Z,semo_pub_dailyintconntc_202609220600,1169.8166666666666,1,500.0,2026-09-22T06:00:11Z,semo_pub_dailyintconntc_202609220600,1169.8166666666666,1,500.0,2026-09-22T06:00:11Z,semo_pub_dailyintconntc_202609220600,1169.8166666666666,1,504.0,2026-09-22T06:00:11Z,semo_pub_dailyintconntc_202609220600,1169.8166666666666,1,,,,,0,462.269,2026-09-23T00:13:42Z,semo_pub_15minaggwindfcst_202609230013,76.3,1,0,4193.018,1419.814,2.08,204.605,254.74650000000003,372.545,0.5236000000000001,2026-08-31T23:00:00Z,31830.0,1,,,,0,0,0,1,0,0,0,0,0,0,,,,,,,,,,,831.8965000000001,,,,381,5.066625768174188,44.0,0.0,18,111.09876016550199,371.228,-153.67700000000002,0,,,,,,,,,,,,,,,,,,,,,,,,,,,,,,,,,,,,,,,,,,,,,,,,,,,,0,0,0,0,0,0,0,0,0,0,0,0,0,0,0,0,0,0,0,0,0,0,0,0,0,0,0,1,1,1,0,0,0,1,1,1,1,1,1,1,1,1,1,1,1,1,1,1,1,0,0,0,0,0,0,1,1,1,1,1,1,1,1,1,1,1,1,1,1,1,1,1,1,1,1,1,1,1,1,1,1,1,1,1,1,1,1,1,1,1,1,1,1,1,1,1,1,1,1,1,1,1,1,1,1,1
2026-09-23T02:30:00Z,2026-09-23T01:30:00Z,60,4092.0,2026-09-23T01:20:11Z,semo_pub_dailyloadfcst_202609230120,9.816666666666666,1,616.0,2026-09-23T01:20:11Z,semo_pub_dailyloadfcst_202609230120,9.816666666666666,1,3476.0,2026-09-23T01:20:11Z,semo_pub_dailyloadfcst_202609230120,9.816666666666666,1,,,,,0,,,,,0,,,,,0,,,,,0,,,,,0,,,,,0,,,,,0,546.519,2026-09-23T00:13:42Z,semo_pub_15minaggwindfcst_202609230013,76.3,1,0,4193.018,1419.814,2.08,204.605,254.74650000000003,372.545,0.5236000000000001,2026-08-31T23:00:00Z,31830.0,1,,,,0,0,0,1,1,1,1,1,1,1,,,,,,,,,,,831.8965000000001,,,,381,11.948550157614733,37.0,0.0,18,114.09572165133488,354.33399999999995,-73.66700000000003,0,,,,,,,,,,,,,,,,,,,,,,,,,,,,,,,,,,,,,,,,,,,,,,,,,,,,0,0,0,0,0,0,0,0,0,1,1,1,1,1,1,1,1,1,1,1,1,1,1,1,1,1,1,1,1,1,0,0,0,1,1,1,1,1,1,1,1,1,1,1,1,1,1,1,1,0,0,0,0,0,0,1,1,1,1,1,1,1,1,1,1,1,1,1,1,1,1,1,1,1,1,1,1,1,1,1,1,1,1,1,1,1,1,1,1,1,1,1,1,1,1,1,1,1,1,1,1,1,1,1,1,1
2026-09-23T02:30:00Z,2026-09-23T02:00:00Z,30,4092.0,2026-09-23T01:50:11Z,semo_pub_dailyloadfcst_202609230150,9.816666666666666,1,616.0,2026-09-23T01:50:11Z,semo_pub_dailyloadfcst_202609230150,9.816666666666666,1,3476.0,2026-09-23T01:50:11Z,semo_pub_dailyloadfcst_202609230150,9.816666666666666,1,,,,,0,,,,,0,,,,,0,,,,,0,,,,,0,,,,,0,,,,,0,546.519,2026-09-23T00:13:42Z,semo_pub_15minaggwindfcst_202609230013,106.3,1,0,4193.018,1419.814,2.08,204.605,254.74650000000003,372.545,0.5236000000000001,2026-08-31T23:00:00Z,31860.0,1,,,,0,0,0,1,1,1,1,1,1,1,,,,,,,,,,,831.8965000000001,,,,385,12.044003203074777,37.0,0.0,18,114.09572165133488,354.33399999999995,-73.66700000000003,0,,,,,,,,,,,,,,,,,,,,,,,,,,,,,,,,,,,,,,,,,,,,,,,,,,,,0,0,0,0,0,0,0,0,0,1,1,1,1,1,1,1,1,1,1,1,1,1,1,1,1,1,1,1,1,1,0,0,0,1,1,1,1,1,1,1,1,1,1,1,1,1,1,1,1,0,0,0,0,0,0,1,1,1,1,1,1,1,1,1,1,1,1,1,1,1,1,1,1,1,1,1,1,1,1,1,1,1,1,1,1,1,1,1,1,1,1,1,1,1,1,1,1,1,1,1,1,1,1,1,1,1
2026-09-23T03:00:00Z,2026-09-23T02:00:00Z,60,4070.0,2026-09-23T01:50:11Z,semo_pub_dailyloadfcst_202609230150,9.816666666666666,1,610.0,2026-09-23T01:50:11Z,semo_pub_dailyloadfcst_202609230150,9.816666666666666,1,3460.0,2026-09-23T01:50:11Z,semo_pub_dailyloadfcst_202609230150,9.816666666666666,1,500.0,2026-09-22T06:00:11Z,semo_pub_dailyintconntc_202609220600,1199.8166666666666,1,530.0,2026-09-22T06:00:11Z,semo_pub_dailyintconntc_202609220600,1199.8166666666666,1,513.0,2026-09-22T06:00:11Z,semo_pub_dailyintconntc_202609220600,1199.8166666666666,1,500.0,2026-09-22T06:00:11Z,semo_pub_dailyintconntc_202609220600,1199.8166666666666,1,500.0,2026-09-22T06:00:11Z,semo_pub_dailyintconntc_202609220600,1199.8166666666666,1,504.0,2026-09-22T06:00:11Z,semo_pub_dailyintconntc_202609220600,1199.8166666666666,1,,,,,0,630.761,2026-09-23T00:13:42Z,semo_pub_15minaggwindfcst_202609230013,106.3,1,0,4193.018,1419.814,2.08,204.605,254.74650000000003,372.545,0.5236000000000001,2026-08-31T23:00:00Z,31860.0,1,,,,0,0,0,1,0,0,0,0,0,0,,,,,,,,,,,831.8965000000001,,,,385,25.766853783910115,65.0,0.0,18,122.30402074985207,408.34600000000006,6.3559999999999945,0,,,,,,,,,,,,,,,,,,,,,,,,,,,,,,,,,,,,,,,,,,,,,,,,,,,,0,0,0,0,0,0,0,0,0,0,0,0,0,0,0,0,0,0,0,0,0,0,0,0,0,0,0,1,1,1,0,0,0,1,1,1,1,1,1,1,1,1,1,1,1,1,1,1,1,0,0,0,0,0,0,1,1,1,1,1,1,1,1,1,1,1,1,1,1,1,1,1,1,1,1,1,1,1,1,1,1,1,1,1,1,1,1,1,1,1,1,1,1,1,1,1,1,1,1,1,1,1,1,1,1,1
2026-09-23T03:00:00Z,2026-09-23T02:30:00Z,30,4070.0,2026-09-23T02:20:16Z,semo_pub_dailyloadfcst_202609230220,9.733333333333333,1,610.0,2026-09-23T02:20:16Z,semo_pub_dailyloadfcst_202609230220,9.733333333333333,1,3460.0,2026-09-23T02:20:16Z,semo_pub_dailyloadfcst_202609230220,9.733333333333333,1,500.0,2026-09-22T06:00:11Z,semo_pub_dailyintconntc_202609220600,1229.8166666666666,1,530.0,2026-09-22T06:00:11Z,semo_pub_dailyintconntc_202609220600,1229.8166666666666,1,513.0,2026-09-22T06:00:11Z,semo_pub_dailyintconntc_202609220600,1229.8166666666666,1,500.0,2026-09-22T06:00:11Z,semo_pub_dailyintconntc_202609220600,1229.8166666666666,1,500.0,2026-09-22T06:00:11Z,semo_pub_dailyintconntc_202609220600,1229.8166666666666,1,504.0,2026-09-22T06:00:11Z,semo_pub_dailyintconntc_202609220600,1229.8166666666666,1,,,,,0,630.761,2026-09-23T00:13:42Z,semo_pub_15minaggwindfcst_202609230013,136.3,1,0,4193.018,1419.814,2.08,204.605,254.74650000000003,372.545,0.5236000000000001,2026-08-31T23:00:00Z,31890.0,1,,,,0,0,1,1,0,0,0,0,0,0,,,,,,,,,,,831.8965000000001,,,,389,25.978982676828178,65.0,0.0,18,122.30402074985207,408.34600000000006,6.3559999999999945,0,,,,,,,,,,,,,,,,,,,,,,,,,,,,,,,,,,,,,,,,,,,,,,,,,,,,0,0,0,0,0,0,0,0,0,0,0,0,0,0,0,0,0,0,0,0,0,0,0,0,0,0,0,1,1,1,0,0,0,1,1,1,1,1,1,1,1,1,1,1,1,1,1,1,1,0,0,0,0,0,0,1,1,1,1,1,1,1,1,1,1,1,1,1,1,1,1,1,1,1,1,1,1,1,1,1,1,1,1,1,1,1,1,1,1,1,1,1,1,1,1,1,1,1,1,1,1,1,1,1,1,1
2026-09-23T03:30:00Z,2026-09-23T02:30:00Z,60,4061.0,2026-09-23T02:20:16Z,semo_pub_dailyloadfcst_202609230220,9.733333333333333,1,611.0,2026-09-23T02:20:16Z,semo_pub_dailyloadfcst_202609230220,9.733333333333333,1,3450.0,2026-09-23T02:20:16Z,semo_pub_dailyloadfcst_202609230220,9.733333333333333,1,,,,,0,,,,,0,,,,,0,,,,,0,,,,,0,,,,,0,,,,,0,662.176,2026-09-23T00:13:42Z,semo_pub_15minaggwindfcst_202609230013,136.3,1,0,4193.018,1419.814,2.08,204.605,254.74650000000003,372.545,0.5236000000000001,2026-08-31T23:00:00Z,31890.0,1,,,,0,0,1,1,1,1,1,1,1,1,,,,,,,,,,,831.8965000000001,,,,389,46.845607481587045,111.0,0.0,18,130.4217315725635,457.984,-11.891999999999939,0,,,,,,,,,,,,,,,,,,,,,,,,,,,,,,,,,,,,,,,,,,,,,,,,,,,,0,0,0,0,0,0,0,0,0,1,1,1,1,1,1,1,1,1,1,1,1,1,1,1,1,1,1,1,1,1,0,0,0,1,1,1,1,1,1,1,1,1,1,1,1,1,1,1,1,0,0,0,0,0,0,1,1,1,1,1,1,1,1,1,1,1,1,1,1,1,1,1,1,1,1,1,1,1,1,1,1,1,1,1,1,1,1,1,1,1,1,1,1,1,1,1,1,1,1,1,1,1,1,1,1,1
2026-09-23T03:30:00Z,2026-09-23T03:00:00Z,30,4061.0,2026-09-23T02:50:11Z,semo_pub_dailyloadfcst_202609230250,9.816666666666666,1,611.0,2026-09-23T02:50:11Z,semo_pub_dailyloadfcst_202609230250,9.816666666666666,1,3450.0,2026-09-23T02:50:11Z,semo_pub_dailyloadfcst_202609230250,9.816666666666666,1,,,,,0,,,,,0,,,,,0,,,,,0,,,,,0,,,,,0,,,,,0,662.176,2026-09-23T00:13:42Z,semo_pub_15minaggwindfcst_202609230013,166.3,1,0,4193.018,1419.814,2.08,204.605,254.74650000000003,372.545,0.5236000000000001,2026-08-31T23:00:00Z,31920.0,1,,,,0,0,1,1,1,1,1,1,1,1,,,,,,,,,,,831.8965000000001,,,,393,47.20973109428696,111.0,0.0,18,130.4217315725635,457.984,-11.891999999999939,0,,,,,,,,,,,,,,,,,,,,,,,,,,,,,,,,,,,,,,,,,,,,,,,,,,,,0,0,0,0,0,0,0,0,0,1,1,1,1,1,1,1,1,1,1,1,1,1,1,1,1,1,1,1,1,1,0,0,0,1,1,1,1,1,1,1,1,1,1,1,1,1,1,1,1,0,0,0,0,0,0,1,1,1,1,1,1,1,1,1,1,1,1,1,1,1,1,1,1,1,1,1,1,1,1,1,1,1,1,1,1,1,1,1,1,1,1,1,1,1,1,1,1,1,1,1,1,1,1,1,1,1
2026-09-23T04:00:00Z,2026-09-23T03:00:00Z,60,4075.0,2026-09-23T02:50:11Z,semo_pub_dailyloadfcst_202609230250,9.816666666666666,1,616.0,2026-09-23T02:50:11Z,semo_pub_dailyloadfcst_202609230250,9.816666666666666,1,3459.0,2026-09-23T02:50:11Z,semo_pub_dailyloadfcst_202609230250,9.816666666666666,1,500.0,2026-09-22T06:00:11Z,semo_pub_dailyintconntc_202609220600,1259.8166666666666,1,530.0,2026-09-22T06:00:11Z,semo_pub_dailyintconntc_202609220600,1259.8166666666666,1,513.0,2026-09-22T06:00:11Z,semo_pub_dailyintconntc_202609220600,1259.8166666666666,1,500.0,2026-09-22T06:00:11Z,semo_pub_dailyintconntc_202609220600,1259.8166666666666,1,500.0,2026-09-22T06:00:11Z,semo_pub_dailyintconntc_202609220600,1259.8166666666666,1,504.0,2026-09-22T06:00:11Z,semo_pub_dailyintconntc_202609220600,1259.8166666666666,1,,,,,0,693.606,2026-09-23T00:13:42Z,semo_pub_15minaggwindfcst_202609230013,166.3,1,0,4193.018,1419.814,2.08,204.605,254.74650000000003,372.545,0.5236000000000001,2026-08-31T23:00:00Z,31920.0,1,,,,0,0,1,1,0,0,0,0,0,0,,,,,,,,,,,831.8965000000001,,,,393,39.88485748907278,98.0,0.0,18,141.5756012437991,507.643,-30.133000000000038,0,,,,,,,,,,,,,,,,,,,,,,,,,,,,,,,,,,,,,,,,,,,,,,,,,,,,0,0,0,0,0,0,0,0,0,0,0,0,0,0,0,0,0,0,0,0,0,0,0,0,0,0,0,1,1,1,0,0,0,1,1,1,1,1,1,1,1,1,1,1,1,1,1,1,1,0,0,0,0,0,0,1,1,1,1,1,1,1,1,1,1,1,1,1,1,1,1,1,1,1,1,1,1,1,1,1,1,1,1,1,1,1,1,1,1,1,1,1,1,1,1,1,1,1,1,1,1,1,1,1,1,1
2026-09-23T04:00:00Z,2026-09-23T03:30:00Z,30,4075.0,2026-09-23T03:20:10Z,semo_pub_dailyloadfcst_202609230320,9.833333333333334,1,616.0,2026-09-23T03:20:10Z,semo_pub_dailyloadfcst_202609230320,9.833333333333334,1,3459.0,2026-09-23T03:20:10Z,semo_pub_dailyloadfcst_202609230320,9.833333333333334,1,500.0,2026-09-22T06:00:11Z,semo_pub_dailyintconntc_202609220600,1289.8166666666666,1,530.0,2026-09-22T06:00:11Z,semo_pub_dailyintconntc_202609220600,1289.8166666666666,1,513.0,2026-09-22T06:00:11Z,semo_pub_dailyintconntc_202609220600,1289.8166666666666,1,500.0,2026-09-22T06:00:11Z,semo_pub_dailyintconntc_202609220600,1289.8166666666666,1,500.0,2026-09-22T06:00:11Z,semo_pub_dailyintconntc_202609220600,1289.8166666666666,1,504.0,2026-09-22T06:00:11Z,semo_pub_dailyintconntc_202609220600,1289.8166666666666,1,,,,,0,693.606,2026-09-23T00:13:42Z,semo_pub_15minaggwindfcst_202609230013,196.3,1,0,4193.018,1419.814,2.08,204.605,254.74650000000003,372.545,0.5236000000000001,2026-08-31T23:00:00Z,31950.0,1,,,,0,0,1,1,0,0,0,0,0,0,,,,,,,,,,,831.8965000000001,,,,397,40.1468106987175,98.0,0.0,18,141.5756012437991,507.643,-30.133000000000038,0,,,,,,,,,,,,,,,,,,,,,,,,,,,,,,,,,,,,,,,,,,,,,,,,,,,,0,0,0,0,0,0,0,0,0,0,0,0,0,0,0,0,0,0,0,0,0,0,0,0,0,0,0,1,1,1,0,0,0,1,1,1,1,1,1,1,1,1,1,1,1,1,1,1,1,0,0,0,0,0,0,1,1,1,1,1,1,1,1,1,1,1,1,1,1,1,1,1,1,1,1,1,1,1,1,1,1,1,1,1,1,1,1,1,1,1,1,1,1,1,1,1,1,1,1,1,1,1,1,1,1,1
2026-09-23T04:30:00Z,2026-09-23T03:30:00Z,60,4156.0,2026-09-23T03:20:10Z,semo_pub_dailyloadfcst_202609230320,9.833333333333334,1,635.0,2026-09-23T03:20:10Z,semo_pub_dailyloadfcst_202609230320,9.833333333333334,1,3521.0,2026-09-23T03:20:10Z,semo_pub_dailyloadfcst_202609230320,9.833333333333334,1,,,,,0,,,,,0,,,,,0,,,,,0,,,,,0,,,,,0,,,,,0,712.768,2026-09-23T00:13:42Z,semo_pub_15minaggwindfcst_202609230013,196.3,1,0,4193.018,1419.814,2.08,204.605,254.74650000000003,372.545,0.5236000000000001,2026-08-31T23:00:00Z,31950.0,1,,,,0,0,1,1,1,1,1,1,1,1,,,,,,,,,,,831.8965000000001,,,,397,42.10424510869644,100.0,0.0,18,140.44713279702196,531.629,-30.831999999999994,0,,,,,,,,,,,,,,,,,,,,,,,,,,,,,,,,,,,,,,,,,,,,,,,,,,,,0,0,0,0,0,0,0,0,0,1,1,1,1,1,1,1,1,1,1,1,1,1,1,1,1,1,1,1,1,1,0,0,0,1,1,1,1,1,1,1,1,1,1,1,1,1,1,1,1,0,0,0,0,0,0,1,1,1,1,1,1,1,1,1,1,1,1,1,1,1,1,1,1,1,1,1,1,1,1,1,1,1,1,1,1,1,1,1,1,1,1,1,1,1,1,1,1,1,1,1,1,1,1,1,1,1
2026-09-23T04:30:00Z,2026-09-23T04:00:00Z,30,4206.0,2026-09-23T03:50:05Z,semo_pub_dailyloadfcst_202609230350,9.916666666666666,1,635.0,2026-09-23T03:50:05Z,semo_pub_dailyloadfcst_202609230350,9.916666666666666,1,3571.0,2026-09-23T03:50:05Z,semo_pub_dailyloadfcst_202609230350,9.916666666666666,1,,,,,0,,,,,0,,,,,0,,,,,0,,,,,0,,,,,0,,,,,0,712.768,2026-09-23T00:13:42Z,semo_pub_15minaggwindfcst_202609230013,226.3,1,0,4193.018,1419.814,2.08,204.605,254.74650000000003,372.545,0.5236000000000001,2026-08-31T23:00:00Z,31980.0,1,,,,0,0,1,1,1,1,1,1,1,1,,,,,,,,,,,831.8965000000001,,,,401,42.874212044885276,150.0,0.0,18,140.44713279702196,531.629,-30.831999999999994,0,,,,,,,,,,,,,,,,,,,,,,,,,,,,,,,,,,,,,,,,,,,,,,,,,,,,0,0,0,0,0,0,0,0,0,1,1,1,1,1,1,1,1,1,1,1,1,1,1,1,1,1,1,1,1,1,0,0,0,1,1,1,1,1,1,1,1,1,1,1,1,1,1,1,1,0,0,0,0,0,0,1,1,1,1,1,1,1,1,1,1,1,1,1,1,1,1,1,1,1,1,1,1,1,1,1,1,1,1,1,1,1,1,1,1,1,1,1,1,1,1,1,1,1,1,1,1,1,1,1,1,1
2026-09-23T05:00:00Z,2026-09-23T04:00:00Z,60,4376.0,2026-09-23T03:50:05Z,semo_pub_dailyloadfcst_202609230350,9.916666666666666,1,687.0,2026-09-23T03:50:05Z,semo_pub_dailyloadfcst_202609230350,9.916666666666666,1,3689.0,2026-09-23T03:50:05Z,semo_pub_dailyloadfcst_202609230350,9.916666666666666,1,500.0,2026-09-22T06:00:11Z,semo_pub_dailyintconntc_202609220600,1319.8166666666666,1,530.0,2026-09-22T06:00:11Z,semo_pub_dailyintconntc_202609220600,1319.8166666666666,1,513.0,2026-09-22T06:00:11Z,semo_pub_dailyintconntc_202609220600,1319.8166666666666,1,500.0,2026-09-22T06:00:11Z,semo_pub_dailyintconntc_202609220600,1319.8166666666666,1,500.0,2026-09-22T06:00:11Z,semo_pub_dailyintconntc_202609220600,1319.8166666666666,1,504.0,2026-09-22T06:00:11Z,semo_pub_dailyintconntc_202609220600,1319.8166666666666,1,,,,,0,731.953,2026-09-23T00:13:42Z,semo_pub_15minaggwindfcst_202609230013,226.3,1,0,4193.018,1419.814,2.08,204.605,254.74650000000003,372.545,0.5236000000000001,2026-08-31T23:00:00Z,31980.0,1,,,,0,0,1,1,0,0,0,0,0,0,,,,,,,,,,,831.8965000000001,,,,401,53.520634855712295,171.0,0.0,18,140.8495092974093,555.5909999999999,-31.48700000000008,0,,,,,,,,,,,,,,,,,,,,,,,,,,,,,,,,,,,,,,,,,,,,,,,,,,,,0,0,0,0,0,0,0,0,0,0,0,0,0,0,0,0,0,0,0,0,0,0,0,0,0,0,0,1,1,1,0,0,0,1,1,1,1,1,1,1,1,1,1,1,1,1,1,1,1,0,0,0,0,0,0,1,1,1,1,1,1,1,1,1,1,1,1,1,1,1,1,1,1,1,1,1,1,1,1,1,1,1,1,1,1,1,1,1,1,1,1,1,1,1,1,1,1,1,1,1,1,1,1,1,1,1
2026-09-23T05:00:00Z,2026-09-23T04:30:00Z,30,4376.0,2026-09-23T04:20:11Z,semo_pub_dailyloadfcst_202609230420,9.816666666666666,1,687.0,2026-09-23T04:20:11Z,semo_pub_dailyloadfcst_202609230420,9.816666666666666,1,3689.0,2026-09-23T04:20:11Z,semo_pub_dailyloadfcst_202609230420,9.816666666666666,1,500.0,2026-09-22T06:00:11Z,semo_pub_dailyintconntc_202609220600,1349.8166666666666,1,530.0,2026-09-22T06:00:11Z,semo_pub_dailyintconntc_202609220600,1349.8166666666666,1,513.0,2026-09-22T06:00:11Z,semo_pub_dailyintconntc_202609220600,1349.8166666666666,1,500.0,2026-09-22T06:00:11Z,semo_pub_dailyintconntc_202609220600,1349.8166666666666,1,500.0,2026-09-22T06:00:11Z,semo_pub_dailyintconntc_202609220600,1349.8166666666666,1,504.0,2026-09-22T06:00:11Z,semo_pub_dailyintconntc_202609220600,1349.8166666666666,1,,,,,0,731.953,2026-09-23T00:13:42Z,semo_pub_15minaggwindfcst_202609230013,256.3,1,0,4193.018,1419.814,2.08,204.605,254.74650000000003,372.545,0.5236000000000001,2026-08-31T23:00:00Z,32010.0,1,,,,0,0,1,1,0,0,0,0,0,0,,,,,,,,,,,831.8965000000001,,,,405,54.79054295234398,171.0,0.0,18,140.8495092974093,555.5909999999999,-31.48700000000008,0,,,,,,,,,,,,,,,,,,,,,,,,,,,,,,,,,,,,,,,,,,,,,,,,,,,,0,0,0,0,0,0,0,0,0,0,0,0,0,0,0,0,0,0,0,0,0,0,0,0,0,0,0,1,1,1,0,0,0,1,1,1,1,1,1,1,1,1,1,1,1,1,1,1,1,0,0,0,0,0,0,1,1,1,1,1,1,1,1,1,1,1,1,1,1,1,1,1,1,1,1,1,1,1,1,1,1,1,1,1,1,1,1,1,1,1,1,1,1,1,1,1,1,1,1,1,1,1,1,1,1,1
2026-09-23T05:30:00Z,2026-09-23T04:30:00Z,60,4676.0,2026-09-23T04:20:11Z,semo_pub_dailyloadfcst_202609230420,9.816666666666666,1,770.0,2026-09-23T04:20:11Z,semo_pub_dailyloadfcst_202609230420,9.816666666666666,1,3906.0,2026-09-23T04:20:11Z,semo_pub_dailyloadfcst_202609230420,9.816666666666666,1,,,,,0,,,,,0,,,,,0,,,,,0,,,,,0,,,,,0,,,,,0,735.936,2026-09-23T00:13:42Z,semo_pub_15minaggwindfcst_202609230013,256.3,1,0,4193.018,1419.814,2.08,204.605,254.74650000000003,372.545,0.5236000000000001,2026-08-31T23:00:00Z,32010.0,1,,,,0,0,1,1,1,1,1,1,1,1,,,,,,,,,,,831.8965000000001,,,,405,72.34362378574836,207.0,0.0,18,129.44883530107776,551.4150000000001,-18.164999999999964,0,,,,,,,,,,,,,,,,,,,,,,,,,,,,,,,,,,,,,,,,,,,,,,,,,,,,0,0,0,0,0,0,0,0,0,1,1,1,1,1,1,1,1,1,1,1,1,1,1,1,1,1,1,1,1,1,0,0,0,1,1,1,1,1,1,1,1,1,1,1,1,1,1,1,1,0,0,0,0,0,0,1,1,1,1,1,1,1,1,1,1,1,1,1,1,1,1,1,1,1,1,1,1,1,1,1,1,1,1,1,1,1,1,1,1,1,1,1,1,1,1,1,1,1,1,1,1,1,1,1,1,1
2026-09-23T05:30:00Z,2026-09-23T05:00:00Z,30,4676.0,2026-09-23T04:50:15Z,semo_pub_dailyloadfcst_202609230450,9.75,1,770.0,2026-09-23T04:50:15Z,semo_pub_dailyloadfcst_202609230450,9.75,1,3906.0,2026-09-23T04:50:15Z,semo_pub_dailyloadfcst_202609230450,9.75,1,,,,,0,,,,,0,,,,,0,,,,,0,,,,,0,,,,,0,,,,,0,735.936,2026-09-23T00:13:42Z,semo_pub_15minaggwindfcst_202609230013,286.3,1,0,4193.018,1419.814,2.08,204.605,254.74650000000003,372.545,0.5236000000000001,2026-08-31T23:00:00Z,32040.0,1,,,,0,0,1,1,1,1,1,1,1,1,,,,,,,,,,,831.8965000000001,,,,409,73.51841022368654,207.0,0.0,18,129.44883530107776,551.4150000000001,-18.164999999999964,0,,,,,,,,,,,,,,,,,,,,,,,,,,,,,,,,,,,,,,,,,,,,,,,,,,,,0,0,0,0,0,0,0,0,0,1,1,1,1,1,1,1,1,1,1,1,1,1,1,1,1,1,1,1,1,1,0,0,0,1,1,1,1,1,1,1,1,1,1,1,1,1,1,1,1,0,0,0,0,0,0,1,1,1,1,1,1,1,1,1,1,1,1,1,1,1,1,1,1,1,1,1,1,1,1,1,1,1,1,1,1,1,1,1,1,1,1,1,1,1,1,1,1,1,1,1,1,1,1,1,1,1
2026-09-23T06:00:00Z,2026-09-23T05:00:00Z,60,5037.0,2026-09-23T04:50:15Z,semo_pub_dailyloadfcst_202609230450,9.75,1,866.0,2026-09-23T04:50:15Z,semo_pub_dailyloadfcst_202609230450,9.75,1,4171.0,2026-09-23T04:50:15Z,semo_pub_dailyloadfcst_202609230450,9.75,1,500.0,2026-09-22T06:00:11Z,semo_pub_dailyintconntc_202609220600,1379.8166666666666,1,530.0,2026-09-22T06:00:11Z,semo_pub_dailyintconntc_202609220600,1379.8166666666666,1,513.0,2026-09-22T06:00:11Z,semo_pub_dailyintconntc_202609220600,1379.8166666666666,1,500.0,2026-09-22T06:00:11Z,semo_pub_dailyintconntc_202609220600,1379.8166666666666,1,500.0,2026-09-22T06:00:11Z,semo_pub_dailyintconntc_202609220600,1379.8166666666666,1,504.0,2026-09-22T06:00:11Z,semo_pub_dailyintconntc_202609220600,1379.8166666666666,1,,,,,0,739.918,2026-09-23T00:13:42Z,semo_pub_15minaggwindfcst_202609230013,286.3,1,0,4193.018,1419.814,2.08,204.605,254.74650000000003,372.545,0.5236000000000001,2026-08-31T23:00:00Z,32040.0,1,,,,0,0,1,1,0,0,0,0,0,0,,,,,,,,,,,831.8965000000001,,,,409,78.743242500479,222.0,0.0,18,122.98378579213372,547.2449999999999,-4.842999999999961,0,,,,,,,,,,,,,,,,,,,,,,,,,,,,,,,,,,,,,,,,,,,,,,,,,,,,0,0,0,0,0,0,0,0,0,0,0,0,0,0,0,0,0,0,0,0,0,0,0,0,0,0,0,1,1,1,0,0,0,1,1,1,1,1,1,1,1,1,1,1,1,1,1,1,1,0,0,0,0,0,0,1,1,1,1,1,1,1,1,1,1,1,1,1,1,1,1,1,1,1,1,1,1,1,1,1,1,1,1,1,1,1,1,1,1,1,1,1,1,1,1,1,1,1,1,1,1,1,1,1,1,1
2026-09-23T06:00:00Z,2026-09-23T05:30:00Z,30,5037.0,2026-09-23T05:20:10Z,semo_pub_dailyloadfcst_202609230520,9.833333333333334,1,866.0,2026-09-23T05:20:10Z,semo_pub_dailyloadfcst_202609230520,9.833333333333334,1,4171.0,2026-09-23T05:20:10Z,semo_pub_dailyloadfcst_202609230520,9.833333333333334,1,500.0,2026-09-22T06:00:11Z,semo_pub_dailyintconntc_202609220600,1409.8166666666666,1,530.0,2026-09-22T06:00:11Z,semo_pub_dailyintconntc_202609220600,1409.8166666666666,1,513.0,2026-09-22T06:00:11Z,semo_pub_dailyintconntc_202609220600,1409.8166666666666,1,500.0,2026-09-22T06:00:11Z,semo_pub_dailyintconntc_202609220600,1409.8166666666666,1,500.0,2026-09-22T06:00:11Z,semo_pub_dailyintconntc_202609220600,1409.8166666666666,1,504.0,2026-09-22T06:00:11Z,semo_pub_dailyintconntc_202609220600,1409.8166666666666,1,,,,,0,739.918,2026-09-23T00:13:42Z,semo_pub_15minaggwindfcst_202609230013,316.3,1,0,4193.018,1419.814,2.08,204.605,254.74650000000003,372.545,0.5236000000000001,2026-08-31T23:00:00Z,32070.0,1,,,,0,0,1,1,0,0,0,0,0,0,,,,,,,,,,,831.8965000000001,,,,413,79.89849344431425,222.0,0.0,18,122.98378579213372,547.2449999999999,-4.842999999999961,0,,,,,,,,,,,,,,,,,,,,,,,,,,,,,,,,,,,,,,,,,,,,,,,,,,,,0,0,0,0,0,0,0,0,0,0,0,0,0,0,0,0,0,0,0,0,0,0,0,0,0,0,0,1,1,1,0,0,0,1,1,1,1,1,1,1,1,1,1,1,1,1,1,1,1,0,0,0,0,0,0,1,1,1,1,1,1,1,1,1,1,1,1,1,1,1,1,1,1,1,1,1,1,1,1,1,1,1,1,1,1,1,1,1,1,1,1,1,1,1,1,1,1,1,1,1,1,1,1,1,1,1
2026-09-23T06:30:00Z,2026-09-23T05:30:00Z,60,5425.0,2026-09-23T05:20:10Z,semo_pub_dailyloadfcst_202609230520,9.833333333333334,1,951.0,2026-09-23T05:20:10Z,semo_pub_dailyloadfcst_202609230520,9.833333333333334,1,4474.0,2026-09-23T05:20:10Z,semo_pub_dailyloadfcst_202609230520,9.833333333333334,1,,,,,0,,,,,0,,,,,0,,,,,0,,,,,0,,,,,0,,,,,0,736.977,2026-09-23T00:13:42Z,semo_pub_15minaggwindfcst_202609230013,316.3,1,0,4193.018,1419.814,2.08,204.605,254.74650000000003,372.545,0.5236000000000001,2026-08-31T23:00:00Z,32070.0,1,,,,0,0,1,1,1,1,1,1,1,1,,,,,,,,,,,831.8965000000001,,,,413,93.49271531333714,244.0,0.0,18,119.93919943800796,517.4420000000001,8.201999999999998,0,,,,,,,,,,,,,,,,,,,,,,,,,,,,,,,,,,,,,,,,,,,,,,,,,,,,0,0,0,0,0,0,0,0,0,1,1,1,1,1,1,1,1,1,1,1,1,1,1,1,1,1,1,1,1,1,0,0,0,1,1,1,1,1,1,1,1,1,1,1,1,1,1,1,1,0,0,0,0,0,0,1,1,1,1,1,1,1,1,1,1,1,1,1,1,1,1,1,1,1,1,1,1,1,1,1,1,1,1,1,1,1,1,1,1,1,1,1,1,1,1,1,1,1,1,1,1,1,1,1,1,1
2026-09-23T06:30:00Z,2026-09-23T06:00:00Z,30,5425.0,2026-09-23T05:50:11Z,semo_pub_dailyloadfcst_202609230550,9.816666666666666,1,951.0,2026-09-23T05:50:11Z,semo_pub_dailyloadfcst_202609230550,9.816666666666666,1,4474.0,2026-09-23T05:50:11Z,semo_pub_dailyloadfcst_202609230550,9.816666666666666,1,,,,,0,,,,,0,,,,,0,,,,,0,,,,,0,,,,,0,,,,,0,736.977,2026-09-23T00:13:42Z,semo_pub_15minaggwindfcst_202609230013,346.3,1,0,4193.018,1419.814,2.08,204.605,254.74650000000003,372.545,0.5236000000000001,2026-08-31T23:00:00Z,32100.0,1,,,,0,0,1,1,1,1,1,1,1,1,,,,,,,,,,,831.8965000000001,,,,417,94.4640995706273,244.0,0.0,18,119.93919943800796,517.4420000000001,8.201999999999998,0,,,,,,,,,,,,,,,,,,,,,,,,,,,,,,,,,,,,,,,,,,,,,,,,,,,,0,0,0,0,0,0,0,0,0,1,1,1,1,1,1,1,1,1,1,1,1,1,1,1,1,1,1,1,1,1,0,0,0,1,1,1,1,1,1,1,1,1,1,1,1,1,1,1,1,0,0,0,0,0,0,1,1,1,1,1,1,1,1,1,1,1,1,1,1,1,1,1,1,1,1,1,1,1,1,1,1,1,1,1,1,1,1,1,1,1,1,1,1,1,1,1,1,1,1,1,1,1,1,1,1,1
2026-09-23T07:00:00Z,2026-09-23T06:00:00Z,60,5600.0,2026-09-23T05:50:11Z,semo_pub_dailyloadfcst_202609230550,9.816666666666666,1,1011.0,2026-09-23T05:50:11Z,semo_pub_dailyloadfcst_202609230550,9.816666666666666,1,4589.0,2026-09-23T05:50:11Z,semo_pub_dailyloadfcst_202609230550,9.816666666666666,1,500.0,2026-09-22T06:00:11Z,semo_pub_dailyintconntc_202609220600,1439.8166666666666,1,530.0,2026-09-22T06:00:11Z,semo_pub_dailyintconntc_202609220600,1439.8166666666666,1,513.0,2026-09-22T06:00:11Z,semo_pub_dailyintconntc_202609220600,1439.8166666666666,1,500.0,2026-09-22T06:00:11Z,semo_pub_dailyintconntc_202609220600,1439.8166666666666,1,500.0,2026-09-22T06:00:11Z,semo_pub_dailyintconntc_202609220600,1439.8166666666666,1,504.0,2026-09-22T06:00:11Z,semo_pub_dailyintconntc_202609220600,1439.8166666666666,1,,,,,0,734.023,2026-09-23T00:13:42Z,semo_pub_15minaggwindfcst_202609230013,346.3,1,0,4193.018,1419.814,2.08,204.605,254.74650000000003,372.545,0.5236000000000001,2026-08-31T23:00:00Z,32100.0,1,,,,0,0,1,1,0,0,0,0,0,0,,,,,,,,,,,831.8965000000001,,,,417,96.58546657501259,259.0,0.0,18,125.20666696129068,487.66100000000006,21.238000000000056,0,,,,,,,,,,,,,,,,,,,,,,,,,,,,,,,,,,,,,,,,,,,,,,,,,,,,0,0,0,0,0,0,0,0,0,0,0,0,0,0,0,0,0,0,0,0,0,0,0,0,0,0,0,1,1,1,0,0,0,1,1,1,1,1,1,1,1,1,1,1,1,1,1,1,1,0,0,0,0,0,0,1,1,1,1,1,1,1,1,1,1,1,1,1,1,1,1,1,1,1,1,1,1,1,1,1,1,1,1,1,1,1,1,1,1,1,1,1,1,1,1,1,1,1,1,1,1,1,1,1,1,1
2026-09-23T07:00:00Z,2026-09-23T06:30:00Z,30,5600.0,2026-09-23T06:20:15Z,semo_pub_dailyloadfcst_202609230620,9.75,1,1011.0,2026-09-23T06:20:15Z,semo_pub_dailyloadfcst_202609230620,9.75,1,4589.0,2026-09-23T06:20:15Z,semo_pub_dailyloadfcst_202609230620,9.75,1,500.0,2026-09-23T06:00:11Z,semo_pub_dailyintconntc_202609230600,29.816666666666663,1,530.0,2026-09-23T06:00:11Z,semo_pub_dailyintconntc_202609230600,29.816666666666663,1,513.0,2026-09-23T06:00:11Z,semo_pub_dailyintconntc_202609230600,29.816666666666663,1,500.0,2026-09-23T06:00:11Z,semo_pub_dailyintconntc_202609230600,29.816666666666663,1,500.0,2026-09-23T06:00:11Z,semo_pub_dailyintconntc_202609230600,29.816666666666663,1,504.0,2026-09-23T06:00:11Z,semo_pub_dailyintconntc_202609230600,29.816666666666663,1,,,,,0,725.249,2026-09-23T06:14:18Z,semo_pub_15minaggwindfcst_202609230614,15.7,1,0,4193.018,1419.814,2.08,204.605,254.74650000000003,372.545,0.5236000000000001,2026-08-31T23:00:00Z,32130.0,1,,,,0,0,0,1,0,0,0,0,0,0,,,,,,,,,,,831.8965000000001,,,,421,97.51450531017612,259.0,0.0,20,118.97762836029302,487.66100000000006,6.687999999999988,0,,,,,,,,,,,,,,,,,,,,,,,,,,,,,,,,,,,,,,,,,,,,,,,,,,,,0,0,0,0,0,0,0,0,0,0,0,0,0,0,0,0,0,0,0,0,0,0,0,0,0,0,0,1,1,1,0,0,0,1,1,1,1,1,1,1,1,1,1,1,1,1,1,1,1,0,0,0,0,0,0,1,1,1,1,1,1,1,1,1,1,1,1,1,1,1,1,1,1,1,1,1,1,1,1,1,1,1,1,1,1,1,1,1,1,1,1,1,1,1,1,1,1,1,1,1,1,1,1,1,1,1
2026-09-23T07:30:00Z,2026-09-23T06:30:00Z,60,5648.0,2026-09-23T06:20:15Z,semo_pub_dailyloadfcst_202609230620,9.75,1,1035.0,2026-09-23T06:20:15Z,semo_pub_dailyloadfcst_202609230620,9.75,1,4613.0,2026-09-23T06:20:15Z,semo_pub_dailyloadfcst_202609230620,9.75,1,,,,,0,,,,,0,,,,,0,,,,,0,,,,,0,,,,,0,,,,,0,834.352,2026-09-23T06:14:18Z,semo_pub_15minaggwindfcst_202609230614,15.7,1,0,4193.018,1419.814,2.08,204.605,254.74650000000003,372.545,0.5236000000000001,2026-08-31T23:00:00Z,32130.0,1,,,,0,0,0,1,1,1,1,1,1,1,,,,,,,,,,,831.8965000000001,,,,421,90.14020514090717,246.0,0.0,20,114.12553308198608,522.112,-13.261000000000081,0,,,,,,,,,,,,,,,,,,,,,,,,,,,,,,,,,,,,,,,,,,,,,,,,,,,,0,0,0,0,0,0,0,0,0,1,1,1,1,1,1,1,1,1,1,1,1,1,1,1,1,1,1,1,1,1,0,0,0,1,1,1,1,1,1,1,1,1,1,1,1,1,1,1,1,0,0,0,0,0,0,1,1,1,1,1,1,1,1,1,1,1,1,1,1,1,1,1,1,1,1,1,1,1,1,1,1,1,1,1,1,1,1,1,1,1,1,1,1,1,1,1,1,1,1,1,1,1,1,1,1,1
2026-09-23T07:30:00Z,2026-09-23T07:00:00Z,30,5648.0,2026-09-23T06:50:11Z,semo_pub_dailyloadfcst_202609230650,9.816666666666666,1,1035.0,2026-09-23T06:50:11Z,semo_pub_dailyloadfcst_202609230650,9.816666666666666,1,4613.0,2026-09-23T06:50:11Z,semo_pub_dailyloadfcst_202609230650,9.816666666666666,1,,,,,0,,,,,0,,,,,0,,,,,0,,,,,0,,,,,0,,,,,0,834.352,2026-09-23T06:14:18Z,semo_pub_15minaggwindfcst_202609230614,45.7,1,0,4193.018,1419.814,2.08,204.605,254.74650000000003,372.545,0.5236000000000001,2026-08-31T23:00:00Z,32160.0,1,,,,0,0,0,1,1,1,1,1,1,1,,,,,,,,,,,831.8965000000001,,,,425,91.03885982708658,246.0,0.0,20,114.12553308198608,522.112,-13.261000000000081,0,,,,,,,,,,,,,,,,,,,,,,,,,,,,,,,,,,,,,,,,,,,,,,,,,,,,0,0,0,0,0,0,0,0,0,1,1,1,1,1,1,1,1,1,1,1,1,1,1,1,1,1,1,1,1,1,0,0,0,1,1,1,1,1,1,1,1,1,1,1,1,1,1,1,1,0,0,0,0,0,0,1,1,1,1,1,1,1,1,1,1,1,1,1,1,1,1,1,1,1,1,1,1,1,1,1,1,1,1,1,1,1,1,1,1,1,1,1,1,1,1,1,1,1,1,1,1,1,1,1,1,1
2026-09-23T08:00:00Z,2026-09-23T07:00:00Z,60,5605.0,2026-09-23T06:50:11Z,semo_pub_dailyloadfcst_202609230650,9.816666666666666,1,1033.0,2026-09-23T06:50:11Z,semo_pub_dailyloadfcst_202609230650,9.816666666666666,1,4572.0,2026-09-23T06:50:11Z,semo_pub_dailyloadfcst_202609230650,9.816666666666666,1,500.0,2026-09-23T06:00:11Z,semo_pub_dailyintconntc_202609230600,59.81666666666667,1,530.0,2026-09-23T06:00:11Z,semo_pub_dailyintconntc_202609230600,59.81666666666667,1,513.0,2026-09-23T06:00:11Z,semo_pub_dailyintconntc_202609230600,59.81666666666667,1,500.0,2026-09-23T06:00:11Z,semo_pub_dailyintconntc_202609230600,59.81666666666667,1,500.0,2026-09-23T06:00:11Z,semo_pub_dailyintconntc_202609230600,59.81666666666667,1,504.0,2026-09-23T06:00:11Z,semo_pub_dailyintconntc_202609230600,59.81666666666667,1,,,,,0,943.447,2026-09-23T06:14:18Z,semo_pub_15minaggwindfcst_202609230614,45.7,1,0,4193.018,1419.814,2.08,204.605,254.74650000000003,372.545,0.5236000000000001,2026-08-31T23:00:00Z,32160.0,1,,,,0,0,0,1,0,0,0,0,0,0,,,,,,,,,,,831.8965000000001,,,,425,73.89921141494585,208.0,0.0,20,113.6092944576279,556.5640000000001,-33.216999999999985,0,,,,,,,,,,,,,,,,,,,,,,,,,,,,,,,,,,,,,,,,,,,,,,,,,,,,0,0,0,0,0,0,0,0,0,0,0,0,0,0,0,0,0,0,0,0,0,0,0,0,0,0,0,1,1,1,0,0,0,1,1,1,1,1,1,1,1,1,1,1,1,1,1,1,1,0,0,0,0,0,0,1,1,1,1,1,1,1,1,1,1,1,1,1,1,1,1,1,1,1,1,1,1,1,1,1,1,1,1,1,1,1,1,1,1,1,1,1,1,1,1,1,1,1,1,1,1,1,1,1,1,1
2026-09-23T08:00:00Z,2026-09-23T07:30:00Z,30,5605.0,2026-09-23T07:20:15Z,semo_pub_dailyloadfcst_202609230720,9.75,1,1033.0,2026-09-23T07:20:15Z,semo_pub_dailyloadfcst_202609230720,9.75,1,4572.0,2026-09-23T07:20:15Z,semo_pub_dailyloadfcst_202609230720,9.75,1,500.0,2026-09-23T06:00:11Z,semo_pub_dailyintconntc_202609230600,89.81666666666666,1,530.0,2026-09-23T06:00:11Z,semo_pub_dailyintconntc_202609230600,89.81666666666666,1,513.0,2026-09-23T06:00:11Z,semo_pub_dailyintconntc_202609230600,89.81666666666666,1,500.0,2026-09-23T06:00:11Z,semo_pub_dailyintconntc_202609230600,89.81666666666666,1,500.0,2026-09-23T06:00:11Z,semo_pub_dailyintconntc_202609230600,89.81666666666666,1,504.0,2026-09-23T06:00:11Z,semo_pub_dailyintconntc_202609230600,89.81666666666666,1,,,,,0,943.447,2026-09-23T06:14:18Z,semo_pub_15minaggwindfcst_202609230614,75.7,1,0,4193.018,1419.814,2.08,204.605,254.74650000000003,372.545,0.5236000000000001,2026-08-31T23:00:00Z,32190.0,1,,,,0,0,0,1,0,0,0,0,0,0,,,,,,,,,,,831.8965000000001,,,,429,74.68992140121733,208.0,0.0,20,113.6092944576279,556.5640000000001,-33.216999999999985,0,,,,,,,,,,,,,,,,,,,,,,,,,,,,,,,,,,,,,,,,,,,,,,,,,,,,0,0,0,0,0,0,0,0,0,0,0,0,0,0,0,0,0,0,0,0,0,0,0,0,0,0,0,1,1,1,0,0,0,1,1,1,1,1,1,1,1,1,1,1,1,1,1,1,1,0,0,0,0,0,0,1,1,1,1,1,1,1,1,1,1,1,1,1,1,1,1,1,1,1,1,1,1,1,1,1,1,1,1,1,1,1,1,1,1,1,1,1,1,1,1,1,1,1,1,1,1,1,1,1,1,1
2026-09-23T08:30:00Z,2026-09-23T07:30:00Z,60,5581.0,2026-09-23T07:20:15Z,semo_pub_dailyloadfcst_202609230720,9.75,1,1030.0,2026-09-23T07:20:15Z,semo_pub_dailyloadfcst_202609230720,9.75,1,4551.0,2026-09-23T07:20:15Z,semo_pub_dailyloadfcst_202609230720,9.75,1,,,,,0,,,,,0,,,,,0,,,,,0,,,,,0,,,,,0,,,,,0,1109.079,2026-09-23T06:14:18Z,semo_pub_15minaggwindfcst_202609230614,75.7,1,0,4193.018,1419.814,2.08,204.605,254.74650000000003,372.545,0.5236000000000001,2026-08-31T23:00:00Z,32190.0,1,,,,0,0,0,1,1,1,1,1,1,1,,,,,,,,,,,831.8965000000001,,,,429,65.29527246782445,190.0,0.0,20,127.00715930233031,623.1580000000001,-13.357999999999947,0,,,,,,,,,,,,,,,,,,,,,,,,,,,,,,,,,,,,,,,,,,,,,,,,,,,,0,0,0,0,0,0,0,0,0,1,1,1,1,1,1,1,1,1,1,1,1,1,1,1,1,1,1,1,1,1,0,0,0,1,1,1,1,1,1,1,1,1,1,1,1,1,1,1,1,0,0,0,0,0,0,1,1,1,1,1,1,1,1,1,1,1,1,1,1,1,1,1,1,1,1,1,1,1,1,1,1,1,1,1,1,1,1,1,1,1,1,1,1,1,1,1,1,1,1,1,1,1,1,1,1,1
2026-09-23T08:30:00Z,2026-09-23T08:00:00Z,30,5581.0,2026-09-23T07:50:15Z,semo_pub_dailyloadfcst_202609230750,9.75,1,1030.0,2026-09-23T07:50:15Z,semo_pub_dailyloadfcst_202609230750,9.75,1,4551.0,2026-09-23T07:50:15Z,semo_pub_dailyloadfcst_202609230750,9.75,1,,,,,0,,,,,0,,,,,0,,,,,0,,,,,0,,,,,0,,,,,0,1109.079,2026-09-23T06:14:18Z,semo_pub_15minaggwindfcst_202609230614,105.7,1,0,4193.018,1419.814,2.08,204.605,254.74650000000003,372.545,0.5236000000000001,2026-08-31T23:00:00Z,32220.0,1,,,,0,0,0,1,1,1,1,1,1,1,,,,,,,,,,,831.8965000000001,,,,433,66.04714576644385,190.0,0.0,20,127.00715930233031,623.1580000000001,-13.357999999999947,0,,,,,,,,,,,,,,,,,,,,,,,,,,,,,,,,,,,,,,,,,,,,,,,,,,,,0,0,0,0,0,0,0,0,0,1,1,1,1,1,1,1,1,1,1,1,1,1,1,1,1,1,1,1,1,1,0,0,0,1,1,1,1,1,1,1,1,1,1,1,1,1,1,1,1,0,0,0,0,0,0,1,1,1,1,1,1,1,1,1,1,1,1,1,1,1,1,1,1,1,1,1,1,1,1,1,1,1,1,1,1,1,1,1,1,1,1,1,1,1,1,1,1,1,1,1,1,1,1,1,1,1
2026-09-23T09:00:00Z,2026-09-23T08:00:00Z,60,5478.0,2026-09-23T07:50:15Z,semo_pub_dailyloadfcst_202609230750,9.75,1,1003.0,2026-09-23T07:50:15Z,semo_pub_dailyloadfcst_202609230750,9.75,1,4475.0,2026-09-23T07:50:15Z,semo_pub_dailyloadfcst_202609230750,9.75,1,500.0,2026-09-23T06:00:11Z,semo_pub_dailyintconntc_202609230600,119.81666666666666,1,530.0,2026-09-23T06:00:11Z,semo_pub_dailyintconntc_202609230600,119.81666666666666,1,513.0,2026-09-23T06:00:11Z,semo_pub_dailyintconntc_202609230600,119.81666666666666,1,500.0,2026-09-23T06:00:11Z,semo_pub_dailyintconntc_202609230600,119.81666666666666,1,500.0,2026-09-23T06:00:11Z,semo_pub_dailyintconntc_202609230600,119.81666666666666,1,504.0,2026-09-23T06:00:11Z,semo_pub_dailyintconntc_202609230600,119.81666666666666,1,,,,,0,1274.705,2026-09-23T06:14:18Z,semo_pub_15minaggwindfcst_202609230614,105.7,1,0,4193.018,1419.814,2.08,204.605,254.74650000000003,372.545,0.5236000000000001,2026-08-31T23:00:00Z,32220.0,1,,,,0,0,0,1,0,0,0,0,0,0,,,,,,,,,,,831.8965000000001,,,,433,70.94797973253772,192.0,0.0,20,142.20575245406738,689.771,6.494999999999891,0,,,,,,,,,,,,,,,,,,,,,,,,,,,,,,,,,,,,,,,,,,,,,,,,,,,,0,0,0,0,0,0,0,0,0,0,0,0,0,0,0,0,0,0,0,0,0,0,0,0,0,0,0,1,1,1,0,0,0,1,1,1,1,1,1,1,1,1,1,1,1,1,1,1,1,0,0,0,0,0,0,1,1,1,1,1,1,1,1,1,1,1,1,1,1,1,1,1,1,1,1,1,1,1,1,1,1,1,1,1,1,1,1,1,1,1,1,1,1,1,1,1,1,1,1,1,1,1,1,1,1,1
2026-09-23T09:00:00Z,2026-09-23T08:30:00Z,30,5478.0,2026-09-23T08:20:11Z,semo_pub_dailyloadfcst_202609230820,9.816666666666666,1,1003.0,2026-09-23T08:20:11Z,semo_pub_dailyloadfcst_202609230820,9.816666666666666,1,4475.0,2026-09-23T08:20:11Z,semo_pub_dailyloadfcst_202609230820,9.816666666666666,1,500.0,2026-09-23T06:00:11Z,semo_pub_dailyintconntc_202609230600,149.81666666666666,1,530.0,2026-09-23T06:00:11Z,semo_pub_dailyintconntc_202609230600,149.81666666666666,1,513.0,2026-09-23T06:00:11Z,semo_pub_dailyintconntc_202609230600,149.81666666666666,1,500.0,2026-09-23T06:00:11Z,semo_pub_dailyintconntc_202609230600,149.81666666666666,1,500.0,2026-09-23T06:00:11Z,semo_pub_dailyintconntc_202609230600,149.81666666666666,1,504.0,2026-09-23T06:00:11Z,semo_pub_dailyintconntc_202609230600,149.81666666666666,1,,,,,0,1274.705,2026-09-23T06:14:18Z,semo_pub_15minaggwindfcst_202609230614,135.7,1,0,4193.018,1419.814,2.08,204.605,254.74650000000003,372.545,0.5236000000000001,2026-08-31T23:00:00Z,32250.0,1,,,,0,0,1,1,0,0,0,0,0,0,,,,,,,,,,,831.8965000000001,,,,437,71.67197722674558,192.0,0.0,20,142.20575245406738,689.771,6.494999999999891,0,,,,,,,,,,,,,,,,,,,,,,,,,,,,,,,,,,,,,,,,,,,,,,,,,,,,0,0,0,0,0,0,0,0,0,0,0,0,0,0,0,0,0,0,0,0,0,0,0,0,0,0,0,1,1,1,0,0,0,1,1,1,1,1,1,1,1,1,1,1,1,1,1,1,1,0,0,0,0,0,0,1,1,1,1,1,1,1,1,1,1,1,1,1,1,1,1,1,1,1,1,1,1,1,1,1,1,1,1,1,1,1,1,1,1,1,1,1,1,1,1,1,1,1,1,1,1,1,1,1,1,1
2026-09-23T09:30:00Z,2026-09-23T08:30:00Z,60,5357.0,2026-09-23T08:20:11Z,semo_pub_dailyloadfcst_202609230820,9.816666666666666,1,983.0,2026-09-23T08:20:11Z,semo_pub_dailyloadfcst_202609230820,9.816666666666666,1,4374.0,2026-09-23T08:20:11Z,semo_pub_dailyloadfcst_202609230820,9.816666666666666,1,,,,,0,,,,,0,,,,,0,,,,,0,,,,,0,,,,,0,,,,,0,1417.982,2026-09-23T06:14:18Z,semo_pub_15minaggwindfcst_202609230614,135.7,1,0,4193.018,1419.814,2.08,204.605,254.74650000000003,372.545,0.5236000000000001,2026-08-31T23:00:00Z,32250.0,1,,,,0,0,1,1,1,1,1,1,1,1,,,,,,,,,,,831.8965000000001,,,,437,85.22241718558273,221.0,0.0,20,150.0825634034397,678.434,39.624000000000024,0,,,,,,,,,,,,,,,,,,,,,,,,,,,,,,,,,,,,,,,,,,,,,,,,,,,,0,0,0,0,0,0,0,0,0,1,1,1,1,1,1,1,1,1,1,1,1,1,1,1,1,1,1,1,1,1,0,0,0,1,1,1,1,1,1,1,1,1,1,1,1,1,1,1,1,0,0,0,0,0,0,1,1,1,1,1,1,1,1,1,1,1,1,1,1,1,1,1,1,1,1,1,1,1,1,1,1,1,1,1,1,1,1,1,1,1,1,1,1,1,1,1,1,1,1,1,1,1,1,1,1,1
2026-09-23T09:30:00Z,2026-09-23T09:00:00Z,30,5357.0,2026-09-23T08:50:10Z,semo_pub_dailyloadfcst_202609230850,9.833333333333334,1,983.0,2026-09-23T08:50:10Z,semo_pub_dailyloadfcst_202609230850,9.833333333333334,1,4374.0,2026-09-23T08:50:10Z,semo_pub_dailyloadfcst_202609230850,9.833333333333334,1,,,,,0,,,,,0,,,,,0,,,,,0,,,,,0,,,,,0,,,,,0,1417.982,2026-09-23T06:14:18Z,semo_pub_15minaggwindfcst_202609230614,165.7,1,0,4193.018,1419.814,2.08,204.605,254.74650000000003,372.545,0.5236000000000001,2026-08-31T23:00:00Z,32280.0,1,,,,0,0,1,1,1,1,1,1,1,1,,,,,,,,,,,831.8965000000001,,,,441,85.95607446671582,221.0,0.0,20,150.0825634034397,678.434,39.624000000000024,0,,,,,,,,,,,,,,,,,,,,,,,,,,,,,,,,,,,,,,,,,,,,,,,,,,,,0,0,0,0,0,0,0,0,0,1,1,1,1,1,1,1,1,1,1,1,1,1,1,1,1,1,1,1,1,1,0,0,0,1,1,1,1,1,1,1,1,1,1,1,1,1,1,1,1,0,0,0,0,0,0,1,1,1,1,1,1,1,1,1,1,1,1,1,1,1,1,1,1,1,1,1,1,1,1,1,1,1,1,1,1,1,1,1,1,1,1,1,1,1,1,1,1,1,1,1,1,1,1,1,1,1
2026-09-23T10:00:00Z,2026-09-23T09:00:00Z,60,5326.0,2026-09-23T08:50:10Z,semo_pub_dailyloadfcst_202609230850,9.833333333333334,1,972.0,2026-09-23T08:50:10Z,semo_pub_dailyloadfcst_202609230850,9.833333333333334,1,4354.0,2026-09-23T08:50:10Z,semo_pub_dailyloadfcst_202609230850,9.833333333333334,1,500.0,2026-09-23T06:00:11Z,semo_pub_dailyintconntc_202609230600,179.81666666666666,1,530.0,2026-09-23T06:00:11Z,semo_pub_dailyintconntc_202609230600,179.81666666666666,1,513.0,2026-09-23T06:00:11Z,semo_pub_dailyintconntc_202609230600,179.81666666666666,1,500.0,2026-09-23T06:00:11Z,semo_pub_dailyintconntc_202609230600,179.81666666666666,1,500.0,2026-09-23T06:00:11Z,semo_pub_dailyintconntc_202609230600,179.81666666666666,1,504.0,2026-09-23T06:00:11Z,semo_pub_dailyintconntc_202609230600,179.81666666666666,1,,,,,0,1561.257,2026-09-23T06:14:18Z,semo_pub_15minaggwindfcst_202609230614,165.7,1,0,4193.018,1419.814,2.08,204.605,254.74650000000003,372.545,0.5236000000000001,2026-08-31T23:00:00Z,32280.0,1,,,,0,0,1,1,0,0,0,0,0,0,,,,,,,,,,,831.8965000000001,,,,441,71.44816302603115,192.0,0.0,20,163.88003724776092,667.0910000000001,72.76400000000012,0,,,,,,,,,,,,,,,,,,,,,,,,,,,,,,,,,,,,,,,,,,,,,,,,,,,,0,0,0,0,0,0,0,0,0,0,0,0,0,0,0,0,0,0,0,0,0,0,0,0,0,0,0,1,1,1,0,0,0,1,1,1,1,1,1,1,1,1,1,1,1,1,1,1,1,0,0,0,0,0,0,1,1,1,1,1,1,1,1,1,1,1,1,1,1,1,1,1,1,1,1,1,1,1,1,1,1,1,1,1,1,1,1,1,1,1,1,1,1,1,1,1,1,1,1,1,1,1,1,1,1,1
2026-09-23T10:00:00Z,2026-09-23T09:30:00Z,30,5326.0,2026-09-23T09:20:16Z,semo_pub_dailyloadfcst_202609230920,9.733333333333333,1,972.0,2026-09-23T09:20:16Z,semo_pub_dailyloadfcst_202609230920,9.733333333333333,1,4354.0,2026-09-23T09:20:16Z,semo_pub_dailyloadfcst_202609230920,9.733333333333333,1,500.0,2026-09-23T06:00:11Z,semo_pub_dailyintconntc_202609230600,209.81666666666663,1,530.0,2026-09-23T06:00:11Z,semo_pub_dailyintconntc_202609230600,209.81666666666663,1,513.0,2026-09-23T06:00:11Z,semo_pub_dailyintconntc_202609230600,209.81666666666663,1,500.0,2026-09-23T06:00:11Z,semo_pub_dailyintconntc_202609230600,209.81666666666663,1,500.0,2026-09-23T06:00:11Z,semo_pub_dailyintconntc_202609230600,209.81666666666663,1,504.0,2026-09-23T06:00:11Z,semo_pub_dailyintconntc_202609230600,209.81666666666663,1,,,,,0,1561.257,2026-09-23T06:14:18Z,semo_pub_15minaggwindfcst_202609230614,195.7,1,0,4193.018,1419.814,2.08,204.605,254.74650000000003,372.545,0.5236000000000001,2026-08-31T23:00:00Z,32310.0,1,,,,0,0,1,1,0,0,0,0,0,0,,,,,,,,,,,831.8965000000001,,,,445,72.0950534729027,192.0,0.0,20,163.88003724776092,667.0910000000001,72.76400000000012,0,,,,,,,,,,,,,,,,,,,,,,,,,,,,,,,,,,,,,,,,,,,,,,,,,,,,0,0,0,0,0,0,0,0,0,0,0,0,0,0,0,0,0,0,0,0,0,0,0,0,0,0,0,1,1,1,0,0,0,1,1,1,1,1,1,1,1,1,1,1,1,1,1,1,1,0,0,0,0,0,0,1,1,1,1,1,1,1,1,1,1,1,1,1,1,1,1,1,1,1,1,1,1,1,1,1,1,1,1,1,1,1,1,1,1,1,1,1,1,1,1,1,1,1,1,1,1,1,1,1,1,1
2026-09-23T10:30:00Z,2026-09-23T09:30:00Z,60,5206.0,2026-09-23T09:20:16Z,semo_pub_dailyloadfcst_202609230920,9.733333333333333,1,947.0,2026-09-23T09:20:16Z,semo_pub_dailyloadfcst_202609230920,9.733333333333333,1,4259.0,2026-09-23T09:20:16Z,semo_pub_dailyloadfcst_202609230920,9.733333333333333,1,,,,,0,,,,,0,,,,,0,,,,,0,,,,,0,,,,,0,,,,,0,1626.053,2026-09-23T06:14:18Z,semo_pub_15minaggwindfcst_202609230614,195.7,1,0,4193.018,1419.814,2.08,204.605,254.74650000000003,372.545,0.5236000000000001,2026-08-31T23:00:00Z,32310.0,1,,,,0,0,1,1,1,1,1,1,1,1,,,,,,,,,,,831.8965000000001,,,,445,30.53317926420872,97.0,0.0,20,178.83645295164933,635.357,103.64700000000016,0,,,,,,,,,,,,,,,,,,,,,,,,,,,,,,,,,,,,,,,,,,,,,,,,,,,,0,0,0,0,0,0,0,0,0,1,1,1,1,1,1,1,1,1,1,1,1,1,1,1,1,1,1,1,1,1,0,0,0,1,1,1,1,1,1,1,1,1,1,1,1,1,1,1,1,0,0,0,0,0,0,1,1,1,1,1,1,1,1,1,1,1,1,1,1,1,1,1,1,1,1,1,1,1,1,1,1,1,1,1,1,1,1,1,1,1,1,1,1,1,1,1,1,1,1,1,1,1,1,1,1,1
2026-09-23T10:30:00Z,2026-09-23T10:00:00Z,30,5206.0,2026-09-23T09:50:21Z,semo_pub_dailyloadfcst_202609230950,9.65,1,947.0,2026-09-23T09:50:21Z,semo_pub_dailyloadfcst_202609230950,9.65,1,4259.0,2026-09-23T09:50:21Z,semo_pub_dailyloadfcst_202609230950,9.65,1,,,,,0,,,,,0,,,,,0,,,,,0,,,,,0,,,,,0,,,,,0,1626.053,2026-09-23T06:14:18Z,semo_pub_15minaggwindfcst_202609230614,225.7,1,0,4193.018,1419.814,2.08,204.605,254.74650000000003,372.545,0.5236000000000001,2026-08-31T23:00:00Z,32340.0,1,,,,0,0,1,1,1,1,1,1,1,1,,,,,,,,,,,831.8965000000001,,,,449,30.997112575063035,97.0,0.0,20,178.83645295164933,635.357,103.64700000000016,0,,,,,,,,,,,,,,,,,,,,,,,,,,,,,,,,,,,,,,,,,,,,,,,,,,,,0,0,0,0,0,0,0,0,0,1,1,1,1,1,1,1,1,1,1,1,1,1,1,1,1,1,1,1,1,1,0,0,0,1,1,1,1,1,1,1,1,1,1,1,1,1,1,1,1,0,0,0,0,0,0,1,1,1,1,1,1,1,1,1,1,1,1,1,1,1,1,1,1,1,1,1,1,1,1,1,1,1,1,1,1,1,1,1,1,1,1,1,1,1,1,1,1,1,1,1,1,1,1,1,1,1
2026-09-23T11:00:00Z,2026-09-23T10:00:00Z,60,5169.0,2026-09-23T09:50:21Z,semo_pub_dailyloadfcst_202609230950,9.65,1,942.0,2026-09-23T09:50:21Z,semo_pub_dailyloadfcst_202609230950,9.65,1,4227.0,2026-09-23T09:50:21Z,semo_pub_dailyloadfcst_202609230950,9.65,1,500.0,2026-09-23T06:00:11Z,semo_pub_dailyintconntc_202609230600,239.81666666666663,1,530.0,2026-09-23T06:00:11Z,semo_pub_dailyintconntc_202609230600,239.81666666666663,1,513.0,2026-09-23T06:00:11Z,semo_pub_dailyintconntc_202609230600,239.81666666666663,1,500.0,2026-09-23T06:00:11Z,semo_pub_dailyintconntc_202609230600,239.81666666666663,1,500.0,2026-09-23T06:00:11Z,semo_pub_dailyintconntc_202609230600,239.81666666666663,1,504.0,2026-09-23T06:00:11Z,semo_pub_dailyintconntc_202609230600,239.81666666666663,1,,,,,0,1690.867,2026-09-23T06:14:18Z,semo_pub_15minaggwindfcst_202609230614,225.7,1,0,4193.018,1419.814,2.08,204.605,254.74650000000003,372.545,0.5236000000000001,2026-08-31T23:00:00Z,32340.0,1,,,,0,0,1,1,0,0,0,0,0,0,,,,,,,,,,,831.8965000000001,,,,449,36.3028740076727,117.0,0.0,20,199.72460040973294,632.8299999999999,134.54500000000007,0,,,,,,,,,,,,,,,,,,,,,,,,,,,,,,,,,,,,,,,,,,,,,,,,,,,,0,0,0,0,0,0,0,0,0,0,0,0,0,0,0,0,0,0,0,0,0,0,0,0,0,0,0,1,1,1,0,0,0,1,1,1,1,1,1,1,1,1,1,1,1,1,1,1,1,0,0,0,0,0,0,1,1,1,1,1,1,1,1,1,1,1,1,1,1,1,1,1,1,1,1,1,1,1,1,1,1,1,1,1,1,1,1,1,1,1,1,1,1,1,1,1,1,1,1,1,1,1,1,1,1,1
2026-09-23T11:00:00Z,2026-09-23T10:30:00Z,30,5169.0,2026-09-23T10:20:05Z,semo_pub_dailyloadfcst_202609231020,9.916666666666666,1,942.0,2026-09-23T10:20:05Z,semo_pub_dailyloadfcst_202609231020,9.916666666666666,1,4227.0,2026-09-23T10:20:05Z,semo_pub_dailyloadfcst_202609231020,9.916666666666666,1,500.0,2026-09-23T06:00:11Z,semo_pub_dailyintconntc_202609230600,269.81666666666666,1,530.0,2026-09-23T06:00:11Z,semo_pub_dailyintconntc_202609230600,269.81666666666666,1,513.0,2026-09-23T06:00:11Z,semo_pub_dailyintconntc_202609230600,269.81666666666666,1,500.0,2026-09-23T06:00:11Z,semo_pub_dailyintconntc_202609230600,269.81666666666666,1,500.0,2026-09-23T06:00:11Z,semo_pub_dailyintconntc_202609230600,269.81666666666666,1,504.0,2026-09-23T06:00:11Z,semo_pub_dailyintconntc_202609230600,269.81666666666666,1,,,,,0,1690.867,2026-09-23T06:14:18Z,semo_pub_15minaggwindfcst_202609230614,255.7,1,0,4193.018,1419.814,2.08,204.605,254.74650000000003,372.545,0.5236000000000001,2026-08-31T23:00:00Z,32370.0,1,,,,0,0,1,1,0,0,0,0,0,0,,,,,,,,,,,831.8965000000001,,,,453,36.7312889678308,117.0,0.0,20,199.72460040973294,632.8299999999999,134.54500000000007,0,,,,,,,,,,,,,,,,,,,,,,,,,,,,,,,,,,,,,,,,,,,,,,,,,,,,0,0,0,0,0,0,0,0,0,0,0,0,0,0,0,0,0,0,0,0,0,0,0,0,0,0,0,1,1,1,0,0,0,1,1,1,1,1,1,1,1,1,1,1,1,1,1,1,1,0,0,0,0,0,0,1,1,1,1,1,1,1,1,1,1,1,1,1,1,1,1,1,1,1,1,1,1,1,1,1,1,1,1,1,1,1,1,1,1,1,1,1,1,1,1,1,1,1,1,1,1,1,1,1,1,1
2026-09-23T11:30:00Z,2026-09-23T10:30:00Z,60,5200.0,2026-09-23T10:20:05Z,semo_pub_dailyloadfcst_202609231020,9.916666666666666,1,943.0,2026-09-23T10:20:05Z,semo_pub_dailyloadfcst_202609231020,9.916666666666666,1,4257.0,2026-09-23T10:20:05Z,semo_pub_dailyloadfcst_202609231020,9.916666666666666,1,,,,,0,,,,,0,,,,,0,,,,,0,,,,,0,,,,,0,,,,,0,1677.176,2026-09-23T06:14:18Z,semo_pub_15minaggwindfcst_202609230614,255.7,1,0,4193.018,1419.814,2.08,204.605,254.74650000000003,372.545,0.5236000000000001,2026-08-31T23:00:00Z,32370.0,1,,,,0,0,1,1,1,1,1,1,1,1,,,,,,,,,,,831.8965000000001,,,,453,60.08995517830984,168.0,0.0,20,216.93879904122156,670.9169999999999,129.60799999999995,0,,,,,,,,,,,,,,,,,,,,,,,,,,,,,,,,,,,,,,,,,,,,,,,,,,,,0,0,0,0,0,0,0,0,0,1,1,1,1,1,1,1,1,1,1,1,1,1,1,1,1,1,1,1,1,1,0,0,0,1,1,1,1,1,1,1,1,1,1,1,1,1,1,1,1,0,0,0,0,0,0,1,1,1,1,1,1,1,1,1,1,1,1,1,1,1,1,1,1,1,1,1,1,1,1,1,1,1,1,1,1,1,1,1,1,1,1,1,1,1,1,1,1,1,1,1,1,1,1,1,1,1
2026-09-23T11:30:00Z,2026-09-23T11:00:00Z,30,5200.0,2026-09-23T10:50:11Z,semo_pub_dailyloadfcst_202609231050,9.816666666666666,1,943.0,2026-09-23T10:50:11Z,semo_pub_dailyloadfcst_202609231050,9.816666666666666,1,4257.0,2026-09-23T10:50:11Z,semo_pub_dailyloadfcst_202609231050,9.816666666666666,1,,,,,0,,,,,0,,,,,0,,,,,0,,,,,0,,,,,0,,,,,0,1677.176,2026-09-23T06:14:18Z,semo_pub_15minaggwindfcst_202609230614,285.7,1,0,4193.018,1419.814,2.08,204.605,254.74650000000003,372.545,0.5236000000000001,2026-08-31T23:00:00Z,32400.0,1,,,,0,0,1,1,1,1,1,1,1,1,,,,,,,,,,,831.8965000000001,,,,457,60.55306351416456,168.0,0.0,20,216.93879904122156,670.9169999999999,129.60799999999995,0,,,,,,,,,,,,,,,,,,,,,,,,,,,,,,,,,,,,,,,,,,,,,,,,,,,,0,0,0,0,0,0,0,0,0,1,1,1,1,1,1,1,1,1,1,1,1,1,1,1,1,1,1,1,1,1,0,0,0,1,1,1,1,1,1,1,1,1,1,1,1,1,1,1,1,0,0,0,0,0,0,1,1,1,1,1,1,1,1,1,1,1,1,1,1,1,1,1,1,1,1,1,1,1,1,1,1,1,1,1,1,1,1,1,1,1,1,1,1,1,1,1,1,1,1,1,1,1,1,1,1,1
2026-09-23T12:00:00Z,2026-09-23T11:00:00Z,60,5179.0,2026-09-23T10:50:11Z,semo_pub_dailyloadfcst_202609231050,9.816666666666666,1,932.0,2026-09-23T10:50:11Z,semo_pub_dailyloadfcst_202609231050,9.816666666666666,1,4247.0,2026-09-23T10:50:11Z,semo_pub_dailyloadfcst_202609231050,9.816666666666666,1,500.0,2026-09-23T06:00:11Z,semo_pub_dailyintconntc_202609230600,299.81666666666666,1,530.0,2026-09-23T06:00:11Z,semo_pub_dailyintconntc_202609230600,299.81666666666666,1,513.0,2026-09-23T06:00:11Z,semo_pub_dailyintconntc_202609230600,299.81666666666666,1,500.0,2026-09-23T06:00:11Z,semo_pub_dailyintconntc_202609230600,299.81666666666666,1,500.0,2026-09-23T06:00:11Z,semo_pub_dailyintconntc_202609230600,299.81666666666666,1,504.0,2026-09-23T06:00:11Z,semo_pub_dailyintconntc_202609230600,299.81666666666666,1,,,,,0,1663.525,2026-09-23T06:14:18Z,semo_pub_15minaggwindfcst_202609230614,285.7,1,0,4193.018,1419.814,2.08,204.605,254.74650000000003,372.545,0.5236000000000001,2026-08-31T23:00:00Z,32400.0,1,,,,0,0,1,1,0,0,0,0,0,0,,,,,,,,,,,831.8965000000001,,,,457,54.018129763155784,143.0,0.0,20,238.8740930127993,718.162,124.71800000000007,0,,,,,,,,,,,,,,,,,,,,,,,,,,,,,,,,,,,,,,,,,,,,,,,,,,,,0,0,0,0,0,0,0,0,0,0,0,0,0,0,0,0,0,0,0,0,0,0,0,0,0,0,0,1,1,1,0,0,0,1,1,1,1,1,1,1,1,1,1,1,1,1,1,1,1,0,0,0,0,0,0,1,1,1,1,1,1,1,1,1,1,1,1,1,1,1,1,1,1,1,1,1,1,1,1,1,1,1,1,1,1,1,1,1,1,1,1,1,1,1,1,1,1,1,1,1,1,1,1,1,1,1
2026-09-23T12:00:00Z,2026-09-23T11:30:00Z,30,5179.0,2026-09-23T11:20:16Z,semo_pub_dailyloadfcst_202609231120,9.733333333333333,1,932.0,2026-09-23T11:20:16Z,semo_pub_dailyloadfcst_202609231120,9.733333333333333,1,4247.0,2026-09-23T11:20:16Z,semo_pub_dailyloadfcst_202609231120,9.733333333333333,1,500.0,2026-09-23T06:00:11Z,semo_pub_dailyintconntc_202609230600,329.81666666666666,1,530.0,2026-09-23T06:00:11Z,semo_pub_dailyintconntc_202609230600,329.81666666666666,1,513.0,2026-09-23T06:00:11Z,semo_pub_dailyintconntc_202609230600,329.81666666666666,1,500.0,2026-09-23T06:00:11Z,semo_pub_dailyintconntc_202609230600,329.81666666666666,1,500.0,2026-09-23T06:00:11Z,semo_pub_dailyintconntc_202609230600,329.81666666666666,1,504.0,2026-09-23T06:00:11Z,semo_pub_dailyintconntc_202609230600,329.81666666666666,1,,,,,0,1663.525,2026-09-23T06:14:18Z,semo_pub_15minaggwindfcst_202609230614,315.7,1,0,4193.018,1419.814,2.08,204.605,254.74650000000003,372.545,0.5236000000000001,2026-08-31T23:00:00Z,32430.0,1,,,,0,0,1,1,0,0,0,0,0,0,,,,,,,,,,,831.8965000000001,,,,461,54.45203862592255,143.0,0.0,20,238.8740930127993,718.162,124.71800000000007,0,,,,,,,,,,,,,,,,,,,,,,,,,,,,,,,,,,,,,,,,,,,,,,,,,,,,0,0,0,0,0,0,0,0,0,0,0,0,0,0,0,0,0,0,0,0,0,0,0,0,0,0,0,1,1,1,0,0,0,1,1,1,1,1,1,1,1,1,1,1,1,1,1,1,1,0,0,0,0,0,0,1,1,1,1,1,1,1,1,1,1,1,1,1,1,1,1,1,1,1,1,1,1,1,1,1,1,1,1,1,1,1,1,1,1,1,1,1,1,1,1,1,1,1,1,1,1,1,1,1,1,1
2026-09-23T12:30:00Z,2026-09-23T11:30:00Z,60,5122.0,2026-09-23T11:20:16Z,semo_pub_dailyloadfcst_202609231120,9.733333333333333,1,904.0,2026-09-23T11:20:16Z,semo_pub_dailyloadfcst_202609231120,9.733333333333333,1,4218.0,2026-09-23T11:20:16Z,semo_pub_dailyloadfcst_202609231120,9.733333333333333,1,,,,,0,,,,,0,,,,,0,,,,,0,,,,,0,,,,,0,,,,,0,1577.803,2026-09-23T06:14:18Z,semo_pub_15minaggwindfcst_202609230614,315.7,1,0,4193.018,1419.814,2.08,204.605,254.74650000000003,372.545,0.5236000000000001,2026-08-31T23:00:00Z,32430.0,1,,,,0,0,1,1,1,1,1,1,1,1,,,,,,,,,,,831.8965000000001,,,,461,29.953857855778637,92.0,0.0,20,263.4990530158458,755.1590000000001,101.21600000000012,0,,,,,,,,,,,,,,,,,,,,,,,,,,,,,,,,,,,,,,,,,,,,,,,,,,,,0,0,0,0,0,0,0,0,0,1,1,1,1,1,1,1,1,1,1,1,1,1,1,1,1,1,1,1,1,1,0,0,0,1,1,1,1,1,1,1,1,1,1,1,1,1,1,1,1,0,0,0,0,0,0,1,1,1,1,1,1,1,1,1,1,1,1,1,1,1,1,1,1,1,1,1,1,1,1,1,1,1,1,1,1,1,1,1,1,1,1,1,1,1,1,1,1,1,1,1,1,1,1,1,1,1
2026-09-23T12:30:00Z,2026-09-23T12:00:00Z,30,5122.0,2026-09-23T11:50:12Z,semo_pub_dailyloadfcst_202609231150,9.8,1,904.0,2026-09-23T11:50:12Z,semo_pub_dailyloadfcst_202609231150,9.8,1,4218.0,2026-09-23T11:50:12Z,semo_pub_dailyloadfcst_202609231150,9.8,1,,,,,0,,,,,0,,,,,0,,,,,0,,,,,0,,,,,0,,,,,0,1577.803,2026-09-23T06:14:18Z,semo_pub_15minaggwindfcst_202609230614,345.7,1,0,4193.018,1419.814,2.08,204.605,254.74650000000003,372.545,0.5236000000000001,2026-08-31T23:00:00Z,32460.0,1,,,,0,0,1,1,1,1,1,1,1,1,,,,,,,,,,,831.8965000000001,,,,465,30.37457831008226,92.0,0.0,20,263.4990530158458,755.1590000000001,101.21600000000012,0,,,,,,,,,,,,,,,,,,,,,,,,,,,,,,,,,,,,,,,,,,,,,,,,,,,,0,0,0,0,0,0,0,0,0,1,1,1,1,1,1,1,1,1,1,1,1,1,1,1,1,1,1,1,1,1,0,0,0,1,1,1,1,1,1,1,1,1,1,1,1,1,1,1,1,0,0,0,0,0,0,1,1,1,1,1,1,1,1,1,1,1,1,1,1,1,1,1,1,1,1,1,1,1,1,1,1,1,1,1,1,1,1,1,1,1,1,1,1,1,1,1,1,1,1,1,1,1,1,1,1,1
2026-09-23T13:00:00Z,2026-09-23T12:00:00Z,60,5101.0,2026-09-23T11:50:12Z,semo_pub_dailyloadfcst_202609231150,9.8,1,895.0,2026-09-23T11:50:12Z,semo_pub_dailyloadfcst_202609231150,9.8,1,4206.0,2026-09-23T11:50:12Z,semo_pub_dailyloadfcst_202609231150,9.8,1,500.0,2026-09-23T06:00:11Z,semo_pub_dailyintconntc_202609230600,359.81666666666666,1,530.0,2026-09-23T06:00:11Z,semo_pub_dailyintconntc_202609230600,359.81666666666666,1,513.0,2026-09-23T06:00:11Z,semo_pub_dailyintconntc_202609230600,359.81666666666666,1,500.0,2026-09-23T06:00:11Z,semo_pub_dailyintconntc_202609230600,359.81666666666666,1,500.0,2026-09-23T06:00:11Z,semo_pub_dailyintconntc_202609230600,359.81666666666666,1,504.0,2026-09-23T06:00:11Z,semo_pub_dailyintconntc_202609230600,359.81666666666666,1,,,,,0,1492.103,2026-09-23T06:14:18Z,semo_pub_15minaggwindfcst_202609230614,345.7,1,0,4193.018,1419.814,2.08,204.605,254.74650000000003,372.545,0.5236000000000001,2026-08-31T23:00:00Z,32460.0,1,,,,0,0,1,1,0,0,0,0,0,0,,,,,,,,,,,831.8965000000001,,,,465,15.751472814505538,65.0,0.0,20,290.2888458865411,797.2859999999998,77.74500000000012,0,,,,,,,,,,,,,,,,,,,,,,,,,,,,,,,,,,,,,,,,,,,,,,,,,,,,0,0,0,0,0,0,0,0,0,0,0,0,0,0,0,0,0,0,0,0,0,0,0,0,0,0,0,1,1,1,0,0,0,1,1,1,1,1,1,1,1,1,1,1,1,1,1,1,1,0,0,0,0,0,0,1,1,1,1,1,1,1,1,1,1,1,1,1,1,1,1,1,1,1,1,1,1,1,1,1,1,1,1,1,1,1,1,1,1,1,1,1,1,1,1,1,1,1,1,1,1,1,1,1,1,1
2026-09-23T13:00:00Z,2026-09-23T12:30:00Z,30,5101.0,2026-09-23T12:20:17Z,semo_pub_dailyloadfcst_202609231220,9.716666666666669,1,895.0,2026-09-23T12:20:17Z,semo_pub_dailyloadfcst_202609231220,9.716666666666669,1,4206.0,2026-09-23T12:20:17Z,semo_pub_dailyloadfcst_202609231220,9.716666666666669,1,500.0,2026-09-23T06:00:11Z,semo_pub_dailyintconntc_202609230600,389.81666666666666,1,530.0,2026-09-23T06:00:11Z,semo_pub_dailyintconntc_202609230600,389.81666666666666,1,513.0,2026-09-23T06:00:11Z,semo_pub_dailyintconntc_202609230600,389.81666666666666,1,500.0,2026-09-23T06:00:11Z,semo_pub_dailyintconntc_202609230600,389.81666666666666,1,500.0,2026-09-23T06:00:11Z,semo_pub_dailyintconntc_202609230600,389.81666666666666,1,504.0,2026-09-23T06:00:11Z,semo_pub_dailyintconntc_202609230600,389.81666666666666,1,,,,,0,1509.143,2026-09-23T12:23:53Z,semo_pub_15minaggwindfcst_202609231223,6.116666666666666,1,0,4193.018,1419.814,2.08,204.605,254.74650000000003,372.545,0.5236000000000001,2026-08-31T23:00:00Z,32490.0,1,,,,0,0,0,1,0,0,0,0,0,0,,,,,,,,,,,831.8965000000001,,,,469,16.022687655359814,65.0,0.0,23,284.2447288181233,797.2859999999998,0.0,0,,,,,,,,,,,,,,,,,,,,,,,,,,,,,,,,,,,,,,,,,,,,,,,,,,,,0,0,0,0,0,0,0,0,0,0,0,0,0,0,0,0,0,0,0,0,0,0,0,0,0,0,0,1,1,1,0,0,0,1,1,1,1,1,1,1,1,1,1,1,1,1,1,1,1,0,0,0,0,0,0,1,1,1,1,1,1,1,1,1,1,1,1,1,1,1,1,1,1,1,1,1,1,1,1,1,1,1,1,1,1,1,1,1,1,1,1,1,1,1,1,1,1,1,1,1,1,1,1,1,1,1
2026-09-23T13:30:00Z,2026-09-23T12:30:00Z,60,5122.0,2026-09-23T12:20:17Z,semo_pub_dailyloadfcst_202609231220,9.716666666666669,1,900.0,2026-09-23T12:20:17Z,semo_pub_dailyloadfcst_202609231220,9.716666666666669,1,4222.0,2026-09-23T12:20:17Z,semo_pub_dailyloadfcst_202609231220,9.716666666666669,1,,,,,0,,,,,0,,,,,0,,,,,0,,,,,0,,,,,0,,,,,0,1407.504,2026-09-23T12:23:53Z,semo_pub_15minaggwindfcst_202609231223,6.116666666666666,1,0,4193.018,1419.814,2.08,204.605,254.74650000000003,372.545,0.5236000000000001,2026-08-31T23:00:00Z,32490.0,1,,,,0,0,0,1,1,1,1,1,1,1,,,,,,,,,,,831.8965000000001,,,,469,31.38085458330958,89.0,0.0,23,297.7540535617059,847.3540000000003,0.0,0,,,,,,,,,,,,,,,,,,,,,,,,,,,,,,,,,,,,,,,,,,,,,,,,,,,,0,0,0,0,0,0,0,0,0,1,1,1,1,1,1,1,1,1,1,1,1,1,1,1,1,1,1,1,1,1,0,0,0,1,1,1,1,1,1,1,1,1,1,1,1,1,1,1,1,0,0,0,0,0,0,1,1,1,1,1,1,1,1,1,1,1,1,1,1,1,1,1,1,1,1,1,1,1,1,1,1,1,1,1,1,1,1,1,1,1,1,1,1,1,1,1,1,1,1,1,1,1,1,1,1,1
2026-09-23T13:30:00Z,2026-09-23T13:00:00Z,30,5098.0,2026-09-23T12:50:16Z,semo_pub_dailyloadfcst_202609231250,9.733333333333333,1,876.0,2026-09-23T12:50:16Z,semo_pub_dailyloadfcst_202609231250,9.733333333333333,1,4222.0,2026-09-23T12:50:16Z,semo_pub_dailyloadfcst_202609231250,9.733333333333333,1,,,,,0,,,,,0,,,,,0,,,,,0,,,,,0,,,,,0,,,,,0,1407.504,2026-09-23T12:23:53Z,semo_pub_15minaggwindfcst_202609231223,36.11666666666667,1,0,4193.018,1419.814,2.08,204.605,254.74650000000003,372.545,0.5236000000000001,2026-08-31T23:00:00Z,32520.0,1,,,,0,0,0,1,1,1,1,1,1,1,,,,,,,,,,,831.8965000000001,,,,473,31.512643555003706,89.0,0.0,23,297.7540535617059,847.3540000000003,0.0,0,,,,,,,,,,,,,,,,,,,,,,,,,,,,,,,,,,,,,,,,,,,,,,,,,,,,0,0,0,0,0,0,0,0,0,1,1,1,1,1,1,1,1,1,1,1,1,1,1,1,1,1,1,1,1,1,0,0,0,1,1,1,1,1,1,1,1,1,1,1,1,1,1,1,1,0,0,0,0,0,0,1,1,1,1,1,1,1,1,1,1,1,1,1,1,1,1,1,1,1,1,1,1,1,1,1,1,1,1,1,1,1,1,1,1,1,1,1,1,1,1,1,1,1,1,1,1,1,1,1,1,1
2026-09-23T14:00:00Z,2026-09-23T13:00:00Z,60,5137.0,2026-09-23T12:50:16Z,semo_pub_dailyloadfcst_202609231250,9.733333333333333,1,878.0,2026-09-23T12:50:16Z,semo_pub_dailyloadfcst_202609231250,9.733333333333333,1,4259.0,2026-09-23T12:50:16Z,semo_pub_dailyloadfcst_202609231250,9.733333333333333,1,500.0,2026-09-23T06:00:11Z,semo_pub_dailyintconntc_202609230600,419.81666666666666,1,530.0,2026-09-23T06:00:11Z,semo_pub_dailyintconntc_202609230600,419.81666666666666,1,513.0,2026-09-23T06:00:11Z,semo_pub_dailyintconntc_202609230600,419.81666666666666,1,500.0,2026-09-23T06:00:11Z,semo_pub_dailyintconntc_202609230600,419.81666666666666,1,500.0,2026-09-23T06:00:11Z,semo_pub_dailyintconntc_202609230600,419.81666666666666,1,504.0,2026-09-23T06:00:11Z,semo_pub_dailyintconntc_202609230600,419.81666666666666,1,,,,,0,1305.862,2026-09-23T12:23:53Z,semo_pub_15minaggwindfcst_202609231223,36.11666666666667,1,0,4193.018,1419.814,2.08,204.605,254.74650000000003,372.545,0.5236000000000001,2026-08-31T23:00:00Z,32520.0,1,,,,0,0,0,1,0,0,0,0,0,0,,,,,,,,,,,831.8965000000001,,,,473,55.803633007003235,146.0,0.0,23,311.9289914217276,905.392,0.0,0,,,,,,,,,,,,,,,,,,,,,,,,,,,,,,,,,,,,,,,,,,,,,,,,,,,,0,0,0,0,0,0,0,0,0,0,0,0,0,0,0,0,0,0,0,0,0,0,0,0,0,0,0,1,1,1,0,0,0,1,1,1,1,1,1,1,1,1,1,1,1,1,1,1,1,0,0,0,0,0,0,1,1,1,1,1,1,1,1,1,1,1,1,1,1,1,1,1,1,1,1,1,1,1,1,1,1,1,1,1,1,1,1,1,1,1,1,1,1,1,1,1,1,1,1,1,1,1,1,1,1,1
2026-09-23T14:00:00Z,2026-09-23T13:30:00Z,30,5137.0,2026-09-23T13:20:21Z,semo_pub_dailyloadfcst_202609231320,9.65,1,878.0,2026-09-23T13:20:21Z,semo_pub_dailyloadfcst_202609231320,9.65,1,4259.0,2026-09-23T13:20:21Z,semo_pub_dailyloadfcst_202609231320,9.65,1,500.0,2026-09-23T06:00:11Z,semo_pub_dailyintconntc_202609230600,449.81666666666666,1,530.0,2026-09-23T06:00:11Z,semo_pub_dailyintconntc_202609230600,449.81666666666666,1,513.0,2026-09-23T06:00:11Z,semo_pub_dailyintconntc_202609230600,449.81666666666666,1,500.0,2026-09-23T06:00:11Z,semo_pub_dailyintconntc_202609230600,449.81666666666666,1,500.0,2026-09-23T06:00:11Z,semo_pub_dailyintconntc_202609230600,449.81666666666666,1,504.0,2026-09-23T06:00:11Z,semo_pub_dailyintconntc_202609230600,449.81666666666666,1,,,,,0,1305.862,2026-09-23T12:23:53Z,semo_pub_15minaggwindfcst_202609231223,66.11666666666666,1,0,4193.018,1419.814,2.08,204.605,254.74650000000003,372.545,0.5236000000000001,2026-08-31T23:00:00Z,32550.0,1,,,,0,0,0,1,0,0,0,0,0,0,,,,,,,,,,,831.8965000000001,,,,477,55.92314339209284,146.0,0.0,23,311.9289914217276,905.392,0.0,0,,,,,,,,,,,,,,,,,,,,,,,,,,,,,,,,,,,,,,,,,,,,,,,,,,,,0,0,0,0,0,0,0,0,0,0,0,0,0,0,0,0,0,0,0,0,0,0,0,0,0,0,0,1,1,1,0,0,0,1,1,1,1,1,1,1,1,1,1,1,1,1,1,1,1,0,0,0,0,0,0,1,1,1,1,1,1,1,1,1,1,1,1,1,1,1,1,1,1,1,1,1,1,1,1,1,1,1,1,1,1,1,1,1,1,1,1,1,1,1,1,1,1,1,1,1,1,1,1,1,1,1
2026-09-23T14:30:00Z,2026-09-23T13:30:00Z,60,5219.0,2026-09-23T13:20:21Z,semo_pub_dailyloadfcst_202609231320,9.65,1,892.0,2026-09-23T13:20:21Z,semo_pub_dailyloadfcst_202609231320,9.65,1,4327.0,2026-09-23T13:20:21Z,semo_pub_dailyloadfcst_202609231320,9.65,1,,,,,0,,,,,0,,,,,0,,,,,0,,,,,0,,,,,0,,,,,0,1194.115,2026-09-23T12:23:53Z,semo_pub_15minaggwindfcst_202609231223,66.11666666666666,1,0,4193.018,1419.814,2.08,204.605,254.74650000000003,372.545,0.5236000000000001,2026-08-31T23:00:00Z,32550.0,1,,,,0,0,0,1,1,1,1,1,1,1,,,,,,,,,,,831.8965000000001,,,,477,68.51748349205836,171.0,0.0,23,319.25518410538393,922.7250000000001,0.0,0,,,,,,,,,,,,,,,,,,,,,,,,,,,,,,,,,,,,,,,,,,,,,,,,,,,,0,0,0,0,0,0,0,0,0,1,1,1,1,1,1,1,1,1,1,1,1,1,1,1,1,1,1,1,1,1,0,0,0,1,1,1,1,1,1,1,1,1,1,1,1,1,1,1,1,0,0,0,0,0,0,1,1,1,1,1,1,1,1,1,1,1,1,1,1,1,1,1,1,1,1,1,1,1,1,1,1,1,1,1,1,1,1,1,1,1,1,1,1,1,1,1,1,1,1,1,1,1,1,1,1,1
2026-09-23T14:30:00Z,2026-09-23T14:00:00Z,30,5219.0,2026-09-23T13:50:20Z,semo_pub_dailyloadfcst_202609231350,9.666666666666666,1,892.0,2026-09-23T13:50:20Z,semo_pub_dailyloadfcst_202609231350,9.666666666666666,1,4327.0,2026-09-23T13:50:20Z,semo_pub_dailyloadfcst_202609231350,9.666666666666666,1,,,,,0,,,,,0,,,,,0,,,,,0,,,,,0,,,,,0,,,,,0,1194.115,2026-09-23T12:23:53Z,semo_pub_15minaggwindfcst_202609231223,96.11666666666666,1,0,4193.018,1419.814,2.08,204.605,254.74650000000003,372.545,0.5236000000000001,2026-08-31T23:00:00Z,32580.0,1,,,,0,0,0,1,1,1,1,1,1,1,,,,,,,,,,,831.8965000000001,,,,481,68.64360741868128,171.0,0.0,23,319.25518410538393,922.7250000000001,0.0,0,,,,,,,,,,,,,,,,,,,,,,,,,,,,,,,,,,,,,,,,,,,,,,,,,,,,0,0,0,0,0,0,0,0,0,1,1,1,1,1,1,1,1,1,1,1,1,1,1,1,1,1,1,1,1,1,0,0,0,1,1,1,1,1,1,1,1,1,1,1,1,1,1,1,1,0,0,0,0,0,0,1,1,1,1,1,1,1,1,1,1,1,1,1,1,1,1,1,1,1,1,1,1,1,1,1,1,1,1,1,1,1,1,1,1,1,1,1,1,1,1,1,1,1,1,1,1,1,1,1,1,1
2026-09-23T15:00:00Z,2026-09-23T14:00:00Z,60,5301.0,2026-09-23T13:50:20Z,semo_pub_dailyloadfcst_202609231350,9.666666666666666,1,930.0,2026-09-23T13:50:20Z,semo_pub_dailyloadfcst_202609231350,9.666666666666666,1,4371.0,2026-09-23T13:50:20Z,semo_pub_dailyloadfcst_202609231350,9.666666666666666,1,500.0,2026-09-23T06:00:11Z,semo_pub_dailyintconntc_202609230600,479.81666666666666,1,530.0,2026-09-23T06:00:11Z,semo_pub_dailyintconntc_202609230600,479.81666666666666,1,513.0,2026-09-23T06:00:11Z,semo_pub_dailyintconntc_202609230600,479.81666666666666,1,500.0,2026-09-23T06:00:11Z,semo_pub_dailyintconntc_202609230600,479.81666666666666,1,500.0,2026-09-23T06:00:11Z,semo_pub_dailyintconntc_202609230600,479.81666666666666,1,504.0,2026-09-23T06:00:11Z,semo_pub_dailyintconntc_202609230600,479.81666666666666,1,,,,,0,1082.371,2026-09-23T12:23:53Z,semo_pub_15minaggwindfcst_202609231223,96.11666666666666,1,0,4193.018,1419.814,2.08,204.605,254.74650000000003,372.545,0.5236000000000001,2026-08-31T23:00:00Z,32580.0,1,,,,0,0,0,1,0,0,0,0,0,0,,,,,,,,,,,831.8965000000001,,,,481,45.85121927191253,123.0,0.0,23,327.0435556183566,959.945,0.0,0,,,,,,,,,,,,,,,,,,,,,,,,,,,,,,,,,,,,,,,,,,,,,,,,,,,,0,0,0,0,0,0,0,0,0,0,0,0,0,0,0,0,0,0,0,0,0,0,0,0,0,0,0,1,1,1,0,0,0,1,1,1,1,1,1,1,1,1,1,1,1,1,1,1,1,0,0,0,0,0,0,1,1,1,1,1,1,1,1,1,1,1,1,1,1,1,1,1,1,1,1,1,1,1,1,1,1,1,1,1,1,1,1,1,1,1,1,1,1,1,1,1,1,1,1,1,1,1,1,1,1,1
2026-09-23T15:00:00Z,2026-09-23T14:30:00Z,30,5301.0,2026-09-23T14:20:05Z,semo_pub_dailyloadfcst_202609231420,9.916666666666666,1,930.0,2026-09-23T14:20:05Z,semo_pub_dailyloadfcst_202609231420,9.916666666666666,1,4371.0,2026-09-23T14:20:05Z,semo_pub_dailyloadfcst_202609231420,9.916666666666666,1,500.0,2026-09-23T06:00:11Z,semo_pub_dailyintconntc_202609230600,509.81666666666666,1,530.0,2026-09-23T06:00:11Z,semo_pub_dailyintconntc_202609230600,509.81666666666666,1,513.0,2026-09-23T06:00:11Z,semo_pub_dailyintconntc_202609230600,509.81666666666666,1,500.0,2026-09-23T06:00:11Z,semo_pub_dailyintconntc_202609230600,509.81666666666666,1,500.0,2026-09-23T06:00:11Z,semo_pub_dailyintconntc_202609230600,509.81666666666666,1,504.0,2026-09-23T06:00:11Z,semo_pub_dailyintconntc_202609230600,509.81666666666666,1,,,,,0,1082.371,2026-09-23T12:23:53Z,semo_pub_15minaggwindfcst_202609231223,126.11666666666666,1,0,4193.018,1419.814,2.08,204.605,254.74650000000003,372.545,0.5236000000000001,2026-08-31T23:00:00Z,32610.0,1,,,,0,0,1,1,0,0,0,0,0,0,,,,,,,,,,,831.8965000000001,,,,485,46.08680880926453,123.0,0.0,23,327.0435556183566,959.945,0.0,0,,,,,,,,,,,,,,,,,,,,,,,,,,,,,,,,,,,,,,,,,,,,,,,,,,,,0,0,0,0,0,0,0,0,0,0,0,0,0,0,0,0,0,0,0,0,0,0,0,0,0,0,0,1,1,1,0,0,0,1,1,1,1,1,1,1,1,1,1,1,1,1,1,1,1,0,0,0,0,0,0,1,1,1,1,1,1,1,1,1,1,1,1,1,1,1,1,1,1,1,1,1,1,1,1,1,1,1,1,1,1,1,1,1,1,1,1,1,1,1,1,1,1,1,1,1,1,1,1,1,1,1
2026-09-23T15:30:00Z,2026-09-23T14:30:00Z,60,5469.0,2026-09-23T14:20:05Z,semo_pub_dailyloadfcst_202609231420,9.916666666666666,1,1000.0,2026-09-23T14:20:05Z,semo_pub_dailyloadfcst_202609231420,9.916666666666666,1,4469.0,2026-09-23T14:20:05Z,semo_pub_dailyloadfcst_202609231420,9.916666666666666,1,,,,,0,,,,,0,,,,,0,,,,,0,,,,,0,,,,,0,,,,,0,948.162,2026-09-23T12:23:53Z,semo_pub_15minaggwindfcst_202609231223,126.11666666666666,1,0,4193.018,1419.814,2.08,204.605,254.74650000000003,372.545,0.5236000000000001,2026-08-31T23:00:00Z,32610.0,1,,,,0,0,1,1,1,1,1,1,1,1,,,,,,,,,,,831.8965000000001,,,,485,44.65331868033795,123.0,0.0,23,314.0200755215734,936.5060000000001,0.0,0,,,,,,,,,,,,,,,,,,,,,,,,,,,,,,,,,,,,,,,,,,,,,,,,,,,,0,0,0,0,0,0,0,0,0,1,1,1,1,1,1,1,1,1,1,1,1,1,1,1,1,1,1,1,1,1,0,0,0,1,1,1,1,1,1,1,1,1,1,1,1,1,1,1,1,0,0,0,0,0,0,1,1,1,1,1,1,1,1,1,1,1,1,1,1,1,1,1,1,1,1,1,1,1,1,1,1,1,1,1,1,1,1,1,1,1,1,1,1,1,1,1,1,1,1,1,1,1,1,1,1,1
2026-09-23T15:30:00Z,2026-09-23T15:00:00Z,30,5469.0,2026-09-23T14:50:11Z,semo_pub_dailyloadfcst_202609231450,9.816666666666666,1,1000.0,2026-09-23T14:50:11Z,semo_pub_dailyloadfcst_202609231450,9.816666666666666,1,4469.0,2026-09-23T14:50:11Z,semo_pub_dailyloadfcst_202609231450,9.816666666666666,1,,,,,0,,,,,0,,,,,0,,,,,0,,,,,0,,,,,0,,,,,0,948.162,2026-09-23T12:23:53Z,semo_pub_15minaggwindfcst_202609231223,156.11666666666667,1,0,4193.018,1419.814,2.08,204.605,254.74650000000003,372.545,0.5236000000000001,2026-08-31T23:00:00Z,32640.0,1,,,,0,0,1,1,1,1,1,1,1,1,,,,,,,,,,,831.8965000000001,,,,489,45.05071583739304,123.0,0.0,23,314.0200755215734,936.5060000000001,0.0,0,,,,,,,,,,,,,,,,,,,,,,,,,,,,,,,,,,,,,,,,,,,,,,,,,,,,0,0,0,0,0,0,0,0,0,1,1,1,1,1,1,1,1,1,1,1,1,1,1,1,1,1,1,1,1,1,0,0,0,1,1,1,1,1,1,1,1,1,1,1,1,1,1,1,1,0,0,0,0,0,0,1,1,1,1,1,1,1,1,1,1,1,1,1,1,1,1,1,1,1,1,1,1,1,1,1,1,1,1,1,1,1,1,1,1,1,1,1,1,1,1,1,1,1,1,1,1,1,1,1,1,1
2026-09-23T16:00:00Z,2026-09-23T15:00:00Z,60,5615.0,2026-09-23T14:50:11Z,semo_pub_dailyloadfcst_202609231450,9.816666666666666,1,1060.0,2026-09-23T14:50:11Z,semo_pub_dailyloadfcst_202609231450,9.816666666666666,1,4555.0,2026-09-23T14:50:11Z,semo_pub_dailyloadfcst_202609231450,9.816666666666666,1,500.0,2026-09-23T06:00:11Z,semo_pub_dailyintconntc_202609230600,539.8166666666667,1,530.0,2026-09-23T06:00:11Z,semo_pub_dailyintconntc_202609230600,539.8166666666667,1,513.0,2026-09-23T06:00:11Z,semo_pub_dailyintconntc_202609230600,539.8166666666667,1,500.0,2026-09-23T06:00:11Z,semo_pub_dailyintconntc_202609230600,539.8166666666667,1,500.0,2026-09-23T06:00:11Z,semo_pub_dailyintconntc_202609230600,539.8166666666667,1,504.0,2026-09-23T06:00:11Z,semo_pub_dailyintconntc_202609230600,539.8166666666667,1,,,,,0,813.948,2026-09-23T12:23:53Z,semo_pub_15minaggwindfcst_202609231223,156.11666666666667,1,0,4193.018,1419.814,2.08,204.605,254.74650000000003,372.545,0.5236000000000001,2026-08-31T23:00:00Z,32640.0,1,,,,0,0,1,1,0,0,0,0,0,0,,,,,,,,,,,831.8965000000001,,,,489,48.87516287179638,143.0,0.0,23,301.36571356012456,913.083,0.0,0,,,,,,,,,,,,,,,,,,,,,,,,,,,,,,,,,,,,,,,,,,,,,,,,,,,,0,0,0,0,0,0,0,0,0,0,0,0,0,0,0,0,0,0,0,0,0,0,0,0,0,0,0,1,1,1,0,0,0,1,1,1,1,1,1,1,1,1,1,1,1,1,1,1,1,0,0,0,0,0,0,1,1,1,1,1,1,1,1,1,1,1,1,1,1,1,1,1,1,1,1,1,1,1,1,1,1,1,1,1,1,1,1,1,1,1,1,1,1,1,1,1,1,1,1,1,1,1,1,1,1,1
2026-09-23T16:00:00Z,2026-09-23T15:30:00Z,30,5615.0,2026-09-23T15:05:05Z,semo_pub_dailyloadfcst_202609231505,24.916666666666668,1,1060.0,2026-09-23T15:05:05Z,semo_pub_dailyloadfcst_202609231505,24.916666666666668,1,4555.0,2026-09-23T15:05:05Z,semo_pub_dailyloadfcst_202609231505,24.916666666666668,1,500.0,2026-09-23T06:00:11Z,semo_pub_dailyintconntc_202609230600,569.8166666666667,1,530.0,2026-09-23T06:00:11Z,semo_pub_dailyintconntc_202609230600,569.8166666666667,1,513.0,2026-09-23T06:00:11Z,semo_pub_dailyintconntc_202609230600,569.8166666666667,1,500.0,2026-09-23T06:00:11Z,semo_pub_dailyintconntc_202609230600,569.8166666666667,1,500.0,2026-09-23T06:00:11Z,semo_pub_dailyintconntc_202609230600,569.8166666666667,1,504.0,2026-09-23T06:00:11Z,semo_pub_dailyintconntc_202609230600,569.8166666666667,1,1024.0,2026-09-23T15:23:12Z,smartgrid_solar_snapshot_2026-09-23,6.8,1,813.948,2026-09-23T12:23:53Z,semo_pub_15minaggwindfcst_202609231223,186.11666666666667,1,0,4193.018,1419.814,2.08,204.605,254.74650000000003,372.545,0.5236000000000001,2026-08-31T23:00:00Z,32670.0,1,,,,0,0,1,0,0,0,0,0,0,0,1837.9479999999999,3777.052,0.32732822796081923,0.0,,,,,,,831.8965000000001,0.47548432769367766,,,491,49.08410340118442,143.0,0.0,23,301.36571356012456,913.083,0.0,1,0.0,0.0,,,,,,,,,,,,,,,,,,,,,,,,,,,,,,,,,,,,,,,,,,,,,,,,,,0,0,0,0,0,0,0,0,0,0,0,0,0,0,0,0,0,0,0,0,0,0,0,0,0,0,0,0,0,0,0,0,0,1,1,1,0,0,0,0,1,1,1,1,1,1,0,1,1,0,0,0,0,0,0,0,0,1,1,1,1,1,1,1,1,1,1,1,1,1,1,1,1,1,1,1,1,1,1,1,1,1,1,1,1,1,1,1,1,1,1,1,1,1,1,1,1,1,1,1,1,1,1,1,1,1
2026-09-23T16:30:00Z,2026-09-23T15:30:00Z,60,5720.0,2026-09-23T15:05:05Z,semo_pub_dailyloadfcst_202609231505,24.916666666666668,1,1080.0,2026-09-23T15:05:05Z,semo_pub_dailyloadfcst_202609231505,24.916666666666668,1,4640.0,2026-09-23T15:05:05Z,semo_pub_dailyloadfcst_202609231505,24.916666666666668,1,,,,,0,,,,,0,,,,,0,,,,,0,,,,,0,,,,,0,898.0,2026-09-23T15:23:12Z,smartgrid_solar_snapshot_2026-09-23,6.8,1,605.031,2026-09-23T12:23:53Z,semo_pub_15minaggwindfcst_202609231223,186.11666666666667,1,0,4193.018,1419.814,2.08,204.605,254.74650000000003,372.545,0.5236000000000001,2026-08-31T23:00:00Z,32670.0,1,,,,0,0,1,0,1,1,1,1,1,1,1503.031,4216.969,0.26276765734265733,0.0,,,,,,,831.8965000000001,0.40820410839160837,,,491,48.15933732435254,138.0,0.0,23,272.77591828358965,831.5050000000001,0.0,1,0.0,0.0,,,,,,,,,,,,,,,,,,,,,,,,,,,,,,,,,,,,,,,,,,,,,,,,,,0,0,0,0,0,0,0,0,0,1,1,1,1,1,1,1,1,1,1,1,1,1,1,1,1,1,1,0,0,0,0,0,0,1,1,1,0,0,0,0,1,1,1,1,1,1,0,1,1,0,0,0,0,0,0,0,0,1,1,1,1,1,1,1,1,1,1,1,1,1,1,1,1,1,1,1,1,1,1,1,1,1,1,1,1,1,1,1,1,1,1,1,1,1,1,1,1,1,1,1,1,1,1,1,1,1
2026-09-23T16:30:00Z,2026-09-23T16:00:00Z,30,5720.0,2026-09-23T15:05:05Z,semo_pub_dailyloadfcst_202609231505,54.91666666666666,1,1080.0,2026-09-23T15:05:05Z,semo_pub_dailyloadfcst_202609231505,54.91666666666666,1,4640.0,2026-09-23T15:05:05Z,semo_pub_dailyloadfcst_202609231505,54.91666666666666,1,,,,,0,,,,,0,,,,,0,,,,,0,,,,,0,,,,,0,898.0,2026-09-23T15:23:12Z,smartgrid_solar_snapshot_2026-09-23,36.8,1,605.031,2026-09-23T12:23:53Z,semo_pub_15minaggwindfcst_202609231223,216.11666666666667,1,0,4193.018,1419.814,2.08,204.605,254.74650000000003,372.545,0.5236000000000001,2026-08-31T23:00:00Z,32700.0,1,,,,0,0,1,0,1,1,1,1,1,1,1503.031,4216.969,0.26276765734265733,0.0,,,,,,,831.8965000000001,0.40820410839160837,,,491,48.15933732435254,138.0,0.0,23,272.77591828358965,831.5050000000001,0.0,1,0.0,0.0,,,,,,,,,,,,,,,,,,,,,,,,,,,,,,,,,,,,,,,,,,,,,,,,,,0,0,0,0,0,0,0,0,0,1,1,1,1,1,1,1,1,1,1,1,1,1,1,1,1,1,1,0,0,0,0,0,0,1,1,1,0,0,0,0,1,1,1,1,1,1,0,1,1,0,0,0,0,0,0,0,0,1,1,1,1,1,1,1,1,1,1,1,1,1,1,1,1,1,1,1,1,1,1,1,1,1,1,1,1,1,1,1,1,1,1,1,1,1,1,1,1,1,1,1,1,1,1,1,1,1
2026-09-23T17:00:00Z,2026-09-23T16:00:00Z,60,5727.0,2026-09-23T15:05:05Z,semo_pub_dailyloadfcst_202609231505,54.91666666666666,1,1070.0,2026-09-23T15:05:05Z,semo_pub_dailyloadfcst_202609231505,54.91666666666666,1,4657.0,2026-09-23T15:05:05Z,semo_pub_dailyloadfcst_202609231505,54.91666666666666,1,500.0,2026-09-23T06:00:11Z,semo_pub_dailyintconntc_202609230600,599.8166666666667,1,530.0,2026-09-23T06:00:11Z,semo_pub_dailyintconntc_202609230600,599.8166666666667,1,513.0,2026-09-23T06:00:11Z,semo_pub_dailyintconntc_202609230600,599.8166666666667,1,500.0,2026-09-23T06:00:11Z,semo_pub_dailyintconntc_202609230600,599.8166666666667,1,500.0,2026-09-23T06:00:11Z,semo_pub_dailyintconntc_202609230600,599.8166666666667,1,504.0,2026-09-23T06:00:11Z,semo_pub_dailyintconntc_202609230600,599.8166666666667,1,772.0,2026-09-23T15:23:12Z,smartgrid_solar_snapshot_2026-09-23,36.8,1,396.118,2026-09-23T12:23:53Z,semo_pub_15minaggwindfcst_202609231223,216.11666666666667,1,0,4193.018,1419.814,2.08,204.605,254.74650000000003,372.545,0.5236000000000001,2026-08-31T23:00:00Z,32700.0,1,,,,0,0,1,0,0,0,0,0,0,0,1168.118,4558.882,0.20396682381700715,0.0,,,,,,,831.8965000000001,0.3492255107386066,,,491,41.27251458710996,113.0,0.0,23,244.6361347753945,749.9209999999999,0.0,1,0.0,0.0,,,,,,,,,,,,,,,,,,,,,,,,,,,,,,,,,,,,,,,,,,,,,,,,,,0,0,0,0,0,0,0,0,0,0,0,0,0,0,0,0,0,0,0,0,0,0,0,0,0,0,0,0,0,0,0,0,0,1,1,1,0,0,0,0,1,1,1,1,1,1,0,1,1,0,0,0,0,0,0,0,0,1,1,1,1,1,1,1,1,1,1,1,1,1,1,1,1,1,1,1,1,1,1,1,1,1,1,1,1,1,1,1,1,1,1,1,1,1,1,1,1,1,1,1,1,1,1,1,1,1
2026-09-23T17:00:00Z,2026-09-23T16:30:00Z,30,5727.0,2026-09-23T15:05:05Z,semo_pub_dailyloadfcst_202609231505,84.91666666666667,1,1070.0,2026-09-23T15:05:05Z,semo_pub_dailyloadfcst_202609231505,84.91666666666667,1,4657.0,2026-09-23T15:05:05Z,semo_pub_dailyloadfcst_202609231505,84.91666666666667,1,500.0,2026-09-23T06:00:11Z,semo_pub_dailyintconntc_202609230600,629.8166666666667,1,530.0,2026-09-23T06:00:11Z,semo_pub_dailyintconntc_202609230600,629.8166666666667,1,513.0,2026-09-23T06:00:11Z,semo_pub_dailyintconntc_202609230600,629.8166666666667,1,500.0,2026-09-23T06:00:11Z,semo_pub_dailyintconntc_202609230600,629.8166666666667,1,500.0,2026-09-23T06:00:11Z,semo_pub_dailyintconntc_202609230600,629.8166666666667,1,504.0,2026-09-23T06:00:11Z,semo_pub_dailyintconntc_202609230600,629.8166666666667,1,772.0,2026-09-23T15:23:12Z,smartgrid_solar_snapshot_2026-09-23,66.8,1,396.118,2026-09-23T12:23:53Z,semo_pub_15minaggwindfcst_202609231223,246.11666666666667,1,0,4193.018,1419.814,2.08,204.605,254.74650000000003,372.545,0.5236000000000001,2026-08-31T23:00:00Z,32730.0,1,,,,0,0,1,0,0,0,0,0,0,0,1168.118,4558.882,0.20396682381700715,0.0,,,,,,,831.8965000000001,0.3492255107386066,,,491,41.27251458710996,113.0,0.0,23,244.6361347753945,749.9209999999999,0.0,1,0.0,0.0,,,,,,,,,,,,,,,,,,,,,,,,,,,,,,,,,,,,,,,,,,,,,,,,,,0,0,0,0,0,0,0,0,0,0,0,0,0,0,0,0,0,0,0,0,0,0,0,0,0,0,0,0,0,0,0,0,0,1,1,1,0,0,0,0,1,1,1,1,1,1,0,1,1,0,0,0,0,0,0,0,0,1,1,1,1,1,1,1,1,1,1,1,1,1,1,1,1,1,1,1,1,1,1,1,1,1,1,1,1,1,1,1,1,1,1,1,1,1,1,1,1,1,1,1,1,1,1,1,1,1
2026-09-23T17:30:00Z,2026-09-23T16:30:00Z,60,5680.0,2026-09-23T15:05:05Z,semo_pub_dailyloadfcst_202609231505,84.91666666666667,1,1036.0,2026-09-23T15:05:05Z,semo_pub_dailyloadfcst_202609231505,84.91666666666667,1,4644.0,2026-09-23T15:05:05Z,semo_pub_dailyloadfcst_202609231505,84.91666666666667,1,,,,,0,,,,,0,,,,,0,,,,,0,,,,,0,,,,,0,556.0,2026-09-23T15:23:12Z,smartgrid_solar_snapshot_2026-09-23,66.8,1,243.867,2026-09-23T12:23:53Z,semo_pub_15minaggwindfcst_202609231223,246.11666666666667,1,0,4193.018,1419.814,2.08,204.605,254.74650000000003,372.545,0.5236000000000001,2026-08-31T23:00:00Z,32730.0,1,,,,0,0,1,0,1,1,1,1,1,1,799.867,4880.133,0.14082165492957746,0.0,,,,,,,831.8965000000001,0.28728230633802815,,,491,41.5146299951181,116.0,0.0,23,194.3981238070602,599.3299999999999,0.0,1,0.0,0.0,,,,,,,,,,,,,,,,,,,,,,,,,,,,,,,,,,,,,,,,,,,,,,,,,,0,0,0,0,0,0,0,0,0,1,1,1,1,1,1,1,1,1,1,1,1,1,1,1,1,1,1,0,0,0,0,0,0,1,1,1,0,0,0,0,1,1,1,1,1,1,0,1,1,0,0,0,0,0,0,0,0,1,1,1,1,1,1,1,1,1,1,1,1,1,1,1,1,1,1,1,1,1,1,1,1,1,1,1,1,1,1,1,1,1,1,1,1,1,1,1,1,1,1,1,1,1,1,1,1,1
2026-09-23T17:30:00Z,2026-09-23T17:00:00Z,30,5680.0,2026-09-23T15:05:05Z,semo_pub_dailyloadfcst_202609231505,114.91666666666669,1,1036.0,2026-09-23T15:05:05Z,semo_pub_dailyloadfcst_202609231505,114.91666666666669,1,4644.0,2026-09-23T15:05:05Z,semo_pub_dailyloadfcst_202609231505,114.91666666666669,1,,,,,0,,,,,0,,,,,0,,,,,0,,,,,0,,,,,0,556.0,2026-09-23T15:23:12Z,smartgrid_solar_snapshot_2026-09-23,96.8,1,243.867,2026-09-23T12:23:53Z,semo_pub_15minaggwindfcst_202609231223,276.1166666666667,1,0,4193.018,1419.814,2.08,204.605,254.74650000000003,372.545,0.5236000000000001,2026-08-31T23:00:00Z,32760.0,1,,,,0,0,1,0,1,1,1,1,1,1,799.867,4880.133,0.14082165492957746,0.0,,,,,,,831.8965000000001,0.28728230633802815,,,491,41.5146299951181,116.0,0.0,23,194.3981238070602,599.3299999999999,0.0,1,0.0,0.0,,,,,,,,,,,,,,,,,,,,,,,,,,,,,,,,,,,,,,,,,,,,,,,,,,0,0,0,0,0,0,0,0,0,1,1,1,1,1,1,1,1,1,1,1,1,1,1,1,1,1,1,0,0,0,0,0,0,1,1,1,0,0,0,0,1,1,1,1,1,1,0,1,1,0,0,0,0,0,0,0,0,1,1,1,1,1,1,1,1,1,1,1,1,1,1,1,1,1,1,1,1,1,1,1,1,1,1,1,1,1,1,1,1,1,1,1,1,1,1,1,1,1,1,1,1,1,1,1,1,1
2026-09-23T18:00:00Z,2026-09-23T17:00:00Z,60,5679.0,2026-09-23T15:05:05Z,semo_pub_dailyloadfcst_202609231505,114.91666666666669,1,1037.0,2026-09-23T15:05:05Z,semo_pub_dailyloadfcst_202609231505,114.91666666666669,1,4642.0,2026-09-23T15:05:05Z,semo_pub_dailyloadfcst_202609231505,114.91666666666669,1,500.0,2026-09-23T06:00:11Z,semo_pub_dailyintconntc_202609230600,659.8166666666667,1,530.0,2026-09-23T06:00:11Z,semo_pub_dailyintconntc_202609230600,659.8166666666667,1,513.0,2026-09-23T06:00:11Z,semo_pub_dailyintconntc_202609230600,659.8166666666667,1,500.0,2026-09-23T06:00:11Z,semo_pub_dailyintconntc_202609230600,659.8166666666667,1,500.0,2026-09-23T06:00:11Z,semo_pub_dailyintconntc_202609230600,659.8166666666667,1,504.0,2026-09-23T06:00:11Z,semo_pub_dailyintconntc_202609230600,659.8166666666667,1,340.0,2026-09-23T15:23:12Z,smartgrid_solar_snapshot_2026-09-23,96.8,1,91.622,2026-09-23T12:23:53Z,semo_pub_15minaggwindfcst_202609231223,276.1166666666667,1,0,4193.018,1419.814,2.08,204.605,254.74650000000003,372.545,0.5236000000000001,2026-08-31T23:00:00Z,32760.0,1,,,,0,0,1,0,0,0,0,0,0,0,431.622,5247.378,0.07600316957210777,0.0,,,,,,,831.8965000000001,0.22248961084698013,,,491,85.941472729738,221.0,0.0,23,146.50887324098855,468.92799999999994,0.0,1,0.0,0.0,,,,,,,,,,,,,,,,,,,,,,,,,,,,,,,,,,,,,,,,,,,,,,,,,,0,0,0,0,0,0,0,0,0,0,0,0,0,0,0,0,0,0,0,0,0,0,0,0,0,0,0,0,0,0,0,0,0,1,1,1,0,0,0,0,1,1,1,1,1,1,0,1,1,0,0,0,0,0,0,0,0,1,1,1,1,1,1,1,1,1,1,1,1,1,1,1,1,1,1,1,1,1,1,1,1,1,1,1,1,1,1,1,1,1,1,1,1,1,1,1,1,1,1,1,1,1,1,1,1,1
2026-09-23T18:00:00Z,2026-09-23T17:30:00Z,30,5679.0,2026-09-23T15:05:05Z,semo_pub_dailyloadfcst_202609231505,144.91666666666666,1,1037.0,2026-09-23T15:05:05Z,semo_pub_dailyloadfcst_202609231505,144.91666666666666,1,4642.0,2026-09-23T15:05:05Z,semo_pub_dailyloadfcst_202609231505,144.91666666666666,1,500.0,2026-09-23T06:00:11Z,semo_pub_dailyintconntc_202609230600,689.8166666666667,1,530.0,2026-09-23T06:00:11Z,semo_pub_dailyintconntc_202609230600,689.8166666666667,1,513.0,2026-09-23T06:00:11Z,semo_pub_dailyintconntc_202609230600,689.8166666666667,1,500.0,2026-09-23T06:00:11Z,semo_pub_dailyintconntc_202609230600,689.8166666666667,1,500.0,2026-09-23T06:00:11Z,semo_pub_dailyintconntc_202609230600,689.8166666666667,1,504.0,2026-09-23T06:00:11Z,semo_pub_dailyintconntc_202609230600,689.8166666666667,1,340.0,2026-09-23T15:23:12Z,smartgrid_solar_snapshot_2026-09-23,126.8,1,91.622,2026-09-23T12:23:53Z,semo_pub_15minaggwindfcst_202609231223,306.1166666666667,1,0,4193.018,1419.814,2.08,204.605,254.74650000000003,372.545,0.5236000000000001,2026-08-31T23:00:00Z,32790.0,1,,,,0,0,1,0,0,0,0,0,0,0,431.622,5247.378,0.07600316957210777,0.0,,,,,,,831.8965000000001,0.22248961084698013,,,491,85.941472729738,221.0,0.0,23,146.50887324098855,468.92799999999994,0.0,1,0.0,0.0,,,,,,,,,,,,,,,,,,,,,,,,,,,,,,,,,,,,,,,,,,,,,,,,,,0,0,0,0,0,0,0,0,0,0,0,0,0,0,0,0,0,0,0,0,0,0,0,0,0,0,0,0,0,0,0,0,0,1,1,1,0,0,0,0,1,1,1,1,1,1,0,1,1,0,0,0,0,0,0,0,0,1,1,1,1,1,1,1,1,1,1,1,1,1,1,1,1,1,1,1,1,1,1,1,1,1,1,1,1,1,1,1,1,1,1,1,1,1,1,1,1,1,1,1,1,1,1,1,1,1
2026-09-23T18:30:00Z,2026-09-23T17:30:00Z,60,5806.0,2026-09-23T15:05:05Z,semo_pub_dailyloadfcst_202609231505,144.91666666666666,1,1080.0,2026-09-23T15:05:05Z,semo_pub_dailyloadfcst_202609231505,144.91666666666666,1,4726.0,2026-09-23T15:05:05Z,semo_pub_dailyloadfcst_202609231505,144.91666666666666,1,,,,,0,,,,,0,,,,,0,,,,,0,,,,,0,,,,,0,170.0,2026-09-23T15:23:12Z,smartgrid_solar_snapshot_2026-09-23,126.8,1,102.184,2026-09-23T12:23:53Z,semo_pub_15minaggwindfcst_202609231223,306.1166666666667,1,0,4193.018,1419.814,2.08,204.605,254.74650000000003,372.545,0.5236000000000001,2026-08-31T23:00:00Z,32790.0,1,,,,0,0,1,0,1,1,1,1,1,1,272.18399999999997,5533.816,0.046879779538408536,0.0,,,,,,,831.8965000000001,0.1901619875990355,,,491,129.7188237422108,314.0,0.0,23,118.06865277637084,389.234,0.0,1,0.0,0.0,,,,,,,,,,,,,,,,,,,,,,,,,,,,,,,,,,,,,,,,,,,,,,,,,,0,0,0,0,0,0,0,0,0,1,1,1,1,1,1,1,1,1,1,1,1,1,1,1,1,1,1,0,0,0,0,0,0,1,1,1,0,0,0,0,1,1,1,1,1,1,0,1,1,0,0,0,0,0,0,0,0,1,1,1,1,1,1,1,1,1,1,1,1,1,1,1,1,1,1,1,1,1,1,1,1,1,1,1,1,1,1,1,1,1,1,1,1,1,1,1,1,1,1,1,1,1,1,1,1,1
2026-09-23T18:30:00Z,2026-09-23T18:00:00Z,30,5806.0,2026-09-23T15:05:05Z,semo_pub_dailyloadfcst_202609231505,174.91666666666666,1,1080.0,2026-09-23T15:05:05Z,semo_pub_dailyloadfcst_202609231505,174.91666666666666,1,4726.0,2026-09-23T15:05:05Z,semo_pub_dailyloadfcst_202609231505,174.91666666666666,1,,,,,0,,,,,0,,,,,0,,,,,0,,,,,0,,,,,0,170.0,2026-09-23T15:23:12Z,smartgrid_solar_snapshot_2026-09-23,156.8,1,102.184,2026-09-23T12:23:53Z,semo_pub_15minaggwindfcst_202609231223,336.1166666666667,1,0,4193.018,1419.814,2.08,204.605,254.74650000000003,372.545,0.5236000000000001,2026-08-31T23:00:00Z,32820.0,1,,,,0,0,1,0,1,1,1,1,1,1,272.18399999999997,5533.816,0.046879779538408536,0.0,,,,,,,831.8965000000001,0.1901619875990355,,,491,129.7188237422108,314.0,0.0,23,118.06865277637084,389.234,0.0,1,0.0,0.0,,,,,,,,,,,,,,,,,,,,,,,,,,,,,,,,,,,,,,,,,,,,,,,,,,0,0,0,0,0,0,0,0,0,1,1,1,1,1,1,1,1,1,1,1,1,1,1,1,1,1,1,0,0,0,0,0,0,1,1,1,0,0,0,0,1,1,1,1,1,1,0,1,1,0,0,0,0,0,0,0,0,1,1,1,1,1,1,1,1,1,1,1,1,1,1,1,1,1,1,1,1,1,1,1,1,1,1,1,1,1,1,1,1,1,1,1,1,1,1,1,1,1,1,1,1,1,1,1,1,1
2026-09-23T19:00:00Z,2026-09-23T18:00:00Z,60,5858.0,2026-09-23T15:05:05Z,semo_pub_dailyloadfcst_202609231505,174.91666666666666,1,1058.0,2026-09-23T15:05:05Z,semo_pub_dailyloadfcst_202609231505,174.91666666666666,1,4800.0,2026-09-23T15:05:05Z,semo_pub_dailyloadfcst_202609231505,174.91666666666666,1,500.0,2026-09-23T06:00:11Z,semo_pub_dailyintconntc_202609230600,719.8166666666667,1,530.0,2026-09-23T06:00:11Z,semo_pub_dailyintconntc_202609230600,719.8166666666667,1,513.0,2026-09-23T06:00:11Z,semo_pub_dailyintconntc_202609230600,719.8166666666667,1,500.0,2026-09-23T06:00:11Z,semo_pub_dailyintconntc_202609230600,719.8166666666667,1,500.0,2026-09-23T06:00:11Z,semo_pub_dailyintconntc_202609230600,719.8166666666667,1,504.0,2026-09-23T06:00:11Z,semo_pub_dailyintconntc_202609230600,719.8166666666667,1,0.0,2026-09-23T15:23:12Z,smartgrid_solar_snapshot_2026-09-23,156.8,1,112.739,2026-09-23T12:23:53Z,semo_pub_15minaggwindfcst_202609231223,336.1166666666667,1,0,4193.018,1419.814,2.08,204.605,254.74650000000003,372.545,0.5236000000000001,2026-08-31T23:00:00Z,32820.0,1,,,,0,0,1,0,0,0,0,0,0,0,112.739,5745.261,0.019245305565039263,0.0,,,,,,,831.8965000000001,0.1612556333219529,,,491,117.72451135172504,273.0,0.0,23,91.38055566134095,315.847,0.0,1,0.0,0.0,,,,,,,,,,,,,,,,,,,,,,,,,,,,,,,,,,,,,,,,,,,,,,,,,,0,0,0,0,0,0,0,0,0,0,0,0,0,0,0,0,0,0,0,0,0,0,0,0,0,0,0,0,0,0,0,0,0,1,1,1,0,0,0,0,1,1,1,1,1,1,0,1,1,0,0,0,0,0,0,0,0,1,1,1,1,1,1,1,1,1,1,1,1,1,1,1,1,1,1,1,1,1,1,1,1,1,1,1,1,1,1,1,1,1,1,1,1,1,1,1,1,1,1,1,1,1,1,1,1,1
2026-09-23T19:00:00Z,2026-09-23T18:30:00Z,30,5858.0,2026-09-23T15:05:05Z,semo_pub_dailyloadfcst_202609231505,204.91666666666663,1,1058.0,2026-09-23T15:05:05Z,semo_pub_dailyloadfcst_202609231505,204.91666666666663,1,4800.0,2026-09-23T15:05:05Z,semo_pub_dailyloadfcst_202609231505,204.91666666666663,1,500.0,2026-09-23T06:00:11Z,semo_pub_dailyintconntc_202609230600,749.8166666666667,1,530.0,2026-09-23T06:00:11Z,semo_pub_dailyintconntc_202609230600,749.8166666666667,1,513.0,2026-09-23T06:00:11Z,semo_pub_dailyintconntc_202609230600,749.8166666666667,1,500.0,2026-09-23T06:00:11Z,semo_pub_dailyintconntc_202609230600,749.8166666666667,1,500.0,2026-09-23T06:00:11Z,semo_pub_dailyintconntc_202609230600,749.8166666666667,1,504.0,2026-09-23T06:00:11Z,semo_pub_dailyintconntc_202609230600,749.8166666666667,1,0.0,2026-09-23T15:23:12Z,smartgrid_solar_snapshot_2026-09-23,186.8,1,112.739,2026-09-23T12:23:53Z,semo_pub_15minaggwindfcst_202609231223,366.1166666666667,1,0,4193.018,1419.814,2.08,204.605,254.74650000000003,372.545,0.5236000000000001,2026-08-31T23:00:00Z,32850.0,1,,,,0,0,1,0,0,0,0,0,0,0,112.739,5745.261,0.019245305565039263,0.0,,,,,,,831.8965000000001,0.1612556333219529,,,491,117.72451135172504,273.0,0.0,23,91.38055566134095,315.847,0.0,1,0.0,0.0,,,,,,,,,,,,,,,,,,,,,,,,,,,,,,,,,,,,,,,,,,,,,,,,,,0,0,0,0,0,0,0,0,0,0,0,0,0,0,0,0,0,0,0,0,0,0,0,0,0,0,0,0,0,0,0,0,0,1,1,1,0,0,0,0,1,1,1,1,1,1,0,1,1,0,0,0,0,0,0,0,0,1,1,1,1,1,1,1,1,1,1,1,1,1,1,1,1,1,1,1,1,1,1,1,1,1,1,1,1,1,1,1,1,1,1,1,1,1,1,1,1,1,1,1,1,1,1,1,1,1
2026-09-23T19:30:00Z,2026-09-23T18:30:00Z,60,5719.0,2026-09-23T15:05:05Z,semo_pub_dailyloadfcst_202609231505,204.91666666666663,1,1014.0,2026-09-23T15:05:05Z,semo_pub_dailyloadfcst_202609231505,204.91666666666663,1,4705.0,2026-09-23T15:05:05Z,semo_pub_dailyloadfcst_202609231505,204.91666666666663,1,,,,,0,,,,,0,,,,,0,,,,,0,,,,,0,,,,,0,0.0,2026-09-23T15:23:12Z,smartgrid_solar_snapshot_2026-09-23,186.8,1,141.899,2026-09-23T12:23:53Z,semo_pub_15minaggwindfcst_202609231223,366.1166666666667,1,0,4193.018,1419.814,2.08,204.605,254.74650000000003,372.545,0.5236000000000001,2026-08-31T23:00:00Z,32850.0,1,,,,0,0,1,0,1,1,1,1,1,1,141.899,5577.101,0.02481185521944396,0.0,,,,,,,831.8965000000001,0.17027373666724954,,,491,78.14064591735436,191.0,0.0,23,67.52233945322315,251.024,0.0,1,0.0,0.0,,,,,,,,,,,,,,,,,,,,,,,,,,,,,,,,,,,,,,,,,,,,,,,,,,0,0,0,0,0,0,0,0,0,1,1,1,1,1,1,1,1,1,1,1,1,1,1,1,1,1,1,0,0,0,0,0,0,1,1,1,0,0,0,0,1,1,1,1,1,1,0,1,1,0,0,0,0,0,0,0,0,1,1,1,1,1,1,1,1,1,1,1,1,1,1,1,1,1,1,1,1,1,1,1,1,1,1,1,1,1,1,1,1,1,1,1,1,1,1,1,1,1,1,1,1,1,1,1,1,1
2026-09-23T19:30:00Z,2026-09-23T19:00:00Z,30,5719.0,2026-09-23T15:05:05Z,semo_pub_dailyloadfcst_202609231505,234.91666666666663,1,1014.0,2026-09-23T15:05:05Z,semo_pub_dailyloadfcst_202609231505,234.91666666666663,1,4705.0,2026-09-23T15:05:05Z,semo_pub_dailyloadfcst_202609231505,234.91666666666663,1,,,,,0,,,,,0,,,,,0,,,,,0,,,,,0,,,,,0,0.0,2026-09-23T15:23:12Z,smartgrid_solar_snapshot_2026-09-23,216.8,1,141.899,2026-09-23T12:23:53Z,semo_pub_15minaggwindfcst_202609231223,396.1166666666667,1,0,4193.018,1419.814,2.08,204.605,254.74650000000003,372.545,0.5236000000000001,2026-08-31T23:00:00Z,32880.0,1,,,,0,0,1,0,1,1,1,1,1,1,141.899,5577.101,0.02481185521944396,0.0,,,,,,,831.8965000000001,0.17027373666724954,,,491,78.14064591735436,191.0,0.0,23,67.52233945322315,251.024,0.0,1,0.0,0.0,,,,,,,,,,,,,,,,,,,,,,,,,,,,,,,,,,,,,,,,,,,,,,,,,,0,0,0,0,0,0,0,0,0,1,1,1,1,1,1,1,1,1,1,1,1,1,1,1,1,1,1,0,0,0,0,0,0,1,1,1,0,0,0,0,1,1,1,1,1,1,0,1,1,0,0,0,0,0,0,0,0,1,1,1,1,1,1,1,1,1,1,1,1,1,1,1,1,1,1,1,1,1,1,1,1,1,1,1,1,1,1,1,1,1,1,1,1,1,1,1,1,1,1,1,1,1,1,1,1,1
2026-09-23T20:00:00Z,2026-09-23T19:00:00Z,60,5564.0,2026-09-23T15:05:05Z,semo_pub_dailyloadfcst_202609231505,234.91666666666663,1,984.0,2026-09-23T15:05:05Z,semo_pub_dailyloadfcst_202609231505,234.91666666666663,1,4580.0,2026-09-23T15:05:05Z,semo_pub_dailyloadfcst_202609231505,234.91666666666663,1,500.0,2026-09-23T06:00:11Z,semo_pub_dailyintconntc_202609230600,779.8166666666667,1,530.0,2026-09-23T06:00:11Z,semo_pub_dailyintconntc_202609230600,779.8166666666667,1,513.0,2026-09-23T06:00:11Z,semo_pub_dailyintconntc_202609230600,779.8166666666667,1,500.0,2026-09-23T06:00:11Z,semo_pub_dailyintconntc_202609230600,779.8166666666667,1,500.0,2026-09-23T06:00:11Z,semo_pub_dailyintconntc_202609230600,779.8166666666667,1,504.0,2026-09-23T06:00:11Z,semo_pub_dailyintconntc_202609230600,779.8166666666667,1,0.0,2026-09-23T15:23:12Z,smartgrid_solar_snapshot_2026-09-23,216.8,1,171.054,2026-09-23T12:23:53Z,semo_pub_15minaggwindfcst_202609231223,396.1166666666667,1,0,4193.018,1419.814,2.08,204.605,254.74650000000003,372.545,0.5236000000000001,2026-08-31T23:00:00Z,32880.0,1,,,,0,0,1,0,0,0,0,0,0,0,171.054,5392.946,0.030742990654205608,0.0,,,,,,,831.8965000000001,0.18025709920920202,,,491,63.22406450469678,161.0,0.0,23,52.809197165840025,197.76699999999997,0.0,1,0.0,0.0,,,,,,,,,,,,,,,,,,,,,,,,,,,,,,,,,,,,,,,,,,,,,,,,,,0,0,0,0,0,0,0,0,0,0,0,0,0,0,0,0,0,0,0,0,0,0,0,0,0,0,0,0,0,0,0,0,0,1,1,1,0,0,0,0,1,1,1,1,1,1,0,1,1,0,0,0,0,0,0,0,0,1,1,1,1,1,1,1,1,1,1,1,1,1,1,1,1,1,1,1,1,1,1,1,1,1,1,1,1,1,1,1,1,1,1,1,1,1,1,1,1,1,1,1,1,1,1,1,1,1
2026-09-23T20:00:00Z,2026-09-23T19:30:00Z,30,5564.0,2026-09-23T15:05:05Z,semo_pub_dailyloadfcst_202609231505,264.9166666666667,1,984.0,2026-09-23T15:05:05Z,semo_pub_dailyloadfcst_202609231505,264.9166666666667,1,4580.0,2026-09-23T15:05:05Z,semo_pub_dailyloadfcst_202609231505,264.9166666666667,1,500.0,2026-09-23T06:00:11Z,semo_pub_dailyintconntc_202609230600,809.8166666666667,1,530.0,2026-09-23T06:00:11Z,semo_pub_dailyintconntc_202609230600,809.8166666666667,1,513.0,2026-09-23T06:00:11Z,semo_pub_dailyintconntc_202609230600,809.8166666666667,1,500.0,2026-09-23T06:00:11Z,semo_pub_dailyintconntc_202609230600,809.8166666666667,1,500.0,2026-09-23T06:00:11Z,semo_pub_dailyintconntc_202609230600,809.8166666666667,1,504.0,2026-09-23T06:00:11Z,semo_pub_dailyintconntc_202609230600,809.8166666666667,1,0.0,2026-09-23T15:23:12Z,smartgrid_solar_snapshot_2026-09-23,246.8,1,171.054,2026-09-23T12:23:53Z,semo_pub_15minaggwindfcst_202609231223,426.1166666666667,1,0,4193.018,1419.814,2.08,204.605,254.74650000000003,372.545,0.5236000000000001,2026-08-31T23:00:00Z,32910.0,1,,,,0,0,1,0,0,0,0,0,0,0,171.054,5392.946,0.030742990654205608,0.0,,,,,,,831.8965000000001,0.18025709920920202,,,491,63.22406450469678,161.0,0.0,23,52.809197165840025,197.76699999999997,0.0,1,0.0,0.0,,,,,,,,,,,,,,,,,,,,,,,,,,,,,,,,,,,,,,,,,,,,,,,,,,0,0,0,0,0,0,0,0,0,0,0,0,0,0,0,0,0,0,0,0,0,0,0,0,0,0,0,0,0,0,0,0,0,1,1,1,0,0,0,0,1,1,1,1,1,1,0,1,1,0,0,0,0,0,0,0,0,1,1,1,1,1,1,1,1,1,1,1,1,1,1,1,1,1,1,1,1,1,1,1,1,1,1,1,1,1,1,1,1,1,1,1,1,1,1,1,1,1,1,1,1,1,1,1,1,1
2026-09-23T20:30:00Z,2026-09-23T19:30:00Z,60,5329.0,2026-09-23T15:05:05Z,semo_pub_dailyloadfcst_202609231505,264.9166666666667,1,919.0,2026-09-23T15:05:05Z,semo_pub_dailyloadfcst_202609231505,264.9166666666667,1,4410.0,2026-09-23T15:05:05Z,semo_pub_dailyloadfcst_202609231505,264.9166666666667,1,,,,,0,,,,,0,,,,,0,,,,,0,,,,,0,,,,,0,0.0,2026-09-23T15:23:12Z,smartgrid_solar_snapshot_2026-09-23,246.8,1,238.32,2026-09-23T12:23:53Z,semo_pub_15minaggwindfcst_202609231223,426.1166666666667,1,0,4193.018,1419.814,2.08,204.605,254.74650000000003,372.545,0.5236000000000001,2026-08-31T23:00:00Z,32910.0,1,,,,0,0,1,0,1,1,1,1,1,1,238.32,5090.68,0.044721336085569524,0.0,,,,,,,831.8965000000001,0.20082876712328768,,,491,66.40523306963046,168.0,0.0,23,57.36520660207767,219.386,0.0,1,0.0,0.0,,,,,,,,,,,,,,,,,,,,,,,,,,,,,,,,,,,,,,,,,,,,,,,,,,0,0,0,0,0,0,0,0,0,1,1,1,1,1,1,1,1,1,1,1,1,1,1,1,1,1,1,0,0,0,0,0,0,1,1,1,0,0,0,0,1,1,1,1,1,1,0,1,1,0,0,0,0,0,0,0,0,1,1,1,1,1,1,1,1,1,1,1,1,1,1,1,1,1,1,1,1,1,1,1,1,1,1,1,1,1,1,1,1,1,1,1,1,1,1,1,1,1,1,1,1,1,1,1,1,1
2026-09-23T20:30:00Z,2026-09-23T20:00:00Z,30,5329.0,2026-09-23T15:05:05Z,semo_pub_dailyloadfcst_202609231505,294.9166666666667,1,919.0,2026-09-23T15:05:05Z,semo_pub_dailyloadfcst_202609231505,294.9166666666667,1,4410.0,2026-09-23T15:05:05Z,semo_pub_dailyloadfcst_202609231505,294.9166666666667,1,,,,,0,,,,,0,,,,,0,,,,,0,,,,,0,,,,,0,0.0,2026-09-23T15:23:12Z,smartgrid_solar_snapshot_2026-09-23,276.8,1,238.32,2026-09-23T12:23:53Z,semo_pub_15minaggwindfcst_202609231223,456.1166666666667,1,0,4193.018,1419.814,2.08,204.605,254.74650000000003,372.545,0.5236000000000001,2026-08-31T23:00:00Z,32940.0,1,,,,0,0,1,0,1,1,1,1,1,1,238.32,5090.68,0.044721336085569524,0.0,,,,,,,831.8965000000001,0.20082876712328768,,,491,66.40523306963046,168.0,0.0,23,57.36520660207767,219.386,0.0,1,0.0,0.0,,,,,,,,,,,,,,,,,,,,,,,,,,,,,,,,,,,,,,,,,,,,,,,,,,0,0,0,0,0,0,0,0,0,1,1,1,1,1,1,1,1,1,1,1,1,1,1,1,1,1,1,0,0,0,0,0,0,1,1,1,0,0,0,0,1,1,1,1,1,1,0,1,1,0,0,0,0,0,0,0,0,1,1,1,1,1,1,1,1,1,1,1,1,1,1,1,1,1,1,1,1,1,1,1,1,1,1,1,1,1,1,1,1,1,1,1,1,1,1,1,1,1,1,1,1,1,1,1,1,1
2026-09-23T21:00:00Z,2026-09-23T20:00:00Z,60,5108.0,2026-09-23T15:05:05Z,semo_pub_dailyloadfcst_202609231505,294.9166666666667,1,868.0,2026-09-23T15:05:05Z,semo_pub_dailyloadfcst_202609231505,294.9166666666667,1,4240.0,2026-09-23T15:05:05Z,semo_pub_dailyloadfcst_202609231505,294.9166666666667,1,500.0,2026-09-23T06:00:11Z,semo_pub_dailyintconntc_202609230600,839.8166666666667,1,530.0,2026-09-23T06:00:11Z,semo_pub_dailyintconntc_202609230600,839.8166666666667,1,513.0,2026-09-23T06:00:11Z,semo_pub_dailyintconntc_202609230600,839.8166666666667,1,500.0,2026-09-23T06:00:11Z,semo_pub_dailyintconntc_202609230600,839.8166666666667,1,500.0,2026-09-23T06:00:11Z,semo_pub_dailyintconntc_202609230600,839.8166666666667,1,504.0,2026-09-23T06:00:11Z,semo_pub_dailyintconntc_202609230600,839.8166666666667,1,0.0,2026-09-23T15:23:12Z,smartgrid_solar_snapshot_2026-09-23,276.8,1,305.603,2026-09-23T12:23:53Z,semo_pub_15minaggwindfcst_202609231223,456.1166666666667,1,0,4193.018,1419.814,2.08,204.605,254.74650000000003,372.545,0.5236000000000001,2026-08-31T23:00:00Z,32940.0,1,,,,0,0,1,0,0,0,0,0,0,0,305.603,4802.397,0.059828308535630384,0.0,,,,,,,831.8965000000001,0.22268980031323415,,,491,66.17618059909417,169.0,0.0,23,80.57316720586404,315.73,0.0,1,0.0,0.0,,,,,,,,,,,,,,,,,,,,,,,,,,,,,,,,,,,,,,,,,,,,,,,,,,0,0,0,0,0,0,0,0,0,0,0,0,0,0,0,0,0,0,0,0,0,0,0,0,0,0,0,0,0,0,0,0,0,1,1,1,0,0,0,0,1,1,1,1,1,1,0,1,1,0,0,0,0,0,0,0,0,1,1,1,1,1,1,1,1,1,1,1,1,1,1,1,1,1,1,1,1,1,1,1,1,1,1,1,1,1,1,1,1,1,1,1,1,1,1,1,1,1,1,1,1,1,1,1,1,1
2026-09-23T21:00:00Z,2026-09-23T20:30:00Z,30,5108.0,2026-09-23T15:05:05Z,semo_pub_dailyloadfcst_202609231505,324.9166666666667,1,868.0,2026-09-23T15:05:05Z,semo_pub_dailyloadfcst_202609231505,324.9166666666667,1,4240.0,2026-09-23T15:05:05Z,semo_pub_dailyloadfcst_202609231505,324.9166666666667,1,500.0,2026-09-23T06:00:11Z,semo_pub_dailyintconntc_202609230600,869.8166666666667,1,530.0,2026-09-23T06:00:11Z,semo_pub_dailyintconntc_202609230600,869.8166666666667,1,513.0,2026-09-23T06:00:11Z,semo_pub_dailyintconntc_202609230600,869.8166666666667,1,500.0,2026-09-23T06:00:11Z,semo_pub_dailyintconntc_202609230600,869.8166666666667,1,500.0,2026-09-23T06:00:11Z,semo_pub_dailyintconntc_202609230600,869.8166666666667,1,504.0,2026-09-23T06:00:11Z,semo_pub_dailyintconntc_202609230600,869.8166666666667,1,0.0,2026-09-23T15:23:12Z,smartgrid_solar_snapshot_2026-09-23,306.8,1,305.603,2026-09-23T12:23:53Z,semo_pub_15minaggwindfcst_202609231223,486.1166666666667,1,0,4193.018,1419.814,2.08,204.605,254.74650000000003,372.545,0.5236000000000001,2026-08-31T23:00:00Z,32970.0,1,,,,0,0,1,0,0,0,0,0,0,0,305.603,4802.397,0.059828308535630384,0.0,,,,,,,831.8965000000001,0.22268980031323415,,,491,66.17618059909417,169.0,0.0,23,80.57316720586404,315.73,0.0,1,0.0,0.0,,,,,,,,,,,,,,,,,,,,,,,,,,,,,,,,,,,,,,,,,,,,,,,,,,0,0,0,0,0,0,0,0,0,0,0,0,0,0,0,0,0,0,0,0,0,0,0,0,0,0,0,0,0,0,0,0,0,1,1,1,0,0,0,0,1,1,1,1,1,1,0,1,1,0,0,0,0,0,0,0,0,1,1,1,1,1,1,1,1,1,1,1,1,1,1,1,1,1,1,1,1,1,1,1,1,1,1,1,1,1,1,1,1,1,1,1,1,1,1,1,1,1,1,1,1,1,1,1,1,1
2026-09-23T21:30:00Z,2026-09-23T20:30:00Z,60,4856.0,2026-09-23T15:05:05Z,semo_pub_dailyloadfcst_202609231505,324.9166666666667,1,804.0,2026-09-23T15:05:05Z,semo_pub_dailyloadfcst_202609231505,324.9166666666667,1,4052.0,2026-09-23T15:05:05Z,semo_pub_dailyloadfcst_202609231505,324.9166666666667,1,,,,,0,,,,,0,,,,,0,,,,,0,,,,,0,,,,,0,0.0,2026-09-23T15:23:12Z,smartgrid_solar_snapshot_2026-09-23,306.8,1,431.133,2026-09-23T12:23:53Z,semo_pub_15minaggwindfcst_202609231223,486.1166666666667,1,0,4193.018,1419.814,2.08,204.605,254.74650000000003,372.545,0.5236000000000001,2026-08-31T23:00:00Z,32970.0,1,,,,0,0,1,0,1,1,1,1,1,1,431.133,4424.867,0.08878356672158154,0.0,,,,,,,831.8965000000001,0.2600966845140033,,,491,49.89765617594624,134.0,0.0,23,120.7771625128289,437.288,0.0,1,0.0,0.0,,,,,,,,,,,,,,,,,,,,,,,,,,,,,,,,,,,,,,,,,,,,,,,,,,0,0,0,0,0,0,0,0,0,1,1,1,1,1,1,1,1,1,1,1,1,1,1,1,1,1,1,0,0,0,0,0,0,1,1,1,0,0,0,0,1,1,1,1,1,1,0,1,1,0,0,0,0,0,0,0,0,1,1,1,1,1,1,1,1,1,1,1,1,1,1,1,1,1,1,1,1,1,1,1,1,1,1,1,1,1,1,1,1,1,1,1,1,1,1,1,1,1,1,1,1,1,1,1,1,1
2026-09-23T21:30:00Z,2026-09-23T21:00:00Z,30,4856.0,2026-09-23T15:05:05Z,semo_pub_dailyloadfcst_202609231505,354.9166666666667,1,804.0,2026-09-23T15:05:05Z,semo_pub_dailyloadfcst_202609231505,354.9166666666667,1,4052.0,2026-09-23T15:05:05Z,semo_pub_dailyloadfcst_202609231505,354.9166666666667,1,,,,,0,,,,,0,,,,,0,,,,,0,,,,,0,,,,,0,0.0,2026-09-23T15:23:12Z,smartgrid_solar_snapshot_2026-09-23,336.8,1,431.133,2026-09-23T12:23:53Z,semo_pub_15minaggwindfcst_202609231223,516.1166666666667,1,0,4193.018,1419.814,2.08,204.605,254.74650000000003,372.545,0.5236000000000001,2026-08-31T23:00:00Z,33000.0,1,,,,0,0,1,0,1,1,1,1,1,1,431.133,4424.867,0.08878356672158154,0.0,,,,,,,831.8965000000001,0.2600966845140033,,,491,49.89765617594624,134.0,0.0,23,120.7771625128289,437.288,0.0,1,0.0,0.0,,,,,,,,,,,,,,,,,,,,,,,,,,,,,,,,,,,,,,,,,,,,,,,,,,0,0,0,0,0,0,0,0,0,1,1,1,1,1,1,1,1,1,1,1,1,1,1,1,1,1,1,0,0,0,0,0,0,1,1,1,0,0,0,0,1,1,1,1,1,1,0,1,1,0,0,0,0,0,0,0,0,1,1,1,1,1,1,1,1,1,1,1,1,1,1,1,1,1,1,1,1,1,1,1,1,1,1,1,1,1,1,1,1,1,1,1,1,1,1,1,1,1,1,1,1,1,1,1,1,1
2026-09-23T22:00:00Z,2026-09-23T21:00:00Z,60,4617.0,2026-09-23T15:05:05Z,semo_pub_dailyloadfcst_202609231505,354.9166666666667,1,744.0,2026-09-23T15:05:05Z,semo_pub_dailyloadfcst_202609231505,354.9166666666667,1,3873.0,2026-09-23T15:05:05Z,semo_pub_dailyloadfcst_202609231505,354.9166666666667,1,500.0,2026-09-23T06:00:11Z,semo_pub_dailyintconntc_202609230600,899.8166666666667,1,530.0,2026-09-23T06:00:11Z,semo_pub_dailyintconntc_202609230600,899.8166666666667,1,513.0,2026-09-23T06:00:11Z,semo_pub_dailyintconntc_202609230600,899.8166666666667,1,500.0,2026-09-23T06:00:11Z,semo_pub_dailyintconntc_202609230600,899.8166666666667,1,500.0,2026-09-23T06:00:11Z,semo_pub_dailyintconntc_202609230600,899.8166666666667,1,504.0,2026-09-23T06:00:11Z,semo_pub_dailyintconntc_202609230600,899.8166666666667,1,0.0,2026-09-23T15:23:12Z,smartgrid_solar_snapshot_2026-09-23,336.8,1,556.642,2026-09-23T12:23:53Z,semo_pub_15minaggwindfcst_202609231223,516.1166666666667,1,0,4193.018,1419.814,2.08,204.605,254.74650000000003,372.545,0.5236000000000001,2026-08-31T23:00:00Z,33000.0,1,,,,0,0,1,0,0,0,0,0,0,0,556.642,4060.358,0.12056356941737059,0.0,,,,,,,831.8965000000001,0.30074474767164827,,,475,38.88708187614629,106.0,0.0,23,165.67620579500124,562.3109999999999,0.0,1,0.0,0.0,,,,,,,,,,,,,,,,,,,,,,,,,,,,,,,,,,,,,,,,,,,,,,,,,,0,0,0,0,0,0,0,0,0,0,0,0,0,0,0,0,0,0,0,0,0,0,0,0,0,0,0,0,0,0,0,0,0,1,1,1,0,0,0,0,1,1,1,1,1,1,0,1,1,0,0,0,0,0,0,0,0,1,1,1,1,1,1,1,1,1,1,1,1,1,1,1,1,1,1,1,1,1,1,1,1,1,1,1,1,1,1,1,1,1,1,1,1,1,1,1,1,1,1,1,1,1,1,1,1,1
2026-09-23T22:00:00Z,2026-09-23T21:30:00Z,30,4617.0,2026-09-23T15:05:05Z,semo_pub_dailyloadfcst_202609231505,384.9166666666667,1,744.0,2026-09-23T15:05:05Z,semo_pub_dailyloadfcst_202609231505,384.9166666666667,1,3873.0,2026-09-23T15:05:05Z,semo_pub_dailyloadfcst_202609231505,384.9166666666667,1,500.0,2026-09-23T06:00:11Z,semo_pub_dailyintconntc_202609230600,929.8166666666668,1,530.0,2026-09-23T06:00:11Z,semo_pub_dailyintconntc_202609230600,929.8166666666668,1,513.0,2026-09-23T06:00:11Z,semo_pub_dailyintconntc_202609230600,929.8166666666668,1,500.0,2026-09-23T06:00:11Z,semo_pub_dailyintconntc_202609230600,929.8166666666668,1,500.0,2026-09-23T06:00:11Z,semo_pub_dailyintconntc_202609230600,929.8166666666668,1,504.0,2026-09-23T06:00:11Z,semo_pub_dailyintconntc_202609230600,929.8166666666668,1,0.0,2026-09-23T15:23:12Z,smartgrid_solar_snapshot_2026-09-23,366.8,1,556.642,2026-09-23T12:23:53Z,semo_pub_15minaggwindfcst_202609231223,546.1166666666667,1,0,4193.018,1419.814,2.08,204.605,254.74650000000003,372.545,0.5236000000000001,2026-08-31T23:00:00Z,33030.0,1,,,,0,1,1,0,0,0,0,0,0,0,556.642,4060.358,0.12056356941737059,0.0,,,,,,,831.8965000000001,0.30074474767164827,,,475,38.88708187614629,106.0,0.0,23,165.67620579500124,562.3109999999999,0.0,1,0.0,0.0,,,,,,,,,,,,,,,,,,,,,,,,,,,,,,,,,,,,,,,,,,,,,,,,,,0,0,0,0,0,0,0,0,0,0,0,0,0,0,0,0,0,0,0,0,0,0,0,0,0,0,0,0,0,0,0,0,0,1,1,1,0,0,0,0,1,1,1,1,1,1,0,1,1,0,0,0,0,0,0,0,0,1,1,1,1,1,1,1,1,1,1,1,1,1,1,1,1,1,1,1,1,1,1,1,1,1,1,1,1,1,1,1,1,1,1,1,1,1,1,1,1,1,1,1,1,1,1,1,1,1
2026-09-23T22:30:00Z,2026-09-23T21:30:00Z,60,4464.0,2026-09-23T15:05:05Z,semo_pub_dailyloadfcst_202609231505,384.9166666666667,1,685.0,2026-09-23T15:05:05Z,semo_pub_dailyloadfcst_202609231505,384.9166666666667,1,3779.0,2026-09-23T15:05:05Z,semo_pub_dailyloadfcst_202609231505,384.9166666666667,1,,,,,0,,,,,0,,,,,0,,,,,0,,,,,0,,,,,0,0.0,2026-09-23T15:23:12Z,smartgrid_solar_snapshot_2026-09-23,366.8,1,766.535,2026-09-23T12:23:53Z,semo_pub_15minaggwindfcst_202609231223,546.1166666666667,1,0,4193.018,1419.814,2.08,204.605,254.74650000000003,372.545,0.5236000000000001,2026-08-31T23:00:00Z,33030.0,1,,,,0,1,1,0,1,1,1,1,1,1,766.535,3697.465,0.17171482974910393,0.0,,,,,,,831.8965000000001,0.3580715725806452,,,475,21.00604360997197,82.0,0.0,23,214.2633131046875,663.6429999999999,0.0,1,0.0,0.0,,,,,,,,,,,,,,,,,,,,,,,,,,,,,,,,,,,,,,,,,,,,,,,,,,0,0,0,0,0,0,0,0,0,1,1,1,1,1,1,1,1,1,1,1,1,1,1,1,1,1,1,0,0,0,0,0,0,1,1,1,0,0,0,0,1,1,1,1,1,1,0,1,1,0,0,0,0,0,0,0,0,1,1,1,1,1,1,1,1,1,1,1,1,1,1,1,1,1,1,1,1,1,1,1,1,1,1,1,1,1,1,1,1,1,1,1,1,1,1,1,1,1,1,1,1,1,1,1,1,1
2026-09-23T22:30:00Z,2026-09-23T22:00:00Z,30,4464.0,2026-09-23T15:05:05Z,semo_pub_dailyloadfcst_202609231505,414.9166666666667,1,685.0,2026-09-23T15:05:05Z,semo_pub_dailyloadfcst_202609231505,414.9166666666667,1,3779.0,2026-09-23T15:05:05Z,semo_pub_dailyloadfcst_202609231505,414.9166666666667,1,,,,,0,,,,,0,,,,,0,,,,,0,,,,,0,,,,,0,0.0,2026-09-23T15:23:12Z,smartgrid_solar_snapshot_2026-09-23,396.8,1,766.535,2026-09-23T12:23:53Z,semo_pub_15minaggwindfcst_202609231223,576.1166666666667,1,0,4193.018,1419.814,2.08,204.605,254.74650000000003,372.545,0.5236000000000001,2026-08-31T23:00:00Z,33060.0,1,,,,0,1,1,0,1,1,1,1,1,1,766.535,3697.465,0.17171482974910393,0.0,,,,,,,831.8965000000001,0.3580715725806452,,,475,21.00604360997197,82.0,0.0,23,214.2633131046875,663.6429999999999,0.0,1,0.0,0.0,,,,,,,,,,,,,,,,,,,,,,,,,,,,,,,,,,,,,,,,,,,,,,,,,,0,0,0,0,0,0,0,0,0,1,1,1,1,1,1,1,1,1,1,1,1,1,1,1,1,1,1,0,0,0,0,0,0,1,1,1,0,0,0,0,1,1,1,1,1,1,0,1,1,0,0,0,0,0,0,0,0,1,1,1,1,1,1,1,1,1,1,1,1,1,1,1,1,1,1,1,1,1,1,1,1,1,1,1,1,1,1,1,1,1,1,1,1,1,1,1,1,1,1,1,1,1,1,1,1,1
2026-09-23T23:00:00Z,2026-09-23T22:00:00Z,60,4324.0,2026-09-23T15:05:05Z,semo_pub_dailyloadfcst_202609231505,414.9166666666667,1,630.0,2026-09-23T15:05:05Z,semo_pub_dailyloadfcst_202609231505,414.9166666666667,1,3694.0,2026-09-23T15:05:05Z,semo_pub_dailyloadfcst_202609231505,414.9166666666667,1,500.0,2026-09-23T06:00:11Z,semo_pub_dailyintconntc_202609230600,959.8166666666668,1,530.0,2026-09-23T06:00:11Z,semo_pub_dailyintconntc_202609230600,959.8166666666668,1,513.0,2026-09-23T06:00:11Z,semo_pub_dailyintconntc_202609230600,959.8166666666668,1,500.0,2026-09-23T06:00:11Z,semo_pub_dailyintconntc_202609230600,959.8166666666668,1,500.0,2026-09-23T06:00:11Z,semo_pub_dailyintconntc_202609230600,959.8166666666668,1,504.0,2026-09-23T06:00:11Z,semo_pub_dailyintconntc_202609230600,959.8166666666668,1,0.0,2026-09-23T15:23:12Z,smartgrid_solar_snapshot_2026-09-23,396.8,1,976.422,2026-09-23T12:23:53Z,semo_pub_15minaggwindfcst_202609231223,576.1166666666667,1,0,4193.018,1419.814,2.08,204.605,254.74650000000003,372.545,0.5236000000000001,2026-08-31T23:00:00Z,33060.0,1,,,,0,1,1,0,0,0,0,0,0,0,976.422,3347.578,0.2258145235892692,0.0,,,,,,,831.8965000000001,0.41820501850138764,,,475,24.340287135515375,62.0,0.0,23,265.7305747125149,768.739,0.0,1,0.0,0.0,,,,,,,,,,,,,,,,,,,,,,,,,,,,,,,,,,,,,,,,,,,,,,,,,,0,0,0,0,0,0,0,0,0,0,0,0,0,0,0,0,0,0,0,0,0,0,0,0,0,0,0,0,0,0,0,0,0,1,1,1,0,0,0,0,1,1,1,1,1,1,0,1,1,0,0,0,0,0,0,0,0,1,1,1,1,1,1,1,1,1,1,1,1,1,1,1,1,1,1,1,1,1,1,1,1,1,1,1,1,1,1,1,1,1,1,1,1,1,1,1,1,1,1,1,1,1,1,1,1,1
2026-09-23T23:00:00Z,2026-09-23T22:30:00Z,30,4324.0,2026-09-23T15:05:05Z,semo_pub_dailyloadfcst_202609231505,444.9166666666667,1,630.0,2026-09-23T15:05:05Z,semo_pub_dailyloadfcst_202609231505,444.9166666666667,1,3694.0,2026-09-23T15:05:05Z,semo_pub_dailyloadfcst_202609231505,444.9166666666667,1,500.0,2026-09-23T06:00:11Z,semo_pub_dailyintconntc_202609230600,989.8166666666668,1,530.0,2026-09-23T06:00:11Z,semo_pub_dailyintconntc_202609230600,989.8166666666668,1,513.0,2026-09-23T06:00:11Z,semo_pub_dailyintconntc_202609230600,989.8166666666668,1,500.0,2026-09-23T06:00:11Z,semo_pub_dailyintconntc_202609230600,989.8166666666668,1,500.0,2026-09-23T06:00:11Z,semo_pub_dailyintconntc_202609230600,989.8166666666668,1,504.0,2026-09-23T06:00:11Z,semo_pub_dailyintconntc_202609230600,989.8166666666668,1,0.0,2026-09-23T15:23:12Z,smartgrid_solar_snapshot_2026-09-23,426.8,1,976.422,2026-09-23T12:23:53Z,semo_pub_15minaggwindfcst_202609231223,606.1166666666667,1,0,4193.018,1419.814,2.08,204.605,254.74650000000003,372.545,0.5236000000000001,2026-08-31T23:00:00Z,33090.0,1,,,,0,1,1,0,0,0,0,0,0,0,976.422,3347.578,0.2258145235892692,0.0,,,,,,,831.8965000000001,0.41820501850138764,,,475,24.340287135515375,62.0,0.0,23,265.7305747125149,768.739,0.0,1,0.0,0.0,,,,,,,,,,,,,,,,,,,,,,,,,,,,,,,,,,,,,,,,,,,,,,,,,,0,0,0,0,0,0,0,0,0,0,0,0,0,0,0,0,0,0,0,0,0,0,0,0,0,0,0,0,0,0,0,0,0,1,1,1,0,0,0,0,1,1,1,1,1,1,0,1,1,0,0,0,0,0,0,0,0,1,1,1,1,1,1,1,1,1,1,1,1,1,1,1,1,1,1,1,1,1,1,1,1,1,1,1,1,1,1,1,1,1,1,1,1,1,1,1,1,1,1,1,1,1,1,1,1,1
2026-09-23T23:30:00Z,2026-09-23T22:30:00Z,60,4275.0,2026-09-23T15:05:05Z,semo_pub_dailyloadfcst_202609231505,444.9166666666667,1,606.0,2026-09-23T15:05:05Z,semo_pub_dailyloadfcst_202609231505,444.9166666666667,1,3669.0,2026-09-23T15:05:05Z,semo_pub_dailyloadfcst_202609231505,444.9166666666667,1,,,,,0,,,,,0,,,,,0,,,,,0,,,,,0,,,,,0,0.0,2026-09-23T15:23:12Z,smartgrid_solar_snapshot_2026-09-23,426.8,1,1229.22,2026-09-23T12:23:53Z,semo_pub_15minaggwindfcst_202609231223,606.1166666666667,1,0,4193.018,1419.814,2.08,204.605,254.74650000000003,372.545,0.5236000000000001,2026-08-31T23:00:00Z,33090.0,1,,,,0,1,1,0,1,1,1,1,1,1,1229.22,3045.7799999999997,0.28753684210526315,0.0,,,,,,,831.8965000000001,0.48213251461988305,,,475,22.456270832954246,58.0,0.0,23,314.4231134141257,885.481,0.0,1,0.0,0.0,,,,,,,,,,,,,,,,,,,,,,,,,,,,,,,,,,,,,,,,,,,,,,,,,,0,0,0,0,0,0,0,0,0,1,1,1,1,1,1,1,1,1,1,1,1,1,1,1,1,1,1,0,0,0,0,0,0,1,1,1,0,0,0,0,1,1,1,1,1,1,0,1,1,0,0,0,0,0,0,0,0,1,1,1,1,1,1,1,1,1,1,1,1,1,1,1,1,1,1,1,1,1,1,1,1,1,1,1,1,1,1,1,1,1,1,1,1,1,1,1,1,1,1,1,1,1,1,1,1,1
2026-09-23T23:30:00Z,2026-09-23T23:00:00Z,30,4275.0,2026-09-23T15:05:05Z,semo_pub_dailyloadfcst_202609231505,474.9166666666667,1,606.0,2026-09-23T15:05:05Z,semo_pub_dailyloadfcst_202609231505,474.9166666666667,1,3669.0,2026-09-23T15:05:05Z,semo_pub_dailyloadfcst_202609231505,474.9166666666667,1,,,,,0,,,,,0,,,,,0,,,,,0,,,,,0,,,,,0,0.0,2026-09-23T15:23:12Z,smartgrid_solar_snapshot_2026-09-23,456.8,1,1229.22,2026-09-23T12:23:53Z,semo_pub_15minaggwindfcst_202609231223,636.1166666666667,1,0,4193.018,1419.814,2.08,204.605,254.74650000000003,372.545,0.5236000000000001,2026-08-31T23:00:00Z,33120.0,1,,,,0,1,1,0,1,1,1,1,1,1,1229.22,3045.7799999999997,0.28753684210526315,0.0,,,,,,,831.8965000000001,0.48213251461988305,,,475,22.456270832954246,58.0,0.0,23,314.4231134141257,885.481,0.0,1,0.0,0.0,,,,,,,,,,,,,,,,,,,,,,,,,,,,,,,,,,,,,,,,,,,,,,,,,,0,0,0,0,0,0,0,0,0,1,1,1,1,1,1,1,1,1,1,1,1,1,1,1,1,1,1,0,0,0,0,0,0,1,1,1,0,0,0,0,1,1,1,1,1,1,0,1,1,0,0,0,0,0,0,0,0,1,1,1,1,1,1,1,1,1,1,1,1,1,1,1,1,1,1,1,1,1,1,1,1,1,1,1,1,1,1,1,1,1,1,1,1,1,1,1,1,1,1,1,1,1,1,1,1,1
2026-09-24T00:00:00Z,2026-09-23T23:00:00Z,60,4182.0,2026-09-23T15:05:05Z,semo_pub_dailyloadfcst_202609231505,474.9166666666667,1,594.0,2026-09-23T15:05:05Z,semo_pub_dailyloadfcst_202609231505,474.9166666666667,1,3588.0,2026-09-23T15:05:05Z,semo_pub_dailyloadfcst_202609231505,474.9166666666667,1,500.0,2026-09-23T06:00:11Z,semo_pub_dailyintconntc_202609230600,1019.8166666666668,1,530.0,2026-09-23T06:00:11Z,semo_pub_dailyintconntc_202609230600,1019.8166666666668,1,513.0,2026-09-23T06:00:11Z,semo_pub_dailyintconntc_202609230600,1019.8166666666668,1,500.0,2026-09-23T06:00:11Z,semo_pub_dailyintconntc_202609230600,1019.8166666666668,1,500.0,2026-09-23T06:00:11Z,semo_pub_dailyintconntc_202609230600,1019.8166666666668,1,504.0,2026-09-23T06:00:11Z,semo_pub_dailyintconntc_202609230600,1019.8166666666668,1,0.0,2026-09-23T15:23:12Z,smartgrid_solar_snapshot_2026-09-23,456.8,1,1482.009,2026-09-23T12:23:53Z,semo_pub_15minaggwindfcst_202609231223,636.1166666666667,1,0,4193.018,1419.814,2.08,204.605,254.74650000000003,372.545,0.5236000000000001,2026-08-31T23:00:00Z,33120.0,1,,,,0,1,1,0,0,0,0,0,0,0,1482.009,2699.991,0.3543780487804878,0.0,,,,,,,831.8965000000001,0.5533011716881875,,,475,38.92751334584394,93.0,0.0,23,365.4772938900665,1086.004,0.0,1,0.0,0.0,,,,,,,,,,,,,,,,,,,,,,,,,,,,,,,,,,,,,,,,,,,,,,,,,,0,0,0,0,0,0,0,0,0,0,0,0,0,0,0,0,0,0,0,0,0,0,0,0,0,0,0,0,0,0,0,0,0,1,1,1,0,0,0,0,1,1,1,1,1,1,0,1,1,0,0,0,0,0,0,0,0,1,1,1,1,1,1,1,1,1,1,1,1,1,1,1,1,1,1,1,1,1,1,1,1,1,1,1,1,1,1,1,1,1,1,1,1,1,1,1,1,1,1,1,1,1,1,1,1,1
2026-09-24T00:00:00Z,2026-09-23T23:30:00Z,30,4182.0,2026-09-23T15:05:05Z,semo_pub_dailyloadfcst_202609231505,504.9166666666667,1,594.0,2026-09-23T15:05:05Z,semo_pub_dailyloadfcst_202609231505,504.9166666666667,1,3588.0,2026-09-23T15:05:05Z,semo_pub_dailyloadfcst_202609231505,504.9166666666667,1,500.0,2026-09-23T06:00:11Z,semo_pub_dailyintconntc_202609230600,1049.8166666666666,1,530.0,2026-09-23T06:00:11Z,semo_pub_dailyintconntc_202609230600,1049.8166666666666,1,513.0,2026-09-23T06:00:11Z,semo_pub_dailyintconntc_202609230600,1049.8166666666666,1,500.0,2026-09-23T06:00:11Z,semo_pub_dailyintconntc_202609230600,1049.8166666666666,1,500.0,2026-09-23T06:00:11Z,semo_pub_dailyintconntc_202609230600,1049.8166666666666,1,504.0,2026-09-23T06:00:11Z,semo_pub_dailyintconntc_202609230600,1049.8166666666666,1,0.0,2026-09-23T15:23:12Z,smartgrid_solar_snapshot_2026-09-23,486.8,1,1482.009,2026-09-23T12:23:53Z,semo_pub_15minaggwindfcst_202609231223,666.1166666666667,1,0,4193.018,1419.814,2.08,204.605,254.74650000000003,372.545,0.5236000000000001,2026-08-31T23:00:00Z,33150.0,1,,,,0,1,1,0,0,0,0,0,0,0,1482.009,2699.991,0.3543780487804878,0.0,,,,,,,831.8965000000001,0.5533011716881875,,,475,38.92751334584394,93.0,0.0,23,365.4772938900665,1086.004,0.0,1,0.0,0.0,,,,,,,,,,,,,,,,,,,,,,,,,,,,,,,,,,,,,,,,,,,,,,,,,,0,0,0,0,0,0,0,0,0,0,0,0,0,0,0,0,0,0,0,0,0,0,0,0,0,0,0,0,0,0,0,0,0,1,1,1,0,0,0,0,1,1,1,1,1,1,0,1,1,0,0,0,0,0,0,0,0,1,1,1,1,1,1,1,1,1,1,1,1,1,1,1,1,1,1,1,1,1,1,1,1,1,1,1,1,1,1,1,1,1,1,1,1,1,1,1,1,1,1,1,1,1,1,1,1,1
2026-09-24T00:30:00Z,2026-09-23T23:30:00Z,60,4141.0,2026-09-23T15:05:05Z,semo_pub_dailyloadfcst_202609231505,504.9166666666667,1,585.0,2026-09-23T15:05:05Z,semo_pub_dailyloadfcst_202609231505,504.9166666666667,1,3556.0,2026-09-23T15:05:05Z,semo_pub_dailyloadfcst_202609231505,504.9166666666667,1,,,,,0,,,,,0,,,,,0,,,,,0,,,,,0,,,,,0,0.0,2026-09-23T15:23:12Z,smartgrid_solar_snapshot_2026-09-23,486.8,1,1660.383,2026-09-23T12:23:53Z,semo_pub_15minaggwindfcst_202609231223,666.1166666666667,1,0,4193.018,1419.814,2.08,204.605,254.74650000000003,372.545,0.5236000000000001,2026-08-31T23:00:00Z,33150.0,1,,,,0,1,1,0,1,1,1,1,1,1,1660.383,2480.617,0.4009618449649843,0.0,,,,,,,831.8965000000001,0.6018545037430573,,,475,35.64180035309626,87.0,0.0,23,396.96364797292176,1204.318,0.0,1,0.0,0.0,,,,,,,,,,,,,,,,,,,,,,,,,,,,,,,,,,,,,,,,,,,,,,,,,,0,0,0,0,0,0,0,0,0,1,1,1,1,1,1,1,1,1,1,1,1,1,1,1,1,1,1,0,0,0,0,0,0,1,1,1,0,0,0,0,1,1,1,1,1,1,0,1,1,0,0,0,0,0,0,0,0,1,1,1,1,1,1,1,1,1,1,1,1,1,1,1,1,1,1,1,1,1,1,1,1,1,1,1,1,1,1,1,1,1,1,1,1,1,1,1,1,1,1,1,1,1,1,1,1,1
2026-09-24T00:30:00Z,2026-09-24T00:00:00Z,30,4141.0,2026-09-23T15:05:05Z,semo_pub_dailyloadfcst_202609231505,534.9166666666666,1,585.0,2026-09-23T15:05:05Z,semo_pub_dailyloadfcst_202609231505,534.9166666666666,1,3556.0,2026-09-23T15:05:05Z,semo_pub_dailyloadfcst_202609231505,534.9166666666666,1,,,,,0,,,,,0,,,,,0,,,,,0,,,,,0,,,,,0,0.0,2026-09-23T15:23:12Z,smartgrid_solar_snapshot_2026-09-23,516.8,1,1660.383,2026-09-23T12:23:53Z,semo_pub_15minaggwindfcst_202609231223,696.1166666666667,1,0,4193.018,1419.814,2.08,204.605,254.74650000000003,372.545,0.5236000000000001,2026-08-31T23:00:00Z,33180.0,1,,,,0,1,1,0,1,1,1,1,1,1,1660.383,2480.617,0.4009618449649843,0.0,,,,,,,831.8965000000001,0.6018545037430573,,,475,35.64180035309626,87.0,0.0,23,396.96364797292176,1204.318,0.0,1,0.0,0.0,,,,,,,,,,,,,,,,,,,,,,,,,,,,,,,,,,,,,,,,,,,,,,,,,,0,0,0,0,0,0,0,0,0,1,1,1,1,1,1,1,1,1,1,1,1,1,1,1,1,1,1,0,0,0,0,0,0,1,1,1,0,0,0,0,1,1,1,1,1,1,0,1,1,0,0,0,0,0,0,0,0,1,1,1,1,1,1,1,1,1,1,1,1,1,1,1,1,1,1,1,1,1,1,1,1,1,1,1,1,1,1,1,1,1,1,1,1,1,1,1,1,1,1,1,1,1,1,1,1,1
2026-09-24T01:00:00Z,2026-09-24T00:00:00Z,60,4100.0,2026-09-23T15:05:05Z,semo_pub_dailyloadfcst_202609231505,534.9166666666666,1,574.0,2026-09-23T15:05:05Z,semo_pub_dailyloadfcst_202609231505,534.9166666666666,1,3526.0,2026-09-23T15:05:05Z,semo_pub_dailyloadfcst_202609231505,534.9166666666666,1,500.0,2026-09-23T06:00:11Z,semo_pub_dailyintconntc_202609230600,1079.8166666666666,1,530.0,2026-09-23T06:00:11Z,semo_pub_dailyintconntc_202609230600,1079.8166666666666,1,513.0,2026-09-23T06:00:11Z,semo_pub_dailyintconntc_202609230600,1079.8166666666666,1,500.0,2026-09-23T06:00:11Z,semo_pub_dailyintconntc_202609230600,1079.8166666666666,1,500.0,2026-09-23T06:00:11Z,semo_pub_dailyintconntc_202609230600,1079.8166666666666,1,504.0,2026-09-23T06:00:11Z,semo_pub_dailyintconntc_202609230600,1079.8166666666666,1,0.0,2026-09-23T15:23:12Z,smartgrid_solar_snapshot_2026-09-23,516.8,1,1838.752,2026-09-23T12:23:53Z,semo_pub_15minaggwindfcst_202609231223,696.1166666666667,1,0,4193.018,1419.814,2.08,204.605,254.74650000000003,372.545,0.5236000000000001,2026-08-31T23:00:00Z,33180.0,1,,,,0,1,1,0,0,0,0,0,0,0,1838.752,2261.248,0.4484760975609756,0.0,,,,,,,831.8965000000001,0.6513776829268293,,,475,21.55606242213114,61.0,0.0,23,429.9096159877794,1322.616,0.0,1,0.0,0.0,,,,,,,,,,,,,,,,,,,,,,,,,,,,,,,,,,,,,,,,,,,,,,,,,,0,0,0,0,0,0,0,0,0,0,0,0,0,0,0,0,0,0,0,0,0,0,0,0,0,0,0,0,0,0,0,0,0,1,1,1,0,0,0,0,1,1,1,1,1,1,0,1,1,0,0,0,0,0,0,0,0,1,1,1,1,1,1,1,1,1,1,1,1,1,1,1,1,1,1,1,1,1,1,1,1,1,1,1,1,1,1,1,1,1,1,1,1,1,1,1,1,1,1,1,1,1,1,1,1,1
2026-09-24T01:00:00Z,2026-09-24T00:30:00Z,30,4100.0,2026-09-23T15:05:05Z,semo_pub_dailyloadfcst_202609231505,564.9166666666666,1,574.0,2026-09-23T15:05:05Z,semo_pub_dailyloadfcst_202609231505,564.9166666666666,1,3526.0,2026-09-23T15:05:05Z,semo_pub_dailyloadfcst_202609231505,564.9166666666666,1,500.0,2026-09-23T06:00:11Z,semo_pub_dailyintconntc_202609230600,1109.8166666666666,1,530.0,2026-09-23T06:00:11Z,semo_pub_dailyintconntc_202609230600,1109.8166666666666,1,513.0,2026-09-23T06:00:11Z,semo_pub_dailyintconntc_202609230600,1109.8166666666666,1,500.0,2026-09-23T06:00:11Z,semo_pub_dailyintconntc_202609230600,1109.8166666666666,1,500.0,2026-09-23T06:00:11Z,semo_pub_dailyintconntc_202609230600,1109.8166666666666,1,504.0,2026-09-23T06:00:11Z,semo_pub_dailyintconntc_202609230600,1109.8166666666666,1,0.0,2026-09-23T15:23:12Z,smartgrid_solar_snapshot_2026-09-23,546.8,1,1838.752,2026-09-23T12:23:53Z,semo_pub_15minaggwindfcst_202609231223,726.1166666666667,1,0,4193.018,1419.814,2.08,204.605,254.74650000000003,372.545,0.5236000000000001,2026-08-31T23:00:00Z,33210.0,1,,,,0,1,1,0,0,0,0,0,0,0,1838.752,2261.248,0.4484760975609756,0.0,,,,,,,831.8965000000001,0.6513776829268293,,,475,21.55606242213114,61.0,0.0,23,429.9096159877794,1322.616,0.0,1,0.0,0.0,,,,,,,,,,,,,,,,,,,,,,,,,,,,,,,,,,,,,,,,,,,,,,,,,,0,0,0,0,0,0,0,0,0,0,0,0,0,0,0,0,0,0,0,0,0,0,0,0,0,0,0,0,0,0,0,0,0,1,1,1,0,0,0,0,1,1,1,1,1,1,0,1,1,0,0,0,0,0,0,0,0,1,1,1,1,1,1,1,1,1,1,1,1,1,1,1,1,1,1,1,1,1,1,1,1,1,1,1,1,1,1,1,1,1,1,1,1,1,1,1,1,1,1,1,1,1,1,1,1,1
2026-09-24T01:30:00Z,2026-09-24T00:30:00Z,60,4157.0,2026-09-23T15:05:05Z,semo_pub_dailyloadfcst_202609231505,564.9166666666666,1,579.0,2026-09-23T15:05:05Z,semo_pub_dailyloadfcst_202609231505,564.9166666666666,1,3578.0,2026-09-23T15:05:05Z,semo_pub_dailyloadfcst_202609231505,564.9166666666666,1,,,,,0,,,,,0,,,,,0,,,,,0,,,,,0,,,,,0,0.0,2026-09-23T15:23:12Z,smartgrid_solar_snapshot_2026-09-23,546.8,1,1967.922,2026-09-23T12:23:53Z,semo_pub_15minaggwindfcst_202609231223,726.1166666666667,1,0,4193.018,1419.814,2.08,204.605,254.74650000000003,372.545,0.5236000000000001,2026-08-31T23:00:00Z,33210.0,1,,,,0,1,1,0,1,1,1,1,1,1,1967.922,2189.078,0.4733995669954294,0.0,,,,,,,831.8965000000001,0.6735190040894877,,,475,14.694193927536665,40.0,0.0,23,437.86434065595665,1375.4470000000001,0.0,1,0.0,0.0,,,,,,,,,,,,,,,,,,,,,,,,,,,,,,,,,,,,,,,,,,,,,,,,,,0,0,0,0,0,0,0,0,0,1,1,1,1,1,1,1,1,1,1,1,1,1,1,1,1,1,1,0,0,0,0,0,0,1,1,1,0,0,0,0,1,1,1,1,1,1,0,1,1,0,0,0,0,0,0,0,0,1,1,1,1,1,1,1,1,1,1,1,1,1,1,1,1,1,1,1,1,1,1,1,1,1,1,1,1,1,1,1,1,1,1,1,1,1,1,1,1,1,1,1,1,1,1,1,1,1
2026-09-24T01:30:00Z,2026-09-24T01:00:00Z,30,4157.0,2026-09-23T15:05:05Z,semo_pub_dailyloadfcst_202609231505,594.9166666666666,1,579.0,2026-09-23T15:05:05Z,semo_pub_dailyloadfcst_202609231505,594.9166666666666,1,3578.0,2026-09-23T15:05:05Z,semo_pub_dailyloadfcst_202609231505,594.9166666666666,1,,,,,0,,,,,0,,,,,0,,,,,0,,,,,0,,,,,0,0.0,2026-09-23T15:23:12Z,smartgrid_solar_snapshot_2026-09-23,576.8,1,1967.922,2026-09-23T12:23:53Z,semo_pub_15minaggwindfcst_202609231223,756.1166666666667,1,0,4193.018,1419.814,2.08,204.605,254.74650000000003,372.545,0.5236000000000001,2026-08-31T23:00:00Z,33240.0,1,,,,0,1,1,0,1,1,1,1,1,1,1967.922,2189.078,0.4733995669954294,0.0,,,,,,,831.8965000000001,0.6735190040894877,,,475,14.694193927536665,40.0,0.0,23,437.86434065595665,1375.4470000000001,0.0,1,0.0,0.0,,,,,,,,,,,,,,,,,,,,,,,,,,,,,,,,,,,,,,,,,,,,,,,,,,0,0,0,0,0,0,0,0,0,1,1,1,1,1,1,1,1,1,1,1,1,1,1,1,1,1,1,0,0,0,0,0,0,1,1,1,0,0,0,0,1,1,1,1,1,1,0,1,1,0,0,0,0,0,0,0,0,1,1,1,1,1,1,1,1,1,1,1,1,1,1,1,1,1,1,1,1,1,1,1,1,1,1,1,1,1,1,1,1,1,1,1,1,1,1,1,1,1,1,1,1,1,1,1,1,1
2026-09-24T02:00:00Z,2026-09-24T01:00:00Z,60,4117.0,2026-09-23T15:05:05Z,semo_pub_dailyloadfcst_202609231505,594.9166666666666,1,573.0,2026-09-23T15:05:05Z,semo_pub_dailyloadfcst_202609231505,594.9166666666666,1,3544.0,2026-09-23T15:05:05Z,semo_pub_dailyloadfcst_202609231505,594.9166666666666,1,500.0,2026-09-23T06:00:11Z,semo_pub_dailyintconntc_202609230600,1139.8166666666666,1,530.0,2026-09-23T06:00:11Z,semo_pub_dailyintconntc_202609230600,1139.8166666666666,1,513.0,2026-09-23T06:00:11Z,semo_pub_dailyintconntc_202609230600,1139.8166666666666,1,500.0,2026-09-23T06:00:11Z,semo_pub_dailyintconntc_202609230600,1139.8166666666666,1,500.0,2026-09-23T06:00:11Z,semo_pub_dailyintconntc_202609230600,1139.8166666666666,1,504.0,2026-09-23T06:00:11Z,semo_pub_dailyintconntc_202609230600,1139.8166666666666,1,0.0,2026-09-23T15:23:12Z,smartgrid_solar_snapshot_2026-09-23,576.8,1,2097.086,2026-09-23T12:23:53Z,semo_pub_15minaggwindfcst_202609231223,756.1166666666667,1,0,4193.018,1419.814,2.08,204.605,254.74650000000003,372.545,0.5236000000000001,2026-08-31T23:00:00Z,33240.0,1,,,,0,1,1,0,0,0,0,0,0,0,2097.086,2019.9140000000002,0.5093723585134806,0.0,,,,,,,831.8965000000001,0.7114361185329123,,,475,5.749359207941269,19.0,0.0,23,447.01374718586595,1428.2679999999998,0.0,1,0.0,0.0,,,,,,,,,,,,,,,,,,,,,,,,,,,,,,,,,,,,,,,,,,,,,,,,,,0,0,0,0,0,0,0,0,0,0,0,0,0,0,0,0,0,0,0,0,0,0,0,0,0,0,0,0,0,0,0,0,0,1,1,1,0,0,0,0,1,1,1,1,1,1,0,1,1,0,0,0,0,0,0,0,0,1,1,1,1,1,1,1,1,1,1,1,1,1,1,1,1,1,1,1,1,1,1,1,1,1,1,1,1,1,1,1,1,1,1,1,1,1,1,1,1,1,1,1,1,1,1,1,1,1
2026-09-24T02:00:00Z,2026-09-24T01:30:00Z,30,4117.0,2026-09-23T15:05:05Z,semo_pub_dailyloadfcst_202609231505,624.9166666666666,1,573.0,2026-09-23T15:05:05Z,semo_pub_dailyloadfcst_202609231505,624.9166666666666,1,3544.0,2026-09-23T15:05:05Z,semo_pub_dailyloadfcst_202609231505,624.9166666666666,1,500.0,2026-09-23T06:00:11Z,semo_pub_dailyintconntc_202609230600,1169.8166666666666,1,530.0,2026-09-23T06:00:11Z,semo_pub_dailyintconntc_202609230600,1169.8166666666666,1,513.0,2026-09-23T06:00:11Z,semo_pub_dailyintconntc_202609230600,1169.8166666666666,1,500.0,2026-09-23T06:00:11Z,semo_pub_dailyintconntc_202609230600,1169.8166666666666,1,500.0,2026-09-23T06:00:11Z,semo_pub_dailyintconntc_202609230600,1169.8166666666666,1,504.0,2026-09-23T06:00:11Z,semo_pub_dailyintconntc_202609230600,1169.8166666666666,1,0.0,2026-09-23T15:23:12Z,smartgrid_solar_snapshot_2026-09-23,606.8,1,2097.086,2026-09-23T12:23:53Z,semo_pub_15minaggwindfcst_202609231223,786.1166666666667,1,0,4193.018,1419.814,2.08,204.605,254.74650000000003,372.545,0.5236000000000001,2026-08-31T23:00:00Z,33270.0,1,,,,0,1,1,0,0,0,0,0,0,0,2097.086,2019.9140000000002,0.5093723585134806,0.0,,,,,,,831.8965000000001,0.7114361185329123,,,475,5.749359207941269,19.0,0.0,23,447.01374718586595,1428.2679999999998,0.0,1,0.0,0.0,,,,,,,,,,,,,,,,,,,,,,,,,,,,,,,,,,,,,,,,,,,,,,,,,,0,0,0,0,0,0,0,0,0,0,0,0,0,0,0,0,0,0,0,0,0,0,0,0,0,0,0,0,0,0,0,0,0,1,1,1,0,0,0,0,1,1,1,1,1,1,0,1,1,0,0,0,0,0,0,0,0,1,1,1,1,1,1,1,1,1,1,1,1,1,1,1,1,1,1,1,1,1,1,1,1,1,1,1,1,1,1,1,1,1,1,1,1,1,1,1,1,1,1,1,1,1,1,1,1,1
2026-09-24T02:30:00Z,2026-09-24T01:30:00Z,60,4095.0,2026-09-23T15:05:05Z,semo_pub_dailyloadfcst_202609231505,624.9166666666666,1,570.0,2026-09-23T15:05:05Z,semo_pub_dailyloadfcst_202609231505,624.9166666666666,1,3525.0,2026-09-23T15:05:05Z,semo_pub_dailyloadfcst_202609231505,624.9166666666666,1,,,,,0,,,,,0,,,,,0,,,,,0,,,,,0,,,,,0,0.0,2026-09-23T15:23:12Z,smartgrid_solar_snapshot_2026-09-23,606.8,1,2210.447,2026-09-23T12:23:53Z,semo_pub_15minaggwindfcst_202609231223,786.1166666666667,1,0,4193.018,1419.814,2.08,204.605,254.74650000000003,372.545,0.5236000000000001,2026-08-31T23:00:00Z,33270.0,1,,,,0,1,1,0,1,1,1,1,1,1,2210.447,1884.5529999999999,0.5397916971916972,0.0,,,,,,,831.8965000000001,0.7429410256410256,,,475,19.62605718873822,51.0,0.0,23,444.05992562895347,1440.3490000000002,0.0,1,0.0,0.0,,,,,,,,,,,,,,,,,,,,,,,,,,,,,,,,,,,,,,,,,,,,,,,,,,0,0,0,0,0,0,0,0,0,1,1,1,1,1,1,1,1,1,1,1,1,1,1,1,1,1,1,0,0,0,0,0,0,1,1,1,0,0,0,0,1,1,1,1,1,1,0,1,1,0,0,0,0,0,0,0,0,1,1,1,1,1,1,1,1,1,1,1,1,1,1,1,1,1,1,1,1,1,1,1,1,1,1,1,1,1,1,1,1,1,1,1,1,1,1,1,1,1,1,1,1,1,1,1,1,1
2026-09-24T02:30:00Z,2026-09-24T02:00:00Z,30,4095.0,2026-09-23T15:05:05Z,semo_pub_dailyloadfcst_202609231505,654.9166666666666,1,570.0,2026-09-23T15:05:05Z,semo_pub_dailyloadfcst_202609231505,654.9166666666666,1,3525.0,2026-09-23T15:05:05Z,semo_pub_dailyloadfcst_202609231505,654.9166666666666,1,,,,,0,,,,,0,,,,,0,,,,,0,,,,,0,,,,,0,0.0,2026-09-23T15:23:12Z,smartgrid_solar_snapshot_2026-09-23,636.8,1,2210.447,2026-09-23T12:23:53Z,semo_pub_15minaggwindfcst_202609231223,816.1166666666667,1,0,4193.018,1419.814,2.08,204.605,254.74650000000003,372.545,0.5236000000000001,2026-08-31T23:00:00Z,33300.0,1,,,,0,1,1,0,1,1,1,1,1,1,2210.447,1884.5529999999999,0.5397916971916972,0.0,,,,,,,831.8965000000001,0.7429410256410256,,,475,19.62605718873822,51.0,0.0,23,444.05992562895347,1440.3490000000002,0.0,1,0.0,0.0,,,,,,,,,,,,,,,,,,,,,,,,,,,,,,,,,,,,,,,,,,,,,,,,,,0,0,0,0,0,0,0,0,0,1,1,1,1,1,1,1,1,1,1,1,1,1,1,1,1,1,1,0,0,0,0,0,0,1,1,1,0,0,0,0,1,1,1,1,1,1,0,1,1,0,0,0,0,0,0,0,0,1,1,1,1,1,1,1,1,1,1,1,1,1,1,1,1,1,1,1,1,1,1,1,1,1,1,1,1,1,1,1,1,1,1,1,1,1,1,1,1,1,1,1,1,1,1,1,1,1
2026-09-24T03:00:00Z,2026-09-24T02:00:00Z,60,4065.0,2026-09-23T15:05:05Z,semo_pub_dailyloadfcst_202609231505,654.9166666666666,1,556.0,2026-09-23T15:05:05Z,semo_pub_dailyloadfcst_202609231505,654.9166666666666,1,3509.0,2026-09-23T15:05:05Z,semo_pub_dailyloadfcst_202609231505,654.9166666666666,1,500.0,2026-09-23T06:00:11Z,semo_pub_dailyintconntc_202609230600,1199.8166666666666,1,530.0,2026-09-23T06:00:11Z,semo_pub_dailyintconntc_202609230600,1199.8166666666666,1,513.0,2026-09-23T06:00:11Z,semo_pub_dailyintconntc_202609230600,1199.8166666666666,1,500.0,2026-09-23T06:00:11Z,semo_pub_dailyintconntc_202609230600,1199.8166666666666,1,500.0,2026-09-23T06:00:11Z,semo_pub_dailyintconntc_202609230600,1199.8166666666666,1,504.0,2026-09-23T06:00:11Z,semo_pub_dailyintconntc_202609230600,1199.8166666666666,1,0.0,2026-09-23T15:23:12Z,smartgrid_solar_snapshot_2026-09-23,636.8,1,2323.806,2026-09-23T12:23:53Z,semo_pub_15minaggwindfcst_202609231223,816.1166666666667,1,0,4193.018,1419.814,2.08,204.605,254.74650000000003,372.545,0.5236000000000001,2026-08-31T23:00:00Z,33300.0,1,,,,0,1,1,0,0,0,0,0,0,0,2323.806,1741.194,0.5716619926199262,0.0,,,,,,,831.8965000000001,0.7763105781057812,,,475,37.902110627611506,85.0,0.0,23,441.8695766943728,1452.446,0.0,1,0.0,0.0,,,,,,,,,,,,,,,,,,,,,,,,,,,,,,,,,,,,,,,,,,,,,,,,,,0,0,0,0,0,0,0,0,0,0,0,0,0,0,0,0,0,0,0,0,0,0,0,0,0,0,0,0,0,0,0,0,0,1,1,1,0,0,0,0,1,1,1,1,1,1,0,1,1,0,0,0,0,0,0,0,0,1,1,1,1,1,1,1,1,1,1,1,1,1,1,1,1,1,1,1,1,1,1,1,1,1,1,1,1,1,1,1,1,1,1,1,1,1,1,1,1,1,1,1,1,1,1,1,1,1
2026-09-24T03:00:00Z,2026-09-24T02:30:00Z,30,4065.0,2026-09-23T15:05:05Z,semo_pub_dailyloadfcst_202609231505,684.9166666666666,1,556.0,2026-09-23T15:05:05Z,semo_pub_dailyloadfcst_202609231505,684.9166666666666,1,3509.0,2026-09-23T15:05:05Z,semo_pub_dailyloadfcst_202609231505,684.9166666666666,1,500.0,2026-09-23T06:00:11Z,semo_pub_dailyintconntc_202609230600,1229.8166666666666,1,530.0,2026-09-23T06:00:11Z,semo_pub_dailyintconntc_202609230600,1229.8166666666666,1,513.0,2026-09-23T06:00:11Z,semo_pub_dailyintconntc_202609230600,1229.8166666666666,1,500.0,2026-09-23T06:00:11Z,semo_pub_dailyintconntc_202609230600,1229.8166666666666,1,500.0,2026-09-23T06:00:11Z,semo_pub_dailyintconntc_202609230600,1229.8166666666666,1,504.0,2026-09-23T06:00:11Z,semo_pub_dailyintconntc_202609230600,1229.8166666666666,1,0.0,2026-09-23T15:23:12Z,smartgrid_solar_snapshot_2026-09-23,666.8,1,2323.806,2026-09-23T12:23:53Z,semo_pub_15minaggwindfcst_202609231223,846.1166666666667,1,0,4193.018,1419.814,2.08,204.605,254.74650000000003,372.545,0.5236000000000001,2026-08-31T23:00:00Z,33330.0,1,,,,0,1,1,0,0,0,0,0,0,0,2323.806,1741.194,0.5716619926199262,0.0,,,,,,,831.8965000000001,0.7763105781057812,,,475,37.902110627611506,85.0,0.0,23,441.8695766943728,1452.446,0.0,1,0.0,0.0,,,,,,,,,,,,,,,,,,,,,,,,,,,,,,,,,,,,,,,,,,,,,,,,,,0,0,0,0,0,0,0,0,0,0,0,0,0,0,0,0,0,0,0,0,0,0,0,0,0,0,0,0,0,0,0,0,0,1,1,1,0,0,0,0,1,1,1,1,1,1,0,1,1,0,0,0,0,0,0,0,0,1,1,1,1,1,1,1,1,1,1,1,1,1,1,1,1,1,1,1,1,1,1,1,1,1,1,1,1,1,1,1,1,1,1,1,1,1,1,1,1,1,1,1,1,1,1,1,1,1
2026-09-24T03:30:00Z,2026-09-24T02:30:00Z,60,4050.0,2026-09-23T15:05:05Z,semo_pub_dailyloadfcst_202609231505,684.9166666666666,1,550.0,2026-09-23T15:05:05Z,semo_pub_dailyloadfcst_202609231505,684.9166666666666,1,3500.0,2026-09-23T15:05:05Z,semo_pub_dailyloadfcst_202609231505,684.9166666666666,1,,,,,0,,,,,0,,,,,0,,,,,0,,,,,0,,,,,0,0.0,2026-09-23T15:23:12Z,smartgrid_solar_snapshot_2026-09-23,666.8,1,2403.816,2026-09-23T12:23:53Z,semo_pub_15minaggwindfcst_202609231223,846.1166666666667,1,0,4193.018,1419.814,2.08,204.605,254.74650000000003,372.545,0.5236000000000001,2026-08-31T23:00:00Z,33330.0,1,,,,0,1,1,0,1,1,1,1,1,1,2403.816,1646.1840000000002,0.5935348148148147,0.0,,,,,,,831.8965000000001,0.7989413580246912,,,475,61.133549425613765,134.0,0.0,23,435.07035949398664,1435.2169999999996,0.0,1,0.0,0.0,,,,,,,,,,,,,,,,,,,,,,,,,,,,,,,,,,,,,,,,,,,,,,,,,,0,0,0,0,0,0,0,0,0,1,1,1,1,1,1,1,1,1,1,1,1,1,1,1,1,1,1,0,0,0,0,0,0,1,1,1,0,0,0,0,1,1,1,1,1,1,0,1,1,0,0,0,0,0,0,0,0,1,1,1,1,1,1,1,1,1,1,1,1,1,1,1,1,1,1,1,1,1,1,1,1,1,1,1,1,1,1,1,1,1,1,1,1,1,1,1,1,1,1,1,1,1,1,1,1,1
2026-09-24T03:30:00Z,2026-09-24T03:00:00Z,30,4050.0,2026-09-23T15:05:05Z,semo_pub_dailyloadfcst_202609231505,714.9166666666666,1,550.0,2026-09-23T15:05:05Z,semo_pub_dailyloadfcst_202609231505,714.9166666666666,1,3500.0,2026-09-23T15:05:05Z,semo_pub_dailyloadfcst_202609231505,714.9166666666666,1,,,,,0,,,,,0,,,,,0,,,,,0,,,,,0,,,,,0,0.0,2026-09-23T15:23:12Z,smartgrid_solar_snapshot_2026-09-23,696.8,1,2403.816,2026-09-23T12:23:53Z,semo_pub_15minaggwindfcst_202609231223,876.1166666666667,1,0,4193.018,1419.814,2.08,204.605,254.74650000000003,372.545,0.5236000000000001,2026-08-31T23:00:00Z,33360.0,1,,,,0,1,1,0,1,1,1,1,1,1,2403.816,1646.1840000000002,0.5935348148148147,0.0,,,,,,,831.8965000000001,0.7989413580246912,,,475,61.133549425613765,134.0,0.0,23,435.07035949398664,1435.2169999999996,0.0,1,0.0,0.0,,,,,,,,,,,,,,,,,,,,,,,,,,,,,,,,,,,,,,,,,,,,,,,,,,0,0,0,0,0,0,0,0,0,1,1,1,1,1,1,1,1,1,1,1,1,1,1,1,1,1,1,0,0,0,0,0,0,1,1,1,0,0,0,0,1,1,1,1,1,1,0,1,1,0,0,0,0,0,0,0,0,1,1,1,1,1,1,1,1,1,1,1,1,1,1,1,1,1,1,1,1,1,1,1,1,1,1,1,1,1,1,1,1,1,1,1,1,1,1,1,1,1,1,1,1,1,1,1,1,1
2026-09-24T04:00:00Z,2026-09-24T03:00:00Z,60,4070.0,2026-09-23T15:05:05Z,semo_pub_dailyloadfcst_202609231505,714.9166666666666,1,561.0,2026-09-23T15:05:05Z,semo_pub_dailyloadfcst_202609231505,714.9166666666666,1,3509.0,2026-09-23T15:05:05Z,semo_pub_dailyloadfcst_202609231505,714.9166666666666,1,500.0,2026-09-23T06:00:11Z,semo_pub_dailyintconntc_202609230600,1259.8166666666666,1,530.0,2026-09-23T06:00:11Z,semo_pub_dailyintconntc_202609230600,1259.8166666666666,1,513.0,2026-09-23T06:00:11Z,semo_pub_dailyintconntc_202609230600,1259.8166666666666,1,500.0,2026-09-23T06:00:11Z,semo_pub_dailyintconntc_202609230600,1259.8166666666666,1,500.0,2026-09-23T06:00:11Z,semo_pub_dailyintconntc_202609230600,1259.8166666666666,1,504.0,2026-09-23T06:00:11Z,semo_pub_dailyintconntc_202609230600,1259.8166666666666,1,0.0,2026-09-23T15:23:12Z,smartgrid_solar_snapshot_2026-09-23,696.8,1,2483.833,2026-09-23T12:23:53Z,semo_pub_15minaggwindfcst_202609231223,876.1166666666667,1,0,4193.018,1419.814,2.08,204.605,254.74650000000003,372.545,0.5236000000000001,2026-08-31T23:00:00Z,33360.0,1,,,,0,1,1,0,0,0,0,0,0,0,2483.833,1586.167,0.6102783783783784,0.0,,,,,,,831.8965000000001,0.8146755528255529,,,475,51.9899348451963,116.0,0.0,23,428.75566106993404,1417.987,0.0,1,0.0,0.0,,,,,,,,,,,,,,,,,,,,,,,,,,,,,,,,,,,,,,,,,,,,,,,,,,0,0,0,0,0,0,0,0,0,0,0,0,0,0,0,0,0,0,0,0,0,0,0,0,0,0,0,0,0,0,0,0,0,1,1,1,0,0,0,0,1,1,1,1,1,1,0,1,1,0,0,0,0,0,0,0,0,1,1,1,1,1,1,1,1,1,1,1,1,1,1,1,1,1,1,1,1,1,1,1,1,1,1,1,1,1,1,1,1,1,1,1,1,1,1,1,1,1,1,1,1,1,1,1,1,1
2026-09-24T04:00:00Z,2026-09-24T03:30:00Z,30,4070.0,2026-09-23T15:05:05Z,semo_pub_dailyloadfcst_202609231505,744.9166666666666,1,561.0,2026-09-23T15:05:05Z,semo_pub_dailyloadfcst_202609231505,744.9166666666666,1,3509.0,2026-09-23T15:05:05Z,semo_pub_dailyloadfcst_202609231505,744.9166666666666,1,500.0,2026-09-23T06:00:11Z,semo_pub_dailyintconntc_202609230600,1289.8166666666666,1,530.0,2026-09-23T06:00:11Z,semo_pub_dailyintconntc_202609230600,1289.8166666666666,1,513.0,2026-09-23T06:00:11Z,semo_pub_dailyintconntc_202609230600,1289.8166666666666,1,500.0,2026-09-23T06:00:11Z,semo_pub_dailyintconntc_202609230600,1289.8166666666666,1,500.0,2026-09-23T06:00:11Z,semo_pub_dailyintconntc_202609230600,1289.8166666666666,1,504.0,2026-09-23T06:00:11Z,semo_pub_dailyintconntc_202609230600,1289.8166666666666,1,0.0,2026-09-23T15:23:12Z,smartgrid_solar_snapshot_2026-09-23,726.8,1,2483.833,2026-09-23T12:23:53Z,semo_pub_15minaggwindfcst_202609231223,906.1166666666668,1,0,4193.018,1419.814,2.08,204.605,254.74650000000003,372.545,0.5236000000000001,2026-08-31T23:00:00Z,33390.0,1,,,,0,1,1,0,0,0,0,0,0,0,2483.833,1586.167,0.6102783783783784,0.0,,,,,,,831.8965000000001,0.8146755528255529,,,475,51.9899348451963,116.0,0.0,23,428.75566106993404,1417.987,0.0,1,0.0,0.0,,,,,,,,,,,,,,,,,,,,,,,,,,,,,,,,,,,,,,,,,,,,,,,,,,0,0,0,0,0,0,0,0,0,0,0,0,0,0,0,0,0,0,0,0,0,0,0,0,0,0,0,0,0,0,0,0,0,1,1,1,0,0,0,0,1,1,1,1,1,1,0,1,1,0,0,0,0,0,0,0,0,1,1,1,1,1,1,1,1,1,1,1,1,1,1,1,1,1,1,1,1,1,1,1,1,1,1,1,1,1,1,1,1,1,1,1,1,1,1,1,1,1,1,1,1,1,1,1,1,1
2026-09-24T04:30:00Z,2026-09-24T03:30:00Z,60,4157.0,2026-09-23T15:05:05Z,semo_pub_dailyloadfcst_202609231505,744.9166666666666,1,589.0,2026-09-23T15:05:05Z,semo_pub_dailyloadfcst_202609231505,744.9166666666666,1,3568.0,2026-09-23T15:05:05Z,semo_pub_dailyloadfcst_202609231505,744.9166666666666,1,,,,,0,,,,,0,,,,,0,,,,,0,,,,,0,,,,,0,0.0,2026-09-23T15:23:12Z,smartgrid_solar_snapshot_2026-09-23,726.8,1,2553.608,2026-09-23T12:23:53Z,semo_pub_15minaggwindfcst_202609231223,906.1166666666668,1,0,4193.018,1419.814,2.08,204.605,254.74650000000003,372.545,0.5236000000000001,2026-08-31T23:00:00Z,33390.0,1,,,,0,1,1,0,1,1,1,1,1,1,2553.608,1603.3919999999998,0.6142910752946837,0.0,,,,,,,831.8965000000001,0.8144105123887418,,,475,55.38240023649822,120.0,0.0,23,413.7259435344909,1376.727,0.0,1,0.0,0.0,,,,,,,,,,,,,,,,,,,,,,,,,,,,,,,,,,,,,,,,,,,,,,,,,,0,0,0,0,0,0,0,0,0,1,1,1,1,1,1,1,1,1,1,1,1,1,1,1,1,1,1,0,0,0,0,0,0,1,1,1,0,0,0,0,1,1,1,1,1,1,0,1,1,0,0,0,0,0,0,0,0,1,1,1,1,1,1,1,1,1,1,1,1,1,1,1,1,1,1,1,1,1,1,1,1,1,1,1,1,1,1,1,1,1,1,1,1,1,1,1,1,1,1,1,1,1,1,1,1,1
2026-09-24T04:30:00Z,2026-09-24T04:00:00Z,30,4157.0,2026-09-23T15:05:05Z,semo_pub_dailyloadfcst_202609231505,774.9166666666666,1,589.0,2026-09-23T15:05:05Z,semo_pub_dailyloadfcst_202609231505,774.9166666666666,1,3568.0,2026-09-23T15:05:05Z,semo_pub_dailyloadfcst_202609231505,774.9166666666666,1,,,,,0,,,,,0,,,,,0,,,,,0,,,,,0,,,,,0,0.0,2026-09-23T15:23:12Z,smartgrid_solar_snapshot_2026-09-23,756.8,1,2553.608,2026-09-23T12:23:53Z,semo_pub_15minaggwindfcst_202609231223,936.1166666666668,1,0,4193.018,1419.814,2.08,204.605,254.74650000000003,372.545,0.5236000000000001,2026-08-31T23:00:00Z,33420.0,1,,,,0,1,1,0,1,1,1,1,1,1,2553.608,1603.3919999999998,0.6142910752946837,0.0,,,,,,,831.8965000000001,0.8144105123887418,,,475,55.38240023649822,120.0,0.0,23,413.7259435344909,1376.727,0.0,1,0.0,0.0,,,,,,,,,,,,,,,,,,,,,,,,,,,,,,,,,,,,,,,,,,,,,,,,,,0,0,0,0,0,0,0,0,0,1,1,1,1,1,1,1,1,1,1,1,1,1,1,1,1,1,1,0,0,0,0,0,0,1,1,1,0,0,0,0,1,1,1,1,1,1,0,1,1,0,0,0,0,0,0,0,0,1,1,1,1,1,1,1,1,1,1,1,1,1,1,1,1,1,1,1,1,1,1,1,1,1,1,1,1,1,1,1,1,1,1,1,1,1,1,1,1,1,1,1,1,1,1,1,1,1
2026-09-24T05:00:00Z,2026-09-24T04:00:00Z,60,4309.0,2026-09-23T15:05:05Z,semo_pub_dailyloadfcst_202609231505,774.9166666666666,1,627.0,2026-09-23T15:05:05Z,semo_pub_dailyloadfcst_202609231505,774.9166666666666,1,3682.0,2026-09-23T15:05:05Z,semo_pub_dailyloadfcst_202609231505,774.9166666666666,1,500.0,2026-09-23T06:00:11Z,semo_pub_dailyintconntc_202609230600,1319.8166666666666,1,530.0,2026-09-23T06:00:11Z,semo_pub_dailyintconntc_202609230600,1319.8166666666666,1,513.0,2026-09-23T06:00:11Z,semo_pub_dailyintconntc_202609230600,1319.8166666666666,1,500.0,2026-09-23T06:00:11Z,semo_pub_dailyintconntc_202609230600,1319.8166666666666,1,500.0,2026-09-23T06:00:11Z,semo_pub_dailyintconntc_202609230600,1319.8166666666666,1,504.0,2026-09-23T06:00:11Z,semo_pub_dailyintconntc_202609230600,1319.8166666666666,1,0.0,2026-09-23T15:23:12Z,smartgrid_solar_snapshot_2026-09-23,756.8,1,2623.38,2026-09-23T12:23:53Z,semo_pub_15minaggwindfcst_202609231223,936.1166666666668,1,0,4193.018,1419.814,2.08,204.605,254.74650000000003,372.545,0.5236000000000001,2026-08-31T23:00:00Z,33420.0,1,,,,0,1,1,0,0,0,0,0,0,0,2623.38,1685.62,0.6088141100023208,0.0,,,,,,,831.8965000000001,0.8018743327918311,,,475,56.488298496556006,120.0,0.0,23,399.25198063846267,1335.4840000000002,0.0,1,0.0,0.0,,,,,,,,,,,,,,,,,,,,,,,,,,,,,,,,,,,,,,,,,,,,,,,,,,0,0,0,0,0,0,0,0,0,0,0,0,0,0,0,0,0,0,0,0,0,0,0,0,0,0,0,0,0,0,0,0,0,1,1,1,0,0,0,0,1,1,1,1,1,1,0,1,1,0,0,0,0,0,0,0,0,1,1,1,1,1,1,1,1,1,1,1,1,1,1,1,1,1,1,1,1,1,1,1,1,1,1,1,1,1,1,1,1,1,1,1,1,1,1,1,1,1,1,1,1,1,1,1,1,1
2026-09-24T05:00:00Z,2026-09-24T04:30:00Z,30,4309.0,2026-09-23T15:05:05Z,semo_pub_dailyloadfcst_202609231505,804.9166666666666,1,627.0,2026-09-23T15:05:05Z,semo_pub_dailyloadfcst_202609231505,804.9166666666666,1,3682.0,2026-09-23T15:05:05Z,semo_pub_dailyloadfcst_202609231505,804.9166666666666,1,500.0,2026-09-23T06:00:11Z,semo_pub_dailyintconntc_202609230600,1349.8166666666666,1,530.0,2026-09-23T06:00:11Z,semo_pub_dailyintconntc_202609230600,1349.8166666666666,1,513.0,2026-09-23T06:00:11Z,semo_pub_dailyintconntc_202609230600,1349.8166666666666,1,500.0,2026-09-23T06:00:11Z,semo_pub_dailyintconntc_202609230600,1349.8166666666666,1,500.0,2026-09-23T06:00:11Z,semo_pub_dailyintconntc_202609230600,1349.8166666666666,1,504.0,2026-09-23T06:00:11Z,semo_pub_dailyintconntc_202609230600,1349.8166666666666,1,0.0,2026-09-23T15:23:12Z,smartgrid_solar_snapshot_2026-09-23,786.8,1,2623.38,2026-09-23T12:23:53Z,semo_pub_15minaggwindfcst_202609231223,966.1166666666668,1,0,4193.018,1419.814,2.08,204.605,254.74650000000003,372.545,0.5236000000000001,2026-08-31T23:00:00Z,33450.0,1,,,,0,1,1,0,0,0,0,0,0,0,2623.38,1685.62,0.6088141100023208,0.0,,,,,,,831.8965000000001,0.8018743327918311,,,475,56.488298496556006,120.0,0.0,23,399.25198063846267,1335.4840000000002,0.0,1,0.0,0.0,,,,,,,,,,,,,,,,,,,,,,,,,,,,,,,,,,,,,,,,,,,,,,,,,,0,0,0,0,0,0,0,0,0,0,0,0,0,0,0,0,0,0,0,0,0,0,0,0,0,0,0,0,0,0,0,0,0,1,1,1,0,0,0,0,1,1,1,1,1,1,0,1,1,0,0,0,0,0,0,0,0,1,1,1,1,1,1,1,1,1,1,1,1,1,1,1,1,1,1,1,1,1,1,1,1,1,1,1,1,1,1,1,1,1,1,1,1,1,1,1,1,1,1,1,1,1,1,1,1,1
2026-09-24T05:30:00Z,2026-09-24T04:30:00Z,60,4597.0,2026-09-23T15:05:05Z,semo_pub_dailyloadfcst_202609231505,804.9166666666666,1,706.0,2026-09-23T15:05:05Z,semo_pub_dailyloadfcst_202609231505,804.9166666666666,1,3891.0,2026-09-23T15:05:05Z,semo_pub_dailyloadfcst_202609231505,804.9166666666666,1,,,,,0,,,,,0,,,,,0,,,,,0,,,,,0,,,,,0,0.0,2026-09-23T15:23:12Z,smartgrid_solar_snapshot_2026-09-23,786.8,1,2677.338,2026-09-23T12:23:53Z,semo_pub_15minaggwindfcst_202609231223,966.1166666666668,1,0,4193.018,1419.814,2.08,204.605,254.74650000000003,372.545,0.5236000000000001,2026-08-31T23:00:00Z,33450.0,1,,,,0,1,1,0,1,1,1,1,1,1,2677.338,1919.6619999999998,0.5824098324994562,0.0,,,,,,,831.8965000000001,0.7633749184250599,,,475,71.02535629312321,151.0,0.0,23,379.80682198865134,1272.698,0.0,1,0.0,0.0,,,,,,,,,,,,,,,,,,,,,,,,,,,,,,,,,,,,,,,,,,,,,,,,,,0,0,0,0,0,0,0,0,0,1,1,1,1,1,1,1,1,1,1,1,1,1,1,1,1,1,1,0,0,0,0,0,0,1,1,1,0,0,0,0,1,1,1,1,1,1,0,1,1,0,0,0,0,0,0,0,0,1,1,1,1,1,1,1,1,1,1,1,1,1,1,1,1,1,1,1,1,1,1,1,1,1,1,1,1,1,1,1,1,1,1,1,1,1,1,1,1,1,1,1,1,1,1,1,1,1
2026-09-24T05:30:00Z,2026-09-24T05:00:00Z,30,4597.0,2026-09-23T15:05:05Z,semo_pub_dailyloadfcst_202609231505,834.9166666666666,1,706.0,2026-09-23T15:05:05Z,semo_pub_dailyloadfcst_202609231505,834.9166666666666,1,3891.0,2026-09-23T15:05:05Z,semo_pub_dailyloadfcst_202609231505,834.9166666666666,1,,,,,0,,,,,0,,,,,0,,,,,0,,,,,0,,,,,0,0.0,2026-09-23T15:23:12Z,smartgrid_solar_snapshot_2026-09-23,816.8,1,2677.338,2026-09-23T12:23:53Z,semo_pub_15minaggwindfcst_202609231223,996.1166666666668,1,0,4193.018,1419.814,2.08,204.605,254.74650000000003,372.545,0.5236000000000001,2026-08-31T23:00:00Z,33480.0,1,,,,0,1,1,0,1,1,1,1,1,1,2677.338,1919.6619999999998,0.5824098324994562,0.0,,,,,,,831.8965000000001,0.7633749184250599,,,475,71.02535629312321,151.0,0.0,23,379.80682198865134,1272.698,0.0,1,0.0,0.0,,,,,,,,,,,,,,,,,,,,,,,,,,,,,,,,,,,,,,,,,,,,,,,,,,0,0,0,0,0,0,0,0,0,1,1,1,1,1,1,1,1,1,1,1,1,1,1,1,1,1,1,0,0,0,0,0,0,1,1,1,0,0,0,0,1,1,1,1,1,1,0,1,1,0,0,0,0,0,0,0,0,1,1,1,1,1,1,1,1,1,1,1,1,1,1,1,1,1,1,1,1,1,1,1,1,1,1,1,1,1,1,1,1,1,1,1,1,1,1,1,1,1,1,1,1,1,1,1,1,1
2026-09-24T06:00:00Z,2026-09-24T05:00:00Z,60,4928.0,2026-09-23T15:05:05Z,semo_pub_dailyloadfcst_202609231505,834.9166666666666,1,783.0,2026-09-23T15:05:05Z,semo_pub_dailyloadfcst_202609231505,834.9166666666666,1,4145.0,2026-09-23T15:05:05Z,semo_pub_dailyloadfcst_202609231505,834.9166666666666,1,500.0,2026-09-23T06:00:11Z,semo_pub_dailyintconntc_202609230600,1379.8166666666666,1,530.0,2026-09-23T06:00:11Z,semo_pub_dailyintconntc_202609230600,1379.8166666666666,1,513.0,2026-09-23T06:00:11Z,semo_pub_dailyintconntc_202609230600,1379.8166666666666,1,500.0,2026-09-23T06:00:11Z,semo_pub_dailyintconntc_202609230600,1379.8166666666666,1,500.0,2026-09-23T06:00:11Z,semo_pub_dailyintconntc_202609230600,1379.8166666666666,1,504.0,2026-09-23T06:00:11Z,semo_pub_dailyintconntc_202609230600,1379.8166666666666,1,0.0,2026-09-23T15:23:12Z,smartgrid_solar_snapshot_2026-09-23,816.8,1,2731.297,2026-09-23T12:23:53Z,semo_pub_15minaggwindfcst_202609231223,996.1166666666668,1,0,4193.018,1419.814,2.08,204.605,254.74650000000003,372.545,0.5236000000000001,2026-08-31T23:00:00Z,33480.0,1,,,,0,1,1,0,0,0,0,0,0,0,2731.297,2196.703,0.5542404626623376,0.0,,,,,,,831.8965000000001,0.7230506290584416,,,475,72.81237555765524,175.0,0.0,23,361.2546273515344,1216.753,0.0,1,0.0,0.0,,,,,,,,,,,,,,,,,,,,,,,,,,,,,,,,,,,,,,,,,,,,,,,,,,0,0,0,0,0,0,0,0,0,0,0,0,0,0,0,0,0,0,0,0,0,0,0,0,0,0,0,0,0,0,0,0,0,1,1,1,0,0,0,0,1,1,1,1,1,1,0,1,1,0,0,0,0,0,0,0,0,1,1,1,1,1,1,1,1,1,1,1,1,1,1,1,1,1,1,1,1,1,1,1,1,1,1,1,1,1,1,1,1,1,1,1,1,1,1,1,1,1,1,1,1,1,1,1,1,1
2026-09-24T06:00:00Z,2026-09-24T05:30:00Z,30,4928.0,2026-09-23T15:05:05Z,semo_pub_dailyloadfcst_202609231505,864.9166666666666,1,783.0,2026-09-23T15:05:05Z,semo_pub_dailyloadfcst_202609231505,864.9166666666666,1,4145.0,2026-09-23T15:05:05Z,semo_pub_dailyloadfcst_202609231505,864.9166666666666,1,500.0,2026-09-23T06:00:11Z,semo_pub_dailyintconntc_202609230600,1409.8166666666666,1,530.0,2026-09-23T06:00:11Z,semo_pub_dailyintconntc_202609230600,1409.8166666666666,1,513.0,2026-09-23T06:00:11Z,semo_pub_dailyintconntc_202609230600,1409.8166666666666,1,500.0,2026-09-23T06:00:11Z,semo_pub_dailyintconntc_202609230600,1409.8166666666666,1,500.0,2026-09-23T06:00:11Z,semo_pub_dailyintconntc_202609230600,1409.8166666666666,1,504.0,2026-09-23T06:00:11Z,semo_pub_dailyintconntc_202609230600,1409.8166666666666,1,0.0,2026-09-23T15:23:12Z,smartgrid_solar_snapshot_2026-09-23,846.8,1,2731.297,2026-09-23T12:23:53Z,semo_pub_15minaggwindfcst_202609231223,1026.1166666666666,1,0,4193.018,1419.814,2.08,204.605,254.74650000000003,372.545,0.5236000000000001,2026-08-31T23:00:00Z,33510.0,1,,,,0,1,1,0,0,0,0,0,0,0,2731.297,2196.703,0.5542404626623376,0.0,,,,,,,831.8965000000001,0.7230506290584416,,,475,72.81237555765524,175.0,0.0,23,361.2546273515344,1216.753,0.0,1,0.0,0.0,,,,,,,,,,,,,,,,,,,,,,,,,,,,,,,,,,,,,,,,,,,,,,,,,,0,0,0,0,0,0,0,0,0,0,0,0,0,0,0,0,0,0,0,0,0,0,0,0,0,0,0,0,0,0,0,0,0,1,1,1,0,0,0,0,1,1,1,1,1,1,0,1,1,0,0,0,0,0,0,0,0,1,1,1,1,1,1,1,1,1,1,1,1,1,1,1,1,1,1,1,1,1,1,1,1,1,1,1,1,1,1,1,1,1,1,1,1,1,1,1,1,1,1,1,1,1,1,1,1,1
2026-09-24T06:30:00Z,2026-09-24T05:30:00Z,60,5320.0,2026-09-23T15:05:05Z,semo_pub_dailyloadfcst_202609231505,864.9166666666666,1,884.0,2026-09-23T15:05:05Z,semo_pub_dailyloadfcst_202609231505,864.9166666666666,1,4436.0,2026-09-23T15:05:05Z,semo_pub_dailyloadfcst_202609231505,864.9166666666666,1,,,,,0,,,,,0,,,,,0,,,,,0,,,,,0,,,,,0,0.0,2026-09-23T15:23:12Z,smartgrid_solar_snapshot_2026-09-23,846.8,1,2775.589,2026-09-23T12:23:53Z,semo_pub_15minaggwindfcst_202609231223,1026.1166666666666,1,0,4193.018,1419.814,2.08,204.605,254.74650000000003,372.545,0.5236000000000001,2026-08-31T23:00:00Z,33510.0,1,,,,0,1,1,0,1,1,1,1,1,1,2775.589,2544.411,0.5217272556390977,0.0,,,,,,,831.8965000000001,0.6780987781954887,,,475,87.07295897081663,209.0,0.0,23,332.2228855942625,1129.3249999999998,0.0,1,0.0,0.0,,,,,,,,,,,,,,,,,,,,,,,,,,,,,,,,,,,,,,,,,,,,,,,,,,0,0,0,0,0,0,0,0,0,1,1,1,1,1,1,1,1,1,1,1,1,1,1,1,1,1,1,0,0,0,0,0,0,1,1,1,0,0,0,0,1,1,1,1,1,1,0,1,1,0,0,0,0,0,0,0,0,1,1,1,1,1,1,1,1,1,1,1,1,1,1,1,1,1,1,1,1,1,1,1,1,1,1,1,1,1,1,1,1,1,1,1,1,1,1,1,1,1,1,1,1,1,1,1,1,1
2026-09-24T06:30:00Z,2026-09-24T06:00:00Z,30,5320.0,2026-09-23T15:05:05Z,semo_pub_dailyloadfcst_202609231505,894.9166666666666,1,884.0,2026-09-23T15:05:05Z,semo_pub_dailyloadfcst_202609231505,894.9166666666666,1,4436.0,2026-09-23T15:05:05Z,semo_pub_dailyloadfcst_202609231505,894.9166666666666,1,,,,,0,,,,,0,,,,,0,,,,,0,,,,,0,,,,,0,0.0,2026-09-23T15:23:12Z,smartgrid_solar_snapshot_2026-09-23,876.8,1,2775.589,2026-09-23T12:23:53Z,semo_pub_15minaggwindfcst_202609231223,1056.1166666666666,1,0,4193.018,1419.814,2.08,204.605,254.74650000000003,372.545,0.5236000000000001,2026-08-31T23:00:00Z,33540.0,1,,,,0,1,1,0,1,1,1,1,1,1,2775.589,2544.411,0.5217272556390977,0.0,,,,,,,831.8965000000001,0.6780987781954887,,,475,87.07295897081663,209.0,0.0,23,332.2228855942625,1129.3249999999998,0.0,1,0.0,0.0,,,,,,,,,,,,,,,,,,,,,,,,,,,,,,,,,,,,,,,,,,,,,,,,,,0,0,0,0,0,0,0,0,0,1,1,1,1,1,1,1,1,1,1,1,1,1,1,1,1,1,1,0,0,0,0,0,0,1,1,1,0,0,0,0,1,1,1,1,1,1,0,1,1,0,0,0,0,0,0,0,0,1,1,1,1,1,1,1,1,1,1,1,1,1,1,1,1,1,1,1,1,1,1,1,1,1,1,1,1,1,1,1,1,1,1,1,1,1,1,1,1,1,1,1,1,1,1,1,1,1
2026-09-24T07:00:00Z,2026-09-24T06:00:00Z,60,5479.0,2026-09-23T15:05:05Z,semo_pub_dailyloadfcst_202609231505,894.9166666666666,1,932.0,2026-09-23T15:05:05Z,semo_pub_dailyloadfcst_202609231505,894.9166666666666,1,4547.0,2026-09-23T15:05:05Z,semo_pub_dailyloadfcst_202609231505,894.9166666666666,1,500.0,2026-09-23T06:00:11Z,semo_pub_dailyintconntc_202609230600,1439.8166666666666,1,530.0,2026-09-23T06:00:11Z,semo_pub_dailyintconntc_202609230600,1439.8166666666666,1,513.0,2026-09-23T06:00:11Z,semo_pub_dailyintconntc_202609230600,1439.8166666666666,1,500.0,2026-09-23T06:00:11Z,semo_pub_dailyintconntc_202609230600,1439.8166666666666,1,500.0,2026-09-23T06:00:11Z,semo_pub_dailyintconntc_202609230600,1439.8166666666666,1,504.0,2026-09-23T06:00:11Z,semo_pub_dailyintconntc_202609230600,1439.8166666666666,1,0.0,2026-09-23T15:23:12Z,smartgrid_solar_snapshot_2026-09-23,876.8,1,2819.893,2026-09-23T12:23:53Z,semo_pub_15minaggwindfcst_202609231223,1056.1166666666666,1,0,4193.018,1419.814,2.08,204.605,254.74650000000003,372.545,0.5236000000000001,2026-08-31T23:00:00Z,33540.0,1,,,,0,1,1,0,0,0,0,0,0,0,2819.893,2659.107,0.5146729330169739,0.0,,,,,,,831.8965000000001,0.6665065705420697,,,475,84.67058184795304,204.0,0.0,23,305.80361673337,1048.3769999999997,0.0,1,0.0,0.0,,,,,,,,,,,,,,,,,,,,,,,,,,,,,,,,,,,,,,,,,,,,,,,,,,0,0,0,0,0,0,0,0,0,0,0,0,0,0,0,0,0,0,0,0,0,0,0,0,0,0,0,0,0,0,0,0,0,1,1,1,0,0,0,0,1,1,1,1,1,1,0,1,1,0,0,0,0,0,0,0,0,1,1,1,1,1,1,1,1,1,1,1,1,1,1,1,1,1,1,1,1,1,1,1,1,1,1,1,1,1,1,1,1,1,1,1,1,1,1,1,1,1,1,1,1,1,1,1,1,1
2026-09-24T07:00:00Z,2026-09-24T06:30:00Z,30,5479.0,2026-09-23T15:05:05Z,semo_pub_dailyloadfcst_202609231505,924.9166666666666,1,932.0,2026-09-23T15:05:05Z,semo_pub_dailyloadfcst_202609231505,924.9166666666666,1,4547.0,2026-09-23T15:05:05Z,semo_pub_dailyloadfcst_202609231505,924.9166666666666,1,500.0,2026-09-23T06:00:11Z,semo_pub_dailyintconntc_202609230600,1469.8166666666666,1,530.0,2026-09-23T06:00:11Z,semo_pub_dailyintconntc_202609230600,1469.8166666666666,1,513.0,2026-09-23T06:00:11Z,semo_pub_dailyintconntc_202609230600,1469.8166666666666,1,500.0,2026-09-23T06:00:11Z,semo_pub_dailyintconntc_202609230600,1469.8166666666666,1,500.0,2026-09-23T06:00:11Z,semo_pub_dailyintconntc_202609230600,1469.8166666666666,1,504.0,2026-09-23T06:00:11Z,semo_pub_dailyintconntc_202609230600,1469.8166666666666,1,0.0,2026-09-23T15:23:12Z,smartgrid_solar_snapshot_2026-09-23,906.8,1,2819.893,2026-09-23T12:23:53Z,semo_pub_15minaggwindfcst_202609231223,1086.1166666666666,1,0,4193.018,1419.814,2.08,204.605,254.74650000000003,372.545,0.5236000000000001,2026-08-31T23:00:00Z,33570.0,1,,,,0,1,1,0,1,1,1,1,1,1,2819.893,2659.107,0.5146729330169739,0.0,,,,,,,831.8965000000001,0.6665065705420697,,,475,84.67058184795304,204.0,0.0,23,305.80361673337,1048.3769999999997,0.0,1,0.0,0.0,,,,,,,,,,,,,,,,,,,,,,,,,,,,,,,,,,,,,,,,,,,,,,,,,,0,0,0,0,0,0,0,0,0,0,0,0,0,0,0,0,0,0,0,0,0,0,0,0,0,0,0,0,0,0,0,0,0,1,1,1,0,0,0,0,1,1,1,1,1,1,0,1,1,0,0,0,0,0,0,0,0,1,1,1,1,1,1,1,1,1,1,1,1,1,1,1,1,1,1,1,1,1,1,1,1,1,1,1,1,1,1,1,1,1,1,1,1,1,1,1,1,1,1,1,1,1,1,1,1,1
2026-09-24T07:30:00Z,2026-09-24T06:30:00Z,60,5517.0,2026-09-23T15:05:05Z,semo_pub_dailyloadfcst_202609231505,924.9166666666666,1,947.0,2026-09-23T15:05:05Z,semo_pub_dailyloadfcst_202609231505,924.9166666666666,1,4570.0,2026-09-23T15:05:05Z,semo_pub_dailyloadfcst_202609231505,924.9166666666666,1,,,,,0,,,,,0,,,,,0,,,,,0,,,,,0,,,,,0,0.0,2026-09-23T15:23:12Z,smartgrid_solar_snapshot_2026-09-23,906.8,1,2929.04,2026-09-23T12:23:53Z,semo_pub_15minaggwindfcst_202609231223,1086.1166666666666,1,0,4193.018,1419.814,2.08,204.605,254.74650000000003,372.545,0.5236000000000001,2026-08-31T23:00:00Z,33570.0,1,,,,0,1,1,0,1,1,1,1,1,1,2929.04,2587.96,0.5309117273880732,0.0,,,,,,,831.8965000000001,0.6816995649809678,,,475,76.13399402358567,187.0,0.0,23,292.47267709898006,1002.953,0.0,1,0.0,0.0,,,,,,,,,,,,,,,,,,,,,,,,,,,,,,,,,,,,,,,,,,,,,,,,,,0,0,0,0,0,0,0,0,0,1,1,1,1,1,1,1,1,1,1,1,1,1,1,1,1,1,1,0,0,0,0,0,0,1,1,1,0,0,0,0,1,1,1,1,1,1,0,1,1,0,0,0,0,0,0,0,0,1,1,1,1,1,1,1,1,1,1,1,1,1,1,1,1,1,1,1,1,1,1,1,1,1,1,1,1,1,1,1,1,1,1,1,1,1,1,1,1,1,1,1,1,1,1,1,1,1
2026-09-24T07:30:00Z,2026-09-24T07:00:00Z,30,5517.0,2026-09-23T15:05:05Z,semo_pub_dailyloadfcst_202609231505,954.9166666666666,1,947.0,2026-09-23T15:05:05Z,semo_pub_dailyloadfcst_202609231505,954.9166666666666,1,4570.0,2026-09-23T15:05:05Z,semo_pub_dailyloadfcst_202609231505,954.9166666666666,1,,,,,0,,,,,0,,,,,0,,,,,0,,,,,0,,,,,0,0.0,2026-09-23T15:23:12Z,smartgrid_solar_snapshot_2026-09-23,936.8,1,2929.04,2026-09-23T12:23:53Z,semo_pub_15minaggwindfcst_202609231223,1116.1166666666666,1,0,4193.018,1419.814,2.08,204.605,254.74650000000003,372.545,0.5236000000000001,2026-08-31T23:00:00Z,33600.0,1,,,,0,1,1,0,1,1,1,1,1,1,2929.04,2587.96,0.5309117273880732,0.0,,,,,,,831.8965000000001,0.6816995649809678,,,475,76.13399402358567,187.0,0.0,23,292.47267709898006,1002.953,0.0,1,0.0,0.0,,,,,,,,,,,,,,,,,,,,,,,,,,,,,,,,,,,,,,,,,,,,,,,,,,0,0,0,0,0,0,0,0,0,1,1,1,1,1,1,1,1,1,1,1,1,1,1,1,1,1,1,0,0,0,0,0,0,1,1,1,0,0,0,0,1,1,1,1,1,1,0,1,1,0,0,0,0,0,0,0,0,1,1,1,1,1,1,1,1,1,1,1,1,1,1,1,1,1,1,1,1,1,1,1,1,1,1,1,1,1,1,1,1,1,1,1,1,1,1,1,1,1,1,1,1,1,1,1,1,1
2026-09-24T08:00:00Z,2026-09-24T07:00:00Z,60,5485.0,2026-09-23T15:05:05Z,semo_pub_dailyloadfcst_202609231505,954.9166666666666,1,955.0,2026-09-23T15:05:05Z,semo_pub_dailyloadfcst_202609231505,954.9166666666666,1,4530.0,2026-09-23T15:05:05Z,semo_pub_dailyloadfcst_202609231505,954.9166666666666,1,500.0,2026-09-23T06:00:11Z,semo_pub_dailyintconntc_202609230600,1499.8166666666666,1,530.0,2026-09-23T06:00:11Z,semo_pub_dailyintconntc_202609230600,1499.8166666666666,1,513.0,2026-09-23T06:00:11Z,semo_pub_dailyintconntc_202609230600,1499.8166666666666,1,500.0,2026-09-23T06:00:11Z,semo_pub_dailyintconntc_202609230600,1499.8166666666666,1,500.0,2026-09-23T06:00:11Z,semo_pub_dailyintconntc_202609230600,1499.8166666666666,1,504.0,2026-09-23T06:00:11Z,semo_pub_dailyintconntc_202609230600,1499.8166666666666,1,0.0,2026-09-23T15:23:12Z,smartgrid_solar_snapshot_2026-09-23,936.8,1,3038.165,2026-09-23T12:23:53Z,semo_pub_15minaggwindfcst_202609231223,1116.1166666666666,1,0,4193.018,1419.814,2.08,204.605,254.74650000000003,372.545,0.5236000000000001,2026-08-31T23:00:00Z,33600.0,1,,,,0,1,1,0,1,1,1,1,1,1,3038.165,2446.835,0.5539042844120328,0.0,,,,,,,831.8965000000001,0.7055718322698268,,,475,66.1248611244346,167.0,0.0,23,284.88314143384724,987.3420000000001,0.0,1,0.0,0.0,,,,,,,,,,,,,,,,,,,,,,,,,,,,,,,,,,,,,,,,,,,,,,,,,,0,0,0,0,0,0,0,0,0,0,0,0,0,0,0,0,0,0,0,0,0,0,0,0,0,0,0,0,0,0,0,0,0,1,1,1,0,0,0,0,1,1,1,1,1,1,0,1,1,0,0,0,0,0,0,0,0,1,1,1,1,1,1,1,1,1,1,1,1,1,1,1,1,1,1,1,1,1,1,1,1,1,1,1,1,1,1,1,1,1,1,1,1,1,1,1,1,1,1,1,1,1,1,1,1,1
2026-09-24T08:00:00Z,2026-09-24T07:30:00Z,30,5485.0,2026-09-23T15:05:05Z,semo_pub_dailyloadfcst_202609231505,984.9166666666666,1,955.0,2026-09-23T15:05:05Z,semo_pub_dailyloadfcst_202609231505,984.9166666666666,1,4530.0,2026-09-23T15:05:05Z,semo_pub_dailyloadfcst_202609231505,984.9166666666666,1,500.0,2026-09-23T06:00:11Z,semo_pub_dailyintconntc_202609230600,1529.8166666666666,1,530.0,2026-09-23T06:00:11Z,semo_pub_dailyintconntc_202609230600,1529.8166666666666,1,513.0,2026-09-23T06:00:11Z,semo_pub_dailyintconntc_202609230600,1529.8166666666666,1,500.0,2026-09-23T06:00:11Z,semo_pub_dailyintconntc_202609230600,1529.8166666666666,1,500.0,2026-09-23T06:00:11Z,semo_pub_dailyintconntc_202609230600,1529.8166666666666,1,504.0,2026-09-23T06:00:11Z,semo_pub_dailyintconntc_202609230600,1529.8166666666666,1,0.0,2026-09-23T15:23:12Z,smartgrid_solar_snapshot_2026-09-23,966.8,1,3038.165,2026-09-23T12:23:53Z,semo_pub_15minaggwindfcst_202609231223,1146.1166666666666,1,0,4193.018,1419.814,2.08,204.605,254.74650000000003,372.545,0.5236000000000001,2026-08-31T23:00:00Z,33630.0,1,,,,0,1,1,0,1,1,1,1,1,1,3038.165,2446.835,0.5539042844120328,0.0,,,,,,,831.8965000000001,0.7055718322698268,,,475,66.1248611244346,167.0,0.0,23,284.88314143384724,987.3420000000001,0.0,1,0.0,0.0,,,,,,,,,,,,,,,,,,,,,,,,,,,,,,,,,,,,,,,,,,,,,,,,,,0,0,0,0,0,0,0,0,0,0,0,0,0,0,0,0,0,0,0,0,0,0,0,0,0,0,0,0,0,0,0,0,0,1,1,1,0,0,0,0,1,1,1,1,1,1,0,1,1,0,0,0,0,0,0,0,0,1,1,1,1,1,1,1,1,1,1,1,1,1,1,1,1,1,1,1,1,1,1,1,1,1,1,1,1,1,1,1,1,1,1,1,1,1,1,1,1,1,1,1,1,1,1,1,1,1
2026-09-24T08:30:00Z,2026-09-24T07:30:00Z,60,5470.0,2026-09-23T15:05:05Z,semo_pub_dailyloadfcst_202609231505,984.9166666666666,1,960.0,2026-09-23T15:05:05Z,semo_pub_dailyloadfcst_202609231505,984.9166666666666,1,4510.0,2026-09-23T15:05:05Z,semo_pub_dailyloadfcst_202609231505,984.9166666666666,1,,,,,0,,,,,0,,,,,0,,,,,0,,,,,0,,,,,0,67.0,2026-09-23T15:23:12Z,smartgrid_solar_snapshot_2026-09-23,966.8,1,3289.428,2026-09-23T12:23:53Z,semo_pub_15minaggwindfcst_202609231223,1146.1166666666666,1,0,4193.018,1419.814,2.08,204.605,254.74650000000003,372.545,0.5236000000000001,2026-08-31T23:00:00Z,33630.0,1,,,,0,1,1,0,1,1,1,1,1,1,3356.428,2113.572,0.6136065813528336,0.0,,,,,,,831.8965000000001,0.7656900365630712,,,475,60.28453147975915,155.0,0.0,23,270.36367317898964,984.105,0.0,1,0.0,0.0,,,,,,,,,,,,,,,,,,,,,,,,,,,,,,,,,,,,,,,,,,,,,,,,,,0,0,0,0,0,0,0,0,0,1,1,1,1,1,1,1,1,1,1,1,1,1,1,1,1,1,1,0,0,0,0,0,0,1,1,1,0,0,0,0,1,1,1,1,1,1,0,1,1,0,0,0,0,0,0,0,0,1,1,1,1,1,1,1,1,1,1,1,1,1,1,1,1,1,1,1,1,1,1,1,1,1,1,1,1,1,1,1,1,1,1,1,1,1,1,1,1,1,1,1,1,1,1,1,1,1
2026-09-24T08:30:00Z,2026-09-24T08:00:00Z,30,5470.0,2026-09-23T15:05:05Z,semo_pub_dailyloadfcst_202609231505,1014.9166666666666,1,960.0,2026-09-23T15:05:05Z,semo_pub_dailyloadfcst_202609231505,1014.9166666666666,1,4510.0,2026-09-23T15:05:05Z,semo_pub_dailyloadfcst_202609231505,1014.9166666666666,1,,,,,0,,,,,0,,,,,0,,,,,0,,,,,0,,,,,0,67.0,2026-09-23T15:23:12Z,smartgrid_solar_snapshot_2026-09-23,996.8,1,3289.428,2026-09-23T12:23:53Z,semo_pub_15minaggwindfcst_202609231223,1176.1166666666666,1,0,4193.018,1419.814,2.08,204.605,254.74650000000003,372.545,0.5236000000000001,2026-08-31T23:00:00Z,33660.0,1,,,,0,1,1,0,1,1,1,1,1,1,3356.428,2113.572,0.6136065813528336,0.0,,,,,,,831.8965000000001,0.7656900365630712,,,475,60.28453147975915,155.0,0.0,23,270.36367317898964,984.105,0.0,1,0.0,0.0,,,,,,,,,,,,,,,,,,,,,,,,,,,,,,,,,,,,,,,,,,,,,,,,,,0,0,0,0,0,0,0,0,0,1,1,1,1,1,1,1,1,1,1,1,1,1,1,1,1,1,1,0,0,0,0,0,0,1,1,1,0,0,0,0,1,1,1,1,1,1,0,1,1,0,0,0,0,0,0,0,0,1,1,1,1,1,1,1,1,1,1,1,1,1,1,1,1,1,1,1,1,1,1,1,1,1,1,1,1,1,1,1,1,1,1,1,1,1,1,1,1,1,1,1,1,1,1,1,1,1
2026-09-24T09:00:00Z,2026-09-24T08:00:00Z,60,5374.0,2026-09-23T15:05:05Z,semo_pub_dailyloadfcst_202609231505,1014.9166666666666,1,936.0,2026-09-23T15:05:05Z,semo_pub_dailyloadfcst_202609231505,1014.9166666666666,1,4438.0,2026-09-23T15:05:05Z,semo_pub_dailyloadfcst_202609231505,1014.9166666666666,1,500.0,2026-09-23T06:00:11Z,semo_pub_dailyintconntc_202609230600,1559.8166666666666,1,530.0,2026-09-23T06:00:11Z,semo_pub_dailyintconntc_202609230600,1559.8166666666666,1,513.0,2026-09-23T06:00:11Z,semo_pub_dailyintconntc_202609230600,1559.8166666666666,1,500.0,2026-09-23T06:00:11Z,semo_pub_dailyintconntc_202609230600,1559.8166666666666,1,500.0,2026-09-23T06:00:11Z,semo_pub_dailyintconntc_202609230600,1559.8166666666666,1,504.0,2026-09-23T06:00:11Z,semo_pub_dailyintconntc_202609230600,1559.8166666666666,1,134.0,2026-09-23T15:23:12Z,smartgrid_solar_snapshot_2026-09-23,996.8,1,3540.701,2026-09-23T12:23:53Z,semo_pub_15minaggwindfcst_202609231223,1176.1166666666666,1,0,4193.018,1419.814,2.08,204.605,254.74650000000003,372.545,0.5236000000000001,2026-08-31T23:00:00Z,33660.0,1,,,,0,1,1,0,1,1,1,1,1,1,3674.701,1699.299,0.6837925195385188,0.0,,,,,,,831.8965000000001,0.8385927614439895,,,475,55.63553634283689,124.0,0.0,23,262.1740215089976,986.9070000000002,0.0,1,0.0,0.0,,,,,,,,,,,,,,,,,,,,,,,,,,,,,,,,,,,,,,,,,,,,,,,,,,0,0,0,0,0,0,0,0,0,0,0,0,0,0,0,0,0,0,0,0,0,0,0,0,0,0,0,0,0,0,0,0,0,1,1,1,0,0,0,0,1,1,1,1,1,1,0,1,1,0,0,0,0,0,0,0,0,1,1,1,1,1,1,1,1,1,1,1,1,1,1,1,1,1,1,1,1,1,1,1,1,1,1,1,1,1,1,1,1,1,1,1,1,1,1,1,1,1,1,1,1,1,1,1,1,1
2026-09-24T09:00:00Z,2026-09-24T08:30:00Z,30,5374.0,2026-09-23T15:05:05Z,semo_pub_dailyloadfcst_202609231505,1044.9166666666667,1,936.0,2026-09-23T15:05:05Z,semo_pub_dailyloadfcst_202609231505,1044.9166666666667,1,4438.0,2026-09-23T15:05:05Z,semo_pub_dailyloadfcst_202609231505,1044.9166666666667,1,500.0,2026-09-23T06:00:11Z,semo_pub_dailyintconntc_202609230600,1589.8166666666666,1,530.0,2026-09-23T06:00:11Z,semo_pub_dailyintconntc_202609230600,1589.8166666666666,1,513.0,2026-09-23T06:00:11Z,semo_pub_dailyintconntc_202609230600,1589.8166666666666,1,500.0,2026-09-23T06:00:11Z,semo_pub_dailyintconntc_202609230600,1589.8166666666666,1,500.0,2026-09-23T06:00:11Z,semo_pub_dailyintconntc_202609230600,1589.8166666666666,1,504.0,2026-09-23T06:00:11Z,semo_pub_dailyintconntc_202609230600,1589.8166666666666,1,134.0,2026-09-23T15:23:12Z,smartgrid_solar_snapshot_2026-09-23,1026.8,1,3540.701,2026-09-23T12:23:53Z,semo_pub_15minaggwindfcst_202609231223,1206.1166666666666,1,0,4193.018,1419.814,2.08,204.605,254.74650000000003,372.545,0.5236000000000001,2026-08-31T23:00:00Z,33690.0,1,,,,0,1,1,0,1,1,1,1,1,1,3674.701,1699.299,0.6837925195385188,0.0,,,,,,,831.8965000000001,0.8385927614439895,,,475,55.63553634283689,124.0,0.0,23,262.1740215089976,986.9070000000002,0.0,1,0.0,0.0,,,,,,,,,,,,,,,,,,,,,,,,,,,,,,,,,,,,,,,,,,,,,,,,,,0,0,0,0,0,0,0,0,0,0,0,0,0,0,0,0,0,0,0,0,0,0,0,0,0,0,0,0,0,0,0,0,0,1,1,1,0,0,0,0,1,1,1,1,1,1,0,1,1,0,0,0,0,0,0,0,0,1,1,1,1,1,1,1,1,1,1,1,1,1,1,1,1,1,1,1,1,1,1,1,1,1,1,1,1,1,1,1,1,1,1,1,1,1,1,1,1,1,1,1,1,1,1,1,1,1
2026-09-24T09:30:00Z,2026-09-24T08:30:00Z,60,5272.0,2026-09-23T15:05:05Z,semo_pub_dailyloadfcst_202609231505,1044.9166666666667,1,932.0,2026-09-23T15:05:05Z,semo_pub_dailyloadfcst_202609231505,1044.9166666666667,1,4340.0,2026-09-23T15:05:05Z,semo_pub_dailyloadfcst_202609231505,1044.9166666666667,1,,,,,0,,,,,0,,,,,0,,,,,0,,,,,0,,,,,0,316.0,2026-09-23T15:23:12Z,smartgrid_solar_snapshot_2026-09-23,1026.8,1,3771.207,2026-09-23T12:23:53Z,semo_pub_15minaggwindfcst_202609231223,1206.1166666666666,1,0,4193.018,1419.814,2.08,204.605,254.74650000000003,372.545,0.5236000000000001,2026-08-31T23:00:00Z,33690.0,1,,,,0,1,1,0,1,1,1,1,1,1,4087.207,1184.7930000000001,0.7752668816388467,0.0,,,,,,,831.8965000000001,0.9330621206373293,,,475,63.44208916018065,169.0,0.0,23,244.61839014640444,919.2040000000002,0.0,1,0.0,0.0,,,,,,,,,,,,,,,,,,,,,,,,,,,,,,,,,,,,,,,,,,,,,,,,,,0,0,0,0,0,0,0,0,0,1,1,1,1,1,1,1,1,1,1,1,1,1,1,1,1,1,1,0,0,0,0,0,0,1,1,1,0,0,0,0,1,1,1,1,1,1,0,1,1,0,0,0,0,0,0,0,0,1,1,1,1,1,1,1,1,1,1,1,1,1,1,1,1,1,1,1,1,1,1,1,1,1,1,1,1,1,1,1,1,1,1,1,1,1,1,1,1,1,1,1,1,1,1,1,1,1
2026-09-24T09:30:00Z,2026-09-24T09:00:00Z,30,5272.0,2026-09-23T15:05:05Z,semo_pub_dailyloadfcst_202609231505,1074.9166666666667,1,932.0,2026-09-23T15:05:05Z,semo_pub_dailyloadfcst_202609231505,1074.9166666666667,1,4340.0,2026-09-23T15:05:05Z,semo_pub_dailyloadfcst_202609231505,1074.9166666666667,1,,,,,0,,,,,0,,,,,0,,,,,0,,,,,0,,,,,0,316.0,2026-09-23T15:23:12Z,smartgrid_solar_snapshot_2026-09-23,1056.8,1,3771.207,2026-09-23T12:23:53Z,semo_pub_15minaggwindfcst_202609231223,1236.1166666666666,1,0,4193.018,1419.814,2.08,204.605,254.74650000000003,372.545,0.5236000000000001,2026-08-31T23:00:00Z,33720.0,1,,,,0,1,1,0,1,1,1,1,1,1,4087.207,1184.7930000000001,0.7752668816388467,0.0,,,,,,,831.8965000000001,0.9330621206373293,,,475,63.44208916018065,169.0,0.0,23,244.61839014640444,919.2040000000002,0.0,1,0.0,0.0,,,,,,,,,,,,,,,,,,,,,,,,,,,,,,,,,,,,,,,,,,,,,,,,,,0,0,0,0,0,0,0,0,0,1,1,1,1,1,1,1,1,1,1,1,1,1,1,1,1,1,1,0,0,0,0,0,0,1,1,1,0,0,0,0,1,1,1,1,1,1,0,1,1,0,0,0,0,0,0,0,0,1,1,1,1,1,1,1,1,1,1,1,1,1,1,1,1,1,1,1,1,1,1,1,1,1,1,1,1,1,1,1,1,1,1,1,1,1,1,1,1,1,1,1,1,1,1,1,1,1
2026-09-24T10:00:00Z,2026-09-24T09:00:00Z,60,5254.0,2026-09-23T15:05:05Z,semo_pub_dailyloadfcst_202609231505,1074.9166666666667,1,933.0,2026-09-23T15:05:05Z,semo_pub_dailyloadfcst_202609231505,1074.9166666666667,1,4321.0,2026-09-23T15:05:05Z,semo_pub_dailyloadfcst_202609231505,1074.9166666666667,1,500.0,2026-09-23T06:00:11Z,semo_pub_dailyintconntc_202609230600,1619.8166666666666,1,530.0,2026-09-23T06:00:11Z,semo_pub_dailyintconntc_202609230600,1619.8166666666666,1,513.0,2026-09-23T06:00:11Z,semo_pub_dailyintconntc_202609230600,1619.8166666666666,1,500.0,2026-09-23T06:00:11Z,semo_pub_dailyintconntc_202609230600,1619.8166666666666,1,500.0,2026-09-23T06:00:11Z,semo_pub_dailyintconntc_202609230600,1619.8166666666666,1,504.0,2026-09-23T06:00:11Z,semo_pub_dailyintconntc_202609230600,1619.8166666666666,1,498.0,2026-09-23T15:23:12Z,smartgrid_solar_snapshot_2026-09-23,1056.8,1,4001.718,2026-09-23T12:23:53Z,semo_pub_15minaggwindfcst_202609231223,1236.1166666666666,1,0,4193.018,1419.814,2.08,204.605,254.74650000000003,372.545,0.5236000000000001,2026-08-31T23:00:00Z,33720.0,1,,,,0,1,1,0,1,1,1,1,1,1,4499.718,754.2820000000002,0.8564366197183099,0.0,,,,,,,831.8965000000001,1.014772459078797,,,475,62.44523362288003,175.0,0.0,23,236.2106039247904,886.7710000000006,0.0,1,0.0,0.0,,,,,,,,,,,,,,,,,,,,,,,,,,,,,,,,,,,,,,,,,,,,,,,,,,0,0,0,0,0,0,0,0,0,0,0,0,0,0,0,0,0,0,0,0,0,0,0,0,0,0,0,0,0,0,0,0,0,1,1,1,0,0,0,0,1,1,1,1,1,1,0,1,1,0,0,0,0,0,0,0,0,1,1,1,1,1,1,1,1,1,1,1,1,1,1,1,1,1,1,1,1,1,1,1,1,1,1,1,1,1,1,1,1,1,1,1,1,1,1,1,1,1,1,1,1,1,1,1,1,1
2026-09-24T10:00:00Z,2026-09-24T09:30:00Z,30,5254.0,2026-09-23T15:05:05Z,semo_pub_dailyloadfcst_202609231505,1104.9166666666667,1,933.0,2026-09-23T15:05:05Z,semo_pub_dailyloadfcst_202609231505,1104.9166666666667,1,4321.0,2026-09-23T15:05:05Z,semo_pub_dailyloadfcst_202609231505,1104.9166666666667,1,500.0,2026-09-23T06:00:11Z,semo_pub_dailyintconntc_202609230600,1649.8166666666666,1,530.0,2026-09-23T06:00:11Z,semo_pub_dailyintconntc_202609230600,1649.8166666666666,1,513.0,2026-09-23T06:00:11Z,semo_pub_dailyintconntc_202609230600,1649.8166666666666,1,500.0,2026-09-23T06:00:11Z,semo_pub_dailyintconntc_202609230600,1649.8166666666666,1,500.0,2026-09-23T06:00:11Z,semo_pub_dailyintconntc_202609230600,1649.8166666666666,1,504.0,2026-09-23T06:00:11Z,semo_pub_dailyintconntc_202609230600,1649.8166666666666,1,498.0,2026-09-23T15:23:12Z,smartgrid_solar_snapshot_2026-09-23,1086.8,1,4001.718,2026-09-23T12:23:53Z,semo_pub_15minaggwindfcst_202609231223,1266.1166666666666,1,0,4193.018,1419.814,2.08,204.605,254.74650000000003,372.545,0.5236000000000001,2026-08-31T23:00:00Z,33750.0,1,,,,0,1,1,0,1,1,1,1,1,1,4499.718,754.2820000000002,0.8564366197183099,0.0,,,,,,,831.8965000000001,1.014772459078797,,,475,62.44523362288003,175.0,0.0,23,236.2106039247904,886.7710000000006,0.0,1,0.0,0.0,,,,,,,,,,,,,,,,,,,,,,,,,,,,,,,,,,,,,,,,,,,,,,,,,,0,0,0,0,0,0,0,0,0,0,0,0,0,0,0,0,0,0,0,0,0,0,0,0,0,0,0,0,0,0,0,0,0,1,1,1,0,0,0,0,1,1,1,1,1,1,0,1,1,0,0,0,0,0,0,0,0,1,1,1,1,1,1,1,1,1,1,1,1,1,1,1,1,1,1,1,1,1,1,1,1,1,1,1,1,1,1,1,1,1,1,1,1,1,1,1,1,1,1,1,1,1,1,1,1,1
2026-09-24T10:30:00Z,2026-09-24T09:30:00Z,60,5166.0,2026-09-23T15:05:05Z,semo_pub_dailyloadfcst_202609231505,1104.9166666666667,1,936.0,2026-09-23T15:05:05Z,semo_pub_dailyloadfcst_202609231505,1104.9166666666667,1,4230.0,2026-09-23T15:05:05Z,semo_pub_dailyloadfcst_202609231505,1104.9166666666667,1,,,,,0,,,,,0,,,,,0,,,,,0,,,,,0,,,,,0,648.0,2026-09-23T15:23:12Z,smartgrid_solar_snapshot_2026-09-23,1086.8,1,4100.539,2026-09-23T12:23:53Z,semo_pub_15minaggwindfcst_202609231223,1266.1166666666666,1,0,4193.018,1419.814,2.08,204.605,254.74650000000003,372.545,0.5236000000000001,2026-08-31T23:00:00Z,33750.0,1,,,,0,1,1,0,1,1,1,1,1,1,4748.539,417.46100000000024,0.9191906697638405,0.0,,,,,,,831.8965000000001,1.0802236740224544,,,475,38.91989950250795,112.0,0.0,23,228.49459080285155,819.5489999999995,0.0,1,0.0,0.0,,,,,,,,,,,,,,,,,,,,,,,,,,,,,,,,,,,,,,,,,,,,,,,,,,0,0,0,0,0,0,0,0,0,1,1,1,1,1,1,1,1,1,1,1,1,1,1,1,1,1,1,0,0,0,0,0,0,1,1,1,0,0,0,0,1,1,1,1,1,1,0,1,1,0,0,0,0,0,0,0,0,1,1,1,1,1,1,1,1,1,1,1,1,1,1,1,1,1,1,1,1,1,1,1,1,1,1,1,1,1,1,1,1,1,1,1,1,1,1,1,1,1,1,1,1,1,1,1,1,1
2026-09-24T10:30:00Z,2026-09-24T10:00:00Z,30,5166.0,2026-09-23T15:05:05Z,semo_pub_dailyloadfcst_202609231505,1134.9166666666667,1,936.0,2026-09-23T15:05:05Z,semo_pub_dailyloadfcst_202609231505,1134.9166666666667,1,4230.0,2026-09-23T15:05:05Z,semo_pub_dailyloadfcst_202609231505,1134.9166666666667,1,,,,,0,,,,,0,,,,,0,,,,,0,,,,,0,,,,,0,648.0,2026-09-23T15:23:12Z,smartgrid_solar_snapshot_2026-09-23,1116.8,1,4100.539,2026-09-23T12:23:53Z,semo_pub_15minaggwindfcst_202609231223,1296.1166666666666,1,0,4193.018,1419.814,2.08,204.605,254.74650000000003,372.545,0.5236000000000001,2026-08-31T23:00:00Z,33780.0,1,,,,0,1,1,0,1,1,1,1,1,1,4748.539,417.46100000000024,0.9191906697638405,0.0,,,,,,,831.8965000000001,1.0802236740224544,,,475,38.91989950250795,112.0,0.0,23,228.49459080285155,819.5489999999995,0.0,1,0.0,0.0,,,,,,,,,,,,,,,,,,,,,,,,,,,,,,,,,,,,,,,,,,,,,,,,,,0,0,0,0,0,0,0,0,0,1,1,1,1,1,1,1,1,1,1,1,1,1,1,1,1,1,1,0,0,0,0,0,0,1,1,1,0,0,0,0,1,1,1,1,1,1,0,1,1,0,0,0,0,0,0,0,0,1,1,1,1,1,1,1,1,1,1,1,1,1,1,1,1,1,1,1,1,1,1,1,1,1,1,1,1,1,1,1,1,1,1,1,1,1,1,1,1,1,1,1,1,1,1,1,1,1
2026-09-24T11:00:00Z,2026-09-24T10:00:00Z,60,5120.0,2026-09-23T15:05:05Z,semo_pub_dailyloadfcst_202609231505,1134.9166666666667,1,921.0,2026-09-23T15:05:05Z,semo_pub_dailyloadfcst_202609231505,1134.9166666666667,1,4199.0,2026-09-23T15:05:05Z,semo_pub_dailyloadfcst_202609231505,1134.9166666666667,1,500.0,2026-09-23T06:00:11Z,semo_pub_dailyintconntc_202609230600,1679.8166666666666,1,530.0,2026-09-23T06:00:11Z,semo_pub_dailyintconntc_202609230600,1679.8166666666666,1,513.0,2026-09-23T06:00:11Z,semo_pub_dailyintconntc_202609230600,1679.8166666666666,1,500.0,2026-09-23T06:00:11Z,semo_pub_dailyintconntc_202609230600,1679.8166666666666,1,500.0,2026-09-23T06:00:11Z,semo_pub_dailyintconntc_202609230600,1679.8166666666666,1,504.0,2026-09-23T06:00:11Z,semo_pub_dailyintconntc_202609230600,1679.8166666666666,1,797.0,2026-09-23T15:23:12Z,smartgrid_solar_snapshot_2026-09-23,1116.8,1,4199.345,2026-09-23T12:23:53Z,semo_pub_15minaggwindfcst_202609231223,1296.1166666666666,1,0,4193.018,1419.814,2.08,204.605,254.74650000000003,372.545,0.5236000000000001,2026-08-31T23:00:00Z,33780.0,1,,,,0,1,1,0,1,1,1,1,1,1,4996.345,123.65499999999975,0.9758486328125,0.0,,,,,,,831.8965000000001,1.13832841796875,,,475,36.64873463971875,106.0,0.0,23,228.04516763255378,752.3569999999995,0.0,1,0.0,0.0,,,,,,,,,,,,,,,,,,,,,,,,,,,,,,,,,,,,,,,,,,,,,,,,,,0,0,0,0,0,0,0,0,0,0,0,0,0,0,0,0,0,0,0,0,0,0,0,0,0,0,0,0,0,0,0,0,0,1,1,1,0,0,0,0,1,1,1,1,1,1,0,1,1,0,0,0,0,0,0,0,0,1,1,1,1,1,1,1,1,1,1,1,1,1,1,1,1,1,1,1,1,1,1,1,1,1,1,1,1,1,1,1,1,1,1,1,1,1,1,1,1,1,1,1,1,1,1,1,1,1
2026-09-24T11:00:00Z,2026-09-24T10:30:00Z,30,5120.0,2026-09-23T15:05:05Z,semo_pub_dailyloadfcst_202609231505,1164.9166666666667,1,921.0,2026-09-23T15:05:05Z,semo_pub_dailyloadfcst_202609231505,1164.9166666666667,1,4199.0,2026-09-23T15:05:05Z,semo_pub_dailyloadfcst_202609231505,1164.9166666666667,1,500.0,2026-09-23T06:00:11Z,semo_pub_dailyintconntc_202609230600,1709.8166666666666,1,530.0,2026-09-23T06:00:11Z,semo_pub_dailyintconntc_202609230600,1709.8166666666666,1,513.0,2026-09-23T06:00:11Z,semo_pub_dailyintconntc_202609230600,1709.8166666666666,1,500.0,2026-09-23T06:00:11Z,semo_pub_dailyintconntc_202609230600,1709.8166666666666,1,500.0,2026-09-23T06:00:11Z,semo_pub_dailyintconntc_202609230600,1709.8166666666666,1,504.0,2026-09-23T06:00:11Z,semo_pub_dailyintconntc_202609230600,1709.8166666666666,1,797.0,2026-09-23T15:23:12Z,smartgrid_solar_snapshot_2026-09-23,1146.8,1,4199.345,2026-09-23T12:23:53Z,semo_pub_15minaggwindfcst_202609231223,1326.1166666666666,1,0,4193.018,1419.814,2.08,204.605,254.74650000000003,372.545,0.5236000000000001,2026-08-31T23:00:00Z,33810.0,1,,,,0,1,1,0,1,1,1,1,1,1,4996.345,123.65499999999975,0.9758486328125,0.0,,,,,,,831.8965000000001,1.13832841796875,,,475,36.64873463971875,106.0,0.0,23,228.04516763255378,752.3569999999995,0.0,1,0.0,0.0,,,,,,,,,,,,,,,,,,,,,,,,,,,,,,,,,,,,,,,,,,,,,,,,,,0,0,0,0,0,0,0,0,0,0,0,0,0,0,0,0,0,0,0,0,0,0,0,0,0,0,0,0,0,0,0,0,0,1,1,1,0,0,0,0,1,1,1,1,1,1,0,1,1,0,0,0,0,0,0,0,0,1,1,1,1,1,1,1,1,1,1,1,1,1,1,1,1,1,1,1,1,1,1,1,1,1,1,1,1,1,1,1,1,1,1,1,1,1,1,1,1,1,1,1,1,1,1,1,1,1
2026-09-24T11:30:00Z,2026-09-24T10:30:00Z,60,5145.0,2026-09-23T15:05:05Z,semo_pub_dailyloadfcst_202609231505,1164.9166666666667,1,917.0,2026-09-23T15:05:05Z,semo_pub_dailyloadfcst_202609231505,1164.9166666666667,1,4228.0,2026-09-23T15:05:05Z,semo_pub_dailyloadfcst_202609231505,1164.9166666666667,1,,,,,0,,,,,0,,,,,0,,,,,0,,,,,0,,,,,0,848.0,2026-09-23T15:23:12Z,smartgrid_solar_snapshot_2026-09-23,1146.8,1,4255.631,2026-09-23T12:23:53Z,semo_pub_15minaggwindfcst_202609231223,1326.1166666666666,1,0,4193.018,1419.814,2.08,204.605,254.74650000000003,372.545,0.5236000000000001,2026-08-31T23:00:00Z,33810.0,1,,,,0,1,1,0,1,1,1,1,1,1,5103.631,41.36899999999969,0.9919593780369291,0.0,,,,,,,831.8965000000001,1.1536496598639456,,,475,57.59932071006036,150.0,0.0,23,221.89324820078787,677.377,0.0,1,0.0,0.0,,,,,,,,,,,,,,,,,,,,,,,,,,,,,,,,,,,,,,,,,,,,,,,,,,0,0,0,0,0,0,0,0,0,1,1,1,1,1,1,1,1,1,1,1,1,1,1,1,1,1,1,0,0,0,0,0,0,1,1,1,0,0,0,0,1,1,1,1,1,1,0,1,1,0,0,0,0,0,0,0,0,1,1,1,1,1,1,1,1,1,1,1,1,1,1,1,1,1,1,1,1,1,1,1,1,1,1,1,1,1,1,1,1,1,1,1,1,1,1,1,1,1,1,1,1,1,1,1,1,1
2026-09-24T11:30:00Z,2026-09-24T11:00:00Z,30,5145.0,2026-09-23T15:05:05Z,semo_pub_dailyloadfcst_202609231505,1194.9166666666667,1,917.0,2026-09-23T15:05:05Z,semo_pub_dailyloadfcst_202609231505,1194.9166666666667,1,4228.0,2026-09-23T15:05:05Z,semo_pub_dailyloadfcst_202609231505,1194.9166666666667,1,,,,,0,,,,,0,,,,,0,,,,,0,,,,,0,,,,,0,848.0,2026-09-23T15:23:12Z,smartgrid_solar_snapshot_2026-09-23,1176.8,1,4255.631,2026-09-23T12:23:53Z,semo_pub_15minaggwindfcst_202609231223,1356.1166666666666,1,0,4193.018,1419.814,2.08,204.605,254.74650000000003,372.545,0.5236000000000001,2026-08-31T23:00:00Z,33840.0,1,,,,0,1,1,0,1,1,1,1,1,1,5103.631,41.36899999999969,0.9919593780369291,0.0,,,,,,,831.8965000000001,1.1536496598639456,,,475,57.59932071006036,150.0,0.0,23,221.89324820078787,677.377,0.0,1,0.0,0.0,,,,,,,,,,,,,,,,,,,,,,,,,,,,,,,,,,,,,,,,,,,,,,,,,,0,0,0,0,0,0,0,0,0,1,1,1,1,1,1,1,1,1,1,1,1,1,1,1,1,1,1,0,0,0,0,0,0,1,1,1,0,0,0,0,1,1,1,1,1,1,0,1,1,0,0,0,0,0,0,0,0,1,1,1,1,1,1,1,1,1,1,1,1,1,1,1,1,1,1,1,1,1,1,1,1,1,1,1,1,1,1,1,1,1,1,1,1,1,1,1,1,1,1,1,1,1,1,1,1,1
2026-09-24T12:00:00Z,2026-09-24T11:00:00Z,60,5133.0,2026-09-23T15:05:05Z,semo_pub_dailyloadfcst_202609231505,1194.9166666666667,1,915.0,2026-09-23T15:05:05Z,semo_pub_dailyloadfcst_202609231505,1194.9166666666667,1,4218.0,2026-09-23T15:05:05Z,semo_pub_dailyloadfcst_202609231505,1194.9166666666667,1,500.0,2026-09-23T06:00:11Z,semo_pub_dailyintconntc_202609230600,1739.8166666666666,1,530.0,2026-09-23T06:00:11Z,semo_pub_dailyintconntc_202609230600,1739.8166666666666,1,513.0,2026-09-23T06:00:11Z,semo_pub_dailyintconntc_202609230600,1739.8166666666666,1,500.0,2026-09-23T06:00:11Z,semo_pub_dailyintconntc_202609230600,1739.8166666666666,1,500.0,2026-09-23T06:00:11Z,semo_pub_dailyintconntc_202609230600,1739.8166666666666,1,504.0,2026-09-23T06:00:11Z,semo_pub_dailyintconntc_202609230600,1739.8166666666666,1,900.0,2026-09-23T15:23:12Z,smartgrid_solar_snapshot_2026-09-23,1176.8,1,4311.927,2026-09-23T12:23:53Z,semo_pub_15minaggwindfcst_202609231223,1356.1166666666666,1,0,4193.018,1419.814,2.08,204.605,254.74650000000003,372.545,0.5236000000000001,2026-08-31T23:00:00Z,33840.0,1,,,,0,1,1,0,1,1,1,1,1,1,5211.927,-78.92699999999968,1.0153763880771478,78.92699999999968,,,,,,,831.8965000000001,1.1774446717319305,,,475,54.99630351718209,136.0,0.0,23,218.73581555182702,652.9790000000003,0.0,1,0.0,0.0,,,,,,,,,,,,,,,,,,,,,,,,,,,,,,,,,,,,,,,,,,,,,,,,,,0,0,0,0,0,0,0,0,0,0,0,0,0,0,0,0,0,0,0,0,0,0,0,0,0,0,0,0,0,0,0,0,0,1,1,1,0,0,0,0,1,1,1,1,1,1,0,1,1,0,0,0,0,0,0,0,0,1,1,1,1,1,1,1,1,1,1,1,1,1,1,1,1,1,1,1,1,1,1,1,1,1,1,1,1,1,1,1,1,1,1,1,1,1,1,1,1,1,1,1,1,1,1,1,1,1
2026-09-24T12:00:00Z,2026-09-24T11:30:00Z,30,5133.0,2026-09-23T15:05:05Z,semo_pub_dailyloadfcst_202609231505,1224.9166666666667,1,915.0,2026-09-23T15:05:05Z,semo_pub_dailyloadfcst_202609231505,1224.9166666666667,1,4218.0,2026-09-23T15:05:05Z,semo_pub_dailyloadfcst_202609231505,1224.9166666666667,1,500.0,2026-09-23T06:00:11Z,semo_pub_dailyintconntc_202609230600,1769.8166666666666,1,530.0,2026-09-23T06:00:11Z,semo_pub_dailyintconntc_202609230600,1769.8166666666666,1,513.0,2026-09-23T06:00:11Z,semo_pub_dailyintconntc_202609230600,1769.8166666666666,1,500.0,2026-09-23T06:00:11Z,semo_pub_dailyintconntc_202609230600,1769.8166666666666,1,500.0,2026-09-23T06:00:11Z,semo_pub_dailyintconntc_202609230600,1769.8166666666666,1,504.0,2026-09-23T06:00:11Z,semo_pub_dailyintconntc_202609230600,1769.8166666666666,1,900.0,2026-09-23T15:23:12Z,smartgrid_solar_snapshot_2026-09-23,1206.8,1,4311.927,2026-09-23T12:23:53Z,semo_pub_15minaggwindfcst_202609231223,1386.1166666666666,1,0,4193.018,1419.814,2.08,204.605,254.74650000000003,372.545,0.5236000000000001,2026-08-31T23:00:00Z,33870.0,1,,,,0,1,1,0,1,1,1,1,1,1,5211.927,-78.92699999999968,1.0153763880771478,78.92699999999968,,,,,,,831.8965000000001,1.1774446717319305,,,475,54.99630351718209,136.0,0.0,23,218.73581555182702,652.9790000000003,0.0,1,0.0,0.0,,,,,,,,,,,,,,,,,,,,,,,,,,,,,,,,,,,,,,,,,,,,,,,,,,0,0,0,0,0,0,0,0,0,0,0,0,0,0,0,0,0,0,0,0,0,0,0,0,0,0,0,0,0,0,0,0,0,1,1,1,0,0,0,0,1,1,1,1,1,1,0,1,1,0,0,0,0,0,0,0,0,1,1,1,1,1,1,1,1,1,1,1,1,1,1,1,1,1,1,1,1,1,1,1,1,1,1,1,1,1,1,1,1,1,1,1,1,1,1,1,1,1,1,1,1,1,1,1,1,1
2026-09-24T12:30:00Z,2026-09-24T11:30:00Z,60,5087.0,2026-09-23T15:05:05Z,semo_pub_dailyloadfcst_202609231505,1224.9166666666667,1,896.0,2026-09-23T15:05:05Z,semo_pub_dailyloadfcst_202609231505,1224.9166666666667,1,4191.0,2026-09-23T15:05:05Z,semo_pub_dailyloadfcst_202609231505,1224.9166666666667,1,,,,,0,,,,,0,,,,,0,,,,,0,,,,,0,,,,,0,939.0,2026-09-23T15:23:12Z,smartgrid_solar_snapshot_2026-09-23,1206.8,1,4305.42,2026-09-23T12:23:53Z,semo_pub_15minaggwindfcst_202609231223,1386.1166666666666,1,0,4193.018,1419.814,2.08,204.605,254.74650000000003,372.545,0.5236000000000001,2026-08-31T23:00:00Z,33870.0,1,,,,0,1,1,0,1,1,1,1,1,1,5244.42,-157.42000000000007,1.0309455474739533,157.42000000000007,,,,,,,831.8965000000001,1.1944793591507765,,,475,32.90327474882517,96.0,0.0,23,214.67989604813093,644.652,0.0,1,0.0,0.0,,,,,,,,,,,,,,,,,,,,,,,,,,,,,,,,,,,,,,,,,,,,,,,,,,0,0,0,0,0,0,0,0,0,1,1,1,1,1,1,1,1,1,1,1,1,1,1,1,1,1,1,0,0,0,0,0,0,1,1,1,0,0,0,0,1,1,1,1,1,1,0,1,1,0,0,0,0,0,0,0,0,1,1,1,1,1,1,1,1,1,1,1,1,1,1,1,1,1,1,1,1,1,1,1,1,1,1,1,1,1,1,1,1,1,1,1,1,1,1,1,1,1,1,1,1,1,1,1,1,1
2026-09-24T12:30:00Z,2026-09-24T12:00:00Z,30,5087.0,2026-09-23T15:05:05Z,semo_pub_dailyloadfcst_202609231505,1254.9166666666667,1,896.0,2026-09-23T15:05:05Z,semo_pub_dailyloadfcst_202609231505,1254.9166666666667,1,4191.0,2026-09-23T15:05:05Z,semo_pub_dailyloadfcst_202609231505,1254.9166666666667,1,,,,,0,,,,,0,,,,,0,,,,,0,,,,,0,,,,,0,939.0,2026-09-23T15:23:12Z,smartgrid_solar_snapshot_2026-09-23,1236.8,1,4305.42,2026-09-23T12:23:53Z,semo_pub_15minaggwindfcst_202609231223,1416.1166666666666,1,0,4193.018,1419.814,2.08,204.605,254.74650000000003,372.545,0.5236000000000001,2026-08-31T23:00:00Z,33900.0,1,,,,0,1,1,0,1,1,1,1,1,1,5244.42,-157.42000000000007,1.0309455474739533,157.42000000000007,,,,,,,831.8965000000001,1.1944793591507765,,,475,32.90327474882517,96.0,0.0,23,214.67989604813093,644.652,0.0,1,0.0,0.0,,,,,,,,,,,,,,,,,,,,,,,,,,,,,,,,,,,,,,,,,,,,,,,,,,0,0,0,0,0,0,0,0,0,1,1,1,1,1,1,1,1,1,1,1,1,1,1,1,1,1,1,0,0,0,0,0,0,1,1,1,0,0,0,0,1,1,1,1,1,1,0,1,1,0,0,0,0,0,0,0,0,1,1,1,1,1,1,1,1,1,1,1,1,1,1,1,1,1,1,1,1,1,1,1,1,1,1,1,1,1,1,1,1,1,1,1,1,1,1,1,1,1,1,1,1,1,1,1,1,1
2026-09-24T13:00:00Z,2026-09-24T12:00:00Z,60,5081.0,2026-09-23T15:05:05Z,semo_pub_dailyloadfcst_202609231505,1254.9166666666667,1,902.0,2026-09-23T15:05:05Z,semo_pub_dailyloadfcst_202609231505,1254.9166666666667,1,4179.0,2026-09-23T15:05:05Z,semo_pub_dailyloadfcst_202609231505,1254.9166666666667,1,500.0,2026-09-23T06:00:11Z,semo_pub_dailyintconntc_202609230600,1799.8166666666666,1,530.0,2026-09-23T06:00:11Z,semo_pub_dailyintconntc_202609230600,1799.8166666666666,1,513.0,2026-09-23T06:00:11Z,semo_pub_dailyintconntc_202609230600,1799.8166666666666,1,500.0,2026-09-23T06:00:11Z,semo_pub_dailyintconntc_202609230600,1799.8166666666666,1,500.0,2026-09-23T06:00:11Z,semo_pub_dailyintconntc_202609230600,1799.8166666666666,1,504.0,2026-09-23T06:00:11Z,semo_pub_dailyintconntc_202609230600,1799.8166666666666,1,978.0,2026-09-23T15:23:12Z,smartgrid_solar_snapshot_2026-09-23,1236.8,1,4298.946,2026-09-23T12:23:53Z,semo_pub_15minaggwindfcst_202609231223,1416.1166666666666,1,0,4193.018,1419.814,2.08,204.605,254.74650000000003,372.545,0.5236000000000001,2026-08-31T23:00:00Z,33900.0,1,,,,0,1,1,0,1,1,1,1,1,1,5276.946,-195.9459999999999,1.0385644558157843,195.9459999999999,,,,,,,831.8965000000001,1.2022913796496753,,,475,20.852341346050046,63.0,0.0,23,214.10488505275998,636.3240000000005,0.0,1,0.0,0.0,,,,,,,,,,,,,,,,,,,,,,,,,,,,,,,,,,,,,,,,,,,,,,,,,,0,0,0,0,0,0,0,0,0,0,0,0,0,0,0,0,0,0,0,0,0,0,0,0,0,0,0,0,0,0,0,0,0,1,1,1,0,0,0,0,1,1,1,1,1,1,0,1,1,0,0,0,0,0,0,0,0,1,1,1,1,1,1,1,1,1,1,1,1,1,1,1,1,1,1,1,1,1,1,1,1,1,1,1,1,1,1,1,1,1,1,1,1,1,1,1,1,1,1,1,1,1,1,1,1,1
2026-09-24T13:00:00Z,2026-09-24T12:30:00Z,30,5081.0,2026-09-23T15:05:05Z,semo_pub_dailyloadfcst_202609231505,1284.9166666666667,1,902.0,2026-09-23T15:05:05Z,semo_pub_dailyloadfcst_202609231505,1284.9166666666667,1,4179.0,2026-09-23T15:05:05Z,semo_pub_dailyloadfcst_202609231505,1284.9166666666667,1,500.0,2026-09-23T06:00:11Z,semo_pub_dailyintconntc_202609230600,1829.8166666666664,1,530.0,2026-09-23T06:00:11Z,semo_pub_dailyintconntc_202609230600,1829.8166666666664,1,513.0,2026-09-23T06:00:11Z,semo_pub_dailyintconntc_202609230600,1829.8166666666664,1,500.0,2026-09-23T06:00:11Z,semo_pub_dailyintconntc_202609230600,1829.8166666666664,1,500.0,2026-09-23T06:00:11Z,semo_pub_dailyintconntc_202609230600,1829.8166666666664,1,504.0,2026-09-23T06:00:11Z,semo_pub_dailyintconntc_202609230600,1829.8166666666664,1,978.0,2026-09-23T15:23:12Z,smartgrid_solar_snapshot_2026-09-23,1266.8,1,4298.946,2026-09-23T12:23:53Z,semo_pub_15minaggwindfcst_202609231223,1446.1166666666666,1,0,4193.018,1419.814,2.08,204.605,254.74650000000003,372.545,0.5236000000000001,2026-08-31T23:00:00Z,33930.0,1,,,,0,1,1,0,1,1,1,1,1,1,5276.946,-195.9459999999999,1.0385644558157843,195.9459999999999,,,,,,,831.8965000000001,1.2022913796496753,,,475,20.852341346050046,63.0,0.0,23,214.10488505275998,636.3240000000005,0.0,1,0.0,0.0,,,,,,,,,,,,,,,,,,,,,,,,,,,,,,,,,,,,,,,,,,,,,,,,,,0,0,0,0,0,0,0,0,0,0,0,0,0,0,0,0,0,0,0,0,0,0,0,0,0,0,0,0,0,0,0,0,0,1,1,1,0,0,0,0,1,1,1,1,1,1,0,1,1,0,0,0,0,0,0,0,0,1,1,1,1,1,1,1,1,1,1,1,1,1,1,1,1,1,1,1,1,1,1,1,1,1,1,1,1,1,1,1,1,1,1,1,1,1,1,1,1,1,1,1,1,1,1,1,1,1
2026-09-24T13:30:00Z,2026-09-24T12:30:00Z,60,5089.0,2026-09-23T15:05:05Z,semo_pub_dailyloadfcst_202609231505,1284.9166666666667,1,895.0,2026-09-23T15:05:05Z,semo_pub_dailyloadfcst_202609231505,1284.9166666666667,1,4194.0,2026-09-23T15:05:05Z,semo_pub_dailyloadfcst_202609231505,1284.9166666666667,1,,,,,0,,,,,0,,,,,0,,,,,0,,,,,0,,,,,0,971.0,2026-09-23T15:23:12Z,smartgrid_solar_snapshot_2026-09-23,1266.8,1,4266.436,2026-09-23T12:23:53Z,semo_pub_15minaggwindfcst_202609231223,1446.1166666666666,1,0,4193.018,1419.814,2.08,204.605,254.74650000000003,372.545,0.5236000000000001,2026-08-31T23:00:00Z,33930.0,1,,,,0,1,1,0,1,1,1,1,1,1,5237.436,-148.4359999999997,1.0291680094321085,148.4359999999997,,,,,,,831.8965000000001,1.192637551581843,,,475,31.506727945268686,94.0,0.0,23,208.67149198383555,628.1440000000002,0.0,1,0.0,0.0,,,,,,,,,,,,,,,,,,,,,,,,,,,,,,,,,,,,,,,,,,,,,,,,,,0,0,0,0,0,0,0,0,0,1,1,1,1,1,1,1,1,1,1,1,1,1,1,1,1,1,1,0,0,0,0,0,0,1,1,1,0,0,0,0,1,1,1,1,1,1,0,1,1,0,0,0,0,0,0,0,0,1,1,1,1,1,1,1,1,1,1,1,1,1,1,1,1,1,1,1,1,1,1,1,1,1,1,1,1,1,1,1,1,1,1,1,1,1,1,1,1,1,1,1,1,1,1,1,1,1
2026-09-24T13:30:00Z,2026-09-24T13:00:00Z,30,5089.0,2026-09-23T15:05:05Z,semo_pub_dailyloadfcst_202609231505,1314.9166666666667,1,895.0,2026-09-23T15:05:05Z,semo_pub_dailyloadfcst_202609231505,1314.9166666666667,1,4194.0,2026-09-23T15:05:05Z,semo_pub_dailyloadfcst_202609231505,1314.9166666666667,1,,,,,0,,,,,0,,,,,0,,,,,0,,,,,0,,,,,0,971.0,2026-09-23T15:23:12Z,smartgrid_solar_snapshot_2026-09-23,1296.8,1,4266.436,2026-09-23T12:23:53Z,semo_pub_15minaggwindfcst_202609231223,1476.1166666666666,1,0,4193.018,1419.814,2.08,204.605,254.74650000000003,372.545,0.5236000000000001,2026-08-31T23:00:00Z,33960.0,1,,,,0,1,1,0,1,1,1,1,1,1,5237.436,-148.4359999999997,1.0291680094321085,148.4359999999997,,,,,,,831.8965000000001,1.192637551581843,,,475,31.506727945268686,94.0,0.0,23,208.67149198383555,628.1440000000002,0.0,1,0.0,0.0,,,,,,,,,,,,,,,,,,,,,,,,,,,,,,,,,,,,,,,,,,,,,,,,,,0,0,0,0,0,0,0,0,0,1,1,1,1,1,1,1,1,1,1,1,1,1,1,1,1,1,1,0,0,0,0,0,0,1,1,1,0,0,0,0,1,1,1,1,1,1,0,1,1,0,0,0,0,0,0,0,0,1,1,1,1,1,1,1,1,1,1,1,1,1,1,1,1,1,1,1,1,1,1,1,1,1,1,1,1,1,1,1,1,1,1,1,1,1,1,1,1,1,1,1,1,1,1,1,1,1
2026-09-24T14:00:00Z,2026-09-24T13:00:00Z,60,5128.0,2026-09-23T15:05:05Z,semo_pub_dailyloadfcst_202609231505,1314.9166666666667,1,898.0,2026-09-23T15:05:05Z,semo_pub_dailyloadfcst_202609231505,1314.9166666666667,1,4230.0,2026-09-23T15:05:05Z,semo_pub_dailyloadfcst_202609231505,1314.9166666666667,1,500.0,2026-09-23T06:00:11Z,semo_pub_dailyintconntc_202609230600,1859.8166666666664,1,530.0,2026-09-23T06:00:11Z,semo_pub_dailyintconntc_202609230600,1859.8166666666664,1,513.0,2026-09-23T06:00:11Z,semo_pub_dailyintconntc_202609230600,1859.8166666666664,1,500.0,2026-09-23T06:00:11Z,semo_pub_dailyintconntc_202609230600,1859.8166666666664,1,500.0,2026-09-23T06:00:11Z,semo_pub_dailyintconntc_202609230600,1859.8166666666664,1,504.0,2026-09-23T06:00:11Z,semo_pub_dailyintconntc_202609230600,1859.8166666666664,1,964.0,2026-09-23T15:23:12Z,smartgrid_solar_snapshot_2026-09-23,1296.8,1,4233.93,2026-09-23T12:23:53Z,semo_pub_15minaggwindfcst_202609231223,1476.1166666666666,1,0,4193.018,1419.814,2.08,204.605,254.74650000000003,372.545,0.5236000000000001,2026-08-31T23:00:00Z,33960.0,1,,,,0,1,1,0,1,1,1,1,1,1,5197.93,-69.93000000000029,1.013636895475819,69.93000000000029,,,,,,,831.8965000000001,1.1758632020280813,,,475,57.983224396003884,151.0,0.0,23,207.22631059669976,633.8989999999994,0.0,1,0.0,0.0,,,,,,,,,,,,,,,,,,,,,,,,,,,,,,,,,,,,,,,,,,,,,,,,,,0,0,0,0,0,0,0,0,0,0,0,0,0,0,0,0,0,0,0,0,0,0,0,0,0,0,0,0,0,0,0,0,0,1,1,1,0,0,0,0,1,1,1,1,1,1,0,1,1,0,0,0,0,0,0,0,0,1,1,1,1,1,1,1,1,1,1,1,1,1,1,1,1,1,1,1,1,1,1,1,1,1,1,1,1,1,1,1,1,1,1,1,1,1,1,1,1,1,1,1,1,1,1,1,1,1
2026-09-24T14:00:00Z,2026-09-24T13:30:00Z,30,5128.0,2026-09-23T15:05:05Z,semo_pub_dailyloadfcst_202609231505,1344.9166666666667,1,898.0,2026-09-23T15:05:05Z,semo_pub_dailyloadfcst_202609231505,1344.9166666666667,1,4230.0,2026-09-23T15:05:05Z,semo_pub_dailyloadfcst_202609231505,1344.9166666666667,1,500.0,2026-09-23T06:00:11Z,semo_pub_dailyintconntc_202609230600,1889.8166666666664,1,530.0,2026-09-23T06:00:11Z,semo_pub_dailyintconntc_202609230600,1889.8166666666664,1,513.0,2026-09-23T06:00:11Z,semo_pub_dailyintconntc_202609230600,1889.8166666666664,1,500.0,2026-09-23T06:00:11Z,semo_pub_dailyintconntc_202609230600,1889.8166666666664,1,500.0,2026-09-23T06:00:11Z,semo_pub_dailyintconntc_202609230600,1889.8166666666664,1,504.0,2026-09-23T06:00:11Z,semo_pub_dailyintconntc_202609230600,1889.8166666666664,1,964.0,2026-09-23T15:23:12Z,smartgrid_solar_snapshot_2026-09-23,1326.8,1,4233.93,2026-09-23T12:23:53Z,semo_pub_15minaggwindfcst_202609231223,1506.1166666666666,1,0,4193.018,1419.814,2.08,204.605,254.74650000000003,372.545,0.5236000000000001,2026-08-31T23:00:00Z,33990.0,1,,,,0,1,1,0,1,1,1,1,1,1,5197.93,-69.93000000000029,1.013636895475819,69.93000000000029,,,,,,,831.8965000000001,1.1758632020280813,,,475,57.983224396003884,151.0,0.0,23,207.22631059669976,633.8989999999994,0.0,1,0.0,0.0,,,,,,,,,,,,,,,,,,,,,,,,,,,,,,,,,,,,,,,,,,,,,,,,,,0,0,0,0,0,0,0,0,0,0,0,0,0,0,0,0,0,0,0,0,0,0,0,0,0,0,0,0,0,0,0,0,0,1,1,1,0,0,0,0,1,1,1,1,1,1,0,1,1,0,0,0,0,0,0,0,0,1,1,1,1,1,1,1,1,1,1,1,1,1,1,1,1,1,1,1,1,1,1,1,1,1,1,1,1,1,1,1,1,1,1,1,1,1,1,1,1,1,1,1,1,1,1,1,1,1
2026-09-24T14:30:00Z,2026-09-24T13:30:00Z,60,5192.0,2026-09-23T15:05:05Z,semo_pub_dailyloadfcst_202609231505,1344.9166666666667,1,897.0,2026-09-23T15:05:05Z,semo_pub_dailyloadfcst_202609231505,1344.9166666666667,1,4295.0,2026-09-23T15:05:05Z,semo_pub_dailyloadfcst_202609231505,1344.9166666666667,1,,,,,0,,,,,0,,,,,0,,,,,0,,,,,0,,,,,0,937.0,2026-09-23T15:23:12Z,smartgrid_solar_snapshot_2026-09-23,1326.8,1,4144.704,2026-09-23T12:23:53Z,semo_pub_15minaggwindfcst_202609231223,1506.1166666666666,1,0,4193.018,1419.814,2.08,204.605,254.74650000000003,372.545,0.5236000000000001,2026-08-31T23:00:00Z,33990.0,1,,,,0,1,1,0,1,1,1,1,1,1,5081.704,110.29600000000028,0.9787565485362095,0.0,,,,,,,831.8965000000001,1.1389831471494607,,,475,68.7807682970656,160.0,0.0,23,201.41399860884312,641.1630000000005,0.0,1,0.0,0.0,,,,,,,,,,,,,,,,,,,,,,,,,,,,,,,,,,,,,,,,,,,,,,,,,,0,0,0,0,0,0,0,0,0,1,1,1,1,1,1,1,1,1,1,1,1,1,1,1,1,1,1,0,0,0,0,0,0,1,1,1,0,0,0,0,1,1,1,1,1,1,0,1,1,0,0,0,0,0,0,0,0,1,1,1,1,1,1,1,1,1,1,1,1,1,1,1,1,1,1,1,1,1,1,1,1,1,1,1,1,1,1,1,1,1,1,1,1,1,1,1,1,1,1,1,1,1,1,1,1,1
2026-09-24T14:30:00Z,2026-09-24T14:00:00Z,30,5192.0,2026-09-23T15:05:05Z,semo_pub_dailyloadfcst_202609231505,1374.9166666666667,1,897.0,2026-09-23T15:05:05Z,semo_pub_dailyloadfcst_202609231505,1374.9166666666667,1,4295.0,2026-09-23T15:05:05Z,semo_pub_dailyloadfcst_202609231505,1374.9166666666667,1,,,,,0,,,,,0,,,,,0,,,,,0,,,,,0,,,,,0,937.0,2026-09-23T15:23:12Z,smartgrid_solar_snapshot_2026-09-23,1356.8,1,4144.704,2026-09-23T12:23:53Z,semo_pub_15minaggwindfcst_202609231223,1536.1166666666666,1,0,4193.018,1419.814,2.08,204.605,254.74650000000003,372.545,0.5236000000000001,2026-08-31T23:00:00Z,34020.0,1,,,,0,1,1,0,1,1,1,1,1,1,5081.704,110.29600000000028,0.9787565485362095,0.0,,,,,,,831.8965000000001,1.1389831471494607,,,475,68.7807682970656,160.0,0.0,23,201.41399860884312,641.1630000000005,0.0,1,0.0,0.0,,,,,,,,,,,,,,,,,,,,,,,,,,,,,,,,,,,,,,,,,,,,,,,,,,0,0,0,0,0,0,0,0,0,1,1,1,1,1,1,1,1,1,1,1,1,1,1,1,1,1,1,0,0,0,0,0,0,1,1,1,0,0,0,0,1,1,1,1,1,1,0,1,1,0,0,0,0,0,0,0,0,1,1,1,1,1,1,1,1,1,1,1,1,1,1,1,1,1,1,1,1,1,1,1,1,1,1,1,1,1,1,1,1,1,1,1,1,1,1,1,1,1,1,1,1,1,1,1,1,1
2026-09-24T15:00:00Z,2026-09-24T14:00:00Z,60,5262.0,2026-09-23T15:05:05Z,semo_pub_dailyloadfcst_202609231505,1374.9166666666667,1,924.0,2026-09-23T15:05:05Z,semo_pub_dailyloadfcst_202609231505,1374.9166666666667,1,4338.0,2026-09-23T15:05:05Z,semo_pub_dailyloadfcst_202609231505,1374.9166666666667,1,500.0,2026-09-23T06:00:11Z,semo_pub_dailyintconntc_202609230600,1919.8166666666664,1,530.0,2026-09-23T06:00:11Z,semo_pub_dailyintconntc_202609230600,1919.8166666666664,1,513.0,2026-09-23T06:00:11Z,semo_pub_dailyintconntc_202609230600,1919.8166666666664,1,500.0,2026-09-23T06:00:11Z,semo_pub_dailyintconntc_202609230600,1919.8166666666664,1,500.0,2026-09-23T06:00:11Z,semo_pub_dailyintconntc_202609230600,1919.8166666666664,1,504.0,2026-09-23T06:00:11Z,semo_pub_dailyintconntc_202609230600,1919.8166666666664,1,910.0,2026-09-23T15:23:12Z,smartgrid_solar_snapshot_2026-09-23,1356.8,1,4055.482,2026-09-23T12:23:53Z,semo_pub_15minaggwindfcst_202609231223,1536.1166666666666,1,0,4193.018,1419.814,2.08,204.605,254.74650000000003,372.545,0.5236000000000001,2026-08-31T23:00:00Z,34020.0,1,,,,0,1,1,0,1,1,1,1,1,1,4965.482,296.51800000000003,0.9436491828202205,0.0,,,,,,,831.8965000000001,1.101744298745724,,,475,56.110537917346335,133.0,0.0,23,198.42134670503114,648.4239999999995,0.0,1,0.0,0.0,,,,,,,,,,,,,,,,,,,,,,,,,,,,,,,,,,,,,,,,,,,,,,,,,,0,0,0,0,0,0,0,0,0,0,0,0,0,0,0,0,0,0,0,0,0,0,0,0,0,0,0,0,0,0,0,0,0,1,1,1,0,0,0,0,1,1,1,1,1,1,0,1,1,0,0,0,0,0,0,0,0,1,1,1,1,1,1,1,1,1,1,1,1,1,1,1,1,1,1,1,1,1,1,1,1,1,1,1,1,1,1,1,1,1,1,1,1,1,1,1,1,1,1,1,1,1,1,1,1,1
2026-09-24T15:00:00Z,2026-09-24T14:30:00Z,30,5262.0,2026-09-23T15:05:05Z,semo_pub_dailyloadfcst_202609231505,1404.9166666666667,1,924.0,2026-09-23T15:05:05Z,semo_pub_dailyloadfcst_202609231505,1404.9166666666667,1,4338.0,2026-09-23T15:05:05Z,semo_pub_dailyloadfcst_202609231505,1404.9166666666667,1,500.0,2026-09-23T06:00:11Z,semo_pub_dailyintconntc_202609230600,1949.8166666666664,1,530.0,2026-09-23T06:00:11Z,semo_pub_dailyintconntc_202609230600,1949.8166666666664,1,513.0,2026-09-23T06:00:11Z,semo_pub_dailyintconntc_202609230600,1949.8166666666664,1,500.0,2026-09-23T06:00:11Z,semo_pub_dailyintconntc_202609230600,1949.8166666666664,1,500.0,2026-09-23T06:00:11Z,semo_pub_dailyintconntc_202609230600,1949.8166666666664,1,504.0,2026-09-23T06:00:11Z,semo_pub_dailyintconntc_202609230600,1949.8166666666664,1,910.0,2026-09-23T15:23:12Z,smartgrid_solar_snapshot_2026-09-23,1386.8,1,4055.482,2026-09-23T12:23:53Z,semo_pub_15minaggwindfcst_202609231223,1566.1166666666666,1,0,4193.018,1419.814,2.08,204.605,254.74650000000003,372.545,0.5236000000000001,2026-08-31T23:00:00Z,34050.0,1,,,,0,1,1,0,1,1,1,1,1,1,4965.482,296.51800000000003,0.9436491828202205,0.0,,,,,,,831.8965000000001,1.101744298745724,,,475,56.110537917346335,133.0,0.0,23,198.42134670503114,648.4239999999995,0.0,1,0.0,0.0,,,,,,,,,,,,,,,,,,,,,,,,,,,,,,,,,,,,,,,,,,,,,,,,,,0,0,0,0,0,0,0,0,0,0,0,0,0,0,0,0,0,0,0,0,0,0,0,0,0,0,0,0,0,0,0,0,0,1,1,1,0,0,0,0,1,1,1,1,1,1,0,1,1,0,0,0,0,0,0,0,0,1,1,1,1,1,1,1,1,1,1,1,1,1,1,1,1,1,1,1,1,1,1,1,1,1,1,1,1,1,1,1,1,1,1,1,1,1,1,1,1,1,1,1,1,1,1,1,1,1
2026-09-24T15:30:00Z,2026-09-24T14:30:00Z,60,5385.0,2026-09-23T15:05:05Z,semo_pub_dailyloadfcst_202609231505,1404.9166666666667,1,953.0,2026-09-23T15:05:05Z,semo_pub_dailyloadfcst_202609231505,1404.9166666666667,1,4432.0,2026-09-23T15:05:05Z,semo_pub_dailyloadfcst_202609231505,1404.9166666666667,1,,,,,0,,,,,0,,,,,0,,,,,0,,,,,0,,,,,0,856.0,2026-09-23T15:23:12Z,smartgrid_solar_snapshot_2026-09-23,1386.8,1,3869.628,2026-09-23T12:23:53Z,semo_pub_15minaggwindfcst_202609231223,1566.1166666666666,1,0,4193.018,1419.814,2.08,204.605,254.74650000000003,372.545,0.5236000000000001,2026-08-31T23:00:00Z,34050.0,1,,,,0,1,1,0,1,1,1,1,1,1,4725.628000000001,659.3719999999994,0.8775539461467039,0.0,,,,,,,831.8965000000001,1.0320379758588674,,,475,46.16618008817188,114.0,0.0,23,198.45856167148492,653.6640000000002,0.0,1,0.0,0.0,,,,,,,,,,,,,,,,,,,,,,,,,,,,,,,,,,,,,,,,,,,,,,,,,,0,0,0,0,0,0,0,0,0,1,1,1,1,1,1,1,1,1,1,1,1,1,1,1,1,1,1,0,0,0,0,0,0,1,1,1,0,0,0,0,1,1,1,1,1,1,0,1,1,0,0,0,0,0,0,0,0,1,1,1,1,1,1,1,1,1,1,1,1,1,1,1,1,1,1,1,1,1,1,1,1,1,1,1,1,1,1,1,1,1,1,1,1,1,1,1,1,1,1,1,1,1,1,1,1,1
2026-09-24T15:30:00Z,2026-09-24T15:00:00Z,30,5385.0,2026-09-23T15:05:05Z,semo_pub_dailyloadfcst_202609231505,1434.9166666666667,1,953.0,2026-09-23T15:05:05Z,semo_pub_dailyloadfcst_202609231505,1434.9166666666667,1,4432.0,2026-09-23T15:05:05Z,semo_pub_dailyloadfcst_202609231505,1434.9166666666667,1,,,,,0,,,,,0,,,,,0,,,,,0,,,,,0,,,,,0,856.0,2026-09-23T15:23:12Z,smartgrid_solar_snapshot_2026-09-23,1416.8,1,3869.628,2026-09-23T12:23:53Z,semo_pub_15minaggwindfcst_202609231223,1596.1166666666666,1,0,4193.018,1419.814,2.08,204.605,254.74650000000003,372.545,0.5236000000000001,2026-08-31T23:00:00Z,34080.0,1,,,,0,1,1,0,1,1,1,1,1,1,4725.628000000001,659.3719999999994,0.8775539461467039,0.0,,,,,,,831.8965000000001,1.0320379758588674,,,475,46.16618008817188,114.0,0.0,23,198.45856167148492,653.6640000000002,0.0,1,0.0,0.0,,,,,,,,,,,,,,,,,,,,,,,,,,,,,,,,,,,,,,,,,,,,,,,,,,0,0,0,0,0,0,0,0,0,1,1,1,1,1,1,1,1,1,1,1,1,1,1,1,1,1,1,0,0,0,0,0,0,1,1,1,0,0,0,0,1,1,1,1,1,1,0,1,1,0,0,0,0,0,0,0,0,1,1,1,1,1,1,1,1,1,1,1,1,1,1,1,1,1,1,1,1,1,1,1,1,1,1,1,1,1,1,1,1,1,1,1,1,1,1,1,1,1,1,1,1,1,1,1,1,1
2026-09-24T16:00:00Z,2026-09-24T15:00:00Z,60,5513.0,2026-09-23T15:05:05Z,semo_pub_dailyloadfcst_202609231505,1434.9166666666667,1,999.0,2026-09-23T15:05:05Z,semo_pub_dailyloadfcst_202609231505,1434.9166666666667,1,4514.0,2026-09-23T15:05:05Z,semo_pub_dailyloadfcst_202609231505,1434.9166666666667,1,500.0,2026-09-23T06:00:11Z,semo_pub_dailyintconntc_202609230600,1979.8166666666664,1,530.0,2026-09-23T06:00:11Z,semo_pub_dailyintconntc_202609230600,1979.8166666666664,1,513.0,2026-09-23T06:00:11Z,semo_pub_dailyintconntc_202609230600,1979.8166666666664,1,500.0,2026-09-23T06:00:11Z,semo_pub_dailyintconntc_202609230600,1979.8166666666664,1,500.0,2026-09-23T06:00:11Z,semo_pub_dailyintconntc_202609230600,1979.8166666666664,1,504.0,2026-09-23T06:00:11Z,semo_pub_dailyintconntc_202609230600,1979.8166666666664,1,802.0,2026-09-23T15:23:12Z,smartgrid_solar_snapshot_2026-09-23,1416.8,1,3683.766,2026-09-23T12:23:53Z,semo_pub_15minaggwindfcst_202609231223,1596.1166666666666,1,0,4193.018,1419.814,2.08,204.605,254.74650000000003,372.545,0.5236000000000001,2026-08-31T23:00:00Z,34080.0,1,,,,0,1,1,0,1,1,1,1,1,1,4485.766,1027.2340000000004,0.8136705967712679,0.0,,,,,,,831.8965000000001,0.9645678396517322,,,475,46.25659854104339,108.0,0.0,23,201.81530258360277,658.8860000000004,0.0,1,0.0,0.0,,,,,,,,,,,,,,,,,,,,,,,,,,,,,,,,,,,,,,,,,,,,,,,,,,0,0,0,0,0,0,0,0,0,0,0,0,0,0,0,0,0,0,0,0,0,0,0,0,0,0,0,0,0,0,0,0,0,1,1,1,0,0,0,0,1,1,1,1,1,1,0,1,1,0,0,0,0,0,0,0,0,1,1,1,1,1,1,1,1,1,1,1,1,1,1,1,1,1,1,1,1,1,1,1,1,1,1,1,1,1,1,1,1,1,1,1,1,1,1,1,1,1,1,1,1,1,1,1,1,1
2026-09-24T16:00:00Z,2026-09-24T15:30:00Z,30,5513.0,2026-09-23T15:05:05Z,semo_pub_dailyloadfcst_202609231505,1464.9166666666667,1,999.0,2026-09-23T15:05:05Z,semo_pub_dailyloadfcst_202609231505,1464.9166666666667,1,4514.0,2026-09-23T15:05:05Z,semo_pub_dailyloadfcst_202609231505,1464.9166666666667,1,500.0,2026-09-23T06:00:11Z,semo_pub_dailyintconntc_202609230600,2009.8166666666664,1,530.0,2026-09-23T06:00:11Z,semo_pub_dailyintconntc_202609230600,2009.8166666666664,1,513.0,2026-09-23T06:00:11Z,semo_pub_dailyintconntc_202609230600,2009.8166666666664,1,500.0,2026-09-23T06:00:11Z,semo_pub_dailyintconntc_202609230600,2009.8166666666664,1,500.0,2026-09-23T06:00:11Z,semo_pub_dailyintconntc_202609230600,2009.8166666666664,1,504.0,2026-09-23T06:00:11Z,semo_pub_dailyintconntc_202609230600,2009.8166666666664,1,802.0,2026-09-23T15:23:12Z,smartgrid_solar_snapshot_2026-09-23,1446.8,1,3683.766,2026-09-23T12:23:53Z,semo_pub_15minaggwindfcst_202609231223,1626.1166666666666,1,0,4193.018,1419.814,2.08,204.605,254.74650000000003,372.545,0.5236000000000001,2026-08-31T23:00:00Z,34110.0,1,,,,0,1,1,1,1,1,1,1,1,1,4485.766,1027.2340000000004,0.8136705967712679,0.0,,,,,,,831.8965000000001,0.9645678396517322,,,475,46.25659854104339,108.0,0.0,23,201.81530258360277,658.8860000000004,0.0,1,0.0,0.0,,,,,,,,,,,,,,,,,,,,,,,,,,,,,,,,,,,,,,,,,,,,,,,,,,0,0,0,0,0,0,0,0,0,0,0,0,0,0,0,0,0,0,0,0,0,0,0,0,0,0,0,0,0,0,0,0,0,1,1,1,0,0,0,0,1,1,1,1,1,1,0,1,1,0,0,0,0,0,0,0,0,1,1,1,1,1,1,1,1,1,1,1,1,1,1,1,1,1,1,1,1,1,1,1,1,1,1,1,1,1,1,1,1,1,1,1,1,1,1,1,1,1,1,1,1,1,1,1,1,1
2026-09-24T16:30:00Z,2026-09-24T15:30:00Z,60,5626.0,2026-09-23T15:05:05Z,semo_pub_dailyloadfcst_202609231505,1464.9166666666667,1,1030.0,2026-09-23T15:05:05Z,semo_pub_dailyloadfcst_202609231505,1464.9166666666667,1,4596.0,2026-09-23T15:05:05Z,semo_pub_dailyloadfcst_202609231505,1464.9166666666667,1,,,,,0,,,,,0,,,,,0,,,,,0,,,,,0,,,,,0,694.0,2026-09-23T15:23:12Z,smartgrid_solar_snapshot_2026-09-23,1446.8,1,3397.524,2026-09-23T12:23:53Z,semo_pub_15minaggwindfcst_202609231223,1626.1166666666666,1,0,4193.018,1419.814,2.08,204.605,254.74650000000003,372.545,0.5236000000000001,2026-08-31T23:00:00Z,34110.0,1,,,,0,1,1,1,1,1,1,1,1,1,4091.524,1534.476,0.727252755065766,0.0,,,,,,,831.8965000000001,0.8751191788126556,,,475,48.20571688260849,111.0,0.0,23,217.81368726175026,679.2679999999996,0.0,1,0.0,0.0,,,,,,,,,,,,,,,,,,,,,,,,,,,,,,,,,,,,,,,,,,,,,,,,,,0,0,0,0,0,0,0,0,0,1,1,1,1,1,1,1,1,1,1,1,1,1,1,1,1,1,1,0,0,0,0,0,0,1,1,1,0,0,0,0,1,1,1,1,1,1,0,1,1,0,0,0,0,0,0,0,0,1,1,1,1,1,1,1,1,1,1,1,1,1,1,1,1,1,1,1,1,1,1,1,1,1,1,1,1,1,1,1,1,1,1,1,1,1,1,1,1,1,1,1,1,1,1,1,1,1
2026-09-24T16:30:00Z,2026-09-24T16:00:00Z,30,5626.0,2026-09-23T15:05:05Z,semo_pub_dailyloadfcst_202609231505,1494.9166666666667,1,1030.0,2026-09-23T15:05:05Z,semo_pub_dailyloadfcst_202609231505,1494.9166666666667,1,4596.0,2026-09-23T15:05:05Z,semo_pub_dailyloadfcst_202609231505,1494.9166666666667,1,,,,,0,,,,,0,,,,,0,,,,,0,,,,,0,,,,,0,694.0,2026-09-23T15:23:12Z,smartgrid_solar_snapshot_2026-09-23,1476.8,1,3397.524,2026-09-23T12:23:53Z,semo_pub_15minaggwindfcst_202609231223,1656.1166666666666,1,0,4193.018,1419.814,2.08,204.605,254.74650000000003,372.545,0.5236000000000001,2026-08-31T23:00:00Z,34140.0,1,,,,0,1,1,1,1,1,1,1,1,1,4091.524,1534.476,0.727252755065766,0.0,,,,,,,831.8965000000001,0.8751191788126556,,,475,48.20571688260849,111.0,0.0,23,217.81368726175026,679.2679999999996,0.0,1,0.0,0.0,,,,,,,,,,,,,,,,,,,,,,,,,,,,,,,,,,,,,,,,,,,,,,,,,,0,0,0,0,0,0,0,0,0,1,1,1,1,1,1,1,1,1,1,1,1,1,1,1,1,1,1,0,0,0,0,0,0,1,1,1,0,0,0,0,1,1,1,1,1,1,0,1,1,0,0,0,0,0,0,0,0,1,1,1,1,1,1,1,1,1,1,1,1,1,1,1,1,1,1,1,1,1,1,1,1,1,1,1,1,1,1,1,1,1,1,1,1,1,1,1,1,1,1,1,1,1,1,1,1,1
2026-09-24T17:00:00Z,2026-09-24T16:00:00Z,60,5629.0,2026-09-23T15:05:05Z,semo_pub_dailyloadfcst_202609231505,1494.9166666666667,1,1017.0,2026-09-23T15:05:05Z,semo_pub_dailyloadfcst_202609231505,1494.9166666666667,1,4612.0,2026-09-23T15:05:05Z,semo_pub_dailyloadfcst_202609231505,1494.9166666666667,1,500.0,2026-09-23T06:00:11Z,semo_pub_dailyintconntc_202609230600,2039.8166666666664,1,530.0,2026-09-23T06:00:11Z,semo_pub_dailyintconntc_202609230600,2039.8166666666664,1,513.0,2026-09-23T06:00:11Z,semo_pub_dailyintconntc_202609230600,2039.8166666666664,1,500.0,2026-09-23T06:00:11Z,semo_pub_dailyintconntc_202609230600,2039.8166666666664,1,500.0,2026-09-23T06:00:11Z,semo_pub_dailyintconntc_202609230600,2039.8166666666664,1,504.0,2026-09-23T06:00:11Z,semo_pub_dailyintconntc_202609230600,2039.8166666666664,1,585.0,2026-09-23T15:23:12Z,smartgrid_solar_snapshot_2026-09-23,1476.8,1,3111.288,2026-09-23T12:23:53Z,semo_pub_15minaggwindfcst_202609231223,1656.1166666666666,1,0,4193.018,1419.814,2.08,204.605,254.74650000000003,372.545,0.5236000000000001,2026-08-31T23:00:00Z,34140.0,1,,,,0,1,1,1,1,1,1,1,1,1,3696.288,1932.712,0.6566509149049565,0.0,,,,,,,831.8965000000001,0.8044385325990407,,,475,36.60807679224071,90.0,0.0,23,236.40831287478548,712.935,0.0,1,0.0,0.0,,,,,,,,,,,,,,,,,,,,,,,,,,,,,,,,,,,,,,,,,,,,,,,,,,0,0,0,0,0,0,0,0,0,0,0,0,0,0,0,0,0,0,0,0,0,0,0,0,0,0,0,0,0,0,0,0,0,1,1,1,0,0,0,0,1,1,1,1,1,1,0,1,1,0,0,0,0,0,0,0,0,1,1,1,1,1,1,1,1,1,1,1,1,1,1,1,1,1,1,1,1,1,1,1,1,1,1,1,1,1,1,1,1,1,1,1,1,1,1,1,1,1,1,1,1,1,1,1,1,1
2026-09-24T17:00:00Z,2026-09-24T16:30:00Z,30,5629.0,2026-09-23T15:05:05Z,semo_pub_dailyloadfcst_202609231505,1524.9166666666667,1,1017.0,2026-09-23T15:05:05Z,semo_pub_dailyloadfcst_202609231505,1524.9166666666667,1,4612.0,2026-09-23T15:05:05Z,semo_pub_dailyloadfcst_202609231505,1524.9166666666667,1,500.0,2026-09-23T06:00:11Z,semo_pub_dailyintconntc_202609230600,2069.8166666666666,1,530.0,2026-09-23T06:00:11Z,semo_pub_dailyintconntc_202609230600,2069.8166666666666,1,513.0,2026-09-23T06:00:11Z,semo_pub_dailyintconntc_202609230600,2069.8166666666666,1,500.0,2026-09-23T06:00:11Z,semo_pub_dailyintconntc_202609230600,2069.8166666666666,1,500.0,2026-09-23T06:00:11Z,semo_pub_dailyintconntc_202609230600,2069.8166666666666,1,504.0,2026-09-23T06:00:11Z,semo_pub_dailyintconntc_202609230600,2069.8166666666666,1,585.0,2026-09-23T15:23:12Z,smartgrid_solar_snapshot_2026-09-23,1506.8,1,3111.288,2026-09-23T12:23:53Z,semo_pub_15minaggwindfcst_202609231223,1686.1166666666666,1,0,4193.018,1419.814,2.08,204.605,254.74650000000003,372.545,0.5236000000000001,2026-08-31T23:00:00Z,34170.0,1,,,,0,1,1,1,1,1,1,1,1,1,3696.288,1932.712,0.6566509149049565,0.0,,,,,,,831.8965000000001,0.8044385325990407,,,475,36.60807679224071,90.0,0.0,23,236.40831287478548,712.935,0.0,1,0.0,0.0,,,,,,,,,,,,,,,,,,,,,,,,,,,,,,,,,,,,,,,,,,,,,,,,,,0,0,0,0,0,0,0,0,0,0,0,0,0,0,0,0,0,0,0,0,0,0,0,0,0,0,0,0,0,0,0,0,0,1,1,1,0,0,0,0,1,1,1,1,1,1,0,1,1,0,0,0,0,0,0,0,0,1,1,1,1,1,1,1,1,1,1,1,1,1,1,1,1,1,1,1,1,1,1,1,1,1,1,1,1,1,1,1,1,1,1,1,1,1,1,1,1,1,1,1,1,1,1,1,1,1
2026-09-24T17:30:00Z,2026-09-24T16:30:00Z,60,5579.0,2026-09-23T15:05:05Z,semo_pub_dailyloadfcst_202609231505,1524.9166666666667,1,979.0,2026-09-23T15:05:05Z,semo_pub_dailyloadfcst_202609231505,1524.9166666666667,1,4600.0,2026-09-23T15:05:05Z,semo_pub_dailyloadfcst_202609231505,1524.9166666666667,1,,,,,0,,,,,0,,,,,0,,,,,0,,,,,0,,,,,0,410.0,2026-09-23T15:23:12Z,smartgrid_solar_snapshot_2026-09-23,1506.8,1,2817.904,2026-09-23T12:23:53Z,semo_pub_15minaggwindfcst_202609231223,1686.1166666666666,1,0,4193.018,1419.814,2.08,204.605,254.74650000000003,372.545,0.5236000000000001,2026-08-31T23:00:00Z,34170.0,1,,,,0,1,1,1,1,1,1,1,1,1,3227.904,2351.096,0.5785811077253988,0.0,,,,,,,831.8965000000001,0.7276932245922209,,,475,34.91026781466975,86.0,0.0,23,248.43538905607684,752.3670000000002,0.0,1,0.0,0.0,,,,,,,,,,,,,,,,,,,,,,,,,,,,,,,,,,,,,,,,,,,,,,,,,,0,0,0,0,0,0,0,0,0,1,1,1,1,1,1,1,1,1,1,1,1,1,1,1,1,1,1,0,0,0,0,0,0,1,1,1,0,0,0,0,1,1,1,1,1,1,0,1,1,0,0,0,0,0,0,0,0,1,1,1,1,1,1,1,1,1,1,1,1,1,1,1,1,1,1,1,1,1,1,1,1,1,1,1,1,1,1,1,1,1,1,1,1,1,1,1,1,1,1,1,1,1,1,1,1,1
2026-09-24T17:30:00Z,2026-09-24T17:00:00Z,30,5579.0,2026-09-23T15:05:05Z,semo_pub_dailyloadfcst_202609231505,1554.9166666666667,1,979.0,2026-09-23T15:05:05Z,semo_pub_dailyloadfcst_202609231505,1554.9166666666667,1,4600.0,2026-09-23T15:05:05Z,semo_pub_dailyloadfcst_202609231505,1554.9166666666667,1,,,,,0,,,,,0,,,,,0,,,,,0,,,,,0,,,,,0,410.0,2026-09-23T15:23:12Z,smartgrid_solar_snapshot_2026-09-23,1536.8,1,2817.904,2026-09-23T12:23:53Z,semo_pub_15minaggwindfcst_202609231223,1716.1166666666666,1,0,4193.018,1419.814,2.08,204.605,254.74650000000003,372.545,0.5236000000000001,2026-08-31T23:00:00Z,34200.0,1,,,,0,1,1,1,1,1,1,1,1,1,3227.904,2351.096,0.5785811077253988,0.0,,,,,,,831.8965000000001,0.7276932245922209,,,475,34.91026781466975,86.0,0.0,23,248.43538905607684,752.3670000000002,0.0,1,0.0,0.0,,,,,,,,,,,,,,,,,,,,,,,,,,,,,,,,,,,,,,,,,,,,,,,,,,0,0,0,0,0,0,0,0,0,1,1,1,1,1,1,1,1,1,1,1,1,1,1,1,1,1,1,0,0,0,0,0,0,1,1,1,0,0,0,0,1,1,1,1,1,1,0,1,1,0,0,0,0,0,0,0,0,1,1,1,1,1,1,1,1,1,1,1,1,1,1,1,1,1,1,1,1,1,1,1,1,1,1,1,1,1,1,1,1,1,1,1,1,1,1,1,1,1,1,1,1,1,1,1,1,1
2026-09-24T18:00:00Z,2026-09-24T17:00:00Z,60,5581.0,2026-09-23T15:05:05Z,semo_pub_dailyloadfcst_202609231505,1554.9166666666667,1,983.0,2026-09-23T15:05:05Z,semo_pub_dailyloadfcst_202609231505,1554.9166666666667,1,4598.0,2026-09-23T15:05:05Z,semo_pub_dailyloadfcst_202609231505,1554.9166666666667,1,500.0,2026-09-23T06:00:11Z,semo_pub_dailyintconntc_202609230600,2099.8166666666666,1,530.0,2026-09-23T06:00:11Z,semo_pub_dailyintconntc_202609230600,2099.8166666666666,1,513.0,2026-09-23T06:00:11Z,semo_pub_dailyintconntc_202609230600,2099.8166666666666,1,500.0,2026-09-23T06:00:11Z,semo_pub_dailyintconntc_202609230600,2099.8166666666666,1,500.0,2026-09-23T06:00:11Z,semo_pub_dailyintconntc_202609230600,2099.8166666666666,1,504.0,2026-09-23T06:00:11Z,semo_pub_dailyintconntc_202609230600,2099.8166666666666,1,236.0,2026-09-23T15:23:12Z,smartgrid_solar_snapshot_2026-09-23,1536.8,1,2524.523,2026-09-23T12:23:53Z,semo_pub_15minaggwindfcst_202609231223,1716.1166666666666,1,0,4193.018,1419.814,2.08,204.605,254.74650000000003,372.545,0.5236000000000001,2026-08-31T23:00:00Z,34200.0,1,,,,0,1,1,1,1,1,1,1,1,1,2760.523,2820.477,0.4946287403691095,0.0,,,,,,,831.8965000000001,0.6436874216090306,,,475,69.56334775363044,177.0,0.0,23,261.7259816282703,791.799,0.0,1,0.0,0.0,,,,,,,,,,,,,,,,,,,,,,,,,,,,,,,,,,,,,,,,,,,,,,,,,,0,0,0,0,0,0,0,0,0,0,0,0,0,0,0,0,0,0,0,0,0,0,0,0,0,0,0,0,0,0,0,0,0,1,1,1,0,0,0,0,1,1,1,1,1,1,0,1,1,0,0,0,0,0,0,0,0,1,1,1,1,1,1,1,1,1,1,1,1,1,1,1,1,1,1,1,1,1,1,1,1,1,1,1,1,1,1,1,1,1,1,1,1,1,1,1,1,1,1,1,1,1,1,1,1,1
2026-09-24T18:00:00Z,2026-09-24T17:30:00Z,30,5581.0,2026-09-23T15:05:05Z,semo_pub_dailyloadfcst_202609231505,1584.9166666666667,1,983.0,2026-09-23T15:05:05Z,semo_pub_dailyloadfcst_202609231505,1584.9166666666667,1,4598.0,2026-09-23T15:05:05Z,semo_pub_dailyloadfcst_202609231505,1584.9166666666667,1,500.0,2026-09-23T06:00:11Z,semo_pub_dailyintconntc_202609230600,2129.8166666666666,1,530.0,2026-09-23T06:00:11Z,semo_pub_dailyintconntc_202609230600,2129.8166666666666,1,513.0,2026-09-23T06:00:11Z,semo_pub_dailyintconntc_202609230600,2129.8166666666666,1,500.0,2026-09-23T06:00:11Z,semo_pub_dailyintconntc_202609230600,2129.8166666666666,1,500.0,2026-09-23T06:00:11Z,semo_pub_dailyintconntc_202609230600,2129.8166666666666,1,504.0,2026-09-23T06:00:11Z,semo_pub_dailyintconntc_202609230600,2129.8166666666666,1,236.0,2026-09-23T15:23:12Z,smartgrid_solar_snapshot_2026-09-23,1566.8,1,2524.523,2026-09-23T12:23:53Z,semo_pub_15minaggwindfcst_202609231223,1746.1166666666666,1,0,4193.018,1419.814,2.08,204.605,254.74650000000003,372.545,0.5236000000000001,2026-08-31T23:00:00Z,34230.0,1,,,,0,1,1,1,1,1,1,1,1,1,2760.523,2820.477,0.4946287403691095,0.0,,,,,,,831.8965000000001,0.6436874216090306,,,475,69.56334775363044,177.0,0.0,23,261.7259816282703,791.799,0.0,1,0.0,0.0,,,,,,,,,,,,,,,,,,,,,,,,,,,,,,,,,,,,,,,,,,,,,,,,,,0,0,0,0,0,0,0,0,0,0,0,0,0,0,0,0,0,0,0,0,0,0,0,0,0,0,0,0,0,0,0,0,0,1,1,1,0,0,0,0,1,1,1,1,1,1,0,1,1,0,0,0,0,0,0,0,0,1,1,1,1,1,1,1,1,1,1,1,1,1,1,1,1,1,1,1,1,1,1,1,1,1,1,1,1,1,1,1,1,1,1,1,1,1,1,1,1,1,1,1,1,1,1,1,1,1
2026-09-24T18:30:00Z,2026-09-24T17:30:00Z,60,5663.0,2026-09-23T15:05:05Z,semo_pub_dailyloadfcst_202609231505,1584.9166666666667,1,985.0,2026-09-23T15:05:05Z,semo_pub_dailyloadfcst_202609231505,1584.9166666666667,1,4678.0,2026-09-23T15:05:05Z,semo_pub_dailyloadfcst_202609231505,1584.9166666666667,1,,,,,0,,,,,0,,,,,0,,,,,0,,,,,0,,,,,0,118.0,2026-09-23T15:23:12Z,smartgrid_solar_snapshot_2026-09-23,1566.8,1,2331.151,2026-09-23T12:23:53Z,semo_pub_15minaggwindfcst_202609231223,1746.1166666666666,1,0,4193.018,1419.814,2.08,204.605,254.74650000000003,372.545,0.5236000000000001,2026-08-31T23:00:00Z,34230.0,1,,,,0,1,1,1,1,1,1,1,1,1,2449.151,3213.849,0.43248295956206956,0.0,,,,,,,831.8965000000001,0.5793832774147978,,,475,92.31211572837721,224.0,0.0,23,298.41139387079886,871.3620000000001,0.0,1,0.0,0.0,,,,,,,,,,,,,,,,,,,,,,,,,,,,,,,,,,,,,,,,,,,,,,,,,,0,0,0,0,0,0,0,0,0,1,1,1,1,1,1,1,1,1,1,1,1,1,1,1,1,1,1,0,0,0,0,0,0,1,1,1,0,0,0,0,1,1,1,1,1,1,0,1,1,0,0,0,0,0,0,0,0,1,1,1,1,1,1,1,1,1,1,1,1,1,1,1,1,1,1,1,1,1,1,1,1,1,1,1,1,1,1,1,1,1,1,1,1,1,1,1,1,1,1,1,1,1,1,1,1,1
2026-09-24T18:30:00Z,2026-09-24T18:00:00Z,30,5663.0,2026-09-23T15:05:05Z,semo_pub_dailyloadfcst_202609231505,1614.9166666666667,1,985.0,2026-09-23T15:05:05Z,semo_pub_dailyloadfcst_202609231505,1614.9166666666667,1,4678.0,2026-09-23T15:05:05Z,semo_pub_dailyloadfcst_202609231505,1614.9166666666667,1,,,,,0,,,,,0,,,,,0,,,,,0,,,,,0,,,,,0,118.0,2026-09-23T15:23:12Z,smartgrid_solar_snapshot_2026-09-23,1596.8,1,2331.151,2026-09-23T12:23:53Z,semo_pub_15minaggwindfcst_202609231223,1776.1166666666666,1,0,4193.018,1419.814,2.08,204.605,254.74650000000003,372.545,0.5236000000000001,2026-08-31T23:00:00Z,34260.0,1,,,,0,1,1,1,1,1,1,1,1,1,2449.151,3213.849,0.43248295956206956,0.0,,,,,,,831.8965000000001,0.5793832774147978,,,475,92.31211572837721,224.0,0.0,23,298.41139387079886,871.3620000000001,0.0,1,0.0,0.0,,,,,,,,,,,,,,,,,,,,,,,,,,,,,,,,,,,,,,,,,,,,,,,,,,0,0,0,0,0,0,0,0,0,1,1,1,1,1,1,1,1,1,1,1,1,1,1,1,1,1,1,0,0,0,0,0,0,1,1,1,0,0,0,0,1,1,1,1,1,1,0,1,1,0,0,0,0,0,0,0,0,1,1,1,1,1,1,1,1,1,1,1,1,1,1,1,1,1,1,1,1,1,1,1,1,1,1,1,1,1,1,1,1,1,1,1,1,1,1,1,1,1,1,1,1,1,1,1,1,1
2026-09-24T19:00:00Z,2026-09-24T18:00:00Z,60,5718.0,2026-09-23T15:05:05Z,semo_pub_dailyloadfcst_202609231505,1614.9166666666667,1,968.0,2026-09-23T15:05:05Z,semo_pub_dailyloadfcst_202609231505,1614.9166666666667,1,4750.0,2026-09-23T15:05:05Z,semo_pub_dailyloadfcst_202609231505,1614.9166666666667,1,500.0,2026-09-23T06:00:11Z,semo_pub_dailyintconntc_202609230600,2159.8166666666666,1,530.0,2026-09-23T06:00:11Z,semo_pub_dailyintconntc_202609230600,2159.8166666666666,1,513.0,2026-09-23T06:00:11Z,semo_pub_dailyintconntc_202609230600,2159.8166666666666,1,500.0,2026-09-23T06:00:11Z,semo_pub_dailyintconntc_202609230600,2159.8166666666666,1,500.0,2026-09-23T06:00:11Z,semo_pub_dailyintconntc_202609230600,2159.8166666666666,1,504.0,2026-09-23T06:00:11Z,semo_pub_dailyintconntc_202609230600,2159.8166666666666,1,0.0,2026-09-23T15:23:12Z,smartgrid_solar_snapshot_2026-09-23,1596.8,1,2137.762,2026-09-23T12:23:53Z,semo_pub_15minaggwindfcst_202609231223,1776.1166666666666,1,0,4193.018,1419.814,2.08,204.605,254.74650000000003,372.545,0.5236000000000001,2026-08-31T23:00:00Z,34260.0,1,,,,0,1,1,1,1,1,1,1,1,1,2137.762,3580.238,0.37386533753060514,0.0,,,,,,,831.8965000000001,0.5193526582721232,,,475,87.67829906148835,195.0,0.0,23,513.39361257113,2417.829,0.0,1,0.0,0.0,,,,,,,,,,,,,,,,,,,,,,,,,,,,,,,,,,,,,,,,,,,,,,,,,,0,0,0,0,0,0,0,0,0,0,0,0,0,0,0,0,0,0,0,0,0,0,0,0,0,0,0,0,0,0,0,0,0,1,1,1,0,0,0,0,1,1,1,1,1,1,0,1,1,0,0,0,0,0,0,0,0,1,1,1,1,1,1,1,1,1,1,1,1,1,1,1,1,1,1,1,1,1,1,1,1,1,1,1,1,1,1,1,1,1,1,1,1,1,1,1,1,1,1,1,1,1,1,1,1,1
2026-09-24T19:00:00Z,2026-09-24T18:30:00Z,30,5718.0,2026-09-23T15:05:05Z,semo_pub_dailyloadfcst_202609231505,1644.9166666666667,1,968.0,2026-09-23T15:05:05Z,semo_pub_dailyloadfcst_202609231505,1644.9166666666667,1,4750.0,2026-09-23T15:05:05Z,semo_pub_dailyloadfcst_202609231505,1644.9166666666667,1,500.0,2026-09-23T06:00:11Z,semo_pub_dailyintconntc_202609230600,2189.8166666666666,1,530.0,2026-09-23T06:00:11Z,semo_pub_dailyintconntc_202609230600,2189.8166666666666,1,513.0,2026-09-23T06:00:11Z,semo_pub_dailyintconntc_202609230600,2189.8166666666666,1,500.0,2026-09-23T06:00:11Z,semo_pub_dailyintconntc_202609230600,2189.8166666666666,1,500.0,2026-09-23T06:00:11Z,semo_pub_dailyintconntc_202609230600,2189.8166666666666,1,504.0,2026-09-23T06:00:11Z,semo_pub_dailyintconntc_202609230600,2189.8166666666666,1,0.0,2026-09-23T15:23:12Z,smartgrid_solar_snapshot_2026-09-23,1626.8,1,2137.762,2026-09-23T12:23:53Z,semo_pub_15minaggwindfcst_202609231223,1806.1166666666663,1,0,4193.018,1419.814,2.08,204.605,254.74650000000003,372.545,0.5236000000000001,2026-08-31T23:00:00Z,34290.0,1,,,,0,1,1,1,1,1,1,1,1,1,2137.762,3580.238,0.37386533753060514,0.0,,,,,,,831.8965000000001,0.5193526582721232,,,475,87.67829906148835,195.0,0.0,23,513.39361257113,2417.829,0.0,1,0.0,0.0,,,,,,,,,,,,,,,,,,,,,,,,,,,,,,,,,,,,,,,,,,,,,,,,,,0,0,0,0,0,0,0,0,0,0,0,0,0,0,0,0,0,0,0,0,0,0,0,0,0,0,0,0,0,0,0,0,0,1,1,1,0,0,0,0,1,1,1,1,1,1,0,1,1,0,0,0,0,0,0,0,0,1,1,1,1,1,1,1,1,1,1,1,1,1,1,1,1,1,1,1,1,1,1,1,1,1,1,1,1,1,1,1,1,1,1,1,1,1,1,1,1,1,1,1,1,1,1,1,1,1
2026-09-24T19:30:00Z,2026-09-24T18:30:00Z,60,5597.0,2026-09-23T15:05:05Z,semo_pub_dailyloadfcst_202609231505,1644.9166666666667,1,938.0,2026-09-23T15:05:05Z,semo_pub_dailyloadfcst_202609231505,1644.9166666666667,1,4659.0,2026-09-23T15:05:05Z,semo_pub_dailyloadfcst_202609231505,1644.9166666666667,1,,,,,0,,,,,0,,,,,0,,,,,0,,,,,0,,,,,0,0.0,2026-09-23T15:23:12Z,smartgrid_solar_snapshot_2026-09-23,1626.8,1,1975.588,2026-09-23T12:23:53Z,semo_pub_15minaggwindfcst_202609231223,1806.1166666666663,1,0,4193.018,1419.814,2.08,204.605,254.74650000000003,372.545,0.5236000000000001,2026-08-31T23:00:00Z,34290.0,1,,,,0,1,1,1,1,1,1,1,1,1,1975.588,3621.4120000000003,0.3529726639271038,0.0,,,,,,,831.8965000000001,0.5016052349472931,,,475,59.51232600277348,138.0,0.0,23,521.9843885930263,2377.832,0.0,1,0.0,0.0,,,,,,,,,,,,,,,,,,,,,,,,,,,,,,,,,,,,,,,,,,,,,,,,,,0,0,0,0,0,0,0,0,0,1,1,1,1,1,1,1,1,1,1,1,1,1,1,1,1,1,1,0,0,0,0,0,0,1,1,1,0,0,0,0,1,1,1,1,1,1,0,1,1,0,0,0,0,0,0,0,0,1,1,1,1,1,1,1,1,1,1,1,1,1,1,1,1,1,1,1,1,1,1,1,1,1,1,1,1,1,1,1,1,1,1,1,1,1,1,1,1,1,1,1,1,1,1,1,1,1
2026-09-24T19:30:00Z,2026-09-24T19:00:00Z,30,5597.0,2026-09-23T15:05:05Z,semo_pub_dailyloadfcst_202609231505,1674.9166666666667,1,938.0,2026-09-23T15:05:05Z,semo_pub_dailyloadfcst_202609231505,1674.9166666666667,1,4659.0,2026-09-23T15:05:05Z,semo_pub_dailyloadfcst_202609231505,1674.9166666666667,1,,,,,0,,,,,0,,,,,0,,,,,0,,,,,0,,,,,0,0.0,2026-09-23T15:23:12Z,smartgrid_solar_snapshot_2026-09-23,1656.8,1,1975.588,2026-09-23T12:23:53Z,semo_pub_15minaggwindfcst_202609231223,1836.1166666666663,1,0,4193.018,1419.814,2.08,204.605,254.74650000000003,372.545,0.5236000000000001,2026-08-31T23:00:00Z,34320.0,1,,,,0,1,1,1,1,1,1,1,1,1,1975.588,3621.4120000000003,0.3529726639271038,0.0,,,,,,,831.8965000000001,0.5016052349472931,,,475,59.51232600277348,138.0,0.0,23,521.9843885930263,2377.832,0.0,1,0.0,0.0,,,,,,,,,,,,,,,,,,,,,,,,,,,,,,,,,,,,,,,,,,,,,,,,,,0,0,0,0,0,0,0,0,0,1,1,1,1,1,1,1,1,1,1,1,1,1,1,1,1,1,1,0,0,0,0,0,0,1,1,1,0,0,0,0,1,1,1,1,1,1,0,1,1,0,0,0,0,0,0,0,0,1,1,1,1,1,1,1,1,1,1,1,1,1,1,1,1,1,1,1,1,1,1,1,1,1,1,1,1,1,1,1,1,1,1,1,1,1,1,1,1,1,1,1,1,1,1,1,1,1
2026-09-24T20:00:00Z,2026-09-24T19:00:00Z,60,5437.0,2026-09-23T15:05:05Z,semo_pub_dailyloadfcst_202609231505,1674.9166666666667,1,899.0,2026-09-23T15:05:05Z,semo_pub_dailyloadfcst_202609231505,1674.9166666666667,1,4538.0,2026-09-23T15:05:05Z,semo_pub_dailyloadfcst_202609231505,1674.9166666666667,1,500.0,2026-09-23T06:00:11Z,semo_pub_dailyintconntc_202609230600,2219.8166666666666,1,530.0,2026-09-23T06:00:11Z,semo_pub_dailyintconntc_202609230600,2219.8166666666666,1,513.0,2026-09-23T06:00:11Z,semo_pub_dailyintconntc_202609230600,2219.8166666666666,1,500.0,2026-09-23T06:00:11Z,semo_pub_dailyintconntc_202609230600,2219.8166666666666,1,500.0,2026-09-23T06:00:11Z,semo_pub_dailyintconntc_202609230600,2219.8166666666666,1,504.0,2026-09-23T06:00:11Z,semo_pub_dailyintconntc_202609230600,2219.8166666666666,1,0.0,2026-09-23T15:23:12Z,smartgrid_solar_snapshot_2026-09-23,1656.8,1,1813.399,2026-09-23T12:23:53Z,semo_pub_15minaggwindfcst_202609231223,1836.1166666666663,1,0,4193.018,1419.814,2.08,204.605,254.74650000000003,372.545,0.5236000000000001,2026-08-31T23:00:00Z,34320.0,1,,,,0,1,1,1,1,1,1,1,1,1,1813.399,3623.601,0.33352933603089935,0.0,,,,,,,831.8965000000001,0.48653586536693033,,,475,46.13993812636412,133.0,0.0,23,536.3735976743951,2338.618,0.0,1,0.0,0.0,,,,,,,,,,,,,,,,,,,,,,,,,,,,,,,,,,,,,,,,,,,,,,,,,,0,0,0,0,0,0,0,0,0,0,0,0,0,0,0,0,0,0,0,0,0,0,0,0,0,0,0,0,0,0,0,0,0,1,1,1,0,0,0,0,1,1,1,1,1,1,0,1,1,0,0,0,0,0,0,0,0,1,1,1,1,1,1,1,1,1,1,1,1,1,1,1,1,1,1,1,1,1,1,1,1,1,1,1,1,1,1,1,1,1,1,1,1,1,1,1,1,1,1,1,1,1,1,1,1,1
2026-09-24T20:00:00Z,2026-09-24T19:30:00Z,30,5437.0,2026-09-23T15:05:05Z,semo_pub_dailyloadfcst_202609231505,1704.9166666666667,1,899.0,2026-09-23T15:05:05Z,semo_pub_dailyloadfcst_202609231505,1704.9166666666667,1,4538.0,2026-09-23T15:05:05Z,semo_pub_dailyloadfcst_202609231505,1704.9166666666667,1,500.0,2026-09-23T06:00:11Z,semo_pub_dailyintconntc_202609230600,2249.8166666666666,1,530.0,2026-09-23T06:00:11Z,semo_pub_dailyintconntc_202609230600,2249.8166666666666,1,513.0,2026-09-23T06:00:11Z,semo_pub_dailyintconntc_202609230600,2249.8166666666666,1,500.0,2026-09-23T06:00:11Z,semo_pub_dailyintconntc_202609230600,2249.8166666666666,1,500.0,2026-09-23T06:00:11Z,semo_pub_dailyintconntc_202609230600,2249.8166666666666,1,504.0,2026-09-23T06:00:11Z,semo_pub_dailyintconntc_202609230600,2249.8166666666666,1,0.0,2026-09-23T15:23:12Z,smartgrid_solar_snapshot_2026-09-23,1686.8,1,1813.399,2026-09-23T12:23:53Z,semo_pub_15minaggwindfcst_202609231223,1866.1166666666663,1,0,4193.018,1419.814,2.08,204.605,254.74650000000003,372.545,0.5236000000000001,2026-08-31T23:00:00Z,34350.0,1,,,,0,1,1,1,1,1,1,1,1,1,1813.399,3623.601,0.33352933603089935,0.0,,,,,,,831.8965000000001,0.48653586536693033,,,475,46.13993812636412,133.0,0.0,23,536.3735976743951,2338.618,0.0,1,0.0,0.0,,,,,,,,,,,,,,,,,,,,,,,,,,,,,,,,,,,,,,,,,,,,,,,,,,0,0,0,0,0,0,0,0,0,0,0,0,0,0,0,0,0,0,0,0,0,0,0,0,0,0,0,0,0,0,0,0,0,1,1,1,0,0,0,0,1,1,1,1,1,1,0,1,1,0,0,0,0,0,0,0,0,1,1,1,1,1,1,1,1,1,1,1,1,1,1,1,1,1,1,1,1,1,1,1,1,1,1,1,1,1,1,1,1,1,1,1,1,1,1,1,1,1,1,1,1,1,1,1,1,1
2026-09-24T20:30:00Z,2026-09-24T19:30:00Z,60,5224.0,2026-09-23T15:05:05Z,semo_pub_dailyloadfcst_202609231505,1704.9166666666667,1,849.0,2026-09-23T15:05:05Z,semo_pub_dailyloadfcst_202609231505,1704.9166666666667,1,4375.0,2026-09-23T15:05:05Z,semo_pub_dailyloadfcst_202609231505,1704.9166666666667,1,,,,,0,,,,,0,,,,,0,,,,,0,,,,,0,,,,,0,0.0,2026-09-23T15:23:12Z,smartgrid_solar_snapshot_2026-09-23,1686.8,1,1683.123,2026-09-23T12:23:53Z,semo_pub_15minaggwindfcst_202609231223,1866.1166666666663,1,0,4193.018,1419.814,2.08,204.605,254.74650000000003,372.545,0.5236000000000001,2026-08-31T23:00:00Z,34350.0,1,,,,0,1,1,1,1,1,1,1,1,1,1683.123,3540.877,0.3221904670750383,0.0,,,,,,,831.8965000000001,0.4814355857580399,,,475,56.850414363453844,154.0,0.0,23,559.6036804015063,2344.5820000000003,0.0,1,0.0,0.0,,,,,,,,,,,,,,,,,,,,,,,,,,,,,,,,,,,,,,,,,,,,,,,,,,0,0,0,0,0,0,0,0,0,1,1,1,1,1,1,1,1,1,1,1,1,1,1,1,1,1,1,0,0,0,0,0,0,1,1,1,0,0,0,0,1,1,1,1,1,1,0,1,1,0,0,0,0,0,0,0,0,1,1,1,1,1,1,1,1,1,1,1,1,1,1,1,1,1,1,1,1,1,1,1,1,1,1,1,1,1,1,1,1,1,1,1,1,1,1,1,1,1,1,1,1,1,1,1,1,1
2026-09-24T20:30:00Z,2026-09-24T20:00:00Z,30,5224.0,2026-09-23T15:05:05Z,semo_pub_dailyloadfcst_202609231505,1734.9166666666667,1,849.0,2026-09-23T15:05:05Z,semo_pub_dailyloadfcst_202609231505,1734.9166666666667,1,4375.0,2026-09-23T15:05:05Z,semo_pub_dailyloadfcst_202609231505,1734.9166666666667,1,,,,,0,,,,,0,,,,,0,,,,,0,,,,,0,,,,,0,0.0,2026-09-23T15:23:12Z,smartgrid_solar_snapshot_2026-09-23,1716.8,1,1683.123,2026-09-23T12:23:53Z,semo_pub_15minaggwindfcst_202609231223,1896.1166666666663,1,0,4193.018,1419.814,2.08,204.605,254.74650000000003,372.545,0.5236000000000001,2026-08-31T23:00:00Z,34380.0,1,,,,0,1,1,1,1,1,1,1,1,1,1683.123,3540.877,0.3221904670750383,0.0,,,,,,,831.8965000000001,0.4814355857580399,,,475,56.850414363453844,154.0,0.0,23,559.6036804015063,2344.5820000000003,0.0,1,0.0,0.0,,,,,,,,,,,,,,,,,,,,,,,,,,,,,,,,,,,,,,,,,,,,,,,,,,0,0,0,0,0,0,0,0,0,1,1,1,1,1,1,1,1,1,1,1,1,1,1,1,1,1,1,0,0,0,0,0,0,1,1,1,0,0,0,0,1,1,1,1,1,1,0,1,1,0,0,0,0,0,0,0,0,1,1,1,1,1,1,1,1,1,1,1,1,1,1,1,1,1,1,1,1,1,1,1,1,1,1,1,1,1,1,1,1,1,1,1,1,1,1,1,1,1,1,1,1,1,1,1,1,1
2026-09-24T21:00:00Z,2026-09-24T20:00:00Z,60,5009.0,2026-09-23T15:05:05Z,semo_pub_dailyloadfcst_202609231505,1734.9166666666667,1,797.0,2026-09-23T15:05:05Z,semo_pub_dailyloadfcst_202609231505,1734.9166666666667,1,4212.0,2026-09-23T15:05:05Z,semo_pub_dailyloadfcst_202609231505,1734.9166666666667,1,500.0,2026-09-23T06:00:11Z,semo_pub_dailyintconntc_202609230600,2279.8166666666666,1,530.0,2026-09-23T06:00:11Z,semo_pub_dailyintconntc_202609230600,2279.8166666666666,1,513.0,2026-09-23T06:00:11Z,semo_pub_dailyintconntc_202609230600,2279.8166666666666,1,500.0,2026-09-23T06:00:11Z,semo_pub_dailyintconntc_202609230600,2279.8166666666666,1,500.0,2026-09-23T06:00:11Z,semo_pub_dailyintconntc_202609230600,2279.8166666666666,1,504.0,2026-09-23T06:00:11Z,semo_pub_dailyintconntc_202609230600,2279.8166666666666,1,0.0,2026-09-23T15:23:12Z,smartgrid_solar_snapshot_2026-09-23,1716.8,1,1552.847,2026-09-23T12:23:53Z,semo_pub_15minaggwindfcst_202609231223,1896.1166666666663,1,0,4193.018,1419.814,2.08,204.605,254.74650000000003,372.545,0.5236000000000001,2026-08-31T23:00:00Z,34380.0,1,,,,0,1,1,1,1,1,1,1,1,1,1552.847,3456.1530000000002,0.31001137951686963,0.0,,,,,,,831.8965000000001,0.476091734877221,,,475,57.01469758509837,148.0,0.0,23,587.2006709239322,2350.559,0.0,1,0.0,0.0,,,,,,,,,,,,,,,,,,,,,,,,,,,,,,,,,,,,,,,,,,,,,,,,,,0,0,0,0,0,0,0,0,0,0,0,0,0,0,0,0,0,0,0,0,0,0,0,0,0,0,0,0,0,0,0,0,0,1,1,1,0,0,0,0,1,1,1,1,1,1,0,1,1,0,0,0,0,0,0,0,0,1,1,1,1,1,1,1,1,1,1,1,1,1,1,1,1,1,1,1,1,1,1,1,1,1,1,1,1,1,1,1,1,1,1,1,1,1,1,1,1,1,1,1,1,1,1,1,1,1
2026-09-24T21:00:00Z,2026-09-24T20:30:00Z,30,5009.0,2026-09-23T15:05:05Z,semo_pub_dailyloadfcst_202609231505,1764.9166666666667,1,797.0,2026-09-23T15:05:05Z,semo_pub_dailyloadfcst_202609231505,1764.9166666666667,1,4212.0,2026-09-23T15:05:05Z,semo_pub_dailyloadfcst_202609231505,1764.9166666666667,1,500.0,2026-09-23T06:00:11Z,semo_pub_dailyintconntc_202609230600,2309.8166666666666,1,530.0,2026-09-23T06:00:11Z,semo_pub_dailyintconntc_202609230600,2309.8166666666666,1,513.0,2026-09-23T06:00:11Z,semo_pub_dailyintconntc_202609230600,2309.8166666666666,1,500.0,2026-09-23T06:00:11Z,semo_pub_dailyintconntc_202609230600,2309.8166666666666,1,500.0,2026-09-23T06:00:11Z,semo_pub_dailyintconntc_202609230600,2309.8166666666666,1,504.0,2026-09-23T06:00:11Z,semo_pub_dailyintconntc_202609230600,2309.8166666666666,1,0.0,2026-09-23T15:23:12Z,smartgrid_solar_snapshot_2026-09-23,1746.8,1,1552.847,2026-09-23T12:23:53Z,semo_pub_15minaggwindfcst_202609231223,1926.1166666666663,1,0,4193.018,1419.814,2.08,204.605,254.74650000000003,372.545,0.5236000000000001,2026-08-31T23:00:00Z,34410.0,1,,,,0,1,1,1,1,1,1,1,1,1,1552.847,3456.1530000000002,0.31001137951686963,0.0,,,,,,,831.8965000000001,0.476091734877221,,,475,57.01469758509837,148.0,0.0,23,587.2006709239322,2350.559,0.0,1,0.0,0.0,,,,,,,,,,,,,,,,,,,,,,,,,,,,,,,,,,,,,,,,,,,,,,,,,,0,0,0,0,0,0,0,0,0,0,0,0,0,0,0,0,0,0,0,0,0,0,0,0,0,0,0,0,0,0,0,0,0,1,1,1,0,0,0,0,1,1,1,1,1,1,0,1,1,0,0,0,0,0,0,0,0,1,1,1,1,1,1,1,1,1,1,1,1,1,1,1,1,1,1,1,1,1,1,1,1,1,1,1,1,1,1,1,1,1,1,1,1,1,1,1,1,1,1,1,1,1,1,1,1,1
2026-09-24T21:30:00Z,2026-09-24T20:30:00Z,60,4771.0,2026-09-23T15:05:05Z,semo_pub_dailyloadfcst_202609231505,1764.9166666666667,1,740.0,2026-09-23T15:05:05Z,semo_pub_dailyloadfcst_202609231505,1764.9166666666667,1,4031.0,2026-09-23T15:05:05Z,semo_pub_dailyloadfcst_202609231505,1764.9166666666667,1,,,,,0,,,,,0,,,,,0,,,,,0,,,,,0,,,,,0,0.0,2026-09-23T15:23:12Z,smartgrid_solar_snapshot_2026-09-23,1746.8,1,1458.19,2026-09-23T12:23:53Z,semo_pub_15minaggwindfcst_202609231223,1926.1166666666663,1,0,4193.018,1419.814,2.08,204.605,254.74650000000003,372.545,0.5236000000000001,2026-08-31T23:00:00Z,34410.0,1,,,,0,1,1,1,1,1,1,1,1,1,1458.19,3312.81,0.30563613498218406,0.0,,,,,,,831.8965000000001,0.4800013623978202,,,475,46.16636979147258,124.0,0.0,23,600.027951136686,2332.141,0.0,1,0.0,0.0,,,,,,,,,,,,,,,,,,,,,,,,,,,,,,,,,,,,,,,,,,,,,,,,,,0,0,0,0,0,0,0,0,0,1,1,1,1,1,1,1,1,1,1,1,1,1,1,1,1,1,1,0,0,0,0,0,0,1,1,1,0,0,0,0,1,1,1,1,1,1,0,1,1,0,0,0,0,0,0,0,0,1,1,1,1,1,1,1,1,1,1,1,1,1,1,1,1,1,1,1,1,1,1,1,1,1,1,1,1,1,1,1,1,1,1,1,1,1,1,1,1,1,1,1,1,1,1,1,1,1
2026-09-24T21:30:00Z,2026-09-24T21:00:00Z,30,4771.0,2026-09-23T15:05:05Z,semo_pub_dailyloadfcst_202609231505,1794.9166666666667,1,740.0,2026-09-23T15:05:05Z,semo_pub_dailyloadfcst_202609231505,1794.9166666666667,1,4031.0,2026-09-23T15:05:05Z,semo_pub_dailyloadfcst_202609231505,1794.9166666666667,1,,,,,0,,,,,0,,,,,0,,,,,0,,,,,0,,,,,0,0.0,2026-09-23T15:23:12Z,smartgrid_solar_snapshot_2026-09-23,1776.8,1,1458.19,2026-09-23T12:23:53Z,semo_pub_15minaggwindfcst_202609231223,1956.1166666666663,1,0,4193.018,1419.814,2.08,204.605,254.74650000000003,372.545,0.5236000000000001,2026-08-31T23:00:00Z,34440.0,1,,,,0,1,1,1,1,1,1,1,1,1,1458.19,3312.81,0.30563613498218406,0.0,,,,,,,831.8965000000001,0.4800013623978202,,,475,46.16636979147258,124.0,0.0,23,600.027951136686,2332.141,0.0,1,0.0,0.0,,,,,,,,,,,,,,,,,,,,,,,,,,,,,,,,,,,,,,,,,,,,,,,,,,0,0,0,0,0,0,0,0,0,1,1,1,1,1,1,1,1,1,1,1,1,1,1,1,1,1,1,0,0,0,0,0,0,1,1,1,0,0,0,0,1,1,1,1,1,1,0,1,1,0,0,0,0,0,0,0,0,1,1,1,1,1,1,1,1,1,1,1,1,1,1,1,1,1,1,1,1,1,1,1,1,1,1,1,1,1,1,1,1,1,1,1,1,1,1,1,1,1,1,1,1,1,1,1,1,1
2026-09-24T22:00:00Z,2026-09-24T21:00:00Z,60,4549.0,2026-09-23T15:05:05Z,semo_pub_dailyloadfcst_202609231505,1794.9166666666667,1,690.0,2026-09-23T15:05:05Z,semo_pub_dailyloadfcst_202609231505,1794.9166666666667,1,3859.0,2026-09-23T15:05:05Z,semo_pub_dailyloadfcst_202609231505,1794.9166666666667,1,500.0,2026-09-23T06:00:11Z,semo_pub_dailyintconntc_202609230600,2339.8166666666666,1,530.0,2026-09-23T06:00:11Z,semo_pub_dailyintconntc_202609230600,2339.8166666666666,1,513.0,2026-09-23T06:00:11Z,semo_pub_dailyintconntc_202609230600,2339.8166666666666,1,500.0,2026-09-23T06:00:11Z,semo_pub_dailyintconntc_202609230600,2339.8166666666666,1,500.0,2026-09-23T06:00:11Z,semo_pub_dailyintconntc_202609230600,2339.8166666666666,1,504.0,2026-09-23T06:00:11Z,semo_pub_dailyintconntc_202609230600,2339.8166666666666,1,0.0,2026-09-23T15:23:12Z,smartgrid_solar_snapshot_2026-09-23,1776.8,1,1363.532,2026-09-23T12:23:53Z,semo_pub_15minaggwindfcst_202609231223,1956.1166666666663,1,0,4193.018,1419.814,2.08,204.605,254.74650000000003,372.545,0.5236000000000001,2026-08-31T23:00:00Z,34440.0,1,,,,0,1,1,1,1,1,1,1,1,1,1363.532,3185.468,0.29974324027258736,0.0,,,,,,,831.8965000000001,0.4826178280940866,,,284,25.005867194876963,68.0,0.0,23,616.021752580826,2313.727,0.0,1,0.0,0.0,,,,,,,,,,,,,,,,,,,,,,,,,,,,,,,,,,,,,,,,,,,,,,,,,,0,0,0,0,0,0,0,0,0,0,0,0,0,0,0,0,0,0,0,0,0,0,0,0,0,0,0,0,0,0,0,0,0,1,1,1,0,0,0,0,1,1,1,1,1,1,0,1,1,0,0,0,0,0,0,0,0,1,1,1,1,1,1,1,1,1,1,1,1,1,1,1,1,1,1,1,1,1,1,1,1,1,1,1,1,1,1,1,1,1,1,1,1,1,1,1,1,1,1,1,1,1,1,1,1,1
2026-09-24T22:00:00Z,2026-09-24T21:30:00Z,30,4549.0,2026-09-23T15:05:05Z,semo_pub_dailyloadfcst_202609231505,1824.9166666666667,1,690.0,2026-09-23T15:05:05Z,semo_pub_dailyloadfcst_202609231505,1824.9166666666667,1,3859.0,2026-09-23T15:05:05Z,semo_pub_dailyloadfcst_202609231505,1824.9166666666667,1,500.0,2026-09-23T06:00:11Z,semo_pub_dailyintconntc_202609230600,2369.8166666666666,1,530.0,2026-09-23T06:00:11Z,semo_pub_dailyintconntc_202609230600,2369.8166666666666,1,513.0,2026-09-23T06:00:11Z,semo_pub_dailyintconntc_202609230600,2369.8166666666666,1,500.0,2026-09-23T06:00:11Z,semo_pub_dailyintconntc_202609230600,2369.8166666666666,1,500.0,2026-09-23T06:00:11Z,semo_pub_dailyintconntc_202609230600,2369.8166666666666,1,504.0,2026-09-23T06:00:11Z,semo_pub_dailyintconntc_202609230600,2369.8166666666666,1,0.0,2026-09-23T15:23:12Z,smartgrid_solar_snapshot_2026-09-23,1806.8,1,1363.532,2026-09-23T12:23:53Z,semo_pub_15minaggwindfcst_202609231223,1986.1166666666663,1,0,4193.018,1419.814,2.08,204.605,254.74650000000003,372.545,0.5236000000000001,2026-08-31T23:00:00Z,34470.0,1,,,,0,1,1,1,1,1,1,1,1,1,1363.532,3185.468,0.29974324027258736,0.0,,,,,,,831.8965000000001,0.4826178280940866,,,284,25.005867194876963,68.0,0.0,23,616.021752580826,2313.727,0.0,1,0.0,0.0,,,,,,,,,,,,,,,,,,,,,,,,,,,,,,,,,,,,,,,,,,,,,,,,,,0,0,0,0,0,0,0,0,0,0,0,0,0,0,0,0,0,0,0,0,0,0,0,0,0,0,0,0,0,0,0,0,0,1,1,1,0,0,0,0,1,1,1,1,1,1,0,1,1,0,0,0,0,0,0,0,0,1,1,1,1,1,1,1,1,1,1,1,1,1,1,1,1,1,1,1,1,1,1,1,1,1,1,1,1,1,1,1,1,1,1,1,1,1,1,1,1,1,1,1,1,1,1,1,1,1
2026-09-24T22:30:00Z,2026-09-24T21:30:00Z,60,4424.0,2026-09-23T15:05:05Z,semo_pub_dailyloadfcst_202609231505,1824.9166666666667,1,656.0,2026-09-23T15:05:05Z,semo_pub_dailyloadfcst_202609231505,1824.9166666666667,1,3768.0,2026-09-23T15:05:05Z,semo_pub_dailyloadfcst_202609231505,1824.9166666666667,1,,,,,0,,,,,0,,,,,0,,,,,0,,,,,0,,,,,0,0.0,2026-09-23T15:23:12Z,smartgrid_solar_snapshot_2026-09-23,1806.8,1,1295.404,2026-09-23T12:23:53Z,semo_pub_15minaggwindfcst_202609231223,1986.1166666666663,1,0,4193.018,1419.814,2.08,204.605,254.74650000000003,372.545,0.5236000000000001,2026-08-31T23:00:00Z,34470.0,1,,,,0,1,1,1,1,1,1,1,1,1,1295.404,3128.596,0.2928128390596745,0.0,,,,,,,831.8965000000001,0.4808545433996384,,,284,7.283310904703744,18.0,0.0,23,613.8528252366344,2270.978,0.0,1,0.0,0.0,,,,,,,,,,,,,,,,,,,,,,,,,,,,,,,,,,,,,,,,,,,,,,,,,,0,0,0,0,0,0,0,0,0,1,1,1,1,1,1,1,1,1,1,1,1,1,1,1,1,1,1,0,0,0,0,0,0,1,1,1,0,0,0,0,1,1,1,1,1,1,0,1,1,0,0,0,0,0,0,0,0,1,1,1,1,1,1,1,1,1,1,1,1,1,1,1,1,1,1,1,1,1,1,1,1,1,1,1,1,1,1,1,1,1,1,1,1,1,1,1,1,1,1,1,1,1,1,1,1,1
2026-09-24T22:30:00Z,2026-09-24T22:00:00Z,30,4424.0,2026-09-23T15:05:05Z,semo_pub_dailyloadfcst_202609231505,1854.9166666666667,1,656.0,2026-09-23T15:05:05Z,semo_pub_dailyloadfcst_202609231505,1854.9166666666667,1,3768.0,2026-09-23T15:05:05Z,semo_pub_dailyloadfcst_202609231505,1854.9166666666667,1,,,,,0,,,,,0,,,,,0,,,,,0,,,,,0,,,,,0,0.0,2026-09-23T15:23:12Z,smartgrid_solar_snapshot_2026-09-23,1836.8,1,1295.404,2026-09-23T12:23:53Z,semo_pub_15minaggwindfcst_202609231223,2016.1166666666663,1,0,4193.018,1419.814,2.08,204.605,254.74650000000003,372.545,0.5236000000000001,2026-08-31T23:00:00Z,34500.0,1,,,,0,1,1,1,1,1,1,1,1,1,1295.404,3128.596,0.2928128390596745,0.0,,,,,,,831.8965000000001,0.4808545433996384,,,284,7.283310904703744,18.0,0.0,23,613.8528252366344,2270.978,0.0,1,0.0,0.0,,,,,,,,,,,,,,,,,,,,,,,,,,,,,,,,,,,,,,,,,,,,,,,,,,0,0,0,0,0,0,0,0,0,1,1,1,1,1,1,1,1,1,1,1,1,1,1,1,1,1,1,0,0,0,0,0,0,1,1,1,0,0,0,0,1,1,1,1,1,1,0,1,1,0,0,0,0,0,0,0,0,1,1,1,1,1,1,1,1,1,1,1,1,1,1,1,1,1,1,1,1,1,1,1,1,1,1,1,1,1,1,1,1,1,1,1,1,1,1,1,1,1,1,1,1,1,1,1,1,1
2026-09-24T23:00:00Z,2026-09-24T22:00:00Z,60,4786.0,2026-09-23T15:05:05Z,semo_pub_dailyloadfcst_202609231505,1854.9166666666667,1,637.0,2026-09-23T15:05:05Z,semo_pub_dailyloadfcst_202609231505,1854.9166666666667,1,4149.0,2026-09-23T15:05:05Z,semo_pub_dailyloadfcst_202609231505,1854.9166666666667,1,500.0,2026-09-23T06:00:11Z,semo_pub_dailyintconntc_202609230600,2399.8166666666666,1,530.0,2026-09-23T06:00:11Z,semo_pub_dailyintconntc_202609230600,2399.8166666666666,1,513.0,2026-09-23T06:00:11Z,semo_pub_dailyintconntc_202609230600,2399.8166666666666,1,500.0,2026-09-23T06:00:11Z,semo_pub_dailyintconntc_202609230600,2399.8166666666666,1,500.0,2026-09-23T06:00:11Z,semo_pub_dailyintconntc_202609230600,2399.8166666666666,1,504.0,2026-09-23T06:00:11Z,semo_pub_dailyintconntc_202609230600,2399.8166666666666,1,0.0,2026-09-23T15:23:12Z,smartgrid_solar_snapshot_2026-09-23,1836.8,1,1227.257,2026-09-23T12:23:53Z,semo_pub_15minaggwindfcst_202609231223,2016.1166666666663,1,0,4193.018,1419.814,2.08,204.605,254.74650000000003,372.545,0.5236000000000001,2026-08-31T23:00:00Z,34500.0,1,,,,0,1,1,1,1,1,1,1,1,1,1227.257,3558.743,0.25642645215211035,0.0,,,,,,,831.8965000000001,0.4302451943167573,,,284,8.724879632309777,19.0,0.0,23,614.3727025673683,2228.2309999999998,0.0,1,0.0,0.0,,,,,,,,,,,,,,,,,,,,,,,,,,,,,,,,,,,,,,,,,,,,,,,,,,0,0,0,0,0,0,0,0,0,0,0,0,0,0,0,0,0,0,0,0,0,0,0,0,0,0,0,0,0,0,0,0,0,1,1,1,0,0,0,0,1,1,1,1,1,1,0,1,1,0,0,0,0,0,0,0,0,1,1,1,1,1,1,1,1,1,1,1,1,1,1,1,1,1,1,1,1,1,1,1,1,1,1,1,1,1,1,1,1,1,1,1,1,1,1,1,1,1,1,1,1,1,1,1,1,1
2026-09-24T23:00:00Z,2026-09-24T22:30:00Z,30,4786.0,2026-09-23T15:05:05Z,semo_pub_dailyloadfcst_202609231505,1884.9166666666667,1,637.0,2026-09-23T15:05:05Z,semo_pub_dailyloadfcst_202609231505,1884.9166666666667,1,4149.0,2026-09-23T15:05:05Z,semo_pub_dailyloadfcst_202609231505,1884.9166666666667,1,500.0,2026-09-23T06:00:11Z,semo_pub_dailyintconntc_202609230600,2429.8166666666666,1,530.0,2026-09-23T06:00:11Z,semo_pub_dailyintconntc_202609230600,2429.8166666666666,1,513.0,2026-09-23T06:00:11Z,semo_pub_dailyintconntc_202609230600,2429.8166666666666,1,500.0,2026-09-23T06:00:11Z,semo_pub_dailyintconntc_202609230600,2429.8166666666666,1,500.0,2026-09-23T06:00:11Z,semo_pub_dailyintconntc_202609230600,2429.8166666666666,1,504.0,2026-09-23T06:00:11Z,semo_pub_dailyintconntc_202609230600,2429.8166666666666,1,0.0,2026-09-23T15:23:12Z,smartgrid_solar_snapshot_2026-09-23,1866.8,1,1227.257,2026-09-23T12:23:53Z,semo_pub_15minaggwindfcst_202609231223,2046.1166666666663,1,0,4193.018,1419.814,2.08,204.605,254.74650000000003,372.545,0.5236000000000001,2026-08-31T23:00:00Z,34530.0,1,,,,0,1,1,1,1,1,1,1,1,1,1227.257,3558.743,0.25642645215211035,0.0,,,,,,,831.8965000000001,0.4302451943167573,,,284,8.724879632309777,19.0,0.0,23,614.3727025673683,2228.2309999999998,0.0,1,0.0,0.0,,,,,,,,,,,,,,,,,,,,,,,,,,,,,,,,,,,,,,,,,,,,,,,,,,0,0,0,0,0,0,0,0,0,0,0,0,0,0,0,0,0,0,0,0,0,0,0,0,0,0,0,0,0,0,0,0,0,1,1,1,0,0,0,0,1,1,1,1,1,1,0,1,1,0,0,0,0,0,0,0,0,1,1,1,1,1,1,1,1,1,1,1,1,1,1,1,1,1,1,1,1,1,1,1,1,1,1,1,1,1,1,1,1,1,1,1,1,1,1,1,1,1,1,1,1,1,1,1,1,1
2026-09-24T23:30:00Z,2026-09-24T22:30:00Z,60,4590.0,2026-09-23T15:05:05Z,semo_pub_dailyloadfcst_202609231505,1884.9166666666667,1,612.0,2026-09-23T15:05:05Z,semo_pub_dailyloadfcst_202609231505,1884.9166666666667,1,3978.0,2026-09-23T15:05:05Z,semo_pub_dailyloadfcst_202609231505,1884.9166666666667,1,,,,,0,,,,,0,,,,,0,,,,,0,,,,,0,,,,,0,0.0,2026-09-23T15:23:12Z,smartgrid_solar_snapshot_2026-09-23,1866.8,1,1175.407,2026-09-23T12:23:53Z,semo_pub_15minaggwindfcst_202609231223,2046.1166666666663,1,0,4193.018,1419.814,2.08,204.605,254.74650000000003,372.545,0.5236000000000001,2026-08-31T23:00:00Z,34530.0,1,,,,0,1,1,1,1,1,1,1,1,1,1175.407,3414.593,0.25607995642701525,0.0,,,,,,,831.8965000000001,0.4373210239651416,,,284,7.7430554215028184,17.0,0.0,23,592.8745348623961,2155.045,0.0,1,0.0,0.0,,,,,,,,,,,,,,,,,,,,,,,,,,,,,,,,,,,,,,,,,,,,,,,,,,0,0,0,0,0,0,0,0,0,1,1,1,1,1,1,1,1,1,1,1,1,1,1,1,1,1,1,0,0,0,0,0,0,1,1,1,0,0,0,0,1,1,1,1,1,1,0,1,1,0,0,0,0,0,0,0,0,1,1,1,1,1,1,1,1,1,1,1,1,1,1,1,1,1,1,1,1,1,1,1,1,1,1,1,1,1,1,1,1,1,1,1,1,1,1,1,1,1,1,1,1,1,1,1,1,1
2026-09-24T23:30:00Z,2026-09-24T23:00:00Z,30,4590.0,2026-09-23T15:05:05Z,semo_pub_dailyloadfcst_202609231505,1914.9166666666667,1,612.0,2026-09-23T15:05:05Z,semo_pub_dailyloadfcst_202609231505,1914.9166666666667,1,3978.0,2026-09-23T15:05:05Z,semo_pub_dailyloadfcst_202609231505,1914.9166666666667,1,,,,,0,,,,,0,,,,,0,,,,,0,,,,,0,,,,,0,0.0,2026-09-23T15:23:12Z,smartgrid_solar_snapshot_2026-09-23,1896.8,1,1175.407,2026-09-23T12:23:53Z,semo_pub_15minaggwindfcst_202609231223,2076.116666666667,1,0,4193.018,1419.814,2.08,204.605,254.74650000000003,372.545,0.5236000000000001,2026-08-31T23:00:00Z,34560.0,1,,,,0,1,1,1,1,1,1,1,1,1,1175.407,3414.593,0.25607995642701525,0.0,,,,,,,831.8965000000001,0.4373210239651416,,,284,7.7430554215028184,17.0,0.0,23,592.8745348623961,2155.045,0.0,1,0.0,0.0,,,,,,,,,,,,,,,,,,,,,,,,,,,,,,,,,,,,,,,,,,,,,,,,,,0,0,0,0,0,0,0,0,0,1,1,1,1,1,1,1,1,1,1,1,1,1,1,1,1,1,1,0,0,0,0,0,0,1,1,1,0,0,0,0,1,1,1,1,1,1,0,1,1,0,0,0,0,0,0,0,0,1,1,1,1,1,1,1,1,1,1,1,1,1,1,1,1,1,1,1,1,1,1,1,1,1,1,1,1,1,1,1,1,1,1,1,1,1,1,1,1,1,1,1,1,1,1,1,1,1
2026-09-25T00:00:00Z,2026-09-24T23:00:00Z,60,4491.0,2026-09-23T15:05:05Z,semo_pub_dailyloadfcst_202609231505,1914.9166666666667,1,598.0,2026-09-23T15:05:05Z,semo_pub_dailyloadfcst_202609231505,1914.9166666666667,1,3893.0,2026-09-23T15:05:05Z,semo_pub_dailyloadfcst_202609231505,1914.9166666666667,1,500.0,2026-09-23T06:00:11Z,semo_pub_dailyintconntc_202609230600,2459.8166666666666,1,530.0,2026-09-23T06:00:11Z,semo_pub_dailyintconntc_202609230600,2459.8166666666666,1,513.0,2026-09-23T06:00:11Z,semo_pub_dailyintconntc_202609230600,2459.8166666666666,1,500.0,2026-09-23T06:00:11Z,semo_pub_dailyintconntc_202609230600,2459.8166666666666,1,500.0,2026-09-23T06:00:11Z,semo_pub_dailyintconntc_202609230600,2459.8166666666666,1,504.0,2026-09-23T06:00:11Z,semo_pub_dailyintconntc_202609230600,2459.8166666666666,1,,,,,0,1123.569,2026-09-23T12:23:53Z,semo_pub_15minaggwindfcst_202609231223,2076.116666666667,1,0,4193.018,1419.814,2.08,204.605,254.74650000000003,372.545,0.5236000000000001,2026-08-31T23:00:00Z,34560.0,1,,,,0,1,1,1,1,1,1,1,1,1,,,,,,,,,,,831.8965000000001,,,,284,8.306667894028639,21.0,0.0,23,573.8760230962861,2081.8469999999998,0.0,0,,,,,,,,,,,,,,,,,,,,,,,,,,,,,,,,,,,,,,,,,,,,,,,,,,,,0,0,0,0,0,0,0,0,0,0,0,0,0,0,0,0,0,0,0,0,0,0,0,0,0,0,0,1,1,1,0,0,0,1,1,1,1,1,1,1,1,1,1,1,1,1,1,1,1,0,0,0,0,0,0,1,1,1,1,1,1,1,1,1,1,1,1,1,1,1,1,1,1,1,1,1,1,1,1,1,1,1,1,1,1,1,1,1,1,1,1,1,1,1,1,1,1,1,1,1,1,1,1,1,1,1
2026-09-25T00:00:00Z,2026-09-24T23:30:00Z,30,4491.0,2026-09-23T15:05:05Z,semo_pub_dailyloadfcst_202609231505,1944.9166666666667,1,598.0,2026-09-23T15:05:05Z,semo_pub_dailyloadfcst_202609231505,1944.9166666666667,1,3893.0,2026-09-23T15:05:05Z,semo_pub_dailyloadfcst_202609231505,1944.9166666666667,1,500.0,2026-09-23T06:00:11Z,semo_pub_dailyintconntc_202609230600,2489.8166666666666,1,530.0,2026-09-23T06:00:11Z,semo_pub_dailyintconntc_202609230600,2489.8166666666666,1,513.0,2026-09-23T06:00:11Z,semo_pub_dailyintconntc_202609230600,2489.8166666666666,1,500.0,2026-09-23T06:00:11Z,semo_pub_dailyintconntc_202609230600,2489.8166666666666,1,500.0,2026-09-23T06:00:11Z,semo_pub_dailyintconntc_202609230600,2489.8166666666666,1,504.0,2026-09-23T06:00:11Z,semo_pub_dailyintconntc_202609230600,2489.8166666666666,1,,,,,0,1123.569,2026-09-23T12:23:53Z,semo_pub_15minaggwindfcst_202609231223,2106.116666666667,1,0,4193.018,1419.814,2.08,204.605,254.74650000000003,372.545,0.5236000000000001,2026-08-31T23:00:00Z,34590.0,1,,,,0,1,1,1,1,1,1,1,1,1,,,,,,,,,,,831.8965000000001,,,,284,8.306667894028639,21.0,0.0,23,573.8760230962861,2081.8469999999998,0.0,0,,,,,,,,,,,,,,,,,,,,,,,,,,,,,,,,,,,,,,,,,,,,,,,,,,,,0,0,0,0,0,0,0,0,0,0,0,0,0,0,0,0,0,0,0,0,0,0,0,0,0,0,0,1,1,1,0,0,0,1,1,1,1,1,1,1,1,1,1,1,1,1,1,1,1,0,0,0,0,0,0,1,1,1,1,1,1,1,1,1,1,1,1,1,1,1,1,1,1,1,1,1,1,1,1,1,1,1,1,1,1,1,1,1,1,1,1,1,1,1,1,1,1,1,1,1,1,1,1,1,1,1
2026-09-25T00:30:00Z,2026-09-24T23:30:00Z,60,4422.0,2026-09-23T15:05:05Z,semo_pub_dailyloadfcst_202609231505,1944.9166666666667,1,587.0,2026-09-23T15:05:05Z,semo_pub_dailyloadfcst_202609231505,1944.9166666666667,1,3835.0,2026-09-23T15:05:05Z,semo_pub_dailyloadfcst_202609231505,1944.9166666666667,1,,,,,0,,,,,0,,,,,0,,,,,0,,,,,0,,,,,0,,,,,0,1094.98,2026-09-23T12:23:53Z,semo_pub_15minaggwindfcst_202609231223,2106.116666666667,1,0,4193.018,1419.814,2.08,204.605,254.74650000000003,372.545,0.5236000000000001,2026-08-31T23:00:00Z,34590.0,1,,,,0,1,1,1,1,1,1,1,1,1,,,,,,,,,,,831.8965000000001,,,,284,7.973087543430296,20.0,0.0,23,545.5119313754827,2006.264,0.0,0,,,,,,,,,,,,,,,,,,,,,,,,,,,,,,,,,,,,,,,,,,,,,,,,,,,,0,0,0,0,0,0,0,0,0,1,1,1,1,1,1,1,1,1,1,1,1,1,1,1,1,1,1,1,1,1,0,0,0,1,1,1,1,1,1,1,1,1,1,1,1,1,1,1,1,0,0,0,0,0,0,1,1,1,1,1,1,1,1,1,1,1,1,1,1,1,1,1,1,1,1,1,1,1,1,1,1,1,1,1,1,1,1,1,1,1,1,1,1,1,1,1,1,1,1,1,1,1,1,1,1,1
2026-09-25T00:30:00Z,2026-09-25T00:00:00Z,30,4422.0,2026-09-23T15:05:05Z,semo_pub_dailyloadfcst_202609231505,1974.9166666666667,1,587.0,2026-09-23T15:05:05Z,semo_pub_dailyloadfcst_202609231505,1974.9166666666667,1,3835.0,2026-09-23T15:05:05Z,semo_pub_dailyloadfcst_202609231505,1974.9166666666667,1,,,,,0,,,,,0,,,,,0,,,,,0,,,,,0,,,,,0,,,,,0,1094.98,2026-09-23T12:23:53Z,semo_pub_15minaggwindfcst_202609231223,2136.116666666667,1,0,4193.018,1419.814,2.08,204.605,254.74650000000003,372.545,0.5236000000000001,2026-08-31T23:00:00Z,34620.0,1,,,,0,1,1,1,1,1,1,1,1,1,,,,,,,,,,,831.8965000000001,,,,284,7.973087543430296,20.0,0.0,23,545.5119313754827,2006.264,0.0,0,,,,,,,,,,,,,,,,,,,,,,,,,,,,,,,,,,,,,,,,,,,,,,,,,,,,0,0,0,0,0,0,0,0,0,1,1,1,1,1,1,1,1,1,1,1,1,1,1,1,1,1,1,1,1,1,0,0,0,1,1,1,1,1,1,1,1,1,1,1,1,1,1,1,1,0,0,0,0,0,0,1,1,1,1,1,1,1,1,1,1,1,1,1,1,1,1,1,1,1,1,1,1,1,1,1,1,1,1,1,1,1,1,1,1,1,1,1,1,1,1,1,1,1,1,1,1,1,1,1,1,1
2026-09-25T01:00:00Z,2026-09-25T00:00:00Z,60,4350.0,2026-09-23T15:05:05Z,semo_pub_dailyloadfcst_202609231505,1974.9166666666667,1,580.0,2026-09-23T15:05:05Z,semo_pub_dailyloadfcst_202609231505,1974.9166666666667,1,3770.0,2026-09-23T15:05:05Z,semo_pub_dailyloadfcst_202609231505,1974.9166666666667,1,500.0,2026-09-23T06:00:11Z,semo_pub_dailyintconntc_202609230600,2519.8166666666666,1,530.0,2026-09-23T06:00:11Z,semo_pub_dailyintconntc_202609230600,2519.8166666666666,1,513.0,2026-09-23T06:00:11Z,semo_pub_dailyintconntc_202609230600,2519.8166666666666,1,500.0,2026-09-23T06:00:11Z,semo_pub_dailyintconntc_202609230600,2519.8166666666666,1,500.0,2026-09-23T06:00:11Z,semo_pub_dailyintconntc_202609230600,2519.8166666666666,1,504.0,2026-09-23T06:00:11Z,semo_pub_dailyintconntc_202609230600,2519.8166666666666,1,,,,,0,1066.403,2026-09-23T12:23:53Z,semo_pub_15minaggwindfcst_202609231223,2136.116666666667,1,0,4193.018,1419.814,2.08,204.605,254.74650000000003,372.545,0.5236000000000001,2026-08-31T23:00:00Z,34620.0,1,,,,0,1,1,1,1,1,1,1,1,1,,,,,,,,,,,831.8965000000001,,,,284,8.111859156592498,21.0,0.0,21,374.2760022126043,1567.4139999999998,0.0,0,,,,,,,,,,,,,,,,,,,,,,,,,,,,,,,,,,,,,,,,,,,,,,,,,,,,0,0,0,0,0,0,0,0,0,0,0,0,0,0,0,0,0,0,0,0,0,0,0,0,0,0,0,1,1,1,0,0,0,1,1,1,1,1,1,1,1,1,1,1,1,1,1,1,1,0,0,0,0,0,0,1,1,1,1,1,1,1,1,1,1,1,1,1,1,1,1,1,1,1,1,1,1,1,1,1,1,1,1,1,1,1,1,1,1,1,1,1,1,1,1,1,1,1,1,1,1,1,1,1,1,1
2026-09-25T01:00:00Z,2026-09-25T00:30:00Z,30,4350.0,2026-09-23T15:05:05Z,semo_pub_dailyloadfcst_202609231505,2004.9166666666667,1,580.0,2026-09-23T15:05:05Z,semo_pub_dailyloadfcst_202609231505,2004.9166666666667,1,3770.0,2026-09-23T15:05:05Z,semo_pub_dailyloadfcst_202609231505,2004.9166666666667,1,500.0,2026-09-23T06:00:11Z,semo_pub_dailyintconntc_202609230600,2549.8166666666666,1,530.0,2026-09-23T06:00:11Z,semo_pub_dailyintconntc_202609230600,2549.8166666666666,1,513.0,2026-09-23T06:00:11Z,semo_pub_dailyintconntc_202609230600,2549.8166666666666,1,500.0,2026-09-23T06:00:11Z,semo_pub_dailyintconntc_202609230600,2549.8166666666666,1,500.0,2026-09-23T06:00:11Z,semo_pub_dailyintconntc_202609230600,2549.8166666666666,1,504.0,2026-09-23T06:00:11Z,semo_pub_dailyintconntc_202609230600,2549.8166666666666,1,,,,,0,1066.403,2026-09-23T12:23:53Z,semo_pub_15minaggwindfcst_202609231223,2166.116666666667,1,0,4193.018,1419.814,2.08,204.605,254.74650000000003,372.545,0.5236000000000001,2026-08-31T23:00:00Z,34650.0,1,,,,0,1,1,1,1,1,1,1,1,1,,,,,,,,,,,831.8965000000001,,,,284,8.111859156592498,21.0,0.0,21,374.2760022126043,1567.4139999999998,0.0,0,,,,,,,,,,,,,,,,,,,,,,,,,,,,,,,,,,,,,,,,,,,,,,,,,,,,0,0,0,0,0,0,0,0,0,0,0,0,0,0,0,0,0,0,0,0,0,0,0,0,0,0,0,1,1,1,0,0,0,1,1,1,1,1,1,1,1,1,1,1,1,1,1,1,1,0,0,0,0,0,0,1,1,1,1,1,1,1,1,1,1,1,1,1,1,1,1,1,1,1,1,1,1,1,1,1,1,1,1,1,1,1,1,1,1,1,1,1,1,1,1,1,1,1,1,1,1,1,1,1,1,1
2026-09-25T01:30:00Z,2026-09-25T00:30:00Z,60,4414.0,2026-09-23T15:05:05Z,semo_pub_dailyloadfcst_202609231505,2004.9166666666667,1,603.0,2026-09-23T15:05:05Z,semo_pub_dailyloadfcst_202609231505,2004.9166666666667,1,3811.0,2026-09-23T15:05:05Z,semo_pub_dailyloadfcst_202609231505,2004.9166666666667,1,,,,,0,,,,,0,,,,,0,,,,,0,,,,,0,,,,,0,,,,,0,1032.059,2026-09-23T12:23:53Z,semo_pub_15minaggwindfcst_202609231223,2166.116666666667,1,0,4193.018,1419.814,2.08,204.605,254.74650000000003,372.545,0.5236000000000001,2026-08-31T23:00:00Z,34650.0,1,,,,0,1,1,1,1,1,1,1,1,1,,,,,,,,,,,831.8965000000001,,,,284,9.226525970904083,23.0,0.0,21,340.1814668160312,1467.96,0.0,0,,,,,,,,,,,,,,,,,,,,,,,,,,,,,,,,,,,,,,,,,,,,,,,,,,,,0,0,0,0,0,0,0,0,0,1,1,1,1,1,1,1,1,1,1,1,1,1,1,1,1,1,1,1,1,1,0,0,0,1,1,1,1,1,1,1,1,1,1,1,1,1,1,1,1,0,0,0,0,0,0,1,1,1,1,1,1,1,1,1,1,1,1,1,1,1,1,1,1,1,1,1,1,1,1,1,1,1,1,1,1,1,1,1,1,1,1,1,1,1,1,1,1,1,1,1,1,1,1,1,1,1
2026-09-25T01:30:00Z,2026-09-25T01:00:00Z,30,4414.0,2026-09-23T15:05:05Z,semo_pub_dailyloadfcst_202609231505,2034.9166666666667,1,603.0,2026-09-23T15:05:05Z,semo_pub_dailyloadfcst_202609231505,2034.9166666666667,1,3811.0,2026-09-23T15:05:05Z,semo_pub_dailyloadfcst_202609231505,2034.9166666666667,1,,,,,0,,,,,0,,,,,0,,,,,0,,,,,0,,,,,0,,,,,0,1032.059,2026-09-23T12:23:53Z,semo_pub_15minaggwindfcst_202609231223,2196.116666666667,1,0,4193.018,1419.814,2.08,204.605,254.74650000000003,372.545,0.5236000000000001,2026-08-31T23:00:00Z,34680.0,1,,,,0,1,1,1,1,1,1,1,1,1,,,,,,,,,,,831.8965000000001,,,,284,9.226525970904083,23.0,0.0,21,340.1814668160312,1467.96,0.0,0,,,,,,,,,,,,,,,,,,,,,,,,,,,,,,,,,,,,,,,,,,,,,,,,,,,,0,0,0,0,0,0,0,0,0,1,1,1,1,1,1,1,1,1,1,1,1,1,1,1,1,1,1,1,1,1,0,0,0,1,1,1,1,1,1,1,1,1,1,1,1,1,1,1,1,0,0,0,0,0,0,1,1,1,1,1,1,1,1,1,1,1,1,1,1,1,1,1,1,1,1,1,1,1,1,1,1,1,1,1,1,1,1,1,1,1,1,1,1,1,1,1,1,1,1,1,1,1,1,1,1,1
2026-09-25T02:00:00Z,2026-09-25T01:00:00Z,60,4471.0,2026-09-23T15:05:05Z,semo_pub_dailyloadfcst_202609231505,2034.9166666666667,1,584.0,2026-09-23T15:05:05Z,semo_pub_dailyloadfcst_202609231505,2034.9166666666667,1,3887.0,2026-09-23T15:05:05Z,semo_pub_dailyloadfcst_202609231505,2034.9166666666667,1,500.0,2026-09-23T06:00:11Z,semo_pub_dailyintconntc_202609230600,2579.8166666666666,1,530.0,2026-09-23T06:00:11Z,semo_pub_dailyintconntc_202609230600,2579.8166666666666,1,513.0,2026-09-23T06:00:11Z,semo_pub_dailyintconntc_202609230600,2579.8166666666666,1,500.0,2026-09-23T06:00:11Z,semo_pub_dailyintconntc_202609230600,2579.8166666666666,1,500.0,2026-09-23T06:00:11Z,semo_pub_dailyintconntc_202609230600,2579.8166666666666,1,504.0,2026-09-23T06:00:11Z,semo_pub_dailyintconntc_202609230600,2579.8166666666666,1,,,,,0,997.723,2026-09-23T12:23:53Z,semo_pub_15minaggwindfcst_202609231223,2196.116666666667,1,0,4193.018,1419.814,2.08,204.605,254.74650000000003,372.545,0.5236000000000001,2026-08-31T23:00:00Z,34680.0,1,,,,0,1,1,1,1,1,1,1,1,1,,,,,,,,,,,831.8965000000001,,,,284,3.59223274358863,9.0,0.0,21,308.0893872700361,1368.5020000000002,0.0,0,,,,,,,,,,,,,,,,,,,,,,,,,,,,,,,,,,,,,,,,,,,,,,,,,,,,0,0,0,0,0,0,0,0,0,0,0,0,0,0,0,0,0,0,0,0,0,0,0,0,0,0,0,1,1,1,0,0,0,1,1,1,1,1,1,1,1,1,1,1,1,1,1,1,1,0,0,0,0,0,0,1,1,1,1,1,1,1,1,1,1,1,1,1,1,1,1,1,1,1,1,1,1,1,1,1,1,1,1,1,1,1,1,1,1,1,1,1,1,1,1,1,1,1,1,1,1,1,1,1,1,1
2026-09-25T02:00:00Z,2026-09-25T01:30:00Z,30,4471.0,2026-09-23T15:05:05Z,semo_pub_dailyloadfcst_202609231505,2064.9166666666665,1,584.0,2026-09-23T15:05:05Z,semo_pub_dailyloadfcst_202609231505,2064.9166666666665,1,3887.0,2026-09-23T15:05:05Z,semo_pub_dailyloadfcst_202609231505,2064.9166666666665,1,500.0,2026-09-23T06:00:11Z,semo_pub_dailyintconntc_202609230600,2609.8166666666666,1,530.0,2026-09-23T06:00:11Z,semo_pub_dailyintconntc_202609230600,2609.8166666666666,1,513.0,2026-09-23T06:00:11Z,semo_pub_dailyintconntc_202609230600,2609.8166666666666,1,500.0,2026-09-23T06:00:11Z,semo_pub_dailyintconntc_202609230600,2609.8166666666666,1,500.0,2026-09-23T06:00:11Z,semo_pub_dailyintconntc_202609230600,2609.8166666666666,1,504.0,2026-09-23T06:00:11Z,semo_pub_dailyintconntc_202609230600,2609.8166666666666,1,,,,,0,997.723,2026-09-23T12:23:53Z,semo_pub_15minaggwindfcst_202609231223,2226.116666666667,1,0,4193.018,1419.814,2.08,204.605,254.74650000000003,372.545,0.5236000000000001,2026-08-31T23:00:00Z,34710.0,1,,,,0,1,1,1,1,1,1,1,1,1,,,,,,,,,,,831.8965000000001,,,,284,3.59223274358863,9.0,0.0,21,308.0893872700361,1368.5020000000002,0.0,0,,,,,,,,,,,,,,,,,,,,,,,,,,,,,,,,,,,,,,,,,,,,,,,,,,,,0,0,0,0,0,0,0,0,0,0,0,0,0,0,0,0,0,0,0,0,0,0,0,0,0,0,0,1,1,1,0,0,0,1,1,1,1,1,1,1,1,1,1,1,1,1,1,1,1,0,0,0,0,0,0,1,1,1,1,1,1,1,1,1,1,1,1,1,1,1,1,1,1,1,1,1,1,1,1,1,1,1,1,1,1,1,1,1,1,1,1,1,1,1,1,1,1,1,1,1,1,1,1,1,1,1
2026-09-25T02:30:00Z,2026-09-25T01:30:00Z,60,4284.0,2026-09-23T15:05:05Z,semo_pub_dailyloadfcst_202609231505,2064.9166666666665,1,579.0,2026-09-23T15:05:05Z,semo_pub_dailyloadfcst_202609231505,2064.9166666666665,1,3705.0,2026-09-23T15:05:05Z,semo_pub_dailyloadfcst_202609231505,2064.9166666666665,1,,,,,0,,,,,0,,,,,0,,,,,0,,,,,0,,,,,0,,,,,0,959.451,2026-09-23T12:23:53Z,semo_pub_15minaggwindfcst_202609231223,2226.116666666667,1,0,4193.018,1419.814,2.08,204.605,254.74650000000003,372.545,0.5236000000000001,2026-08-31T23:00:00Z,34710.0,1,,,,0,1,1,1,1,1,1,1,1,1,,,,,,,,,,,831.8965000000001,,,,284,3.1317587098217414,8.0,0.0,21,277.8660300234752,1270.5430000000001,0.0,0,,,,,,,,,,,,,,,,,,,,,,,,,,,,,,,,,,,,,,,,,,,,,,,,,,,,0,0,0,0,0,0,0,0,0,1,1,1,1,1,1,1,1,1,1,1,1,1,1,1,1,1,1,1,1,1,0,0,0,1,1,1,1,1,1,1,1,1,1,1,1,1,1,1,1,0,0,0,0,0,0,1,1,1,1,1,1,1,1,1,1,1,1,1,1,1,1,1,1,1,1,1,1,1,1,1,1,1,1,1,1,1,1,1,1,1,1,1,1,1,1,1,1,1,1,1,1,1,1,1,1,1
2026-09-25T02:30:00Z,2026-09-25T02:00:00Z,30,4284.0,2026-09-23T15:05:05Z,semo_pub_dailyloadfcst_202609231505,2094.9166666666665,1,579.0,2026-09-23T15:05:05Z,semo_pub_dailyloadfcst_202609231505,2094.9166666666665,1,3705.0,2026-09-23T15:05:05Z,semo_pub_dailyloadfcst_202609231505,2094.9166666666665,1,,,,,0,,,,,0,,,,,0,,,,,0,,,,,0,,,,,0,,,,,0,959.451,2026-09-23T12:23:53Z,semo_pub_15minaggwindfcst_202609231223,2256.116666666667,1,0,4193.018,1419.814,2.08,204.605,254.74650000000003,372.545,0.5236000000000001,2026-08-31T23:00:00Z,34740.0,1,,,,0,1,1,1,1,1,1,1,1,1,,,,,,,,,,,831.8965000000001,,,,284,3.1317587098217414,8.0,0.0,21,277.8660300234752,1270.5430000000001,0.0,0,,,,,,,,,,,,,,,,,,,,,,,,,,,,,,,,,,,,,,,,,,,,,,,,,,,,0,0,0,0,0,0,0,0,0,1,1,1,1,1,1,1,1,1,1,1,1,1,1,1,1,1,1,1,1,1,0,0,0,1,1,1,1,1,1,1,1,1,1,1,1,1,1,1,1,0,0,0,0,0,0,1,1,1,1,1,1,1,1,1,1,1,1,1,1,1,1,1,1,1,1,1,1,1,1,1,1,1,1,1,1,1,1,1,1,1,1,1,1,1,1,1,1,1,1,1,1,1,1,1,1,1
2026-09-25T03:00:00Z,2026-09-25T02:00:00Z,60,4237.0,2026-09-23T15:05:05Z,semo_pub_dailyloadfcst_202609231505,2094.9166666666665,1,577.0,2026-09-23T15:05:05Z,semo_pub_dailyloadfcst_202609231505,2094.9166666666665,1,3660.0,2026-09-23T15:05:05Z,semo_pub_dailyloadfcst_202609231505,2094.9166666666665,1,500.0,2026-09-23T06:00:11Z,semo_pub_dailyintconntc_202609230600,2639.8166666666666,1,530.0,2026-09-23T06:00:11Z,semo_pub_dailyintconntc_202609230600,2639.8166666666666,1,513.0,2026-09-23T06:00:11Z,semo_pub_dailyintconntc_202609230600,2639.8166666666666,1,500.0,2026-09-23T06:00:11Z,semo_pub_dailyintconntc_202609230600,2639.8166666666666,1,500.0,2026-09-23T06:00:11Z,semo_pub_dailyintconntc_202609230600,2639.8166666666666,1,504.0,2026-09-23T06:00:11Z,semo_pub_dailyintconntc_202609230600,2639.8166666666666,1,,,,,0,921.182,2026-09-23T12:23:53Z,semo_pub_15minaggwindfcst_202609231223,2256.116666666667,1,0,4193.018,1419.814,2.08,204.605,254.74650000000003,372.545,0.5236000000000001,2026-08-31T23:00:00Z,34740.0,1,,,,0,1,1,1,1,1,1,1,1,1,,,,,,,,,,,831.8965000000001,,,,284,3.6812786686668626,9.0,0.0,21,249.2450035806048,1172.5700000000002,0.0,0,,,,,,,,,,,,,,,,,,,,,,,,,,,,,,,,,,,,,,,,,,,,,,,,,,,,0,0,0,0,0,0,0,0,0,0,0,0,0,0,0,0,0,0,0,0,0,0,0,0,0,0,0,1,1,1,0,0,0,1,1,1,1,1,1,1,1,1,1,1,1,1,1,1,1,0,0,0,0,0,0,1,1,1,1,1,1,1,1,1,1,1,1,1,1,1,1,1,1,1,1,1,1,1,1,1,1,1,1,1,1,1,1,1,1,1,1,1,1,1,1,1,1,1,1,1,1,1,1,1,1,1
2026-09-25T03:00:00Z,2026-09-25T02:30:00Z,30,4237.0,2026-09-23T15:05:05Z,semo_pub_dailyloadfcst_202609231505,2124.9166666666665,1,577.0,2026-09-23T15:05:05Z,semo_pub_dailyloadfcst_202609231505,2124.9166666666665,1,3660.0,2026-09-23T15:05:05Z,semo_pub_dailyloadfcst_202609231505,2124.9166666666665,1,500.0,2026-09-23T06:00:11Z,semo_pub_dailyintconntc_202609230600,2669.8166666666666,1,530.0,2026-09-23T06:00:11Z,semo_pub_dailyintconntc_202609230600,2669.8166666666666,1,513.0,2026-09-23T06:00:11Z,semo_pub_dailyintconntc_202609230600,2669.8166666666666,1,500.0,2026-09-23T06:00:11Z,semo_pub_dailyintconntc_202609230600,2669.8166666666666,1,500.0,2026-09-23T06:00:11Z,semo_pub_dailyintconntc_202609230600,2669.8166666666666,1,504.0,2026-09-23T06:00:11Z,semo_pub_dailyintconntc_202609230600,2669.8166666666666,1,,,,,0,921.182,2026-09-23T12:23:53Z,semo_pub_15minaggwindfcst_202609231223,2286.116666666667,1,0,4193.018,1419.814,2.08,204.605,254.74650000000003,372.545,0.5236000000000001,2026-08-31T23:00:00Z,34770.0,1,,,,0,1,1,1,1,1,1,1,1,1,,,,,,,,,,,831.8965000000001,,,,284,3.6812786686668626,9.0,0.0,21,249.2450035806048,1172.5700000000002,0.0,0,,,,,,,,,,,,,,,,,,,,,,,,,,,,,,,,,,,,,,,,,,,,,,,,,,,,0,0,0,0,0,0,0,0,0,0,0,0,0,0,0,0,0,0,0,0,0,0,0,0,0,0,0,1,1,1,0,0,0,1,1,1,1,1,1,1,1,1,1,1,1,1,1,1,1,0,0,0,0,0,0,1,1,1,1,1,1,1,1,1,1,1,1,1,1,1,1,1,1,1,1,1,1,1,1,1,1,1,1,1,1,1,1,1,1,1,1,1,1,1,1,1,1,1,1,1,1,1,1,1,1,1
2026-09-25T03:30:00Z,2026-09-25T02:30:00Z,60,4193.0,2026-09-23T15:05:05Z,semo_pub_dailyloadfcst_202609231505,2124.9166666666665,1,577.0,2026-09-23T15:05:05Z,semo_pub_dailyloadfcst_202609231505,2124.9166666666665,1,3616.0,2026-09-23T15:05:05Z,semo_pub_dailyloadfcst_202609231505,2124.9166666666665,1,,,,,0,,,,,0,,,,,0,,,,,0,,,,,0,,,,,0,,,,,0,874.915,2026-09-23T12:23:53Z,semo_pub_15minaggwindfcst_202609231223,2286.116666666667,1,0,4193.018,1419.814,2.08,204.605,254.74650000000003,372.545,0.5236000000000001,2026-08-31T23:00:00Z,34770.0,1,,,,0,1,1,1,1,1,1,1,1,1,,,,,,,,,,,831.8965000000001,,,,284,3.590575675820369,8.0,0.0,21,223.38064294244182,1077.3319999999999,0.0,0,,,,,,,,,,,,,,,,,,,,,,,,,,,,,,,,,,,,,,,,,,,,,,,,,,,,0,0,0,0,0,0,0,0,0,1,1,1,1,1,1,1,1,1,1,1,1,1,1,1,1,1,1,1,1,1,0,0,0,1,1,1,1,1,1,1,1,1,1,1,1,1,1,1,1,0,0,0,0,0,0,1,1,1,1,1,1,1,1,1,1,1,1,1,1,1,1,1,1,1,1,1,1,1,1,1,1,1,1,1,1,1,1,1,1,1,1,1,1,1,1,1,1,1,1,1,1,1,1,1,1,1
2026-09-25T03:30:00Z,2026-09-25T03:00:00Z,30,4193.0,2026-09-23T15:05:05Z,semo_pub_dailyloadfcst_202609231505,2154.9166666666665,1,577.0,2026-09-23T15:05:05Z,semo_pub_dailyloadfcst_202609231505,2154.9166666666665,1,3616.0,2026-09-23T15:05:05Z,semo_pub_dailyloadfcst_202609231505,2154.9166666666665,1,,,,,0,,,,,0,,,,,0,,,,,0,,,,,0,,,,,0,,,,,0,874.915,2026-09-23T12:23:53Z,semo_pub_15minaggwindfcst_202609231223,2316.116666666667,1,0,4193.018,1419.814,2.08,204.605,254.74650000000003,372.545,0.5236000000000001,2026-08-31T23:00:00Z,34800.0,1,,,,0,1,1,1,1,1,1,1,1,1,,,,,,,,,,,831.8965000000001,,,,284,3.590575675820369,8.0,0.0,21,223.38064294244182,1077.3319999999999,0.0,0,,,,,,,,,,,,,,,,,,,,,,,,,,,,,,,,,,,,,,,,,,,,,,,,,,,,0,0,0,0,0,0,0,0,0,1,1,1,1,1,1,1,1,1,1,1,1,1,1,1,1,1,1,1,1,1,0,0,0,1,1,1,1,1,1,1,1,1,1,1,1,1,1,1,1,0,0,0,0,0,0,1,1,1,1,1,1,1,1,1,1,1,1,1,1,1,1,1,1,1,1,1,1,1,1,1,1,1,1,1,1,1,1,1,1,1,1,1,1,1,1,1,1,1,1,1,1,1,1,1,1,1
2026-09-25T04:00:00Z,2026-09-25T03:00:00Z,60,4193.0,2026-09-23T15:05:05Z,semo_pub_dailyloadfcst_202609231505,2154.9166666666665,1,578.0,2026-09-23T15:05:05Z,semo_pub_dailyloadfcst_202609231505,2154.9166666666665,1,3615.0,2026-09-23T15:05:05Z,semo_pub_dailyloadfcst_202609231505,2154.9166666666665,1,500.0,2026-09-23T06:00:11Z,semo_pub_dailyintconntc_202609230600,2699.8166666666666,1,530.0,2026-09-23T06:00:11Z,semo_pub_dailyintconntc_202609230600,2699.8166666666666,1,513.0,2026-09-23T06:00:11Z,semo_pub_dailyintconntc_202609230600,2699.8166666666666,1,500.0,2026-09-23T06:00:11Z,semo_pub_dailyintconntc_202609230600,2699.8166666666666,1,500.0,2026-09-23T06:00:11Z,semo_pub_dailyintconntc_202609230600,2699.8166666666666,1,504.0,2026-09-23T06:00:11Z,semo_pub_dailyintconntc_202609230600,2699.8166666666666,1,,,,,0,828.649,2026-09-23T12:23:53Z,semo_pub_15minaggwindfcst_202609231223,2316.116666666667,1,0,4193.018,1419.814,2.08,204.605,254.74650000000003,372.545,0.5236000000000001,2026-08-31T23:00:00Z,34800.0,1,,,,0,1,1,1,1,1,1,1,1,1,,,,,,,,,,,831.8965000000001,,,,284,4.810720026892793,12.0,0.0,21,198.22766895665936,982.0989999999999,0.0,0,,,,,,,,,,,,,,,,,,,,,,,,,,,,,,,,,,,,,,,,,,,,,,,,,,,,0,0,0,0,0,0,0,0,0,0,0,0,0,0,0,0,0,0,0,0,0,0,0,0,0,0,0,1,1,1,0,0,0,1,1,1,1,1,1,1,1,1,1,1,1,1,1,1,1,0,0,0,0,0,0,1,1,1,1,1,1,1,1,1,1,1,1,1,1,1,1,1,1,1,1,1,1,1,1,1,1,1,1,1,1,1,1,1,1,1,1,1,1,1,1,1,1,1,1,1,1,1,1,1,1,1
2026-09-25T04:00:00Z,2026-09-25T03:30:00Z,30,4193.0,2026-09-23T15:05:05Z,semo_pub_dailyloadfcst_202609231505,2184.9166666666665,1,578.0,2026-09-23T15:05:05Z,semo_pub_dailyloadfcst_202609231505,2184.9166666666665,1,3615.0,2026-09-23T15:05:05Z,semo_pub_dailyloadfcst_202609231505,2184.9166666666665,1,500.0,2026-09-23T06:00:11Z,semo_pub_dailyintconntc_202609230600,2729.8166666666666,1,530.0,2026-09-23T06:00:11Z,semo_pub_dailyintconntc_202609230600,2729.8166666666666,1,513.0,2026-09-23T06:00:11Z,semo_pub_dailyintconntc_202609230600,2729.8166666666666,1,500.0,2026-09-23T06:00:11Z,semo_pub_dailyintconntc_202609230600,2729.8166666666666,1,500.0,2026-09-23T06:00:11Z,semo_pub_dailyintconntc_202609230600,2729.8166666666666,1,504.0,2026-09-23T06:00:11Z,semo_pub_dailyintconntc_202609230600,2729.8166666666666,1,,,,,0,828.649,2026-09-23T12:23:53Z,semo_pub_15minaggwindfcst_202609231223,2346.116666666667,1,0,4193.018,1419.814,2.08,204.605,254.74650000000003,372.545,0.5236000000000001,2026-08-31T23:00:00Z,34830.0,1,,,,0,1,1,1,1,1,1,1,1,1,,,,,,,,,,,831.8965000000001,,,,284,4.810720026892793,12.0,0.0,21,198.22766895665936,982.0989999999999,0.0,0,,,,,,,,,,,,,,,,,,,,,,,,,,,,,,,,,,,,,,,,,,,,,,,,,,,,0,0,0,0,0,0,0,0,0,0,0,0,0,0,0,0,0,0,0,0,0,0,0,0,0,0,0,1,1,1,0,0,0,1,1,1,1,1,1,1,1,1,1,1,1,1,1,1,1,0,0,0,0,0,0,1,1,1,1,1,1,1,1,1,1,1,1,1,1,1,1,1,1,1,1,1,1,1,1,1,1,1,1,1,1,1,1,1,1,1,1,1,1,1,1,1,1,1,1,1,1,1,1,1,1,1
2026-09-25T04:30:00Z,2026-09-25T03:30:00Z,60,4250.0,2026-09-23T15:05:05Z,semo_pub_dailyloadfcst_202609231505,2184.9166666666665,1,597.0,2026-09-23T15:05:05Z,semo_pub_dailyloadfcst_202609231505,2184.9166666666665,1,3653.0,2026-09-23T15:05:05Z,semo_pub_dailyloadfcst_202609231505,2184.9166666666665,1,,,,,0,,,,,0,,,,,0,,,,,0,,,,,0,,,,,0,,,,,0,786.17,2026-09-23T12:23:53Z,semo_pub_15minaggwindfcst_202609231223,2346.116666666667,1,0,4193.018,1419.814,2.08,204.605,254.74650000000003,372.545,0.5236000000000001,2026-08-31T23:00:00Z,34830.0,1,,,,0,1,1,1,1,1,1,1,1,1,,,,,,,,,,,831.8965000000001,,,,284,4.9503986842985945,12.0,0.0,21,181.4540694578557,912.095,0.0,0,,,,,,,,,,,,,,,,,,,,,,,,,,,,,,,,,,,,,,,,,,,,,,,,,,,,0,0,0,0,0,0,0,0,0,1,1,1,1,1,1,1,1,1,1,1,1,1,1,1,1,1,1,1,1,1,0,0,0,1,1,1,1,1,1,1,1,1,1,1,1,1,1,1,1,0,0,0,0,0,0,1,1,1,1,1,1,1,1,1,1,1,1,1,1,1,1,1,1,1,1,1,1,1,1,1,1,1,1,1,1,1,1,1,1,1,1,1,1,1,1,1,1,1,1,1,1,1,1,1,1,1
2026-09-25T04:30:00Z,2026-09-25T04:00:00Z,30,4250.0,2026-09-23T15:05:05Z,semo_pub_dailyloadfcst_202609231505,2214.9166666666665,1,597.0,2026-09-23T15:05:05Z,semo_pub_dailyloadfcst_202609231505,2214.9166666666665,1,3653.0,2026-09-23T15:05:05Z,semo_pub_dailyloadfcst_202609231505,2214.9166666666665,1,,,,,0,,,,,0,,,,,0,,,,,0,,,,,0,,,,,0,,,,,0,786.17,2026-09-23T12:23:53Z,semo_pub_15minaggwindfcst_202609231223,2376.116666666667,1,0,4193.018,1419.814,2.08,204.605,254.74650000000003,372.545,0.5236000000000001,2026-08-31T23:00:00Z,34860.0,1,,,,0,1,1,1,1,1,1,1,1,1,,,,,,,,,,,831.8965000000001,,,,284,4.9503986842985945,12.0,0.0,21,181.4540694578557,912.095,0.0,0,,,,,,,,,,,,,,,,,,,,,,,,,,,,,,,,,,,,,,,,,,,,,,,,,,,,0,0,0,0,0,0,0,0,0,1,1,1,1,1,1,1,1,1,1,1,1,1,1,1,1,1,1,1,1,1,0,0,0,1,1,1,1,1,1,1,1,1,1,1,1,1,1,1,1,0,0,0,0,0,0,1,1,1,1,1,1,1,1,1,1,1,1,1,1,1,1,1,1,1,1,1,1,1,1,1,1,1,1,1,1,1,1,1,1,1,1,1,1,1,1,1,1,1,1,1,1,1,1,1,1,1
2026-09-25T05:00:00Z,2026-09-25T04:00:00Z,60,4526.0,2026-09-23T15:05:05Z,semo_pub_dailyloadfcst_202609231505,2214.9166666666665,1,641.0,2026-09-23T15:05:05Z,semo_pub_dailyloadfcst_202609231505,2214.9166666666665,1,3885.0,2026-09-23T15:05:05Z,semo_pub_dailyloadfcst_202609231505,2214.9166666666665,1,500.0,2026-09-23T06:00:11Z,semo_pub_dailyintconntc_202609230600,2759.8166666666666,1,530.0,2026-09-23T06:00:11Z,semo_pub_dailyintconntc_202609230600,2759.8166666666666,1,513.0,2026-09-23T06:00:11Z,semo_pub_dailyintconntc_202609230600,2759.8166666666666,1,500.0,2026-09-23T06:00:11Z,semo_pub_dailyintconntc_202609230600,2759.8166666666666,1,500.0,2026-09-23T06:00:11Z,semo_pub_dailyintconntc_202609230600,2759.8166666666666,1,504.0,2026-09-23T06:00:11Z,semo_pub_dailyintconntc_202609230600,2759.8166666666666,1,,,,,0,743.678,2026-09-23T12:23:53Z,semo_pub_15minaggwindfcst_202609231223,2376.116666666667,1,0,4193.018,1419.814,2.08,204.605,254.74650000000003,372.545,0.5236000000000001,2026-08-31T23:00:00Z,34860.0,1,,,,0,1,1,1,1,1,1,1,1,1,,,,,,,,,,,831.8965000000001,,,,284,5.745480918247665,16.0,0.0,21,165.22778587407166,842.0909999999999,0.0,0,,,,,,,,,,,,,,,,,,,,,,,,,,,,,,,,,,,,,,,,,,,,,,,,,,,,0,0,0,0,0,0,0,0,0,0,0,0,0,0,0,0,0,0,0,0,0,0,0,0,0,0,0,1,1,1,0,0,0,1,1,1,1,1,1,1,1,1,1,1,1,1,1,1,1,0,0,0,0,0,0,1,1,1,1,1,1,1,1,1,1,1,1,1,1,1,1,1,1,1,1,1,1,1,1,1,1,1,1,1,1,1,1,1,1,1,1,1,1,1,1,1,1,1,1,1,1,1,1,1,1,1
2026-09-25T05:00:00Z,2026-09-25T04:30:00Z,30,4526.0,2026-09-23T15:05:05Z,semo_pub_dailyloadfcst_202609231505,2244.9166666666665,1,641.0,2026-09-23T15:05:05Z,semo_pub_dailyloadfcst_202609231505,2244.9166666666665,1,3885.0,2026-09-23T15:05:05Z,semo_pub_dailyloadfcst_202609231505,2244.9166666666665,1,500.0,2026-09-23T06:00:11Z,semo_pub_dailyintconntc_202609230600,2789.8166666666666,1,530.0,2026-09-23T06:00:11Z,semo_pub_dailyintconntc_202609230600,2789.8166666666666,1,513.0,2026-09-23T06:00:11Z,semo_pub_dailyintconntc_202609230600,2789.8166666666666,1,500.0,2026-09-23T06:00:11Z,semo_pub_dailyintconntc_202609230600,2789.8166666666666,1,500.0,2026-09-23T06:00:11Z,semo_pub_dailyintconntc_202609230600,2789.8166666666666,1,504.0,2026-09-23T06:00:11Z,semo_pub_dailyintconntc_202609230600,2789.8166666666666,1,,,,,0,743.678,2026-09-23T12:23:53Z,semo_pub_15minaggwindfcst_202609231223,2406.116666666667,1,0,4193.018,1419.814,2.08,204.605,254.74650000000003,372.545,0.5236000000000001,2026-08-31T23:00:00Z,34890.0,1,,,,0,1,1,1,1,1,1,1,1,1,,,,,,,,,,,831.8965000000001,,,,284,5.745480918247665,16.0,0.0,21,165.22778587407166,842.0909999999999,0.0,0,,,,,,,,,,,,,,,,,,,,,,,,,,,,,,,,,,,,,,,,,,,,,,,,,,,,0,0,0,0,0,0,0,0,0,0,0,0,0,0,0,0,0,0,0,0,0,0,0,0,0,0,0,1,1,1,0,0,0,1,1,1,1,1,1,1,1,1,1,1,1,1,1,1,1,0,0,0,0,0,0,1,1,1,1,1,1,1,1,1,1,1,1,1,1,1,1,1,1,1,1,1,1,1,1,1,1,1,1,1,1,1,1,1,1,1,1,1,1,1,1,1,1,1,1,1,1,1,1,1,1,1
2026-09-25T05:30:00Z,2026-09-25T04:30:00Z,60,4727.0,2026-09-23T15:05:05Z,semo_pub_dailyloadfcst_202609231505,2244.9166666666665,1,723.0,2026-09-23T15:05:05Z,semo_pub_dailyloadfcst_202609231505,2244.9166666666665,1,4004.0,2026-09-23T15:05:05Z,semo_pub_dailyloadfcst_202609231505,2244.9166666666665,1,,,,,0,,,,,0,,,,,0,,,,,0,,,,,0,,,,,0,,,,,0,710.088,2026-09-23T12:23:53Z,semo_pub_15minaggwindfcst_202609231223,2406.116666666667,1,0,4193.018,1419.814,2.08,204.605,254.74650000000003,372.545,0.5236000000000001,2026-08-31T23:00:00Z,34890.0,1,,,,0,1,1,1,1,1,1,1,1,1,,,,,,,,,,,831.8965000000001,,,,284,6.147353888414017,15.0,0.0,21,156.0341522673817,792.664,0.0,0,,,,,,,,,,,,,,,,,,,,,,,,,,,,,,,,,,,,,,,,,,,,,,,,,,,,0,0,0,0,0,0,0,0,0,1,1,1,1,1,1,1,1,1,1,1,1,1,1,1,1,1,1,1,1,1,0,0,0,1,1,1,1,1,1,1,1,1,1,1,1,1,1,1,1,0,0,0,0,0,0,1,1,1,1,1,1,1,1,1,1,1,1,1,1,1,1,1,1,1,1,1,1,1,1,1,1,1,1,1,1,1,1,1,1,1,1,1,1,1,1,1,1,1,1,1,1,1,1,1,1,1
2026-09-25T05:30:00Z,2026-09-25T05:00:00Z,30,4727.0,2026-09-23T15:05:05Z,semo_pub_dailyloadfcst_202609231505,2274.9166666666665,1,723.0,2026-09-23T15:05:05Z,semo_pub_dailyloadfcst_202609231505,2274.9166666666665,1,4004.0,2026-09-23T15:05:05Z,semo_pub_dailyloadfcst_202609231505,2274.9166666666665,1,,,,,0,,,,,0,,,,,0,,,,,0,,,,,0,,,,,0,,,,,0,710.088,2026-09-23T12:23:53Z,semo_pub_15minaggwindfcst_202609231223,2436.116666666667,1,0,4193.018,1419.814,2.08,204.605,254.74650000000003,372.545,0.5236000000000001,2026-08-31T23:00:00Z,34920.0,1,,,,0,1,1,1,1,1,1,1,1,1,,,,,,,,,,,831.8965000000001,,,,284,6.147353888414017,15.0,0.0,21,156.0341522673817,792.664,0.0,0,,,,,,,,,,,,,,,,,,,,,,,,,,,,,,,,,,,,,,,,,,,,,,,,,,,,0,0,0,0,0,0,0,0,0,1,1,1,1,1,1,1,1,1,1,1,1,1,1,1,1,1,1,1,1,1,0,0,0,1,1,1,1,1,1,1,1,1,1,1,1,1,1,1,1,0,0,0,0,0,0,1,1,1,1,1,1,1,1,1,1,1,1,1,1,1,1,1,1,1,1,1,1,1,1,1,1,1,1,1,1,1,1,1,1,1,1,1,1,1,1,1,1,1,1,1,1,1,1,1,1,1
2026-09-25T06:00:00Z,2026-09-25T05:00:00Z,60,5084.0,2026-09-23T15:05:05Z,semo_pub_dailyloadfcst_202609231505,2274.9166666666665,1,810.0,2026-09-23T15:05:05Z,semo_pub_dailyloadfcst_202609231505,2274.9166666666665,1,4274.0,2026-09-23T15:05:05Z,semo_pub_dailyloadfcst_202609231505,2274.9166666666665,1,500.0,2026-09-23T06:00:11Z,semo_pub_dailyintconntc_202609230600,2819.8166666666666,1,530.0,2026-09-23T06:00:11Z,semo_pub_dailyintconntc_202609230600,2819.8166666666666,1,513.0,2026-09-23T06:00:11Z,semo_pub_dailyintconntc_202609230600,2819.8166666666666,1,500.0,2026-09-23T06:00:11Z,semo_pub_dailyintconntc_202609230600,2819.8166666666666,1,500.0,2026-09-23T06:00:11Z,semo_pub_dailyintconntc_202609230600,2819.8166666666666,1,504.0,2026-09-23T06:00:11Z,semo_pub_dailyintconntc_202609230600,2819.8166666666666,1,,,,,0,676.482,2026-09-23T12:23:53Z,semo_pub_15minaggwindfcst_202609231223,2436.116666666667,1,0,4193.018,1419.814,2.08,204.605,254.74650000000003,372.545,0.5236000000000001,2026-08-31T23:00:00Z,34920.0,1,,,,0,1,1,1,1,1,1,1,1,1,,,,,,,,,,,831.8965000000001,,,,284,6.2943053709805135,16.0,0.0,21,147.87712631633815,743.2370000000001,0.0,0,,,,,,,,,,,,,,,,,,,,,,,,,,,,,,,,,,,,,,,,,,,,,,,,,,,,0,0,0,0,0,0,0,0,0,0,0,0,0,0,0,0,0,0,0,0,0,0,0,0,0,0,0,1,1,1,0,0,0,1,1,1,1,1,1,1,1,1,1,1,1,1,1,1,1,0,0,0,0,0,0,1,1,1,1,1,1,1,1,1,1,1,1,1,1,1,1,1,1,1,1,1,1,1,1,1,1,1,1,1,1,1,1,1,1,1,1,1,1,1,1,1,1,1,1,1,1,1,1,1,1,1
2026-09-25T06:00:00Z,2026-09-25T05:30:00Z,30,5084.0,2026-09-23T15:05:05Z,semo_pub_dailyloadfcst_202609231505,2304.9166666666665,1,810.0,2026-09-23T15:05:05Z,semo_pub_dailyloadfcst_202609231505,2304.9166666666665,1,4274.0,2026-09-23T15:05:05Z,semo_pub_dailyloadfcst_202609231505,2304.9166666666665,1,500.0,2026-09-23T06:00:11Z,semo_pub_dailyintconntc_202609230600,2849.8166666666666,1,530.0,2026-09-23T06:00:11Z,semo_pub_dailyintconntc_202609230600,2849.8166666666666,1,513.0,2026-09-23T06:00:11Z,semo_pub_dailyintconntc_202609230600,2849.8166666666666,1,500.0,2026-09-23T06:00:11Z,semo_pub_dailyintconntc_202609230600,2849.8166666666666,1,500.0,2026-09-23T06:00:11Z,semo_pub_dailyintconntc_202609230600,2849.8166666666666,1,504.0,2026-09-23T06:00:11Z,semo_pub_dailyintconntc_202609230600,2849.8166666666666,1,,,,,0,676.482,2026-09-23T12:23:53Z,semo_pub_15minaggwindfcst_202609231223,2466.116666666667,1,0,4193.018,1419.814,2.08,204.605,254.74650000000003,372.545,0.5236000000000001,2026-08-31T23:00:00Z,34950.0,1,,,,0,1,1,1,1,1,1,1,1,1,,,,,,,,,,,831.8965000000001,,,,284,6.2943053709805135,16.0,0.0,21,147.87712631633815,743.2370000000001,0.0,0,,,,,,,,,,,,,,,,,,,,,,,,,,,,,,,,,,,,,,,,,,,,,,,,,,,,0,0,0,0,0,0,0,0,0,0,0,0,0,0,0,0,0,0,0,0,0,0,0,0,0,0,0,1,1,1,0,0,0,1,1,1,1,1,1,1,1,1,1,1,1,1,1,1,1,0,0,0,0,0,0,1,1,1,1,1,1,1,1,1,1,1,1,1,1,1,1,1,1,1,1,1,1,1,1,1,1,1,1,1,1,1,1,1,1,1,1,1,1,1,1,1,1,1,1,1,1,1,1,1,1,1
2026-09-25T06:30:00Z,2026-09-25T05:30:00Z,60,5489.0,2026-09-23T15:05:05Z,semo_pub_dailyloadfcst_202609231505,2304.9166666666665,1,913.0,2026-09-23T15:05:05Z,semo_pub_dailyloadfcst_202609231505,2304.9166666666665,1,4576.0,2026-09-23T15:05:05Z,semo_pub_dailyloadfcst_202609231505,2304.9166666666665,1,,,,,0,,,,,0,,,,,0,,,,,0,,,,,0,,,,,0,,,,,0,659.052,2026-09-23T12:23:53Z,semo_pub_15minaggwindfcst_202609231223,2466.116666666667,1,0,4193.018,1419.814,2.08,204.605,254.74650000000003,372.545,0.5236000000000001,2026-08-31T23:00:00Z,34950.0,1,,,,0,1,1,1,1,1,1,1,1,1,,,,,,,,,,,831.8965000000001,,,,284,7.520612421090206,18.0,0.0,21,143.9664581806291,708.4549999999999,0.0,0,,,,,,,,,,,,,,,,,,,,,,,,,,,,,,,,,,,,,,,,,,,,,,,,,,,,0,0,0,0,0,0,0,0,0,1,1,1,1,1,1,1,1,1,1,1,1,1,1,1,1,1,1,1,1,1,0,0,0,1,1,1,1,1,1,1,1,1,1,1,1,1,1,1,1,0,0,0,0,0,0,1,1,1,1,1,1,1,1,1,1,1,1,1,1,1,1,1,1,1,1,1,1,1,1,1,1,1,1,1,1,1,1,1,1,1,1,1,1,1,1,1,1,1,1,1,1,1,1,1,1,1
2026-09-25T06:30:00Z,2026-09-25T06:00:00Z,30,5489.0,2026-09-23T15:05:05Z,semo_pub_dailyloadfcst_202609231505,2334.9166666666665,1,913.0,2026-09-23T15:05:05Z,semo_pub_dailyloadfcst_202609231505,2334.9166666666665,1,4576.0,2026-09-23T15:05:05Z,semo_pub_dailyloadfcst_202609231505,2334.9166666666665,1,,,,,0,,,,,0,,,,,0,,,,,0,,,,,0,,,,,0,,,,,0,659.052,2026-09-23T12:23:53Z,semo_pub_15minaggwindfcst_202609231223,2496.116666666667,1,0,4193.018,1419.814,2.08,204.605,254.74650000000003,372.545,0.5236000000000001,2026-08-31T23:00:00Z,34980.0,1,,,,0,1,1,1,1,1,1,1,1,1,,,,,,,,,,,831.8965000000001,,,,284,7.520612421090206,18.0,0.0,21,143.9664581806291,708.4549999999999,0.0,0,,,,,,,,,,,,,,,,,,,,,,,,,,,,,,,,,,,,,,,,,,,,,,,,,,,,0,0,0,0,0,0,0,0,0,1,1,1,1,1,1,1,1,1,1,1,1,1,1,1,1,1,1,1,1,1,0,0,0,1,1,1,1,1,1,1,1,1,1,1,1,1,1,1,1,0,0,0,0,0,0,1,1,1,1,1,1,1,1,1,1,1,1,1,1,1,1,1,1,1,1,1,1,1,1,1,1,1,1,1,1,1,1,1,1,1,1,1,1,1,1,1,1,1,1,1,1,1,1,1,1,1
2026-09-25T07:00:00Z,2026-09-25T06:00:00Z,60,5645.0,2026-09-23T15:05:05Z,semo_pub_dailyloadfcst_202609231505,2334.9166666666665,1,953.0,2026-09-23T15:05:05Z,semo_pub_dailyloadfcst_202609231505,2334.9166666666665,1,4692.0,2026-09-23T15:05:05Z,semo_pub_dailyloadfcst_202609231505,2334.9166666666665,1,500.0,2026-09-23T06:00:11Z,semo_pub_dailyintconntc_202609230600,2879.8166666666666,1,530.0,2026-09-23T06:00:11Z,semo_pub_dailyintconntc_202609230600,2879.8166666666666,1,513.0,2026-09-23T06:00:11Z,semo_pub_dailyintconntc_202609230600,2879.8166666666666,1,500.0,2026-09-23T06:00:11Z,semo_pub_dailyintconntc_202609230600,2879.8166666666666,1,500.0,2026-09-23T06:00:11Z,semo_pub_dailyintconntc_202609230600,2879.8166666666666,1,504.0,2026-09-23T06:00:11Z,semo_pub_dailyintconntc_202609230600,2879.8166666666666,1,,,,,0,641.617,2026-09-23T12:23:53Z,semo_pub_15minaggwindfcst_202609231223,2496.116666666667,1,0,4193.018,1419.814,2.08,204.605,254.74650000000003,372.545,0.5236000000000001,2026-08-31T23:00:00Z,34980.0,1,,,,0,1,1,1,1,1,1,1,1,1,,,,,,,,,,,831.8965000000001,,,,284,8.097498395297945,24.0,0.0,19,133.15470077134688,590.498,0.0,0,,,,,,,,,,,,,,,,,,,,,,,,,,,,,,,,,,,,,,,,,,,,,,,,,,,,0,0,0,0,0,0,0,0,0,0,0,0,0,0,0,0,0,0,0,0,0,0,0,0,0,0,0,1,1,1,0,0,0,1,1,1,1,1,1,1,1,1,1,1,1,1,1,1,1,0,0,0,0,0,0,1,1,1,1,1,1,1,1,1,1,1,1,1,1,1,1,1,1,1,1,1,1,1,1,1,1,1,1,1,1,1,1,1,1,1,1,1,1,1,1,1,1,1,1,1,1,1,1,1,1,1
2026-09-25T07:00:00Z,2026-09-25T06:30:00Z,30,5645.0,2026-09-23T15:05:05Z,semo_pub_dailyloadfcst_202609231505,2364.9166666666665,1,953.0,2026-09-23T15:05:05Z,semo_pub_dailyloadfcst_202609231505,2364.9166666666665,1,4692.0,2026-09-23T15:05:05Z,semo_pub_dailyloadfcst_202609231505,2364.9166666666665,1,500.0,2026-09-23T06:00:11Z,semo_pub_dailyintconntc_202609230600,2909.8166666666666,1,530.0,2026-09-23T06:00:11Z,semo_pub_dailyintconntc_202609230600,2909.8166666666666,1,513.0,2026-09-23T06:00:11Z,semo_pub_dailyintconntc_202609230600,2909.8166666666666,1,500.0,2026-09-23T06:00:11Z,semo_pub_dailyintconntc_202609230600,2909.8166666666666,1,500.0,2026-09-23T06:00:11Z,semo_pub_dailyintconntc_202609230600,2909.8166666666666,1,504.0,2026-09-23T06:00:11Z,semo_pub_dailyintconntc_202609230600,2909.8166666666666,1,,,,,0,641.617,2026-09-23T12:23:53Z,semo_pub_15minaggwindfcst_202609231223,2526.116666666667,1,0,4193.018,1419.814,2.08,204.605,254.74650000000003,372.545,0.5236000000000001,2026-08-31T23:00:00Z,35010.0,1,,,,0,1,1,1,1,1,1,1,1,1,,,,,,,,,,,831.8965000000001,,,,284,8.097498395297945,24.0,0.0,19,133.15470077134688,590.498,0.0,0,,,,,,,,,,,,,,,,,,,,,,,,,,,,,,,,,,,,,,,,,,,,,,,,,,,,0,0,0,0,0,0,0,0,0,0,0,0,0,0,0,0,0,0,0,0,0,0,0,0,0,0,0,1,1,1,0,0,0,1,1,1,1,1,1,1,1,1,1,1,1,1,1,1,1,0,0,0,0,0,0,1,1,1,1,1,1,1,1,1,1,1,1,1,1,1,1,1,1,1,1,1,1,1,1,1,1,1,1,1,1,1,1,1,1,1,1,1,1,1,1,1,1,1,1,1,1,1,1,1,1,1
2026-09-25T07:30:00Z,2026-09-25T06:30:00Z,60,5660.0,2026-09-23T15:05:05Z,semo_pub_dailyloadfcst_202609231505,2364.9166666666665,1,976.0,2026-09-23T15:05:05Z,semo_pub_dailyloadfcst_202609231505,2364.9166666666665,1,4684.0,2026-09-23T15:05:05Z,semo_pub_dailyloadfcst_202609231505,2364.9166666666665,1,,,,,0,,,,,0,,,,,0,,,,,0,,,,,0,,,,,0,,,,,0,649.566,2026-09-23T12:23:53Z,semo_pub_15minaggwindfcst_202609231223,2526.116666666667,1,0,4193.018,1419.814,2.08,204.605,254.74650000000003,372.545,0.5236000000000001,2026-08-31T23:00:00Z,35010.0,1,,,,0,1,1,1,1,1,1,1,1,1,,,,,,,,,,,831.8965000000001,,,,284,8.811642758619678,26.0,0.0,19,137.05118515167692,617.281,0.0,0,,,,,,,,,,,,,,,,,,,,,,,,,,,,,,,,,,,,,,,,,,,,,,,,,,,,0,0,0,0,0,0,0,0,0,1,1,1,1,1,1,1,1,1,1,1,1,1,1,1,1,1,1,1,1,1,0,0,0,1,1,1,1,1,1,1,1,1,1,1,1,1,1,1,1,0,0,0,0,0,0,1,1,1,1,1,1,1,1,1,1,1,1,1,1,1,1,1,1,1,1,1,1,1,1,1,1,1,1,1,1,1,1,1,1,1,1,1,1,1,1,1,1,1,1,1,1,1,1,1,1,1
2026-09-25T07:30:00Z,2026-09-25T07:00:00Z,30,5660.0,2026-09-23T15:05:05Z,semo_pub_dailyloadfcst_202609231505,2394.9166666666665,1,976.0,2026-09-23T15:05:05Z,semo_pub_dailyloadfcst_202609231505,2394.9166666666665,1,4684.0,2026-09-23T15:05:05Z,semo_pub_dailyloadfcst_202609231505,2394.9166666666665,1,,,,,0,,,,,0,,,,,0,,,,,0,,,,,0,,,,,0,,,,,0,649.566,2026-09-23T12:23:53Z,semo_pub_15minaggwindfcst_202609231223,2556.116666666667,1,0,4193.018,1419.814,2.08,204.605,254.74650000000003,372.545,0.5236000000000001,2026-08-31T23:00:00Z,35040.0,1,,,,0,1,1,1,1,1,1,1,1,1,,,,,,,,,,,831.8965000000001,,,,284,8.811642758619678,26.0,0.0,19,137.05118515167692,617.281,0.0,0,,,,,,,,,,,,,,,,,,,,,,,,,,,,,,,,,,,,,,,,,,,,,,,,,,,,0,0,0,0,0,0,0,0,0,1,1,1,1,1,1,1,1,1,1,1,1,1,1,1,1,1,1,1,1,1,0,0,0,1,1,1,1,1,1,1,1,1,1,1,1,1,1,1,1,0,0,0,0,0,0,1,1,1,1,1,1,1,1,1,1,1,1,1,1,1,1,1,1,1,1,1,1,1,1,1,1,1,1,1,1,1,1,1,1,1,1,1,1,1,1,1,1,1,1,1,1,1,1,1,1,1
2026-09-25T08:00:00Z,2026-09-25T07:00:00Z,60,5782.0,2026-09-23T15:05:05Z,semo_pub_dailyloadfcst_202609231505,2394.9166666666665,1,999.0,2026-09-23T15:05:05Z,semo_pub_dailyloadfcst_202609231505,2394.9166666666665,1,4783.0,2026-09-23T15:05:05Z,semo_pub_dailyloadfcst_202609231505,2394.9166666666665,1,500.0,2026-09-23T06:00:11Z,semo_pub_dailyintconntc_202609230600,2939.8166666666666,1,530.0,2026-09-23T06:00:11Z,semo_pub_dailyintconntc_202609230600,2939.8166666666666,1,513.0,2026-09-23T06:00:11Z,semo_pub_dailyintconntc_202609230600,2939.8166666666666,1,500.0,2026-09-23T06:00:11Z,semo_pub_dailyintconntc_202609230600,2939.8166666666666,1,500.0,2026-09-23T06:00:11Z,semo_pub_dailyintconntc_202609230600,2939.8166666666666,1,504.0,2026-09-23T06:00:11Z,semo_pub_dailyintconntc_202609230600,2939.8166666666666,1,,,,,0,657.503,2026-09-23T12:23:53Z,semo_pub_15minaggwindfcst_202609231223,2556.116666666667,1,0,4193.018,1419.814,2.08,204.605,254.74650000000003,372.545,0.5236000000000001,2026-08-31T23:00:00Z,35040.0,1,,,,0,1,1,1,1,1,1,1,1,1,,,,,,,,,,,831.8965000000001,,,,284,7.178291680760583,24.0,0.0,19,141.70223156436646,660.157,0.0,0,,,,,,,,,,,,,,,,,,,,,,,,,,,,,,,,,,,,,,,,,,,,,,,,,,,,0,0,0,0,0,0,0,0,0,0,0,0,0,0,0,0,0,0,0,0,0,0,0,0,0,0,0,1,1,1,0,0,0,1,1,1,1,1,1,1,1,1,1,1,1,1,1,1,1,0,0,0,0,0,0,1,1,1,1,1,1,1,1,1,1,1,1,1,1,1,1,1,1,1,1,1,1,1,1,1,1,1,1,1,1,1,1,1,1,1,1,1,1,1,1,1,1,1,1,1,1,1,1,1,1,1
2026-09-25T08:00:00Z,2026-09-25T07:30:00Z,30,5782.0,2026-09-23T15:05:05Z,semo_pub_dailyloadfcst_202609231505,2424.9166666666665,1,999.0,2026-09-23T15:05:05Z,semo_pub_dailyloadfcst_202609231505,2424.9166666666665,1,4783.0,2026-09-23T15:05:05Z,semo_pub_dailyloadfcst_202609231505,2424.9166666666665,1,500.0,2026-09-23T06:00:11Z,semo_pub_dailyintconntc_202609230600,2969.8166666666666,1,530.0,2026-09-23T06:00:11Z,semo_pub_dailyintconntc_202609230600,2969.8166666666666,1,513.0,2026-09-23T06:00:11Z,semo_pub_dailyintconntc_202609230600,2969.8166666666666,1,500.0,2026-09-23T06:00:11Z,semo_pub_dailyintconntc_202609230600,2969.8166666666666,1,500.0,2026-09-23T06:00:11Z,semo_pub_dailyintconntc_202609230600,2969.8166666666666,1,504.0,2026-09-23T06:00:11Z,semo_pub_dailyintconntc_202609230600,2969.8166666666666,1,,,,,0,657.503,2026-09-23T12:23:53Z,semo_pub_15minaggwindfcst_202609231223,2586.116666666667,1,0,4193.018,1419.814,2.08,204.605,254.74650000000003,372.545,0.5236000000000001,2026-08-31T23:00:00Z,35070.0,1,,,,0,1,1,1,1,1,1,1,1,1,,,,,,,,,,,831.8965000000001,,,,284,7.178291680760583,24.0,0.0,19,141.70223156436646,660.157,0.0,0,,,,,,,,,,,,,,,,,,,,,,,,,,,,,,,,,,,,,,,,,,,,,,,,,,,,0,0,0,0,0,0,0,0,0,0,0,0,0,0,0,0,0,0,0,0,0,0,0,0,0,0,0,1,1,1,0,0,0,1,1,1,1,1,1,1,1,1,1,1,1,1,1,1,1,0,0,0,0,0,0,1,1,1,1,1,1,1,1,1,1,1,1,1,1,1,1,1,1,1,1,1,1,1,1,1,1,1,1,1,1,1,1,1,1,1,1,1,1,1,1,1,1,1,1,1,1,1,1,1,1,1
2026-09-25T08:30:00Z,2026-09-25T07:30:00Z,60,5680.0,2026-09-23T15:05:05Z,semo_pub_dailyloadfcst_202609231505,2424.9166666666665,1,1000.0,2026-09-23T15:05:05Z,semo_pub_dailyloadfcst_202609231505,2424.9166666666665,1,4680.0,2026-09-23T15:05:05Z,semo_pub_dailyloadfcst_202609231505,2424.9166666666665,1,,,,,0,,,,,0,,,,,0,,,,,0,,,,,0,,,,,0,,,,,0,697.486,2026-09-23T12:23:53Z,semo_pub_15minaggwindfcst_202609231223,2586.116666666667,1,0,4193.018,1419.814,2.08,204.605,254.74650000000003,372.545,0.5236000000000001,2026-08-31T23:00:00Z,35070.0,1,,,,0,1,1,1,1,1,1,1,1,1,,,,,,,,,,,831.8965000000001,,,,284,6.741945461469964,22.0,0.0,19,150.7024445764703,723.9110000000001,0.0,0,,,,,,,,,,,,,,,,,,,,,,,,,,,,,,,,,,,,,,,,,,,,,,,,,,,,0,0,0,0,0,0,0,0,0,1,1,1,1,1,1,1,1,1,1,1,1,1,1,1,1,1,1,1,1,1,0,0,0,1,1,1,1,1,1,1,1,1,1,1,1,1,1,1,1,0,0,0,0,0,0,1,1,1,1,1,1,1,1,1,1,1,1,1,1,1,1,1,1,1,1,1,1,1,1,1,1,1,1,1,1,1,1,1,1,1,1,1,1,1,1,1,1,1,1,1,1,1,1,1,1,1
2026-09-25T08:30:00Z,2026-09-25T08:00:00Z,30,5680.0,2026-09-23T15:05:05Z,semo_pub_dailyloadfcst_202609231505,2454.9166666666665,1,1000.0,2026-09-23T15:05:05Z,semo_pub_dailyloadfcst_202609231505,2454.9166666666665,1,4680.0,2026-09-23T15:05:05Z,semo_pub_dailyloadfcst_202609231505,2454.9166666666665,1,,,,,0,,,,,0,,,,,0,,,,,0,,,,,0,,,,,0,,,,,0,697.486,2026-09-23T12:23:53Z,semo_pub_15minaggwindfcst_202609231223,2616.116666666667,1,0,4193.018,1419.814,2.08,204.605,254.74650000000003,372.545,0.5236000000000001,2026-08-31T23:00:00Z,35100.0,1,,,,0,1,1,1,1,1,1,1,1,1,,,,,,,,,,,831.8965000000001,,,,284,6.741945461469964,22.0,0.0,19,150.7024445764703,723.9110000000001,0.0,0,,,,,,,,,,,,,,,,,,,,,,,,,,,,,,,,,,,,,,,,,,,,,,,,,,,,0,0,0,0,0,0,0,0,0,1,1,1,1,1,1,1,1,1,1,1,1,1,1,1,1,1,1,1,1,1,0,0,0,1,1,1,1,1,1,1,1,1,1,1,1,1,1,1,1,0,0,0,0,0,0,1,1,1,1,1,1,1,1,1,1,1,1,1,1,1,1,1,1,1,1,1,1,1,1,1,1,1,1,1,1,1,1,1,1,1,1,1,1,1,1,1,1,1,1,1,1,1,1,1,1,1
2026-09-25T09:00:00Z,2026-09-25T08:00:00Z,60,5569.0,2026-09-23T15:05:05Z,semo_pub_dailyloadfcst_202609231505,2454.9166666666665,1,963.0,2026-09-23T15:05:05Z,semo_pub_dailyloadfcst_202609231505,2454.9166666666665,1,4606.0,2026-09-23T15:05:05Z,semo_pub_dailyloadfcst_202609231505,2454.9166666666665,1,500.0,2026-09-23T06:00:11Z,semo_pub_dailyintconntc_202609230600,2999.8166666666666,1,530.0,2026-09-23T06:00:11Z,semo_pub_dailyintconntc_202609230600,2999.8166666666666,1,513.0,2026-09-23T06:00:11Z,semo_pub_dailyintconntc_202609230600,2999.8166666666666,1,500.0,2026-09-23T06:00:11Z,semo_pub_dailyintconntc_202609230600,2999.8166666666666,1,500.0,2026-09-23T06:00:11Z,semo_pub_dailyintconntc_202609230600,2999.8166666666666,1,504.0,2026-09-23T06:00:11Z,semo_pub_dailyintconntc_202609230600,2999.8166666666666,1,,,,,0,737.465,2026-09-23T12:23:53Z,semo_pub_15minaggwindfcst_202609231223,2616.116666666667,1,0,4193.018,1419.814,2.08,204.605,254.74650000000003,372.545,0.5236000000000001,2026-08-31T23:00:00Z,35100.0,1,,,,0,1,1,1,1,1,1,1,1,1,,,,,,,,,,,831.8965000000001,,,,284,4.745605041392206,11.0,0.0,19,160.54089158259012,787.642,0.0,0,,,,,,,,,,,,,,,,,,,,,,,,,,,,,,,,,,,,,,,,,,,,,,,,,,,,0,0,0,0,0,0,0,0,0,0,0,0,0,0,0,0,0,0,0,0,0,0,0,0,0,0,0,1,1,1,0,0,0,1,1,1,1,1,1,1,1,1,1,1,1,1,1,1,1,0,0,0,0,0,0,1,1,1,1,1,1,1,1,1,1,1,1,1,1,1,1,1,1,1,1,1,1,1,1,1,1,1,1,1,1,1,1,1,1,1,1,1,1,1,1,1,1,1,1,1,1,1,1,1,1,1
2026-09-25T09:00:00Z,2026-09-25T08:30:00Z,30,5569.0,2026-09-23T15:05:05Z,semo_pub_dailyloadfcst_202609231505,2484.9166666666665,1,963.0,2026-09-23T15:05:05Z,semo_pub_dailyloadfcst_202609231505,2484.9166666666665,1,4606.0,2026-09-23T15:05:05Z,semo_pub_dailyloadfcst_202609231505,2484.9166666666665,1,500.0,2026-09-23T06:00:11Z,semo_pub_dailyintconntc_202609230600,3029.8166666666666,1,530.0,2026-09-23T06:00:11Z,semo_pub_dailyintconntc_202609230600,3029.8166666666666,1,513.0,2026-09-23T06:00:11Z,semo_pub_dailyintconntc_202609230600,3029.8166666666666,1,500.0,2026-09-23T06:00:11Z,semo_pub_dailyintconntc_202609230600,3029.8166666666666,1,500.0,2026-09-23T06:00:11Z,semo_pub_dailyintconntc_202609230600,3029.8166666666666,1,504.0,2026-09-23T06:00:11Z,semo_pub_dailyintconntc_202609230600,3029.8166666666666,1,,,,,0,737.465,2026-09-23T12:23:53Z,semo_pub_15minaggwindfcst_202609231223,2646.116666666667,1,0,4193.018,1419.814,2.08,204.605,254.74650000000003,372.545,0.5236000000000001,2026-08-31T23:00:00Z,35130.0,1,,,,0,1,1,1,1,1,1,1,1,1,,,,,,,,,,,831.8965000000001,,,,284,4.745605041392206,11.0,0.0,19,160.54089158259012,787.642,0.0,0,,,,,,,,,,,,,,,,,,,,,,,,,,,,,,,,,,,,,,,,,,,,,,,,,,,,0,0,0,0,0,0,0,0,0,0,0,0,0,0,0,0,0,0,0,0,0,0,0,0,0,0,0,1,1,1,0,0,0,1,1,1,1,1,1,1,1,1,1,1,1,1,1,1,1,0,0,0,0,0,0,1,1,1,1,1,1,1,1,1,1,1,1,1,1,1,1,1,1,1,1,1,1,1,1,1,1,1,1,1,1,1,1,1,1,1,1,1,1,1,1,1,1,1,1,1,1,1,1,1,1,1
2026-09-25T09:30:00Z,2026-09-25T08:30:00Z,60,5493.0,2026-09-23T15:05:05Z,semo_pub_dailyloadfcst_202609231505,2484.9166666666665,1,944.0,2026-09-23T15:05:05Z,semo_pub_dailyloadfcst_202609231505,2484.9166666666665,1,4549.0,2026-09-23T15:05:05Z,semo_pub_dailyloadfcst_202609231505,2484.9166666666665,1,,,,,0,,,,,0,,,,,0,,,,,0,,,,,0,,,,,0,,,,,0,807.902,2026-09-23T12:23:53Z,semo_pub_15minaggwindfcst_202609231223,2646.116666666667,1,0,4193.018,1419.814,2.08,204.605,254.74650000000003,372.545,0.5236000000000001,2026-08-31T23:00:00Z,35130.0,1,,,,0,1,1,1,1,1,1,1,1,1,,,,,,,,,,,831.8965000000001,,,,284,4.562862679304783,11.0,0.0,19,176.05051102897238,863.392,0.0,0,,,,,,,,,,,,,,,,,,,,,,,,,,,,,,,,,,,,,,,,,,,,,,,,,,,,0,0,0,0,0,0,0,0,0,1,1,1,1,1,1,1,1,1,1,1,1,1,1,1,1,1,1,1,1,1,0,0,0,1,1,1,1,1,1,1,1,1,1,1,1,1,1,1,1,0,0,0,0,0,0,1,1,1,1,1,1,1,1,1,1,1,1,1,1,1,1,1,1,1,1,1,1,1,1,1,1,1,1,1,1,1,1,1,1,1,1,1,1,1,1,1,1,1,1,1,1,1,1,1,1,1
2026-09-25T09:30:00Z,2026-09-25T09:00:00Z,30,5493.0,2026-09-23T15:05:05Z,semo_pub_dailyloadfcst_202609231505,2514.9166666666665,1,944.0,2026-09-23T15:05:05Z,semo_pub_dailyloadfcst_202609231505,2514.9166666666665,1,4549.0,2026-09-23T15:05:05Z,semo_pub_dailyloadfcst_202609231505,2514.9166666666665,1,,,,,0,,,,,0,,,,,0,,,,,0,,,,,0,,,,,0,,,,,0,807.902,2026-09-23T12:23:53Z,semo_pub_15minaggwindfcst_202609231223,2676.116666666667,1,0,4193.018,1419.814,2.08,204.605,254.74650000000003,372.545,0.5236000000000001,2026-08-31T23:00:00Z,35160.0,1,,,,0,1,1,1,1,1,1,1,1,1,,,,,,,,,,,831.8965000000001,,,,284,4.562862679304783,11.0,0.0,19,176.05051102897238,863.392,0.0,0,,,,,,,,,,,,,,,,,,,,,,,,,,,,,,,,,,,,,,,,,,,,,,,,,,,,0,0,0,0,0,0,0,0,0,1,1,1,1,1,1,1,1,1,1,1,1,1,1,1,1,1,1,1,1,1,0,0,0,1,1,1,1,1,1,1,1,1,1,1,1,1,1,1,1,0,0,0,0,0,0,1,1,1,1,1,1,1,1,1,1,1,1,1,1,1,1,1,1,1,1,1,1,1,1,1,1,1,1,1,1,1,1,1,1,1,1,1,1,1,1,1,1,1,1,1,1,1,1,1,1,1
2026-09-25T10:00:00Z,2026-09-25T09:00:00Z,60,5509.0,2026-09-23T15:05:05Z,semo_pub_dailyloadfcst_202609231505,2514.9166666666665,1,945.0,2026-09-23T15:05:05Z,semo_pub_dailyloadfcst_202609231505,2514.9166666666665,1,4564.0,2026-09-23T15:05:05Z,semo_pub_dailyloadfcst_202609231505,2514.9166666666665,1,500.0,2026-09-23T06:00:11Z,semo_pub_dailyintconntc_202609230600,3059.8166666666666,1,530.0,2026-09-23T06:00:11Z,semo_pub_dailyintconntc_202609230600,3059.8166666666666,1,513.0,2026-09-23T06:00:11Z,semo_pub_dailyintconntc_202609230600,3059.8166666666666,1,500.0,2026-09-23T06:00:11Z,semo_pub_dailyintconntc_202609230600,3059.8166666666666,1,500.0,2026-09-23T06:00:11Z,semo_pub_dailyintconntc_202609230600,3059.8166666666666,1,504.0,2026-09-23T06:00:11Z,semo_pub_dailyintconntc_202609230600,3059.8166666666666,1,,,,,0,878.33,2026-09-23T12:23:53Z,semo_pub_15minaggwindfcst_202609231223,2676.116666666667,1,0,4193.018,1419.814,2.08,204.605,254.74650000000003,372.545,0.5236000000000001,2026-08-31T23:00:00Z,35160.0,1,,,,0,1,1,1,1,1,1,1,1,1,,,,,,,,,,,831.8965000000001,,,,284,9.144509237601982,27.0,0.0,19,192.22542776287557,939.116,0.0,0,,,,,,,,,,,,,,,,,,,,,,,,,,,,,,,,,,,,,,,,,,,,,,,,,,,,0,0,0,0,0,0,0,0,0,0,0,0,0,0,0,0,0,0,0,0,0,0,0,0,0,0,0,1,1,1,0,0,0,1,1,1,1,1,1,1,1,1,1,1,1,1,1,1,1,0,0,0,0,0,0,1,1,1,1,1,1,1,1,1,1,1,1,1,1,1,1,1,1,1,1,1,1,1,1,1,1,1,1,1,1,1,1,1,1,1,1,1,1,1,1,1,1,1,1,1,1,1,1,1,1,1
2026-09-25T10:00:00Z,2026-09-25T09:30:00Z,30,5509.0,2026-09-23T15:05:05Z,semo_pub_dailyloadfcst_202609231505,2544.9166666666665,1,945.0,2026-09-23T15:05:05Z,semo_pub_dailyloadfcst_202609231505,2544.9166666666665,1,4564.0,2026-09-23T15:05:05Z,semo_pub_dailyloadfcst_202609231505,2544.9166666666665,1,500.0,2026-09-23T06:00:11Z,semo_pub_dailyintconntc_202609230600,3089.8166666666666,1,530.0,2026-09-23T06:00:11Z,semo_pub_dailyintconntc_202609230600,3089.8166666666666,1,513.0,2026-09-23T06:00:11Z,semo_pub_dailyintconntc_202609230600,3089.8166666666666,1,500.0,2026-09-23T06:00:11Z,semo_pub_dailyintconntc_202609230600,3089.8166666666666,1,500.0,2026-09-23T06:00:11Z,semo_pub_dailyintconntc_202609230600,3089.8166666666666,1,504.0,2026-09-23T06:00:11Z,semo_pub_dailyintconntc_202609230600,3089.8166666666666,1,,,,,0,878.33,2026-09-23T12:23:53Z,semo_pub_15minaggwindfcst_202609231223,2706.116666666667,1,0,4193.018,1419.814,2.08,204.605,254.74650000000003,372.545,0.5236000000000001,2026-08-31T23:00:00Z,35190.0,1,,,,0,1,1,1,1,1,1,1,1,1,,,,,,,,,,,831.8965000000001,,,,284,9.144509237601982,27.0,0.0,19,192.22542776287557,939.116,0.0,0,,,,,,,,,,,,,,,,,,,,,,,,,,,,,,,,,,,,,,,,,,,,,,,,,,,,0,0,0,0,0,0,0,0,0,0,0,0,0,0,0,0,0,0,0,0,0,0,0,0,0,0,0,1,1,1,0,0,0,1,1,1,1,1,1,1,1,1,1,1,1,1,1,1,1,0,0,0,0,0,0,1,1,1,1,1,1,1,1,1,1,1,1,1,1,1,1,1,1,1,1,1,1,1,1,1,1,1,1,1,1,1,1,1,1,1,1,1,1,1,1,1,1,1,1,1,1,1,1,1,1,1
2026-09-25T10:30:00Z,2026-09-25T09:30:00Z,60,5498.0,2026-09-23T15:05:05Z,semo_pub_dailyloadfcst_202609231505,2544.9166666666665,1,932.0,2026-09-23T15:05:05Z,semo_pub_dailyloadfcst_202609231505,2544.9166666666665,1,4566.0,2026-09-23T15:05:05Z,semo_pub_dailyloadfcst_202609231505,2544.9166666666665,1,,,,,0,,,,,0,,,,,0,,,,,0,,,,,0,,,,,0,,,,,0,936.989,2026-09-23T12:23:53Z,semo_pub_15minaggwindfcst_202609231223,2706.116666666667,1,0,4193.018,1419.814,2.08,204.605,254.74650000000003,372.545,0.5236000000000001,2026-08-31T23:00:00Z,35190.0,1,,,,0,1,1,1,1,1,1,1,1,1,,,,,,,,,,,831.8965000000001,,,,284,9.011043583679465,27.0,0.0,19,204.7602383132655,997.543,0.0,0,,,,,,,,,,,,,,,,,,,,,,,,,,,,,,,,,,,,,,,,,,,,,,,,,,,,0,0,0,0,0,0,0,0,0,1,1,1,1,1,1,1,1,1,1,1,1,1,1,1,1,1,1,1,1,1,0,0,0,1,1,1,1,1,1,1,1,1,1,1,1,1,1,1,1,0,0,0,0,0,0,1,1,1,1,1,1,1,1,1,1,1,1,1,1,1,1,1,1,1,1,1,1,1,1,1,1,1,1,1,1,1,1,1,1,1,1,1,1,1,1,1,1,1,1,1,1,1,1,1,1,1
2026-09-25T10:30:00Z,2026-09-25T10:00:00Z,30,5498.0,2026-09-23T15:05:05Z,semo_pub_dailyloadfcst_202609231505,2574.9166666666665,1,932.0,2026-09-23T15:05:05Z,semo_pub_dailyloadfcst_202609231505,2574.9166666666665,1,4566.0,2026-09-23T15:05:05Z,semo_pub_dailyloadfcst_202609231505,2574.9166666666665,1,,,,,0,,,,,0,,,,,0,,,,,0,,,,,0,,,,,0,,,,,0,936.989,2026-09-23T12:23:53Z,semo_pub_15minaggwindfcst_202609231223,2736.116666666667,1,0,4193.018,1419.814,2.08,204.605,254.74650000000003,372.545,0.5236000000000001,2026-08-31T23:00:00Z,35220.0,1,,,,0,1,1,1,1,1,1,1,1,1,,,,,,,,,,,831.8965000000001,,,,284,9.011043583679465,27.0,0.0,19,204.7602383132655,997.543,0.0,0,,,,,,,,,,,,,,,,,,,,,,,,,,,,,,,,,,,,,,,,,,,,,,,,,,,,0,0,0,0,0,0,0,0,0,1,1,1,1,1,1,1,1,1,1,1,1,1,1,1,1,1,1,1,1,1,0,0,0,1,1,1,1,1,1,1,1,1,1,1,1,1,1,1,1,0,0,0,0,0,0,1,1,1,1,1,1,1,1,1,1,1,1,1,1,1,1,1,1,1,1,1,1,1,1,1,1,1,1,1,1,1,1,1,1,1,1,1,1,1,1,1,1,1,1,1,1,1,1,1,1,1
2026-09-25T11:00:00Z,2026-09-25T10:00:00Z,60,5501.0,2026-09-23T15:05:05Z,semo_pub_dailyloadfcst_202609231505,2574.9166666666665,1,897.0,2026-09-23T15:05:05Z,semo_pub_dailyloadfcst_202609231505,2574.9166666666665,1,4604.0,2026-09-23T15:05:05Z,semo_pub_dailyloadfcst_202609231505,2574.9166666666665,1,500.0,2026-09-23T06:00:11Z,semo_pub_dailyintconntc_202609230600,3119.8166666666666,1,530.0,2026-09-23T06:00:11Z,semo_pub_dailyintconntc_202609230600,3119.8166666666666,1,513.0,2026-09-23T06:00:11Z,semo_pub_dailyintconntc_202609230600,3119.8166666666666,1,500.0,2026-09-23T06:00:11Z,semo_pub_dailyintconntc_202609230600,3119.8166666666666,1,500.0,2026-09-23T06:00:11Z,semo_pub_dailyintconntc_202609230600,3119.8166666666666,1,504.0,2026-09-23T06:00:11Z,semo_pub_dailyintconntc_202609230600,3119.8166666666666,1,,,,,0,995.668,2026-09-23T12:23:53Z,semo_pub_15minaggwindfcst_202609231223,2736.116666666667,1,0,4193.018,1419.814,2.08,204.605,254.74650000000003,372.545,0.5236000000000001,2026-08-31T23:00:00Z,35220.0,1,,,,0,1,1,1,1,1,1,1,1,1,,,,,,,,,,,831.8965000000001,,,,284,6.18319484027882,17.0,0.0,19,217.68501004361724,1078.521,0.0,0,,,,,,,,,,,,,,,,,,,,,,,,,,,,,,,,,,,,,,,,,,,,,,,,,,,,0,0,0,0,0,0,0,0,0,0,0,0,0,0,0,0,0,0,0,0,0,0,0,0,0,0,0,1,1,1,0,0,0,1,1,1,1,1,1,1,1,1,1,1,1,1,1,1,1,0,0,0,0,0,0,1,1,1,1,1,1,1,1,1,1,1,1,1,1,1,1,1,1,1,1,1,1,1,1,1,1,1,1,1,1,1,1,1,1,1,1,1,1,1,1,1,1,1,1,1,1,1,1,1,1,1
2026-09-25T11:00:00Z,2026-09-25T10:30:00Z,30,5501.0,2026-09-23T15:05:05Z,semo_pub_dailyloadfcst_202609231505,2604.9166666666665,1,897.0,2026-09-23T15:05:05Z,semo_pub_dailyloadfcst_202609231505,2604.9166666666665,1,4604.0,2026-09-23T15:05:05Z,semo_pub_dailyloadfcst_202609231505,2604.9166666666665,1,500.0,2026-09-23T06:00:11Z,semo_pub_dailyintconntc_202609230600,3149.8166666666666,1,530.0,2026-09-23T06:00:11Z,semo_pub_dailyintconntc_202609230600,3149.8166666666666,1,513.0,2026-09-23T06:00:11Z,semo_pub_dailyintconntc_202609230600,3149.8166666666666,1,500.0,2026-09-23T06:00:11Z,semo_pub_dailyintconntc_202609230600,3149.8166666666666,1,500.0,2026-09-23T06:00:11Z,semo_pub_dailyintconntc_202609230600,3149.8166666666666,1,504.0,2026-09-23T06:00:11Z,semo_pub_dailyintconntc_202609230600,3149.8166666666666,1,,,,,0,995.668,2026-09-23T12:23:53Z,semo_pub_15minaggwindfcst_202609231223,2766.116666666667,1,0,4193.018,1419.814,2.08,204.605,254.74650000000003,372.545,0.5236000000000001,2026-08-31T23:00:00Z,35250.0,1,,,,0,1,1,1,1,1,1,1,1,1,,,,,,,,,,,831.8965000000001,,,,284,6.18319484027882,17.0,0.0,19,217.68501004361724,1078.521,0.0,0,,,,,,,,,,,,,,,,,,,,,,,,,,,,,,,,,,,,,,,,,,,,,,,,,,,,0,0,0,0,0,0,0,0,0,0,0,0,0,0,0,0,0,0,0,0,0,0,0,0,0,0,0,1,1,1,0,0,0,1,1,1,1,1,1,1,1,1,1,1,1,1,1,1,1,0,0,0,0,0,0,1,1,1,1,1,1,1,1,1,1,1,1,1,1,1,1,1,1,1,1,1,1,1,1,1,1,1,1,1,1,1,1,1,1,1,1,1,1,1,1,1,1,1,1,1,1,1,1,1,1,1
2026-09-25T11:30:00Z,2026-09-25T10:30:00Z,60,5482.0,2026-09-23T15:05:05Z,semo_pub_dailyloadfcst_202609231505,2604.9166666666665,1,898.0,2026-09-23T15:05:05Z,semo_pub_dailyloadfcst_202609231505,2604.9166666666665,1,4584.0,2026-09-23T15:05:05Z,semo_pub_dailyloadfcst_202609231505,2604.9166666666665,1,,,,,0,,,,,0,,,,,0,,,,,0,,,,,0,,,,,0,,,,,0,1051.513,2026-09-23T12:23:53Z,semo_pub_15minaggwindfcst_202609231223,2766.116666666667,1,0,4193.018,1419.814,2.08,204.605,254.74650000000003,372.545,0.5236000000000001,2026-08-31T23:00:00Z,35250.0,1,,,,0,1,1,1,1,1,1,1,1,1,,,,,,,,,,,831.8965000000001,,,,284,5.909449461490397,17.0,0.0,19,224.72835336826589,1125.6570000000002,0.0,0,,,,,,,,,,,,,,,,,,,,,,,,,,,,,,,,,,,,,,,,,,,,,,,,,,,,0,0,0,0,0,0,0,0,0,1,1,1,1,1,1,1,1,1,1,1,1,1,1,1,1,1,1,1,1,1,0,0,0,1,1,1,1,1,1,1,1,1,1,1,1,1,1,1,1,0,0,0,0,0,0,1,1,1,1,1,1,1,1,1,1,1,1,1,1,1,1,1,1,1,1,1,1,1,1,1,1,1,1,1,1,1,1,1,1,1,1,1,1,1,1,1,1,1,1,1,1,1,1,1,1,1
2026-09-25T11:30:00Z,2026-09-25T11:00:00Z,30,5482.0,2026-09-23T15:05:05Z,semo_pub_dailyloadfcst_202609231505,2634.9166666666665,1,898.0,2026-09-23T15:05:05Z,semo_pub_dailyloadfcst_202609231505,2634.9166666666665,1,4584.0,2026-09-23T15:05:05Z,semo_pub_dailyloadfcst_202609231505,2634.9166666666665,1,,,,,0,,,,,0,,,,,0,,,,,0,,,,,0,,,,,0,,,,,0,1051.513,2026-09-23T12:23:53Z,semo_pub_15minaggwindfcst_202609231223,2796.116666666667,1,0,4193.018,1419.814,2.08,204.605,254.74650000000003,372.545,0.5236000000000001,2026-08-31T23:00:00Z,35280.0,1,,,,0,1,1,1,1,1,1,1,1,1,,,,,,,,,,,831.8965000000001,,,,284,5.909449461490397,17.0,0.0,19,224.72835336826589,1125.6570000000002,0.0,0,,,,,,,,,,,,,,,,,,,,,,,,,,,,,,,,,,,,,,,,,,,,,,,,,,,,0,0,0,0,0,0,0,0,0,1,1,1,1,1,1,1,1,1,1,1,1,1,1,1,1,1,1,1,1,1,0,0,0,1,1,1,1,1,1,1,1,1,1,1,1,1,1,1,1,0,0,0,0,0,0,1,1,1,1,1,1,1,1,1,1,1,1,1,1,1,1,1,1,1,1,1,1,1,1,1,1,1,1,1,1,1,1,1,1,1,1,1,1,1,1,1,1,1,1,1,1,1,1,1,1,1
2026-09-25T12:00:00Z,2026-09-25T11:00:00Z,60,5450.0,2026-09-23T15:05:05Z,semo_pub_dailyloadfcst_202609231505,2634.9166666666665,1,910.0,2026-09-23T15:05:05Z,semo_pub_dailyloadfcst_202609231505,2634.9166666666665,1,4540.0,2026-09-23T15:05:05Z,semo_pub_dailyloadfcst_202609231505,2634.9166666666665,1,500.0,2026-09-23T06:00:11Z,semo_pub_dailyintconntc_202609230600,3179.8166666666666,1,530.0,2026-09-23T06:00:11Z,semo_pub_dailyintconntc_202609230600,3179.8166666666666,1,513.0,2026-09-23T06:00:11Z,semo_pub_dailyintconntc_202609230600,3179.8166666666666,1,500.0,2026-09-23T06:00:11Z,semo_pub_dailyintconntc_202609230600,3179.8166666666666,1,500.0,2026-09-23T06:00:11Z,semo_pub_dailyintconntc_202609230600,3179.8166666666666,1,504.0,2026-09-23T06:00:11Z,semo_pub_dailyintconntc_202609230600,3179.8166666666666,1,,,,,0,1107.38,2026-09-23T12:23:53Z,semo_pub_15minaggwindfcst_202609231223,2796.116666666667,1,0,4193.018,1419.814,2.08,204.605,254.74650000000003,372.545,0.5236000000000001,2026-08-31T23:00:00Z,35280.0,1,,,,0,1,1,1,1,1,1,1,1,1,,,,,,,,,,,831.8965000000001,,,,284,6.284629317754158,18.0,0.0,19,232.25238129220608,1172.812,0.0,0,,,,,,,,,,,,,,,,,,,,,,,,,,,,,,,,,,,,,,,,,,,,,,,,,,,,0,0,0,0,0,0,0,0,0,0,0,0,0,0,0,0,0,0,0,0,0,0,0,0,0,0,0,1,1,1,0,0,0,1,1,1,1,1,1,1,1,1,1,1,1,1,1,1,1,0,0,0,0,0,0,1,1,1,1,1,1,1,1,1,1,1,1,1,1,1,1,1,1,1,1,1,1,1,1,1,1,1,1,1,1,1,1,1,1,1,1,1,1,1,1,1,1,1,1,1,1,1,1,1,1,1
2026-09-25T12:00:00Z,2026-09-25T11:30:00Z,30,5450.0,2026-09-23T15:05:05Z,semo_pub_dailyloadfcst_202609231505,2664.9166666666665,1,910.0,2026-09-23T15:05:05Z,semo_pub_dailyloadfcst_202609231505,2664.9166666666665,1,4540.0,2026-09-23T15:05:05Z,semo_pub_dailyloadfcst_202609231505,2664.9166666666665,1,500.0,2026-09-23T06:00:11Z,semo_pub_dailyintconntc_202609230600,3209.8166666666666,1,530.0,2026-09-23T06:00:11Z,semo_pub_dailyintconntc_202609230600,3209.8166666666666,1,513.0,2026-09-23T06:00:11Z,semo_pub_dailyintconntc_202609230600,3209.8166666666666,1,500.0,2026-09-23T06:00:11Z,semo_pub_dailyintconntc_202609230600,3209.8166666666666,1,500.0,2026-09-23T06:00:11Z,semo_pub_dailyintconntc_202609230600,3209.8166666666666,1,504.0,2026-09-23T06:00:11Z,semo_pub_dailyintconntc_202609230600,3209.8166666666666,1,,,,,0,1107.38,2026-09-23T12:23:53Z,semo_pub_15minaggwindfcst_202609231223,2826.116666666667,1,0,4193.018,1419.814,2.08,204.605,254.74650000000003,372.545,0.5236000000000001,2026-08-31T23:00:00Z,35310.0,1,,,,0,1,1,1,1,1,1,1,1,1,,,,,,,,,,,831.8965000000001,,,,284,6.284629317754158,18.0,0.0,19,232.25238129220608,1172.812,0.0,0,,,,,,,,,,,,,,,,,,,,,,,,,,,,,,,,,,,,,,,,,,,,,,,,,,,,0,0,0,0,0,0,0,0,0,0,0,0,0,0,0,0,0,0,0,0,0,0,0,0,0,0,0,1,1,1,0,0,0,1,1,1,1,1,1,1,1,1,1,1,1,1,1,1,1,0,0,0,0,0,0,1,1,1,1,1,1,1,1,1,1,1,1,1,1,1,1,1,1,1,1,1,1,1,1,1,1,1,1,1,1,1,1,1,1,1,1,1,1,1,1,1,1,1,1,1,1,1,1,1,1,1
2026-09-25T12:30:00Z,2026-09-25T11:30:00Z,60,5416.0,2026-09-23T15:05:05Z,semo_pub_dailyloadfcst_202609231505,2664.9166666666665,1,873.0,2026-09-23T15:05:05Z,semo_pub_dailyloadfcst_202609231505,2664.9166666666665,1,4543.0,2026-09-23T15:05:05Z,semo_pub_dailyloadfcst_202609231505,2664.9166666666665,1,,,,,0,,,,,0,,,,,0,,,,,0,,,,,0,,,,,0,,,,,0,1167.981,2026-09-23T12:23:53Z,semo_pub_15minaggwindfcst_202609231223,2826.116666666667,1,0,4193.018,1419.814,2.08,204.605,254.74650000000003,372.545,0.5236000000000001,2026-08-31T23:00:00Z,35310.0,1,,,,0,1,1,1,1,1,1,1,1,1,,,,,,,,,,,831.8965000000001,,,,284,6.345327369701645,17.0,0.0,19,235.789719708624,1195.267,0.0,0,,,,,,,,,,,,,,,,,,,,,,,,,,,,,,,,,,,,,,,,,,,,,,,,,,,,0,0,0,0,0,0,0,0,0,1,1,1,1,1,1,1,1,1,1,1,1,1,1,1,1,1,1,1,1,1,0,0,0,1,1,1,1,1,1,1,1,1,1,1,1,1,1,1,1,0,0,0,0,0,0,1,1,1,1,1,1,1,1,1,1,1,1,1,1,1,1,1,1,1,1,1,1,1,1,1,1,1,1,1,1,1,1,1,1,1,1,1,1,1,1,1,1,1,1,1,1,1,1,1,1,1
2026-09-25T12:30:00Z,2026-09-25T12:00:00Z,30,5416.0,2026-09-23T15:05:05Z,semo_pub_dailyloadfcst_202609231505,2694.9166666666665,1,873.0,2026-09-23T15:05:05Z,semo_pub_dailyloadfcst_202609231505,2694.9166666666665,1,4543.0,2026-09-23T15:05:05Z,semo_pub_dailyloadfcst_202609231505,2694.9166666666665,1,,,,,0,,,,,0,,,,,0,,,,,0,,,,,0,,,,,0,,,,,0,1167.981,2026-09-23T12:23:53Z,semo_pub_15minaggwindfcst_202609231223,2856.116666666667,1,0,4193.018,1419.814,2.08,204.605,254.74650000000003,372.545,0.5236000000000001,2026-08-31T23:00:00Z,35340.0,1,,,,0,1,1,1,1,1,1,1,1,1,,,,,,,,,,,831.8965000000001,,,,284,6.345327369701645,17.0,0.0,19,235.789719708624,1195.267,0.0,0,,,,,,,,,,,,,,,,,,,,,,,,,,,,,,,,,,,,,,,,,,,,,,,,,,,,0,0,0,0,0,0,0,0,0,1,1,1,1,1,1,1,1,1,1,1,1,1,1,1,1,1,1,1,1,1,0,0,0,1,1,1,1,1,1,1,1,1,1,1,1,1,1,1,1,0,0,0,0,0,0,1,1,1,1,1,1,1,1,1,1,1,1,1,1,1,1,1,1,1,1,1,1,1,1,1,1,1,1,1,1,1,1,1,1,1,1,1,1,1,1,1,1,1,1,1,1,1,1,1,1,1
2026-09-25T13:00:00Z,2026-09-25T12:00:00Z,60,5315.0,2026-09-23T15:05:05Z,semo_pub_dailyloadfcst_202609231505,2694.9166666666665,1,854.0,2026-09-23T15:05:05Z,semo_pub_dailyloadfcst_202609231505,2694.9166666666665,1,4461.0,2026-09-23T15:05:05Z,semo_pub_dailyloadfcst_202609231505,2694.9166666666665,1,500.0,2026-09-23T06:00:11Z,semo_pub_dailyintconntc_202609230600,3239.8166666666666,1,530.0,2026-09-23T06:00:11Z,semo_pub_dailyintconntc_202609230600,3239.8166666666666,1,513.0,2026-09-23T06:00:11Z,semo_pub_dailyintconntc_202609230600,3239.8166666666666,1,500.0,2026-09-23T06:00:11Z,semo_pub_dailyintconntc_202609230600,3239.8166666666666,1,500.0,2026-09-23T06:00:11Z,semo_pub_dailyintconntc_202609230600,3239.8166666666666,1,504.0,2026-09-23T06:00:11Z,semo_pub_dailyintconntc_202609230600,3239.8166666666666,1,,,,,0,1228.577,2026-09-23T12:23:53Z,semo_pub_15minaggwindfcst_202609231223,2856.116666666667,1,0,4193.018,1419.814,2.08,204.605,254.74650000000003,372.545,0.5236000000000001,2026-08-31T23:00:00Z,35340.0,1,,,,0,1,1,1,1,1,1,1,1,1,,,,,,,,,,,831.8965000000001,,,,284,8.108701589035556,20.0,0.0,17,229.05228744609965,1134.085,0.0,0,,,,,,,,,,,,,,,,,,,,,,,,,,,,,,,,,,,,,,,,,,,,,,,,,,,,0,0,0,0,0,0,0,0,0,0,0,0,0,0,0,0,0,0,0,0,0,0,0,0,0,0,0,1,1,1,0,0,0,1,1,1,1,1,1,1,1,1,1,1,1,1,1,1,1,0,0,0,0,0,0,1,1,1,1,1,1,1,1,1,1,1,1,1,1,1,1,1,1,1,1,1,1,1,1,1,1,1,1,1,1,1,1,1,1,1,1,1,1,1,1,1,1,1,1,1,1,1,1,1,1,1
2026-09-25T13:00:00Z,2026-09-25T12:30:00Z,30,5315.0,2026-09-23T15:05:05Z,semo_pub_dailyloadfcst_202609231505,2724.9166666666665,1,854.0,2026-09-23T15:05:05Z,semo_pub_dailyloadfcst_202609231505,2724.9166666666665,1,4461.0,2026-09-23T15:05:05Z,semo_pub_dailyloadfcst_202609231505,2724.9166666666665,1,500.0,2026-09-23T06:00:11Z,semo_pub_dailyintconntc_202609230600,3269.8166666666666,1,530.0,2026-09-23T06:00:11Z,semo_pub_dailyintconntc_202609230600,3269.8166666666666,1,513.0,2026-09-23T06:00:11Z,semo_pub_dailyintconntc_202609230600,3269.8166666666666,1,500.0,2026-09-23T06:00:11Z,semo_pub_dailyintconntc_202609230600,3269.8166666666666,1,500.0,2026-09-23T06:00:11Z,semo_pub_dailyintconntc_202609230600,3269.8166666666666,1,504.0,2026-09-23T06:00:11Z,semo_pub_dailyintconntc_202609230600,3269.8166666666666,1,,,,,0,1228.577,2026-09-23T12:23:53Z,semo_pub_15minaggwindfcst_202609231223,2886.116666666667,1,0,4193.018,1419.814,2.08,204.605,254.74650000000003,372.545,0.5236000000000001,2026-08-31T23:00:00Z,35370.0,1,,,,0,1,1,1,1,1,1,1,1,1,,,,,,,,,,,831.8965000000001,,,,284,8.108701589035556,20.0,0.0,17,229.05228744609965,1134.085,0.0,0,,,,,,,,,,,,,,,,,,,,,,,,,,,,,,,,,,,,,,,,,,,,,,,,,,,,0,0,0,0,0,0,0,0,0,0,0,0,0,0,0,0,0,0,0,0,0,0,0,0,0,0,0,1,1,1,0,0,0,1,1,1,1,1,1,1,1,1,1,1,1,1,1,1,1,0,0,0,0,0,0,1,1,1,1,1,1,1,1,1,1,1,1,1,1,1,1,1,1,1,1,1,1,1,1,1,1,1,1,1,1,1,1,1,1,1,1,1,1,1,1,1,1,1,1,1,1,1,1,1,1,1
2026-09-25T13:30:00Z,2026-09-25T12:30:00Z,60,5296.0,2026-09-23T15:05:05Z,semo_pub_dailyloadfcst_202609231505,2724.9166666666665,1,825.0,2026-09-23T15:05:05Z,semo_pub_dailyloadfcst_202609231505,2724.9166666666665,1,4471.0,2026-09-23T15:05:05Z,semo_pub_dailyloadfcst_202609231505,2724.9166666666665,1,,,,,0,,,,,0,,,,,0,,,,,0,,,,,0,,,,,0,,,,,0,1291.827,2026-09-23T12:23:53Z,semo_pub_15minaggwindfcst_202609231223,2886.116666666667,1,0,4193.018,1419.814,2.08,204.605,254.74650000000003,372.545,0.5236000000000001,2026-08-31T23:00:00Z,35370.0,1,,,,0,1,1,1,1,1,1,1,1,1,,,,,,,,,,,831.8965000000001,,,,284,5.966513710365623,17.0,0.0,17,237.01908570755867,1146.8829999999998,0.0,0,,,,,,,,,,,,,,,,,,,,,,,,,,,,,,,,,,,,,,,,,,,,,,,,,,,,0,0,0,0,0,0,0,0,0,1,1,1,1,1,1,1,1,1,1,1,1,1,1,1,1,1,1,1,1,1,0,0,0,1,1,1,1,1,1,1,1,1,1,1,1,1,1,1,1,0,0,0,0,0,0,1,1,1,1,1,1,1,1,1,1,1,1,1,1,1,1,1,1,1,1,1,1,1,1,1,1,1,1,1,1,1,1,1,1,1,1,1,1,1,1,1,1,1,1,1,1,1,1,1,1,1
2026-09-25T13:30:00Z,2026-09-25T13:00:00Z,30,5296.0,2026-09-23T15:05:05Z,semo_pub_dailyloadfcst_202609231505,2754.9166666666665,1,825.0,2026-09-23T15:05:05Z,semo_pub_dailyloadfcst_202609231505,2754.9166666666665,1,4471.0,2026-09-23T15:05:05Z,semo_pub_dailyloadfcst_202609231505,2754.9166666666665,1,,,,,0,,,,,0,,,,,0,,,,,0,,,,,0,,,,,0,,,,,0,1291.827,2026-09-23T12:23:53Z,semo_pub_15minaggwindfcst_202609231223,2916.116666666667,1,0,4193.018,1419.814,2.08,204.605,254.74650000000003,372.545,0.5236000000000001,2026-08-31T23:00:00Z,35400.0,1,,,,0,1,1,1,1,1,1,1,1,1,,,,,,,,,,,831.8965000000001,,,,284,5.966513710365623,17.0,0.0,17,237.01908570755867,1146.8829999999998,0.0,0,,,,,,,,,,,,,,,,,,,,,,,,,,,,,,,,,,,,,,,,,,,,,,,,,,,,0,0,0,0,0,0,0,0,0,1,1,1,1,1,1,1,1,1,1,1,1,1,1,1,1,1,1,1,1,1,0,0,0,1,1,1,1,1,1,1,1,1,1,1,1,1,1,1,1,0,0,0,0,0,0,1,1,1,1,1,1,1,1,1,1,1,1,1,1,1,1,1,1,1,1,1,1,1,1,1,1,1,1,1,1,1,1,1,1,1,1,1,1,1,1,1,1,1,1,1,1,1,1,1,1,1
2026-09-25T14:00:00Z,2026-09-25T13:00:00Z,60,5209.0,2026-09-23T15:05:05Z,semo_pub_dailyloadfcst_202609231505,2754.9166666666665,1,838.0,2026-09-23T15:05:05Z,semo_pub_dailyloadfcst_202609231505,2754.9166666666665,1,4371.0,2026-09-23T15:05:05Z,semo_pub_dailyloadfcst_202609231505,2754.9166666666665,1,500.0,2026-09-23T06:00:11Z,semo_pub_dailyintconntc_202609230600,3299.8166666666666,1,530.0,2026-09-23T06:00:11Z,semo_pub_dailyintconntc_202609230600,3299.8166666666666,1,513.0,2026-09-23T06:00:11Z,semo_pub_dailyintconntc_202609230600,3299.8166666666666,1,500.0,2026-09-23T06:00:11Z,semo_pub_dailyintconntc_202609230600,3299.8166666666666,1,500.0,2026-09-23T06:00:11Z,semo_pub_dailyintconntc_202609230600,3299.8166666666666,1,504.0,2026-09-23T06:00:11Z,semo_pub_dailyintconntc_202609230600,3299.8166666666666,1,,,,,0,1355.069,2026-09-23T12:23:53Z,semo_pub_15minaggwindfcst_202609231223,2916.116666666667,1,0,4193.018,1419.814,2.08,204.605,254.74650000000003,372.545,0.5236000000000001,2026-08-31T23:00:00Z,35400.0,1,,,,0,1,1,1,1,1,1,1,1,1,,,,,,,,,,,831.8965000000001,,,,284,7.734122667877553,18.0,0.0,17,246.66678552724932,1159.674,0.0,0,,,,,,,,,,,,,,,,,,,,,,,,,,,,,,,,,,,,,,,,,,,,,,,,,,,,0,0,0,0,0,0,0,0,0,0,0,0,0,0,0,0,0,0,0,0,0,0,0,0,0,0,0,1,1,1,0,0,0,1,1,1,1,1,1,1,1,1,1,1,1,1,1,1,1,0,0,0,0,0,0,1,1,1,1,1,1,1,1,1,1,1,1,1,1,1,1,1,1,1,1,1,1,1,1,1,1,1,1,1,1,1,1,1,1,1,1,1,1,1,1,1,1,1,1,1,1,1,1,1,1,1
2026-09-25T14:00:00Z,2026-09-25T13:30:00Z,30,5209.0,2026-09-23T15:05:05Z,semo_pub_dailyloadfcst_202609231505,2784.9166666666665,1,838.0,2026-09-23T15:05:05Z,semo_pub_dailyloadfcst_202609231505,2784.9166666666665,1,4371.0,2026-09-23T15:05:05Z,semo_pub_dailyloadfcst_202609231505,2784.9166666666665,1,500.0,2026-09-23T06:00:11Z,semo_pub_dailyintconntc_202609230600,3329.8166666666666,1,530.0,2026-09-23T06:00:11Z,semo_pub_dailyintconntc_202609230600,3329.8166666666666,1,513.0,2026-09-23T06:00:11Z,semo_pub_dailyintconntc_202609230600,3329.8166666666666,1,500.0,2026-09-23T06:00:11Z,semo_pub_dailyintconntc_202609230600,3329.8166666666666,1,500.0,2026-09-23T06:00:11Z,semo_pub_dailyintconntc_202609230600,3329.8166666666666,1,504.0,2026-09-23T06:00:11Z,semo_pub_dailyintconntc_202609230600,3329.8166666666666,1,,,,,0,1355.069,2026-09-23T12:23:53Z,semo_pub_15minaggwindfcst_202609231223,2946.116666666667,1,0,4193.018,1419.814,2.08,204.605,254.74650000000003,372.545,0.5236000000000001,2026-08-31T23:00:00Z,35430.0,1,,,,0,1,1,1,1,1,1,1,1,1,,,,,,,,,,,831.8965000000001,,,,284,7.734122667877553,18.0,0.0,17,246.66678552724932,1159.674,0.0,0,,,,,,,,,,,,,,,,,,,,,,,,,,,,,,,,,,,,,,,,,,,,,,,,,,,,0,0,0,0,0,0,0,0,0,0,0,0,0,0,0,0,0,0,0,0,0,0,0,0,0,0,0,1,1,1,0,0,0,1,1,1,1,1,1,1,1,1,1,1,1,1,1,1,1,0,0,0,0,0,0,1,1,1,1,1,1,1,1,1,1,1,1,1,1,1,1,1,1,1,1,1,1,1,1,1,1,1,1,1,1,1,1,1,1,1,1,1,1,1,1,1,1,1,1,1,1,1,1,1,1,1
2026-09-25T14:30:00Z,2026-09-25T13:30:00Z,60,5437.0,2026-09-23T15:05:05Z,semo_pub_dailyloadfcst_202609231505,2784.9166666666665,1,843.0,2026-09-23T15:05:05Z,semo_pub_dailyloadfcst_202609231505,2784.9166666666665,1,4594.0,2026-09-23T15:05:05Z,semo_pub_dailyloadfcst_202609231505,2784.9166666666665,1,,,,,0,,,,,0,,,,,0,,,,,0,,,,,0,,,,,0,,,,,0,1394.285,2026-09-23T12:23:53Z,semo_pub_15minaggwindfcst_202609231223,2946.116666666667,1,0,4193.018,1419.814,2.08,204.605,254.74650000000003,372.545,0.5236000000000001,2026-08-31T23:00:00Z,35430.0,1,,,,0,1,1,1,1,1,1,1,1,1,,,,,,,,,,,831.8965000000001,,,,284,7.330213831432268,17.0,0.0,17,253.69350596364222,1142.725,0.0,0,,,,,,,,,,,,,,,,,,,,,,,,,,,,,,,,,,,,,,,,,,,,,,,,,,,,0,0,0,0,0,0,0,0,0,1,1,1,1,1,1,1,1,1,1,1,1,1,1,1,1,1,1,1,1,1,0,0,0,1,1,1,1,1,1,1,1,1,1,1,1,1,1,1,1,0,0,0,0,0,0,1,1,1,1,1,1,1,1,1,1,1,1,1,1,1,1,1,1,1,1,1,1,1,1,1,1,1,1,1,1,1,1,1,1,1,1,1,1,1,1,1,1,1,1,1,1,1,1,1,1,1
2026-09-25T14:30:00Z,2026-09-25T14:00:00Z,30,5437.0,2026-09-23T15:05:05Z,semo_pub_dailyloadfcst_202609231505,2814.9166666666665,1,843.0,2026-09-23T15:05:05Z,semo_pub_dailyloadfcst_202609231505,2814.9166666666665,1,4594.0,2026-09-23T15:05:05Z,semo_pub_dailyloadfcst_202609231505,2814.9166666666665,1,,,,,0,,,,,0,,,,,0,,,,,0,,,,,0,,,,,0,,,,,0,1394.285,2026-09-23T12:23:53Z,semo_pub_15minaggwindfcst_202609231223,2976.116666666667,1,0,4193.018,1419.814,2.08,204.605,254.74650000000003,372.545,0.5236000000000001,2026-08-31T23:00:00Z,35460.0,1,,,,0,1,1,1,1,1,1,1,1,1,,,,,,,,,,,831.8965000000001,,,,284,7.330213831432268,17.0,0.0,17,253.69350596364222,1142.725,0.0,0,,,,,,,,,,,,,,,,,,,,,,,,,,,,,,,,,,,,,,,,,,,,,,,,,,,,0,0,0,0,0,0,0,0,0,1,1,1,1,1,1,1,1,1,1,1,1,1,1,1,1,1,1,1,1,1,0,0,0,1,1,1,1,1,1,1,1,1,1,1,1,1,1,1,1,0,0,0,0,0,0,1,1,1,1,1,1,1,1,1,1,1,1,1,1,1,1,1,1,1,1,1,1,1,1,1,1,1,1,1,1,1,1,1,1,1,1,1,1,1,1,1,1,1,1,1,1,1,1,1,1,1
2026-09-25T15:00:00Z,2026-09-25T14:00:00Z,60,5575.0,2026-09-23T15:05:05Z,semo_pub_dailyloadfcst_202609231505,2814.9166666666665,1,846.0,2026-09-23T15:05:05Z,semo_pub_dailyloadfcst_202609231505,2814.9166666666665,1,4729.0,2026-09-23T15:05:05Z,semo_pub_dailyloadfcst_202609231505,2814.9166666666665,1,500.0,2026-09-23T06:00:11Z,semo_pub_dailyintconntc_202609230600,3359.8166666666666,1,530.0,2026-09-23T06:00:11Z,semo_pub_dailyintconntc_202609230600,3359.8166666666666,1,513.0,2026-09-23T06:00:11Z,semo_pub_dailyintconntc_202609230600,3359.8166666666666,1,500.0,2026-09-23T06:00:11Z,semo_pub_dailyintconntc_202609230600,3359.8166666666666,1,500.0,2026-09-23T06:00:11Z,semo_pub_dailyintconntc_202609230600,3359.8166666666666,1,504.0,2026-09-23T06:00:11Z,semo_pub_dailyintconntc_202609230600,3359.8166666666666,1,,,,,0,1433.506,2026-09-23T12:23:53Z,semo_pub_15minaggwindfcst_202609231223,2976.116666666667,1,0,4193.018,1419.814,2.08,204.605,254.74650000000003,372.545,0.5236000000000001,2026-08-31T23:00:00Z,35460.0,1,,,,0,1,1,1,1,1,1,1,1,1,,,,,,,,,,,831.8965000000001,,,,284,7.805520042019226,19.0,0.0,17,262.58707878382256,1125.782,0.0,0,,,,,,,,,,,,,,,,,,,,,,,,,,,,,,,,,,,,,,,,,,,,,,,,,,,,0,0,0,0,0,0,0,0,0,0,0,0,0,0,0,0,0,0,0,0,0,0,0,0,0,0,0,1,1,1,0,0,0,1,1,1,1,1,1,1,1,1,1,1,1,1,1,1,1,0,0,0,0,0,0,1,1,1,1,1,1,1,1,1,1,1,1,1,1,1,1,1,1,1,1,1,1,1,1,1,1,1,1,1,1,1,1,1,1,1,1,1,1,1,1,1,1,1,1,1,1,1,1,1,1,1
2026-09-25T15:00:00Z,2026-09-25T14:30:00Z,30,5575.0,2026-09-23T15:05:05Z,semo_pub_dailyloadfcst_202609231505,2844.9166666666665,1,846.0,2026-09-23T15:05:05Z,semo_pub_dailyloadfcst_202609231505,2844.9166666666665,1,4729.0,2026-09-23T15:05:05Z,semo_pub_dailyloadfcst_202609231505,2844.9166666666665,1,500.0,2026-09-23T06:00:11Z,semo_pub_dailyintconntc_202609230600,3389.8166666666666,1,530.0,2026-09-23T06:00:11Z,semo_pub_dailyintconntc_202609230600,3389.8166666666666,1,513.0,2026-09-23T06:00:11Z,semo_pub_dailyintconntc_202609230600,3389.8166666666666,1,500.0,2026-09-23T06:00:11Z,semo_pub_dailyintconntc_202609230600,3389.8166666666666,1,500.0,2026-09-23T06:00:11Z,semo_pub_dailyintconntc_202609230600,3389.8166666666666,1,504.0,2026-09-23T06:00:11Z,semo_pub_dailyintconntc_202609230600,3389.8166666666666,1,,,,,0,1433.506,2026-09-23T12:23:53Z,semo_pub_15minaggwindfcst_202609231223,3006.116666666667,1,0,4193.018,1419.814,2.08,204.605,254.74650000000003,372.545,0.5236000000000001,2026-08-31T23:00:00Z,35490.0,1,,,,0,1,1,1,1,1,1,1,1,1,,,,,,,,,,,831.8965000000001,,,,284,7.805520042019226,19.0,0.0,17,262.58707878382256,1125.782,0.0,0,,,,,,,,,,,,,,,,,,,,,,,,,,,,,,,,,,,,,,,,,,,,,,,,,,,,0,0,0,0,0,0,0,0,0,0,0,0,0,0,0,0,0,0,0,0,0,0,0,0,0,0,0,1,1,1,0,0,0,1,1,1,1,1,1,1,1,1,1,1,1,1,1,1,1,0,0,0,0,0,0,1,1,1,1,1,1,1,1,1,1,1,1,1,1,1,1,1,1,1,1,1,1,1,1,1,1,1,1,1,1,1,1,1,1,1,1,1,1,1,1,1,1,1,1,1,1,1,1,1,1,1
2026-09-25T15:30:00Z,2026-09-25T14:30:00Z,60,5665.0,2026-09-23T15:05:05Z,semo_pub_dailyloadfcst_202609231505,2844.9166666666665,1,885.0,2026-09-23T15:05:05Z,semo_pub_dailyloadfcst_202609231505,2844.9166666666665,1,4780.0,2026-09-23T15:05:05Z,semo_pub_dailyloadfcst_202609231505,2844.9166666666665,1,,,,,0,,,,,0,,,,,0,,,,,0,,,,,0,,,,,0,,,,,0,1457.884,2026-09-23T12:23:53Z,semo_pub_15minaggwindfcst_202609231223,3006.116666666667,1,0,4193.018,1419.814,2.08,204.605,254.74650000000003,372.545,0.5236000000000001,2026-08-31T23:00:00Z,35490.0,1,,,,0,1,1,1,1,1,1,1,1,1,,,,,,,,,,,831.8965000000001,,,,284,7.694785105116698,18.0,0.0,17,268.57891907730504,1149.5720000000001,0.0,0,,,,,,,,,,,,,,,,,,,,,,,,,,,,,,,,,,,,,,,,,,,,,,,,,,,,0,0,0,0,0,0,0,0,0,1,1,1,1,1,1,1,1,1,1,1,1,1,1,1,1,1,1,1,1,1,0,0,0,1,1,1,1,1,1,1,1,1,1,1,1,1,1,1,1,0,0,0,0,0,0,1,1,1,1,1,1,1,1,1,1,1,1,1,1,1,1,1,1,1,1,1,1,1,1,1,1,1,1,1,1,1,1,1,1,1,1,1,1,1,1,1,1,1,1,1,1,1,1,1,1,1
2026-09-25T15:30:00Z,2026-09-25T15:00:00Z,30,5665.0,2026-09-23T15:05:05Z,semo_pub_dailyloadfcst_202609231505,2874.9166666666665,1,885.0,2026-09-23T15:05:05Z,semo_pub_dailyloadfcst_202609231505,2874.9166666666665,1,4780.0,2026-09-23T15:05:05Z,semo_pub_dailyloadfcst_202609231505,2874.9166666666665,1,,,,,0,,,,,0,,,,,0,,,,,0,,,,,0,,,,,0,,,,,0,1457.884,2026-09-23T12:23:53Z,semo_pub_15minaggwindfcst_202609231223,3036.116666666667,1,0,4193.018,1419.814,2.08,204.605,254.74650000000003,372.545,0.5236000000000001,2026-08-31T23:00:00Z,35520.0,1,,,,0,1,1,1,1,1,1,1,1,1,,,,,,,,,,,831.8965000000001,,,,284,7.694785105116698,18.0,0.0,17,268.57891907730504,1149.5720000000001,0.0,0,,,,,,,,,,,,,,,,,,,,,,,,,,,,,,,,,,,,,,,,,,,,,,,,,,,,0,0,0,0,0,0,0,0,0,1,1,1,1,1,1,1,1,1,1,1,1,1,1,1,1,1,1,1,1,1,0,0,0,1,1,1,1,1,1,1,1,1,1,1,1,1,1,1,1,0,0,0,0,0,0,1,1,1,1,1,1,1,1,1,1,1,1,1,1,1,1,1,1,1,1,1,1,1,1,1,1,1,1,1,1,1,1,1,1,1,1,1,1,1,1,1,1,1,1,1,1,1,1,1,1,1
2026-09-25T16:00:00Z,2026-09-25T15:00:00Z,60,5929.0,2026-09-23T15:05:05Z,semo_pub_dailyloadfcst_202609231505,2874.9166666666665,1,897.0,2026-09-23T15:05:05Z,semo_pub_dailyloadfcst_202609231505,2874.9166666666665,1,5032.0,2026-09-23T15:05:05Z,semo_pub_dailyloadfcst_202609231505,2874.9166666666665,1,500.0,2026-09-23T06:00:11Z,semo_pub_dailyintconntc_202609230600,3419.8166666666666,1,530.0,2026-09-23T06:00:11Z,semo_pub_dailyintconntc_202609230600,3419.8166666666666,1,513.0,2026-09-23T06:00:11Z,semo_pub_dailyintconntc_202609230600,3419.8166666666666,1,500.0,2026-09-23T06:00:11Z,semo_pub_dailyintconntc_202609230600,3419.8166666666666,1,500.0,2026-09-23T06:00:11Z,semo_pub_dailyintconntc_202609230600,3419.8166666666666,1,504.0,2026-09-23T06:00:11Z,semo_pub_dailyintconntc_202609230600,3419.8166666666666,1,,,,,0,1482.234,2026-09-23T12:23:53Z,semo_pub_15minaggwindfcst_202609231223,3036.116666666667,1,0,4193.018,1419.814,2.08,204.605,254.74650000000003,372.545,0.5236000000000001,2026-08-31T23:00:00Z,35520.0,1,,,,0,1,1,1,1,1,1,1,1,1,,,,,,,,,,,831.8965000000001,,,,284,8.214814389943209,25.0,0.0,17,277.2531624225431,1181.818,0.0,0,,,,,,,,,,,,,,,,,,,,,,,,,,,,,,,,,,,,,,,,,,,,,,,,,,,,0,0,0,0,0,0,0,0,0,0,0,0,0,0,0,0,0,0,0,0,0,0,0,0,0,0,0,1,1,1,0,0,0,1,1,1,1,1,1,1,1,1,1,1,1,1,1,1,1,0,0,0,0,0,0,1,1,1,1,1,1,1,1,1,1,1,1,1,1,1,1,1,1,1,1,1,1,1,1,1,1,1,1,1,1,1,1,1,1,1,1,1,1,1,1,1,1,1,1,1,1,1,1,1,1,1
2026-09-25T16:00:00Z,2026-09-25T15:30:00Z,30,5929.0,2026-09-23T15:05:05Z,semo_pub_dailyloadfcst_202609231505,2904.9166666666665,1,897.0,2026-09-23T15:05:05Z,semo_pub_dailyloadfcst_202609231505,2904.9166666666665,1,5032.0,2026-09-23T15:05:05Z,semo_pub_dailyloadfcst_202609231505,2904.9166666666665,1,500.0,2026-09-23T06:00:11Z,semo_pub_dailyintconntc_202609230600,3449.8166666666666,1,530.0,2026-09-23T06:00:11Z,semo_pub_dailyintconntc_202609230600,3449.8166666666666,1,513.0,2026-09-23T06:00:11Z,semo_pub_dailyintconntc_202609230600,3449.8166666666666,1,500.0,2026-09-23T06:00:11Z,semo_pub_dailyintconntc_202609230600,3449.8166666666666,1,500.0,2026-09-23T06:00:11Z,semo_pub_dailyintconntc_202609230600,3449.8166666666666,1,504.0,2026-09-23T06:00:11Z,semo_pub_dailyintconntc_202609230600,3449.8166666666666,1,,,,,0,1482.234,2026-09-23T12:23:53Z,semo_pub_15minaggwindfcst_202609231223,3066.116666666667,1,0,4193.018,1419.814,2.08,204.605,254.74650000000003,372.545,0.5236000000000001,2026-08-31T23:00:00Z,35550.0,1,,,,0,1,1,1,1,1,1,1,1,1,,,,,,,,,,,831.8965000000001,,,,284,8.214814389943209,25.0,0.0,17,277.2531624225431,1181.818,0.0,0,,,,,,,,,,,,,,,,,,,,,,,,,,,,,,,,,,,,,,,,,,,,,,,,,,,,0,0,0,0,0,0,0,0,0,0,0,0,0,0,0,0,0,0,0,0,0,0,0,0,0,0,0,1,1,1,0,0,0,1,1,1,1,1,1,1,1,1,1,1,1,1,1,1,1,0,0,0,0,0,0,1,1,1,1,1,1,1,1,1,1,1,1,1,1,1,1,1,1,1,1,1,1,1,1,1,1,1,1,1,1,1,1,1,1,1,1,1,1,1,1,1,1,1,1,1,1,1,1,1,1,1
2026-09-25T16:30:00Z,2026-09-25T15:30:00Z,60,6035.0,2026-09-23T15:05:05Z,semo_pub_dailyloadfcst_202609231505,2904.9166666666665,1,927.0,2026-09-23T15:05:05Z,semo_pub_dailyloadfcst_202609231505,2904.9166666666665,1,5108.0,2026-09-23T15:05:05Z,semo_pub_dailyloadfcst_202609231505,2904.9166666666665,1,,,,,0,,,,,0,,,,,0,,,,,0,,,,,0,,,,,0,,,,,0,1515.712,2026-09-23T12:23:53Z,semo_pub_15minaggwindfcst_202609231223,3066.116666666667,1,0,4193.018,1419.814,2.08,204.605,254.74650000000003,372.545,0.5236000000000001,2026-08-31T23:00:00Z,35550.0,1,,,,0,1,1,1,1,1,1,1,1,1,,,,,,,,,,,831.8965000000001,,,,284,8.910531822826405,26.0,0.0,17,291.272304514172,1238.598,0.0,0,,,,,,,,,,,,,,,,,,,,,,,,,,,,,,,,,,,,,,,,,,,,,,,,,,,,0,0,0,0,0,0,0,0,0,1,1,1,1,1,1,1,1,1,1,1,1,1,1,1,1,1,1,1,1,1,0,0,0,1,1,1,1,1,1,1,1,1,1,1,1,1,1,1,1,0,0,0,0,0,0,1,1,1,1,1,1,1,1,1,1,1,1,1,1,1,1,1,1,1,1,1,1,1,1,1,1,1,1,1,1,1,1,1,1,1,1,1,1,1,1,1,1,1,1,1,1,1,1,1,1,1
2026-09-25T16:30:00Z,2026-09-25T16:00:00Z,30,6035.0,2026-09-23T15:05:05Z,semo_pub_dailyloadfcst_202609231505,2934.9166666666665,1,927.0,2026-09-23T15:05:05Z,semo_pub_dailyloadfcst_202609231505,2934.9166666666665,1,5108.0,2026-09-23T15:05:05Z,semo_pub_dailyloadfcst_202609231505,2934.9166666666665,1,,,,,0,,,,,0,,,,,0,,,,,0,,,,,0,,,,,0,,,,,0,1515.712,2026-09-23T12:23:53Z,semo_pub_15minaggwindfcst_202609231223,3096.116666666667,1,0,4193.018,1419.814,2.08,204.605,254.74650000000003,372.545,0.5236000000000001,2026-08-31T23:00:00Z,35580.0,1,,,,0,1,1,1,1,1,1,1,1,1,,,,,,,,,,,831.8965000000001,,,,284,8.910531822826405,26.0,0.0,17,291.272304514172,1238.598,0.0,0,,,,,,,,,,,,,,,,,,,,,,,,,,,,,,,,,,,,,,,,,,,,,,,,,,,,0,0,0,0,0,0,0,0,0,1,1,1,1,1,1,1,1,1,1,1,1,1,1,1,1,1,1,1,1,1,0,0,0,1,1,1,1,1,1,1,1,1,1,1,1,1,1,1,1,0,0,0,0,0,0,1,1,1,1,1,1,1,1,1,1,1,1,1,1,1,1,1,1,1,1,1,1,1,1,1,1,1,1,1,1,1,1,1,1,1,1,1,1,1,1,1,1,1,1,1,1,1,1,1,1,1
2026-09-25T17:00:00Z,2026-09-25T16:00:00Z,60,5826.0,2026-09-23T15:05:05Z,semo_pub_dailyloadfcst_202609231505,2934.9166666666665,1,953.0,2026-09-23T15:05:05Z,semo_pub_dailyloadfcst_202609231505,2934.9166666666665,1,4873.0,2026-09-23T15:05:05Z,semo_pub_dailyloadfcst_202609231505,2934.9166666666665,1,500.0,2026-09-23T06:00:11Z,semo_pub_dailyintconntc_202609230600,3479.8166666666666,1,530.0,2026-09-23T06:00:11Z,semo_pub_dailyintconntc_202609230600,3479.8166666666666,1,513.0,2026-09-23T06:00:11Z,semo_pub_dailyintconntc_202609230600,3479.8166666666666,1,500.0,2026-09-23T06:00:11Z,semo_pub_dailyintconntc_202609230600,3479.8166666666666,1,500.0,2026-09-23T06:00:11Z,semo_pub_dailyintconntc_202609230600,3479.8166666666666,1,504.0,2026-09-23T06:00:11Z,semo_pub_dailyintconntc_202609230600,3479.8166666666666,1,,,,,0,1549.191,2026-09-23T12:23:53Z,semo_pub_15minaggwindfcst_202609231223,3096.116666666667,1,0,4193.018,1419.814,2.08,204.605,254.74650000000003,372.545,0.5236000000000001,2026-08-31T23:00:00Z,35580.0,1,,,,0,1,1,1,1,1,1,1,1,1,,,,,,,,,,,831.8965000000001,,,,284,8.442680316252419,23.0,0.0,17,310.11311964858874,1295.373,0.0,0,,,,,,,,,,,,,,,,,,,,,,,,,,,,,,,,,,,,,,,,,,,,,,,,,,,,0,0,0,0,0,0,0,0,0,0,0,0,0,0,0,0,0,0,0,0,0,0,0,0,0,0,0,1,1,1,0,0,0,1,1,1,1,1,1,1,1,1,1,1,1,1,1,1,1,0,0,0,0,0,0,1,1,1,1,1,1,1,1,1,1,1,1,1,1,1,1,1,1,1,1,1,1,1,1,1,1,1,1,1,1,1,1,1,1,1,1,1,1,1,1,1,1,1,1,1,1,1,1,1,1,1
2026-09-25T17:00:00Z,2026-09-25T16:30:00Z,30,5826.0,2026-09-23T15:05:05Z,semo_pub_dailyloadfcst_202609231505,2964.9166666666665,1,953.0,2026-09-23T15:05:05Z,semo_pub_dailyloadfcst_202609231505,2964.9166666666665,1,4873.0,2026-09-23T15:05:05Z,semo_pub_dailyloadfcst_202609231505,2964.9166666666665,1,500.0,2026-09-23T06:00:11Z,semo_pub_dailyintconntc_202609230600,3509.8166666666666,1,530.0,2026-09-23T06:00:11Z,semo_pub_dailyintconntc_202609230600,3509.8166666666666,1,513.0,2026-09-23T06:00:11Z,semo_pub_dailyintconntc_202609230600,3509.8166666666666,1,500.0,2026-09-23T06:00:11Z,semo_pub_dailyintconntc_202609230600,3509.8166666666666,1,500.0,2026-09-23T06:00:11Z,semo_pub_dailyintconntc_202609230600,3509.8166666666666,1,504.0,2026-09-23T06:00:11Z,semo_pub_dailyintconntc_202609230600,3509.8166666666666,1,,,,,0,1549.191,2026-09-23T12:23:53Z,semo_pub_15minaggwindfcst_202609231223,3126.116666666667,1,0,4193.018,1419.814,2.08,204.605,254.74650000000003,372.545,0.5236000000000001,2026-08-31T23:00:00Z,35610.0,1,,,,0,1,1,1,1,1,1,1,1,1,,,,,,,,,,,831.8965000000001,,,,284,8.442680316252419,23.0,0.0,17,310.11311964858874,1295.373,0.0,0,,,,,,,,,,,,,,,,,,,,,,,,,,,,,,,,,,,,,,,,,,,,,,,,,,,,0,0,0,0,0,0,0,0,0,0,0,0,0,0,0,0,0,0,0,0,0,0,0,0,0,0,0,1,1,1,0,0,0,1,1,1,1,1,1,1,1,1,1,1,1,1,1,1,1,0,0,0,0,0,0,1,1,1,1,1,1,1,1,1,1,1,1,1,1,1,1,1,1,1,1,1,1,1,1,1,1,1,1,1,1,1,1,1,1,1,1,1,1,1,1,1,1,1,1,1,1,1,1,1,1,1
2026-09-25T17:30:00Z,2026-09-25T16:30:00Z,60,6130.0,2026-09-23T15:05:05Z,semo_pub_dailyloadfcst_202609231505,2964.9166666666665,1,948.0,2026-09-23T15:05:05Z,semo_pub_dailyloadfcst_202609231505,2964.9166666666665,1,5182.0,2026-09-23T15:05:05Z,semo_pub_dailyloadfcst_202609231505,2964.9166666666665,1,,,,,0,,,,,0,,,,,0,,,,,0,,,,,0,,,,,0,,,,,0,1588.79,2026-09-23T12:23:53Z,semo_pub_15minaggwindfcst_202609231223,3126.116666666667,1,0,4193.018,1419.814,2.08,204.605,254.74650000000003,372.545,0.5236000000000001,2026-08-31T23:00:00Z,35610.0,1,,,,0,1,1,1,1,1,1,1,1,1,,,,,,,,,,,831.8965000000001,,,,284,8.797553355938524,24.0,0.0,17,327.2328830190118,1348.97,0.0,0,,,,,,,,,,,,,,,,,,,,,,,,,,,,,,,,,,,,,,,,,,,,,,,,,,,,0,0,0,0,0,0,0,0,0,1,1,1,1,1,1,1,1,1,1,1,1,1,1,1,1,1,1,1,1,1,0,0,0,1,1,1,1,1,1,1,1,1,1,1,1,1,1,1,1,0,0,0,0,0,0,1,1,1,1,1,1,1,1,1,1,1,1,1,1,1,1,1,1,1,1,1,1,1,1,1,1,1,1,1,1,1,1,1,1,1,1,1,1,1,1,1,1,1,1,1,1,1,1,1,1,1
2026-09-25T17:30:00Z,2026-09-25T17:00:00Z,30,6130.0,2026-09-23T15:05:05Z,semo_pub_dailyloadfcst_202609231505,2994.9166666666665,1,948.0,2026-09-23T15:05:05Z,semo_pub_dailyloadfcst_202609231505,2994.9166666666665,1,5182.0,2026-09-23T15:05:05Z,semo_pub_dailyloadfcst_202609231505,2994.9166666666665,1,,,,,0,,,,,0,,,,,0,,,,,0,,,,,0,,,,,0,,,,,0,1588.79,2026-09-23T12:23:53Z,semo_pub_15minaggwindfcst_202609231223,3156.116666666667,1,0,4193.018,1419.814,2.08,204.605,254.74650000000003,372.545,0.5236000000000001,2026-08-31T23:00:00Z,35640.0,1,,,,0,1,1,1,1,1,1,1,1,1,,,,,,,,,,,831.8965000000001,,,,284,8.797553355938524,24.0,0.0,17,327.2328830190118,1348.97,0.0,0,,,,,,,,,,,,,,,,,,,,,,,,,,,,,,,,,,,,,,,,,,,,,,,,,,,,0,0,0,0,0,0,0,0,0,1,1,1,1,1,1,1,1,1,1,1,1,1,1,1,1,1,1,1,1,1,0,0,0,1,1,1,1,1,1,1,1,1,1,1,1,1,1,1,1,0,0,0,0,0,0,1,1,1,1,1,1,1,1,1,1,1,1,1,1,1,1,1,1,1,1,1,1,1,1,1,1,1,1,1,1,1,1,1,1,1,1,1,1,1,1,1,1,1,1,1,1,1,1,1,1,1
2026-09-25T18:00:00Z,2026-09-25T17:00:00Z,60,6134.0,2026-09-23T15:05:05Z,semo_pub_dailyloadfcst_202609231505,2994.9166666666665,1,934.0,2026-09-23T15:05:05Z,semo_pub_dailyloadfcst_202609231505,2994.9166666666665,1,5200.0,2026-09-23T15:05:05Z,semo_pub_dailyloadfcst_202609231505,2994.9166666666665,1,500.0,2026-09-23T06:00:11Z,semo_pub_dailyintconntc_202609230600,3539.8166666666666,1,530.0,2026-09-23T06:00:11Z,semo_pub_dailyintconntc_202609230600,3539.8166666666666,1,513.0,2026-09-23T06:00:11Z,semo_pub_dailyintconntc_202609230600,3539.8166666666666,1,500.0,2026-09-23T06:00:11Z,semo_pub_dailyintconntc_202609230600,3539.8166666666666,1,500.0,2026-09-23T06:00:11Z,semo_pub_dailyintconntc_202609230600,3539.8166666666666,1,504.0,2026-09-23T06:00:11Z,semo_pub_dailyintconntc_202609230600,3539.8166666666666,1,,,,,0,1628.399,2026-09-23T12:23:53Z,semo_pub_15minaggwindfcst_202609231223,3156.116666666667,1,0,4193.018,1419.814,2.08,204.605,254.74650000000003,372.545,0.5236000000000001,2026-08-31T23:00:00Z,35640.0,1,,,,0,1,1,1,1,1,1,1,1,1,,,,,,,,,,,831.8965000000001,,,,284,9.953100570678748,33.0,0.0,17,347.31720558792483,1402.5729999999999,0.0,0,,,,,,,,,,,,,,,,,,,,,,,,,,,,,,,,,,,,,,,,,,,,,,,,,,,,0,0,0,0,0,0,0,0,0,0,0,0,0,0,0,0,0,0,0,0,0,0,0,0,0,0,0,1,1,1,0,0,0,1,1,1,1,1,1,1,1,1,1,1,1,1,1,1,1,0,0,0,0,0,0,1,1,1,1,1,1,1,1,1,1,1,1,1,1,1,1,1,1,1,1,1,1,1,1,1,1,1,1,1,1,1,1,1,1,1,1,1,1,1,1,1,1,1,1,1,1,1,1,1,1,1
2026-09-25T18:00:00Z,2026-09-25T17:30:00Z,30,6134.0,2026-09-23T15:05:05Z,semo_pub_dailyloadfcst_202609231505,3024.9166666666665,1,934.0,2026-09-23T15:05:05Z,semo_pub_dailyloadfcst_202609231505,3024.9166666666665,1,5200.0,2026-09-23T15:05:05Z,semo_pub_dailyloadfcst_202609231505,3024.9166666666665,1,500.0,2026-09-23T06:00:11Z,semo_pub_dailyintconntc_202609230600,3569.8166666666666,1,530.0,2026-09-23T06:00:11Z,semo_pub_dailyintconntc_202609230600,3569.8166666666666,1,513.0,2026-09-23T06:00:11Z,semo_pub_dailyintconntc_202609230600,3569.8166666666666,1,500.0,2026-09-23T06:00:11Z,semo_pub_dailyintconntc_202609230600,3569.8166666666666,1,500.0,2026-09-23T06:00:11Z,semo_pub_dailyintconntc_202609230600,3569.8166666666666,1,504.0,2026-09-23T06:00:11Z,semo_pub_dailyintconntc_202609230600,3569.8166666666666,1,,,,,0,1628.399,2026-09-23T12:23:53Z,semo_pub_15minaggwindfcst_202609231223,3186.116666666667,1,0,4193.018,1419.814,2.08,204.605,254.74650000000003,372.545,0.5236000000000001,2026-08-31T23:00:00Z,35670.0,1,,,,0,1,1,1,1,1,1,1,1,1,,,,,,,,,,,831.8965000000001,,,,284,9.953100570678748,33.0,0.0,17,347.31720558792483,1402.5729999999999,0.0,0,,,,,,,,,,,,,,,,,,,,,,,,,,,,,,,,,,,,,,,,,,,,,,,,,,,,0,0,0,0,0,0,0,0,0,0,0,0,0,0,0,0,0,0,0,0,0,0,0,0,0,0,0,1,1,1,0,0,0,1,1,1,1,1,1,1,1,1,1,1,1,1,1,1,1,0,0,0,0,0,0,1,1,1,1,1,1,1,1,1,1,1,1,1,1,1,1,1,1,1,1,1,1,1,1,1,1,1,1,1,1,1,1,1,1,1,1,1,1,1,1,1,1,1,1,1,1,1,1,1,1,1
2026-09-25T18:30:00Z,2026-09-25T17:30:00Z,60,6077.0,2026-09-23T15:05:05Z,semo_pub_dailyloadfcst_202609231505,3024.9166666666665,1,934.0,2026-09-23T15:05:05Z,semo_pub_dailyloadfcst_202609231505,3024.9166666666665,1,5143.0,2026-09-23T15:05:05Z,semo_pub_dailyloadfcst_202609231505,3024.9166666666665,1,,,,,0,,,,,0,,,,,0,,,,,0,,,,,0,,,,,0,,,,,0,1691.268,2026-09-23T12:23:53Z,semo_pub_15minaggwindfcst_202609231223,3186.116666666667,1,0,4193.018,1419.814,2.08,204.605,254.74650000000003,372.545,0.5236000000000001,2026-08-31T23:00:00Z,35670.0,1,,,,0,1,1,1,1,1,1,1,1,1,,,,,,,,,,,831.8965000000001,,,,284,9.119954861253174,30.0,0.0,17,369.10905910767946,1465.221,0.0,0,,,,,,,,,,,,,,,,,,,,,,,,,,,,,,,,,,,,,,,,,,,,,,,,,,,,0,0,0,0,0,0,0,0,0,1,1,1,1,1,1,1,1,1,1,1,1,1,1,1,1,1,1,1,1,1,0,0,0,1,1,1,1,1,1,1,1,1,1,1,1,1,1,1,1,0,0,0,0,0,0,1,1,1,1,1,1,1,1,1,1,1,1,1,1,1,1,1,1,1,1,1,1,1,1,1,1,1,1,1,1,1,1,1,1,1,1,1,1,1,1,1,1,1,1,1,1,1,1,1,1,1
2026-09-25T18:30:00Z,2026-09-25T18:00:00Z,30,6077.0,2026-09-23T15:05:05Z,semo_pub_dailyloadfcst_202609231505,3054.9166666666665,1,934.0,2026-09-23T15:05:05Z,semo_pub_dailyloadfcst_202609231505,3054.9166666666665,1,5143.0,2026-09-23T15:05:05Z,semo_pub_dailyloadfcst_202609231505,3054.9166666666665,1,,,,,0,,,,,0,,,,,0,,,,,0,,,,,0,,,,,0,,,,,0,1691.268,2026-09-23T12:23:53Z,semo_pub_15minaggwindfcst_202609231223,3216.116666666667,1,0,4193.018,1419.814,2.08,204.605,254.74650000000003,372.545,0.5236000000000001,2026-08-31T23:00:00Z,35700.0,1,,,,0,1,1,1,1,1,1,1,1,1,,,,,,,,,,,831.8965000000001,,,,284,9.119954861253174,30.0,0.0,17,369.10905910767946,1465.221,0.0,0,,,,,,,,,,,,,,,,,,,,,,,,,,,,,,,,,,,,,,,,,,,,,,,,,,,,0,0,0,0,0,0,0,0,0,1,1,1,1,1,1,1,1,1,1,1,1,1,1,1,1,1,1,1,1,1,0,0,0,1,1,1,1,1,1,1,1,1,1,1,1,1,1,1,1,0,0,0,0,0,0,1,1,1,1,1,1,1,1,1,1,1,1,1,1,1,1,1,1,1,1,1,1,1,1,1,1,1,1,1,1,1,1,1,1,1,1,1,1,1,1,1,1,1,1,1,1,1,1,1,1,1
2026-09-25T19:00:00Z,2026-09-25T18:00:00Z,60,5971.0,2026-09-23T15:05:05Z,semo_pub_dailyloadfcst_202609231505,3054.9166666666665,1,935.0,2026-09-23T15:05:05Z,semo_pub_dailyloadfcst_202609231505,3054.9166666666665,1,5036.0,2026-09-23T15:05:05Z,semo_pub_dailyloadfcst_202609231505,3054.9166666666665,1,500.0,2026-09-23T06:00:11Z,semo_pub_dailyintconntc_202609230600,3599.8166666666666,1,530.0,2026-09-23T06:00:11Z,semo_pub_dailyintconntc_202609230600,3599.8166666666666,1,513.0,2026-09-23T06:00:11Z,semo_pub_dailyintconntc_202609230600,3599.8166666666666,1,500.0,2026-09-23T06:00:11Z,semo_pub_dailyintconntc_202609230600,3599.8166666666666,1,500.0,2026-09-23T06:00:11Z,semo_pub_dailyintconntc_202609230600,3599.8166666666666,1,504.0,2026-09-23T06:00:11Z,semo_pub_dailyintconntc_202609230600,3599.8166666666666,1,,,,,0,1754.136,2026-09-23T12:23:53Z,semo_pub_15minaggwindfcst_202609231223,3216.116666666667,1,0,4193.018,1419.814,2.08,204.605,254.74650000000003,372.545,0.5236000000000001,2026-08-31T23:00:00Z,35700.0,1,,,,0,1,1,1,1,1,1,1,1,1,,,,,,,,,,,831.8965000000001,,,,284,9.735631506440686,32.0,0.0,15,413.4096190138568,1576.802,0.0,0,,,,,,,,,,,,,,,,,,,,,,,,,,,,,,,,,,,,,,,,,,,,,,,,,,,,0,0,0,0,0,0,0,0,0,0,0,0,0,0,0,0,0,0,0,0,0,0,0,0,0,0,0,1,1,1,0,0,0,1,1,1,1,1,1,1,1,1,1,1,1,1,1,1,1,0,0,0,0,0,0,1,1,1,1,1,1,1,1,1,1,1,1,1,1,1,1,1,1,1,1,1,1,1,1,1,1,1,1,1,1,1,1,1,1,1,1,1,1,1,1,1,1,1,1,1,1,1,1,1,1,1
2026-09-25T19:00:00Z,2026-09-25T18:30:00Z,30,5971.0,2026-09-23T15:05:05Z,semo_pub_dailyloadfcst_202609231505,3084.9166666666665,1,935.0,2026-09-23T15:05:05Z,semo_pub_dailyloadfcst_202609231505,3084.9166666666665,1,5036.0,2026-09-23T15:05:05Z,semo_pub_dailyloadfcst_202609231505,3084.9166666666665,1,500.0,2026-09-23T06:00:11Z,semo_pub_dailyintconntc_202609230600,3629.8166666666666,1,530.0,2026-09-23T06:00:11Z,semo_pub_dailyintconntc_202609230600,3629.8166666666666,1,513.0,2026-09-23T06:00:11Z,semo_pub_dailyintconntc_202609230600,3629.8166666666666,1,500.0,2026-09-23T06:00:11Z,semo_pub_dailyintconntc_202609230600,3629.8166666666666,1,500.0,2026-09-23T06:00:11Z,semo_pub_dailyintconntc_202609230600,3629.8166666666666,1,504.0,2026-09-23T06:00:11Z,semo_pub_dailyintconntc_202609230600,3629.8166666666666,1,,,,,0,1754.136,2026-09-23T12:23:53Z,semo_pub_15minaggwindfcst_202609231223,3246.116666666667,1,0,4193.018,1419.814,2.08,204.605,254.74650000000003,372.545,0.5236000000000001,2026-08-31T23:00:00Z,35730.0,1,,,,0,1,1,1,1,1,1,1,1,1,,,,,,,,,,,831.8965000000001,,,,284,9.735631506440686,32.0,0.0,15,413.4096190138568,1576.802,0.0,0,,,,,,,,,,,,,,,,,,,,,,,,,,,,,,,,,,,,,,,,,,,,,,,,,,,,0,0,0,0,0,0,0,0,0,0,0,0,0,0,0,0,0,0,0,0,0,0,0,0,0,0,0,1,1,1,0,0,0,1,1,1,1,1,1,1,1,1,1,1,1,1,1,1,1,0,0,0,0,0,0,1,1,1,1,1,1,1,1,1,1,1,1,1,1,1,1,1,1,1,1,1,1,1,1,1,1,1,1,1,1,1,1,1,1,1,1,1,1,1,1,1,1,1,1,1,1,1,1,1,1,1
2026-09-25T19:30:00Z,2026-09-25T18:30:00Z,60,5827.0,2026-09-23T15:05:05Z,semo_pub_dailyloadfcst_202609231505,3084.9166666666665,1,912.0,2026-09-23T15:05:05Z,semo_pub_dailyloadfcst_202609231505,3084.9166666666665,1,4915.0,2026-09-23T15:05:05Z,semo_pub_dailyloadfcst_202609231505,3084.9166666666665,1,,,,,0,,,,,0,,,,,0,,,,,0,,,,,0,,,,,0,,,,,0,1836.839,2026-09-23T12:23:53Z,semo_pub_15minaggwindfcst_202609231223,3246.116666666667,1,0,4193.018,1419.814,2.08,204.605,254.74650000000003,372.545,0.5236000000000001,2026-08-31T23:00:00Z,35730.0,1,,,,0,1,1,1,1,1,1,1,1,1,,,,,,,,,,,831.8965000000001,,,,284,10.544311427093445,35.0,0.0,15,437.935788405997,1655.7839999999999,0.0,0,,,,,,,,,,,,,,,,,,,,,,,,,,,,,,,,,,,,,,,,,,,,,,,,,,,,0,0,0,0,0,0,0,0,0,1,1,1,1,1,1,1,1,1,1,1,1,1,1,1,1,1,1,1,1,1,0,0,0,1,1,1,1,1,1,1,1,1,1,1,1,1,1,1,1,0,0,0,0,0,0,1,1,1,1,1,1,1,1,1,1,1,1,1,1,1,1,1,1,1,1,1,1,1,1,1,1,1,1,1,1,1,1,1,1,1,1,1,1,1,1,1,1,1,1,1,1,1,1,1,1,1
2026-09-25T19:30:00Z,2026-09-25T19:00:00Z,30,5827.0,2026-09-23T15:05:05Z,semo_pub_dailyloadfcst_202609231505,3114.9166666666665,1,912.0,2026-09-23T15:05:05Z,semo_pub_dailyloadfcst_202609231505,3114.9166666666665,1,4915.0,2026-09-23T15:05:05Z,semo_pub_dailyloadfcst_202609231505,3114.9166666666665,1,,,,,0,,,,,0,,,,,0,,,,,0,,,,,0,,,,,0,,,,,0,1836.839,2026-09-23T12:23:53Z,semo_pub_15minaggwindfcst_202609231223,3276.116666666667,1,0,4193.018,1419.814,2.08,204.605,254.74650000000003,372.545,0.5236000000000001,2026-08-31T23:00:00Z,35760.0,1,,,,0,1,1,1,1,1,1,1,1,1,,,,,,,,,,,831.8965000000001,,,,284,10.544311427093445,35.0,0.0,15,437.935788405997,1655.7839999999999,0.0,0,,,,,,,,,,,,,,,,,,,,,,,,,,,,,,,,,,,,,,,,,,,,,,,,,,,,0,0,0,0,0,0,0,0,0,1,1,1,1,1,1,1,1,1,1,1,1,1,1,1,1,1,1,1,1,1,0,0,0,1,1,1,1,1,1,1,1,1,1,1,1,1,1,1,1,0,0,0,0,0,0,1,1,1,1,1,1,1,1,1,1,1,1,1,1,1,1,1,1,1,1,1,1,1,1,1,1,1,1,1,1,1,1,1,1,1,1,1,1,1,1,1,1,1,1,1,1,1,1,1,1,1
2026-09-25T20:00:00Z,2026-09-25T19:00:00Z,60,5614.0,2026-09-23T15:05:05Z,semo_pub_dailyloadfcst_202609231505,3114.9166666666665,1,864.0,2026-09-23T15:05:05Z,semo_pub_dailyloadfcst_202609231505,3114.9166666666665,1,4750.0,2026-09-23T15:05:05Z,semo_pub_dailyloadfcst_202609231505,3114.9166666666665,1,500.0,2026-09-23T06:00:11Z,semo_pub_dailyintconntc_202609230600,3659.8166666666666,1,530.0,2026-09-23T06:00:11Z,semo_pub_dailyintconntc_202609230600,3659.8166666666666,1,513.0,2026-09-23T06:00:11Z,semo_pub_dailyintconntc_202609230600,3659.8166666666666,1,500.0,2026-09-23T06:00:11Z,semo_pub_dailyintconntc_202609230600,3659.8166666666666,1,500.0,2026-09-23T06:00:11Z,semo_pub_dailyintconntc_202609230600,3659.8166666666666,1,504.0,2026-09-23T06:00:11Z,semo_pub_dailyintconntc_202609230600,3659.8166666666666,1,,,,,0,1919.541,2026-09-23T12:23:53Z,semo_pub_15minaggwindfcst_202609231223,3276.116666666667,1,0,4193.018,1419.814,2.08,204.605,254.74650000000003,372.545,0.5236000000000001,2026-08-31T23:00:00Z,35760.0,1,,,,0,1,1,1,1,1,1,1,1,1,,,,,,,,,,,831.8965000000001,,,,284,9.353311055071249,23.0,0.0,15,462.7987452235174,1734.754,0.0,0,,,,,,,,,,,,,,,,,,,,,,,,,,,,,,,,,,,,,,,,,,,,,,,,,,,,0,0,0,0,0,0,0,0,0,0,0,0,0,0,0,0,0,0,0,0,0,0,0,0,0,0,0,1,1,1,0,0,0,1,1,1,1,1,1,1,1,1,1,1,1,1,1,1,1,0,0,0,0,0,0,1,1,1,1,1,1,1,1,1,1,1,1,1,1,1,1,1,1,1,1,1,1,1,1,1,1,1,1,1,1,1,1,1,1,1,1,1,1,1,1,1,1,1,1,1,1,1,1,1,1,1
2026-09-25T20:00:00Z,2026-09-25T19:30:00Z,30,5614.0,2026-09-23T15:05:05Z,semo_pub_dailyloadfcst_202609231505,3144.9166666666665,1,864.0,2026-09-23T15:05:05Z,semo_pub_dailyloadfcst_202609231505,3144.9166666666665,1,4750.0,2026-09-23T15:05:05Z,semo_pub_dailyloadfcst_202609231505,3144.9166666666665,1,500.0,2026-09-23T06:00:11Z,semo_pub_dailyintconntc_202609230600,3689.8166666666666,1,530.0,2026-09-23T06:00:11Z,semo_pub_dailyintconntc_202609230600,3689.8166666666666,1,513.0,2026-09-23T06:00:11Z,semo_pub_dailyintconntc_202609230600,3689.8166666666666,1,500.0,2026-09-23T06:00:11Z,semo_pub_dailyintconntc_202609230600,3689.8166666666666,1,500.0,2026-09-23T06:00:11Z,semo_pub_dailyintconntc_202609230600,3689.8166666666666,1,504.0,2026-09-23T06:00:11Z,semo_pub_dailyintconntc_202609230600,3689.8166666666666,1,,,,,0,1919.541,2026-09-23T12:23:53Z,semo_pub_15minaggwindfcst_202609231223,3306.116666666667,1,0,4193.018,1419.814,2.08,204.605,254.74650000000003,372.545,0.5236000000000001,2026-08-31T23:00:00Z,35790.0,1,,,,0,1,1,1,1,1,1,1,1,1,,,,,,,,,,,831.8965000000001,,,,284,9.353311055071249,23.0,0.0,15,462.7987452235174,1734.754,0.0,0,,,,,,,,,,,,,,,,,,,,,,,,,,,,,,,,,,,,,,,,,,,,,,,,,,,,0,0,0,0,0,0,0,0,0,0,0,0,0,0,0,0,0,0,0,0,0,0,0,0,0,0,0,1,1,1,0,0,0,1,1,1,1,1,1,1,1,1,1,1,1,1,1,1,1,0,0,0,0,0,0,1,1,1,1,1,1,1,1,1,1,1,1,1,1,1,1,1,1,1,1,1,1,1,1,1,1,1,1,1,1,1,1,1,1,1,1,1,1,1,1,1,1,1,1,1,1,1,1,1,1,1
2026-09-25T20:30:00Z,2026-09-25T19:30:00Z,60,5433.0,2026-09-23T15:05:05Z,semo_pub_dailyloadfcst_202609231505,3144.9166666666665,1,815.0,2026-09-23T15:05:05Z,semo_pub_dailyloadfcst_202609231505,3144.9166666666665,1,4618.0,2026-09-23T15:05:05Z,semo_pub_dailyloadfcst_202609231505,3144.9166666666665,1,,,,,0,,,,,0,,,,,0,,,,,0,,,,,0,,,,,0,,,,,0,2045.2,2026-09-23T12:23:53Z,semo_pub_15minaggwindfcst_202609231223,3306.116666666667,1,0,4193.018,1419.814,2.08,204.605,254.74650000000003,372.545,0.5236000000000001,2026-08-31T23:00:00Z,35790.0,1,,,,0,1,1,1,1,1,1,1,1,1,,,,,,,,,,,831.8965000000001,,,,284,8.298392661816417,23.0,0.0,15,496.7524720863165,1847.528,0.0,0,,,,,,,,,,,,,,,,,,,,,,,,,,,,,,,,,,,,,,,,,,,,,,,,,,,,0,0,0,0,0,0,0,0,0,1,1,1,1,1,1,1,1,1,1,1,1,1,1,1,1,1,1,1,1,1,0,0,0,1,1,1,1,1,1,1,1,1,1,1,1,1,1,1,1,0,0,0,0,0,0,1,1,1,1,1,1,1,1,1,1,1,1,1,1,1,1,1,1,1,1,1,1,1,1,1,1,1,1,1,1,1,1,1,1,1,1,1,1,1,1,1,1,1,1,1,1,1,1,1,1,1
2026-09-25T20:30:00Z,2026-09-25T20:00:00Z,30,5433.0,2026-09-23T15:05:05Z,semo_pub_dailyloadfcst_202609231505,3174.9166666666665,1,815.0,2026-09-23T15:05:05Z,semo_pub_dailyloadfcst_202609231505,3174.9166666666665,1,4618.0,2026-09-23T15:05:05Z,semo_pub_dailyloadfcst_202609231505,3174.9166666666665,1,,,,,0,,,,,0,,,,,0,,,,,0,,,,,0,,,,,0,,,,,0,2045.2,2026-09-23T12:23:53Z,semo_pub_15minaggwindfcst_202609231223,3336.116666666667,1,0,4193.018,1419.814,2.08,204.605,254.74650000000003,372.545,0.5236000000000001,2026-08-31T23:00:00Z,35820.0,1,,,,0,1,1,1,1,1,1,1,1,1,,,,,,,,,,,831.8965000000001,,,,284,8.298392661816417,23.0,0.0,15,496.7524720863165,1847.528,0.0,0,,,,,,,,,,,,,,,,,,,,,,,,,,,,,,,,,,,,,,,,,,,,,,,,,,,,0,0,0,0,0,0,0,0,0,1,1,1,1,1,1,1,1,1,1,1,1,1,1,1,1,1,1,1,1,1,0,0,0,1,1,1,1,1,1,1,1,1,1,1,1,1,1,1,1,0,0,0,0,0,0,1,1,1,1,1,1,1,1,1,1,1,1,1,1,1,1,1,1,1,1,1,1,1,1,1,1,1,1,1,1,1,1,1,1,1,1,1,1,1,1,1,1,1,1,1,1,1,1,1,1,1
2026-09-25T21:00:00Z,2026-09-25T20:00:00Z,60,5244.0,2026-09-23T15:05:05Z,semo_pub_dailyloadfcst_202609231505,3174.9166666666665,1,781.0,2026-09-23T15:05:05Z,semo_pub_dailyloadfcst_202609231505,3174.9166666666665,1,4463.0,2026-09-23T15:05:05Z,semo_pub_dailyloadfcst_202609231505,3174.9166666666665,1,500.0,2026-09-23T06:00:11Z,semo_pub_dailyintconntc_202609230600,3719.8166666666666,1,530.0,2026-09-23T06:00:11Z,semo_pub_dailyintconntc_202609230600,3719.8166666666666,1,513.0,2026-09-23T06:00:11Z,semo_pub_dailyintconntc_202609230600,3719.8166666666666,1,500.0,2026-09-23T06:00:11Z,semo_pub_dailyintconntc_202609230600,3719.8166666666666,1,500.0,2026-09-23T06:00:11Z,semo_pub_dailyintconntc_202609230600,3719.8166666666666,1,504.0,2026-09-23T06:00:11Z,semo_pub_dailyintconntc_202609230600,3719.8166666666666,1,,,,,0,2170.85,2026-09-23T12:23:53Z,semo_pub_15minaggwindfcst_202609231223,3336.116666666667,1,0,4193.018,1419.814,2.08,204.605,254.74650000000003,372.545,0.5236000000000001,2026-08-31T23:00:00Z,35820.0,1,,,,0,1,1,1,1,1,1,1,1,1,,,,,,,,,,,831.8965000000001,,,,284,6.433077391517447,19.0,0.0,15,530.897507412453,1960.289,0.0,0,,,,,,,,,,,,,,,,,,,,,,,,,,,,,,,,,,,,,,,,,,,,,,,,,,,,0,0,0,0,0,0,0,0,0,0,0,0,0,0,0,0,0,0,0,0,0,0,0,0,0,0,0,1,1,1,0,0,0,1,1,1,1,1,1,1,1,1,1,1,1,1,1,1,1,0,0,0,0,0,0,1,1,1,1,1,1,1,1,1,1,1,1,1,1,1,1,1,1,1,1,1,1,1,1,1,1,1,1,1,1,1,1,1,1,1,1,1,1,1,1,1,1,1,1,1,1,1,1,1,1,1
2026-09-25T21:00:00Z,2026-09-25T20:30:00Z,30,5244.0,2026-09-23T15:05:05Z,semo_pub_dailyloadfcst_202609231505,3204.9166666666665,1,781.0,2026-09-23T15:05:05Z,semo_pub_dailyloadfcst_202609231505,3204.9166666666665,1,4463.0,2026-09-23T15:05:05Z,semo_pub_dailyloadfcst_202609231505,3204.9166666666665,1,500.0,2026-09-23T06:00:11Z,semo_pub_dailyintconntc_202609230600,3749.8166666666666,1,530.0,2026-09-23T06:00:11Z,semo_pub_dailyintconntc_202609230600,3749.8166666666666,1,513.0,2026-09-23T06:00:11Z,semo_pub_dailyintconntc_202609230600,3749.8166666666666,1,500.0,2026-09-23T06:00:11Z,semo_pub_dailyintconntc_202609230600,3749.8166666666666,1,500.0,2026-09-23T06:00:11Z,semo_pub_dailyintconntc_202609230600,3749.8166666666666,1,504.0,2026-09-23T06:00:11Z,semo_pub_dailyintconntc_202609230600,3749.8166666666666,1,,,,,0,2170.85,2026-09-23T12:23:53Z,semo_pub_15minaggwindfcst_202609231223,3366.116666666667,1,0,4193.018,1419.814,2.08,204.605,254.74650000000003,372.545,0.5236000000000001,2026-08-31T23:00:00Z,35850.0,1,,,,0,1,1,1,1,1,1,1,1,1,,,,,,,,,,,831.8965000000001,,,,284,6.433077391517447,19.0,0.0,15,530.897507412453,1960.289,0.0,0,,,,,,,,,,,,,,,,,,,,,,,,,,,,,,,,,,,,,,,,,,,,,,,,,,,,0,0,0,0,0,0,0,0,0,0,0,0,0,0,0,0,0,0,0,0,0,0,0,0,0,0,0,1,1,1,0,0,0,1,1,1,1,1,1,1,1,1,1,1,1,1,1,1,1,0,0,0,0,0,0,1,1,1,1,1,1,1,1,1,1,1,1,1,1,1,1,1,1,1,1,1,1,1,1,1,1,1,1,1,1,1,1,1,1,1,1,1,1,1,1,1,1,1,1,1,1,1,1,1,1,1
2026-09-25T21:30:00Z,2026-09-25T20:30:00Z,60,5027.0,2026-09-23T15:05:05Z,semo_pub_dailyloadfcst_202609231505,3204.9166666666665,1,738.0,2026-09-23T15:05:05Z,semo_pub_dailyloadfcst_202609231505,3204.9166666666665,1,4289.0,2026-09-23T15:05:05Z,semo_pub_dailyloadfcst_202609231505,3204.9166666666665,1,,,,,0,,,,,0,,,,,0,,,,,0,,,,,0,,,,,0,,,,,0,2275.052,2026-09-23T12:23:53Z,semo_pub_15minaggwindfcst_202609231223,3366.116666666667,1,0,4193.018,1419.814,2.08,204.605,254.74650000000003,372.545,0.5236000000000001,2026-08-31T23:00:00Z,35850.0,1,,,,0,1,1,1,1,1,1,1,1,1,,,,,,,,,,,831.8965000000001,,,,284,6.047827093843899,18.0,0.0,15,561.396037244875,2054.501,0.0,0,,,,,,,,,,,,,,,,,,,,,,,,,,,,,,,,,,,,,,,,,,,,,,,,,,,,0,0,0,0,0,0,0,0,0,1,1,1,1,1,1,1,1,1,1,1,1,1,1,1,1,1,1,1,1,1,0,0,0,1,1,1,1,1,1,1,1,1,1,1,1,1,1,1,1,0,0,0,0,0,0,1,1,1,1,1,1,1,1,1,1,1,1,1,1,1,1,1,1,1,1,1,1,1,1,1,1,1,1,1,1,1,1,1,1,1,1,1,1,1,1,1,1,1,1,1,1,1,1,1,1,1
2026-09-25T21:30:00Z,2026-09-25T21:00:00Z,30,5027.0,2026-09-23T15:05:05Z,semo_pub_dailyloadfcst_202609231505,3234.9166666666665,1,738.0,2026-09-23T15:05:05Z,semo_pub_dailyloadfcst_202609231505,3234.9166666666665,1,4289.0,2026-09-23T15:05:05Z,semo_pub_dailyloadfcst_202609231505,3234.9166666666665,1,,,,,0,,,,,0,,,,,0,,,,,0,,,,,0,,,,,0,,,,,0,2275.052,2026-09-23T12:23:53Z,semo_pub_15minaggwindfcst_202609231223,3396.116666666667,1,0,4193.018,1419.814,2.08,204.605,254.74650000000003,372.545,0.5236000000000001,2026-08-31T23:00:00Z,35880.0,1,,,,0,1,1,1,1,1,1,1,1,1,,,,,,,,,,,831.8965000000001,,,,284,6.047827093843899,18.0,0.0,15,561.396037244875,2054.501,0.0,0,,,,,,,,,,,,,,,,,,,,,,,,,,,,,,,,,,,,,,,,,,,,,,,,,,,,0,0,0,0,0,0,0,0,0,1,1,1,1,1,1,1,1,1,1,1,1,1,1,1,1,1,1,1,1,1,0,0,0,1,1,1,1,1,1,1,1,1,1,1,1,1,1,1,1,0,0,0,0,0,0,1,1,1,1,1,1,1,1,1,1,1,1,1,1,1,1,1,1,1,1,1,1,1,1,1,1,1,1,1,1,1,1,1,1,1,1,1,1,1,1,1,1,1,1,1,1,1,1,1,1,1
2026-09-25T22:00:00Z,2026-09-25T21:00:00Z,60,4828.0,2026-09-23T15:05:05Z,semo_pub_dailyloadfcst_202609231505,3234.9166666666665,1,678.0,2026-09-23T15:05:05Z,semo_pub_dailyloadfcst_202609231505,3234.9166666666665,1,4150.0,2026-09-23T15:05:05Z,semo_pub_dailyloadfcst_202609231505,3234.9166666666665,1,,,,,0,,,,,0,,,,,0,,,,,0,,,,,0,,,,,0,,,,,0,2379.261,2026-09-23T12:23:53Z,semo_pub_15minaggwindfcst_202609231223,3396.116666666667,1,0,4193.018,1419.814,2.08,204.605,254.74650000000003,372.545,0.5236000000000001,2026-08-31T23:00:00Z,35880.0,1,,,,0,1,1,1,1,1,1,1,1,1,,,,,,,,,,,831.8965000000001,,,,113,0.43677743997355983,1.0,0.0,15,592.0267065927197,2148.725,0.0,0,,,,,,,,,,,,,,,,,,,,,,,,,,,,,,,,,,,,,,,,,,,,,,,,,,,,0,0,0,0,0,0,0,0,0,1,1,1,1,1,1,1,1,1,1,1,1,1,1,1,1,1,1,1,1,1,0,0,0,1,1,1,1,1,1,1,1,1,1,1,1,1,1,1,1,0,0,0,0,0,0,1,1,1,1,1,1,1,1,1,1,1,1,1,1,1,1,1,1,1,1,1,1,1,1,1,1,1,1,1,1,1,1,1,1,1,1,1,1,1,1,1,1,1,1,1,1,1,1,1,1,1
2026-09-25T22:00:00Z,2026-09-25T21:30:00Z,30,4828.0,2026-09-23T15:05:05Z,semo_pub_dailyloadfcst_202609231505,3264.9166666666665,1,678.0,2026-09-23T15:05:05Z,semo_pub_dailyloadfcst_202609231505,3264.9166666666665,1,4150.0,2026-09-23T15:05:05Z,semo_pub_dailyloadfcst_202609231505,3264.9166666666665,1,,,,,0,,,,,0,,,,,0,,,,,0,,,,,0,,,,,0,,,,,0,2379.261,2026-09-23T12:23:53Z,semo_pub_15minaggwindfcst_202609231223,3426.116666666667,1,0,4193.018,1419.814,2.08,204.605,254.74650000000003,372.545,0.5236000000000001,2026-08-31T23:00:00Z,35910.0,1,,,,0,1,1,1,1,1,1,1,1,1,,,,,,,,,,,831.8965000000001,,,,113,0.43677743997355983,1.0,0.0,15,592.0267065927197,2148.725,0.0,0,,,,,,,,,,,,,,,,,,,,,,,,,,,,,,,,,,,,,,,,,,,,,,,,,,,,0,0,0,0,0,0,0,0,0,1,1,1,1,1,1,1,1,1,1,1,1,1,1,1,1,1,1,1,1,1,0,0,0,1,1,1,1,1,1,1,1,1,1,1,1,1,1,1,1,0,0,0,0,0,0,1,1,1,1,1,1,1,1,1,1,1,1,1,1,1,1,1,1,1,1,1,1,1,1,1,1,1,1,1,1,1,1,1,1,1,1,1,1,1,1,1,1,1,1,1,1,1,1,1,1,1
2026-09-25T22:30:00Z,2026-09-25T21:30:00Z,60,4824.0,2026-09-23T15:05:05Z,semo_pub_dailyloadfcst_202609231505,3264.9166666666665,1,635.0,2026-09-23T15:05:05Z,semo_pub_dailyloadfcst_202609231505,3264.9166666666665,1,4189.0,2026-09-23T15:05:05Z,semo_pub_dailyloadfcst_202609231505,3264.9166666666665,1,,,,,0,,,,,0,,,,,0,,,,,0,,,,,0,,,,,0,,,,,0,2437.563,2026-09-23T12:23:53Z,semo_pub_15minaggwindfcst_202609231223,3426.116666666667,1,0,4193.018,1419.814,2.08,204.605,254.74650000000003,372.545,0.5236000000000001,2026-08-31T23:00:00Z,35910.0,1,,,,0,1,1,1,1,1,1,1,1,1,,,,,,,,,,,831.8965000000001,,,,113,0.43677743997355983,1.0,0.0,15,608.70283064243,2201.542,0.0,0,,,,,,,,,,,,,,,,,,,,,,,,,,,,,,,,,,,,,,,,,,,,,,,,,,,,0,0,0,0,0,0,0,0,0,1,1,1,1,1,1,1,1,1,1,1,1,1,1,1,1,1,1,1,1,1,0,0,0,1,1,1,1,1,1,1,1,1,1,1,1,1,1,1,1,0,0,0,0,0,0,1,1,1,1,1,1,1,1,1,1,1,1,1,1,1,1,1,1,1,1,1,1,1,1,1,1,1,1,1,1,1,1,1,1,1,1,1,1,1,1,1,1,1,1,1,1,1,1,1,1,1
2026-09-25T22:30:00Z,2026-09-25T22:00:00Z,30,4824.0,2026-09-23T15:05:05Z,semo_pub_dailyloadfcst_202609231505,3294.9166666666665,1,635.0,2026-09-23T15:05:05Z,semo_pub_dailyloadfcst_202609231505,3294.9166666666665,1,4189.0,2026-09-23T15:05:05Z,semo_pub_dailyloadfcst_202609231505,3294.9166666666665,1,,,,,0,,,,,0,,,,,0,,,,,0,,,,,0,,,,,0,,,,,0,2437.563,2026-09-23T12:23:53Z,semo_pub_15minaggwindfcst_202609231223,3456.116666666667,1,0,4193.018,1419.814,2.08,204.605,254.74650000000003,372.545,0.5236000000000001,2026-08-31T23:00:00Z,35940.0,1,,,,0,1,1,1,1,1,1,1,1,1,,,,,,,,,,,831.8965000000001,,,,113,0.43677743997355983,1.0,0.0,15,608.70283064243,2201.542,0.0,0,,,,,,,,,,,,,,,,,,,,,,,,,,,,,,,,,,,,,,,,,,,,,,,,,,,,0,0,0,0,0,0,0,0,0,1,1,1,1,1,1,1,1,1,1,1,1,1,1,1,1,1,1,1,1,1,0,0,0,1,1,1,1,1,1,1,1,1,1,1,1,1,1,1,1,0,0,0,0,0,0,1,1,1,1,1,1,1,1,1,1,1,1,1,1,1,1,1,1,1,1,1,1,1,1,1,1,1,1,1,1,1,1,1,1,1,1,1,1,1,1,1,1,1,1,1,1,1,1,1,1,1
2026-09-25T23:00:00Z,2026-09-25T22:00:00Z,60,4719.0,2026-09-23T15:05:05Z,semo_pub_dailyloadfcst_202609231505,3294.9166666666665,1,580.0,2026-09-23T15:05:05Z,semo_pub_dailyloadfcst_202609231505,3294.9166666666665,1,4139.0,2026-09-23T15:05:05Z,semo_pub_dailyloadfcst_202609231505,3294.9166666666665,1,,,,,0,,,,,0,,,,,0,,,,,0,,,,,0,,,,,0,,,,,0,2495.849,2026-09-23T12:23:53Z,semo_pub_15minaggwindfcst_202609231223,3456.116666666667,1,0,4193.018,1419.814,2.08,204.605,254.74650000000003,372.545,0.5236000000000001,2026-08-31T23:00:00Z,35940.0,1,,,,0,1,1,1,1,1,1,1,1,1,,,,,,,,,,,831.8965000000001,,,,113,0.43677743997355983,1.0,0.0,15,625.5654421594878,2254.3410000000003,0.0,0,,,,,,,,,,,,,,,,,,,,,,,,,,,,,,,,,,,,,,,,,,,,,,,,,,,,0,0,0,0,0,0,0,0,0,1,1,1,1,1,1,1,1,1,1,1,1,1,1,1,1,1,1,1,1,1,0,0,0,1,1,1,1,1,1,1,1,1,1,1,1,1,1,1,1,0,0,0,0,0,0,1,1,1,1,1,1,1,1,1,1,1,1,1,1,1,1,1,1,1,1,1,1,1,1,1,1,1,1,1,1,1,1,1,1,1,1,1,1,1,1,1,1,1,1,1,1,1,1,1,1,1
2026-09-25T23:00:00Z,2026-09-25T22:30:00Z,30,4719.0,2026-09-23T15:05:05Z,semo_pub_dailyloadfcst_202609231505,3324.9166666666665,1,580.0,2026-09-23T15:05:05Z,semo_pub_dailyloadfcst_202609231505,3324.9166666666665,1,4139.0,2026-09-23T15:05:05Z,semo_pub_dailyloadfcst_202609231505,3324.9166666666665,1,,,,,0,,,,,0,,,,,0,,,,,0,,,,,0,,,,,0,,,,,0,2495.849,2026-09-23T12:23:53Z,semo_pub_15minaggwindfcst_202609231223,3486.116666666667,1,0,4193.018,1419.814,2.08,204.605,254.74650000000003,372.545,0.5236000000000001,2026-08-31T23:00:00Z,35970.0,1,,,,0,1,1,1,1,1,1,1,1,1,,,,,,,,,,,831.8965000000001,,,,113,0.43677743997355983,1.0,0.0,15,625.5654421594878,2254.3410000000003,0.0,0,,,,,,,,,,,,,,,,,,,,,,,,,,,,,,,,,,,,,,,,,,,,,,,,,,,,0,0,0,0,0,0,0,0,0,1,1,1,1,1,1,1,1,1,1,1,1,1,1,1,1,1,1,1,1,1,0,0,0,1,1,1,1,1,1,1,1,1,1,1,1,1,1,1,1,0,0,0,0,0,0,1,1,1,1,1,1,1,1,1,1,1,1,1,1,1,1,1,1,1,1,1,1,1,1,1,1,1,1,1,1,1,1,1,1,1,1,1,1,1,1,1,1,1,1,1,1,1,1,1,1,1
2026-09-25T23:30:00Z,2026-09-25T22:30:00Z,60,4536.0,2026-09-23T15:05:05Z,semo_pub_dailyloadfcst_202609231505,3324.9166666666665,1,555.0,2026-09-23T15:05:05Z,semo_pub_dailyloadfcst_202609231505,3324.9166666666665,1,3981.0,2026-09-23T15:05:05Z,semo_pub_dailyloadfcst_202609231505,3324.9166666666665,1,,,,,0,,,,,0,,,,,0,,,,,0,,,,,0,,,,,0,,,,,0,2497.246,2026-09-23T12:23:53Z,semo_pub_15minaggwindfcst_202609231223,3486.116666666667,1,0,4193.018,1419.814,2.08,204.605,254.74650000000003,372.545,0.5236000000000001,2026-08-31T23:00:00Z,35970.0,1,,,,0,1,1,1,1,1,1,1,1,1,,,,,,,,,,,831.8965000000001,,,,113,0.0,0.0,0.0,15,620.7777971861716,2252.6310000000003,0.0,0,,,,,,,,,,,,,,,,,,,,,,,,,,,,,,,,,,,,,,,,,,,,,,,,,,,,0,0,0,0,0,0,0,0,0,1,1,1,1,1,1,1,1,1,1,1,1,1,1,1,1,1,1,1,1,1,0,0,0,1,1,1,1,1,1,1,1,1,1,1,1,1,1,1,1,0,0,0,0,0,0,1,1,1,1,1,1,1,1,1,1,1,1,1,1,1,1,1,1,1,1,1,1,1,1,1,1,1,1,1,1,1,1,1,1,1,1,1,1,1,1,1,1,1,1,1,1,1,1,1,1,1
2026-09-25T23:30:00Z,2026-09-25T23:00:00Z,30,4536.0,2026-09-23T15:05:05Z,semo_pub_dailyloadfcst_202609231505,3354.9166666666665,1,555.0,2026-09-23T15:05:05Z,semo_pub_dailyloadfcst_202609231505,3354.9166666666665,1,3981.0,2026-09-23T15:05:05Z,semo_pub_dailyloadfcst_202609231505,3354.9166666666665,1,,,,,0,,,,,0,,,,,0,,,,,0,,,,,0,,,,,0,,,,,0,2497.246,2026-09-23T12:23:53Z,semo_pub_15minaggwindfcst_202609231223,3516.116666666667,1,0,4193.018,1419.814,2.08,204.605,254.74650000000003,372.545,0.5236000000000001,2026-08-31T23:00:00Z,36000.0,1,,,,0,1,1,1,1,1,1,1,1,1,,,,,,,,,,,831.8965000000001,,,,113,0.0,0.0,0.0,15,620.7777971861716,2252.6310000000003,0.0,0,,,,,,,,,,,,,,,,,,,,,,,,,,,,,,,,,,,,,,,,,,,,,,,,,,,,0,0,0,0,0,0,0,0,0,1,1,1,1,1,1,1,1,1,1,1,1,1,1,1,1,1,1,1,1,1,0,0,0,1,1,1,1,1,1,1,1,1,1,1,1,1,1,1,1,0,0,0,0,0,0,1,1,1,1,1,1,1,1,1,1,1,1,1,1,1,1,1,1,1,1,1,1,1,1,1,1,1,1,1,1,1,1,1,1,1,1,1,1,1,1,1,1,1,1,1,1,1,1,1,1,1
2026-09-26T00:00:00Z,2026-09-25T23:00:00Z,60,4439.0,2026-09-23T15:05:05Z,semo_pub_dailyloadfcst_202609231505,3354.9166666666665,1,541.0,2026-09-23T15:05:05Z,semo_pub_dailyloadfcst_202609231505,3354.9166666666665,1,3898.0,2026-09-23T15:05:05Z,semo_pub_dailyloadfcst_202609231505,3354.9166666666665,1,,,,,0,,,,,0,,,,,0,,,,,0,,,,,0,,,,,0,,,,,0,2498.612,2026-09-23T12:23:53Z,semo_pub_15minaggwindfcst_202609231223,3516.116666666667,1,0,4193.018,1419.814,2.08,204.605,254.74650000000003,372.545,0.5236000000000001,2026-08-31T23:00:00Z,36000.0,1,,,,0,1,1,1,1,1,1,1,1,1,,,,,,,,,,,831.8965000000001,,,,113,0.43677743997355983,1.0,0.0,15,616.2962458761966,2250.8940000000002,0.0,0,,,,,,,,,,,,,,,,,,,,,,,,,,,,,,,,,,,,,,,,,,,,,,,,,,,,0,0,0,0,0,0,0,0,0,1,1,1,1,1,1,1,1,1,1,1,1,1,1,1,1,1,1,1,1,1,0,0,0,1,1,1,1,1,1,1,1,1,1,1,1,1,1,1,1,0,0,0,0,0,0,1,1,1,1,1,1,1,1,1,1,1,1,1,1,1,1,1,1,1,1,1,1,1,1,1,1,1,1,1,1,1,1,1,1,1,1,1,1,1,1,1,1,1,1,1,1,1,1,1,1,1
2026-09-26T00:00:00Z,2026-09-25T23:30:00Z,30,4439.0,2026-09-23T15:05:05Z,semo_pub_dailyloadfcst_202609231505,3384.9166666666665,1,541.0,2026-09-23T15:05:05Z,semo_pub_dailyloadfcst_202609231505,3384.9166666666665,1,3898.0,2026-09-23T15:05:05Z,semo_pub_dailyloadfcst_202609231505,3384.9166666666665,1,,,,,0,,,,,0,,,,,0,,,,,0,,,,,0,,,,,0,,,,,0,2498.612,2026-09-23T12:23:53Z,semo_pub_15minaggwindfcst_202609231223,3546.116666666667,1,0,4193.018,1419.814,2.08,204.605,254.74650000000003,372.545,0.5236000000000001,2026-08-31T23:00:00Z,36030.0,1,,,,0,1,1,1,1,1,1,1,1,1,,,,,,,,,,,831.8965000000001,,,,113,0.43677743997355983,1.0,0.0,15,616.2962458761966,2250.8940000000002,0.0,0,,,,,,,,,,,,,,,,,,,,,,,,,,,,,,,,,,,,,,,,,,,,,,,,,,,,0,0,0,0,0,0,0,0,0,1,1,1,1,1,1,1,1,1,1,1,1,1,1,1,1,1,1,1,1,1,0,0,0,1,1,1,1,1,1,1,1,1,1,1,1,1,1,1,1,0,0,0,0,0,0,1,1,1,1,1,1,1,1,1,1,1,1,1,1,1,1,1,1,1,1,1,1,1,1,1,1,1,1,1,1,1,1,1,1,1,1,1,1,1,1,1,1,1,1,1,1,1,1,1,1,1
2026-09-26T00:30:00Z,2026-09-25T23:30:00Z,60,4321.0,2026-09-23T15:05:05Z,semo_pub_dailyloadfcst_202609231505,3384.9166666666665,1,529.0,2026-09-23T15:05:05Z,semo_pub_dailyloadfcst_202609231505,3384.9166666666665,1,3792.0,2026-09-23T15:05:05Z,semo_pub_dailyloadfcst_202609231505,3384.9166666666665,1,,,,,0,,,,,0,,,,,0,,,,,0,,,,,0,,,,,0,,,,,0,2476.77,2026-09-23T12:23:53Z,semo_pub_15minaggwindfcst_202609231223,3546.116666666667,1,0,4193.018,1419.814,2.08,204.605,254.74650000000003,372.545,0.5236000000000001,2026-08-31T23:00:00Z,36030.0,1,,,,0,1,1,1,1,1,1,1,1,1,,,,,,,,,,,831.8965000000001,,,,113,0.43677743997355983,1.0,0.0,15,603.3046329332913,2224.382,0.0,0,,,,,,,,,,,,,,,,,,,,,,,,,,,,,,,,,,,,,,,,,,,,,,,,,,,,0,0,0,0,0,0,0,0,0,1,1,1,1,1,1,1,1,1,1,1,1,1,1,1,1,1,1,1,1,1,0,0,0,1,1,1,1,1,1,1,1,1,1,1,1,1,1,1,1,0,0,0,0,0,0,1,1,1,1,1,1,1,1,1,1,1,1,1,1,1,1,1,1,1,1,1,1,1,1,1,1,1,1,1,1,1,1,1,1,1,1,1,1,1,1,1,1,1,1,1,1,1,1,1,1,1
2026-09-26T00:30:00Z,2026-09-26T00:00:00Z,30,4321.0,2026-09-23T15:05:05Z,semo_pub_dailyloadfcst_202609231505,3414.9166666666665,1,529.0,2026-09-23T15:05:05Z,semo_pub_dailyloadfcst_202609231505,3414.9166666666665,1,3792.0,2026-09-23T15:05:05Z,semo_pub_dailyloadfcst_202609231505,3414.9166666666665,1,,,,,0,,,,,0,,,,,0,,,,,0,,,,,0,,,,,0,,,,,0,2476.77,2026-09-23T12:23:53Z,semo_pub_15minaggwindfcst_202609231223,3576.116666666667,1,0,4193.018,1419.814,2.08,204.605,254.74650000000003,372.545,0.5236000000000001,2026-08-31T23:00:00Z,36060.0,1,,,,0,1,1,1,1,1,1,1,1,1,,,,,,,,,,,831.8965000000001,,,,113,0.43677743997355983,1.0,0.0,15,603.3046329332913,2224.382,0.0,0,,,,,,,,,,,,,,,,,,,,,,,,,,,,,,,,,,,,,,,,,,,,,,,,,,,,0,0,0,0,0,0,0,0,0,1,1,1,1,1,1,1,1,1,1,1,1,1,1,1,1,1,1,1,1,1,0,0,0,1,1,1,1,1,1,1,1,1,1,1,1,1,1,1,1,0,0,0,0,0,0,1,1,1,1,1,1,1,1,1,1,1,1,1,1,1,1,1,1,1,1,1,1,1,1,1,1,1,1,1,1,1,1,1,1,1,1,1,1,1,1,1,1,1,1,1,1,1,1,1,1,1
2026-09-26T01:00:00Z,2026-09-26T00:00:00Z,60,4252.0,2026-09-23T15:05:05Z,semo_pub_dailyloadfcst_202609231505,3414.9166666666665,1,517.0,2026-09-23T15:05:05Z,semo_pub_dailyloadfcst_202609231505,3414.9166666666665,1,3735.0,2026-09-23T15:05:05Z,semo_pub_dailyloadfcst_202609231505,3414.9166666666665,1,,,,,0,,,,,0,,,,,0,,,,,0,,,,,0,,,,,0,,,,,0,2454.923,2026-09-23T12:23:53Z,semo_pub_15minaggwindfcst_202609231223,3576.116666666667,1,0,4193.018,1419.814,2.08,204.605,254.74650000000003,372.545,0.5236000000000001,2026-08-31T23:00:00Z,36060.0,1,,,,0,1,1,1,1,1,1,1,1,1,,,,,,,,,,,831.8965000000001,,,,113,0.0,0.0,0.0,13,558.7732345760592,2076.1749999999997,0.0,0,,,,,,,,,,,,,,,,,,,,,,,,,,,,,,,,,,,,,,,,,,,,,,,,,,,,0,0,0,0,0,0,0,0,0,1,1,1,1,1,1,1,1,1,1,1,1,1,1,1,1,1,1,1,1,1,0,0,0,1,1,1,1,1,1,1,1,1,1,1,1,1,1,1,1,0,0,0,0,0,0,1,1,1,1,1,1,1,1,1,1,1,1,1,1,1,1,1,1,1,1,1,1,1,1,1,1,1,1,1,1,1,1,1,1,1,1,1,1,1,1,1,1,1,1,1,1,1,1,1,1,1
2026-09-26T01:00:00Z,2026-09-26T00:30:00Z,30,4252.0,2026-09-23T15:05:05Z,semo_pub_dailyloadfcst_202609231505,3444.9166666666665,1,517.0,2026-09-23T15:05:05Z,semo_pub_dailyloadfcst_202609231505,3444.9166666666665,1,3735.0,2026-09-23T15:05:05Z,semo_pub_dailyloadfcst_202609231505,3444.9166666666665,1,,,,,0,,,,,0,,,,,0,,,,,0,,,,,0,,,,,0,,,,,0,2454.923,2026-09-23T12:23:53Z,semo_pub_15minaggwindfcst_202609231223,3606.116666666667,1,0,4193.018,1419.814,2.08,204.605,254.74650000000003,372.545,0.5236000000000001,2026-08-31T23:00:00Z,36090.0,1,,,,0,1,1,1,1,1,1,1,1,1,,,,,,,,,,,831.8965000000001,,,,113,0.0,0.0,0.0,13,558.7732345760592,2076.1749999999997,0.0,0,,,,,,,,,,,,,,,,,,,,,,,,,,,,,,,,,,,,,,,,,,,,,,,,,,,,0,0,0,0,0,0,0,0,0,1,1,1,1,1,1,1,1,1,1,1,1,1,1,1,1,1,1,1,1,1,0,0,0,1,1,1,1,1,1,1,1,1,1,1,1,1,1,1,1,0,0,0,0,0,0,1,1,1,1,1,1,1,1,1,1,1,1,1,1,1,1,1,1,1,1,1,1,1,1,1,1,1,1,1,1,1,1,1,1,1,1,1,1,1,1,1,1,1,1,1,1,1,1,1,1,1
2026-09-26T01:30:00Z,2026-09-26T00:30:00Z,60,4320.0,2026-09-23T15:05:05Z,semo_pub_dailyloadfcst_202609231505,3444.9166666666665,1,540.0,2026-09-23T15:05:05Z,semo_pub_dailyloadfcst_202609231505,3444.9166666666665,1,3780.0,2026-09-23T15:05:05Z,semo_pub_dailyloadfcst_202609231505,3444.9166666666665,1,,,,,0,,,,,0,,,,,0,,,,,0,,,,,0,,,,,0,,,,,0,2373.465,2026-09-23T12:23:53Z,semo_pub_15minaggwindfcst_202609231223,3606.116666666667,1,0,4193.018,1419.814,2.08,204.605,254.74650000000003,372.545,0.5236000000000001,2026-08-31T23:00:00Z,36090.0,1,,,,0,1,1,1,1,1,1,1,1,1,,,,,,,,,,,831.8965000000001,,,,113,0.43677743997355983,1.0,0.0,13,531.2924259384822,2011.699,0.0,0,,,,,,,,,,,,,,,,,,,,,,,,,,,,,,,,,,,,,,,,,,,,,,,,,,,,0,0,0,0,0,0,0,0,0,1,1,1,1,1,1,1,1,1,1,1,1,1,1,1,1,1,1,1,1,1,0,0,0,1,1,1,1,1,1,1,1,1,1,1,1,1,1,1,1,0,0,0,0,0,0,1,1,1,1,1,1,1,1,1,1,1,1,1,1,1,1,1,1,1,1,1,1,1,1,1,1,1,1,1,1,1,1,1,1,1,1,1,1,1,1,1,1,1,1,1,1,1,1,1,1,1
2026-09-26T01:30:00Z,2026-09-26T01:00:00Z,30,4320.0,2026-09-23T15:05:05Z,semo_pub_dailyloadfcst_202609231505,3474.9166666666665,1,540.0,2026-09-23T15:05:05Z,semo_pub_dailyloadfcst_202609231505,3474.9166666666665,1,3780.0,2026-09-23T15:05:05Z,semo_pub_dailyloadfcst_202609231505,3474.9166666666665,1,,,,,0,,,,,0,,,,,0,,,,,0,,,,,0,,,,,0,,,,,0,2373.465,2026-09-23T12:23:53Z,semo_pub_15minaggwindfcst_202609231223,3636.116666666667,1,0,4193.018,1419.814,2.08,204.605,254.74650000000003,372.545,0.5236000000000001,2026-08-31T23:00:00Z,36120.0,1,,,,0,1,1,1,1,1,1,1,1,1,,,,,,,,,,,831.8965000000001,,,,113,0.43677743997355983,1.0,0.0,13,531.2924259384822,2011.699,0.0,0,,,,,,,,,,,,,,,,,,,,,,,,,,,,,,,,,,,,,,,,,,,,,,,,,,,,0,0,0,0,0,0,0,0,0,1,1,1,1,1,1,1,1,1,1,1,1,1,1,1,1,1,1,1,1,1,0,0,0,1,1,1,1,1,1,1,1,1,1,1,1,1,1,1,1,0,0,0,0,0,0,1,1,1,1,1,1,1,1,1,1,1,1,1,1,1,1,1,1,1,1,1,1,1,1,1,1,1,1,1,1,1,1,1,1,1,1,1,1,1,1,1,1,1,1,1,1,1,1,1,1,1
2026-09-26T02:00:00Z,2026-09-26T01:00:00Z,60,4342.0,2026-09-23T15:05:05Z,semo_pub_dailyloadfcst_202609231505,3474.9166666666665,1,522.0,2026-09-23T15:05:05Z,semo_pub_dailyloadfcst_202609231505,3474.9166666666665,1,3820.0,2026-09-23T15:05:05Z,semo_pub_dailyloadfcst_202609231505,3474.9166666666665,1,,,,,0,,,,,0,,,,,0,,,,,0,,,,,0,,,,,0,,,,,0,2292.025,2026-09-23T12:23:53Z,semo_pub_15minaggwindfcst_202609231223,3636.116666666667,1,0,4193.018,1419.814,2.08,204.605,254.74650000000003,372.545,0.5236000000000001,2026-08-31T23:00:00Z,36120.0,1,,,,0,1,1,1,1,1,1,1,1,1,,,,,,,,,,,831.8965000000001,,,,113,0.47820375526039993,1.0,0.0,13,505.1741404771863,1951.07,0.0,0,,,,,,,,,,,,,,,,,,,,,,,,,,,,,,,,,,,,,,,,,,,,,,,,,,,,0,0,0,0,0,0,0,0,0,1,1,1,1,1,1,1,1,1,1,1,1,1,1,1,1,1,1,1,1,1,0,0,0,1,1,1,1,1,1,1,1,1,1,1,1,1,1,1,1,0,0,0,0,0,0,1,1,1,1,1,1,1,1,1,1,1,1,1,1,1,1,1,1,1,1,1,1,1,1,1,1,1,1,1,1,1,1,1,1,1,1,1,1,1,1,1,1,1,1,1,1,1,1,1,1,1
2026-09-26T02:00:00Z,2026-09-26T01:30:00Z,30,4342.0,2026-09-23T15:05:05Z,semo_pub_dailyloadfcst_202609231505,3504.9166666666665,1,522.0,2026-09-23T15:05:05Z,semo_pub_dailyloadfcst_202609231505,3504.9166666666665,1,3820.0,2026-09-23T15:05:05Z,semo_pub_dailyloadfcst_202609231505,3504.9166666666665,1,,,,,0,,,,,0,,,,,0,,,,,0,,,,,0,,,,,0,,,,,0,2292.025,2026-09-23T12:23:53Z,semo_pub_15minaggwindfcst_202609231223,3666.116666666667,1,0,4193.018,1419.814,2.08,204.605,254.74650000000003,372.545,0.5236000000000001,2026-08-31T23:00:00Z,36150.0,1,,,,0,1,1,1,1,1,1,1,1,1,,,,,,,,,,,831.8965000000001,,,,113,0.47820375526039993,1.0,0.0,13,505.1741404771863,1951.07,0.0,0,,,,,,,,,,,,,,,,,,,,,,,,,,,,,,,,,,,,,,,,,,,,,,,,,,,,0,0,0,0,0,0,0,0,0,1,1,1,1,1,1,1,1,1,1,1,1,1,1,1,1,1,1,1,1,1,0,0,0,1,1,1,1,1,1,1,1,1,1,1,1,1,1,1,1,0,0,0,0,0,0,1,1,1,1,1,1,1,1,1,1,1,1,1,1,1,1,1,1,1,1,1,1,1,1,1,1,1,1,1,1,1,1,1,1,1,1,1,1,1,1,1,1,1,1,1,1,1,1,1,1,1
2026-09-26T02:30:00Z,2026-09-26T01:30:00Z,60,4176.0,2026-09-23T15:05:05Z,semo_pub_dailyloadfcst_202609231505,3504.9166666666665,1,514.0,2026-09-23T15:05:05Z,semo_pub_dailyloadfcst_202609231505,3504.9166666666665,1,3662.0,2026-09-23T15:05:05Z,semo_pub_dailyloadfcst_202609231505,3504.9166666666665,1,,,,,0,,,,,0,,,,,0,,,,,0,,,,,0,,,,,0,,,,,0,2179.387,2026-09-23T12:23:53Z,semo_pub_15minaggwindfcst_202609231223,3666.116666666667,1,0,4193.018,1419.814,2.08,204.605,254.74650000000003,372.545,0.5236000000000001,2026-08-31T23:00:00Z,36150.0,1,,,,0,1,1,1,1,1,1,1,1,1,,,,,,,,,,,831.8965000000001,,,,113,0.0,0.0,0.0,13,472.79516261417166,1870.158,0.0,0,,,,,,,,,,,,,,,,,,,,,,,,,,,,,,,,,,,,,,,,,,,,,,,,,,,,0,0,0,0,0,0,0,0,0,1,1,1,1,1,1,1,1,1,1,1,1,1,1,1,1,1,1,1,1,1,0,0,0,1,1,1,1,1,1,1,1,1,1,1,1,1,1,1,1,0,0,0,0,0,0,1,1,1,1,1,1,1,1,1,1,1,1,1,1,1,1,1,1,1,1,1,1,1,1,1,1,1,1,1,1,1,1,1,1,1,1,1,1,1,1,1,1,1,1,1,1,1,1,1,1,1
2026-09-26T02:30:00Z,2026-09-26T02:00:00Z,30,4176.0,2026-09-23T15:05:05Z,semo_pub_dailyloadfcst_202609231505,3534.9166666666665,1,514.0,2026-09-23T15:05:05Z,semo_pub_dailyloadfcst_202609231505,3534.9166666666665,1,3662.0,2026-09-23T15:05:05Z,semo_pub_dailyloadfcst_202609231505,3534.9166666666665,1,,,,,0,,,,,0,,,,,0,,,,,0,,,,,0,,,,,0,,,,,0,2179.387,2026-09-23T12:23:53Z,semo_pub_15minaggwindfcst_202609231223,3696.116666666667,1,0,4193.018,1419.814,2.08,204.605,254.74650000000003,372.545,0.5236000000000001,2026-08-31T23:00:00Z,36180.0,1,,,,0,1,1,1,1,1,1,1,1,1,,,,,,,,,,,831.8965000000001,,,,113,0.0,0.0,0.0,13,472.79516261417166,1870.158,0.0,0,,,,,,,,,,,,,,,,,,,,,,,,,,,,,,,,,,,,,,,,,,,,,,,,,,,,0,0,0,0,0,0,0,0,0,1,1,1,1,1,1,1,1,1,1,1,1,1,1,1,1,1,1,1,1,1,0,0,0,1,1,1,1,1,1,1,1,1,1,1,1,1,1,1,1,0,0,0,0,0,0,1,1,1,1,1,1,1,1,1,1,1,1,1,1,1,1,1,1,1,1,1,1,1,1,1,1,1,1,1,1,1,1,1,1,1,1,1,1,1,1,1,1,1,1,1,1,1,1,1,1,1
2026-09-26T03:00:00Z,2026-09-26T02:00:00Z,60,4130.0,2026-09-23T15:05:05Z,semo_pub_dailyloadfcst_202609231505,3534.9166666666665,1,514.0,2026-09-23T15:05:05Z,semo_pub_dailyloadfcst_202609231505,3534.9166666666665,1,3616.0,2026-09-23T15:05:05Z,semo_pub_dailyloadfcst_202609231505,3534.9166666666665,1,,,,,0,,,,,0,,,,,0,,,,,0,,,,,0,,,,,0,,,,,0,2066.744,2026-09-23T12:23:53Z,semo_pub_15minaggwindfcst_202609231223,3696.116666666667,1,0,4193.018,1419.814,2.08,204.605,254.74650000000003,372.545,0.5236000000000001,2026-08-31T23:00:00Z,36180.0,1,,,,0,1,1,1,1,1,1,1,1,1,,,,,,,,,,,831.8965000000001,,,,113,0.0,0.0,0.0,13,442.8049373989628,1794.5819999999999,0.0,0,,,,,,,,,,,,,,,,,,,,,,,,,,,,,,,,,,,,,,,,,,,,,,,,,,,,0,0,0,0,0,0,0,0,0,1,1,1,1,1,1,1,1,1,1,1,1,1,1,1,1,1,1,1,1,1,0,0,0,1,1,1,1,1,1,1,1,1,1,1,1,1,1,1,1,0,0,0,0,0,0,1,1,1,1,1,1,1,1,1,1,1,1,1,1,1,1,1,1,1,1,1,1,1,1,1,1,1,1,1,1,1,1,1,1,1,1,1,1,1,1,1,1,1,1,1,1,1,1,1,1,1
2026-09-26T03:00:00Z,2026-09-26T02:30:00Z,30,4130.0,2026-09-23T15:05:05Z,semo_pub_dailyloadfcst_202609231505,3564.9166666666665,1,514.0,2026-09-23T15:05:05Z,semo_pub_dailyloadfcst_202609231505,3564.9166666666665,1,3616.0,2026-09-23T15:05:05Z,semo_pub_dailyloadfcst_202609231505,3564.9166666666665,1,,,,,0,,,,,0,,,,,0,,,,,0,,,,,0,,,,,0,,,,,0,2066.744,2026-09-23T12:23:53Z,semo_pub_15minaggwindfcst_202609231223,3726.116666666667,1,0,4193.018,1419.814,2.08,204.605,254.74650000000003,372.545,0.5236000000000001,2026-08-31T23:00:00Z,36210.0,1,,,,0,1,1,1,1,1,1,1,1,1,,,,,,,,,,,831.8965000000001,,,,113,0.0,0.0,0.0,13,442.8049373989628,1794.5819999999999,0.0,0,,,,,,,,,,,,,,,,,,,,,,,,,,,,,,,,,,,,,,,,,,,,,,,,,,,,0,0,0,0,0,0,0,0,0,1,1,1,1,1,1,1,1,1,1,1,1,1,1,1,1,1,1,1,1,1,0,0,0,1,1,1,1,1,1,1,1,1,1,1,1,1,1,1,1,0,0,0,0,0,0,1,1,1,1,1,1,1,1,1,1,1,1,1,1,1,1,1,1,1,1,1,1,1,1,1,1,1,1,1,1,1,1,1,1,1,1,1,1,1,1,1,1,1,1,1,1,1,1,1,1,1
2026-09-26T03:30:00Z,2026-09-26T02:30:00Z,60,4080.0,2026-09-23T15:05:05Z,semo_pub_dailyloadfcst_202609231505,3564.9166666666665,1,511.0,2026-09-23T15:05:05Z,semo_pub_dailyloadfcst_202609231505,3564.9166666666665,1,3569.0,2026-09-23T15:05:05Z,semo_pub_dailyloadfcst_202609231505,3564.9166666666665,1,,,,,0,,,,,0,,,,,0,,,,,0,,,,,0,,,,,0,,,,,0,1981.086,2026-09-23T12:23:53Z,semo_pub_15minaggwindfcst_202609231223,3726.116666666667,1,0,4193.018,1419.814,2.08,204.605,254.74650000000003,372.545,0.5236000000000001,2026-08-31T23:00:00Z,36210.0,1,,,,0,1,1,1,1,1,1,1,1,1,,,,,,,,,,,831.8965000000001,,,,113,0.0,0.0,0.0,13,420.41153540393987,1717.155,0.0,0,,,,,,,,,,,,,,,,,,,,,,,,,,,,,,,,,,,,,,,,,,,,,,,,,,,,0,0,0,0,0,0,0,0,0,1,1,1,1,1,1,1,1,1,1,1,1,1,1,1,1,1,1,1,1,1,0,0,0,1,1,1,1,1,1,1,1,1,1,1,1,1,1,1,1,0,0,0,0,0,0,1,1,1,1,1,1,1,1,1,1,1,1,1,1,1,1,1,1,1,1,1,1,1,1,1,1,1,1,1,1,1,1,1,1,1,1,1,1,1,1,1,1,1,1,1,1,1,1,1,1,1
2026-09-26T03:30:00Z,2026-09-26T03:00:00Z,30,4080.0,2026-09-23T15:05:05Z,semo_pub_dailyloadfcst_202609231505,3594.9166666666665,1,511.0,2026-09-23T15:05:05Z,semo_pub_dailyloadfcst_202609231505,3594.9166666666665,1,3569.0,2026-09-23T15:05:05Z,semo_pub_dailyloadfcst_202609231505,3594.9166666666665,1,,,,,0,,,,,0,,,,,0,,,,,0,,,,,0,,,,,0,,,,,0,1981.086,2026-09-23T12:23:53Z,semo_pub_15minaggwindfcst_202609231223,3756.116666666667,1,0,4193.018,1419.814,2.08,204.605,254.74650000000003,372.545,0.5236000000000001,2026-08-31T23:00:00Z,36240.0,1,,,,0,1,1,1,1,1,1,1,1,1,,,,,,,,,,,831.8965000000001,,,,113,0.0,0.0,0.0,13,420.41153540393987,1717.155,0.0,0,,,,,,,,,,,,,,,,,,,,,,,,,,,,,,,,,,,,,,,,,,,,,,,,,,,,0,0,0,0,0,0,0,0,0,1,1,1,1,1,1,1,1,1,1,1,1,1,1,1,1,1,1,1,1,1,0,0,0,1,1,1,1,1,1,1,1,1,1,1,1,1,1,1,1,0,0,0,0,0,0,1,1,1,1,1,1,1,1,1,1,1,1,1,1,1,1,1,1,1,1,1,1,1,1,1,1,1,1,1,1,1,1,1,1,1,1,1,1,1,1,1,1,1,1,1,1,1,1,1,1,1
2026-09-26T04:00:00Z,2026-09-26T03:00:00Z,60,4062.0,2026-09-23T15:05:05Z,semo_pub_dailyloadfcst_202609231505,3594.9166666666665,1,509.0,2026-09-23T15:05:05Z,semo_pub_dailyloadfcst_202609231505,3594.9166666666665,1,3553.0,2026-09-23T15:05:05Z,semo_pub_dailyloadfcst_202609231505,3594.9166666666665,1,,,,,0,,,,,0,,,,,0,,,,,0,,,,,0,,,,,0,,,,,0,1895.418,2026-09-23T12:23:53Z,semo_pub_15minaggwindfcst_202609231223,3756.116666666667,1,0,4193.018,1419.814,2.08,204.605,254.74650000000003,372.545,0.5236000000000001,2026-08-31T23:00:00Z,36240.0,1,,,,0,1,1,1,1,1,1,1,1,1,,,,,,,,,,,831.8965000000001,,,,113,0.7927148912056173,2.0,0.0,13,399.47066350042206,1639.743,0.0,0,,,,,,,,,,,,,,,,,,,,,,,,,,,,,,,,,,,,,,,,,,,,,,,,,,,,0,0,0,0,0,0,0,0,0,1,1,1,1,1,1,1,1,1,1,1,1,1,1,1,1,1,1,1,1,1,0,0,0,1,1,1,1,1,1,1,1,1,1,1,1,1,1,1,1,0,0,0,0,0,0,1,1,1,1,1,1,1,1,1,1,1,1,1,1,1,1,1,1,1,1,1,1,1,1,1,1,1,1,1,1,1,1,1,1,1,1,1,1,1,1,1,1,1,1,1,1,1,1,1,1,1
2026-09-26T04:00:00Z,2026-09-26T03:30:00Z,30,4062.0,2026-09-23T15:05:05Z,semo_pub_dailyloadfcst_202609231505,3624.9166666666665,1,509.0,2026-09-23T15:05:05Z,semo_pub_dailyloadfcst_202609231505,3624.9166666666665,1,3553.0,2026-09-23T15:05:05Z,semo_pub_dailyloadfcst_202609231505,3624.9166666666665,1,,,,,0,,,,,0,,,,,0,,,,,0,,,,,0,,,,,0,,,,,0,1895.418,2026-09-23T12:23:53Z,semo_pub_15minaggwindfcst_202609231223,3786.116666666667,1,0,4193.018,1419.814,2.08,204.605,254.74650000000003,372.545,0.5236000000000001,2026-08-31T23:00:00Z,36270.0,1,,,,0,1,1,1,1,1,1,1,1,1,,,,,,,,,,,831.8965000000001,,,,113,0.7927148912056173,2.0,0.0,13,399.47066350042206,1639.743,0.0,0,,,,,,,,,,,,,,,,,,,,,,,,,,,,,,,,,,,,,,,,,,,,,,,,,,,,0,0,0,0,0,0,0,0,0,1,1,1,1,1,1,1,1,1,1,1,1,1,1,1,1,1,1,1,1,1,0,0,0,1,1,1,1,1,1,1,1,1,1,1,1,1,1,1,1,0,0,0,0,0,0,1,1,1,1,1,1,1,1,1,1,1,1,1,1,1,1,1,1,1,1,1,1,1,1,1,1,1,1,1,1,1,1,1,1,1,1,1,1,1,1,1,1,1,1,1,1,1,1,1,1,1
2026-09-26T04:30:00Z,2026-09-26T03:30:00Z,60,4058.0,2026-09-23T15:05:05Z,semo_pub_dailyloadfcst_202609231505,3624.9166666666665,1,518.0,2026-09-23T15:05:05Z,semo_pub_dailyloadfcst_202609231505,3624.9166666666665,1,3540.0,2026-09-23T15:05:05Z,semo_pub_dailyloadfcst_202609231505,3624.9166666666665,1,,,,,0,,,,,0,,,,,0,,,,,0,,,,,0,,,,,0,,,,,0,1837.747,2026-09-23T12:23:53Z,semo_pub_15minaggwindfcst_202609231223,3786.116666666667,1,0,4193.018,1419.814,2.08,204.605,254.74650000000003,372.545,0.5236000000000001,2026-08-31T23:00:00Z,36270.0,1,,,,0,1,1,1,1,1,1,1,1,1,,,,,,,,,,,831.8965000000001,,,,113,0.43677743997355983,1.0,0.0,13,387.4292478333432,1597.247,0.0,0,,,,,,,,,,,,,,,,,,,,,,,,,,,,,,,,,,,,,,,,,,,,,,,,,,,,0,0,0,0,0,0,0,0,0,1,1,1,1,1,1,1,1,1,1,1,1,1,1,1,1,1,1,1,1,1,0,0,0,1,1,1,1,1,1,1,1,1,1,1,1,1,1,1,1,0,0,0,0,0,0,1,1,1,1,1,1,1,1,1,1,1,1,1,1,1,1,1,1,1,1,1,1,1,1,1,1,1,1,1,1,1,1,1,1,1,1,1,1,1,1,1,1,1,1,1,1,1,1,1,1,1
2026-09-26T04:30:00Z,2026-09-26T04:00:00Z,30,4058.0,2026-09-23T15:05:05Z,semo_pub_dailyloadfcst_202609231505,3654.9166666666665,1,518.0,2026-09-23T15:05:05Z,semo_pub_dailyloadfcst_202609231505,3654.9166666666665,1,3540.0,2026-09-23T15:05:05Z,semo_pub_dailyloadfcst_202609231505,3654.9166666666665,1,,,,,0,,,,,0,,,,,0,,,,,0,,,,,0,,,,,0,,,,,0,1837.747,2026-09-23T12:23:53Z,semo_pub_15minaggwindfcst_202609231223,3816.116666666667,1,0,4193.018,1419.814,2.08,204.605,254.74650000000003,372.545,0.5236000000000001,2026-08-31T23:00:00Z,36300.0,1,,,,0,1,1,1,1,1,1,1,1,1,,,,,,,,,,,831.8965000000001,,,,113,0.43677743997355983,1.0,0.0,13,387.4292478333432,1597.247,0.0,0,,,,,,,,,,,,,,,,,,,,,,,,,,,,,,,,,,,,,,,,,,,,,,,,,,,,0,0,0,0,0,0,0,0,0,1,1,1,1,1,1,1,1,1,1,1,1,1,1,1,1,1,1,1,1,1,0,0,0,1,1,1,1,1,1,1,1,1,1,1,1,1,1,1,1,0,0,0,0,0,0,1,1,1,1,1,1,1,1,1,1,1,1,1,1,1,1,1,1,1,1,1,1,1,1,1,1,1,1,1,1,1,1,1,1,1,1,1,1,1,1,1,1,1,1,1,1,1,1,1,1,1
2026-09-26T05:00:00Z,2026-09-26T04:00:00Z,60,4245.0,2026-09-23T15:05:05Z,semo_pub_dailyloadfcst_202609231505,3654.9166666666665,1,544.0,2026-09-23T15:05:05Z,semo_pub_dailyloadfcst_202609231505,3654.9166666666665,1,3701.0,2026-09-23T15:05:05Z,semo_pub_dailyloadfcst_202609231505,3654.9166666666665,1,,,,,0,,,,,0,,,,,0,,,,,0,,,,,0,,,,,0,,,,,0,1780.076,2026-09-23T12:23:53Z,semo_pub_15minaggwindfcst_202609231223,3816.116666666667,1,0,4193.018,1419.814,2.08,204.605,254.74650000000003,372.545,0.5236000000000001,2026-08-31T23:00:00Z,36300.0,1,,,,0,1,1,1,1,1,1,1,1,1,,,,,,,,,,,831.8965000000001,,,,113,0.43677743997355983,1.0,0.0,13,376.4830562495711,1554.764,0.0,0,,,,,,,,,,,,,,,,,,,,,,,,,,,,,,,,,,,,,,,,,,,,,,,,,,,,0,0,0,0,0,0,0,0,0,1,1,1,1,1,1,1,1,1,1,1,1,1,1,1,1,1,1,1,1,1,0,0,0,1,1,1,1,1,1,1,1,1,1,1,1,1,1,1,1,0,0,0,0,0,0,1,1,1,1,1,1,1,1,1,1,1,1,1,1,1,1,1,1,1,1,1,1,1,1,1,1,1,1,1,1,1,1,1,1,1,1,1,1,1,1,1,1,1,1,1,1,1,1,1,1,1
2026-09-26T05:00:00Z,2026-09-26T04:30:00Z,30,4245.0,2026-09-23T15:05:05Z,semo_pub_dailyloadfcst_202609231505,3684.9166666666665,1,544.0,2026-09-23T15:05:05Z,semo_pub_dailyloadfcst_202609231505,3684.9166666666665,1,3701.0,2026-09-23T15:05:05Z,semo_pub_dailyloadfcst_202609231505,3684.9166666666665,1,,,,,0,,,,,0,,,,,0,,,,,0,,,,,0,,,,,0,,,,,0,1780.076,2026-09-23T12:23:53Z,semo_pub_15minaggwindfcst_202609231223,3846.116666666667,1,0,4193.018,1419.814,2.08,204.605,254.74650000000003,372.545,0.5236000000000001,2026-08-31T23:00:00Z,36330.0,1,,,,0,1,1,1,1,1,1,1,1,1,,,,,,,,,,,831.8965000000001,,,,113,0.43677743997355983,1.0,0.0,13,376.4830562495711,1554.764,0.0,0,,,,,,,,,,,,,,,,,,,,,,,,,,,,,,,,,,,,,,,,,,,,,,,,,,,,0,0,0,0,0,0,0,0,0,1,1,1,1,1,1,1,1,1,1,1,1,1,1,1,1,1,1,1,1,1,0,0,0,1,1,1,1,1,1,1,1,1,1,1,1,1,1,1,1,0,0,0,0,0,0,1,1,1,1,1,1,1,1,1,1,1,1,1,1,1,1,1,1,1,1,1,1,1,1,1,1,1,1,1,1,1,1,1,1,1,1,1,1,1,1,1,1,1,1,1,1,1,1,1,1,1
2026-09-26T05:30:00Z,2026-09-26T04:30:00Z,60,4282.0,2026-09-23T15:05:05Z,semo_pub_dailyloadfcst_202609231505,3684.9166666666665,1,591.0,2026-09-23T15:05:05Z,semo_pub_dailyloadfcst_202609231505,3684.9166666666665,1,3691.0,2026-09-23T15:05:05Z,semo_pub_dailyloadfcst_202609231505,3684.9166666666665,1,,,,,0,,,,,0,,,,,0,,,,,0,,,,,0,,,,,0,,,,,0,1720.215,2026-09-23T12:23:53Z,semo_pub_15minaggwindfcst_202609231223,3846.116666666667,1,0,4193.018,1419.814,2.08,204.605,254.74650000000003,372.545,0.5236000000000001,2026-08-31T23:00:00Z,36330.0,1,,,,0,1,1,1,1,1,1,1,1,1,,,,,,,,,,,831.8965000000001,,,,113,0.7927148912056174,2.0,0.0,13,365.8352344664848,1503.8129999999999,0.0,0,,,,,,,,,,,,,,,,,,,,,,,,,,,,,,,,,,,,,,,,,,,,,,,,,,,,0,0,0,0,0,0,0,0,0,1,1,1,1,1,1,1,1,1,1,1,1,1,1,1,1,1,1,1,1,1,0,0,0,1,1,1,1,1,1,1,1,1,1,1,1,1,1,1,1,0,0,0,0,0,0,1,1,1,1,1,1,1,1,1,1,1,1,1,1,1,1,1,1,1,1,1,1,1,1,1,1,1,1,1,1,1,1,1,1,1,1,1,1,1,1,1,1,1,1,1,1,1,1,1,1,1
2026-09-26T05:30:00Z,2026-09-26T05:00:00Z,30,4282.0,2026-09-23T15:05:05Z,semo_pub_dailyloadfcst_202609231505,3714.9166666666665,1,591.0,2026-09-23T15:05:05Z,semo_pub_dailyloadfcst_202609231505,3714.9166666666665,1,3691.0,2026-09-23T15:05:05Z,semo_pub_dailyloadfcst_202609231505,3714.9166666666665,1,,,,,0,,,,,0,,,,,0,,,,,0,,,,,0,,,,,0,,,,,0,1720.215,2026-09-23T12:23:53Z,semo_pub_15minaggwindfcst_202609231223,3876.116666666667,1,0,4193.018,1419.814,2.08,204.605,254.74650000000003,372.545,0.5236000000000001,2026-08-31T23:00:00Z,36360.0,1,,,,0,1,1,1,1,1,1,1,1,1,,,,,,,,,,,831.8965000000001,,,,113,0.7927148912056174,2.0,0.0,13,365.8352344664848,1503.8129999999999,0.0,0,,,,,,,,,,,,,,,,,,,,,,,,,,,,,,,,,,,,,,,,,,,,,,,,,,,,0,0,0,0,0,0,0,0,0,1,1,1,1,1,1,1,1,1,1,1,1,1,1,1,1,1,1,1,1,1,0,0,0,1,1,1,1,1,1,1,1,1,1,1,1,1,1,1,1,0,0,0,0,0,0,1,1,1,1,1,1,1,1,1,1,1,1,1,1,1,1,1,1,1,1,1,1,1,1,1,1,1,1,1,1,1,1,1,1,1,1,1,1,1,1,1,1,1,1,1,1,1,1,1,1,1
2026-09-26T06:00:00Z,2026-09-26T05:00:00Z,60,4431.0,2026-09-23T15:05:05Z,semo_pub_dailyloadfcst_202609231505,3714.9166666666665,1,650.0,2026-09-23T15:05:05Z,semo_pub_dailyloadfcst_202609231505,3714.9166666666665,1,3781.0,2026-09-23T15:05:05Z,semo_pub_dailyloadfcst_202609231505,3714.9166666666665,1,,,,,0,,,,,0,,,,,0,,,,,0,,,,,0,,,,,0,,,,,0,1660.328,2026-09-23T12:23:53Z,semo_pub_15minaggwindfcst_202609231223,3876.116666666667,1,0,4193.018,1419.814,2.08,204.605,254.74650000000003,372.545,0.5236000000000001,2026-08-31T23:00:00Z,36360.0,1,,,,0,1,1,1,1,1,1,1,1,1,,,,,,,,,,,831.8965000000001,,,,113,0.43677743997355983,1.0,0.0,13,357.15156602149943,1452.8490000000002,0.0,0,,,,,,,,,,,,,,,,,,,,,,,,,,,,,,,,,,,,,,,,,,,,,,,,,,,,0,0,0,0,0,0,0,0,0,1,1,1,1,1,1,1,1,1,1,1,1,1,1,1,1,1,1,1,1,1,0,0,0,1,1,1,1,1,1,1,1,1,1,1,1,1,1,1,1,0,0,0,0,0,0,1,1,1,1,1,1,1,1,1,1,1,1,1,1,1,1,1,1,1,1,1,1,1,1,1,1,1,1,1,1,1,1,1,1,1,1,1,1,1,1,1,1,1,1,1,1,1,1,1,1,1
2026-09-26T06:00:00Z,2026-09-26T05:30:00Z,30,4431.0,2026-09-23T15:05:05Z,semo_pub_dailyloadfcst_202609231505,3744.9166666666665,1,650.0,2026-09-23T15:05:05Z,semo_pub_dailyloadfcst_202609231505,3744.9166666666665,1,3781.0,2026-09-23T15:05:05Z,semo_pub_dailyloadfcst_202609231505,3744.9166666666665,1,,,,,0,,,,,0,,,,,0,,,,,0,,,,,0,,,,,0,,,,,0,1660.328,2026-09-23T12:23:53Z,semo_pub_15minaggwindfcst_202609231223,3906.116666666667,1,0,4193.018,1419.814,2.08,204.605,254.74650000000003,372.545,0.5236000000000001,2026-08-31T23:00:00Z,36390.0,1,,,,0,1,1,1,1,1,1,1,1,1,,,,,,,,,,,831.8965000000001,,,,113,0.43677743997355983,1.0,0.0,13,357.15156602149943,1452.8490000000002,0.0,0,,,,,,,,,,,,,,,,,,,,,,,,,,,,,,,,,,,,,,,,,,,,,,,,,,,,0,0,0,0,0,0,0,0,0,1,1,1,1,1,1,1,1,1,1,1,1,1,1,1,1,1,1,1,1,1,0,0,0,1,1,1,1,1,1,1,1,1,1,1,1,1,1,1,1,0,0,0,0,0,0,1,1,1,1,1,1,1,1,1,1,1,1,1,1,1,1,1,1,1,1,1,1,1,1,1,1,1,1,1,1,1,1,1,1,1,1,1,1,1,1,1,1,1,1,1,1,1,1,1,1,1
2026-09-26T06:30:00Z,2026-09-26T05:30:00Z,60,4637.0,2026-09-23T15:05:05Z,semo_pub_dailyloadfcst_202609231505,3744.9166666666665,1,711.0,2026-09-23T15:05:05Z,semo_pub_dailyloadfcst_202609231505,3744.9166666666665,1,3926.0,2026-09-23T15:05:05Z,semo_pub_dailyloadfcst_202609231505,3744.9166666666665,1,,,,,0,,,,,0,,,,,0,,,,,0,,,,,0,,,,,0,,,,,0,1635.13,2026-09-23T12:23:53Z,semo_pub_15minaggwindfcst_202609231223,3906.116666666667,1,0,4193.018,1419.814,2.08,204.605,254.74650000000003,372.545,0.5236000000000001,2026-08-31T23:00:00Z,36390.0,1,,,,0,1,1,1,1,1,1,1,1,1,,,,,,,,,,,831.8965000000001,,,,113,0.43677743997355983,1.0,0.0,13,355.9492120088924,1426.268,0.0,0,,,,,,,,,,,,,,,,,,,,,,,,,,,,,,,,,,,,,,,,,,,,,,,,,,,,0,0,0,0,0,0,0,0,0,1,1,1,1,1,1,1,1,1,1,1,1,1,1,1,1,1,1,1,1,1,0,0,0,1,1,1,1,1,1,1,1,1,1,1,1,1,1,1,1,0,0,0,0,0,0,1,1,1,1,1,1,1,1,1,1,1,1,1,1,1,1,1,1,1,1,1,1,1,1,1,1,1,1,1,1,1,1,1,1,1,1,1,1,1,1,1,1,1,1,1,1,1,1,1,1,1
2026-09-26T06:30:00Z,2026-09-26T06:00:00Z,30,4637.0,2026-09-23T15:05:05Z,semo_pub_dailyloadfcst_202609231505,3774.9166666666665,1,711.0,2026-09-23T15:05:05Z,semo_pub_dailyloadfcst_202609231505,3774.9166666666665,1,3926.0,2026-09-23T15:05:05Z,semo_pub_dailyloadfcst_202609231505,3774.9166666666665,1,,,,,0,,,,,0,,,,,0,,,,,0,,,,,0,,,,,0,,,,,0,1635.13,2026-09-23T12:23:53Z,semo_pub_15minaggwindfcst_202609231223,3936.116666666667,1,0,4193.018,1419.814,2.08,204.605,254.74650000000003,372.545,0.5236000000000001,2026-08-31T23:00:00Z,36420.0,1,,,,0,1,1,1,1,1,1,1,1,1,,,,,,,,,,,831.8965000000001,,,,113,0.43677743997355983,1.0,0.0,13,355.9492120088924,1426.268,0.0,0,,,,,,,,,,,,,,,,,,,,,,,,,,,,,,,,,,,,,,,,,,,,,,,,,,,,0,0,0,0,0,0,0,0,0,1,1,1,1,1,1,1,1,1,1,1,1,1,1,1,1,1,1,1,1,1,0,0,0,1,1,1,1,1,1,1,1,1,1,1,1,1,1,1,1,0,0,0,0,0,0,1,1,1,1,1,1,1,1,1,1,1,1,1,1,1,1,1,1,1,1,1,1,1,1,1,1,1,1,1,1,1,1,1,1,1,1,1,1,1,1,1,1,1,1,1,1,1,1,1,1,1
2026-09-26T07:00:00Z,2026-09-26T06:00:00Z,60,4738.0,2026-09-23T15:05:05Z,semo_pub_dailyloadfcst_202609231505,3774.9166666666665,1,751.0,2026-09-23T15:05:05Z,semo_pub_dailyloadfcst_202609231505,3774.9166666666665,1,3987.0,2026-09-23T15:05:05Z,semo_pub_dailyloadfcst_202609231505,3774.9166666666665,1,,,,,0,,,,,0,,,,,0,,,,,0,,,,,0,,,,,0,,,,,0,1609.921,2026-09-23T12:23:53Z,semo_pub_15minaggwindfcst_202609231223,3936.116666666667,1,0,4193.018,1419.814,2.08,204.605,254.74650000000003,372.545,0.5236000000000001,2026-08-31T23:00:00Z,36420.0,1,,,,0,1,1,1,1,1,1,1,1,1,,,,,,,,,,,831.8965000000001,,,,113,0.0,0.0,0.0,11,387.10051899147726,1432.764,0.0,0,,,,,,,,,,,,,,,,,,,,,,,,,,,,,,,,,,,,,,,,,,,,,,,,,,,,0,0,0,0,0,0,0,0,0,1,1,1,1,1,1,1,1,1,1,1,1,1,1,1,1,1,1,1,1,1,0,0,0,1,1,1,1,1,1,1,1,1,1,1,1,1,1,1,1,0,0,0,0,0,0,1,1,1,1,1,1,1,1,1,1,1,1,1,1,1,1,1,1,1,1,1,1,1,1,1,1,1,1,1,1,1,1,1,1,1,1,1,1,1,1,1,1,1,1,1,1,1,1,1,1,1
2026-09-26T07:00:00Z,2026-09-26T06:30:00Z,30,4738.0,2026-09-23T15:05:05Z,semo_pub_dailyloadfcst_202609231505,3804.9166666666665,1,751.0,2026-09-23T15:05:05Z,semo_pub_dailyloadfcst_202609231505,3804.9166666666665,1,3987.0,2026-09-23T15:05:05Z,semo_pub_dailyloadfcst_202609231505,3804.9166666666665,1,,,,,0,,,,,0,,,,,0,,,,,0,,,,,0,,,,,0,,,,,0,1609.921,2026-09-23T12:23:53Z,semo_pub_15minaggwindfcst_202609231223,3966.116666666667,1,0,4193.018,1419.814,2.08,204.605,254.74650000000003,372.545,0.5236000000000001,2026-08-31T23:00:00Z,36450.0,1,,,,0,1,1,1,1,1,1,1,1,1,,,,,,,,,,,831.8965000000001,,,,113,0.0,0.0,0.0,11,387.10051899147726,1432.764,0.0,0,,,,,,,,,,,,,,,,,,,,,,,,,,,,,,,,,,,,,,,,,,,,,,,,,,,,0,0,0,0,0,0,0,0,0,1,1,1,1,1,1,1,1,1,1,1,1,1,1,1,1,1,1,1,1,1,0,0,0,1,1,1,1,1,1,1,1,1,1,1,1,1,1,1,1,0,0,0,0,0,0,1,1,1,1,1,1,1,1,1,1,1,1,1,1,1,1,1,1,1,1,1,1,1,1,1,1,1,1,1,1,1,1,1,1,1,1,1,1,1,1,1,1,1,1,1,1,1,1,1,1,1
2026-09-26T07:30:00Z,2026-09-26T06:30:00Z,60,4816.0,2026-09-23T15:05:05Z,semo_pub_dailyloadfcst_202609231505,3804.9166666666665,1,783.0,2026-09-23T15:05:05Z,semo_pub_dailyloadfcst_202609231505,3804.9166666666665,1,4033.0,2026-09-23T15:05:05Z,semo_pub_dailyloadfcst_202609231505,3804.9166666666665,1,,,,,0,,,,,0,,,,,0,,,,,0,,,,,0,,,,,0,,,,,0,1777.419,2026-09-23T12:23:53Z,semo_pub_15minaggwindfcst_202609231223,3966.116666666667,1,0,4193.018,1419.814,2.08,204.605,254.74650000000003,372.545,0.5236000000000001,2026-08-31T23:00:00Z,36450.0,1,,,,0,1,1,1,1,1,1,1,1,1,,,,,,,,,,,831.8965000000001,,,,113,0.487609816423218,1.0,0.0,11,434.9398117283177,1626.85,0.0,0,,,,,,,,,,,,,,,,,,,,,,,,,,,,,,,,,,,,,,,,,,,,,,,,,,,,0,0,0,0,0,0,0,0,0,1,1,1,1,1,1,1,1,1,1,1,1,1,1,1,1,1,1,1,1,1,0,0,0,1,1,1,1,1,1,1,1,1,1,1,1,1,1,1,1,0,0,0,0,0,0,1,1,1,1,1,1,1,1,1,1,1,1,1,1,1,1,1,1,1,1,1,1,1,1,1,1,1,1,1,1,1,1,1,1,1,1,1,1,1,1,1,1,1,1,1,1,1,1,1,1,1
2026-09-26T07:30:00Z,2026-09-26T07:00:00Z,30,4816.0,2026-09-23T15:05:05Z,semo_pub_dailyloadfcst_202609231505,3834.9166666666665,1,783.0,2026-09-23T15:05:05Z,semo_pub_dailyloadfcst_202609231505,3834.9166666666665,1,4033.0,2026-09-23T15:05:05Z,semo_pub_dailyloadfcst_202609231505,3834.9166666666665,1,,,,,0,,,,,0,,,,,0,,,,,0,,,,,0,,,,,0,,,,,0,1777.419,2026-09-23T12:23:53Z,semo_pub_15minaggwindfcst_202609231223,3996.116666666667,1,0,4193.018,1419.814,2.08,204.605,254.74650000000003,372.545,0.5236000000000001,2026-08-31T23:00:00Z,36480.0,1,,,,0,1,1,1,1,1,1,1,1,1,,,,,,,,,,,831.8965000000001,,,,113,0.487609816423218,1.0,0.0,11,434.9398117283177,1626.85,0.0,0,,,,,,,,,,,,,,,,,,,,,,,,,,,,,,,,,,,,,,,,,,,,,,,,,,,,0,0,0,0,0,0,0,0,0,1,1,1,1,1,1,1,1,1,1,1,1,1,1,1,1,1,1,1,1,1,0,0,0,1,1,1,1,1,1,1,1,1,1,1,1,1,1,1,1,0,0,0,0,0,0,1,1,1,1,1,1,1,1,1,1,1,1,1,1,1,1,1,1,1,1,1,1,1,1,1,1,1,1,1,1,1,1,1,1,1,1,1,1,1,1,1,1,1,1,1,1,1,1,1,1,1
2026-09-26T08:00:00Z,2026-09-26T07:00:00Z,60,4981.0,2026-09-23T15:05:05Z,semo_pub_dailyloadfcst_202609231505,3834.9166666666665,1,813.0,2026-09-23T15:05:05Z,semo_pub_dailyloadfcst_202609231505,3834.9166666666665,1,4168.0,2026-09-23T15:05:05Z,semo_pub_dailyloadfcst_202609231505,3834.9166666666665,1,,,,,0,,,,,0,,,,,0,,,,,0,,,,,0,,,,,0,,,,,0,1944.878,2026-09-23T12:23:53Z,semo_pub_15minaggwindfcst_202609231223,3996.116666666667,1,0,4193.018,1419.814,2.08,204.605,254.74650000000003,372.545,0.5236000000000001,2026-08-31T23:00:00Z,36480.0,1,,,,0,1,1,1,1,1,1,1,1,1,,,,,,,,,,,831.8965000000001,,,,113,0.0,0.0,0.0,11,484.41533624511845,1820.9430000000002,0.0,0,,,,,,,,,,,,,,,,,,,,,,,,,,,,,,,,,,,,,,,,,,,,,,,,,,,,0,0,0,0,0,0,0,0,0,1,1,1,1,1,1,1,1,1,1,1,1,1,1,1,1,1,1,1,1,1,0,0,0,1,1,1,1,1,1,1,1,1,1,1,1,1,1,1,1,0,0,0,0,0,0,1,1,1,1,1,1,1,1,1,1,1,1,1,1,1,1,1,1,1,1,1,1,1,1,1,1,1,1,1,1,1,1,1,1,1,1,1,1,1,1,1,1,1,1,1,1,1,1,1,1,1
2026-09-26T08:00:00Z,2026-09-26T07:30:00Z,30,4981.0,2026-09-23T15:05:05Z,semo_pub_dailyloadfcst_202609231505,3864.9166666666665,1,813.0,2026-09-23T15:05:05Z,semo_pub_dailyloadfcst_202609231505,3864.9166666666665,1,4168.0,2026-09-23T15:05:05Z,semo_pub_dailyloadfcst_202609231505,3864.9166666666665,1,,,,,0,,,,,0,,,,,0,,,,,0,,,,,0,,,,,0,,,,,0,1944.878,2026-09-23T12:23:53Z,semo_pub_15minaggwindfcst_202609231223,4026.116666666667,1,0,4193.018,1419.814,2.08,204.605,254.74650000000003,372.545,0.5236000000000001,2026-08-31T23:00:00Z,36510.0,1,,,,0,1,1,1,1,1,1,1,1,1,,,,,,,,,,,831.8965000000001,,,,113,0.0,0.0,0.0,11,484.41533624511845,1820.9430000000002,0.0,0,,,,,,,,,,,,,,,,,,,,,,,,,,,,,,,,,,,,,,,,,,,,,,,,,,,,0,0,0,0,0,0,0,0,0,1,1,1,1,1,1,1,1,1,1,1,1,1,1,1,1,1,1,1,1,1,0,0,0,1,1,1,1,1,1,1,1,1,1,1,1,1,1,1,1,0,0,0,0,0,0,1,1,1,1,1,1,1,1,1,1,1,1,1,1,1,1,1,1,1,1,1,1,1,1,1,1,1,1,1,1,1,1,1,1,1,1,1,1,1,1,1,1,1,1,1,1,1,1,1,1,1
2026-09-26T08:30:00Z,2026-09-26T07:30:00Z,60,5014.0,2026-09-23T15:05:05Z,semo_pub_dailyloadfcst_202609231505,3864.9166666666665,1,827.0,2026-09-23T15:05:05Z,semo_pub_dailyloadfcst_202609231505,3864.9166666666665,1,4187.0,2026-09-23T15:05:05Z,semo_pub_dailyloadfcst_202609231505,3864.9166666666665,1,,,,,0,,,,,0,,,,,0,,,,,0,,,,,0,,,,,0,,,,,0,2145.145,2026-09-23T12:23:53Z,semo_pub_15minaggwindfcst_202609231223,4026.116666666667,1,0,4193.018,1419.814,2.08,204.605,254.74650000000003,372.545,0.5236000000000001,2026-08-31T23:00:00Z,36510.0,1,,,,0,1,1,1,1,1,1,1,1,1,,,,,,,,,,,831.8965000000001,,,,113,0.0,0.0,0.0,11,533.9675263908846,1994.0819999999999,0.0,0,,,,,,,,,,,,,,,,,,,,,,,,,,,,,,,,,,,,,,,,,,,,,,,,,,,,0,0,0,0,0,0,0,0,0,1,1,1,1,1,1,1,1,1,1,1,1,1,1,1,1,1,1,1,1,1,0,0,0,1,1,1,1,1,1,1,1,1,1,1,1,1,1,1,1,0,0,0,0,0,0,1,1,1,1,1,1,1,1,1,1,1,1,1,1,1,1,1,1,1,1,1,1,1,1,1,1,1,1,1,1,1,1,1,1,1,1,1,1,1,1,1,1,1,1,1,1,1,1,1,1,1
2026-09-26T08:30:00Z,2026-09-26T08:00:00Z,30,5014.0,2026-09-23T15:05:05Z,semo_pub_dailyloadfcst_202609231505,3894.9166666666665,1,827.0,2026-09-23T15:05:05Z,semo_pub_dailyloadfcst_202609231505,3894.9166666666665,1,4187.0,2026-09-23T15:05:05Z,semo_pub_dailyloadfcst_202609231505,3894.9166666666665,1,,,,,0,,,,,0,,,,,0,,,,,0,,,,,0,,,,,0,,,,,0,2145.145,2026-09-23T12:23:53Z,semo_pub_15minaggwindfcst_202609231223,4056.116666666667,1,0,4193.018,1419.814,2.08,204.605,254.74650000000003,372.545,0.5236000000000001,2026-08-31T23:00:00Z,36540.0,1,,,,0,1,1,1,1,1,1,1,1,1,,,,,,,,,,,831.8965000000001,,,,113,0.0,0.0,0.0,11,533.9675263908846,1994.0819999999999,0.0,0,,,,,,,,,,,,,,,,,,,,,,,,,,,,,,,,,,,,,,,,,,,,,,,,,,,,0,0,0,0,0,0,0,0,0,1,1,1,1,1,1,1,1,1,1,1,1,1,1,1,1,1,1,1,1,1,0,0,0,1,1,1,1,1,1,1,1,1,1,1,1,1,1,1,1,0,0,0,0,0,0,1,1,1,1,1,1,1,1,1,1,1,1,1,1,1,1,1,1,1,1,1,1,1,1,1,1,1,1,1,1,1,1,1,1,1,1,1,1,1,1,1,1,1,1,1,1,1,1,1,1,1
2026-09-26T09:00:00Z,2026-09-26T08:00:00Z,60,4983.0,2026-09-23T15:05:05Z,semo_pub_dailyloadfcst_202609231505,3894.9166666666665,1,789.0,2026-09-23T15:05:05Z,semo_pub_dailyloadfcst_202609231505,3894.9166666666665,1,4194.0,2026-09-23T15:05:05Z,semo_pub_dailyloadfcst_202609231505,3894.9166666666665,1,,,,,0,,,,,0,,,,,0,,,,,0,,,,,0,,,,,0,,,,,0,2345.413,2026-09-23T12:23:53Z,semo_pub_15minaggwindfcst_202609231223,4056.116666666667,1,0,4193.018,1419.814,2.08,204.605,254.74650000000003,372.545,0.5236000000000001,2026-08-31T23:00:00Z,36540.0,1,,,,0,1,1,1,1,1,1,1,1,1,,,,,,,,,,,831.8965000000001,,,,113,8.607667594687198,18.0,0.0,11,583.7309020758319,2167.2450000000003,0.0,0,,,,,,,,,,,,,,,,,,,,,,,,,,,,,,,,,,,,,,,,,,,,,,,,,,,,0,0,0,0,0,0,0,0,0,1,1,1,1,1,1,1,1,1,1,1,1,1,1,1,1,1,1,1,1,1,0,0,0,1,1,1,1,1,1,1,1,1,1,1,1,1,1,1,1,0,0,0,0,0,0,1,1,1,1,1,1,1,1,1,1,1,1,1,1,1,1,1,1,1,1,1,1,1,1,1,1,1,1,1,1,1,1,1,1,1,1,1,1,1,1,1,1,1,1,1,1,1,1,1,1,1
2026-09-26T09:00:00Z,2026-09-26T08:30:00Z,30,4983.0,2026-09-23T15:05:05Z,semo_pub_dailyloadfcst_202609231505,3924.9166666666665,1,789.0,2026-09-23T15:05:05Z,semo_pub_dailyloadfcst_202609231505,3924.9166666666665,1,4194.0,2026-09-23T15:05:05Z,semo_pub_dailyloadfcst_202609231505,3924.9166666666665,1,,,,,0,,,,,0,,,,,0,,,,,0,,,,,0,,,,,0,,,,,0,2345.413,2026-09-23T12:23:53Z,semo_pub_15minaggwindfcst_202609231223,4086.116666666667,1,0,4193.018,1419.814,2.08,204.605,254.74650000000003,372.545,0.5236000000000001,2026-08-31T23:00:00Z,36570.0,1,,,,0,1,1,1,1,1,1,1,1,1,,,,,,,,,,,831.8965000000001,,,,113,8.607667594687198,18.0,0.0,11,583.7309020758319,2167.2450000000003,0.0,0,,,,,,,,,,,,,,,,,,,,,,,,,,,,,,,,,,,,,,,,,,,,,,,,,,,,0,0,0,0,0,0,0,0,0,1,1,1,1,1,1,1,1,1,1,1,1,1,1,1,1,1,1,1,1,1,0,0,0,1,1,1,1,1,1,1,1,1,1,1,1,1,1,1,1,0,0,0,0,0,0,1,1,1,1,1,1,1,1,1,1,1,1,1,1,1,1,1,1,1,1,1,1,1,1,1,1,1,1,1,1,1,1,1,1,1,1,1,1,1,1,1,1,1,1,1,1,1,1,1,1,1
2026-09-26T09:30:00Z,2026-09-26T08:30:00Z,60,5009.0,2026-09-23T15:05:05Z,semo_pub_dailyloadfcst_202609231505,3924.9166666666665,1,797.0,2026-09-23T15:05:05Z,semo_pub_dailyloadfcst_202609231505,3924.9166666666665,1,4212.0,2026-09-23T15:05:05Z,semo_pub_dailyloadfcst_202609231505,3924.9166666666665,1,,,,,0,,,,,0,,,,,0,,,,,0,,,,,0,,,,,0,,,,,0,2541.155,2026-09-23T12:23:53Z,semo_pub_15minaggwindfcst_202609231223,4086.116666666667,1,0,4193.018,1419.814,2.08,204.605,254.74650000000003,372.545,0.5236000000000001,2026-08-31T23:00:00Z,36570.0,1,,,,0,1,1,1,1,1,1,1,1,1,,,,,,,,,,,831.8965000000001,,,,113,8.607667594687198,18.0,0.0,11,633.6433658670746,2339.474,0.0,0,,,,,,,,,,,,,,,,,,,,,,,,,,,,,,,,,,,,,,,,,,,,,,,,,,,,0,0,0,0,0,0,0,0,0,1,1,1,1,1,1,1,1,1,1,1,1,1,1,1,1,1,1,1,1,1,0,0,0,1,1,1,1,1,1,1,1,1,1,1,1,1,1,1,1,0,0,0,0,0,0,1,1,1,1,1,1,1,1,1,1,1,1,1,1,1,1,1,1,1,1,1,1,1,1,1,1,1,1,1,1,1,1,1,1,1,1,1,1,1,1,1,1,1,1,1,1,1,1,1,1,1
2026-09-26T09:30:00Z,2026-09-26T09:00:00Z,30,5009.0,2026-09-23T15:05:05Z,semo_pub_dailyloadfcst_202609231505,3954.9166666666665,1,797.0,2026-09-23T15:05:05Z,semo_pub_dailyloadfcst_202609231505,3954.9166666666665,1,4212.0,2026-09-23T15:05:05Z,semo_pub_dailyloadfcst_202609231505,3954.9166666666665,1,,,,,0,,,,,0,,,,,0,,,,,0,,,,,0,,,,,0,,,,,0,2541.155,2026-09-23T12:23:53Z,semo_pub_15minaggwindfcst_202609231223,4116.116666666667,1,0,4193.018,1419.814,2.08,204.605,254.74650000000003,372.545,0.5236000000000001,2026-08-31T23:00:00Z,36600.0,1,,,,0,1,1,1,1,1,1,1,1,1,,,,,,,,,,,831.8965000000001,,,,113,8.607667594687198,18.0,0.0,11,633.6433658670746,2339.474,0.0,0,,,,,,,,,,,,,,,,,,,,,,,,,,,,,,,,,,,,,,,,,,,,,,,,,,,,0,0,0,0,0,0,0,0,0,1,1,1,1,1,1,1,1,1,1,1,1,1,1,1,1,1,1,1,1,1,0,0,0,1,1,1,1,1,1,1,1,1,1,1,1,1,1,1,1,0,0,0,0,0,0,1,1,1,1,1,1,1,1,1,1,1,1,1,1,1,1,1,1,1,1,1,1,1,1,1,1,1,1,1,1,1,1,1,1,1,1,1,1,1,1,1,1,1,1,1,1,1,1,1,1,1
2026-09-26T10:00:00Z,2026-09-26T09:00:00Z,60,5043.0,2026-09-23T15:05:05Z,semo_pub_dailyloadfcst_202609231505,3954.9166666666665,1,790.0,2026-09-23T15:05:05Z,semo_pub_dailyloadfcst_202609231505,3954.9166666666665,1,4253.0,2026-09-23T15:05:05Z,semo_pub_dailyloadfcst_202609231505,3954.9166666666665,1,,,,,0,,,,,0,,,,,0,,,,,0,,,,,0,,,,,0,,,,,0,2736.905,2026-09-23T12:23:53Z,semo_pub_15minaggwindfcst_202609231223,4116.116666666667,1,0,4193.018,1419.814,2.08,204.605,254.74650000000003,372.545,0.5236000000000001,2026-08-31T23:00:00Z,36600.0,1,,,,0,1,1,1,1,1,1,1,1,1,,,,,,,,,,,831.8965000000001,,,,113,1.7471097598942396,4.0,0.0,11,683.7108410650183,2511.7160000000003,0.0,0,,,,,,,,,,,,,,,,,,,,,,,,,,,,,,,,,,,,,,,,,,,,,,,,,,,,0,0,0,0,0,0,0,0,0,1,1,1,1,1,1,1,1,1,1,1,1,1,1,1,1,1,1,1,1,1,0,0,0,1,1,1,1,1,1,1,1,1,1,1,1,1,1,1,1,0,0,0,0,0,0,1,1,1,1,1,1,1,1,1,1,1,1,1,1,1,1,1,1,1,1,1,1,1,1,1,1,1,1,1,1,1,1,1,1,1,1,1,1,1,1,1,1,1,1,1,1,1,1,1,1,1
2026-09-26T10:00:00Z,2026-09-26T09:30:00Z,30,5043.0,2026-09-23T15:05:05Z,semo_pub_dailyloadfcst_202609231505,3984.9166666666665,1,790.0,2026-09-23T15:05:05Z,semo_pub_dailyloadfcst_202609231505,3984.9166666666665,1,4253.0,2026-09-23T15:05:05Z,semo_pub_dailyloadfcst_202609231505,3984.9166666666665,1,,,,,0,,,,,0,,,,,0,,,,,0,,,,,0,,,,,0,,,,,0,2736.905,2026-09-23T12:23:53Z,semo_pub_15minaggwindfcst_202609231223,4146.116666666667,1,0,4193.018,1419.814,2.08,204.605,254.74650000000003,372.545,0.5236000000000001,2026-08-31T23:00:00Z,36630.0,1,,,,0,1,1,1,1,1,1,1,1,1,,,,,,,,,,,831.8965000000001,,,,113,1.7471097598942396,4.0,0.0,11,683.7108410650183,2511.7160000000003,0.0,0,,,,,,,,,,,,,,,,,,,,,,,,,,,,,,,,,,,,,,,,,,,,,,,,,,,,0,0,0,0,0,0,0,0,0,1,1,1,1,1,1,1,1,1,1,1,1,1,1,1,1,1,1,1,1,1,0,0,0,1,1,1,1,1,1,1,1,1,1,1,1,1,1,1,1,0,0,0,0,0,0,1,1,1,1,1,1,1,1,1,1,1,1,1,1,1,1,1,1,1,1,1,1,1,1,1,1,1,1,1,1,1,1,1,1,1,1,1,1,1,1,1,1,1,1,1,1,1,1,1,1,1
2026-09-26T10:30:00Z,2026-09-26T09:30:00Z,60,5056.0,2026-09-23T15:05:05Z,semo_pub_dailyloadfcst_202609231505,3984.9166666666665,1,783.0,2026-09-23T15:05:05Z,semo_pub_dailyloadfcst_202609231505,3984.9166666666665,1,4273.0,2026-09-23T15:05:05Z,semo_pub_dailyloadfcst_202609231505,3984.9166666666665,1,,,,,0,,,,,0,,,,,0,,,,,0,,,,,0,,,,,0,,,,,0,2894.504,2026-09-23T12:23:53Z,semo_pub_15minaggwindfcst_202609231223,4146.116666666667,1,0,4193.018,1419.814,2.08,204.605,254.74650000000003,372.545,0.5236000000000001,2026-08-31T23:00:00Z,36630.0,1,,,,0,1,1,1,1,1,1,1,1,1,,,,,,,,,,,831.8965000000001,,,,113,1.7471097598942396,4.0,0.0,11,726.4358295119927,2664.298,0.0,0,,,,,,,,,,,,,,,,,,,,,,,,,,,,,,,,,,,,,,,,,,,,,,,,,,,,0,0,0,0,0,0,0,0,0,1,1,1,1,1,1,1,1,1,1,1,1,1,1,1,1,1,1,1,1,1,0,0,0,1,1,1,1,1,1,1,1,1,1,1,1,1,1,1,1,0,0,0,0,0,0,1,1,1,1,1,1,1,1,1,1,1,1,1,1,1,1,1,1,1,1,1,1,1,1,1,1,1,1,1,1,1,1,1,1,1,1,1,1,1,1,1,1,1,1,1,1,1,1,1,1,1
2026-09-26T10:30:00Z,2026-09-26T10:00:00Z,30,5056.0,2026-09-23T15:05:05Z,semo_pub_dailyloadfcst_202609231505,4014.9166666666665,1,783.0,2026-09-23T15:05:05Z,semo_pub_dailyloadfcst_202609231505,4014.9166666666665,1,4273.0,2026-09-23T15:05:05Z,semo_pub_dailyloadfcst_202609231505,4014.9166666666665,1,,,,,0,,,,,0,,,,,0,,,,,0,,,,,0,,,,,0,,,,,0,2894.504,2026-09-23T12:23:53Z,semo_pub_15minaggwindfcst_202609231223,4176.116666666667,1,0,4193.018,1419.814,2.08,204.605,254.74650000000003,372.545,0.5236000000000001,2026-08-31T23:00:00Z,36660.0,1,,,,0,1,1,1,1,1,1,1,1,1,,,,,,,,,,,831.8965000000001,,,,113,1.7471097598942396,4.0,0.0,11,726.4358295119927,2664.298,0.0,0,,,,,,,,,,,,,,,,,,,,,,,,,,,,,,,,,,,,,,,,,,,,,,,,,,,,0,0,0,0,0,0,0,0,0,1,1,1,1,1,1,1,1,1,1,1,1,1,1,1,1,1,1,1,1,1,0,0,0,1,1,1,1,1,1,1,1,1,1,1,1,1,1,1,1,0,0,0,0,0,0,1,1,1,1,1,1,1,1,1,1,1,1,1,1,1,1,1,1,1,1,1,1,1,1,1,1,1,1,1,1,1,1,1,1,1,1,1,1,1,1,1,1,1,1,1,1,1,1,1,1,1
2026-09-26T11:00:00Z,2026-09-26T10:00:00Z,60,4955.0,2026-09-23T15:05:05Z,semo_pub_dailyloadfcst_202609231505,4014.9166666666665,1,775.0,2026-09-23T15:05:05Z,semo_pub_dailyloadfcst_202609231505,4014.9166666666665,1,4180.0,2026-09-23T15:05:05Z,semo_pub_dailyloadfcst_202609231505,4014.9166666666665,1,,,,,0,,,,,0,,,,,0,,,,,0,,,,,0,,,,,0,,,,,0,3052.094,2026-09-23T12:23:53Z,semo_pub_15minaggwindfcst_202609231223,4176.116666666667,1,0,4193.018,1419.814,2.08,204.605,254.74650000000003,372.545,0.5236000000000001,2026-08-31T23:00:00Z,36660.0,1,,,,0,1,1,1,1,1,1,1,1,1,,,,,,,,,,,831.8965000000001,,,,113,1.7471097598942396,4.0,0.0,11,769.1857175805899,2816.876,0.0,0,,,,,,,,,,,,,,,,,,,,,,,,,,,,,,,,,,,,,,,,,,,,,,,,,,,,0,0,0,0,0,0,0,0,0,1,1,1,1,1,1,1,1,1,1,1,1,1,1,1,1,1,1,1,1,1,0,0,0,1,1,1,1,1,1,1,1,1,1,1,1,1,1,1,1,0,0,0,0,0,0,1,1,1,1,1,1,1,1,1,1,1,1,1,1,1,1,1,1,1,1,1,1,1,1,1,1,1,1,1,1,1,1,1,1,1,1,1,1,1,1,1,1,1,1,1,1,1,1,1,1,1
2026-09-26T11:00:00Z,2026-09-26T10:30:00Z,30,4955.0,2026-09-23T15:05:05Z,semo_pub_dailyloadfcst_202609231505,4044.9166666666665,1,775.0,2026-09-23T15:05:05Z,semo_pub_dailyloadfcst_202609231505,4044.9166666666665,1,4180.0,2026-09-23T15:05:05Z,semo_pub_dailyloadfcst_202609231505,4044.9166666666665,1,,,,,0,,,,,0,,,,,0,,,,,0,,,,,0,,,,,0,,,,,0,3052.094,2026-09-23T12:23:53Z,semo_pub_15minaggwindfcst_202609231223,4206.116666666667,1,0,4193.018,1419.814,2.08,204.605,254.74650000000003,372.545,0.5236000000000001,2026-08-31T23:00:00Z,36690.0,1,,,,0,1,1,1,1,1,1,1,1,1,,,,,,,,,,,831.8965000000001,,,,113,1.7471097598942396,4.0,0.0,11,769.1857175805899,2816.876,0.0,0,,,,,,,,,,,,,,,,,,,,,,,,,,,,,,,,,,,,,,,,,,,,,,,,,,,,0,0,0,0,0,0,0,0,0,1,1,1,1,1,1,1,1,1,1,1,1,1,1,1,1,1,1,1,1,1,0,0,0,1,1,1,1,1,1,1,1,1,1,1,1,1,1,1,1,0,0,0,0,0,0,1,1,1,1,1,1,1,1,1,1,1,1,1,1,1,1,1,1,1,1,1,1,1,1,1,1,1,1,1,1,1,1,1,1,1,1,1,1,1,1,1,1,1,1,1,1,1,1,1,1,1
2026-09-26T11:30:00Z,2026-09-26T10:30:00Z,60,5113.0,2026-09-23T15:05:05Z,semo_pub_dailyloadfcst_202609231505,4044.9166666666665,1,775.0,2026-09-23T15:05:05Z,semo_pub_dailyloadfcst_202609231505,4044.9166666666665,1,4338.0,2026-09-23T15:05:05Z,semo_pub_dailyloadfcst_202609231505,4044.9166666666665,1,,,,,0,,,,,0,,,,,0,,,,,0,,,,,0,,,,,0,,,,,0,3164.134,2026-09-23T12:23:53Z,semo_pub_15minaggwindfcst_202609231223,4206.116666666667,1,0,4193.018,1419.814,2.08,204.605,254.74650000000003,372.545,0.5236000000000001,2026-08-31T23:00:00Z,36690.0,1,,,,0,1,1,1,1,1,1,1,1,1,,,,,,,,,,,831.8965000000001,,,,113,1.7471097598942396,4.0,0.0,11,799.7902797862772,2924.734,0.0,0,,,,,,,,,,,,,,,,,,,,,,,,,,,,,,,,,,,,,,,,,,,,,,,,,,,,0,0,0,0,0,0,0,0,0,1,1,1,1,1,1,1,1,1,1,1,1,1,1,1,1,1,1,1,1,1,0,0,0,1,1,1,1,1,1,1,1,1,1,1,1,1,1,1,1,0,0,0,0,0,0,1,1,1,1,1,1,1,1,1,1,1,1,1,1,1,1,1,1,1,1,1,1,1,1,1,1,1,1,1,1,1,1,1,1,1,1,1,1,1,1,1,1,1,1,1,1,1,1,1,1,1
2026-09-26T11:30:00Z,2026-09-26T11:00:00Z,30,5113.0,2026-09-23T15:05:05Z,semo_pub_dailyloadfcst_202609231505,4074.9166666666665,1,775.0,2026-09-23T15:05:05Z,semo_pub_dailyloadfcst_202609231505,4074.9166666666665,1,4338.0,2026-09-23T15:05:05Z,semo_pub_dailyloadfcst_202609231505,4074.9166666666665,1,,,,,0,,,,,0,,,,,0,,,,,0,,,,,0,,,,,0,,,,,0,3164.134,2026-09-23T12:23:53Z,semo_pub_15minaggwindfcst_202609231223,4236.116666666667,1,0,4193.018,1419.814,2.08,204.605,254.74650000000003,372.545,0.5236000000000001,2026-08-31T23:00:00Z,36720.0,1,,,,0,1,1,1,1,1,1,1,1,1,,,,,,,,,,,831.8965000000001,,,,113,1.7471097598942396,4.0,0.0,11,799.7902797862772,2924.734,0.0,0,,,,,,,,,,,,,,,,,,,,,,,,,,,,,,,,,,,,,,,,,,,,,,,,,,,,0,0,0,0,0,0,0,0,0,1,1,1,1,1,1,1,1,1,1,1,1,1,1,1,1,1,1,1,1,1,0,0,0,1,1,1,1,1,1,1,1,1,1,1,1,1,1,1,1,0,0,0,0,0,0,1,1,1,1,1,1,1,1,1,1,1,1,1,1,1,1,1,1,1,1,1,1,1,1,1,1,1,1,1,1,1,1,1,1,1,1,1,1,1,1,1,1,1,1,1,1,1,1,1,1,1
2026-09-26T12:00:00Z,2026-09-26T11:00:00Z,60,5124.0,2026-09-23T15:05:05Z,semo_pub_dailyloadfcst_202609231505,4074.9166666666665,1,772.0,2026-09-23T15:05:05Z,semo_pub_dailyloadfcst_202609231505,4074.9166666666665,1,4352.0,2026-09-23T15:05:05Z,semo_pub_dailyloadfcst_202609231505,4074.9166666666665,1,,,,,0,,,,,0,,,,,0,,,,,0,,,,,0,,,,,0,,,,,0,3276.177,2026-09-23T12:23:53Z,semo_pub_15minaggwindfcst_202609231223,4236.116666666667,1,0,4193.018,1419.814,2.08,204.605,254.74650000000003,372.545,0.5236000000000001,2026-08-31T23:00:00Z,36720.0,1,,,,0,1,1,1,1,1,1,1,1,1,,,,,,,,,,,831.8965000000001,,,,113,10.431387541135745,23.0,0.0,11,830.4441851979325,3032.5510000000004,0.0,0,,,,,,,,,,,,,,,,,,,,,,,,,,,,,,,,,,,,,,,,,,,,,,,,,,,,0,0,0,0,0,0,0,0,0,1,1,1,1,1,1,1,1,1,1,1,1,1,1,1,1,1,1,1,1,1,0,0,0,1,1,1,1,1,1,1,1,1,1,1,1,1,1,1,1,0,0,0,0,0,0,1,1,1,1,1,1,1,1,1,1,1,1,1,1,1,1,1,1,1,1,1,1,1,1,1,1,1,1,1,1,1,1,1,1,1,1,1,1,1,1,1,1,1,1,1,1,1,1,1,1,1
2026-09-26T12:00:00Z,2026-09-26T11:30:00Z,30,5124.0,2026-09-23T15:05:05Z,semo_pub_dailyloadfcst_202609231505,4104.916666666667,1,772.0,2026-09-23T15:05:05Z,semo_pub_dailyloadfcst_202609231505,4104.916666666667,1,4352.0,2026-09-23T15:05:05Z,semo_pub_dailyloadfcst_202609231505,4104.916666666667,1,,,,,0,,,,,0,,,,,0,,,,,0,,,,,0,,,,,0,,,,,0,3276.177,2026-09-23T12:23:53Z,semo_pub_15minaggwindfcst_202609231223,4266.116666666667,1,0,4193.018,1419.814,2.08,204.605,254.74650000000003,372.545,0.5236000000000001,2026-08-31T23:00:00Z,36750.0,1,,,,0,1,1,1,1,1,1,1,1,1,,,,,,,,,,,831.8965000000001,,,,113,10.431387541135745,23.0,0.0,11,830.4441851979325,3032.5510000000004,0.0,0,,,,,,,,,,,,,,,,,,,,,,,,,,,,,,,,,,,,,,,,,,,,,,,,,,,,0,0,0,0,0,0,0,0,0,1,1,1,1,1,1,1,1,1,1,1,1,1,1,1,1,1,1,1,1,1,0,0,0,1,1,1,1,1,1,1,1,1,1,1,1,1,1,1,1,0,0,0,0,0,0,1,1,1,1,1,1,1,1,1,1,1,1,1,1,1,1,1,1,1,1,1,1,1,1,1,1,1,1,1,1,1,1,1,1,1,1,1,1,1,1,1,1,1,1,1,1,1,1,1,1,1
2026-09-26T12:30:00Z,2026-09-26T11:30:00Z,60,5144.0,2026-09-23T15:05:05Z,semo_pub_dailyloadfcst_202609231505,4104.916666666667,1,753.0,2026-09-23T15:05:05Z,semo_pub_dailyloadfcst_202609231505,4104.916666666667,1,4391.0,2026-09-23T15:05:05Z,semo_pub_dailyloadfcst_202609231505,4104.916666666667,1,,,,,0,,,,,0,,,,,0,,,,,0,,,,,0,,,,,0,,,,,0,3384.249,2026-09-23T12:23:53Z,semo_pub_15minaggwindfcst_202609231223,4266.116666666667,1,0,4193.018,1419.814,2.08,204.605,254.74650000000003,372.545,0.5236000000000001,2026-08-31T23:00:00Z,36750.0,1,,,,0,1,1,1,1,1,1,1,1,1,,,,,,,,,,,831.8965000000001,,,,113,9.946934147904669,22.0,0.0,11,852.4245281732212,3103.107,0.0,0,,,,,,,,,,,,,,,,,,,,,,,,,,,,,,,,,,,,,,,,,,,,,,,,,,,,0,0,0,0,0,0,0,0,0,1,1,1,1,1,1,1,1,1,1,1,1,1,1,1,1,1,1,1,1,1,0,0,0,1,1,1,1,1,1,1,1,1,1,1,1,1,1,1,1,0,0,0,0,0,0,1,1,1,1,1,1,1,1,1,1,1,1,1,1,1,1,1,1,1,1,1,1,1,1,1,1,1,1,1,1,1,1,1,1,1,1,1,1,1,1,1,1,1,1,1,1,1,1,1,1,1
2026-09-26T12:30:00Z,2026-09-26T12:00:00Z,30,5144.0,2026-09-23T15:05:05Z,semo_pub_dailyloadfcst_202609231505,4134.916666666667,1,753.0,2026-09-23T15:05:05Z,semo_pub_dailyloadfcst_202609231505,4134.916666666667,1,4391.0,2026-09-23T15:05:05Z,semo_pub_dailyloadfcst_202609231505,4134.916666666667,1,,,,,0,,,,,0,,,,,0,,,,,0,,,,,0,,,,,0,,,,,0,3384.249,2026-09-23T12:23:53Z,semo_pub_15minaggwindfcst_202609231223,4296.116666666667,1,0,4193.018,1419.814,2.08,204.605,254.74650000000003,372.545,0.5236000000000001,2026-08-31T23:00:00Z,36780.0,1,,,,0,1,1,1,1,1,1,1,1,1,,,,,,,,,,,831.8965000000001,,,,113,9.946934147904669,22.0,0.0,11,852.4245281732212,3103.107,0.0,0,,,,,,,,,,,,,,,,,,,,,,,,,,,,,,,,,,,,,,,,,,,,,,,,,,,,0,0,0,0,0,0,0,0,0,1,1,1,1,1,1,1,1,1,1,1,1,1,1,1,1,1,1,1,1,1,0,0,0,1,1,1,1,1,1,1,1,1,1,1,1,1,1,1,1,0,0,0,0,0,0,1,1,1,1,1,1,1,1,1,1,1,1,1,1,1,1,1,1,1,1,1,1,1,1,1,1,1,1,1,1,1,1,1,1,1,1,1,1,1,1,1,1,1,1,1,1,1,1,1,1,1
2026-09-26T13:00:00Z,2026-09-26T12:00:00Z,60,5094.0,2026-09-23T15:05:05Z,semo_pub_dailyloadfcst_202609231505,4134.916666666667,1,712.0,2026-09-23T15:05:05Z,semo_pub_dailyloadfcst_202609231505,4134.916666666667,1,4382.0,2026-09-23T15:05:05Z,semo_pub_dailyloadfcst_202609231505,4134.916666666667,1,,,,,0,,,,,0,,,,,0,,,,,0,,,,,0,,,,,0,,,,,0,3492.331,2026-09-23T12:23:53Z,semo_pub_15minaggwindfcst_202609231223,4296.116666666667,1,0,4193.018,1419.814,2.08,204.605,254.74650000000003,372.545,0.5236000000000001,2026-08-31T23:00:00Z,36780.0,1,,,,0,1,1,1,1,1,1,1,1,1,,,,,,,,,,,831.8965000000001,,,,113,0.0,0.0,0.0,9,941.066372603396,3115.955,0.0,0,,,,,,,,,,,,,,,,,,,,,,,,,,,,,,,,,,,,,,,,,,,,,,,,,,,,0,0,0,0,0,0,0,0,0,1,1,1,1,1,1,1,1,1,1,1,1,1,1,1,1,1,1,1,1,1,0,0,0,1,1,1,1,1,1,1,1,1,1,1,1,1,1,1,1,0,0,0,0,0,0,1,1,1,1,1,1,1,1,1,1,1,1,1,1,1,1,1,1,1,1,1,1,1,1,1,1,1,1,1,1,1,1,1,1,1,1,1,1,1,1,1,1,1,1,1,1,1,1,1,1,1
2026-09-26T13:00:00Z,2026-09-26T12:30:00Z,30,5094.0,2026-09-23T15:05:05Z,semo_pub_dailyloadfcst_202609231505,4164.916666666667,1,712.0,2026-09-23T15:05:05Z,semo_pub_dailyloadfcst_202609231505,4164.916666666667,1,4382.0,2026-09-23T15:05:05Z,semo_pub_dailyloadfcst_202609231505,4164.916666666667,1,,,,,0,,,,,0,,,,,0,,,,,0,,,,,0,,,,,0,,,,,0,3492.331,2026-09-23T12:23:53Z,semo_pub_15minaggwindfcst_202609231223,4326.116666666667,1,0,4193.018,1419.814,2.08,204.605,254.74650000000003,372.545,0.5236000000000001,2026-08-31T23:00:00Z,36810.0,1,,,,0,1,1,1,1,1,1,1,1,1,,,,,,,,,,,831.8965000000001,,,,113,0.0,0.0,0.0,9,941.066372603396,3115.955,0.0,0,,,,,,,,,,,,,,,,,,,,,,,,,,,,,,,,,,,,,,,,,,,,,,,,,,,,0,0,0,0,0,0,0,0,0,1,1,1,1,1,1,1,1,1,1,1,1,1,1,1,1,1,1,1,1,1,0,0,0,1,1,1,1,1,1,1,1,1,1,1,1,1,1,1,1,0,0,0,0,0,0,1,1,1,1,1,1,1,1,1,1,1,1,1,1,1,1,1,1,1,1,1,1,1,1,1,1,1,1,1,1,1,1,1,1,1,1,1,1,1,1,1,1,1,1,1,1,1,1,1,1,1
2026-09-26T13:30:00Z,2026-09-26T12:30:00Z,60,5042.0,2026-09-23T15:05:05Z,semo_pub_dailyloadfcst_202609231505,4164.916666666667,1,687.0,2026-09-23T15:05:05Z,semo_pub_dailyloadfcst_202609231505,4164.916666666667,1,4355.0,2026-09-23T15:05:05Z,semo_pub_dailyloadfcst_202609231505,4164.916666666667,1,,,,,0,,,,,0,,,,,0,,,,,0,,,,,0,,,,,0,,,,,0,3559.237,2026-09-23T12:23:53Z,semo_pub_15minaggwindfcst_202609231223,4326.116666666667,1,0,4193.018,1419.814,2.08,204.605,254.74650000000003,372.545,0.5236000000000001,2026-08-31T23:00:00Z,36810.0,1,,,,0,1,1,1,1,1,1,1,1,1,,,,,,,,,,,831.8965000000001,,,,113,0.47820375526039993,1.0,0.0,9,952.0231965748874,3136.537,0.0,0,,,,,,,,,,,,,,,,,,,,,,,,,,,,,,,,,,,,,,,,,,,,,,,,,,,,0,0,0,0,0,0,0,0,0,1,1,1,1,1,1,1,1,1,1,1,1,1,1,1,1,1,1,1,1,1,0,0,0,1,1,1,1,1,1,1,1,1,1,1,1,1,1,1,1,0,0,0,0,0,0,1,1,1,1,1,1,1,1,1,1,1,1,1,1,1,1,1,1,1,1,1,1,1,1,1,1,1,1,1,1,1,1,1,1,1,1,1,1,1,1,1,1,1,1,1,1,1,1,1,1,1
2026-09-26T13:30:00Z,2026-09-26T13:00:00Z,30,5042.0,2026-09-23T15:05:05Z,semo_pub_dailyloadfcst_202609231505,4194.916666666667,1,687.0,2026-09-23T15:05:05Z,semo_pub_dailyloadfcst_202609231505,4194.916666666667,1,4355.0,2026-09-23T15:05:05Z,semo_pub_dailyloadfcst_202609231505,4194.916666666667,1,,,,,0,,,,,0,,,,,0,,,,,0,,,,,0,,,,,0,,,,,0,3559.237,2026-09-23T12:23:53Z,semo_pub_15minaggwindfcst_202609231223,4356.116666666667,1,0,4193.018,1419.814,2.08,204.605,254.74650000000003,372.545,0.5236000000000001,2026-08-31T23:00:00Z,36840.0,1,,,,0,1,1,1,1,1,1,1,1,1,,,,,,,,,,,831.8965000000001,,,,113,0.47820375526039993,1.0,0.0,9,952.0231965748874,3136.537,0.0,0,,,,,,,,,,,,,,,,,,,,,,,,,,,,,,,,,,,,,,,,,,,,,,,,,,,,0,0,0,0,0,0,0,0,0,1,1,1,1,1,1,1,1,1,1,1,1,1,1,1,1,1,1,1,1,1,0,0,0,1,1,1,1,1,1,1,1,1,1,1,1,1,1,1,1,0,0,0,0,0,0,1,1,1,1,1,1,1,1,1,1,1,1,1,1,1,1,1,1,1,1,1,1,1,1,1,1,1,1,1,1,1,1,1,1,1,1,1,1,1,1,1,1,1,1,1,1,1,1,1,1,1
2026-09-26T14:00:00Z,2026-09-26T13:00:00Z,60,4849.0,2026-09-23T15:05:05Z,semo_pub_dailyloadfcst_202609231505,4194.916666666667,1,714.0,2026-09-23T15:05:05Z,semo_pub_dailyloadfcst_202609231505,4194.916666666667,1,4135.0,2026-09-23T15:05:05Z,semo_pub_dailyloadfcst_202609231505,4194.916666666667,1,,,,,0,,,,,0,,,,,0,,,,,0,,,,,0,,,,,0,,,,,0,3626.13,2026-09-23T12:23:53Z,semo_pub_15minaggwindfcst_202609231223,4356.116666666667,1,0,4193.018,1419.814,2.08,204.605,254.74650000000003,372.545,0.5236000000000001,2026-08-31T23:00:00Z,36840.0,1,,,,0,1,1,1,1,1,1,1,1,1,,,,,,,,,,,831.8965000000001,,,,113,0.0,0.0,0.0,9,963.1548133736802,3157.1189999999997,0.0,0,,,,,,,,,,,,,,,,,,,,,,,,,,,,,,,,,,,,,,,,,,,,,,,,,,,,0,0,0,0,0,0,0,0,0,1,1,1,1,1,1,1,1,1,1,1,1,1,1,1,1,1,1,1,1,1,0,0,0,1,1,1,1,1,1,1,1,1,1,1,1,1,1,1,1,0,0,0,0,0,0,1,1,1,1,1,1,1,1,1,1,1,1,1,1,1,1,1,1,1,1,1,1,1,1,1,1,1,1,1,1,1,1,1,1,1,1,1,1,1,1,1,1,1,1,1,1,1,1,1,1,1
2026-09-26T14:00:00Z,2026-09-26T13:30:00Z,30,4849.0,2026-09-23T15:05:05Z,semo_pub_dailyloadfcst_202609231505,4224.916666666667,1,714.0,2026-09-23T15:05:05Z,semo_pub_dailyloadfcst_202609231505,4224.916666666667,1,4135.0,2026-09-23T15:05:05Z,semo_pub_dailyloadfcst_202609231505,4224.916666666667,1,,,,,0,,,,,0,,,,,0,,,,,0,,,,,0,,,,,0,,,,,0,3626.13,2026-09-23T12:23:53Z,semo_pub_15minaggwindfcst_202609231223,4386.116666666667,1,0,4193.018,1419.814,2.08,204.605,254.74650000000003,372.545,0.5236000000000001,2026-08-31T23:00:00Z,36870.0,1,,,,0,1,1,1,1,1,1,1,1,1,,,,,,,,,,,831.8965000000001,,,,113,0.0,0.0,0.0,9,963.1548133736802,3157.1189999999997,0.0,0,,,,,,,,,,,,,,,,,,,,,,,,,,,,,,,,,,,,,,,,,,,,,,,,,,,,0,0,0,0,0,0,0,0,0,1,1,1,1,1,1,1,1,1,1,1,1,1,1,1,1,1,1,1,1,1,0,0,0,1,1,1,1,1,1,1,1,1,1,1,1,1,1,1,1,0,0,0,0,0,0,1,1,1,1,1,1,1,1,1,1,1,1,1,1,1,1,1,1,1,1,1,1,1,1,1,1,1,1,1,1,1,1,1,1,1,1,1,1,1,1,1,1,1,1,1,1,1,1,1,1,1
2026-09-26T14:30:00Z,2026-09-26T13:30:00Z,60,5133.0,2026-09-23T15:05:05Z,semo_pub_dailyloadfcst_202609231505,4224.916666666667,1,723.0,2026-09-23T15:05:05Z,semo_pub_dailyloadfcst_202609231505,4224.916666666667,1,4410.0,2026-09-23T15:05:05Z,semo_pub_dailyloadfcst_202609231505,4224.916666666667,1,,,,,0,,,,,0,,,,,0,,,,,0,,,,,0,,,,,0,,,,,0,3611.004,2026-09-23T12:23:53Z,semo_pub_15minaggwindfcst_202609231223,4386.116666666667,1,0,4193.018,1419.814,2.08,204.605,254.74650000000003,372.545,0.5236000000000001,2026-08-31T23:00:00Z,36870.0,1,,,,0,1,1,1,1,1,1,1,1,1,,,,,,,,,,,831.8965000000001,,,,113,0.47820375526039993,1.0,0.0,9,954.7055596417355,3128.635,0.0,0,,,,,,,,,,,,,,,,,,,,,,,,,,,,,,,,,,,,,,,,,,,,,,,,,,,,0,0,0,0,0,0,0,0,0,1,1,1,1,1,1,1,1,1,1,1,1,1,1,1,1,1,1,1,1,1,0,0,0,1,1,1,1,1,1,1,1,1,1,1,1,1,1,1,1,0,0,0,0,0,0,1,1,1,1,1,1,1,1,1,1,1,1,1,1,1,1,1,1,1,1,1,1,1,1,1,1,1,1,1,1,1,1,1,1,1,1,1,1,1,1,1,1,1,1,1,1,1,1,1,1,1
2026-09-26T14:30:00Z,2026-09-26T14:00:00Z,30,5133.0,2026-09-23T15:05:05Z,semo_pub_dailyloadfcst_202609231505,4254.916666666667,1,723.0,2026-09-23T15:05:05Z,semo_pub_dailyloadfcst_202609231505,4254.916666666667,1,4410.0,2026-09-23T15:05:05Z,semo_pub_dailyloadfcst_202609231505,4254.916666666667,1,,,,,0,,,,,0,,,,,0,,,,,0,,,,,0,,,,,0,,,,,0,3611.004,2026-09-23T12:23:53Z,semo_pub_15minaggwindfcst_202609231223,4416.116666666667,1,0,4193.018,1419.814,2.08,204.605,254.74650000000003,372.545,0.5236000000000001,2026-08-31T23:00:00Z,36900.0,1,,,,0,1,1,1,1,1,1,1,1,1,,,,,,,,,,,831.8965000000001,,,,113,0.47820375526039993,1.0,0.0,9,954.7055596417355,3128.635,0.0,0,,,,,,,,,,,,,,,,,,,,,,,,,,,,,,,,,,,,,,,,,,,,,,,,,,,,0,0,0,0,0,0,0,0,0,1,1,1,1,1,1,1,1,1,1,1,1,1,1,1,1,1,1,1,1,1,0,0,0,1,1,1,1,1,1,1,1,1,1,1,1,1,1,1,1,0,0,0,0,0,0,1,1,1,1,1,1,1,1,1,1,1,1,1,1,1,1,1,1,1,1,1,1,1,1,1,1,1,1,1,1,1,1,1,1,1,1,1,1,1,1,1,1,1,1,1,1,1,1,1,1,1
2026-09-26T15:00:00Z,2026-09-26T14:00:00Z,60,5249.0,2026-09-23T15:05:05Z,semo_pub_dailyloadfcst_202609231505,4254.916666666667,1,729.0,2026-09-23T15:05:05Z,semo_pub_dailyloadfcst_202609231505,4254.916666666667,1,4520.0,2026-09-23T15:05:05Z,semo_pub_dailyloadfcst_202609231505,4254.916666666667,1,,,,,0,,,,,0,,,,,0,,,,,0,,,,,0,,,,,0,,,,,0,3595.88,2026-09-23T12:23:53Z,semo_pub_15minaggwindfcst_202609231223,4416.116666666667,1,0,4193.018,1419.814,2.08,204.605,254.74650000000003,372.545,0.5236000000000001,2026-08-31T23:00:00Z,36900.0,1,,,,0,1,1,1,1,1,1,1,1,1,,,,,,,,,,,831.8965000000001,,,,113,0.487609816423218,1.0,0.0,9,946.4312040835624,3119.601,0.0,0,,,,,,,,,,,,,,,,,,,,,,,,,,,,,,,,,,,,,,,,,,,,,,,,,,,,0,0,0,0,0,0,0,0,0,1,1,1,1,1,1,1,1,1,1,1,1,1,1,1,1,1,1,1,1,1,0,0,0,1,1,1,1,1,1,1,1,1,1,1,1,1,1,1,1,0,0,0,0,0,0,1,1,1,1,1,1,1,1,1,1,1,1,1,1,1,1,1,1,1,1,1,1,1,1,1,1,1,1,1,1,1,1,1,1,1,1,1,1,1,1,1,1,1,1,1,1,1,1,1,1,1
2026-09-26T15:00:00Z,2026-09-26T14:30:00Z,30,5249.0,2026-09-23T15:05:05Z,semo_pub_dailyloadfcst_202609231505,4284.916666666667,1,729.0,2026-09-23T15:05:05Z,semo_pub_dailyloadfcst_202609231505,4284.916666666667,1,4520.0,2026-09-23T15:05:05Z,semo_pub_dailyloadfcst_202609231505,4284.916666666667,1,,,,,0,,,,,0,,,,,0,,,,,0,,,,,0,,,,,0,,,,,0,3595.88,2026-09-23T12:23:53Z,semo_pub_15minaggwindfcst_202609231223,4446.116666666667,1,0,4193.018,1419.814,2.08,204.605,254.74650000000003,372.545,0.5236000000000001,2026-08-31T23:00:00Z,36930.0,1,,,,0,1,1,1,1,1,1,1,1,1,,,,,,,,,,,831.8965000000001,,,,113,0.487609816423218,1.0,0.0,9,946.4312040835624,3119.601,0.0,0,,,,,,,,,,,,,,,,,,,,,,,,,,,,,,,,,,,,,,,,,,,,,,,,,,,,0,0,0,0,0,0,0,0,0,1,1,1,1,1,1,1,1,1,1,1,1,1,1,1,1,1,1,1,1,1,0,0,0,1,1,1,1,1,1,1,1,1,1,1,1,1,1,1,1,0,0,0,0,0,0,1,1,1,1,1,1,1,1,1,1,1,1,1,1,1,1,1,1,1,1,1,1,1,1,1,1,1,1,1,1,1,1,1,1,1,1,1,1,1,1,1,1,1,1,1,1,1,1,1,1,1
2026-09-26T15:30:00Z,2026-09-26T14:30:00Z,60,5342.0,2026-09-23T15:05:05Z,semo_pub_dailyloadfcst_202609231505,4284.916666666667,1,767.0,2026-09-23T15:05:05Z,semo_pub_dailyloadfcst_202609231505,4284.916666666667,1,4575.0,2026-09-23T15:05:05Z,semo_pub_dailyloadfcst_202609231505,4284.916666666667,1,,,,,0,,,,,0,,,,,0,,,,,0,,,,,0,,,,,0,,,,,0,3508.711,2026-09-23T12:23:53Z,semo_pub_15minaggwindfcst_202609231223,4446.116666666667,1,0,4193.018,1419.814,2.08,204.605,254.74650000000003,372.545,0.5236000000000001,2026-08-31T23:00:00Z,36930.0,1,,,,0,1,1,1,1,1,1,1,1,1,,,,,,,,,,,831.8965000000001,,,,113,0.0,0.0,0.0,9,918.2268492118685,3037.338,0.0,0,,,,,,,,,,,,,,,,,,,,,,,,,,,,,,,,,,,,,,,,,,,,,,,,,,,,0,0,0,0,0,0,0,0,0,1,1,1,1,1,1,1,1,1,1,1,1,1,1,1,1,1,1,1,1,1,0,0,0,1,1,1,1,1,1,1,1,1,1,1,1,1,1,1,1,0,0,0,0,0,0,1,1,1,1,1,1,1,1,1,1,1,1,1,1,1,1,1,1,1,1,1,1,1,1,1,1,1,1,1,1,1,1,1,1,1,1,1,1,1,1,1,1,1,1,1,1,1,1,1,1,1
2026-09-26T15:30:00Z,2026-09-26T15:00:00Z,30,5342.0,2026-09-23T15:05:05Z,semo_pub_dailyloadfcst_202609231505,4314.916666666667,1,767.0,2026-09-23T15:05:05Z,semo_pub_dailyloadfcst_202609231505,4314.916666666667,1,4575.0,2026-09-23T15:05:05Z,semo_pub_dailyloadfcst_202609231505,4314.916666666667,1,,,,,0,,,,,0,,,,,0,,,,,0,,,,,0,,,,,0,,,,,0,3508.711,2026-09-23T12:23:53Z,semo_pub_15minaggwindfcst_202609231223,4476.116666666667,1,0,4193.018,1419.814,2.08,204.605,254.74650000000003,372.545,0.5236000000000001,2026-08-31T23:00:00Z,36960.0,1,,,,0,1,1,1,1,1,1,1,1,1,,,,,,,,,,,831.8965000000001,,,,113,0.0,0.0,0.0,9,918.2268492118685,3037.338,0.0,0,,,,,,,,,,,,,,,,,,,,,,,,,,,,,,,,,,,,,,,,,,,,,,,,,,,,0,0,0,0,0,0,0,0,0,1,1,1,1,1,1,1,1,1,1,1,1,1,1,1,1,1,1,1,1,1,0,0,0,1,1,1,1,1,1,1,1,1,1,1,1,1,1,1,1,0,0,0,0,0,0,1,1,1,1,1,1,1,1,1,1,1,1,1,1,1,1,1,1,1,1,1,1,1,1,1,1,1,1,1,1,1,1,1,1,1,1,1,1,1,1,1,1,1,1,1,1,1,1,1,1,1
2026-09-26T16:00:00Z,2026-09-26T15:00:00Z,60,5514.0,2026-09-23T15:05:05Z,semo_pub_dailyloadfcst_202609231505,4314.916666666667,1,795.0,2026-09-23T15:05:05Z,semo_pub_dailyloadfcst_202609231505,4314.916666666667,1,4719.0,2026-09-23T15:05:05Z,semo_pub_dailyloadfcst_202609231505,4314.916666666667,1,,,,,0,,,,,0,,,,,0,,,,,0,,,,,0,,,,,0,,,,,0,3421.544,2026-09-23T12:23:53Z,semo_pub_15minaggwindfcst_202609231223,4476.116666666667,1,0,4193.018,1419.814,2.08,204.605,254.74650000000003,372.545,0.5236000000000001,2026-08-31T23:00:00Z,36960.0,1,,,,0,1,1,1,1,1,1,1,1,1,,,,,,,,,,,831.8965000000001,,,,113,9.498737607325602,22.0,0.0,9,890.1412443899002,2955.056,0.0,0,,,,,,,,,,,,,,,,,,,,,,,,,,,,,,,,,,,,,,,,,,,,,,,,,,,,0,0,0,0,0,0,0,0,0,1,1,1,1,1,1,1,1,1,1,1,1,1,1,1,1,1,1,1,1,1,0,0,0,1,1,1,1,1,1,1,1,1,1,1,1,1,1,1,1,0,0,0,0,0,0,1,1,1,1,1,1,1,1,1,1,1,1,1,1,1,1,1,1,1,1,1,1,1,1,1,1,1,1,1,1,1,1,1,1,1,1,1,1,1,1,1,1,1,1,1,1,1,1,1,1,1
2026-09-26T16:00:00Z,2026-09-26T15:30:00Z,30,5514.0,2026-09-23T15:05:05Z,semo_pub_dailyloadfcst_202609231505,4344.916666666667,1,795.0,2026-09-23T15:05:05Z,semo_pub_dailyloadfcst_202609231505,4344.916666666667,1,4719.0,2026-09-23T15:05:05Z,semo_pub_dailyloadfcst_202609231505,4344.916666666667,1,,,,,0,,,,,0,,,,,0,,,,,0,,,,,0,,,,,0,,,,,0,3421.544,2026-09-23T12:23:53Z,semo_pub_15minaggwindfcst_202609231223,4506.116666666667,1,0,4193.018,1419.814,2.08,204.605,254.74650000000003,372.545,0.5236000000000001,2026-08-31T23:00:00Z,36990.0,1,,,,0,1,1,1,1,1,1,1,1,1,,,,,,,,,,,831.8965000000001,,,,113,9.498737607325602,22.0,0.0,9,890.1412443899002,2955.056,0.0,0,,,,,,,,,,,,,,,,,,,,,,,,,,,,,,,,,,,,,,,,,,,,,,,,,,,,0,0,0,0,0,0,0,0,0,1,1,1,1,1,1,1,1,1,1,1,1,1,1,1,1,1,1,1,1,1,0,0,0,1,1,1,1,1,1,1,1,1,1,1,1,1,1,1,1,0,0,0,0,0,0,1,1,1,1,1,1,1,1,1,1,1,1,1,1,1,1,1,1,1,1,1,1,1,1,1,1,1,1,1,1,1,1,1,1,1,1,1,1,1,1,1,1,1,1,1,1,1,1,1,1,1
2026-09-26T16:30:00Z,2026-09-26T15:30:00Z,60,5665.0,2026-09-23T15:05:05Z,semo_pub_dailyloadfcst_202609231505,4344.916666666667,1,839.0,2026-09-23T15:05:05Z,semo_pub_dailyloadfcst_202609231505,4344.916666666667,1,4826.0,2026-09-23T15:05:05Z,semo_pub_dailyloadfcst_202609231505,4344.916666666667,1,,,,,0,,,,,0,,,,,0,,,,,0,,,,,0,,,,,0,,,,,0,3248.205,2026-09-23T12:23:53Z,semo_pub_15minaggwindfcst_202609231223,4506.116666666667,1,0,4193.018,1419.814,2.08,204.605,254.74650000000003,372.545,0.5236000000000001,2026-08-31T23:00:00Z,36990.0,1,,,,0,1,1,1,1,1,1,1,1,1,,,,,,,,,,,831.8965000000001,,,,113,9.757735775845715,23.0,0.0,9,839.1250274259888,2785.77,0.0,0,,,,,,,,,,,,,,,,,,,,,,,,,,,,,,,,,,,,,,,,,,,,,,,,,,,,0,0,0,0,0,0,0,0,0,1,1,1,1,1,1,1,1,1,1,1,1,1,1,1,1,1,1,1,1,1,0,0,0,1,1,1,1,1,1,1,1,1,1,1,1,1,1,1,1,0,0,0,0,0,0,1,1,1,1,1,1,1,1,1,1,1,1,1,1,1,1,1,1,1,1,1,1,1,1,1,1,1,1,1,1,1,1,1,1,1,1,1,1,1,1,1,1,1,1,1,1,1,1,1,1,1
2026-09-26T16:30:00Z,2026-09-26T16:00:00Z,30,5665.0,2026-09-23T15:05:05Z,semo_pub_dailyloadfcst_202609231505,4374.916666666667,1,839.0,2026-09-23T15:05:05Z,semo_pub_dailyloadfcst_202609231505,4374.916666666667,1,4826.0,2026-09-23T15:05:05Z,semo_pub_dailyloadfcst_202609231505,4374.916666666667,1,,,,,0,,,,,0,,,,,0,,,,,0,,,,,0,,,,,0,,,,,0,3248.205,2026-09-23T12:23:53Z,semo_pub_15minaggwindfcst_202609231223,4536.116666666667,1,0,4193.018,1419.814,2.08,204.605,254.74650000000003,372.545,0.5236000000000001,2026-08-31T23:00:00Z,37020.0,1,,,,0,1,1,1,1,1,1,1,1,1,,,,,,,,,,,831.8965000000001,,,,113,9.757735775845715,23.0,0.0,9,839.1250274259888,2785.77,0.0,0,,,,,,,,,,,,,,,,,,,,,,,,,,,,,,,,,,,,,,,,,,,,,,,,,,,,0,0,0,0,0,0,0,0,0,1,1,1,1,1,1,1,1,1,1,1,1,1,1,1,1,1,1,1,1,1,0,0,0,1,1,1,1,1,1,1,1,1,1,1,1,1,1,1,1,0,0,0,0,0,0,1,1,1,1,1,1,1,1,1,1,1,1,1,1,1,1,1,1,1,1,1,1,1,1,1,1,1,1,1,1,1,1,1,1,1,1,1,1,1,1,1,1,1,1,1,1,1,1,1,1,1
2026-09-26T17:00:00Z,2026-09-26T16:00:00Z,60,5543.0,2026-09-23T15:05:05Z,semo_pub_dailyloadfcst_202609231505,4374.916666666667,1,863.0,2026-09-23T15:05:05Z,semo_pub_dailyloadfcst_202609231505,4374.916666666667,1,4680.0,2026-09-23T15:05:05Z,semo_pub_dailyloadfcst_202609231505,4374.916666666667,1,,,,,0,,,,,0,,,,,0,,,,,0,,,,,0,,,,,0,,,,,0,3074.882,2026-09-23T12:23:53Z,semo_pub_15minaggwindfcst_202609231223,4536.116666666667,1,0,4193.018,1419.814,2.08,204.605,254.74650000000003,372.545,0.5236000000000001,2026-08-31T23:00:00Z,37020.0,1,,,,0,1,1,1,1,1,1,1,1,1,,,,,,,,,,,831.8965000000001,,,,113,1.7471097598942396,4.0,0.0,9,788.2145798766809,2616.464,0.0,0,,,,,,,,,,,,,,,,,,,,,,,,,,,,,,,,,,,,,,,,,,,,,,,,,,,,0,0,0,0,0,0,0,0,0,1,1,1,1,1,1,1,1,1,1,1,1,1,1,1,1,1,1,1,1,1,0,0,0,1,1,1,1,1,1,1,1,1,1,1,1,1,1,1,1,0,0,0,0,0,0,1,1,1,1,1,1,1,1,1,1,1,1,1,1,1,1,1,1,1,1,1,1,1,1,1,1,1,1,1,1,1,1,1,1,1,1,1,1,1,1,1,1,1,1,1,1,1,1,1,1,1
2026-09-26T17:00:00Z,2026-09-26T16:30:00Z,30,5543.0,2026-09-23T15:05:05Z,semo_pub_dailyloadfcst_202609231505,4404.916666666667,1,863.0,2026-09-23T15:05:05Z,semo_pub_dailyloadfcst_202609231505,4404.916666666667,1,4680.0,2026-09-23T15:05:05Z,semo_pub_dailyloadfcst_202609231505,4404.916666666667,1,,,,,0,,,,,0,,,,,0,,,,,0,,,,,0,,,,,0,,,,,0,3074.882,2026-09-23T12:23:53Z,semo_pub_15minaggwindfcst_202609231223,4566.116666666667,1,0,4193.018,1419.814,2.08,204.605,254.74650000000003,372.545,0.5236000000000001,2026-08-31T23:00:00Z,37050.0,1,,,,0,1,1,1,1,1,1,1,1,1,,,,,,,,,,,831.8965000000001,,,,113,1.7471097598942396,4.0,0.0,9,788.2145798766809,2616.464,0.0,0,,,,,,,,,,,,,,,,,,,,,,,,,,,,,,,,,,,,,,,,,,,,,,,,,,,,0,0,0,0,0,0,0,0,0,1,1,1,1,1,1,1,1,1,1,1,1,1,1,1,1,1,1,1,1,1,0,0,0,1,1,1,1,1,1,1,1,1,1,1,1,1,1,1,1,0,0,0,0,0,0,1,1,1,1,1,1,1,1,1,1,1,1,1,1,1,1,1,1,1,1,1,1,1,1,1,1,1,1,1,1,1,1,1,1,1,1,1,1,1,1,1,1,1,1,1,1,1,1,1,1,1
2026-09-26T17:30:00Z,2026-09-26T16:30:00Z,60,5826.0,2026-09-23T15:05:05Z,semo_pub_dailyloadfcst_202609231505,4404.916666666667,1,860.0,2026-09-23T15:05:05Z,semo_pub_dailyloadfcst_202609231505,4404.916666666667,1,4966.0,2026-09-23T15:05:05Z,semo_pub_dailyloadfcst_202609231505,4404.916666666667,1,,,,,0,,,,,0,,,,,0,,,,,0,,,,,0,,,,,0,,,,,0,2922.242,2026-09-23T12:23:53Z,semo_pub_15minaggwindfcst_202609231223,4566.116666666667,1,0,4193.018,1419.814,2.08,204.605,254.74650000000003,372.545,0.5236000000000001,2026-08-31T23:00:00Z,37050.0,1,,,,0,1,1,1,1,1,1,1,1,1,,,,,,,,,,,831.8965000000001,,,,113,1.3103323199206796,3.0,0.0,9,741.1031589428936,2475.9170000000004,0.0,0,,,,,,,,,,,,,,,,,,,,,,,,,,,,,,,,,,,,,,,,,,,,,,,,,,,,0,0,0,0,0,0,0,0,0,1,1,1,1,1,1,1,1,1,1,1,1,1,1,1,1,1,1,1,1,1,0,0,0,1,1,1,1,1,1,1,1,1,1,1,1,1,1,1,1,0,0,0,0,0,0,1,1,1,1,1,1,1,1,1,1,1,1,1,1,1,1,1,1,1,1,1,1,1,1,1,1,1,1,1,1,1,1,1,1,1,1,1,1,1,1,1,1,1,1,1,1,1,1,1,1,1
2026-09-26T17:30:00Z,2026-09-26T17:00:00Z,30,5826.0,2026-09-23T15:05:05Z,semo_pub_dailyloadfcst_202609231505,4434.916666666667,1,860.0,2026-09-23T15:05:05Z,semo_pub_dailyloadfcst_202609231505,4434.916666666667,1,4966.0,2026-09-23T15:05:05Z,semo_pub_dailyloadfcst_202609231505,4434.916666666667,1,,,,,0,,,,,0,,,,,0,,,,,0,,,,,0,,,,,0,,,,,0,2922.242,2026-09-23T12:23:53Z,semo_pub_15minaggwindfcst_202609231223,4596.116666666667,1,0,4193.018,1419.814,2.08,204.605,254.74650000000003,372.545,0.5236000000000001,2026-08-31T23:00:00Z,37080.0,1,,,,0,1,1,1,1,1,1,1,1,1,,,,,,,,,,,831.8965000000001,,,,113,1.3103323199206796,3.0,0.0,9,741.1031589428936,2475.9170000000004,0.0,0,,,,,,,,,,,,,,,,,,,,,,,,,,,,,,,,,,,,,,,,,,,,,,,,,,,,0,0,0,0,0,0,0,0,0,1,1,1,1,1,1,1,1,1,1,1,1,1,1,1,1,1,1,1,1,1,0,0,0,1,1,1,1,1,1,1,1,1,1,1,1,1,1,1,1,0,0,0,0,0,0,1,1,1,1,1,1,1,1,1,1,1,1,1,1,1,1,1,1,1,1,1,1,1,1,1,1,1,1,1,1,1,1,1,1,1,1,1,1,1,1,1,1,1,1,1,1,1,1,1,1,1
2026-09-26T18:00:00Z,2026-09-26T17:00:00Z,60,5847.0,2026-09-23T15:05:05Z,semo_pub_dailyloadfcst_202609231505,4434.916666666667,1,848.0,2026-09-23T15:05:05Z,semo_pub_dailyloadfcst_202609231505,4434.916666666667,1,4999.0,2026-09-23T15:05:05Z,semo_pub_dailyloadfcst_202609231505,4434.916666666667,1,,,,,0,,,,,0,,,,,0,,,,,0,,,,,0,,,,,0,,,,,0,2769.609,2026-09-23T12:23:53Z,semo_pub_15minaggwindfcst_202609231223,4596.116666666667,1,0,4193.018,1419.814,2.08,204.605,254.74650000000003,372.545,0.5236000000000001,2026-08-31T23:00:00Z,37080.0,1,,,,0,1,1,1,1,1,1,1,1,1,,,,,,,,,,,831.8965000000001,,,,113,10.50914671214713,23.0,0.0,9,694.7929710162269,2337.721,0.0,0,,,,,,,,,,,,,,,,,,,,,,,,,,,,,,,,,,,,,,,,,,,,,,,,,,,,0,0,0,0,0,0,0,0,0,1,1,1,1,1,1,1,1,1,1,1,1,1,1,1,1,1,1,1,1,1,0,0,0,1,1,1,1,1,1,1,1,1,1,1,1,1,1,1,1,0,0,0,0,0,0,1,1,1,1,1,1,1,1,1,1,1,1,1,1,1,1,1,1,1,1,1,1,1,1,1,1,1,1,1,1,1,1,1,1,1,1,1,1,1,1,1,1,1,1,1,1,1,1,1,1,1
2026-09-26T18:00:00Z,2026-09-26T17:30:00Z,30,5847.0,2026-09-23T15:05:05Z,semo_pub_dailyloadfcst_202609231505,4464.916666666667,1,848.0,2026-09-23T15:05:05Z,semo_pub_dailyloadfcst_202609231505,4464.916666666667,1,4999.0,2026-09-23T15:05:05Z,semo_pub_dailyloadfcst_202609231505,4464.916666666667,1,,,,,0,,,,,0,,,,,0,,,,,0,,,,,0,,,,,0,,,,,0,2769.609,2026-09-23T12:23:53Z,semo_pub_15minaggwindfcst_202609231223,4626.116666666667,1,0,4193.018,1419.814,2.08,204.605,254.74650000000003,372.545,0.5236000000000001,2026-08-31T23:00:00Z,37110.0,1,,,,0,1,1,1,1,1,1,1,1,1,,,,,,,,,,,831.8965000000001,,,,113,10.50914671214713,23.0,0.0,9,694.7929710162269,2337.721,0.0,0,,,,,,,,,,,,,,,,,,,,,,,,,,,,,,,,,,,,,,,,,,,,,,,,,,,,0,0,0,0,0,0,0,0,0,1,1,1,1,1,1,1,1,1,1,1,1,1,1,1,1,1,1,1,1,1,0,0,0,1,1,1,1,1,1,1,1,1,1,1,1,1,1,1,1,0,0,0,0,0,0,1,1,1,1,1,1,1,1,1,1,1,1,1,1,1,1,1,1,1,1,1,1,1,1,1,1,1,1,1,1,1,1,1,1,1,1,1,1,1,1,1,1,1,1,1,1,1,1,1,1,1
2026-09-26T18:30:00Z,2026-09-26T17:30:00Z,60,5743.0,2026-09-23T15:05:05Z,semo_pub_dailyloadfcst_202609231505,4464.916666666667,1,846.0,2026-09-23T15:05:05Z,semo_pub_dailyloadfcst_202609231505,4464.916666666667,1,4897.0,2026-09-23T15:05:05Z,semo_pub_dailyloadfcst_202609231505,4464.916666666667,1,,,,,0,,,,,0,,,,,0,,,,,0,,,,,0,,,,,0,,,,,0,2778.585,2026-09-23T12:23:53Z,semo_pub_15minaggwindfcst_202609231223,4626.116666666667,1,0,4193.018,1419.814,2.08,204.605,254.74650000000003,372.545,0.5236000000000001,2026-08-31T23:00:00Z,37110.0,1,,,,0,1,1,1,1,1,1,1,1,1,,,,,,,,,,,831.8965000000001,,,,113,10.50914671214713,23.0,0.0,9,693.0433409382948,2332.248,0.0,0,,,,,,,,,,,,,,,,,,,,,,,,,,,,,,,,,,,,,,,,,,,,,,,,,,,,0,0,0,0,0,0,0,0,0,1,1,1,1,1,1,1,1,1,1,1,1,1,1,1,1,1,1,1,1,1,0,0,0,1,1,1,1,1,1,1,1,1,1,1,1,1,1,1,1,0,0,0,0,0,0,1,1,1,1,1,1,1,1,1,1,1,1,1,1,1,1,1,1,1,1,1,1,1,1,1,1,1,1,1,1,1,1,1,1,1,1,1,1,1,1,1,1,1,1,1,1,1,1,1,1,1
2026-09-26T18:30:00Z,2026-09-26T18:00:00Z,30,5743.0,2026-09-23T15:05:05Z,semo_pub_dailyloadfcst_202609231505,4494.916666666667,1,846.0,2026-09-23T15:05:05Z,semo_pub_dailyloadfcst_202609231505,4494.916666666667,1,4897.0,2026-09-23T15:05:05Z,semo_pub_dailyloadfcst_202609231505,4494.916666666667,1,,,,,0,,,,,0,,,,,0,,,,,0,,,,,0,,,,,0,,,,,0,2778.585,2026-09-23T12:23:53Z,semo_pub_15minaggwindfcst_202609231223,4656.116666666667,1,0,4193.018,1419.814,2.08,204.605,254.74650000000003,372.545,0.5236000000000001,2026-08-31T23:00:00Z,37140.0,1,,,,0,1,1,1,1,1,1,1,1,1,,,,,,,,,,,831.8965000000001,,,,113,10.50914671214713,23.0,0.0,9,693.0433409382948,2332.248,0.0,0,,,,,,,,,,,,,,,,,,,,,,,,,,,,,,,,,,,,,,,,,,,,,,,,,,,,0,0,0,0,0,0,0,0,0,1,1,1,1,1,1,1,1,1,1,1,1,1,1,1,1,1,1,1,1,1,0,0,0,1,1,1,1,1,1,1,1,1,1,1,1,1,1,1,1,0,0,0,0,0,0,1,1,1,1,1,1,1,1,1,1,1,1,1,1,1,1,1,1,1,1,1,1,1,1,1,1,1,1,1,1,1,1,1,1,1,1,1,1,1,1,1,1,1,1,1,1,1,1,1,1,1
2026-09-26T19:00:00Z,2026-09-26T18:00:00Z,60,5633.0,2026-09-23T15:05:05Z,semo_pub_dailyloadfcst_202609231505,4494.916666666667,1,848.0,2026-09-23T15:05:05Z,semo_pub_dailyloadfcst_202609231505,4494.916666666667,1,4785.0,2026-09-23T15:05:05Z,semo_pub_dailyloadfcst_202609231505,4494.916666666667,1,,,,,0,,,,,0,,,,,0,,,,,0,,,,,0,,,,,0,,,,,0,2787.589,2026-09-23T12:23:53Z,semo_pub_15minaggwindfcst_202609231223,4656.116666666667,1,0,4193.018,1419.814,2.08,204.605,254.74650000000003,372.545,0.5236000000000001,2026-08-31T23:00:00Z,37140.0,1,,,,0,1,1,1,1,1,1,1,1,1,,,,,,,,,,,831.8965000000001,,,,113,8.776976695617927,18.0,0.0,7,805.7855545301042,2406.9260000000004,0.0,0,,,,,,,,,,,,,,,,,,,,,,,,,,,,,,,,,,,,,,,,,,,,,,,,,,,,0,0,0,0,0,0,0,0,0,1,1,1,1,1,1,1,1,1,1,1,1,1,1,1,1,1,1,1,1,1,0,0,0,1,1,1,1,1,1,1,1,1,1,1,1,1,1,1,1,0,0,0,0,0,0,1,1,1,1,1,1,1,1,1,1,1,1,1,1,1,1,1,1,1,1,1,1,1,1,1,1,1,1,1,1,1,1,1,1,1,1,1,1,1,1,1,1,1,1,1,1,1,1,1,1,1
2026-09-26T19:00:00Z,2026-09-26T18:30:00Z,30,5633.0,2026-09-23T15:05:05Z,semo_pub_dailyloadfcst_202609231505,4524.916666666667,1,848.0,2026-09-23T15:05:05Z,semo_pub_dailyloadfcst_202609231505,4524.916666666667,1,4785.0,2026-09-23T15:05:05Z,semo_pub_dailyloadfcst_202609231505,4524.916666666667,1,,,,,0,,,,,0,,,,,0,,,,,0,,,,,0,,,,,0,,,,,0,2787.589,2026-09-23T12:23:53Z,semo_pub_15minaggwindfcst_202609231223,4686.116666666667,1,0,4193.018,1419.814,2.08,204.605,254.74650000000003,372.545,0.5236000000000001,2026-08-31T23:00:00Z,37170.0,1,,,,0,1,1,1,1,1,1,1,1,1,,,,,,,,,,,831.8965000000001,,,,113,8.776976695617927,18.0,0.0,7,805.7855545301042,2406.9260000000004,0.0,0,,,,,,,,,,,,,,,,,,,,,,,,,,,,,,,,,,,,,,,,,,,,,,,,,,,,0,0,0,0,0,0,0,0,0,1,1,1,1,1,1,1,1,1,1,1,1,1,1,1,1,1,1,1,1,1,0,0,0,1,1,1,1,1,1,1,1,1,1,1,1,1,1,1,1,0,0,0,0,0,0,1,1,1,1,1,1,1,1,1,1,1,1,1,1,1,1,1,1,1,1,1,1,1,1,1,1,1,1,1,1,1,1,1,1,1,1,1,1,1,1,1,1,1,1,1,1,1,1,1,1,1
2026-09-26T19:30:00Z,2026-09-26T18:30:00Z,60,5484.0,2026-09-23T15:05:05Z,semo_pub_dailyloadfcst_202609231505,4524.916666666667,1,823.0,2026-09-23T15:05:05Z,semo_pub_dailyloadfcst_202609231505,4524.916666666667,1,4661.0,2026-09-23T15:05:05Z,semo_pub_dailyloadfcst_202609231505,4524.916666666667,1,,,,,0,,,,,0,,,,,0,,,,,0,,,,,0,,,,,0,,,,,0,2832.204,2026-09-23T12:23:53Z,semo_pub_15minaggwindfcst_202609231223,4686.116666666667,1,0,4193.018,1419.814,2.08,204.605,254.74650000000003,372.545,0.5236000000000001,2026-08-31T23:00:00Z,37170.0,1,,,,0,1,1,1,1,1,1,1,1,1,,,,,,,,,,,831.8965000000001,,,,113,8.776976695617927,18.0,0.0,7,818.4185246869822,2444.628,0.0,0,,,,,,,,,,,,,,,,,,,,,,,,,,,,,,,,,,,,,,,,,,,,,,,,,,,,0,0,0,0,0,0,0,0,0,1,1,1,1,1,1,1,1,1,1,1,1,1,1,1,1,1,1,1,1,1,0,0,0,1,1,1,1,1,1,1,1,1,1,1,1,1,1,1,1,0,0,0,0,0,0,1,1,1,1,1,1,1,1,1,1,1,1,1,1,1,1,1,1,1,1,1,1,1,1,1,1,1,1,1,1,1,1,1,1,1,1,1,1,1,1,1,1,1,1,1,1,1,1,1,1,1
2026-09-26T19:30:00Z,2026-09-26T19:00:00Z,30,5484.0,2026-09-23T15:05:05Z,semo_pub_dailyloadfcst_202609231505,4554.916666666667,1,823.0,2026-09-23T15:05:05Z,semo_pub_dailyloadfcst_202609231505,4554.916666666667,1,4661.0,2026-09-23T15:05:05Z,semo_pub_dailyloadfcst_202609231505,4554.916666666667,1,,,,,0,,,,,0,,,,,0,,,,,0,,,,,0,,,,,0,,,,,0,2832.204,2026-09-23T12:23:53Z,semo_pub_15minaggwindfcst_202609231223,4716.116666666667,1,0,4193.018,1419.814,2.08,204.605,254.74650000000003,372.545,0.5236000000000001,2026-08-31T23:00:00Z,37200.0,1,,,,0,1,1,1,1,1,1,1,1,1,,,,,,,,,,,831.8965000000001,,,,113,8.776976695617927,18.0,0.0,7,818.4185246869822,2444.628,0.0,0,,,,,,,,,,,,,,,,,,,,,,,,,,,,,,,,,,,,,,,,,,,,,,,,,,,,0,0,0,0,0,0,0,0,0,1,1,1,1,1,1,1,1,1,1,1,1,1,1,1,1,1,1,1,1,1,0,0,0,1,1,1,1,1,1,1,1,1,1,1,1,1,1,1,1,0,0,0,0,0,0,1,1,1,1,1,1,1,1,1,1,1,1,1,1,1,1,1,1,1,1,1,1,1,1,1,1,1,1,1,1,1,1,1,1,1,1,1,1,1,1,1,1,1,1,1,1,1,1,1,1,1
2026-09-26T20:00:00Z,2026-09-26T19:00:00Z,60,5281.0,2026-09-23T15:05:05Z,semo_pub_dailyloadfcst_202609231505,4554.916666666667,1,800.0,2026-09-23T15:05:05Z,semo_pub_dailyloadfcst_202609231505,4554.916666666667,1,4481.0,2026-09-23T15:05:05Z,semo_pub_dailyloadfcst_202609231505,4554.916666666667,1,,,,,0,,,,,0,,,,,0,,,,,0,,,,,0,,,,,0,,,,,0,2876.826,2026-09-23T12:23:53Z,semo_pub_15minaggwindfcst_202609231223,4716.116666666667,1,0,4193.018,1419.814,2.08,204.605,254.74650000000003,372.545,0.5236000000000001,2026-08-31T23:00:00Z,37200.0,1,,,,0,1,1,1,1,1,1,1,1,1,,,,,,,,,,,831.8965000000001,,,,113,8.503057177339743,18.0,0.0,7,831.0671540922918,2482.3489999999997,0.0,0,,,,,,,,,,,,,,,,,,,,,,,,,,,,,,,,,,,,,,,,,,,,,,,,,,,,0,0,0,0,0,0,0,0,0,1,1,1,1,1,1,1,1,1,1,1,1,1,1,1,1,1,1,1,1,1,0,0,0,1,1,1,1,1,1,1,1,1,1,1,1,1,1,1,1,0,0,0,0,0,0,1,1,1,1,1,1,1,1,1,1,1,1,1,1,1,1,1,1,1,1,1,1,1,1,1,1,1,1,1,1,1,1,1,1,1,1,1,1,1,1,1,1,1,1,1,1,1,1,1,1,1
2026-09-26T20:00:00Z,2026-09-26T19:30:00Z,30,5281.0,2026-09-23T15:05:05Z,semo_pub_dailyloadfcst_202609231505,4584.916666666667,1,800.0,2026-09-23T15:05:05Z,semo_pub_dailyloadfcst_202609231505,4584.916666666667,1,4481.0,2026-09-23T15:05:05Z,semo_pub_dailyloadfcst_202609231505,4584.916666666667,1,,,,,0,,,,,0,,,,,0,,,,,0,,,,,0,,,,,0,,,,,0,2876.826,2026-09-23T12:23:53Z,semo_pub_15minaggwindfcst_202609231223,4746.116666666667,1,0,4193.018,1419.814,2.08,204.605,254.74650000000003,372.545,0.5236000000000001,2026-08-31T23:00:00Z,37230.0,1,,,,0,1,1,1,1,1,1,1,1,1,,,,,,,,,,,831.8965000000001,,,,113,8.503057177339743,18.0,0.0,7,831.0671540922918,2482.3489999999997,0.0,0,,,,,,,,,,,,,,,,,,,,,,,,,,,,,,,,,,,,,,,,,,,,,,,,,,,,0,0,0,0,0,0,0,0,0,1,1,1,1,1,1,1,1,1,1,1,1,1,1,1,1,1,1,1,1,1,0,0,0,1,1,1,1,1,1,1,1,1,1,1,1,1,1,1,1,0,0,0,0,0,0,1,1,1,1,1,1,1,1,1,1,1,1,1,1,1,1,1,1,1,1,1,1,1,1,1,1,1,1,1,1,1,1,1,1,1,1,1,1,1,1,1,1,1,1,1,1,1,1,1,1,1
2026-09-26T20:30:00Z,2026-09-26T19:30:00Z,60,5188.0,2026-09-23T15:05:05Z,semo_pub_dailyloadfcst_202609231505,4584.916666666667,1,758.0,2026-09-23T15:05:05Z,semo_pub_dailyloadfcst_202609231505,4584.916666666667,1,4430.0,2026-09-23T15:05:05Z,semo_pub_dailyloadfcst_202609231505,4584.916666666667,1,,,,,0,,,,,0,,,,,0,,,,,0,,,,,0,,,,,0,,,,,0,2973.704,2026-09-23T12:23:53Z,semo_pub_15minaggwindfcst_202609231223,4746.116666666667,1,0,4193.018,1419.814,2.08,204.605,254.74650000000003,372.545,0.5236000000000001,2026-08-31T23:00:00Z,37230.0,1,,,,0,1,1,1,1,1,1,1,1,1,,,,,,,,,,,831.8965000000001,,,,113,8.015979811359713,17.0,0.0,7,858.4400062240571,2560.753,0.0,0,,,,,,,,,,,,,,,,,,,,,,,,,,,,,,,,,,,,,,,,,,,,,,,,,,,,0,0,0,0,0,0,0,0,0,1,1,1,1,1,1,1,1,1,1,1,1,1,1,1,1,1,1,1,1,1,0,0,0,1,1,1,1,1,1,1,1,1,1,1,1,1,1,1,1,0,0,0,0,0,0,1,1,1,1,1,1,1,1,1,1,1,1,1,1,1,1,1,1,1,1,1,1,1,1,1,1,1,1,1,1,1,1,1,1,1,1,1,1,1,1,1,1,1,1,1,1,1,1,1,1,1
2026-09-26T20:30:00Z,2026-09-26T20:00:00Z,30,5188.0,2026-09-23T15:05:05Z,semo_pub_dailyloadfcst_202609231505,4614.916666666667,1,758.0,2026-09-23T15:05:05Z,semo_pub_dailyloadfcst_202609231505,4614.916666666667,1,4430.0,2026-09-23T15:05:05Z,semo_pub_dailyloadfcst_202609231505,4614.916666666667,1,,,,,0,,,,,0,,,,,0,,,,,0,,,,,0,,,,,0,,,,,0,2973.704,2026-09-23T12:23:53Z,semo_pub_15minaggwindfcst_202609231223,4776.116666666667,1,0,4193.018,1419.814,2.08,204.605,254.74650000000003,372.545,0.5236000000000001,2026-08-31T23:00:00Z,37260.0,1,,,,0,1,1,1,1,1,1,1,1,1,,,,,,,,,,,831.8965000000001,,,,113,8.015979811359713,17.0,0.0,7,858.4400062240571,2560.753,0.0,0,,,,,,,,,,,,,,,,,,,,,,,,,,,,,,,,,,,,,,,,,,,,,,,,,,,,0,0,0,0,0,0,0,0,0,1,1,1,1,1,1,1,1,1,1,1,1,1,1,1,1,1,1,1,1,1,0,0,0,1,1,1,1,1,1,1,1,1,1,1,1,1,1,1,1,0,0,0,0,0,0,1,1,1,1,1,1,1,1,1,1,1,1,1,1,1,1,1,1,1,1,1,1,1,1,1,1,1,1,1,1,1,1,1,1,1,1,1,1,1,1,1,1,1,1,1,1,1,1,1,1,1
2026-09-26T21:00:00Z,2026-09-26T20:00:00Z,60,5010.0,2026-09-23T15:05:05Z,semo_pub_dailyloadfcst_202609231505,4614.916666666667,1,701.0,2026-09-23T15:05:05Z,semo_pub_dailyloadfcst_202609231505,4614.916666666667,1,4309.0,2026-09-23T15:05:05Z,semo_pub_dailyloadfcst_202609231505,4614.916666666667,1,,,,,0,,,,,0,,,,,0,,,,,0,,,,,0,,,,,0,,,,,0,3070.577,2026-09-23T12:23:53Z,semo_pub_15minaggwindfcst_202609231223,4776.116666666667,1,0,4193.018,1419.814,2.08,204.605,254.74650000000003,372.545,0.5236000000000001,2026-08-31T23:00:00Z,37260.0,1,,,,0,1,1,1,1,1,1,1,1,1,,,,,,,,,,,831.8965000000001,,,,113,0.0,0.0,0.0,7,885.8246396777664,2639.154,0.0,0,,,,,,,,,,,,,,,,,,,,,,,,,,,,,,,,,,,,,,,,,,,,,,,,,,,,0,0,0,0,0,0,0,0,0,1,1,1,1,1,1,1,1,1,1,1,1,1,1,1,1,1,1,1,1,1,0,0,0,1,1,1,1,1,1,1,1,1,1,1,1,1,1,1,1,0,0,0,0,0,0,1,1,1,1,1,1,1,1,1,1,1,1,1,1,1,1,1,1,1,1,1,1,1,1,1,1,1,1,1,1,1,1,1,1,1,1,1,1,1,1,1,1,1,1,1,1,1,1,1,1,1
2026-09-26T21:00:00Z,2026-09-26T20:30:00Z,30,5010.0,2026-09-23T15:05:05Z,semo_pub_dailyloadfcst_202609231505,4644.916666666667,1,701.0,2026-09-23T15:05:05Z,semo_pub_dailyloadfcst_202609231505,4644.916666666667,1,4309.0,2026-09-23T15:05:05Z,semo_pub_dailyloadfcst_202609231505,4644.916666666667,1,,,,,0,,,,,0,,,,,0,,,,,0,,,,,0,,,,,0,,,,,0,3070.577,2026-09-23T12:23:53Z,semo_pub_15minaggwindfcst_202609231223,4806.116666666667,1,0,4193.018,1419.814,2.08,204.605,254.74650000000003,372.545,0.5236000000000001,2026-08-31T23:00:00Z,37290.0,1,,,,0,1,1,1,1,1,1,1,1,1,,,,,,,,,,,831.8965000000001,,,,113,0.0,0.0,0.0,7,885.8246396777664,2639.154,0.0,0,,,,,,,,,,,,,,,,,,,,,,,,,,,,,,,,,,,,,,,,,,,,,,,,,,,,0,0,0,0,0,0,0,0,0,1,1,1,1,1,1,1,1,1,1,1,1,1,1,1,1,1,1,1,1,1,0,0,0,1,1,1,1,1,1,1,1,1,1,1,1,1,1,1,1,0,0,0,0,0,0,1,1,1,1,1,1,1,1,1,1,1,1,1,1,1,1,1,1,1,1,1,1,1,1,1,1,1,1,1,1,1,1,1,1,1,1,1,1,1,1,1,1,1,1,1,1,1,1,1,1,1
2026-09-26T21:30:00Z,2026-09-26T20:30:00Z,60,4815.0,2026-09-23T15:05:05Z,semo_pub_dailyloadfcst_202609231505,4644.916666666667,1,661.0,2026-09-23T15:05:05Z,semo_pub_dailyloadfcst_202609231505,4644.916666666667,1,4154.0,2026-09-23T15:05:05Z,semo_pub_dailyloadfcst_202609231505,4644.916666666667,1,,,,,0,,,,,0,,,,,0,,,,,0,,,,,0,,,,,0,,,,,0,3156.079,2026-09-23T12:23:53Z,semo_pub_15minaggwindfcst_202609231223,4806.116666666667,1,0,4193.018,1419.814,2.08,204.605,254.74650000000003,372.545,0.5236000000000001,2026-08-31T23:00:00Z,37290.0,1,,,,0,1,1,1,1,1,1,1,1,1,,,,,,,,,,,831.8965000000001,,,,113,0.0,0.0,0.0,7,908.082702803134,2701.9979999999996,0.0,0,,,,,,,,,,,,,,,,,,,,,,,,,,,,,,,,,,,,,,,,,,,,,,,,,,,,0,0,0,0,0,0,0,0,0,1,1,1,1,1,1,1,1,1,1,1,1,1,1,1,1,1,1,1,1,1,0,0,0,1,1,1,1,1,1,1,1,1,1,1,1,1,1,1,1,0,0,0,0,0,0,1,1,1,1,1,1,1,1,1,1,1,1,1,1,1,1,1,1,1,1,1,1,1,1,1,1,1,1,1,1,1,1,1,1,1,1,1,1,1,1,1,1,1,1,1,1,1,1,1,1,1
2026-09-26T21:30:00Z,2026-09-26T21:00:00Z,30,4815.0,2026-09-23T15:05:05Z,semo_pub_dailyloadfcst_202609231505,4674.916666666667,1,661.0,2026-09-23T15:05:05Z,semo_pub_dailyloadfcst_202609231505,4674.916666666667,1,4154.0,2026-09-23T15:05:05Z,semo_pub_dailyloadfcst_202609231505,4674.916666666667,1,,,,,0,,,,,0,,,,,0,,,,,0,,,,,0,,,,,0,,,,,0,3156.079,2026-09-23T12:23:53Z,semo_pub_15minaggwindfcst_202609231223,4836.116666666667,1,0,4193.018,1419.814,2.08,204.605,254.74650000000003,372.545,0.5236000000000001,2026-08-31T23:00:00Z,37320.0,1,,,,0,1,1,1,1,1,1,1,1,1,,,,,,,,,,,831.8965000000001,,,,113,0.0,0.0,0.0,7,908.082702803134,2701.9979999999996,0.0,0,,,,,,,,,,,,,,,,,,,,,,,,,,,,,,,,,,,,,,,,,,,,,,,,,,,,0,0,0,0,0,0,0,0,0,1,1,1,1,1,1,1,1,1,1,1,1,1,1,1,1,1,1,1,1,1,0,0,0,1,1,1,1,1,1,1,1,1,1,1,1,1,1,1,1,0,0,0,0,0,0,1,1,1,1,1,1,1,1,1,1,1,1,1,1,1,1,1,1,1,1,1,1,1,1,1,1,1,1,1,1,1,1,1,1,1,1,1,1,1,1,1,1,1,1,1,1,1,1,1,1,1
2026-09-26T22:00:00Z,2026-09-26T21:00:00Z,60,,,,,0,,,,,0,,,,,0,,,,,0,,,,,0,,,,,0,,,,,0,,,,,0,,,,,0,,,,,0,3241.599,2026-09-23T12:23:53Z,semo_pub_15minaggwindfcst_202609231223,4836.116666666667,1,0,4193.018,1419.814,2.08,204.605,254.74650000000003,372.545,0.5236000000000001,2026-08-31T23:00:00Z,37320.0,1,,,,0,1,1,1,1,1,1,1,1,1,,,,,,,,,,,831.8965000000001,,,,0,,,,7,930.3464318998462,2764.84,0.0,0,,,,,,,,,,,,,,,,,,,,,,,,,,,,,,,,,,,,,,,,,,,,,,,,,,,,1,1,1,1,1,1,1,1,1,1,1,1,1,1,1,1,1,1,1,1,1,1,1,1,1,1,1,1,1,1,0,0,0,1,1,1,1,1,1,1,1,1,1,1,1,1,1,1,1,1,1,1,0,0,0,1,1,1,1,1,1,1,1,1,1,1,1,1,1,1,1,1,1,1,1,1,1,1,1,1,1,1,1,1,1,1,1,1,1,1,1,1,1,1,1,1,1,1,1,1,1,1,1,1,1,1
2026-09-26T22:00:00Z,2026-09-26T21:30:00Z,30,,,,,0,,,,,0,,,,,0,,,,,0,,,,,0,,,,,0,,,,,0,,,,,0,,,,,0,,,,,0,3241.599,2026-09-23T12:23:53Z,semo_pub_15minaggwindfcst_202609231223,4866.116666666667,1,0,4193.018,1419.814,2.08,204.605,254.74650000000003,372.545,0.5236000000000001,2026-08-31T23:00:00Z,37350.0,1,,,,0,1,1,1,1,1,1,1,1,1,,,,,,,,,,,831.8965000000001,,,,0,,,,7,930.3464318998462,2764.84,0.0,0,,,,,,,,,,,,,,,,,,,,,,,,,,,,,,,,,,,,,,,,,,,,,,,,,,,,1,1,1,1,1,1,1,1,1,1,1,1,1,1,1,1,1,1,1,1,1,1,1,1,1,1,1,1,1,1,0,0,0,1,1,1,1,1,1,1,1,1,1,1,1,1,1,1,1,1,1,1,0,0,0,1,1,1,1,1,1,1,1,1,1,1,1,1,1,1,1,1,1,1,1,1,1,1,1,1,1,1,1,1,1,1,1,1,1,1,1,1,1,1,1,1,1,1,1,1,1,1,1,1,1,1
2026-09-26T22:30:00Z,2026-09-26T21:30:00Z,60,,,,,0,,,,,0,,,,,0,,,,,0,,,,,0,,,,,0,,,,,0,,,,,0,,,,,0,,,,,0,3306.942,2026-09-23T12:23:53Z,semo_pub_15minaggwindfcst_202609231223,4866.116666666667,1,0,4193.018,1419.814,2.08,204.605,254.74650000000003,372.545,0.5236000000000001,2026-08-31T23:00:00Z,37350.0,1,,,,0,1,1,1,1,1,1,1,1,1,,,,,,,,,,,831.8965000000001,,,,0,,,,7,946.923002431366,2815.124,0.0,0,,,,,,,,,,,,,,,,,,,,,,,,,,,,,,,,,,,,,,,,,,,,,,,,,,,,1,1,1,1,1,1,1,1,1,1,1,1,1,1,1,1,1,1,1,1,1,1,1,1,1,1,1,1,1,1,0,0,0,1,1,1,1,1,1,1,1,1,1,1,1,1,1,1,1,1,1,1,0,0,0,1,1,1,1,1,1,1,1,1,1,1,1,1,1,1,1,1,1,1,1,1,1,1,1,1,1,1,1,1,1,1,1,1,1,1,1,1,1,1,1,1,1,1,1,1,1,1,1,1,1,1
2026-09-26T22:30:00Z,2026-09-26T22:00:00Z,30,,,,,0,,,,,0,,,,,0,,,,,0,,,,,0,,,,,0,,,,,0,,,,,0,,,,,0,,,,,0,3306.942,2026-09-23T12:23:53Z,semo_pub_15minaggwindfcst_202609231223,4896.116666666667,1,0,4193.018,1419.814,2.08,204.605,254.74650000000003,372.545,0.5236000000000001,2026-08-31T23:00:00Z,37380.0,1,,,,0,1,1,1,1,1,1,1,1,1,,,,,,,,,,,831.8965000000001,,,,0,,,,7,946.923002431366,2815.124,0.0,0,,,,,,,,,,,,,,,,,,,,,,,,,,,,,,,,,,,,,,,,,,,,,,,,,,,,1,1,1,1,1,1,1,1,1,1,1,1,1,1,1,1,1,1,1,1,1,1,1,1,1,1,1,1,1,1,0,0,0,1,1,1,1,1,1,1,1,1,1,1,1,1,1,1,1,1,1,1,0,0,0,1,1,1,1,1,1,1,1,1,1,1,1,1,1,1,1,1,1,1,1,1,1,1,1,1,1,1,1,1,1,1,1,1,1,1,1,1,1,1,1,1,1,1,1,1,1,1,1,1,1,1
2026-09-26T23:00:00Z,2026-09-26T22:00:00Z,60,,,,,0,,,,,0,,,,,0,,,,,0,,,,,0,,,,,0,,,,,0,,,,,0,,,,,0,,,,,0,3372.286,2026-09-23T12:23:53Z,semo_pub_15minaggwindfcst_202609231223,4896.116666666667,1,0,4193.018,1419.814,2.08,204.605,254.74650000000003,372.545,0.5236000000000001,2026-08-31T23:00:00Z,37380.0,1,,,,0,1,1,1,1,1,1,1,1,1,,,,,,,,,,,831.8965000000001,,,,0,,,,7,963.521380874491,2867.06,0.0,0,,,,,,,,,,,,,,,,,,,,,,,,,,,,,,,,,,,,,,,,,,,,,,,,,,,,1,1,1,1,1,1,1,1,1,1,1,1,1,1,1,1,1,1,1,1,1,1,1,1,1,1,1,1,1,1,0,0,0,1,1,1,1,1,1,1,1,1,1,1,1,1,1,1,1,1,1,1,0,0,0,1,1,1,1,1,1,1,1,1,1,1,1,1,1,1,1,1,1,1,1,1,1,1,1,1,1,1,1,1,1,1,1,1,1,1,1,1,1,1,1,1,1,1,1,1,1,1,1,1,1,1
2026-09-26T23:00:00Z,2026-09-26T22:30:00Z,30,,,,,0,,,,,0,,,,,0,,,,,0,,,,,0,,,,,0,,,,,0,,,,,0,,,,,0,,,,,0,3372.286,2026-09-23T12:23:53Z,semo_pub_15minaggwindfcst_202609231223,4926.116666666667,1,0,4193.018,1419.814,2.08,204.605,254.74650000000003,372.545,0.5236000000000001,2026-08-31T23:00:00Z,37410.0,1,,,,0,1,1,1,1,1,1,1,1,1,,,,,,,,,,,831.8965000000001,,,,0,,,,7,963.521380874491,2867.06,0.0,0,,,,,,,,,,,,,,,,,,,,,,,,,,,,,,,,,,,,,,,,,,,,,,,,,,,,1,1,1,1,1,1,1,1,1,1,1,1,1,1,1,1,1,1,1,1,1,1,1,1,1,1,1,1,1,1,0,0,0,1,1,1,1,1,1,1,1,1,1,1,1,1,1,1,1,1,1,1,0,0,0,1,1,1,1,1,1,1,1,1,1,1,1,1,1,1,1,1,1,1,1,1,1,1,1,1,1,1,1,1,1,1,1,1,1,1,1,1,1,1,1,1,1,1,1,1,1,1,1,1,1,1
2026-09-26T23:30:00Z,2026-09-26T22:30:00Z,60,,,,,0,,,,,0,,,,,0,,,,,0,,,,,0,,,,,0,,,,,0,,,,,0,,,,,0,,,,,0,3409.236,2026-09-23T12:23:53Z,semo_pub_15minaggwindfcst_202609231223,4926.116666666667,1,0,4193.018,1419.814,2.08,204.605,254.74650000000003,372.545,0.5236000000000001,2026-08-31T23:00:00Z,37410.0,1,,,,0,1,1,1,1,1,1,1,1,1,,,,,,,,,,,831.8965000000001,,,,0,,,,7,973.9982877692071,2900.6549999999997,0.0,0,,,,,,,,,,,,,,,,,,,,,,,,,,,,,,,,,,,,,,,,,,,,,,,,,,,,1,1,1,1,1,1,1,1,1,1,1,1,1,1,1,1,1,1,1,1,1,1,1,1,1,1,1,1,1,1,0,0,0,1,1,1,1,1,1,1,1,1,1,1,1,1,1,1,1,1,1,1,0,0,0,1,1,1,1,1,1,1,1,1,1,1,1,1,1,1,1,1,1,1,1,1,1,1,1,1,1,1,1,1,1,1,1,1,1,1,1,1,1,1,1,1,1,1,1,1,1,1,1,1,1,1
2026-09-26T23:30:00Z,2026-09-26T23:00:00Z,30,,,,,0,,,,,0,,,,,0,,,,,0,,,,,0,,,,,0,,,,,0,,,,,0,,,,,0,,,,,0,3409.236,2026-09-23T12:23:53Z,semo_pub_15minaggwindfcst_202609231223,4956.116666666667,1,0,4193.018,1419.814,2.08,204.605,254.74650000000003,372.545,0.5236000000000001,2026-08-31T23:00:00Z,37440.0,1,,,,0,1,1,1,1,1,1,1,1,1,,,,,,,,,,,831.8965000000001,,,,0,,,,7,973.9982877692071,2900.6549999999997,0.0,0,,,,,,,,,,,,,,,,,,,,,,,,,,,,,,,,,,,,,,,,,,,,,,,,,,,,1,1,1,1,1,1,1,1,1,1,1,1,1,1,1,1,1,1,1,1,1,1,1,1,1,1,1,1,1,1,0,0,0,1,1,1,1,1,1,1,1,1,1,1,1,1,1,1,1,1,1,1,0,0,0,1,1,1,1,1,1,1,1,1,1,1,1,1,1,1,1,1,1,1,1,1,1,1,1,1,1,1,1,1,1,1,1,1,1,1,1,1,1,1,1,1,1,1,1,1,1,1,1,1,1,1
2026-09-27T00:00:00Z,2026-09-26T23:00:00Z,60,,,,,0,,,,,0,,,,,0,,,,,0,,,,,0,,,,,0,,,,,0,,,,,0,,,,,0,,,,,0,3446.193,2026-09-23T12:23:53Z,semo_pub_15minaggwindfcst_202609231223,4956.116666666667,1,0,4193.018,1419.814,2.08,204.605,254.74650000000003,372.545,0.5236000000000001,2026-08-31T23:00:00Z,37440.0,1,,,,0,1,1,1,1,1,1,1,1,1,,,,,,,,,,,831.8965000000001,,,,0,,,,7,984.5116232656181,2934.242,0.0,0,,,,,,,,,,,,,,,,,,,,,,,,,,,,,,,,,,,,,,,,,,,,,,,,,,,,1,1,1,1,1,1,1,1,1,1,1,1,1,1,1,1,1,1,1,1,1,1,1,1,1,1,1,1,1,1,0,0,0,1,1,1,1,1,1,1,1,1,1,1,1,1,1,1,1,1,1,1,0,0,0,1,1,1,1,1,1,1,1,1,1,1,1,1,1,1,1,1,1,1,1,1,1,1,1,1,1,1,1,1,1,1,1,1,1,1,1,1,1,1,1,1,1,1,1,1,1,1,1,1,1,1
2026-09-27T00:00:00Z,2026-09-26T23:30:00Z,30,,,,,0,,,,,0,,,,,0,,,,,0,,,,,0,,,,,0,,,,,0,,,,,0,,,,,0,,,,,0,3446.193,2026-09-23T12:23:53Z,semo_pub_15minaggwindfcst_202609231223,4986.116666666667,1,0,4193.018,1419.814,2.08,204.605,254.74650000000003,372.545,0.5236000000000001,2026-08-31T23:00:00Z,37470.0,1,,,,0,1,1,1,1,1,1,1,1,1,,,,,,,,,,,831.8965000000001,,,,0,,,,7,984.5116232656181,2934.242,0.0,0,,,,,,,,,,,,,,,,,,,,,,,,,,,,,,,,,,,,,,,,,,,,,,,,,,,,1,1,1,1,1,1,1,1,1,1,1,1,1,1,1,1,1,1,1,1,1,1,1,1,1,1,1,1,1,1,0,0,0,1,1,1,1,1,1,1,1,1,1,1,1,1,1,1,1,1,1,1,0,0,0,1,1,1,1,1,1,1,1,1,1,1,1,1,1,1,1,1,1,1,1,1,1,1,1,1,1,1,1,1,1,1,1,1,1,1,1,1,1,1,1,1,1,1,1,1,1,1,1,1,1,1
2026-09-27T00:30:00Z,2026-09-26T23:30:00Z,60,,,,,0,,,,,0,,,,,0,,,,,0,,,,,0,,,,,0,,,,,0,,,,,0,,,,,0,,,,,0,3485.938,2026-09-23T12:23:53Z,semo_pub_15minaggwindfcst_202609231223,4986.116666666667,1,0,4193.018,1419.814,2.08,204.605,254.74650000000003,372.545,0.5236000000000001,2026-08-31T23:00:00Z,37470.0,1,,,,0,1,1,1,1,1,1,1,1,1,,,,,,,,,,,831.8965000000001,,,,0,,,,7,997.2162395749275,2972.6369999999997,0.0,0,,,,,,,,,,,,,,,,,,,,,,,,,,,,,,,,,,,,,,,,,,,,,,,,,,,,1,1,1,1,1,1,1,1,1,1,1,1,1,1,1,1,1,1,1,1,1,1,1,1,1,1,1,1,1,1,0,0,0,1,1,1,1,1,1,1,1,1,1,1,1,1,1,1,1,1,1,1,0,0,0,1,1,1,1,1,1,1,1,1,1,1,1,1,1,1,1,1,1,1,1,1,1,1,1,1,1,1,1,1,1,1,1,1,1,1,1,1,1,1,1,1,1,1,1,1,1,1,1,1,1,1
2026-09-27T00:30:00Z,2026-09-27T00:00:00Z,30,,,,,0,,,,,0,,,,,0,,,,,0,,,,,0,,,,,0,,,,,0,,,,,0,,,,,0,,,,,0,3485.938,2026-09-23T12:23:53Z,semo_pub_15minaggwindfcst_202609231223,5016.116666666667,1,0,4193.018,1419.814,2.08,204.605,254.74650000000003,372.545,0.5236000000000001,2026-08-31T23:00:00Z,37500.0,1,,,,0,1,1,1,1,1,1,1,1,1,,,,,,,,,,,831.8965000000001,,,,0,,,,7,997.2162395749275,2972.6369999999997,0.0,0,,,,,,,,,,,,,,,,,,,,,,,,,,,,,,,,,,,,,,,,,,,,,,,,,,,,1,1,1,1,1,1,1,1,1,1,1,1,1,1,1,1,1,1,1,1,1,1,1,1,1,1,1,1,1,1,0,0,0,1,1,1,1,1,1,1,1,1,1,1,1,1,1,1,1,1,1,1,0,0,0,1,1,1,1,1,1,1,1,1,1,1,1,1,1,1,1,1,1,1,1,1,1,1,1,1,1,1,1,1,1,1,1,1,1,1,1,1,1,1,1,1,1,1,1,1,1,1,1,1,1,1
2026-09-27T01:00:00Z,2026-09-27T00:00:00Z,60,,,,,0,,,,,0,,,,,0,,,,,0,,,,,0,,,,,0,,,,,0,,,,,0,,,,,0,,,,,0,3525.689,2026-09-23T12:23:53Z,semo_pub_15minaggwindfcst_202609231223,5016.116666666667,1,0,4193.018,1419.814,2.08,204.605,254.74650000000003,372.545,0.5236000000000001,2026-08-31T23:00:00Z,37500.0,1,,,,0,1,1,1,1,1,1,1,1,1,,,,,,,,,,,831.8965000000001,,,,0,,,,5,1150.7420971457334,2930.7780000000002,0.0,0,,,,,,,,,,,,,,,,,,,,,,,,,,,,,,,,,,,,,,,,,,,,,,,,,,,,1,1,1,1,1,1,1,1,1,1,1,1,1,1,1,1,1,1,1,1,1,1,1,1,1,1,1,1,1,1,0,0,0,1,1,1,1,1,1,1,1,1,1,1,1,1,1,1,1,1,1,1,0,0,0,1,1,1,1,1,1,1,1,1,1,1,1,1,1,1,1,1,1,1,1,1,1,1,1,1,1,1,1,1,1,1,1,1,1,1,1,1,1,1,1,1,1,1,1,1,1,1,1,1,1,1
2026-09-27T01:00:00Z,2026-09-27T00:30:00Z,30,,,,,0,,,,,0,,,,,0,,,,,0,,,,,0,,,,,0,,,,,0,,,,,0,,,,,0,,,,,0,3525.689,2026-09-23T12:23:53Z,semo_pub_15minaggwindfcst_202609231223,5046.116666666667,1,0,4193.018,1419.814,2.08,204.605,254.74650000000003,372.545,0.5236000000000001,2026-08-31T23:00:00Z,37530.0,1,,,,0,1,1,1,1,1,1,1,1,1,,,,,,,,,,,831.8965000000001,,,,0,,,,5,1150.7420971457334,2930.7780000000002,0.0,0,,,,,,,,,,,,,,,,,,,,,,,,,,,,,,,,,,,,,,,,,,,,,,,,,,,,1,1,1,1,1,1,1,1,1,1,1,1,1,1,1,1,1,1,1,1,1,1,1,1,1,1,1,1,1,1,0,0,0,1,1,1,1,1,1,1,1,1,1,1,1,1,1,1,1,1,1,1,0,0,0,1,1,1,1,1,1,1,1,1,1,1,1,1,1,1,1,1,1,1,1,1,1,1,1,1,1,1,1,1,1,1,1,1,1,1,1,1,1,1,1,1,1,1,1,1,1,1,1,1,1,1
2026-09-27T01:30:00Z,2026-09-27T00:30:00Z,60,,,,,0,,,,,0,,,,,0,,,,,0,,,,,0,,,,,0,,,,,0,,,,,0,,,,,0,,,,,0,3537.438,2026-09-23T12:23:53Z,semo_pub_15minaggwindfcst_202609231223,5046.116666666667,1,0,4193.018,1419.814,2.08,204.605,254.74650000000003,372.545,0.5236000000000001,2026-08-31T23:00:00Z,37530.0,1,,,,0,1,1,1,1,1,1,1,1,1,,,,,,,,,,,831.8965000000001,,,,0,,,,5,1158.2285466173591,2959.1130000000003,0.0,0,,,,,,,,,,,,,,,,,,,,,,,,,,,,,,,,,,,,,,,,,,,,,,,,,,,,1,1,1,1,1,1,1,1,1,1,1,1,1,1,1,1,1,1,1,1,1,1,1,1,1,1,1,1,1,1,0,0,0,1,1,1,1,1,1,1,1,1,1,1,1,1,1,1,1,1,1,1,0,0,0,1,1,1,1,1,1,1,1,1,1,1,1,1,1,1,1,1,1,1,1,1,1,1,1,1,1,1,1,1,1,1,1,1,1,1,1,1,1,1,1,1,1,1,1,1,1,1,1,1,1,1
2026-09-27T01:30:00Z,2026-09-27T01:00:00Z,30,,,,,0,,,,,0,,,,,0,,,,,0,,,,,0,,,,,0,,,,,0,,,,,0,,,,,0,,,,,0,3537.438,2026-09-23T12:23:53Z,semo_pub_15minaggwindfcst_202609231223,5076.116666666667,1,0,4193.018,1419.814,2.08,204.605,254.74650000000003,372.545,0.5236000000000001,2026-08-31T23:00:00Z,37560.0,1,,,,0,1,1,1,1,1,1,1,1,1,,,,,,,,,,,831.8965000000001,,,,0,,,,5,1158.2285466173591,2959.1130000000003,0.0,0,,,,,,,,,,,,,,,,,,,,,,,,,,,,,,,,,,,,,,,,,,,,,,,,,,,,1,1,1,1,1,1,1,1,1,1,1,1,1,1,1,1,1,1,1,1,1,1,1,1,1,1,1,1,1,1,0,0,0,1,1,1,1,1,1,1,1,1,1,1,1,1,1,1,1,1,1,1,0,0,0,1,1,1,1,1,1,1,1,1,1,1,1,1,1,1,1,1,1,1,1,1,1,1,1,1,1,1,1,1,1,1,1,1,1,1,1,1,1,1,1,1,1,1,1,1,1,1,1,1,1,1
2026-09-27T02:00:00Z,2026-09-27T01:00:00Z,60,,,,,0,,,,,0,,,,,0,,,,,0,,,,,0,,,,,0,,,,,0,,,,,0,,,,,0,,,,,0,3549.179,2026-09-23T12:23:53Z,semo_pub_15minaggwindfcst_202609231223,5076.116666666667,1,0,4193.018,1419.814,2.08,204.605,254.74650000000003,372.545,0.5236000000000001,2026-08-31T23:00:00Z,37560.0,1,,,,0,1,1,1,1,1,1,1,1,1,,,,,,,,,,,831.8965000000001,,,,0,,,,5,1165.7579267265396,2987.445,0.0,0,,,,,,,,,,,,,,,,,,,,,,,,,,,,,,,,,,,,,,,,,,,,,,,,,,,,1,1,1,1,1,1,1,1,1,1,1,1,1,1,1,1,1,1,1,1,1,1,1,1,1,1,1,1,1,1,0,0,0,1,1,1,1,1,1,1,1,1,1,1,1,1,1,1,1,1,1,1,0,0,0,1,1,1,1,1,1,1,1,1,1,1,1,1,1,1,1,1,1,1,1,1,1,1,1,1,1,1,1,1,1,1,1,1,1,1,1,1,1,1,1,1,1,1,1,1,1,1,1,1,1,1
2026-09-27T02:00:00Z,2026-09-27T01:30:00Z,30,,,,,0,,,,,0,,,,,0,,,,,0,,,,,0,,,,,0,,,,,0,,,,,0,,,,,0,,,,,0,3549.179,2026-09-23T12:23:53Z,semo_pub_15minaggwindfcst_202609231223,5106.116666666667,1,0,4193.018,1419.814,2.08,204.605,254.74650000000003,372.545,0.5236000000000001,2026-08-31T23:00:00Z,37590.0,1,,,,0,1,1,1,1,1,1,1,1,1,,,,,,,,,,,831.8965000000001,,,,0,,,,5,1165.7579267265396,2987.445,0.0,0,,,,,,,,,,,,,,,,,,,,,,,,,,,,,,,,,,,,,,,,,,,,,,,,,,,,1,1,1,1,1,1,1,1,1,1,1,1,1,1,1,1,1,1,1,1,1,1,1,1,1,1,1,1,1,1,0,0,0,1,1,1,1,1,1,1,1,1,1,1,1,1,1,1,1,1,1,1,0,0,0,1,1,1,1,1,1,1,1,1,1,1,1,1,1,1,1,1,1,1,1,1,1,1,1,1,1,1,1,1,1,1,1,1,1,1,1,1,1,1,1,1,1,1,1,1,1,1,1,1,1,1
2026-09-27T02:30:00Z,2026-09-27T01:30:00Z,60,,,,,0,,,,,0,,,,,0,,,,,0,,,,,0,,,,,0,,,,,0,,,,,0,,,,,0,,,,,0,3565.805,2026-09-23T12:23:53Z,semo_pub_15minaggwindfcst_202609231223,5106.116666666667,1,0,4193.018,1419.814,2.08,204.605,254.74650000000003,372.545,0.5236000000000001,2026-08-31T23:00:00Z,37590.0,1,,,,0,1,1,1,1,1,1,1,1,1,,,,,,,,,,,831.8965000000001,,,,0,,,,5,1173.2062720689146,3018.286,0.0,0,,,,,,,,,,,,,,,,,,,,,,,,,,,,,,,,,,,,,,,,,,,,,,,,,,,,1,1,1,1,1,1,1,1,1,1,1,1,1,1,1,1,1,1,1,1,1,1,1,1,1,1,1,1,1,1,0,0,0,1,1,1,1,1,1,1,1,1,1,1,1,1,1,1,1,1,1,1,0,0,0,1,1,1,1,1,1,1,1,1,1,1,1,1,1,1,1,1,1,1,1,1,1,1,1,1,1,1,1,1,1,1,1,1,1,1,1,1,1,1,1,1,1,1,1,1,1,1,1,1,1,1
2026-09-27T02:30:00Z,2026-09-27T02:00:00Z,30,,,,,0,,,,,0,,,,,0,,,,,0,,,,,0,,,,,0,,,,,0,,,,,0,,,,,0,,,,,0,3565.805,2026-09-23T12:23:53Z,semo_pub_15minaggwindfcst_202609231223,5136.116666666667,1,0,4193.018,1419.814,2.08,204.605,254.74650000000003,372.545,0.5236000000000001,2026-08-31T23:00:00Z,37620.0,1,,,,0,1,1,1,1,1,1,1,1,1,,,,,,,,,,,831.8965000000001,,,,0,,,,5,1173.2062720689146,3018.286,0.0,0,,,,,,,,,,,,,,,,,,,,,,,,,,,,,,,,,,,,,,,,,,,,,,,,,,,,1,1,1,1,1,1,1,1,1,1,1,1,1,1,1,1,1,1,1,1,1,1,1,1,1,1,1,1,1,1,0,0,0,1,1,1,1,1,1,1,1,1,1,1,1,1,1,1,1,1,1,1,0,0,0,1,1,1,1,1,1,1,1,1,1,1,1,1,1,1,1,1,1,1,1,1,1,1,1,1,1,1,1,1,1,1,1,1,1,1,1,1,1,1,1,1,1,1,1,1,1,1,1,1,1,1
2026-09-27T03:00:00Z,2026-09-27T02:00:00Z,60,,,,,0,,,,,0,,,,,0,,,,,0,,,,,0,,,,,0,,,,,0,,,,,0,,,,,0,,,,,0,3582.429,2026-09-23T12:23:53Z,semo_pub_15minaggwindfcst_202609231223,5136.116666666667,1,0,4193.018,1419.814,2.08,204.605,254.74650000000003,372.545,0.5236000000000001,2026-08-31T23:00:00Z,37620.0,1,,,,0,1,1,1,1,1,1,1,1,1,,,,,,,,,,,831.8965000000001,,,,0,,,,5,1180.7074283723975,3049.116,0.0,0,,,,,,,,,,,,,,,,,,,,,,,,,,,,,,,,,,,,,,,,,,,,,,,,,,,,1,1,1,1,1,1,1,1,1,1,1,1,1,1,1,1,1,1,1,1,1,1,1,1,1,1,1,1,1,1,0,0,0,1,1,1,1,1,1,1,1,1,1,1,1,1,1,1,1,1,1,1,0,0,0,1,1,1,1,1,1,1,1,1,1,1,1,1,1,1,1,1,1,1,1,1,1,1,1,1,1,1,1,1,1,1,1,1,1,1,1,1,1,1,1,1,1,1,1,1,1,1,1,1,1,1
2026-09-27T03:00:00Z,2026-09-27T02:30:00Z,30,,,,,0,,,,,0,,,,,0,,,,,0,,,,,0,,,,,0,,,,,0,,,,,0,,,,,0,,,,,0,3582.429,2026-09-23T12:23:53Z,semo_pub_15minaggwindfcst_202609231223,5166.116666666667,1,0,4193.018,1419.814,2.08,204.605,254.74650000000003,372.545,0.5236000000000001,2026-08-31T23:00:00Z,37650.0,1,,,,0,1,1,1,1,1,1,1,1,1,,,,,,,,,,,831.8965000000001,,,,0,,,,5,1180.7074283723975,3049.116,0.0,0,,,,,,,,,,,,,,,,,,,,,,,,,,,,,,,,,,,,,,,,,,,,,,,,,,,,1,1,1,1,1,1,1,1,1,1,1,1,1,1,1,1,1,1,1,1,1,1,1,1,1,1,1,1,1,1,0,0,0,1,1,1,1,1,1,1,1,1,1,1,1,1,1,1,1,1,1,1,0,0,0,1,1,1,1,1,1,1,1,1,1,1,1,1,1,1,1,1,1,1,1,1,1,1,1,1,1,1,1,1,1,1,1,1,1,1,1,1,1,1,1,1,1,1,1,1,1,1,1,1,1,1
2026-09-27T03:30:00Z,2026-09-27T02:30:00Z,60,,,,,0,,,,,0,,,,,0,,,,,0,,,,,0,,,,,0,,,,,0,,,,,0,,,,,0,,,,,0,3600.319,2026-09-23T12:23:53Z,semo_pub_15minaggwindfcst_202609231223,5166.116666666667,1,0,4193.018,1419.814,2.08,204.605,254.74650000000003,372.545,0.5236000000000001,2026-08-31T23:00:00Z,37650.0,1,,,,0,1,1,1,1,1,1,1,1,1,,,,,,,,,,,831.8965000000001,,,,0,,,,5,1187.4494148404976,3076.4979999999996,0.0,0,,,,,,,,,,,,,,,,,,,,,,,,,,,,,,,,,,,,,,,,,,,,,,,,,,,,1,1,1,1,1,1,1,1,1,1,1,1,1,1,1,1,1,1,1,1,1,1,1,1,1,1,1,1,1,1,0,0,0,1,1,1,1,1,1,1,1,1,1,1,1,1,1,1,1,1,1,1,0,0,0,1,1,1,1,1,1,1,1,1,1,1,1,1,1,1,1,1,1,1,1,1,1,1,1,1,1,1,1,1,1,1,1,1,1,1,1,1,1,1,1,1,1,1,1,1,1,1,1,1,1,1
2026-09-27T03:30:00Z,2026-09-27T03:00:00Z,30,,,,,0,,,,,0,,,,,0,,,,,0,,,,,0,,,,,0,,,,,0,,,,,0,,,,,0,,,,,0,3600.319,2026-09-23T12:23:53Z,semo_pub_15minaggwindfcst_202609231223,5196.116666666667,1,0,4193.018,1419.814,2.08,204.605,254.74650000000003,372.545,0.5236000000000001,2026-08-31T23:00:00Z,37680.0,1,,,,0,1,1,1,1,1,1,1,1,1,,,,,,,,,,,831.8965000000001,,,,0,,,,5,1187.4494148404976,3076.4979999999996,0.0,0,,,,,,,,,,,,,,,,,,,,,,,,,,,,,,,,,,,,,,,,,,,,,,,,,,,,1,1,1,1,1,1,1,1,1,1,1,1,1,1,1,1,1,1,1,1,1,1,1,1,1,1,1,1,1,1,0,0,0,1,1,1,1,1,1,1,1,1,1,1,1,1,1,1,1,1,1,1,0,0,0,1,1,1,1,1,1,1,1,1,1,1,1,1,1,1,1,1,1,1,1,1,1,1,1,1,1,1,1,1,1,1,1,1,1,1,1,1,1,1,1,1,1,1,1,1,1,1,1,1,1,1
2026-09-27T04:00:00Z,2026-09-27T03:00:00Z,60,,,,,0,,,,,0,,,,,0,,,,,0,,,,,0,,,,,0,,,,,0,,,,,0,,,,,0,,,,,0,3618.193,2026-09-23T12:23:53Z,semo_pub_15minaggwindfcst_202609231223,5196.116666666667,1,0,4193.018,1419.814,2.08,204.605,254.74650000000003,372.545,0.5236000000000001,2026-08-31T23:00:00Z,37680.0,1,,,,0,1,1,1,1,1,1,1,1,1,,,,,,,,,,,831.8965000000001,,,,0,,,,5,1194.2267044956916,3103.885,0.0,0,,,,,,,,,,,,,,,,,,,,,,,,,,,,,,,,,,,,,,,,,,,,,,,,,,,,1,1,1,1,1,1,1,1,1,1,1,1,1,1,1,1,1,1,1,1,1,1,1,1,1,1,1,1,1,1,0,0,0,1,1,1,1,1,1,1,1,1,1,1,1,1,1,1,1,1,1,1,0,0,0,1,1,1,1,1,1,1,1,1,1,1,1,1,1,1,1,1,1,1,1,1,1,1,1,1,1,1,1,1,1,1,1,1,1,1,1,1,1,1,1,1,1,1,1,1,1,1,1,1,1,1
2026-09-27T04:00:00Z,2026-09-27T03:30:00Z,30,,,,,0,,,,,0,,,,,0,,,,,0,,,,,0,,,,,0,,,,,0,,,,,0,,,,,0,,,,,0,3618.193,2026-09-23T12:23:53Z,semo_pub_15minaggwindfcst_202609231223,5226.116666666667,1,0,4193.018,1419.814,2.08,204.605,254.74650000000003,372.545,0.5236000000000001,2026-08-31T23:00:00Z,37710.0,1,,,,0,1,1,1,1,1,1,1,1,1,,,,,,,,,,,831.8965000000001,,,,0,,,,5,1194.2267044956916,3103.885,0.0,0,,,,,,,,,,,,,,,,,,,,,,,,,,,,,,,,,,,,,,,,,,,,,,,,,,,,1,1,1,1,1,1,1,1,1,1,1,1,1,1,1,1,1,1,1,1,1,1,1,1,1,1,1,1,1,1,0,0,0,1,1,1,1,1,1,1,1,1,1,1,1,1,1,1,1,1,1,1,0,0,0,1,1,1,1,1,1,1,1,1,1,1,1,1,1,1,1,1,1,1,1,1,1,1,1,1,1,1,1,1,1,1,1,1,1,1,1,1,1,1,1,1,1,1,1,1,1,1,1,1,1,1
2026-09-27T04:30:00Z,2026-09-27T03:30:00Z,60,,,,,0,,,,,0,,,,,0,,,,,0,,,,,0,,,,,0,,,,,0,,,,,0,,,,,0,,,,,0,3668.55,2026-09-23T12:23:53Z,semo_pub_15minaggwindfcst_202609231223,5226.116666666667,1,0,4193.018,1419.814,2.08,204.605,254.74650000000003,372.545,0.5236000000000001,2026-08-31T23:00:00Z,37710.0,1,,,,0,1,1,1,1,1,1,1,1,1,,,,,,,,,,,831.8965000000001,,,,0,,,,5,1212.3484465656893,3159.1180000000004,0.0,0,,,,,,,,,,,,,,,,,,,,,,,,,,,,,,,,,,,,,,,,,,,,,,,,,,,,1,1,1,1,1,1,1,1,1,1,1,1,1,1,1,1,1,1,1,1,1,1,1,1,1,1,1,1,1,1,0,0,0,1,1,1,1,1,1,1,1,1,1,1,1,1,1,1,1,1,1,1,0,0,0,1,1,1,1,1,1,1,1,1,1,1,1,1,1,1,1,1,1,1,1,1,1,1,1,1,1,1,1,1,1,1,1,1,1,1,1,1,1,1,1,1,1,1,1,1,1,1,1,1,1,1
2026-09-27T04:30:00Z,2026-09-27T04:00:00Z,30,,,,,0,,,,,0,,,,,0,,,,,0,,,,,0,,,,,0,,,,,0,,,,,0,,,,,0,,,,,0,3668.55,2026-09-23T12:23:53Z,semo_pub_15minaggwindfcst_202609231223,5256.116666666667,1,0,4193.018,1419.814,2.08,204.605,254.74650000000003,372.545,0.5236000000000001,2026-08-31T23:00:00Z,37740.0,1,,,,0,1,1,1,1,1,1,1,1,1,,,,,,,,,,,831.8965000000001,,,,0,,,,5,1212.3484465656893,3159.1180000000004,0.0,0,,,,,,,,,,,,,,,,,,,,,,,,,,,,,,,,,,,,,,,,,,,,,,,,,,,,1,1,1,1,1,1,1,1,1,1,1,1,1,1,1,1,1,1,1,1,1,1,1,1,1,1,1,1,1,1,0,0,0,1,1,1,1,1,1,1,1,1,1,1,1,1,1,1,1,1,1,1,0,0,0,1,1,1,1,1,1,1,1,1,1,1,1,1,1,1,1,1,1,1,1,1,1,1,1,1,1,1,1,1,1,1,1,1,1,1,1,1,1,1,1,1,1,1,1,1,1,1,1,1,1,1
2026-09-27T05:00:00Z,2026-09-27T04:00:00Z,60,,,,,0,,,,,0,,,,,0,,,,,0,,,,,0,,,,,0,,,,,0,,,,,0,,,,,0,,,,,0,3718.923,2026-09-23T12:23:53Z,semo_pub_15minaggwindfcst_202609231223,5256.116666666667,1,0,4193.018,1419.814,2.08,204.605,254.74650000000003,372.545,0.5236000000000001,2026-08-31T23:00:00Z,37740.0,1,,,,0,1,1,1,1,1,1,1,1,1,,,,,,,,,,,831.8965000000001,,,,0,,,,5,1230.5199226178502,3214.346,0.0,0,,,,,,,,,,,,,,,,,,,,,,,,,,,,,,,,,,,,,,,,,,,,,,,,,,,,1,1,1,1,1,1,1,1,1,1,1,1,1,1,1,1,1,1,1,1,1,1,1,1,1,1,1,1,1,1,0,0,0,1,1,1,1,1,1,1,1,1,1,1,1,1,1,1,1,1,1,1,0,0,0,1,1,1,1,1,1,1,1,1,1,1,1,1,1,1,1,1,1,1,1,1,1,1,1,1,1,1,1,1,1,1,1,1,1,1,1,1,1,1,1,1,1,1,1,1,1,1,1,1,1,1
2026-09-27T05:00:00Z,2026-09-27T04:30:00Z,30,,,,,0,,,,,0,,,,,0,,,,,0,,,,,0,,,,,0,,,,,0,,,,,0,,,,,0,,,,,0,3718.923,2026-09-23T12:23:53Z,semo_pub_15minaggwindfcst_202609231223,5286.116666666667,1,0,4193.018,1419.814,2.08,204.605,254.74650000000003,372.545,0.5236000000000001,2026-08-31T23:00:00Z,37770.0,1,,,,0,1,1,1,1,1,1,1,1,1,,,,,,,,,,,831.8965000000001,,,,0,,,,5,1230.5199226178502,3214.346,0.0,0,,,,,,,,,,,,,,,,,,,,,,,,,,,,,,,,,,,,,,,,,,,,,,,,,,,,1,1,1,1,1,1,1,1,1,1,1,1,1,1,1,1,1,1,1,1,1,1,1,1,1,1,1,1,1,1,0,0,0,1,1,1,1,1,1,1,1,1,1,1,1,1,1,1,1,1,1,1,0,0,0,1,1,1,1,1,1,1,1,1,1,1,1,1,1,1,1,1,1,1,1,1,1,1,1,1,1,1,1,1,1,1,1,1,1,1,1,1,1,1,1,1,1,1,1,1,1,1,1,1,1,1
2026-09-27T05:30:00Z,2026-09-27T04:30:00Z,60,,,,,0,,,,,0,,,,,0,,,,,0,,,,,0,,,,,0,,,,,0,,,,,0,,,,,0,,,,,0,3776.445,2026-09-23T12:23:53Z,semo_pub_15minaggwindfcst_202609231223,5286.116666666667,1,0,4193.018,1419.814,2.08,204.605,254.74650000000003,372.545,0.5236000000000001,2026-08-31T23:00:00Z,37770.0,1,,,,0,1,1,1,1,1,1,1,1,1,,,,,,,,,,,831.8965000000001,,,,0,,,,5,1247.8332444503312,3260.0679999999998,0.0,0,,,,,,,,,,,,,,,,,,,,,,,,,,,,,,,,,,,,,,,,,,,,,,,,,,,,1,1,1,1,1,1,1,1,1,1,1,1,1,1,1,1,1,1,1,1,1,1,1,1,1,1,1,1,1,1,0,0,0,1,1,1,1,1,1,1,1,1,1,1,1,1,1,1,1,1,1,1,0,0,0,1,1,1,1,1,1,1,1,1,1,1,1,1,1,1,1,1,1,1,1,1,1,1,1,1,1,1,1,1,1,1,1,1,1,1,1,1,1,1,1,1,1,1,1,1,1,1,1,1,1,1
2026-09-27T05:30:00Z,2026-09-27T05:00:00Z,30,,,,,0,,,,,0,,,,,0,,,,,0,,,,,0,,,,,0,,,,,0,,,,,0,,,,,0,,,,,0,3776.445,2026-09-23T12:23:53Z,semo_pub_15minaggwindfcst_202609231223,5316.116666666667,1,0,4193.018,1419.814,2.08,204.605,254.74650000000003,372.545,0.5236000000000001,2026-08-31T23:00:00Z,37800.0,1,,,,0,1,1,1,1,1,1,1,1,1,,,,,,,,,,,831.8965000000001,,,,0,,,,5,1247.8332444503312,3260.0679999999998,0.0,0,,,,,,,,,,,,,,,,,,,,,,,,,,,,,,,,,,,,,,,,,,,,,,,,,,,,1,1,1,1,1,1,1,1,1,1,1,1,1,1,1,1,1,1,1,1,1,1,1,1,1,1,1,1,1,1,0,0,0,1,1,1,1,1,1,1,1,1,1,1,1,1,1,1,1,1,1,1,0,0,0,1,1,1,1,1,1,1,1,1,1,1,1,1,1,1,1,1,1,1,1,1,1,1,1,1,1,1,1,1,1,1,1,1,1,1,1,1,1,1,1,1,1,1,1,1,1,1,1,1,1,1
2026-09-27T06:00:00Z,2026-09-27T05:00:00Z,60,,,,,0,,,,,0,,,,,0,,,,,0,,,,,0,,,,,0,,,,,0,,,,,0,,,,,0,,,,,0,3833.973,2026-09-23T12:23:53Z,semo_pub_15minaggwindfcst_202609231223,5316.116666666667,1,0,4193.018,1419.814,2.08,204.605,254.74650000000003,372.545,0.5236000000000001,2026-08-31T23:00:00Z,37800.0,1,,,,0,1,1,1,1,1,1,1,1,1,,,,,,,,,,,831.8965000000001,,,,0,,,,5,1265.1507151728604,3305.7960000000003,0.0,0,,,,,,,,,,,,,,,,,,,,,,,,,,,,,,,,,,,,,,,,,,,,,,,,,,,,1,1,1,1,1,1,1,1,1,1,1,1,1,1,1,1,1,1,1,1,1,1,1,1,1,1,1,1,1,1,0,0,0,1,1,1,1,1,1,1,1,1,1,1,1,1,1,1,1,1,1,1,0,0,0,1,1,1,1,1,1,1,1,1,1,1,1,1,1,1,1,1,1,1,1,1,1,1,1,1,1,1,1,1,1,1,1,1,1,1,1,1,1,1,1,1,1,1,1,1,1,1,1,1,1,1
2026-09-27T06:00:00Z,2026-09-27T05:30:00Z,30,,,,,0,,,,,0,,,,,0,,,,,0,,,,,0,,,,,0,,,,,0,,,,,0,,,,,0,,,,,0,3833.973,2026-09-23T12:23:53Z,semo_pub_15minaggwindfcst_202609231223,5346.116666666667,1,0,4193.018,1419.814,2.08,204.605,254.74650000000003,372.545,0.5236000000000001,2026-08-31T23:00:00Z,37830.0,1,,,,0,1,1,1,1,1,1,1,1,1,,,,,,,,,,,831.8965000000001,,,,0,,,,5,1265.1507151728604,3305.7960000000003,0.0,0,,,,,,,,,,,,,,,,,,,,,,,,,,,,,,,,,,,,,,,,,,,,,,,,,,,,1,1,1,1,1,1,1,1,1,1,1,1,1,1,1,1,1,1,1,1,1,1,1,1,1,1,1,1,1,1,0,0,0,1,1,1,1,1,1,1,1,1,1,1,1,1,1,1,1,1,1,1,0,0,0,1,1,1,1,1,1,1,1,1,1,1,1,1,1,1,1,1,1,1,1,1,1,1,1,1,1,1,1,1,1,1,1,1,1,1,1,1,1,1,1,1,1,1,1,1,1,1,1,1,1,1
2026-09-27T06:30:00Z,2026-09-27T05:30:00Z,60,,,,,0,,,,,0,,,,,0,,,,,0,,,,,0,,,,,0,,,,,0,,,,,0,,,,,0,,,,,0,3919.578,2026-09-23T12:23:53Z,semo_pub_15minaggwindfcst_202609231223,5346.116666666667,1,0,4193.018,1419.814,2.08,204.605,254.74650000000003,372.545,0.5236000000000001,2026-08-31T23:00:00Z,37830.0,1,,,,0,1,1,1,1,1,1,1,1,1,,,,,,,,,,,831.8965000000001,,,,0,,,,5,1286.122497037821,3346.6939999999995,0.0,0,,,,,,,,,,,,,,,,,,,,,,,,,,,,,,,,,,,,,,,,,,,,,,,,,,,,1,1,1,1,1,1,1,1,1,1,1,1,1,1,1,1,1,1,1,1,1,1,1,1,1,1,1,1,1,1,0,0,0,1,1,1,1,1,1,1,1,1,1,1,1,1,1,1,1,1,1,1,0,0,0,1,1,1,1,1,1,1,1,1,1,1,1,1,1,1,1,1,1,1,1,1,1,1,1,1,1,1,1,1,1,1,1,1,1,1,1,1,1,1,1,1,1,1,1,1,1,1,1,1,1,1
2026-09-27T06:30:00Z,2026-09-27T06:00:00Z,30,,,,,0,,,,,0,,,,,0,,,,,0,,,,,0,,,,,0,,,,,0,,,,,0,,,,,0,,,,,0,3919.578,2026-09-23T12:23:53Z,semo_pub_15minaggwindfcst_202609231223,5376.116666666667,1,0,4193.018,1419.814,2.08,204.605,254.74650000000003,372.545,0.5236000000000001,2026-08-31T23:00:00Z,37860.0,1,,,,0,1,1,1,1,1,1,1,1,1,,,,,,,,,,,831.8965000000001,,,,0,,,,5,1286.122497037821,3346.6939999999995,0.0,0,,,,,,,,,,,,,,,,,,,,,,,,,,,,,,,,,,,,,,,,,,,,,,,,,,,,1,1,1,1,1,1,1,1,1,1,1,1,1,1,1,1,1,1,1,1,1,1,1,1,1,1,1,1,1,1,0,0,0,1,1,1,1,1,1,1,1,1,1,1,1,1,1,1,1,1,1,1,0,0,0,1,1,1,1,1,1,1,1,1,1,1,1,1,1,1,1,1,1,1,1,1,1,1,1,1,1,1,1,1,1,1,1,1,1,1,1,1,1,1,1,1,1,1,1,1,1,1,1,1,1,1
2026-09-27T07:00:00Z,2026-09-27T06:00:00Z,60,,,,,0,,,,,0,,,,,0,,,,,0,,,,,0,,,,,0,,,,,0,,,,,0,,,,,0,,,,,0,4005.197,2026-09-23T12:23:53Z,semo_pub_15minaggwindfcst_202609231223,5376.116666666667,1,0,4193.018,1419.814,2.08,204.605,254.74650000000003,372.545,0.5236000000000001,2026-08-31T23:00:00Z,37860.0,1,,,,0,1,1,1,1,1,1,1,1,1,,,,,,,,,,,831.8965000000001,,,,0,,,,3,1508.177211288809,3199.327,0.0,0,,,,,,,,,,,,,,,,,,,,,,,,,,,,,,,,,,,,,,,,,,,,,,,,,,,,1,1,1,1,1,1,1,1,1,1,1,1,1,1,1,1,1,1,1,1,1,1,1,1,1,1,1,1,1,1,0,0,0,1,1,1,1,1,1,1,1,1,1,1,1,1,1,1,1,1,1,1,0,0,0,1,1,1,1,1,1,1,1,1,1,1,1,1,1,1,1,1,1,1,1,1,1,1,1,1,1,1,1,1,1,1,1,1,1,1,1,1,1,1,1,1,1,1,1,1,1,1,1,1,1,1
2026-09-27T07:00:00Z,2026-09-27T06:30:00Z,30,,,,,0,,,,,0,,,,,0,,,,,0,,,,,0,,,,,0,,,,,0,,,,,0,,,,,0,,,,,0,4005.197,2026-09-23T12:23:53Z,semo_pub_15minaggwindfcst_202609231223,5406.116666666667,1,0,4193.018,1419.814,2.08,204.605,254.74650000000003,372.545,0.5236000000000001,2026-08-31T23:00:00Z,37890.0,1,,,,0,1,1,1,1,1,1,1,1,1,,,,,,,,,,,831.8965000000001,,,,0,,,,3,1508.177211288809,3199.327,0.0,0,,,,,,,,,,,,,,,,,,,,,,,,,,,,,,,,,,,,,,,,,,,,,,,,,,,,1,1,1,1,1,1,1,1,1,1,1,1,1,1,1,1,1,1,1,1,1,1,1,1,1,1,1,1,1,1,0,0,0,1,1,1,1,1,1,1,1,1,1,1,1,1,1,1,1,1,1,1,0,0,0,1,1,1,1,1,1,1,1,1,1,1,1,1,1,1,1,1,1,1,1,1,1,1,1,1,1,1,1,1,1,1,1,1,1,1,1,1,1,1,1,1,1,1,1,1,1,1,1,1,1,1
2026-09-27T07:30:00Z,2026-09-27T06:30:00Z,60,,,,,0,,,,,0,,,,,0,,,,,0,,,,,0,,,,,0,,,,,0,,,,,0,,,,,0,,,,,0,4212.086,2026-09-23T12:23:53Z,semo_pub_15minaggwindfcst_202609231223,5406.116666666667,1,0,4193.018,1419.814,2.08,204.605,254.74650000000003,372.545,0.5236000000000001,2026-08-31T23:00:00Z,37890.0,1,,,,0,1,1,1,1,1,1,1,1,1,,,,,,,,,,,831.8965000000001,,,,0,,,,3,1586.9418356451786,3366.4120000000003,0.0,0,,,,,,,,,,,,,,,,,,,,,,,,,,,,,,,,,,,,,,,,,,,,,,,,,,,,1,1,1,1,1,1,1,1,1,1,1,1,1,1,1,1,1,1,1,1,1,1,1,1,1,1,1,1,1,1,0,0,0,1,1,1,1,1,1,1,1,1,1,1,1,1,1,1,1,1,1,1,0,0,0,1,1,1,1,1,1,1,1,1,1,1,1,1,1,1,1,1,1,1,1,1,1,1,1,1,1,1,1,1,1,1,1,1,1,1,1,1,1,1,1,1,1,1,1,1,1,1,1,1,1,1
2026-09-27T07:30:00Z,2026-09-27T07:00:00Z,30,,,,,0,,,,,0,,,,,0,,,,,0,,,,,0,,,,,0,,,,,0,,,,,0,,,,,0,,,,,0,4212.086,2026-09-23T12:23:53Z,semo_pub_15minaggwindfcst_202609231223,5436.116666666667,1,0,4193.018,1419.814,2.08,204.605,254.74650000000003,372.545,0.5236000000000001,2026-08-31T23:00:00Z,37920.0,1,,,,0,1,1,1,1,1,1,1,1,1,,,,,,,,,,,831.8965000000001,,,,0,,,,3,1586.9418356451786,3366.4120000000003,0.0,0,,,,,,,,,,,,,,,,,,,,,,,,,,,,,,,,,,,,,,,,,,,,,,,,,,,,1,1,1,1,1,1,1,1,1,1,1,1,1,1,1,1,1,1,1,1,1,1,1,1,1,1,1,1,1,1,0,0,0,1,1,1,1,1,1,1,1,1,1,1,1,1,1,1,1,1,1,1,0,0,0,1,1,1,1,1,1,1,1,1,1,1,1,1,1,1,1,1,1,1,1,1,1,1,1,1,1,1,1,1,1,1,1,1,1,1,1,1,1,1,1,1,1,1,1,1,1,1,1,1,1,1
2026-09-27T08:00:00Z,2026-09-27T07:00:00Z,60,,,,,0,,,,,0,,,,,0,,,,,0,,,,,0,,,,,0,,,,,0,,,,,0,,,,,0,,,,,0,4418.967,2026-09-23T12:23:53Z,semo_pub_15minaggwindfcst_202609231223,5436.116666666667,1,0,4193.018,1419.814,2.08,204.605,254.74650000000003,372.545,0.5236000000000001,2026-08-31T23:00:00Z,37920.0,1,,,,0,1,1,1,1,1,1,1,1,1,,,,,,,,,,,831.8965000000001,,,,0,,,,3,1665.7003317427777,3533.4839999999995,0.0,0,,,,,,,,,,,,,,,,,,,,,,,,,,,,,,,,,,,,,,,,,,,,,,,,,,,,1,1,1,1,1,1,1,1,1,1,1,1,1,1,1,1,1,1,1,1,1,1,1,1,1,1,1,1,1,1,0,0,0,1,1,1,1,1,1,1,1,1,1,1,1,1,1,1,1,1,1,1,0,0,0,1,1,1,1,1,1,1,1,1,1,1,1,1,1,1,1,1,1,1,1,1,1,1,1,1,1,1,1,1,1,1,1,1,1,1,1,1,1,1,1,1,1,1,1,1,1,1,1,1,1,1
2026-09-27T08:00:00Z,2026-09-27T07:30:00Z,30,,,,,0,,,,,0,,,,,0,,,,,0,,,,,0,,,,,0,,,,,0,,,,,0,,,,,0,,,,,0,4418.967,2026-09-23T12:23:53Z,semo_pub_15minaggwindfcst_202609231223,5466.116666666667,1,0,4193.018,1419.814,2.08,204.605,254.74650000000003,372.545,0.5236000000000001,2026-08-31T23:00:00Z,37950.0,1,,,,0,1,1,1,1,1,1,1,1,1,,,,,,,,,,,831.8965000000001,,,,0,,,,3,1665.7003317427777,3533.4839999999995,0.0,0,,,,,,,,,,,,,,,,,,,,,,,,,,,,,,,,,,,,,,,,,,,,,,,,,,,,1,1,1,1,1,1,1,1,1,1,1,1,1,1,1,1,1,1,1,1,1,1,1,1,1,1,1,1,1,1,0,0,0,1,1,1,1,1,1,1,1,1,1,1,1,1,1,1,1,1,1,1,0,0,0,1,1,1,1,1,1,1,1,1,1,1,1,1,1,1,1,1,1,1,1,1,1,1,1,1,1,1,1,1,1,1,1,1,1,1,1,1,1,1,1,1,1,1,1,1,1,1,1,1,1,1
2026-09-27T08:30:00Z,2026-09-27T07:30:00Z,60,,,,,0,,,,,0,,,,,0,,,,,0,,,,,0,,,,,0,,,,,0,,,,,0,,,,,0,,,,,0,4604.731,2026-09-23T12:23:53Z,semo_pub_15minaggwindfcst_202609231223,5466.116666666667,1,0,4193.018,1419.814,2.08,204.605,254.74650000000003,372.545,0.5236000000000001,2026-08-31T23:00:00Z,37950.0,1,,,,0,1,1,1,1,1,1,1,1,1,,,,,,,,,,,831.8965000000001,,,,0,,,,3,1737.5918781860141,3685.9889999999996,0.0,0,,,,,,,,,,,,,,,,,,,,,,,,,,,,,,,,,,,,,,,,,,,,,,,,,,,,1,1,1,1,1,1,1,1,1,1,1,1,1,1,1,1,1,1,1,1,1,1,1,1,1,1,1,1,1,1,0,0,0,1,1,1,1,1,1,1,1,1,1,1,1,1,1,1,1,1,1,1,0,0,0,1,1,1,1,1,1,1,1,1,1,1,1,1,1,1,1,1,1,1,1,1,1,1,1,1,1,1,1,1,1,1,1,1,1,1,1,1,1,1,1,1,1,1,1,1,1,1,1,1,1,1
2026-09-27T08:30:00Z,2026-09-27T08:00:00Z,30,,,,,0,,,,,0,,,,,0,,,,,0,,,,,0,,,,,0,,,,,0,,,,,0,,,,,0,,,,,0,4604.731,2026-09-23T12:23:53Z,semo_pub_15minaggwindfcst_202609231223,5496.116666666667,1,0,4193.018,1419.814,2.08,204.605,254.74650000000003,372.545,0.5236000000000001,2026-08-31T23:00:00Z,37980.0,1,,,,0,1,1,1,1,1,1,1,1,1,,,,,,,,,,,831.8965000000001,,,,0,,,,3,1737.5918781860141,3685.9889999999996,0.0,0,,,,,,,,,,,,,,,,,,,,,,,,,,,,,,,,,,,,,,,,,,,,,,,,,,,,1,1,1,1,1,1,1,1,1,1,1,1,1,1,1,1,1,1,1,1,1,1,1,1,1,1,1,1,1,1,0,0,0,1,1,1,1,1,1,1,1,1,1,1,1,1,1,1,1,1,1,1,0,0,0,1,1,1,1,1,1,1,1,1,1,1,1,1,1,1,1,1,1,1,1,1,1,1,1,1,1,1,1,1,1,1,1,1,1,1,1,1,1,1,1,1,1,1,1,1,1,1,1,1,1,1
2026-09-27T09:00:00Z,2026-09-27T08:00:00Z,60,,,,,0,,,,,0,,,,,0,,,,,0,,,,,0,,,,,0,,,,,0,,,,,0,,,,,0,,,,,0,4790.501,2026-09-23T12:23:53Z,semo_pub_15minaggwindfcst_202609231223,5496.116666666667,1,0,4193.018,1419.814,2.08,204.605,254.74650000000003,372.545,0.5236000000000001,2026-08-31T23:00:00Z,37980.0,1,,,,0,1,1,1,1,1,1,1,1,1,,,,,,,,,,,831.8965000000001,,,,0,,,,3,1809.4838960337713,3838.4950000000003,0.0,0,,,,,,,,,,,,,,,,,,,,,,,,,,,,,,,,,,,,,,,,,,,,,,,,,,,,1,1,1,1,1,1,1,1,1,1,1,1,1,1,1,1,1,1,1,1,1,1,1,1,1,1,1,1,1,1,0,0,0,1,1,1,1,1,1,1,1,1,1,1,1,1,1,1,1,1,1,1,0,0,0,1,1,1,1,1,1,1,1,1,1,1,1,1,1,1,1,1,1,1,1,1,1,1,1,1,1,1,1,1,1,1,1,1,1,1,1,1,1,1,1,1,1,1,1,1,1,1,1,1,1,1
2026-09-27T09:00:00Z,2026-09-27T08:30:00Z,30,,,,,0,,,,,0,,,,,0,,,,,0,,,,,0,,,,,0,,,,,0,,,,,0,,,,,0,,,,,0,4790.501,2026-09-23T12:23:53Z,semo_pub_15minaggwindfcst_202609231223,5526.116666666667,1,0,4193.018,1419.814,2.08,204.605,254.74650000000003,372.545,0.5236000000000001,2026-08-31T23:00:00Z,38010.0,1,,,,0,1,1,1,1,1,1,1,1,1,,,,,,,,,,,831.8965000000001,,,,0,,,,3,1809.4838960337713,3838.4950000000003,0.0,0,,,,,,,,,,,,,,,,,,,,,,,,,,,,,,,,,,,,,,,,,,,,,,,,,,,,1,1,1,1,1,1,1,1,1,1,1,1,1,1,1,1,1,1,1,1,1,1,1,1,1,1,1,1,1,1,0,0,0,1,1,1,1,1,1,1,1,1,1,1,1,1,1,1,1,1,1,1,0,0,0,1,1,1,1,1,1,1,1,1,1,1,1,1,1,1,1,1,1,1,1,1,1,1,1,1,1,1,1,1,1,1,1,1,1,1,1,1,1,1,1,1,1,1,1,1,1,1,1,1,1,1
2026-09-27T09:30:00Z,2026-09-27T08:30:00Z,60,,,,,0,,,,,0,,,,,0,,,,,0,,,,,0,,,,,0,,,,,0,,,,,0,,,,,0,,,,,0,4846.974,2026-09-23T12:23:53Z,semo_pub_15minaggwindfcst_202609231223,5526.116666666667,1,0,4193.018,1419.814,2.08,204.605,254.74650000000003,372.545,0.5236000000000001,2026-08-31T23:00:00Z,38010.0,1,,,,0,1,1,1,1,1,1,1,1,1,,,,,,,,,,,831.8965000000001,,,,0,,,,3,1827.4731639516779,3876.656,0.0,0,,,,,,,,,,,,,,,,,,,,,,,,,,,,,,,,,,,,,,,,,,,,,,,,,,,,1,1,1,1,1,1,1,1,1,1,1,1,1,1,1,1,1,1,1,1,1,1,1,1,1,1,1,1,1,1,0,0,0,1,1,1,1,1,1,1,1,1,1,1,1,1,1,1,1,1,1,1,0,0,0,1,1,1,1,1,1,1,1,1,1,1,1,1,1,1,1,1,1,1,1,1,1,1,1,1,1,1,1,1,1,1,1,1,1,1,1,1,1,1,1,1,1,1,1,1,1,1,1,1,1,1
2026-09-27T09:30:00Z,2026-09-27T09:00:00Z,30,,,,,0,,,,,0,,,,,0,,,,,0,,,,,0,,,,,0,,,,,0,,,,,0,,,,,0,,,,,0,4846.974,2026-09-23T12:23:53Z,semo_pub_15minaggwindfcst_202609231223,5556.116666666667,1,0,4193.018,1419.814,2.08,204.605,254.74650000000003,372.545,0.5236000000000001,2026-08-31T23:00:00Z,38040.0,1,,,,0,1,1,1,1,1,1,1,1,1,,,,,,,,,,,831.8965000000001,,,,0,,,,3,1827.4731639516779,3876.656,0.0,0,,,,,,,,,,,,,,,,,,,,,,,,,,,,,,,,,,,,,,,,,,,,,,,,,,,,1,1,1,1,1,1,1,1,1,1,1,1,1,1,1,1,1,1,1,1,1,1,1,1,1,1,1,1,1,1,0,0,0,1,1,1,1,1,1,1,1,1,1,1,1,1,1,1,1,1,1,1,0,0,0,1,1,1,1,1,1,1,1,1,1,1,1,1,1,1,1,1,1,1,1,1,1,1,1,1,1,1,1,1,1,1,1,1,1,1,1,1,1,1,1,1,1,1,1,1,1,1,1,1,1,1
2026-09-27T10:00:00Z,2026-09-27T09:00:00Z,60,,,,,0,,,,,0,,,,,0,,,,,0,,,,,0,,,,,0,,,,,0,,,,,0,,,,,0,,,,,0,4903.469,2026-09-23T12:23:53Z,semo_pub_15minaggwindfcst_202609231223,5556.116666666667,1,0,4193.018,1419.814,2.08,204.605,254.74650000000003,372.545,0.5236000000000001,2026-08-31T23:00:00Z,38040.0,1,,,,0,1,1,1,1,1,1,1,1,1,,,,,,,,,,,831.8965000000001,,,,0,,,,3,1845.4704457464377,3914.834,0.0,0,,,,,,,,,,,,,,,,,,,,,,,,,,,,,,,,,,,,,,,,,,,,,,,,,,,,1,1,1,1,1,1,1,1,1,1,1,1,1,1,1,1,1,1,1,1,1,1,1,1,1,1,1,1,1,1,0,0,0,1,1,1,1,1,1,1,1,1,1,1,1,1,1,1,1,1,1,1,0,0,0,1,1,1,1,1,1,1,1,1,1,1,1,1,1,1,1,1,1,1,1,1,1,1,1,1,1,1,1,1,1,1,1,1,1,1,1,1,1,1,1,1,1,1,1,1,1,1,1,1,1,1
2026-09-27T10:00:00Z,2026-09-27T09:30:00Z,30,,,,,0,,,,,0,,,,,0,,,,,0,,,,,0,,,,,0,,,,,0,,,,,0,,,,,0,,,,,0,4903.469,2026-09-23T12:23:53Z,semo_pub_15minaggwindfcst_202609231223,5586.116666666667,1,0,4193.018,1419.814,2.08,204.605,254.74650000000003,372.545,0.5236000000000001,2026-08-31T23:00:00Z,38070.0,1,,,,0,1,1,1,1,1,1,1,1,1,,,,,,,,,,,831.8965000000001,,,,0,,,,3,1845.4704457464377,3914.834,0.0,0,,,,,,,,,,,,,,,,,,,,,,,,,,,,,,,,,,,,,,,,,,,,,,,,,,,,1,1,1,1,1,1,1,1,1,1,1,1,1,1,1,1,1,1,1,1,1,1,1,1,1,1,1,1,1,1,0,0,0,1,1,1,1,1,1,1,1,1,1,1,1,1,1,1,1,1,1,1,0,0,0,1,1,1,1,1,1,1,1,1,1,1,1,1,1,1,1,1,1,1,1,1,1,1,1,1,1,1,1,1,1,1,1,1,1,1,1,1,1,1,1,1,1,1,1,1,1,1,1,1,1,1
2026-09-27T10:30:00Z,2026-09-27T09:30:00Z,60,,,,,0,,,,,0,,,,,0,,,,,0,,,,,0,,,,,0,,,,,0,,,,,0,,,,,0,,,,,0,4822.812,2026-09-23T12:23:53Z,semo_pub_15minaggwindfcst_202609231223,5586.116666666667,1,0,4193.018,1419.814,2.08,204.605,254.74650000000003,372.545,0.5236000000000001,2026-08-31T23:00:00Z,38070.0,1,,,,0,1,1,1,1,1,1,1,1,1,,,,,,,,,,,831.8965000000001,,,,0,,,,3,1811.4307967046382,3842.625,0.0,0,,,,,,,,,,,,,,,,,,,,,,,,,,,,,,,,,,,,,,,,,,,,,,,,,,,,1,1,1,1,1,1,1,1,1,1,1,1,1,1,1,1,1,1,1,1,1,1,1,1,1,1,1,1,1,1,0,0,0,1,1,1,1,1,1,1,1,1,1,1,1,1,1,1,1,1,1,1,0,0,0,1,1,1,1,1,1,1,1,1,1,1,1,1,1,1,1,1,1,1,1,1,1,1,1,1,1,1,1,1,1,1,1,1,1,1,1,1,1,1,1,1,1,1,1,1,1,1,1,1,1,1
2026-09-27T10:30:00Z,2026-09-27T10:00:00Z,30,,,,,0,,,,,0,,,,,0,,,,,0,,,,,0,,,,,0,,,,,0,,,,,0,,,,,0,,,,,0,4822.812,2026-09-23T12:23:53Z,semo_pub_15minaggwindfcst_202609231223,5616.116666666667,1,0,4193.018,1419.814,2.08,204.605,254.74650000000003,372.545,0.5236000000000001,2026-08-31T23:00:00Z,38100.0,1,,,,0,1,1,1,1,1,1,1,1,1,,,,,,,,,,,831.8965000000001,,,,0,,,,3,1811.4307967046382,3842.625,0.0,0,,,,,,,,,,,,,,,,,,,,,,,,,,,,,,,,,,,,,,,,,,,,,,,,,,,,1,1,1,1,1,1,1,1,1,1,1,1,1,1,1,1,1,1,1,1,1,1,1,1,1,1,1,1,1,1,0,0,0,1,1,1,1,1,1,1,1,1,1,1,1,1,1,1,1,1,1,1,0,0,0,1,1,1,1,1,1,1,1,1,1,1,1,1,1,1,1,1,1,1,1,1,1,1,1,1,1,1,1,1,1,1,1,1,1,1,1,1,1,1,1,1,1,1,1,1,1,1,1,1,1,1
2026-09-27T11:00:00Z,2026-09-27T10:00:00Z,60,,,,,0,,,,,0,,,,,0,,,,,0,,,,,0,,,,,0,,,,,0,,,,,0,,,,,0,,,,,0,4742.147,2026-09-23T12:23:53Z,semo_pub_15minaggwindfcst_202609231223,5616.116666666667,1,0,4193.018,1419.814,2.08,204.605,254.74650000000003,372.545,0.5236000000000001,2026-08-31T23:00:00Z,38100.0,1,,,,0,1,1,1,1,1,1,1,1,1,,,,,,,,,,,831.8965000000001,,,,0,,,,3,1777.3873764266723,3770.408,0.0,0,,,,,,,,,,,,,,,,,,,,,,,,,,,,,,,,,,,,,,,,,,,,,,,,,,,,1,1,1,1,1,1,1,1,1,1,1,1,1,1,1,1,1,1,1,1,1,1,1,1,1,1,1,1,1,1,0,0,0,1,1,1,1,1,1,1,1,1,1,1,1,1,1,1,1,1,1,1,0,0,0,1,1,1,1,1,1,1,1,1,1,1,1,1,1,1,1,1,1,1,1,1,1,1,1,1,1,1,1,1,1,1,1,1,1,1,1,1,1,1,1,1,1,1,1,1,1,1,1,1,1,1
2026-09-27T11:00:00Z,2026-09-27T10:30:00Z,30,,,,,0,,,,,0,,,,,0,,,,,0,,,,,0,,,,,0,,,,,0,,,,,0,,,,,0,,,,,0,4742.147,2026-09-23T12:23:53Z,semo_pub_15minaggwindfcst_202609231223,5646.116666666667,1,0,4193.018,1419.814,2.08,204.605,254.74650000000003,372.545,0.5236000000000001,2026-08-31T23:00:00Z,38130.0,1,,,,0,1,1,1,1,1,1,1,1,1,,,,,,,,,,,831.8965000000001,,,,0,,,,3,1777.3873764266723,3770.408,0.0,0,,,,,,,,,,,,,,,,,,,,,,,,,,,,,,,,,,,,,,,,,,,,,,,,,,,,1,1,1,1,1,1,1,1,1,1,1,1,1,1,1,1,1,1,1,1,1,1,1,1,1,1,1,1,1,1,0,0,0,1,1,1,1,1,1,1,1,1,1,1,1,1,1,1,1,1,1,1,0,0,0,1,1,1,1,1,1,1,1,1,1,1,1,1,1,1,1,1,1,1,1,1,1,1,1,1,1,1,1,1,1,1,1,1,1,1,1,1,1,1,1,1,1,1,1,1,1,1,1,1,1,1
2026-09-27T11:30:00Z,2026-09-27T10:30:00Z,60,,,,,0,,,,,0,,,,,0,,,,,0,,,,,0,,,,,0,,,,,0,,,,,0,,,,,0,,,,,0,4572.907,2026-09-23T12:23:53Z,semo_pub_15minaggwindfcst_202609231223,5646.116666666667,1,0,4193.018,1419.814,2.08,204.605,254.74650000000003,372.545,0.5236000000000001,2026-08-31T23:00:00Z,38130.0,1,,,,0,1,1,1,1,1,1,1,1,1,,,,,,,,,,,831.8965000000001,,,,0,,,,3,1710.2933137915263,3628.08,0.0,0,,,,,,,,,,,,,,,,,,,,,,,,,,,,,,,,,,,,,,,,,,,,,,,,,,,,1,1,1,1,1,1,1,1,1,1,1,1,1,1,1,1,1,1,1,1,1,1,1,1,1,1,1,1,1,1,0,0,0,1,1,1,1,1,1,1,1,1,1,1,1,1,1,1,1,1,1,1,0,0,0,1,1,1,1,1,1,1,1,1,1,1,1,1,1,1,1,1,1,1,1,1,1,1,1,1,1,1,1,1,1,1,1,1,1,1,1,1,1,1,1,1,1,1,1,1,1,1,1,1,1,1
2026-09-27T11:30:00Z,2026-09-27T11:00:00Z,30,,,,,0,,,,,0,,,,,0,,,,,0,,,,,0,,,,,0,,,,,0,,,,,0,,,,,0,,,,,0,4572.907,2026-09-23T12:23:53Z,semo_pub_15minaggwindfcst_202609231223,5676.116666666667,1,0,4193.018,1419.814,2.08,204.605,254.74650000000003,372.545,0.5236000000000001,2026-08-31T23:00:00Z,38160.0,1,,,,0,1,1,1,1,1,1,1,1,1,,,,,,,,,,,831.8965000000001,,,,0,,,,3,1710.2933137915263,3628.08,0.0,0,,,,,,,,,,,,,,,,,,,,,,,,,,,,,,,,,,,,,,,,,,,,,,,,,,,,1,1,1,1,1,1,1,1,1,1,1,1,1,1,1,1,1,1,1,1,1,1,1,1,1,1,1,1,1,1,0,0,0,1,1,1,1,1,1,1,1,1,1,1,1,1,1,1,1,1,1,1,0,0,0,1,1,1,1,1,1,1,1,1,1,1,1,1,1,1,1,1,1,1,1,1,1,1,1,1,1,1,1,1,1,1,1,1,1,1,1,1,1,1,1,1,1,1,1,1,1,1,1,1,1,1
2026-09-27T12:00:00Z,2026-09-27T11:00:00Z,60,,,,,0,,,,,0,,,,,0,,,,,0,,,,,0,,,,,0,,,,,0,,,,,0,,,,,0,,,,,0,4403.664,2026-09-23T12:23:53Z,semo_pub_15minaggwindfcst_202609231223,5676.116666666667,1,0,4193.018,1419.814,2.08,204.605,254.74650000000003,372.545,0.5236000000000001,2026-08-31T23:00:00Z,38160.0,1,,,,0,1,1,1,1,1,1,1,1,1,,,,,,,,,,,831.8965000000001,,,,0,,,,3,1643.2039652015878,3485.7619999999997,0.0,0,,,,,,,,,,,,,,,,,,,,,,,,,,,,,,,,,,,,,,,,,,,,,,,,,,,,1,1,1,1,1,1,1,1,1,1,1,1,1,1,1,1,1,1,1,1,1,1,1,1,1,1,1,1,1,1,0,0,0,1,1,1,1,1,1,1,1,1,1,1,1,1,1,1,1,1,1,1,0,0,0,1,1,1,1,1,1,1,1,1,1,1,1,1,1,1,1,1,1,1,1,1,1,1,1,1,1,1,1,1,1,1,1,1,1,1,1,1,1,1,1,1,1,1,1,1,1,1,1,1,1,1
2026-09-27T12:00:00Z,2026-09-27T11:30:00Z,30,,,,,0,,,,,0,,,,,0,,,,,0,,,,,0,,,,,0,,,,,0,,,,,0,,,,,0,,,,,0,4403.664,2026-09-23T12:23:53Z,semo_pub_15minaggwindfcst_202609231223,5706.116666666667,1,0,4193.018,1419.814,2.08,204.605,254.74650000000003,372.545,0.5236000000000001,2026-08-31T23:00:00Z,38190.0,1,,,,0,1,1,1,1,1,1,1,1,1,,,,,,,,,,,831.8965000000001,,,,0,,,,3,1643.2039652015878,3485.7619999999997,0.0,0,,,,,,,,,,,,,,,,,,,,,,,,,,,,,,,,,,,,,,,,,,,,,,,,,,,,1,1,1,1,1,1,1,1,1,1,1,1,1,1,1,1,1,1,1,1,1,1,1,1,1,1,1,1,1,1,0,0,0,1,1,1,1,1,1,1,1,1,1,1,1,1,1,1,1,1,1,1,0,0,0,1,1,1,1,1,1,1,1,1,1,1,1,1,1,1,1,1,1,1,1,1,1,1,1,1,1,1,1,1,1,1,1,1,1,1,1,1,1,1,1,1,1,1,1,1,1,1,1,1,1,1
2026-09-27T12:30:00Z,2026-09-27T11:30:00Z,60,,,,,0,,,,,0,,,,,0,,,,,0,,,,,0,,,,,0,,,,,0,,,,,0,,,,,0,,,,,0,4205.996,2026-09-23T12:23:53Z,semo_pub_15minaggwindfcst_202609231223,5706.116666666667,1,0,4193.018,1419.814,2.08,204.605,254.74650000000003,372.545,0.5236000000000001,2026-08-31T23:00:00Z,38190.0,1,,,,0,1,1,1,1,1,1,1,1,1,,,,,,,,,,,831.8965000000001,,,,0,,,,3,1569.6097056292547,3329.645,0.0,0,,,,,,,,,,,,,,,,,,,,,,,,,,,,,,,,,,,,,,,,,,,,,,,,,,,,1,1,1,1,1,1,1,1,1,1,1,1,1,1,1,1,1,1,1,1,1,1,1,1,1,1,1,1,1,1,0,0,0,1,1,1,1,1,1,1,1,1,1,1,1,1,1,1,1,1,1,1,0,0,0,1,1,1,1,1,1,1,1,1,1,1,1,1,1,1,1,1,1,1,1,1,1,1,1,1,1,1,1,1,1,1,1,1,1,1,1,1,1,1,1,1,1,1,1,1,1,1,1,1,1,1
2026-09-27T12:30:00Z,2026-09-27T12:00:00Z,30,,,,,0,,,,,0,,,,,0,,,,,0,,,,,0,,,,,0,,,,,0,,,,,0,,,,,0,,,,,0,4205.996,2026-09-23T12:23:53Z,semo_pub_15minaggwindfcst_202609231223,5736.116666666667,1,0,4193.018,1419.814,2.08,204.605,254.74650000000003,372.545,0.5236000000000001,2026-08-31T23:00:00Z,38220.0,1,,,,0,1,1,1,1,1,1,1,1,1,,,,,,,,,,,831.8965000000001,,,,0,,,,3,1569.6097056292547,3329.645,0.0,0,,,,,,,,,,,,,,,,,,,,,,,,,,,,,,,,,,,,,,,,,,,,,,,,,,,,1,1,1,1,1,1,1,1,1,1,1,1,1,1,1,1,1,1,1,1,1,1,1,1,1,1,1,1,1,1,0,0,0,1,1,1,1,1,1,1,1,1,1,1,1,1,1,1,1,1,1,1,0,0,0,1,1,1,1,1,1,1,1,1,1,1,1,1,1,1,1,1,1,1,1,1,1,1,1,1,1,1,1,1,1,1,1,1,1,1,1,1,1,1,1,1,1,1,1,1,1,1,1,1,1,1
