source_id,provider,report,year,url,relative_path,licence_note,schema_version,local_path,bytes,sha256,retrieved_at_utc,first_interval_utc,last_interval_utc,row_count,published_at_utc
open_meteo_ecmwf_run_20260101t1800z_fh14,Open-Meteo / ECMWF,ecmwf_ifs_single_run,2026,https://single-runs-api.open-meteo.com/v1/forecast?latitude=54.8%2C53.35%2C52.2%2C53.2%2C53.35%2C52.3&longitude=-7.8%2C-9.05%2C-9.7%2C-7.7%2C-6.3%2C-6.5&hourly=wind_speed_100m%2Cwind_direction_100m%2Cwind_gusts_10m%2Ctemperature_2m%2Cpressure_msl%2Ccloud_cover%2Cshortwave_radiation&models=ecmwf_ifs&timezone=GMT&wind_speed_unit=ms&cell_selection=land&run=2026-01-01T18%3A00&forecast_hours=14,weather/open_meteo/single_runs/2026/01/ecmwf_ifs_20260101T1800Z_fh14.json,"Open-Meteo/ECMWF weather data: CC BY 4.0 with attribution; this project modifies it through interpolation, weighting, and feature engineering.",regional-weather-v1,data/raw/weather/open_meteo/single_runs/2026/01/ecmwf_ifs_20260101T1800Z_fh14.json,7596,ac0c6c6a11cb4af2f9cada51f0cdc0a6743fe07688a0a3c05daef35b3d4616b9,2026-09-24T13:26:53Z,2026-01-01T18:00:00+00:00,2026-01-02T07:00:00+00:00,84,2026-01-02T00:00:00+00:00
open_meteo_ecmwf_run_20260102t0000z_fh14,Open-Meteo / ECMWF,ecmwf_ifs_single_run,2026,https://single-runs-api.open-meteo.com/v1/forecast?latitude=54.8%2C53.35%2C52.2%2C53.2%2C53.35%2C52.3&longitude=-7.8%2C-9.05%2C-9.7%2C-7.7%2C-6.3%2C-6.5&hourly=wind_speed_100m%2Cwind_direction_100m%2Cwind_gusts_10m%2Ctemperature_2m%2Cpressure_msl%2Ccloud_cover%2Cshortwave_radiation&models=ecmwf_ifs&timezone=GMT&wind_speed_unit=ms&cell_selection=land&run=2026-01-02T00%3A00&forecast_hours=14,weather/open_meteo/single_runs/2026/01/ecmwf_ifs_20260102T0000Z_fh14.json,"Open-Meteo/ECMWF weather data: CC BY 4.0 with attribution; this project modifies it through interpolation, weighting, and feature engineering.",regional-weather-v1,data/raw/weather/open_meteo/single_runs/2026/01/ecmwf_ifs_20260102T0000Z_fh14.json,7616,ccbb07868cd611f1502a23d88fe039833af60e320dbeb96822829bbe1a2fa384,2026-09-24T13:26:53Z,2026-01-02T00:00:00+00:00,2026-01-02T13:00:00+00:00,84,2026-01-02T06:00:00+00:00
open_meteo_ecmwf_run_20260102t0600z_fh14,Open-Meteo / ECMWF,ecmwf_ifs_single_run,2026,https://single-runs-api.open-meteo.com/v1/forecast?latitude=54.8%2C53.35%2C52.2%2C53.2%2C53.35%2C52.3&longitude=-7.8%2C-9.05%2C-9.7%2C-7.7%2C-6.3%2C-6.5&hourly=wind_speed_100m%2Cwind_direction_100m%2Cwind_gusts_10m%2Ctemperature_2m%2Cpressure_msl%2Ccloud_cover%2Cshortwave_radiation&models=ecmwf_ifs&timezone=GMT&wind_speed_unit=ms&cell_selection=land&run=2026-01-02T06%3A00&forecast_hours=14,weather/open_meteo/single_runs/2026/01/ecmwf_ifs_20260102T0600Z_fh14.json,"Open-Meteo/ECMWF weather data: CC BY 4.0 with attribution; this project modifies it through interpolation, weighting, and feature engineering.",regional-weather-v1,data/raw/weather/open_meteo/single_runs/2026/01/ecmwf_ifs_20260102T0600Z_fh14.json,7608,f757c63a76cbd46a16306fc08a3a978a408cf56cad231021a7e56aecc41b56e1,2026-09-24T13:27:04Z,2026-01-02T06:00:00+00:00,2026-01-02T19:00:00+00:00,84,2026-01-02T12:00:00+00:00
open_meteo_ecmwf_run_20260102t1200z_fh14,Open-Meteo / ECMWF,ecmwf_ifs_single_run,2026,https://single-runs-api.open-meteo.com/v1/forecast?latitude=54.8%2C53.35%2C52.2%2C53.2%2C53.35%2C52.3&longitude=-7.8%2C-9.05%2C-9.7%2C-7.7%2C-6.3%2C-6.5&hourly=wind_speed_100m%2Cwind_direction_100m%2Cwind_gusts_10m%2Ctemperature_2m%2Cpressure_msl%2Ccloud_cover%2Cshortwave_radiation&models=ecmwf_ifs&timezone=GMT&wind_speed_unit=ms&cell_selection=land&run=2026-01-02T12%3A00&forecast_hours=14,weather/open_meteo/single_runs/2026/01/ecmwf_ifs_20260102T1200Z_fh14.json,"Open-Meteo/ECMWF weather data: CC BY 4.0 with attribution; this project modifies it through interpolation, weighting, and feature engineering.",regional-weather-v1,data/raw/weather/open_meteo/single_runs/2026/01/ecmwf_ifs_20260102T1200Z_fh14.json,7586,abd48e885e98f8e1689803cb24b391e330cef3c857523f4baf9a4e034a7e7332,2026-09-24T13:26:53Z,2026-01-02T12:00:00+00:00,2026-01-03T01:00:00+00:00,84,2026-01-02T18:00:00+00:00
open_meteo_ecmwf_run_20260102t1800z_fh14,Open-Meteo / ECMWF,ecmwf_ifs_single_run,2026,https://single-runs-api.open-meteo.com/v1/forecast?latitude=54.8%2C53.35%2C52.2%2C53.2%2C53.35%2C52.3&longitude=-7.8%2C-9.05%2C-9.7%2C-7.7%2C-6.3%2C-6.5&hourly=wind_speed_100m%2Cwind_direction_100m%2Cwind_gusts_10m%2Ctemperature_2m%2Cpressure_msl%2Ccloud_cover%2Cshortwave_radiation&models=ecmwf_ifs&timezone=GMT&wind_speed_unit=ms&cell_selection=land&run=2026-01-02T18%3A00&forecast_hours=14,weather/open_meteo/single_runs/2026/01/ecmwf_ifs_20260102T1800Z_fh14.json,"Open-Meteo/ECMWF weather data: CC BY 4.0 with attribution; this project modifies it through interpolation, weighting, and feature engineering.",regional-weather-v1,data/raw/weather/open_meteo/single_runs/2026/01/ecmwf_ifs_20260102T1800Z_fh14.json,7564,d5bb9ffffe58cb8d96b3f51bc74b41fdcce4189e87fcec54f090c125017a0bc1,2026-09-24T13:27:04Z,2026-01-02T18:00:00+00:00,2026-01-03T07:00:00+00:00,84,2026-01-03T00:00:00+00:00
open_meteo_ecmwf_run_20260103t0000z_fh14,Open-Meteo / ECMWF,ecmwf_ifs_single_run,2026,https://single-runs-api.open-meteo.com/v1/forecast?latitude=54.8%2C53.35%2C52.2%2C53.2%2C53.35%2C52.3&longitude=-7.8%2C-9.05%2C-9.7%2C-7.7%2C-6.3%2C-6.5&hourly=wind_speed_100m%2Cwind_direction_100m%2Cwind_gusts_10m%2Ctemperature_2m%2Cpressure_msl%2Ccloud_cover%2Cshortwave_radiation&models=ecmwf_ifs&timezone=GMT&wind_speed_unit=ms&cell_selection=land&run=2026-01-03T00%3A00&forecast_hours=14,weather/open_meteo/single_runs/2026/01/ecmwf_ifs_20260103T0000Z_fh14.json,"Open-Meteo/ECMWF weather data: CC BY 4.0 with attribution; this project modifies it through interpolation, weighting, and feature engineering.",regional-weather-v1,data/raw/weather/open_meteo/single_runs/2026/01/ecmwf_ifs_20260103T0000Z_fh14.json,7600,3d1c379da312680123518f1ce33c0dd804ecfb71dc9f5854a647d9b8161da57c,2026-09-24T13:26:53Z,2026-01-03T00:00:00+00:00,2026-01-03T13:00:00+00:00,84,2026-01-03T06:00:00+00:00
open_meteo_ecmwf_run_20260103t0600z_fh14,Open-Meteo / ECMWF,ecmwf_ifs_single_run,2026,https://single-runs-api.open-meteo.com/v1/forecast?latitude=54.8%2C53.35%2C52.2%2C53.2%2C53.35%2C52.3&longitude=-7.8%2C-9.05%2C-9.7%2C-7.7%2C-6.3%2C-6.5&hourly=wind_speed_100m%2Cwind_direction_100m%2Cwind_gusts_10m%2Ctemperature_2m%2Cpressure_msl%2Ccloud_cover%2Cshortwave_radiation&models=ecmwf_ifs&timezone=GMT&wind_speed_unit=ms&cell_selection=land&run=2026-01-03T06%3A00&forecast_hours=14,weather/open_meteo/single_runs/2026/01/ecmwf_ifs_20260103T0600Z_fh14.json,"Open-Meteo/ECMWF weather data: CC BY 4.0 with attribution; this project modifies it through interpolation, weighting, and feature engineering.",regional-weather-v1,data/raw/weather/open_meteo/single_runs/2026/01/ecmwf_ifs_20260103T0600Z_fh14.json,7602,9943af697a1e05aa38e4d0901703b2b88f08cd94f45c8d2cf81ae94bcb8832bc,2026-09-24T13:26:53Z,2026-01-03T06:00:00+00:00,2026-01-03T19:00:00+00:00,84,2026-01-03T12:00:00+00:00
open_meteo_ecmwf_run_20260103t1200z_fh14,Open-Meteo / ECMWF,ecmwf_ifs_single_run,2026,https://single-runs-api.open-meteo.com/v1/forecast?latitude=54.8%2C53.35%2C52.2%2C53.2%2C53.35%2C52.3&longitude=-7.8%2C-9.05%2C-9.7%2C-7.7%2C-6.3%2C-6.5&hourly=wind_speed_100m%2Cwind_direction_100m%2Cwind_gusts_10m%2Ctemperature_2m%2Cpressure_msl%2Ccloud_cover%2Cshortwave_radiation&models=ecmwf_ifs&timezone=GMT&wind_speed_unit=ms&cell_selection=land&run=2026-01-03T12%3A00&forecast_hours=14,weather/open_meteo/single_runs/2026/01/ecmwf_ifs_20260103T1200Z_fh14.json,"Open-Meteo/ECMWF weather data: CC BY 4.0 with attribution; this project modifies it through interpolation, weighting, and feature engineering.",regional-weather-v1,data/raw/weather/open_meteo/single_runs/2026/01/ecmwf_ifs_20260103T1200Z_fh14.json,7581,53c75e2a05f7140e6857622155c7b87b20472ec5d2a0aef441c5cdf8f0ba5430,2026-09-24T13:26:53Z,2026-01-03T12:00:00+00:00,2026-01-04T01:00:00+00:00,84,2026-01-03T18:00:00+00:00
open_meteo_ecmwf_run_20260103t1800z_fh14,Open-Meteo / ECMWF,ecmwf_ifs_single_run,2026,https://single-runs-api.open-meteo.com/v1/forecast?latitude=54.8%2C53.35%2C52.2%2C53.2%2C53.35%2C52.3&longitude=-7.8%2C-9.05%2C-9.7%2C-7.7%2C-6.3%2C-6.5&hourly=wind_speed_100m%2Cwind_direction_100m%2Cwind_gusts_10m%2Ctemperature_2m%2Cpressure_msl%2Ccloud_cover%2Cshortwave_radiation&models=ecmwf_ifs&timezone=GMT&wind_speed_unit=ms&cell_selection=land&run=2026-01-03T18%3A00&forecast_hours=14,weather/open_meteo/single_runs/2026/01/ecmwf_ifs_20260103T1800Z_fh14.json,"Open-Meteo/ECMWF weather data: CC BY 4.0 with attribution; this project modifies it through interpolation, weighting, and feature engineering.",regional-weather-v1,data/raw/weather/open_meteo/single_runs/2026/01/ecmwf_ifs_20260103T1800Z_fh14.json,7577,6599e66d9ce8dcc3f11a0e08f42ebd8b230d898f96f0f90b1e5b04e5ec5fac52,2026-09-24T13:26:53Z,2026-01-03T18:00:00+00:00,2026-01-04T07:00:00+00:00,84,2026-01-04T00:00:00+00:00
open_meteo_ecmwf_run_20260104t0000z_fh14,Open-Meteo / ECMWF,ecmwf_ifs_single_run,2026,https://single-runs-api.open-meteo.com/v1/forecast?latitude=54.8%2C53.35%2C52.2%2C53.2%2C53.35%2C52.3&longitude=-7.8%2C-9.05%2C-9.7%2C-7.7%2C-6.3%2C-6.5&hourly=wind_speed_100m%2Cwind_direction_100m%2Cwind_gusts_10m%2Ctemperature_2m%2Cpressure_msl%2Ccloud_cover%2Cshortwave_radiation&models=ecmwf_ifs&timezone=GMT&wind_speed_unit=ms&cell_selection=land&run=2026-01-04T00%3A00&forecast_hours=14,weather/open_meteo/single_runs/2026/01/ecmwf_ifs_20260104T0000Z_fh14.json,"Open-Meteo/ECMWF weather data: CC BY 4.0 with attribution; this project modifies it through interpolation, weighting, and feature engineering.",regional-weather-v1,data/raw/weather/open_meteo/single_runs/2026/01/ecmwf_ifs_20260104T0000Z_fh14.json,7629,5af6335388525636b4703c723647e9de2c858451a82989324349a12326ea41cf,2026-09-24T13:26:54Z,2026-01-04T00:00:00+00:00,2026-01-04T13:00:00+00:00,84,2026-01-04T06:00:00+00:00
open_meteo_ecmwf_run_20260104t0600z_fh14,Open-Meteo / ECMWF,ecmwf_ifs_single_run,2026,https://single-runs-api.open-meteo.com/v1/forecast?latitude=54.8%2C53.35%2C52.2%2C53.2%2C53.35%2C52.3&longitude=-7.8%2C-9.05%2C-9.7%2C-7.7%2C-6.3%2C-6.5&hourly=wind_speed_100m%2Cwind_direction_100m%2Cwind_gusts_10m%2Ctemperature_2m%2Cpressure_msl%2Ccloud_cover%2Cshortwave_radiation&models=ecmwf_ifs&timezone=GMT&wind_speed_unit=ms&cell_selection=land&run=2026-01-04T06%3A00&forecast_hours=14,weather/open_meteo/single_runs/2026/01/ecmwf_ifs_20260104T0600Z_fh14.json,"Open-Meteo/ECMWF weather data: CC BY 4.0 with attribution; this project modifies it through interpolation, weighting, and feature engineering.",regional-weather-v1,data/raw/weather/open_meteo/single_runs/2026/01/ecmwf_ifs_20260104T0600Z_fh14.json,7653,7e0b701debc86a52794c5f6284a972b3087522e3623b09ca4a9e44f7774e9555,2026-09-24T13:27:04Z,2026-01-04T06:00:00+00:00,2026-01-04T19:00:00+00:00,84,2026-01-04T12:00:00+00:00
open_meteo_ecmwf_run_20260104t1200z_fh14,Open-Meteo / ECMWF,ecmwf_ifs_single_run,2026,https://single-runs-api.open-meteo.com/v1/forecast?latitude=54.8%2C53.35%2C52.2%2C53.2%2C53.35%2C52.3&longitude=-7.8%2C-9.05%2C-9.7%2C-7.7%2C-6.3%2C-6.5&hourly=wind_speed_100m%2Cwind_direction_100m%2Cwind_gusts_10m%2Ctemperature_2m%2Cpressure_msl%2Ccloud_cover%2Cshortwave_radiation&models=ecmwf_ifs&timezone=GMT&wind_speed_unit=ms&cell_selection=land&run=2026-01-04T12%3A00&forecast_hours=14,weather/open_meteo/single_runs/2026/01/ecmwf_ifs_20260104T1200Z_fh14.json,"Open-Meteo/ECMWF weather data: CC BY 4.0 with attribution; this project modifies it through interpolation, weighting, and feature engineering.",regional-weather-v1,data/raw/weather/open_meteo/single_runs/2026/01/ecmwf_ifs_20260104T1200Z_fh14.json,7636,86397fee08c21e22c0b05a30adac2c1087fa5be70e171a04761ae6412d529bfa,2026-09-24T13:26:54Z,2026-01-04T12:00:00+00:00,2026-01-05T01:00:00+00:00,84,2026-01-04T18:00:00+00:00
open_meteo_ecmwf_run_20260104t1800z_fh14,Open-Meteo / ECMWF,ecmwf_ifs_single_run,2026,https://single-runs-api.open-meteo.com/v1/forecast?latitude=54.8%2C53.35%2C52.2%2C53.2%2C53.35%2C52.3&longitude=-7.8%2C-9.05%2C-9.7%2C-7.7%2C-6.3%2C-6.5&hourly=wind_speed_100m%2Cwind_direction_100m%2Cwind_gusts_10m%2Ctemperature_2m%2Cpressure_msl%2Ccloud_cover%2Cshortwave_radiation&models=ecmwf_ifs&timezone=GMT&wind_speed_unit=ms&cell_selection=land&run=2026-01-04T18%3A00&forecast_hours=14,weather/open_meteo/single_runs/2026/01/ecmwf_ifs_20260104T1800Z_fh14.json,"Open-Meteo/ECMWF weather data: CC BY 4.0 with attribution; this project modifies it through interpolation, weighting, and feature engineering.",regional-weather-v1,data/raw/weather/open_meteo/single_runs/2026/01/ecmwf_ifs_20260104T1800Z_fh14.json,7603,0e53acd81e6b76594a572495f9d7fcf5c8f8baa8026822446cdd4665e8cb962a,2026-09-24T13:26:54Z,2026-01-04T18:00:00+00:00,2026-01-05T07:00:00+00:00,84,2026-01-05T00:00:00+00:00
open_meteo_ecmwf_run_20260105t0000z_fh14,Open-Meteo / ECMWF,ecmwf_ifs_single_run,2026,https://single-runs-api.open-meteo.com/v1/forecast?latitude=54.8%2C53.35%2C52.2%2C53.2%2C53.35%2C52.3&longitude=-7.8%2C-9.05%2C-9.7%2C-7.7%2C-6.3%2C-6.5&hourly=wind_speed_100m%2Cwind_direction_100m%2Cwind_gusts_10m%2Ctemperature_2m%2Cpressure_msl%2Ccloud_cover%2Cshortwave_radiation&models=ecmwf_ifs&timezone=GMT&wind_speed_unit=ms&cell_selection=land&run=2026-01-05T00%3A00&forecast_hours=14,weather/open_meteo/single_runs/2026/01/ecmwf_ifs_20260105T0000Z_fh14.json,"Open-Meteo/ECMWF weather data: CC BY 4.0 with attribution; this project modifies it through interpolation, weighting, and feature engineering.",regional-weather-v1,data/raw/weather/open_meteo/single_runs/2026/01/ecmwf_ifs_20260105T0000Z_fh14.json,7610,c5ae12a492f7d638818c9ff26476a241c56d8fbab3d540afd776c23456e8429d,2026-09-24T13:26:55Z,2026-01-05T00:00:00+00:00,2026-01-05T13:00:00+00:00,84,2026-01-05T06:00:00+00:00
open_meteo_ecmwf_run_20260105t0600z_fh14,Open-Meteo / ECMWF,ecmwf_ifs_single_run,2026,https://single-runs-api.open-meteo.com/v1/forecast?latitude=54.8%2C53.35%2C52.2%2C53.2%2C53.35%2C52.3&longitude=-7.8%2C-9.05%2C-9.7%2C-7.7%2C-6.3%2C-6.5&hourly=wind_speed_100m%2Cwind_direction_100m%2Cwind_gusts_10m%2Ctemperature_2m%2Cpressure_msl%2Ccloud_cover%2Cshortwave_radiation&models=ecmwf_ifs&timezone=GMT&wind_speed_unit=ms&cell_selection=land&run=2026-01-05T06%3A00&forecast_hours=14,weather/open_meteo/single_runs/2026/01/ecmwf_ifs_20260105T0600Z_fh14.json,"Open-Meteo/ECMWF weather data: CC BY 4.0 with attribution; this project modifies it through interpolation, weighting, and feature engineering.",regional-weather-v1,data/raw/weather/open_meteo/single_runs/2026/01/ecmwf_ifs_20260105T0600Z_fh14.json,7610,ea6ae7ee3e2248513ac7856834794dc1c2d11a7ee4d12d9bc1eadb61b449a103,2026-09-24T13:26:55Z,2026-01-05T06:00:00+00:00,2026-01-05T19:00:00+00:00,84,2026-01-05T12:00:00+00:00
open_meteo_ecmwf_run_20260105t1200z_fh14,Open-Meteo / ECMWF,ecmwf_ifs_single_run,2026,https://single-runs-api.open-meteo.com/v1/forecast?latitude=54.8%2C53.35%2C52.2%2C53.2%2C53.35%2C52.3&longitude=-7.8%2C-9.05%2C-9.7%2C-7.7%2C-6.3%2C-6.5&hourly=wind_speed_100m%2Cwind_direction_100m%2Cwind_gusts_10m%2Ctemperature_2m%2Cpressure_msl%2Ccloud_cover%2Cshortwave_radiation&models=ecmwf_ifs&timezone=GMT&wind_speed_unit=ms&cell_selection=land&run=2026-01-05T12%3A00&forecast_hours=14,weather/open_meteo/single_runs/2026/01/ecmwf_ifs_20260105T1200Z_fh14.json,"Open-Meteo/ECMWF weather data: CC BY 4.0 with attribution; this project modifies it through interpolation, weighting, and feature engineering.",regional-weather-v1,data/raw/weather/open_meteo/single_runs/2026/01/ecmwf_ifs_20260105T1200Z_fh14.json,7619,a6605313af86af0f3325fac541e3f261e6b5131c926d23daef457e89dfe24b1a,2026-09-24T13:26:55Z,2026-01-05T12:00:00+00:00,2026-01-06T01:00:00+00:00,84,2026-01-05T18:00:00+00:00
open_meteo_ecmwf_run_20260105t1800z_fh14,Open-Meteo / ECMWF,ecmwf_ifs_single_run,2026,https://single-runs-api.open-meteo.com/v1/forecast?latitude=54.8%2C53.35%2C52.2%2C53.2%2C53.35%2C52.3&longitude=-7.8%2C-9.05%2C-9.7%2C-7.7%2C-6.3%2C-6.5&hourly=wind_speed_100m%2Cwind_direction_100m%2Cwind_gusts_10m%2Ctemperature_2m%2Cpressure_msl%2Ccloud_cover%2Cshortwave_radiation&models=ecmwf_ifs&timezone=GMT&wind_speed_unit=ms&cell_selection=land&run=2026-01-05T18%3A00&forecast_hours=14,weather/open_meteo/single_runs/2026/01/ecmwf_ifs_20260105T1800Z_fh14.json,"Open-Meteo/ECMWF weather data: CC BY 4.0 with attribution; this project modifies it through interpolation, weighting, and feature engineering.",regional-weather-v1,data/raw/weather/open_meteo/single_runs/2026/01/ecmwf_ifs_20260105T1800Z_fh14.json,7629,61deb2a1b48a10d820a1f7dcec1215c58b35a6f5d7cd2f1d6e4af4b117ae2001,2026-09-24T13:27:06Z,2026-01-05T18:00:00+00:00,2026-01-06T07:00:00+00:00,84,2026-01-06T00:00:00+00:00
open_meteo_ecmwf_run_20260106t0000z_fh14,Open-Meteo / ECMWF,ecmwf_ifs_single_run,2026,https://single-runs-api.open-meteo.com/v1/forecast?latitude=54.8%2C53.35%2C52.2%2C53.2%2C53.35%2C52.3&longitude=-7.8%2C-9.05%2C-9.7%2C-7.7%2C-6.3%2C-6.5&hourly=wind_speed_100m%2Cwind_direction_100m%2Cwind_gusts_10m%2Ctemperature_2m%2Cpressure_msl%2Ccloud_cover%2Cshortwave_radiation&models=ecmwf_ifs&timezone=GMT&wind_speed_unit=ms&cell_selection=land&run=2026-01-06T00%3A00&forecast_hours=14,weather/open_meteo/single_runs/2026/01/ecmwf_ifs_20260106T0000Z_fh14.json,"Open-Meteo/ECMWF weather data: CC BY 4.0 with attribution; this project modifies it through interpolation, weighting, and feature engineering.",regional-weather-v1,data/raw/weather/open_meteo/single_runs/2026/01/ecmwf_ifs_20260106T0000Z_fh14.json,7710,d04d420c04b887611d550f407649d9ebc7090ce81e58b3fcd62e357089de5ee5,2026-09-24T13:27:15Z,2026-01-06T00:00:00+00:00,2026-01-06T13:00:00+00:00,84,2026-01-06T06:00:00+00:00
open_meteo_ecmwf_run_20260106t0600z_fh14,Open-Meteo / ECMWF,ecmwf_ifs_single_run,2026,https://single-runs-api.open-meteo.com/v1/forecast?latitude=54.8%2C53.35%2C52.2%2C53.2%2C53.35%2C52.3&longitude=-7.8%2C-9.05%2C-9.7%2C-7.7%2C-6.3%2C-6.5&hourly=wind_speed_100m%2Cwind_direction_100m%2Cwind_gusts_10m%2Ctemperature_2m%2Cpressure_msl%2Ccloud_cover%2Cshortwave_radiation&models=ecmwf_ifs&timezone=GMT&wind_speed_unit=ms&cell_selection=land&run=2026-01-06T06%3A00&forecast_hours=14,weather/open_meteo/single_runs/2026/01/ecmwf_ifs_20260106T0600Z_fh14.json,"Open-Meteo/ECMWF weather data: CC BY 4.0 with attribution; this project modifies it through interpolation, weighting, and feature engineering.",regional-weather-v1,data/raw/weather/open_meteo/single_runs/2026/01/ecmwf_ifs_20260106T0600Z_fh14.json,7711,ae7177bbb075cbd2456b745e4120ad7c4185ee8dc87a7d56bb9d35fa9aa821ae,2026-09-24T13:27:04Z,2026-01-06T06:00:00+00:00,2026-01-06T19:00:00+00:00,84,2026-01-06T12:00:00+00:00
open_meteo_ecmwf_run_20260106t1200z_fh14,Open-Meteo / ECMWF,ecmwf_ifs_single_run,2026,https://single-runs-api.open-meteo.com/v1/forecast?latitude=54.8%2C53.35%2C52.2%2C53.2%2C53.35%2C52.3&longitude=-7.8%2C-9.05%2C-9.7%2C-7.7%2C-6.3%2C-6.5&hourly=wind_speed_100m%2Cwind_direction_100m%2Cwind_gusts_10m%2Ctemperature_2m%2Cpressure_msl%2Ccloud_cover%2Cshortwave_radiation&models=ecmwf_ifs&timezone=GMT&wind_speed_unit=ms&cell_selection=land&run=2026-01-06T12%3A00&forecast_hours=14,weather/open_meteo/single_runs/2026/01/ecmwf_ifs_20260106T1200Z_fh14.json,"Open-Meteo/ECMWF weather data: CC BY 4.0 with attribution; this project modifies it through interpolation, weighting, and feature engineering.",regional-weather-v1,data/raw/weather/open_meteo/single_runs/2026/01/ecmwf_ifs_20260106T1200Z_fh14.json,7664,47ed0d9e21b964cf7739091468333788c2de6bcfc3cb2bc6dc7e79cec8758639,2026-09-24T13:27:05Z,2026-01-06T12:00:00+00:00,2026-01-07T01:00:00+00:00,84,2026-01-06T18:00:00+00:00
open_meteo_ecmwf_run_20260106t1800z_fh14,Open-Meteo / ECMWF,ecmwf_ifs_single_run,2026,https://single-runs-api.open-meteo.com/v1/forecast?latitude=54.8%2C53.35%2C52.2%2C53.2%2C53.35%2C52.3&longitude=-7.8%2C-9.05%2C-9.7%2C-7.7%2C-6.3%2C-6.5&hourly=wind_speed_100m%2Cwind_direction_100m%2Cwind_gusts_10m%2Ctemperature_2m%2Cpressure_msl%2Ccloud_cover%2Cshortwave_radiation&models=ecmwf_ifs&timezone=GMT&wind_speed_unit=ms&cell_selection=land&run=2026-01-06T18%3A00&forecast_hours=14,weather/open_meteo/single_runs/2026/01/ecmwf_ifs_20260106T1800Z_fh14.json,"Open-Meteo/ECMWF weather data: CC BY 4.0 with attribution; this project modifies it through interpolation, weighting, and feature engineering.",regional-weather-v1,data/raw/weather/open_meteo/single_runs/2026/01/ecmwf_ifs_20260106T1800Z_fh14.json,7634,b3e2d34dcc3f3cfe3cbbfbfebaf3b1175d19c4d8de33db2b53fb8c3a5ee5c017,2026-09-24T13:27:05Z,2026-01-06T18:00:00+00:00,2026-01-07T07:00:00+00:00,84,2026-01-07T00:00:00+00:00
open_meteo_ecmwf_run_20260107t0000z_fh14,Open-Meteo / ECMWF,ecmwf_ifs_single_run,2026,https://single-runs-api.open-meteo.com/v1/forecast?latitude=54.8%2C53.35%2C52.2%2C53.2%2C53.35%2C52.3&longitude=-7.8%2C-9.05%2C-9.7%2C-7.7%2C-6.3%2C-6.5&hourly=wind_speed_100m%2Cwind_direction_100m%2Cwind_gusts_10m%2Ctemperature_2m%2Cpressure_msl%2Ccloud_cover%2Cshortwave_radiation&models=ecmwf_ifs&timezone=GMT&wind_speed_unit=ms&cell_selection=land&run=2026-01-07T00%3A00&forecast_hours=14,weather/open_meteo/single_runs/2026/01/ecmwf_ifs_20260107T0000Z_fh14.json,"Open-Meteo/ECMWF weather data: CC BY 4.0 with attribution; this project modifies it through interpolation, weighting, and feature engineering.",regional-weather-v1,data/raw/weather/open_meteo/single_runs/2026/01/ecmwf_ifs_20260107T0000Z_fh14.json,7660,04763db8f1c65fb0f1bc4acb9b8ebd6f5218f484ee0503cf53a2458bafb7546e,2026-09-24T13:27:05Z,2026-01-07T00:00:00+00:00,2026-01-07T13:00:00+00:00,84,2026-01-07T06:00:00+00:00
open_meteo_ecmwf_run_20260107t0600z_fh14,Open-Meteo / ECMWF,ecmwf_ifs_single_run,2026,https://single-runs-api.open-meteo.com/v1/forecast?latitude=54.8%2C53.35%2C52.2%2C53.2%2C53.35%2C52.3&longitude=-7.8%2C-9.05%2C-9.7%2C-7.7%2C-6.3%2C-6.5&hourly=wind_speed_100m%2Cwind_direction_100m%2Cwind_gusts_10m%2Ctemperature_2m%2Cpressure_msl%2Ccloud_cover%2Cshortwave_radiation&models=ecmwf_ifs&timezone=GMT&wind_speed_unit=ms&cell_selection=land&run=2026-01-07T06%3A00&forecast_hours=14,weather/open_meteo/single_runs/2026/01/ecmwf_ifs_20260107T0600Z_fh14.json,"Open-Meteo/ECMWF weather data: CC BY 4.0 with attribution; this project modifies it through interpolation, weighting, and feature engineering.",regional-weather-v1,data/raw/weather/open_meteo/single_runs/2026/01/ecmwf_ifs_20260107T0600Z_fh14.json,7697,d9f61ca78f36ac1b93a6fc8fe0cbacaa4cbe3b514f273e4e3449780a5d5ff39c,2026-09-24T13:27:06Z,2026-01-07T06:00:00+00:00,2026-01-07T19:00:00+00:00,84,2026-01-07T12:00:00+00:00
open_meteo_ecmwf_run_20260107t1200z_fh14,Open-Meteo / ECMWF,ecmwf_ifs_single_run,2026,https://single-runs-api.open-meteo.com/v1/forecast?latitude=54.8%2C53.35%2C52.2%2C53.2%2C53.35%2C52.3&longitude=-7.8%2C-9.05%2C-9.7%2C-7.7%2C-6.3%2C-6.5&hourly=wind_speed_100m%2Cwind_direction_100m%2Cwind_gusts_10m%2Ctemperature_2m%2Cpressure_msl%2Ccloud_cover%2Cshortwave_radiation&models=ecmwf_ifs&timezone=GMT&wind_speed_unit=ms&cell_selection=land&run=2026-01-07T12%3A00&forecast_hours=14,weather/open_meteo/single_runs/2026/01/ecmwf_ifs_20260107T1200Z_fh14.json,"Open-Meteo/ECMWF weather data: CC BY 4.0 with attribution; this project modifies it through interpolation, weighting, and feature engineering.",regional-weather-v1,data/raw/weather/open_meteo/single_runs/2026/01/ecmwf_ifs_20260107T1200Z_fh14.json,7698,9627187457f8ab97ee8e7b7ae6ad83642a7d1b2458a368d72f53547978fde505,2026-09-24T13:27:05Z,2026-01-07T12:00:00+00:00,2026-01-08T01:00:00+00:00,84,2026-01-07T18:00:00+00:00
open_meteo_ecmwf_run_20260107t1800z_fh14,Open-Meteo / ECMWF,ecmwf_ifs_single_run,2026,https://single-runs-api.open-meteo.com/v1/forecast?latitude=54.8%2C53.35%2C52.2%2C53.2%2C53.35%2C52.3&longitude=-7.8%2C-9.05%2C-9.7%2C-7.7%2C-6.3%2C-6.5&hourly=wind_speed_100m%2Cwind_direction_100m%2Cwind_gusts_10m%2Ctemperature_2m%2Cpressure_msl%2Ccloud_cover%2Cshortwave_radiation&models=ecmwf_ifs&timezone=GMT&wind_speed_unit=ms&cell_selection=land&run=2026-01-07T18%3A00&forecast_hours=14,weather/open_meteo/single_runs/2026/01/ecmwf_ifs_20260107T1800Z_fh14.json,"Open-Meteo/ECMWF weather data: CC BY 4.0 with attribution; this project modifies it through interpolation, weighting, and feature engineering.",regional-weather-v1,data/raw/weather/open_meteo/single_runs/2026/01/ecmwf_ifs_20260107T1800Z_fh14.json,7652,c8b7b6c961b9437720f0cb3e19faa12846afd17bed5ace63a4ea1a3d42d27435,2026-09-24T13:27:06Z,2026-01-07T18:00:00+00:00,2026-01-08T07:00:00+00:00,84,2026-01-08T00:00:00+00:00
open_meteo_ecmwf_run_20260108t0000z_fh14,Open-Meteo / ECMWF,ecmwf_ifs_single_run,2026,https://single-runs-api.open-meteo.com/v1/forecast?latitude=54.8%2C53.35%2C52.2%2C53.2%2C53.35%2C52.3&longitude=-7.8%2C-9.05%2C-9.7%2C-7.7%2C-6.3%2C-6.5&hourly=wind_speed_100m%2Cwind_direction_100m%2Cwind_gusts_10m%2Ctemperature_2m%2Cpressure_msl%2Ccloud_cover%2Cshortwave_radiation&models=ecmwf_ifs&timezone=GMT&wind_speed_unit=ms&cell_selection=land&run=2026-01-08T00%3A00&forecast_hours=14,weather/open_meteo/single_runs/2026/01/ecmwf_ifs_20260108T0000Z_fh14.json,"Open-Meteo/ECMWF weather data: CC BY 4.0 with attribution; this project modifies it through interpolation, weighting, and feature engineering.",regional-weather-v1,data/raw/weather/open_meteo/single_runs/2026/01/ecmwf_ifs_20260108T0000Z_fh14.json,7618,52c19b6c4584bf9d2d44cc2101114b0bafdb47716b6aa9369edf1a1dcb73e091,2026-09-24T13:27:06Z,2026-01-08T00:00:00+00:00,2026-01-08T13:00:00+00:00,84,2026-01-08T06:00:00+00:00
open_meteo_ecmwf_run_20260108t0600z_fh14,Open-Meteo / ECMWF,ecmwf_ifs_single_run,2026,https://single-runs-api.open-meteo.com/v1/forecast?latitude=54.8%2C53.35%2C52.2%2C53.2%2C53.35%2C52.3&longitude=-7.8%2C-9.05%2C-9.7%2C-7.7%2C-6.3%2C-6.5&hourly=wind_speed_100m%2Cwind_direction_100m%2Cwind_gusts_10m%2Ctemperature_2m%2Cpressure_msl%2Ccloud_cover%2Cshortwave_radiation&models=ecmwf_ifs&timezone=GMT&wind_speed_unit=ms&cell_selection=land&run=2026-01-08T06%3A00&forecast_hours=14,weather/open_meteo/single_runs/2026/01/ecmwf_ifs_20260108T0600Z_fh14.json,"Open-Meteo/ECMWF weather data: CC BY 4.0 with attribution; this project modifies it through interpolation, weighting, and feature engineering.",regional-weather-v1,data/raw/weather/open_meteo/single_runs/2026/01/ecmwf_ifs_20260108T0600Z_fh14.json,7601,e1a3482fa8c59f978eb9e4818f1bb9f678c96cfb690053f40c27cbf7d9f5aa93,2026-09-24T13:27:06Z,2026-01-08T06:00:00+00:00,2026-01-08T19:00:00+00:00,84,2026-01-08T12:00:00+00:00
open_meteo_ecmwf_run_20260108t1200z_fh14,Open-Meteo / ECMWF,ecmwf_ifs_single_run,2026,https://single-runs-api.open-meteo.com/v1/forecast?latitude=54.8%2C53.35%2C52.2%2C53.2%2C53.35%2C52.3&longitude=-7.8%2C-9.05%2C-9.7%2C-7.7%2C-6.3%2C-6.5&hourly=wind_speed_100m%2Cwind_direction_100m%2Cwind_gusts_10m%2Ctemperature_2m%2Cpressure_msl%2Ccloud_cover%2Cshortwave_radiation&models=ecmwf_ifs&timezone=GMT&wind_speed_unit=ms&cell_selection=land&run=2026-01-08T12%3A00&forecast_hours=14,weather/open_meteo/single_runs/2026/01/ecmwf_ifs_20260108T1200Z_fh14.json,"Open-Meteo/ECMWF weather data: CC BY 4.0 with attribution; this project modifies it through interpolation, weighting, and feature engineering.",regional-weather-v1,data/raw/weather/open_meteo/single_runs/2026/01/ecmwf_ifs_20260108T1200Z_fh14.json,7576,5f1f67a9ce4d4288131c5bffd57746771395d06d2430b1d4f24c8d6a53adb4d7,2026-09-24T13:27:06Z,2026-01-08T12:00:00+00:00,2026-01-09T01:00:00+00:00,84,2026-01-08T18:00:00+00:00
open_meteo_ecmwf_run_20260108t1800z_fh14,Open-Meteo / ECMWF,ecmwf_ifs_single_run,2026,https://single-runs-api.open-meteo.com/v1/forecast?latitude=54.8%2C53.35%2C52.2%2C53.2%2C53.35%2C52.3&longitude=-7.8%2C-9.05%2C-9.7%2C-7.7%2C-6.3%2C-6.5&hourly=wind_speed_100m%2Cwind_direction_100m%2Cwind_gusts_10m%2Ctemperature_2m%2Cpressure_msl%2Ccloud_cover%2Cshortwave_radiation&models=ecmwf_ifs&timezone=GMT&wind_speed_unit=ms&cell_selection=land&run=2026-01-08T18%3A00&forecast_hours=14,weather/open_meteo/single_runs/2026/01/ecmwf_ifs_20260108T1800Z_fh14.json,"Open-Meteo/ECMWF weather data: CC BY 4.0 with attribution; this project modifies it through interpolation, weighting, and feature engineering.",regional-weather-v1,data/raw/weather/open_meteo/single_runs/2026/01/ecmwf_ifs_20260108T1800Z_fh14.json,7572,643554fde21038a3570a6cbaae8fa1d123bd19f647fd434cec6714ca7486caeb,2026-09-24T13:27:06Z,2026-01-08T18:00:00+00:00,2026-01-09T07:00:00+00:00,84,2026-01-09T00:00:00+00:00
open_meteo_ecmwf_run_20260109t0000z_fh14,Open-Meteo / ECMWF,ecmwf_ifs_single_run,2026,https://single-runs-api.open-meteo.com/v1/forecast?latitude=54.8%2C53.35%2C52.2%2C53.2%2C53.35%2C52.3&longitude=-7.8%2C-9.05%2C-9.7%2C-7.7%2C-6.3%2C-6.5&hourly=wind_speed_100m%2Cwind_direction_100m%2Cwind_gusts_10m%2Ctemperature_2m%2Cpressure_msl%2Ccloud_cover%2Cshortwave_radiation&models=ecmwf_ifs&timezone=GMT&wind_speed_unit=ms&cell_selection=land&run=2026-01-09T00%3A00&forecast_hours=14,weather/open_meteo/single_runs/2026/01/ecmwf_ifs_20260109T0000Z_fh14.json,"Open-Meteo/ECMWF weather data: CC BY 4.0 with attribution; this project modifies it through interpolation, weighting, and feature engineering.",regional-weather-v1,data/raw/weather/open_meteo/single_runs/2026/01/ecmwf_ifs_20260109T0000Z_fh14.json,7613,3d4a446aad76274fe419875a5144f58a0fc10071f9ca34afecc7b686452fc18e,2026-09-24T13:27:07Z,2026-01-09T00:00:00+00:00,2026-01-09T13:00:00+00:00,84,2026-01-09T06:00:00+00:00
open_meteo_ecmwf_run_20260109t0600z_fh14,Open-Meteo / ECMWF,ecmwf_ifs_single_run,2026,https://single-runs-api.open-meteo.com/v1/forecast?latitude=54.8%2C53.35%2C52.2%2C53.2%2C53.35%2C52.3&longitude=-7.8%2C-9.05%2C-9.7%2C-7.7%2C-6.3%2C-6.5&hourly=wind_speed_100m%2Cwind_direction_100m%2Cwind_gusts_10m%2Ctemperature_2m%2Cpressure_msl%2Ccloud_cover%2Cshortwave_radiation&models=ecmwf_ifs&timezone=GMT&wind_speed_unit=ms&cell_selection=land&run=2026-01-09T06%3A00&forecast_hours=14,weather/open_meteo/single_runs/2026/01/ecmwf_ifs_20260109T0600Z_fh14.json,"Open-Meteo/ECMWF weather data: CC BY 4.0 with attribution; this project modifies it through interpolation, weighting, and feature engineering.",regional-weather-v1,data/raw/weather/open_meteo/single_runs/2026/01/ecmwf_ifs_20260109T0600Z_fh14.json,7631,735beb6732c49944fdd46082f3907a66ffb1af9243f1489cfacb346c45e99bce,2026-09-24T13:27:06Z,2026-01-09T06:00:00+00:00,2026-01-09T19:00:00+00:00,84,2026-01-09T12:00:00+00:00
open_meteo_ecmwf_run_20260109t1200z_fh14,Open-Meteo / ECMWF,ecmwf_ifs_single_run,2026,https://single-runs-api.open-meteo.com/v1/forecast?latitude=54.8%2C53.35%2C52.2%2C53.2%2C53.35%2C52.3&longitude=-7.8%2C-9.05%2C-9.7%2C-7.7%2C-6.3%2C-6.5&hourly=wind_speed_100m%2Cwind_direction_100m%2Cwind_gusts_10m%2Ctemperature_2m%2Cpressure_msl%2Ccloud_cover%2Cshortwave_radiation&models=ecmwf_ifs&timezone=GMT&wind_speed_unit=ms&cell_selection=land&run=2026-01-09T12%3A00&forecast_hours=14,weather/open_meteo/single_runs/2026/01/ecmwf_ifs_20260109T1200Z_fh14.json,"Open-Meteo/ECMWF weather data: CC BY 4.0 with attribution; this project modifies it through interpolation, weighting, and feature engineering.",regional-weather-v1,data/raw/weather/open_meteo/single_runs/2026/01/ecmwf_ifs_20260109T1200Z_fh14.json,7601,54d1fed6b73f20dd63cd16cfc7e590e6a68d375ce5a83ee24562ff70c0db252c,2026-09-24T13:27:07Z,2026-01-09T12:00:00+00:00,2026-01-10T01:00:00+00:00,84,2026-01-09T18:00:00+00:00
open_meteo_ecmwf_run_20260109t1800z_fh14,Open-Meteo / ECMWF,ecmwf_ifs_single_run,2026,https://single-runs-api.open-meteo.com/v1/forecast?latitude=54.8%2C53.35%2C52.2%2C53.2%2C53.35%2C52.3&longitude=-7.8%2C-9.05%2C-9.7%2C-7.7%2C-6.3%2C-6.5&hourly=wind_speed_100m%2Cwind_direction_100m%2Cwind_gusts_10m%2Ctemperature_2m%2Cpressure_msl%2Ccloud_cover%2Cshortwave_radiation&models=ecmwf_ifs&timezone=GMT&wind_speed_unit=ms&cell_selection=land&run=2026-01-09T18%3A00&forecast_hours=14,weather/open_meteo/single_runs/2026/01/ecmwf_ifs_20260109T1800Z_fh14.json,"Open-Meteo/ECMWF weather data: CC BY 4.0 with attribution; this project modifies it through interpolation, weighting, and feature engineering.",regional-weather-v1,data/raw/weather/open_meteo/single_runs/2026/01/ecmwf_ifs_20260109T1800Z_fh14.json,7566,baab712f3089b4061b9f30ee82f2db0ac61b2df65352394f7d6591c78c94202e,2026-09-24T13:27:07Z,2026-01-09T18:00:00+00:00,2026-01-10T07:00:00+00:00,84,2026-01-10T00:00:00+00:00
open_meteo_ecmwf_run_20260110t0000z_fh14,Open-Meteo / ECMWF,ecmwf_ifs_single_run,2026,https://single-runs-api.open-meteo.com/v1/forecast?latitude=54.8%2C53.35%2C52.2%2C53.2%2C53.35%2C52.3&longitude=-7.8%2C-9.05%2C-9.7%2C-7.7%2C-6.3%2C-6.5&hourly=wind_speed_100m%2Cwind_direction_100m%2Cwind_gusts_10m%2Ctemperature_2m%2Cpressure_msl%2Ccloud_cover%2Cshortwave_radiation&models=ecmwf_ifs&timezone=GMT&wind_speed_unit=ms&cell_selection=land&run=2026-01-10T00%3A00&forecast_hours=14,weather/open_meteo/single_runs/2026/01/ecmwf_ifs_20260110T0000Z_fh14.json,"Open-Meteo/ECMWF weather data: CC BY 4.0 with attribution; this project modifies it through interpolation, weighting, and feature engineering.",regional-weather-v1,data/raw/weather/open_meteo/single_runs/2026/01/ecmwf_ifs_20260110T0000Z_fh14.json,7614,e80741a5943423b092c1e7303e2b9f7fca923672ba2c998f8ac225a7d18f6ecb,2026-09-24T13:27:07Z,2026-01-10T00:00:00+00:00,2026-01-10T13:00:00+00:00,84,2026-01-10T06:00:00+00:00
open_meteo_ecmwf_run_20260110t0600z_fh14,Open-Meteo / ECMWF,ecmwf_ifs_single_run,2026,https://single-runs-api.open-meteo.com/v1/forecast?latitude=54.8%2C53.35%2C52.2%2C53.2%2C53.35%2C52.3&longitude=-7.8%2C-9.05%2C-9.7%2C-7.7%2C-6.3%2C-6.5&hourly=wind_speed_100m%2Cwind_direction_100m%2Cwind_gusts_10m%2Ctemperature_2m%2Cpressure_msl%2Ccloud_cover%2Cshortwave_radiation&models=ecmwf_ifs&timezone=GMT&wind_speed_unit=ms&cell_selection=land&run=2026-01-10T06%3A00&forecast_hours=14,weather/open_meteo/single_runs/2026/01/ecmwf_ifs_20260110T0600Z_fh14.json,"Open-Meteo/ECMWF weather data: CC BY 4.0 with attribution; this project modifies it through interpolation, weighting, and feature engineering.",regional-weather-v1,data/raw/weather/open_meteo/single_runs/2026/01/ecmwf_ifs_20260110T0600Z_fh14.json,7679,aaa8fd5f76108267686c25112f9f9fd470a53209adb04e0c70195bd27e2dd1a3,2026-09-24T13:27:07Z,2026-01-10T06:00:00+00:00,2026-01-10T19:00:00+00:00,84,2026-01-10T12:00:00+00:00
open_meteo_ecmwf_run_20260110t1200z_fh14,Open-Meteo / ECMWF,ecmwf_ifs_single_run,2026,https://single-runs-api.open-meteo.com/v1/forecast?latitude=54.8%2C53.35%2C52.2%2C53.2%2C53.35%2C52.3&longitude=-7.8%2C-9.05%2C-9.7%2C-7.7%2C-6.3%2C-6.5&hourly=wind_speed_100m%2Cwind_direction_100m%2Cwind_gusts_10m%2Ctemperature_2m%2Cpressure_msl%2Ccloud_cover%2Cshortwave_radiation&models=ecmwf_ifs&timezone=GMT&wind_speed_unit=ms&cell_selection=land&run=2026-01-10T12%3A00&forecast_hours=14,weather/open_meteo/single_runs/2026/01/ecmwf_ifs_20260110T1200Z_fh14.json,"Open-Meteo/ECMWF weather data: CC BY 4.0 with attribution; this project modifies it through interpolation, weighting, and feature engineering.",regional-weather-v1,data/raw/weather/open_meteo/single_runs/2026/01/ecmwf_ifs_20260110T1200Z_fh14.json,7749,86450dac818607a1e9d4c60cb2f26c87d0a43227cb5a10007650e719633eab99,2026-09-24T13:27:18Z,2026-01-10T12:00:00+00:00,2026-01-11T01:00:00+00:00,84,2026-01-10T18:00:00+00:00
open_meteo_ecmwf_run_20260110t1800z_fh14,Open-Meteo / ECMWF,ecmwf_ifs_single_run,2026,https://single-runs-api.open-meteo.com/v1/forecast?latitude=54.8%2C53.35%2C52.2%2C53.2%2C53.35%2C52.3&longitude=-7.8%2C-9.05%2C-9.7%2C-7.7%2C-6.3%2C-6.5&hourly=wind_speed_100m%2Cwind_direction_100m%2Cwind_gusts_10m%2Ctemperature_2m%2Cpressure_msl%2Ccloud_cover%2Cshortwave_radiation&models=ecmwf_ifs&timezone=GMT&wind_speed_unit=ms&cell_selection=land&run=2026-01-10T18%3A00&forecast_hours=14,weather/open_meteo/single_runs/2026/01/ecmwf_ifs_20260110T1800Z_fh14.json,"Open-Meteo/ECMWF weather data: CC BY 4.0 with attribution; this project modifies it through interpolation, weighting, and feature engineering.",regional-weather-v1,data/raw/weather/open_meteo/single_runs/2026/01/ecmwf_ifs_20260110T1800Z_fh14.json,7767,d45925d1b7ec58533828565216ef563f2696cd22dd1f0def4bcd8ee97e688953,2026-09-24T13:27:07Z,2026-01-10T18:00:00+00:00,2026-01-11T07:00:00+00:00,84,2026-01-11T00:00:00+00:00
open_meteo_ecmwf_run_20260111t0000z_fh14,Open-Meteo / ECMWF,ecmwf_ifs_single_run,2026,https://single-runs-api.open-meteo.com/v1/forecast?latitude=54.8%2C53.35%2C52.2%2C53.2%2C53.35%2C52.3&longitude=-7.8%2C-9.05%2C-9.7%2C-7.7%2C-6.3%2C-6.5&hourly=wind_speed_100m%2Cwind_direction_100m%2Cwind_gusts_10m%2Ctemperature_2m%2Cpressure_msl%2Ccloud_cover%2Cshortwave_radiation&models=ecmwf_ifs&timezone=GMT&wind_speed_unit=ms&cell_selection=land&run=2026-01-11T00%3A00&forecast_hours=14,weather/open_meteo/single_runs/2026/01/ecmwf_ifs_20260111T0000Z_fh14.json,"Open-Meteo/ECMWF weather data: CC BY 4.0 with attribution; this project modifies it through interpolation, weighting, and feature engineering.",regional-weather-v1,data/raw/weather/open_meteo/single_runs/2026/01/ecmwf_ifs_20260111T0000Z_fh14.json,7800,3df947827bacc894974a7a5f9d4679697f81e20cae4a71c45421eafa3afef200,2026-09-24T13:27:07Z,2026-01-11T00:00:00+00:00,2026-01-11T13:00:00+00:00,84,2026-01-11T06:00:00+00:00
open_meteo_ecmwf_run_20260111t0600z_fh14,Open-Meteo / ECMWF,ecmwf_ifs_single_run,2026,https://single-runs-api.open-meteo.com/v1/forecast?latitude=54.8%2C53.35%2C52.2%2C53.2%2C53.35%2C52.3&longitude=-7.8%2C-9.05%2C-9.7%2C-7.7%2C-6.3%2C-6.5&hourly=wind_speed_100m%2Cwind_direction_100m%2Cwind_gusts_10m%2Ctemperature_2m%2Cpressure_msl%2Ccloud_cover%2Cshortwave_radiation&models=ecmwf_ifs&timezone=GMT&wind_speed_unit=ms&cell_selection=land&run=2026-01-11T06%3A00&forecast_hours=14,weather/open_meteo/single_runs/2026/01/ecmwf_ifs_20260111T0600Z_fh14.json,"Open-Meteo/ECMWF weather data: CC BY 4.0 with attribution; this project modifies it through interpolation, weighting, and feature engineering.",regional-weather-v1,data/raw/weather/open_meteo/single_runs/2026/01/ecmwf_ifs_20260111T0600Z_fh14.json,7817,86a53584d24f3717029941a4f6133e031950664d368fe4c0ced6a4871a7b9f64,2026-09-24T13:27:08Z,2026-01-11T06:00:00+00:00,2026-01-11T19:00:00+00:00,84,2026-01-11T12:00:00+00:00
open_meteo_ecmwf_run_20260111t1200z_fh14,Open-Meteo / ECMWF,ecmwf_ifs_single_run,2026,https://single-runs-api.open-meteo.com/v1/forecast?latitude=54.8%2C53.35%2C52.2%2C53.2%2C53.35%2C52.3&longitude=-7.8%2C-9.05%2C-9.7%2C-7.7%2C-6.3%2C-6.5&hourly=wind_speed_100m%2Cwind_direction_100m%2Cwind_gusts_10m%2Ctemperature_2m%2Cpressure_msl%2Ccloud_cover%2Cshortwave_radiation&models=ecmwf_ifs&timezone=GMT&wind_speed_unit=ms&cell_selection=land&run=2026-01-11T12%3A00&forecast_hours=14,weather/open_meteo/single_runs/2026/01/ecmwf_ifs_20260111T1200Z_fh14.json,"Open-Meteo/ECMWF weather data: CC BY 4.0 with attribution; this project modifies it through interpolation, weighting, and feature engineering.",regional-weather-v1,data/raw/weather/open_meteo/single_runs/2026/01/ecmwf_ifs_20260111T1200Z_fh14.json,7748,549b63442925dc2a2bd6170d602157bde6cc173580782553de9047c551c1790c,2026-09-24T13:27:08Z,2026-01-11T12:00:00+00:00,2026-01-12T01:00:00+00:00,84,2026-01-11T18:00:00+00:00
open_meteo_ecmwf_run_20260111t1800z_fh14,Open-Meteo / ECMWF,ecmwf_ifs_single_run,2026,https://single-runs-api.open-meteo.com/v1/forecast?latitude=54.8%2C53.35%2C52.2%2C53.2%2C53.35%2C52.3&longitude=-7.8%2C-9.05%2C-9.7%2C-7.7%2C-6.3%2C-6.5&hourly=wind_speed_100m%2Cwind_direction_100m%2Cwind_gusts_10m%2Ctemperature_2m%2Cpressure_msl%2Ccloud_cover%2Cshortwave_radiation&models=ecmwf_ifs&timezone=GMT&wind_speed_unit=ms&cell_selection=land&run=2026-01-11T18%3A00&forecast_hours=14,weather/open_meteo/single_runs/2026/01/ecmwf_ifs_20260111T1800Z_fh14.json,"Open-Meteo/ECMWF weather data: CC BY 4.0 with attribution; this project modifies it through interpolation, weighting, and feature engineering.",regional-weather-v1,data/raw/weather/open_meteo/single_runs/2026/01/ecmwf_ifs_20260111T1800Z_fh14.json,7661,c9f23d80c266d4cf0067f19f1a5b35854aa30923e8bd2c8ac7d06ae51f687ba0,2026-09-24T13:27:08Z,2026-01-11T18:00:00+00:00,2026-01-12T07:00:00+00:00,84,2026-01-12T00:00:00+00:00
open_meteo_ecmwf_run_20260112t0000z_fh14,Open-Meteo / ECMWF,ecmwf_ifs_single_run,2026,https://single-runs-api.open-meteo.com/v1/forecast?latitude=54.8%2C53.35%2C52.2%2C53.2%2C53.35%2C52.3&longitude=-7.8%2C-9.05%2C-9.7%2C-7.7%2C-6.3%2C-6.5&hourly=wind_speed_100m%2Cwind_direction_100m%2Cwind_gusts_10m%2Ctemperature_2m%2Cpressure_msl%2Ccloud_cover%2Cshortwave_radiation&models=ecmwf_ifs&timezone=GMT&wind_speed_unit=ms&cell_selection=land&run=2026-01-12T00%3A00&forecast_hours=14,weather/open_meteo/single_runs/2026/01/ecmwf_ifs_20260112T0000Z_fh14.json,"Open-Meteo/ECMWF weather data: CC BY 4.0 with attribution; this project modifies it through interpolation, weighting, and feature engineering.",regional-weather-v1,data/raw/weather/open_meteo/single_runs/2026/01/ecmwf_ifs_20260112T0000Z_fh14.json,7677,da833e0474d7e61938619c2e256993e632854dce23c84f178fa0b59d39c40d86,2026-09-24T13:27:08Z,2026-01-12T00:00:00+00:00,2026-01-12T13:00:00+00:00,84,2026-01-12T06:00:00+00:00
open_meteo_ecmwf_run_20260112t0600z_fh14,Open-Meteo / ECMWF,ecmwf_ifs_single_run,2026,https://single-runs-api.open-meteo.com/v1/forecast?latitude=54.8%2C53.35%2C52.2%2C53.2%2C53.35%2C52.3&longitude=-7.8%2C-9.05%2C-9.7%2C-7.7%2C-6.3%2C-6.5&hourly=wind_speed_100m%2Cwind_direction_100m%2Cwind_gusts_10m%2Ctemperature_2m%2Cpressure_msl%2Ccloud_cover%2Cshortwave_radiation&models=ecmwf_ifs&timezone=GMT&wind_speed_unit=ms&cell_selection=land&run=2026-01-12T06%3A00&forecast_hours=14,weather/open_meteo/single_runs/2026/01/ecmwf_ifs_20260112T0600Z_fh14.json,"Open-Meteo/ECMWF weather data: CC BY 4.0 with attribution; this project modifies it through interpolation, weighting, and feature engineering.",regional-weather-v1,data/raw/weather/open_meteo/single_runs/2026/01/ecmwf_ifs_20260112T0600Z_fh14.json,7686,da20845e47b2aa1cfca3966cbd8c510cbb0ade2aabf07eb2b921f5dec8e9aa4e,2026-09-24T13:27:08Z,2026-01-12T06:00:00+00:00,2026-01-12T19:00:00+00:00,84,2026-01-12T12:00:00+00:00
open_meteo_ecmwf_run_20260112t1200z_fh14,Open-Meteo / ECMWF,ecmwf_ifs_single_run,2026,https://single-runs-api.open-meteo.com/v1/forecast?latitude=54.8%2C53.35%2C52.2%2C53.2%2C53.35%2C52.3&longitude=-7.8%2C-9.05%2C-9.7%2C-7.7%2C-6.3%2C-6.5&hourly=wind_speed_100m%2Cwind_direction_100m%2Cwind_gusts_10m%2Ctemperature_2m%2Cpressure_msl%2Ccloud_cover%2Cshortwave_radiation&models=ecmwf_ifs&timezone=GMT&wind_speed_unit=ms&cell_selection=land&run=2026-01-12T12%3A00&forecast_hours=14,weather/open_meteo/single_runs/2026/01/ecmwf_ifs_20260112T1200Z_fh14.json,"Open-Meteo/ECMWF weather data: CC BY 4.0 with attribution; this project modifies it through interpolation, weighting, and feature engineering.",regional-weather-v1,data/raw/weather/open_meteo/single_runs/2026/01/ecmwf_ifs_20260112T1200Z_fh14.json,7654,fe16cd1bb5f2cf2a86628e6e71bd35d80d0b19f602ae313da5b6d8c117114e58,2026-09-24T13:27:08Z,2026-01-12T12:00:00+00:00,2026-01-13T01:00:00+00:00,84,2026-01-12T18:00:00+00:00
open_meteo_ecmwf_run_20260112t1800z_fh14,Open-Meteo / ECMWF,ecmwf_ifs_single_run,2026,https://single-runs-api.open-meteo.com/v1/forecast?latitude=54.8%2C53.35%2C52.2%2C53.2%2C53.35%2C52.3&longitude=-7.8%2C-9.05%2C-9.7%2C-7.7%2C-6.3%2C-6.5&hourly=wind_speed_100m%2Cwind_direction_100m%2Cwind_gusts_10m%2Ctemperature_2m%2Cpressure_msl%2Ccloud_cover%2Cshortwave_radiation&models=ecmwf_ifs&timezone=GMT&wind_speed_unit=ms&cell_selection=land&run=2026-01-12T18%3A00&forecast_hours=14,weather/open_meteo/single_runs/2026/01/ecmwf_ifs_20260112T1800Z_fh14.json,"Open-Meteo/ECMWF weather data: CC BY 4.0 with attribution; this project modifies it through interpolation, weighting, and feature engineering.",regional-weather-v1,data/raw/weather/open_meteo/single_runs/2026/01/ecmwf_ifs_20260112T1800Z_fh14.json,7577,6b63b24cd348c6488451c10520733238de2393ea60fea92d6178c2327c068b70,2026-09-24T13:27:09Z,2026-01-12T18:00:00+00:00,2026-01-13T07:00:00+00:00,84,2026-01-13T00:00:00+00:00
open_meteo_ecmwf_run_20260113t0000z_fh14,Open-Meteo / ECMWF,ecmwf_ifs_single_run,2026,https://single-runs-api.open-meteo.com/v1/forecast?latitude=54.8%2C53.35%2C52.2%2C53.2%2C53.35%2C52.3&longitude=-7.8%2C-9.05%2C-9.7%2C-7.7%2C-6.3%2C-6.5&hourly=wind_speed_100m%2Cwind_direction_100m%2Cwind_gusts_10m%2Ctemperature_2m%2Cpressure_msl%2Ccloud_cover%2Cshortwave_radiation&models=ecmwf_ifs&timezone=GMT&wind_speed_unit=ms&cell_selection=land&run=2026-01-13T00%3A00&forecast_hours=14,weather/open_meteo/single_runs/2026/01/ecmwf_ifs_20260113T0000Z_fh14.json,"Open-Meteo/ECMWF weather data: CC BY 4.0 with attribution; this project modifies it through interpolation, weighting, and feature engineering.",regional-weather-v1,data/raw/weather/open_meteo/single_runs/2026/01/ecmwf_ifs_20260113T0000Z_fh14.json,7594,08871c41b69305e182a0a91940cb6f9ef148e23a3fa3c27b914c8bb04ec860d2,2026-09-24T13:27:09Z,2026-01-13T00:00:00+00:00,2026-01-13T13:00:00+00:00,84,2026-01-13T06:00:00+00:00
open_meteo_ecmwf_run_20260113t0600z_fh14,Open-Meteo / ECMWF,ecmwf_ifs_single_run,2026,https://single-runs-api.open-meteo.com/v1/forecast?latitude=54.8%2C53.35%2C52.2%2C53.2%2C53.35%2C52.3&longitude=-7.8%2C-9.05%2C-9.7%2C-7.7%2C-6.3%2C-6.5&hourly=wind_speed_100m%2Cwind_direction_100m%2Cwind_gusts_10m%2Ctemperature_2m%2Cpressure_msl%2Ccloud_cover%2Cshortwave_radiation&models=ecmwf_ifs&timezone=GMT&wind_speed_unit=ms&cell_selection=land&run=2026-01-13T06%3A00&forecast_hours=14,weather/open_meteo/single_runs/2026/01/ecmwf_ifs_20260113T0600Z_fh14.json,"Open-Meteo/ECMWF weather data: CC BY 4.0 with attribution; this project modifies it through interpolation, weighting, and feature engineering.",regional-weather-v1,data/raw/weather/open_meteo/single_runs/2026/01/ecmwf_ifs_20260113T0600Z_fh14.json,7598,032b6822127ac6e829db5415ff6f6140026b7f5afbbdb677fbb6b344812f5a4c,2026-09-24T13:27:09Z,2026-01-13T06:00:00+00:00,2026-01-13T19:00:00+00:00,84,2026-01-13T12:00:00+00:00
open_meteo_ecmwf_run_20260113t1200z_fh14,Open-Meteo / ECMWF,ecmwf_ifs_single_run,2026,https://single-runs-api.open-meteo.com/v1/forecast?latitude=54.8%2C53.35%2C52.2%2C53.2%2C53.35%2C52.3&longitude=-7.8%2C-9.05%2C-9.7%2C-7.7%2C-6.3%2C-6.5&hourly=wind_speed_100m%2Cwind_direction_100m%2Cwind_gusts_10m%2Ctemperature_2m%2Cpressure_msl%2Ccloud_cover%2Cshortwave_radiation&models=ecmwf_ifs&timezone=GMT&wind_speed_unit=ms&cell_selection=land&run=2026-01-13T12%3A00&forecast_hours=14,weather/open_meteo/single_runs/2026/01/ecmwf_ifs_20260113T1200Z_fh14.json,"Open-Meteo/ECMWF weather data: CC BY 4.0 with attribution; this project modifies it through interpolation, weighting, and feature engineering.",regional-weather-v1,data/raw/weather/open_meteo/single_runs/2026/01/ecmwf_ifs_20260113T1200Z_fh14.json,7570,14c1e2e762bbb4ceea9d3163ac680e5ca2dcb1c491538a4f491461dc0983530f,2026-09-24T13:27:09Z,2026-01-13T12:00:00+00:00,2026-01-14T01:00:00+00:00,84,2026-01-13T18:00:00+00:00
open_meteo_ecmwf_run_20260113t1800z_fh14,Open-Meteo / ECMWF,ecmwf_ifs_single_run,2026,https://single-runs-api.open-meteo.com/v1/forecast?latitude=54.8%2C53.35%2C52.2%2C53.2%2C53.35%2C52.3&longitude=-7.8%2C-9.05%2C-9.7%2C-7.7%2C-6.3%2C-6.5&hourly=wind_speed_100m%2Cwind_direction_100m%2Cwind_gusts_10m%2Ctemperature_2m%2Cpressure_msl%2Ccloud_cover%2Cshortwave_radiation&models=ecmwf_ifs&timezone=GMT&wind_speed_unit=ms&cell_selection=land&run=2026-01-13T18%3A00&forecast_hours=14,weather/open_meteo/single_runs/2026/01/ecmwf_ifs_20260113T1800Z_fh14.json,"Open-Meteo/ECMWF weather data: CC BY 4.0 with attribution; this project modifies it through interpolation, weighting, and feature engineering.",regional-weather-v1,data/raw/weather/open_meteo/single_runs/2026/01/ecmwf_ifs_20260113T1800Z_fh14.json,7547,11ca4e794e28d7f47ae0a89d486105935725d1e9cdda3e45ae2b7f2d5a9f3d4d,2026-09-24T13:27:09Z,2026-01-13T18:00:00+00:00,2026-01-14T07:00:00+00:00,84,2026-01-14T00:00:00+00:00
open_meteo_ecmwf_run_20260114t0000z_fh14,Open-Meteo / ECMWF,ecmwf_ifs_single_run,2026,https://single-runs-api.open-meteo.com/v1/forecast?latitude=54.8%2C53.35%2C52.2%2C53.2%2C53.35%2C52.3&longitude=-7.8%2C-9.05%2C-9.7%2C-7.7%2C-6.3%2C-6.5&hourly=wind_speed_100m%2Cwind_direction_100m%2Cwind_gusts_10m%2Ctemperature_2m%2Cpressure_msl%2Ccloud_cover%2Cshortwave_radiation&models=ecmwf_ifs&timezone=GMT&wind_speed_unit=ms&cell_selection=land&run=2026-01-14T00%3A00&forecast_hours=14,weather/open_meteo/single_runs/2026/01/ecmwf_ifs_20260114T0000Z_fh14.json,"Open-Meteo/ECMWF weather data: CC BY 4.0 with attribution; this project modifies it through interpolation, weighting, and feature engineering.",regional-weather-v1,data/raw/weather/open_meteo/single_runs/2026/01/ecmwf_ifs_20260114T0000Z_fh14.json,7666,cf70093c80d55a9aac2d3d0ff8815d822cbfd32ba47ad4dfbf04a5698220af09,2026-09-24T13:27:09Z,2026-01-14T00:00:00+00:00,2026-01-14T13:00:00+00:00,84,2026-01-14T06:00:00+00:00
open_meteo_ecmwf_run_20260114t0600z_fh14,Open-Meteo / ECMWF,ecmwf_ifs_single_run,2026,https://single-runs-api.open-meteo.com/v1/forecast?latitude=54.8%2C53.35%2C52.2%2C53.2%2C53.35%2C52.3&longitude=-7.8%2C-9.05%2C-9.7%2C-7.7%2C-6.3%2C-6.5&hourly=wind_speed_100m%2Cwind_direction_100m%2Cwind_gusts_10m%2Ctemperature_2m%2Cpressure_msl%2Ccloud_cover%2Cshortwave_radiation&models=ecmwf_ifs&timezone=GMT&wind_speed_unit=ms&cell_selection=land&run=2026-01-14T06%3A00&forecast_hours=14,weather/open_meteo/single_runs/2026/01/ecmwf_ifs_20260114T0600Z_fh14.json,"Open-Meteo/ECMWF weather data: CC BY 4.0 with attribution; this project modifies it through interpolation, weighting, and feature engineering.",regional-weather-v1,data/raw/weather/open_meteo/single_runs/2026/01/ecmwf_ifs_20260114T0600Z_fh14.json,7748,d79fe0c12405dfc9281b10cf08bd3471b8ea6a3d1706c0c5b37798ce9d6eff4b,2026-09-24T13:27:10Z,2026-01-14T06:00:00+00:00,2026-01-14T19:00:00+00:00,84,2026-01-14T12:00:00+00:00
open_meteo_ecmwf_run_20260114t1200z_fh14,Open-Meteo / ECMWF,ecmwf_ifs_single_run,2026,https://single-runs-api.open-meteo.com/v1/forecast?latitude=54.8%2C53.35%2C52.2%2C53.2%2C53.35%2C52.3&longitude=-7.8%2C-9.05%2C-9.7%2C-7.7%2C-6.3%2C-6.5&hourly=wind_speed_100m%2Cwind_direction_100m%2Cwind_gusts_10m%2Ctemperature_2m%2Cpressure_msl%2Ccloud_cover%2Cshortwave_radiation&models=ecmwf_ifs&timezone=GMT&wind_speed_unit=ms&cell_selection=land&run=2026-01-14T12%3A00&forecast_hours=14,weather/open_meteo/single_runs/2026/01/ecmwf_ifs_20260114T1200Z_fh14.json,"Open-Meteo/ECMWF weather data: CC BY 4.0 with attribution; this project modifies it through interpolation, weighting, and feature engineering.",regional-weather-v1,data/raw/weather/open_meteo/single_runs/2026/01/ecmwf_ifs_20260114T1200Z_fh14.json,7664,8a810c8788d75421b56c0620dbcc0ccfc17cff829687be2f62e9b43ac7e96064,2026-09-24T13:27:10Z,2026-01-14T12:00:00+00:00,2026-01-15T01:00:00+00:00,84,2026-01-14T18:00:00+00:00
open_meteo_ecmwf_run_20260114t1800z_fh14,Open-Meteo / ECMWF,ecmwf_ifs_single_run,2026,https://single-runs-api.open-meteo.com/v1/forecast?latitude=54.8%2C53.35%2C52.2%2C53.2%2C53.35%2C52.3&longitude=-7.8%2C-9.05%2C-9.7%2C-7.7%2C-6.3%2C-6.5&hourly=wind_speed_100m%2Cwind_direction_100m%2Cwind_gusts_10m%2Ctemperature_2m%2Cpressure_msl%2Ccloud_cover%2Cshortwave_radiation&models=ecmwf_ifs&timezone=GMT&wind_speed_unit=ms&cell_selection=land&run=2026-01-14T18%3A00&forecast_hours=14,weather/open_meteo/single_runs/2026/01/ecmwf_ifs_20260114T1800Z_fh14.json,"Open-Meteo/ECMWF weather data: CC BY 4.0 with attribution; this project modifies it through interpolation, weighting, and feature engineering.",regional-weather-v1,data/raw/weather/open_meteo/single_runs/2026/01/ecmwf_ifs_20260114T1800Z_fh14.json,7561,1204db412e76a800f9312dae5fde2f084e174e2adae4c0eb9a4f0249aef4c956,2026-09-24T13:27:10Z,2026-01-14T18:00:00+00:00,2026-01-15T07:00:00+00:00,84,2026-01-15T00:00:00+00:00
open_meteo_ecmwf_run_20260115t0000z_fh14,Open-Meteo / ECMWF,ecmwf_ifs_single_run,2026,https://single-runs-api.open-meteo.com/v1/forecast?latitude=54.8%2C53.35%2C52.2%2C53.2%2C53.35%2C52.3&longitude=-7.8%2C-9.05%2C-9.7%2C-7.7%2C-6.3%2C-6.5&hourly=wind_speed_100m%2Cwind_direction_100m%2Cwind_gusts_10m%2Ctemperature_2m%2Cpressure_msl%2Ccloud_cover%2Cshortwave_radiation&models=ecmwf_ifs&timezone=GMT&wind_speed_unit=ms&cell_selection=land&run=2026-01-15T00%3A00&forecast_hours=14,weather/open_meteo/single_runs/2026/01/ecmwf_ifs_20260115T0000Z_fh14.json,"Open-Meteo/ECMWF weather data: CC BY 4.0 with attribution; this project modifies it through interpolation, weighting, and feature engineering.",regional-weather-v1,data/raw/weather/open_meteo/single_runs/2026/01/ecmwf_ifs_20260115T0000Z_fh14.json,7537,dda9516d107247872a2bbaeaaf9cc6d7dbfe6eabbd4a8c54646bd05cdab6bcb8,2026-09-24T13:27:10Z,2026-01-15T00:00:00+00:00,2026-01-15T13:00:00+00:00,84,2026-01-15T06:00:00+00:00
open_meteo_ecmwf_run_20260115t0600z_fh14,Open-Meteo / ECMWF,ecmwf_ifs_single_run,2026,https://single-runs-api.open-meteo.com/v1/forecast?latitude=54.8%2C53.35%2C52.2%2C53.2%2C53.35%2C52.3&longitude=-7.8%2C-9.05%2C-9.7%2C-7.7%2C-6.3%2C-6.5&hourly=wind_speed_100m%2Cwind_direction_100m%2Cwind_gusts_10m%2Ctemperature_2m%2Cpressure_msl%2Ccloud_cover%2Cshortwave_radiation&models=ecmwf_ifs&timezone=GMT&wind_speed_unit=ms&cell_selection=land&run=2026-01-15T06%3A00&forecast_hours=14,weather/open_meteo/single_runs/2026/01/ecmwf_ifs_20260115T0600Z_fh14.json,"Open-Meteo/ECMWF weather data: CC BY 4.0 with attribution; this project modifies it through interpolation, weighting, and feature engineering.",regional-weather-v1,data/raw/weather/open_meteo/single_runs/2026/01/ecmwf_ifs_20260115T0600Z_fh14.json,7530,271d0adfe6e0984096a1b0d9b2fbb14ef41dd5b478963d620b1cd262924ef51e,2026-09-24T13:27:10Z,2026-01-15T06:00:00+00:00,2026-01-15T19:00:00+00:00,84,2026-01-15T12:00:00+00:00
open_meteo_ecmwf_run_20260115t1200z_fh14,Open-Meteo / ECMWF,ecmwf_ifs_single_run,2026,https://single-runs-api.open-meteo.com/v1/forecast?latitude=54.8%2C53.35%2C52.2%2C53.2%2C53.35%2C52.3&longitude=-7.8%2C-9.05%2C-9.7%2C-7.7%2C-6.3%2C-6.5&hourly=wind_speed_100m%2Cwind_direction_100m%2Cwind_gusts_10m%2Ctemperature_2m%2Cpressure_msl%2Ccloud_cover%2Cshortwave_radiation&models=ecmwf_ifs&timezone=GMT&wind_speed_unit=ms&cell_selection=land&run=2026-01-15T12%3A00&forecast_hours=14,weather/open_meteo/single_runs/2026/01/ecmwf_ifs_20260115T1200Z_fh14.json,"Open-Meteo/ECMWF weather data: CC BY 4.0 with attribution; this project modifies it through interpolation, weighting, and feature engineering.",regional-weather-v1,data/raw/weather/open_meteo/single_runs/2026/01/ecmwf_ifs_20260115T1200Z_fh14.json,7517,521db7d598b53a0fbc2b2233df9b4d28546f57d9aed9cb6616df5ce8dced84da,2026-09-24T13:27:10Z,2026-01-15T12:00:00+00:00,2026-01-16T01:00:00+00:00,84,2026-01-15T18:00:00+00:00
open_meteo_ecmwf_run_20260115t1800z_fh14,Open-Meteo / ECMWF,ecmwf_ifs_single_run,2026,https://single-runs-api.open-meteo.com/v1/forecast?latitude=54.8%2C53.35%2C52.2%2C53.2%2C53.35%2C52.3&longitude=-7.8%2C-9.05%2C-9.7%2C-7.7%2C-6.3%2C-6.5&hourly=wind_speed_100m%2Cwind_direction_100m%2Cwind_gusts_10m%2Ctemperature_2m%2Cpressure_msl%2Ccloud_cover%2Cshortwave_radiation&models=ecmwf_ifs&timezone=GMT&wind_speed_unit=ms&cell_selection=land&run=2026-01-15T18%3A00&forecast_hours=14,weather/open_meteo/single_runs/2026/01/ecmwf_ifs_20260115T1800Z_fh14.json,"Open-Meteo/ECMWF weather data: CC BY 4.0 with attribution; this project modifies it through interpolation, weighting, and feature engineering.",regional-weather-v1,data/raw/weather/open_meteo/single_runs/2026/01/ecmwf_ifs_20260115T1800Z_fh14.json,7496,309b4ffeb494b398a6453f2ea988df1f0cda9705e365e482a1baf21e0d1afdda,2026-09-24T13:27:11Z,2026-01-15T18:00:00+00:00,2026-01-16T07:00:00+00:00,84,2026-01-16T00:00:00+00:00
open_meteo_ecmwf_run_20260116t0000z_fh14,Open-Meteo / ECMWF,ecmwf_ifs_single_run,2026,https://single-runs-api.open-meteo.com/v1/forecast?latitude=54.8%2C53.35%2C52.2%2C53.2%2C53.35%2C52.3&longitude=-7.8%2C-9.05%2C-9.7%2C-7.7%2C-6.3%2C-6.5&hourly=wind_speed_100m%2Cwind_direction_100m%2Cwind_gusts_10m%2Ctemperature_2m%2Cpressure_msl%2Ccloud_cover%2Cshortwave_radiation&models=ecmwf_ifs&timezone=GMT&wind_speed_unit=ms&cell_selection=land&run=2026-01-16T00%3A00&forecast_hours=14,weather/open_meteo/single_runs/2026/01/ecmwf_ifs_20260116T0000Z_fh14.json,"Open-Meteo/ECMWF weather data: CC BY 4.0 with attribution; this project modifies it through interpolation, weighting, and feature engineering.",regional-weather-v1,data/raw/weather/open_meteo/single_runs/2026/01/ecmwf_ifs_20260116T0000Z_fh14.json,7558,7f3ba3ce9fbbb8cd8e2ddb7660d559ae3177b4b500531c7720bf0c33256de5cb,2026-09-24T13:27:11Z,2026-01-16T00:00:00+00:00,2026-01-16T13:00:00+00:00,84,2026-01-16T06:00:00+00:00
open_meteo_ecmwf_run_20260116t0600z_fh14,Open-Meteo / ECMWF,ecmwf_ifs_single_run,2026,https://single-runs-api.open-meteo.com/v1/forecast?latitude=54.8%2C53.35%2C52.2%2C53.2%2C53.35%2C52.3&longitude=-7.8%2C-9.05%2C-9.7%2C-7.7%2C-6.3%2C-6.5&hourly=wind_speed_100m%2Cwind_direction_100m%2Cwind_gusts_10m%2Ctemperature_2m%2Cpressure_msl%2Ccloud_cover%2Cshortwave_radiation&models=ecmwf_ifs&timezone=GMT&wind_speed_unit=ms&cell_selection=land&run=2026-01-16T06%3A00&forecast_hours=14,weather/open_meteo/single_runs/2026/01/ecmwf_ifs_20260116T0600Z_fh14.json,"Open-Meteo/ECMWF weather data: CC BY 4.0 with attribution; this project modifies it through interpolation, weighting, and feature engineering.",regional-weather-v1,data/raw/weather/open_meteo/single_runs/2026/01/ecmwf_ifs_20260116T0600Z_fh14.json,7609,50c17604ca87e9cd0536d0d209687b5d6f0373368c4c58f99a6c8ee6785ae82b,2026-09-24T13:27:11Z,2026-01-16T06:00:00+00:00,2026-01-16T19:00:00+00:00,84,2026-01-16T12:00:00+00:00
open_meteo_ecmwf_run_20260116t1200z_fh14,Open-Meteo / ECMWF,ecmwf_ifs_single_run,2026,https://single-runs-api.open-meteo.com/v1/forecast?latitude=54.8%2C53.35%2C52.2%2C53.2%2C53.35%2C52.3&longitude=-7.8%2C-9.05%2C-9.7%2C-7.7%2C-6.3%2C-6.5&hourly=wind_speed_100m%2Cwind_direction_100m%2Cwind_gusts_10m%2Ctemperature_2m%2Cpressure_msl%2Ccloud_cover%2Cshortwave_radiation&models=ecmwf_ifs&timezone=GMT&wind_speed_unit=ms&cell_selection=land&run=2026-01-16T12%3A00&forecast_hours=14,weather/open_meteo/single_runs/2026/01/ecmwf_ifs_20260116T1200Z_fh14.json,"Open-Meteo/ECMWF weather data: CC BY 4.0 with attribution; this project modifies it through interpolation, weighting, and feature engineering.",regional-weather-v1,data/raw/weather/open_meteo/single_runs/2026/01/ecmwf_ifs_20260116T1200Z_fh14.json,7581,50772b286bb822fa72af8e824758f73920dbc920e6a42f580f23f8f1b28079a4,2026-09-24T13:27:11Z,2026-01-16T12:00:00+00:00,2026-01-17T01:00:00+00:00,84,2026-01-16T18:00:00+00:00
open_meteo_ecmwf_run_20260116t1800z_fh14,Open-Meteo / ECMWF,ecmwf_ifs_single_run,2026,https://single-runs-api.open-meteo.com/v1/forecast?latitude=54.8%2C53.35%2C52.2%2C53.2%2C53.35%2C52.3&longitude=-7.8%2C-9.05%2C-9.7%2C-7.7%2C-6.3%2C-6.5&hourly=wind_speed_100m%2Cwind_direction_100m%2Cwind_gusts_10m%2Ctemperature_2m%2Cpressure_msl%2Ccloud_cover%2Cshortwave_radiation&models=ecmwf_ifs&timezone=GMT&wind_speed_unit=ms&cell_selection=land&run=2026-01-16T18%3A00&forecast_hours=14,weather/open_meteo/single_runs/2026/01/ecmwf_ifs_20260116T1800Z_fh14.json,"Open-Meteo/ECMWF weather data: CC BY 4.0 with attribution; this project modifies it through interpolation, weighting, and feature engineering.",regional-weather-v1,data/raw/weather/open_meteo/single_runs/2026/01/ecmwf_ifs_20260116T1800Z_fh14.json,7573,f6fb629ef82ffc4135b4ca1bc2bea75df327af376cbe37fe62c7f1243414e1bf,2026-09-24T13:27:11Z,2026-01-16T18:00:00+00:00,2026-01-17T07:00:00+00:00,84,2026-01-17T00:00:00+00:00
open_meteo_ecmwf_run_20260117t0000z_fh14,Open-Meteo / ECMWF,ecmwf_ifs_single_run,2026,https://single-runs-api.open-meteo.com/v1/forecast?latitude=54.8%2C53.35%2C52.2%2C53.2%2C53.35%2C52.3&longitude=-7.8%2C-9.05%2C-9.7%2C-7.7%2C-6.3%2C-6.5&hourly=wind_speed_100m%2Cwind_direction_100m%2Cwind_gusts_10m%2Ctemperature_2m%2Cpressure_msl%2Ccloud_cover%2Cshortwave_radiation&models=ecmwf_ifs&timezone=GMT&wind_speed_unit=ms&cell_selection=land&run=2026-01-17T00%3A00&forecast_hours=14,weather/open_meteo/single_runs/2026/01/ecmwf_ifs_20260117T0000Z_fh14.json,"Open-Meteo/ECMWF weather data: CC BY 4.0 with attribution; this project modifies it through interpolation, weighting, and feature engineering.",regional-weather-v1,data/raw/weather/open_meteo/single_runs/2026/01/ecmwf_ifs_20260117T0000Z_fh14.json,7613,87d995001a8010f2a81a8d50a29830ea24ef700b4ca003d207778fec8652ea10,2026-09-24T13:27:11Z,2026-01-17T00:00:00+00:00,2026-01-17T13:00:00+00:00,84,2026-01-17T06:00:00+00:00
open_meteo_ecmwf_run_20260117t0600z_fh14,Open-Meteo / ECMWF,ecmwf_ifs_single_run,2026,https://single-runs-api.open-meteo.com/v1/forecast?latitude=54.8%2C53.35%2C52.2%2C53.2%2C53.35%2C52.3&longitude=-7.8%2C-9.05%2C-9.7%2C-7.7%2C-6.3%2C-6.5&hourly=wind_speed_100m%2Cwind_direction_100m%2Cwind_gusts_10m%2Ctemperature_2m%2Cpressure_msl%2Ccloud_cover%2Cshortwave_radiation&models=ecmwf_ifs&timezone=GMT&wind_speed_unit=ms&cell_selection=land&run=2026-01-17T06%3A00&forecast_hours=14,weather/open_meteo/single_runs/2026/01/ecmwf_ifs_20260117T0600Z_fh14.json,"Open-Meteo/ECMWF weather data: CC BY 4.0 with attribution; this project modifies it through interpolation, weighting, and feature engineering.",regional-weather-v1,data/raw/weather/open_meteo/single_runs/2026/01/ecmwf_ifs_20260117T0600Z_fh14.json,7622,97272df2ed32a235c3019d199dbb2a7171b5076ac14833e5ed6be7ded33aa481,2026-09-24T13:27:12Z,2026-01-17T06:00:00+00:00,2026-01-17T19:00:00+00:00,84,2026-01-17T12:00:00+00:00
open_meteo_ecmwf_run_20260117t1200z_fh14,Open-Meteo / ECMWF,ecmwf_ifs_single_run,2026,https://single-runs-api.open-meteo.com/v1/forecast?latitude=54.8%2C53.35%2C52.2%2C53.2%2C53.35%2C52.3&longitude=-7.8%2C-9.05%2C-9.7%2C-7.7%2C-6.3%2C-6.5&hourly=wind_speed_100m%2Cwind_direction_100m%2Cwind_gusts_10m%2Ctemperature_2m%2Cpressure_msl%2Ccloud_cover%2Cshortwave_radiation&models=ecmwf_ifs&timezone=GMT&wind_speed_unit=ms&cell_selection=land&run=2026-01-17T12%3A00&forecast_hours=14,weather/open_meteo/single_runs/2026/01/ecmwf_ifs_20260117T1200Z_fh14.json,"Open-Meteo/ECMWF weather data: CC BY 4.0 with attribution; this project modifies it through interpolation, weighting, and feature engineering.",regional-weather-v1,data/raw/weather/open_meteo/single_runs/2026/01/ecmwf_ifs_20260117T1200Z_fh14.json,7599,bba6d47546d1b3c4b07da3a0f807b701929c63e8a085c21ff113e92c96d609ef,2026-09-24T13:27:13Z,2026-01-17T12:00:00+00:00,2026-01-18T01:00:00+00:00,84,2026-01-17T18:00:00+00:00
open_meteo_ecmwf_run_20260117t1800z_fh14,Open-Meteo / ECMWF,ecmwf_ifs_single_run,2026,https://single-runs-api.open-meteo.com/v1/forecast?latitude=54.8%2C53.35%2C52.2%2C53.2%2C53.35%2C52.3&longitude=-7.8%2C-9.05%2C-9.7%2C-7.7%2C-6.3%2C-6.5&hourly=wind_speed_100m%2Cwind_direction_100m%2Cwind_gusts_10m%2Ctemperature_2m%2Cpressure_msl%2Ccloud_cover%2Cshortwave_radiation&models=ecmwf_ifs&timezone=GMT&wind_speed_unit=ms&cell_selection=land&run=2026-01-17T18%3A00&forecast_hours=14,weather/open_meteo/single_runs/2026/01/ecmwf_ifs_20260117T1800Z_fh14.json,"Open-Meteo/ECMWF weather data: CC BY 4.0 with attribution; this project modifies it through interpolation, weighting, and feature engineering.",regional-weather-v1,data/raw/weather/open_meteo/single_runs/2026/01/ecmwf_ifs_20260117T1800Z_fh14.json,7578,61f03e8c4839f6e25db80349742746036c3efc682c25f03bf2b7283ebba3fddc,2026-09-24T13:27:13Z,2026-01-17T18:00:00+00:00,2026-01-18T07:00:00+00:00,84,2026-01-18T00:00:00+00:00
open_meteo_ecmwf_run_20260118t0000z_fh14,Open-Meteo / ECMWF,ecmwf_ifs_single_run,2026,https://single-runs-api.open-meteo.com/v1/forecast?latitude=54.8%2C53.35%2C52.2%2C53.2%2C53.35%2C52.3&longitude=-7.8%2C-9.05%2C-9.7%2C-7.7%2C-6.3%2C-6.5&hourly=wind_speed_100m%2Cwind_direction_100m%2Cwind_gusts_10m%2Ctemperature_2m%2Cpressure_msl%2Ccloud_cover%2Cshortwave_radiation&models=ecmwf_ifs&timezone=GMT&wind_speed_unit=ms&cell_selection=land&run=2026-01-18T00%3A00&forecast_hours=14,weather/open_meteo/single_runs/2026/01/ecmwf_ifs_20260118T0000Z_fh14.json,"Open-Meteo/ECMWF weather data: CC BY 4.0 with attribution; this project modifies it through interpolation, weighting, and feature engineering.",regional-weather-v1,data/raw/weather/open_meteo/single_runs/2026/01/ecmwf_ifs_20260118T0000Z_fh14.json,7644,f3026061ada4f6479bae3663d1417f1e51ca232269abb2d2ea16808f7548c690,2026-09-24T13:27:13Z,2026-01-18T00:00:00+00:00,2026-01-18T13:00:00+00:00,84,2026-01-18T06:00:00+00:00
open_meteo_ecmwf_run_20260118t0600z_fh14,Open-Meteo / ECMWF,ecmwf_ifs_single_run,2026,https://single-runs-api.open-meteo.com/v1/forecast?latitude=54.8%2C53.35%2C52.2%2C53.2%2C53.35%2C52.3&longitude=-7.8%2C-9.05%2C-9.7%2C-7.7%2C-6.3%2C-6.5&hourly=wind_speed_100m%2Cwind_direction_100m%2Cwind_gusts_10m%2Ctemperature_2m%2Cpressure_msl%2Ccloud_cover%2Cshortwave_radiation&models=ecmwf_ifs&timezone=GMT&wind_speed_unit=ms&cell_selection=land&run=2026-01-18T06%3A00&forecast_hours=14,weather/open_meteo/single_runs/2026/01/ecmwf_ifs_20260118T0600Z_fh14.json,"Open-Meteo/ECMWF weather data: CC BY 4.0 with attribution; this project modifies it through interpolation, weighting, and feature engineering.",regional-weather-v1,data/raw/weather/open_meteo/single_runs/2026/01/ecmwf_ifs_20260118T0600Z_fh14.json,7688,b3863b871f288ceba1924a3ff954a9d55a355b6404559b834d883e3e5a64eeff,2026-09-24T13:27:13Z,2026-01-18T06:00:00+00:00,2026-01-18T19:00:00+00:00,84,2026-01-18T12:00:00+00:00
open_meteo_ecmwf_run_20260118t1200z_fh14,Open-Meteo / ECMWF,ecmwf_ifs_single_run,2026,https://single-runs-api.open-meteo.com/v1/forecast?latitude=54.8%2C53.35%2C52.2%2C53.2%2C53.35%2C52.3&longitude=-7.8%2C-9.05%2C-9.7%2C-7.7%2C-6.3%2C-6.5&hourly=wind_speed_100m%2Cwind_direction_100m%2Cwind_gusts_10m%2Ctemperature_2m%2Cpressure_msl%2Ccloud_cover%2Cshortwave_radiation&models=ecmwf_ifs&timezone=GMT&wind_speed_unit=ms&cell_selection=land&run=2026-01-18T12%3A00&forecast_hours=14,weather/open_meteo/single_runs/2026/01/ecmwf_ifs_20260118T1200Z_fh14.json,"Open-Meteo/ECMWF weather data: CC BY 4.0 with attribution; this project modifies it through interpolation, weighting, and feature engineering.",regional-weather-v1,data/raw/weather/open_meteo/single_runs/2026/01/ecmwf_ifs_20260118T1200Z_fh14.json,7684,9e2b97412fd39d090a01e1b119b3b685affead374a551fe20ce8868a29a78487,2026-09-24T13:27:14Z,2026-01-18T12:00:00+00:00,2026-01-19T01:00:00+00:00,84,2026-01-18T18:00:00+00:00
open_meteo_ecmwf_run_20260118t1800z_fh14,Open-Meteo / ECMWF,ecmwf_ifs_single_run,2026,https://single-runs-api.open-meteo.com/v1/forecast?latitude=54.8%2C53.35%2C52.2%2C53.2%2C53.35%2C52.3&longitude=-7.8%2C-9.05%2C-9.7%2C-7.7%2C-6.3%2C-6.5&hourly=wind_speed_100m%2Cwind_direction_100m%2Cwind_gusts_10m%2Ctemperature_2m%2Cpressure_msl%2Ccloud_cover%2Cshortwave_radiation&models=ecmwf_ifs&timezone=GMT&wind_speed_unit=ms&cell_selection=land&run=2026-01-18T18%3A00&forecast_hours=14,weather/open_meteo/single_runs/2026/01/ecmwf_ifs_20260118T1800Z_fh14.json,"Open-Meteo/ECMWF weather data: CC BY 4.0 with attribution; this project modifies it through interpolation, weighting, and feature engineering.",regional-weather-v1,data/raw/weather/open_meteo/single_runs/2026/01/ecmwf_ifs_20260118T1800Z_fh14.json,7664,dba77b578757f6b0079d0a799ad7a0fc0e123038335364b270a370b4439acaa5,2026-09-24T13:27:14Z,2026-01-18T18:00:00+00:00,2026-01-19T07:00:00+00:00,84,2026-01-19T00:00:00+00:00
open_meteo_ecmwf_run_20260119t0000z_fh14,Open-Meteo / ECMWF,ecmwf_ifs_single_run,2026,https://single-runs-api.open-meteo.com/v1/forecast?latitude=54.8%2C53.35%2C52.2%2C53.2%2C53.35%2C52.3&longitude=-7.8%2C-9.05%2C-9.7%2C-7.7%2C-6.3%2C-6.5&hourly=wind_speed_100m%2Cwind_direction_100m%2Cwind_gusts_10m%2Ctemperature_2m%2Cpressure_msl%2Ccloud_cover%2Cshortwave_radiation&models=ecmwf_ifs&timezone=GMT&wind_speed_unit=ms&cell_selection=land&run=2026-01-19T00%3A00&forecast_hours=14,weather/open_meteo/single_runs/2026/01/ecmwf_ifs_20260119T0000Z_fh14.json,"Open-Meteo/ECMWF weather data: CC BY 4.0 with attribution; this project modifies it through interpolation, weighting, and feature engineering.",regional-weather-v1,data/raw/weather/open_meteo/single_runs/2026/01/ecmwf_ifs_20260119T0000Z_fh14.json,7686,ad5c6004d9a9e32388e9dc1420772aa32369ed35c20fa16719e12daed954a478,2026-09-24T13:27:14Z,2026-01-19T00:00:00+00:00,2026-01-19T13:00:00+00:00,84,2026-01-19T06:00:00+00:00
open_meteo_ecmwf_run_20260119t0600z_fh14,Open-Meteo / ECMWF,ecmwf_ifs_single_run,2026,https://single-runs-api.open-meteo.com/v1/forecast?latitude=54.8%2C53.35%2C52.2%2C53.2%2C53.35%2C52.3&longitude=-7.8%2C-9.05%2C-9.7%2C-7.7%2C-6.3%2C-6.5&hourly=wind_speed_100m%2Cwind_direction_100m%2Cwind_gusts_10m%2Ctemperature_2m%2Cpressure_msl%2Ccloud_cover%2Cshortwave_radiation&models=ecmwf_ifs&timezone=GMT&wind_speed_unit=ms&cell_selection=land&run=2026-01-19T06%3A00&forecast_hours=14,weather/open_meteo/single_runs/2026/01/ecmwf_ifs_20260119T0600Z_fh14.json,"Open-Meteo/ECMWF weather data: CC BY 4.0 with attribution; this project modifies it through interpolation, weighting, and feature engineering.",regional-weather-v1,data/raw/weather/open_meteo/single_runs/2026/01/ecmwf_ifs_20260119T0600Z_fh14.json,7672,4b08751e261112861583e960e03959382f1959be5d9bcdff930d2310335f542d,2026-09-24T13:27:14Z,2026-01-19T06:00:00+00:00,2026-01-19T19:00:00+00:00,84,2026-01-19T12:00:00+00:00
open_meteo_ecmwf_run_20260119t1200z_fh14,Open-Meteo / ECMWF,ecmwf_ifs_single_run,2026,https://single-runs-api.open-meteo.com/v1/forecast?latitude=54.8%2C53.35%2C52.2%2C53.2%2C53.35%2C52.3&longitude=-7.8%2C-9.05%2C-9.7%2C-7.7%2C-6.3%2C-6.5&hourly=wind_speed_100m%2Cwind_direction_100m%2Cwind_gusts_10m%2Ctemperature_2m%2Cpressure_msl%2Ccloud_cover%2Cshortwave_radiation&models=ecmwf_ifs&timezone=GMT&wind_speed_unit=ms&cell_selection=land&run=2026-01-19T12%3A00&forecast_hours=14,weather/open_meteo/single_runs/2026/01/ecmwf_ifs_20260119T1200Z_fh14.json,"Open-Meteo/ECMWF weather data: CC BY 4.0 with attribution; this project modifies it through interpolation, weighting, and feature engineering.",regional-weather-v1,data/raw/weather/open_meteo/single_runs/2026/01/ecmwf_ifs_20260119T1200Z_fh14.json,7615,b51ec90eebc887eac2e429a630b93a3b477f808f4b228c6c4ce3a45005874d3f,2026-09-24T13:27:14Z,2026-01-19T12:00:00+00:00,2026-01-20T01:00:00+00:00,84,2026-01-19T18:00:00+00:00
open_meteo_ecmwf_run_20260119t1800z_fh14,Open-Meteo / ECMWF,ecmwf_ifs_single_run,2026,https://single-runs-api.open-meteo.com/v1/forecast?latitude=54.8%2C53.35%2C52.2%2C53.2%2C53.35%2C52.3&longitude=-7.8%2C-9.05%2C-9.7%2C-7.7%2C-6.3%2C-6.5&hourly=wind_speed_100m%2Cwind_direction_100m%2Cwind_gusts_10m%2Ctemperature_2m%2Cpressure_msl%2Ccloud_cover%2Cshortwave_radiation&models=ecmwf_ifs&timezone=GMT&wind_speed_unit=ms&cell_selection=land&run=2026-01-19T18%3A00&forecast_hours=14,weather/open_meteo/single_runs/2026/01/ecmwf_ifs_20260119T1800Z_fh14.json,"Open-Meteo/ECMWF weather data: CC BY 4.0 with attribution; this project modifies it through interpolation, weighting, and feature engineering.",regional-weather-v1,data/raw/weather/open_meteo/single_runs/2026/01/ecmwf_ifs_20260119T1800Z_fh14.json,7636,44185072a25cf21c57f6e9858ac278d0dc91cafd4ac5344667c872980ee38603,2026-09-24T13:27:14Z,2026-01-19T18:00:00+00:00,2026-01-20T07:00:00+00:00,84,2026-01-20T00:00:00+00:00
open_meteo_ecmwf_run_20260120t0000z_fh14,Open-Meteo / ECMWF,ecmwf_ifs_single_run,2026,https://single-runs-api.open-meteo.com/v1/forecast?latitude=54.8%2C53.35%2C52.2%2C53.2%2C53.35%2C52.3&longitude=-7.8%2C-9.05%2C-9.7%2C-7.7%2C-6.3%2C-6.5&hourly=wind_speed_100m%2Cwind_direction_100m%2Cwind_gusts_10m%2Ctemperature_2m%2Cpressure_msl%2Ccloud_cover%2Cshortwave_radiation&models=ecmwf_ifs&timezone=GMT&wind_speed_unit=ms&cell_selection=land&run=2026-01-20T00%3A00&forecast_hours=14,weather/open_meteo/single_runs/2026/01/ecmwf_ifs_20260120T0000Z_fh14.json,"Open-Meteo/ECMWF weather data: CC BY 4.0 with attribution; this project modifies it through interpolation, weighting, and feature engineering.",regional-weather-v1,data/raw/weather/open_meteo/single_runs/2026/01/ecmwf_ifs_20260120T0000Z_fh14.json,7690,a946fd15fc3a1b38f2c8d4852fc44697a67dbe4d25231f0ce77884cf0ea33d31,2026-09-24T13:27:15Z,2026-01-20T00:00:00+00:00,2026-01-20T13:00:00+00:00,84,2026-01-20T06:00:00+00:00
open_meteo_ecmwf_run_20260120t0600z_fh14,Open-Meteo / ECMWF,ecmwf_ifs_single_run,2026,https://single-runs-api.open-meteo.com/v1/forecast?latitude=54.8%2C53.35%2C52.2%2C53.2%2C53.35%2C52.3&longitude=-7.8%2C-9.05%2C-9.7%2C-7.7%2C-6.3%2C-6.5&hourly=wind_speed_100m%2Cwind_direction_100m%2Cwind_gusts_10m%2Ctemperature_2m%2Cpressure_msl%2Ccloud_cover%2Cshortwave_radiation&models=ecmwf_ifs&timezone=GMT&wind_speed_unit=ms&cell_selection=land&run=2026-01-20T06%3A00&forecast_hours=14,weather/open_meteo/single_runs/2026/01/ecmwf_ifs_20260120T0600Z_fh14.json,"Open-Meteo/ECMWF weather data: CC BY 4.0 with attribution; this project modifies it through interpolation, weighting, and feature engineering.",regional-weather-v1,data/raw/weather/open_meteo/single_runs/2026/01/ecmwf_ifs_20260120T0600Z_fh14.json,7707,070dd3fe9bf89dc38909661e5660758923a8d97935b01ed00467a679f6aa3f04,2026-09-24T13:27:15Z,2026-01-20T06:00:00+00:00,2026-01-20T19:00:00+00:00,84,2026-01-20T12:00:00+00:00
open_meteo_ecmwf_run_20260120t1200z_fh14,Open-Meteo / ECMWF,ecmwf_ifs_single_run,2026,https://single-runs-api.open-meteo.com/v1/forecast?latitude=54.8%2C53.35%2C52.2%2C53.2%2C53.35%2C52.3&longitude=-7.8%2C-9.05%2C-9.7%2C-7.7%2C-6.3%2C-6.5&hourly=wind_speed_100m%2Cwind_direction_100m%2Cwind_gusts_10m%2Ctemperature_2m%2Cpressure_msl%2Ccloud_cover%2Cshortwave_radiation&models=ecmwf_ifs&timezone=GMT&wind_speed_unit=ms&cell_selection=land&run=2026-01-20T12%3A00&forecast_hours=14,weather/open_meteo/single_runs/2026/01/ecmwf_ifs_20260120T1200Z_fh14.json,"Open-Meteo/ECMWF weather data: CC BY 4.0 with attribution; this project modifies it through interpolation, weighting, and feature engineering.",regional-weather-v1,data/raw/weather/open_meteo/single_runs/2026/01/ecmwf_ifs_20260120T1200Z_fh14.json,7668,7a2c34d6b15cea131f44f968c76a50b7eaf96b0d233066ac5520a6150be5f89c,2026-09-24T13:27:15Z,2026-01-20T12:00:00+00:00,2026-01-21T01:00:00+00:00,84,2026-01-20T18:00:00+00:00
open_meteo_ecmwf_run_20260120t1800z_fh14,Open-Meteo / ECMWF,ecmwf_ifs_single_run,2026,https://single-runs-api.open-meteo.com/v1/forecast?latitude=54.8%2C53.35%2C52.2%2C53.2%2C53.35%2C52.3&longitude=-7.8%2C-9.05%2C-9.7%2C-7.7%2C-6.3%2C-6.5&hourly=wind_speed_100m%2Cwind_direction_100m%2Cwind_gusts_10m%2Ctemperature_2m%2Cpressure_msl%2Ccloud_cover%2Cshortwave_radiation&models=ecmwf_ifs&timezone=GMT&wind_speed_unit=ms&cell_selection=land&run=2026-01-20T18%3A00&forecast_hours=14,weather/open_meteo/single_runs/2026/01/ecmwf_ifs_20260120T1800Z_fh14.json,"Open-Meteo/ECMWF weather data: CC BY 4.0 with attribution; this project modifies it through interpolation, weighting, and feature engineering.",regional-weather-v1,data/raw/weather/open_meteo/single_runs/2026/01/ecmwf_ifs_20260120T1800Z_fh14.json,7569,9b60e7426774a7a0032ebf3a7400d7df65f58db25a9b6d764e37a010248c1559,2026-09-24T13:27:15Z,2026-01-20T18:00:00+00:00,2026-01-21T07:00:00+00:00,84,2026-01-21T00:00:00+00:00
open_meteo_ecmwf_run_20260121t0000z_fh14,Open-Meteo / ECMWF,ecmwf_ifs_single_run,2026,https://single-runs-api.open-meteo.com/v1/forecast?latitude=54.8%2C53.35%2C52.2%2C53.2%2C53.35%2C52.3&longitude=-7.8%2C-9.05%2C-9.7%2C-7.7%2C-6.3%2C-6.5&hourly=wind_speed_100m%2Cwind_direction_100m%2Cwind_gusts_10m%2Ctemperature_2m%2Cpressure_msl%2Ccloud_cover%2Cshortwave_radiation&models=ecmwf_ifs&timezone=GMT&wind_speed_unit=ms&cell_selection=land&run=2026-01-21T00%3A00&forecast_hours=14,weather/open_meteo/single_runs/2026/01/ecmwf_ifs_20260121T0000Z_fh14.json,"Open-Meteo/ECMWF weather data: CC BY 4.0 with attribution; this project modifies it through interpolation, weighting, and feature engineering.",regional-weather-v1,data/raw/weather/open_meteo/single_runs/2026/01/ecmwf_ifs_20260121T0000Z_fh14.json,7602,a75704a3e28cf4d9a348dcaf77860a663a2603fed425095974ed55d27b839655,2026-09-24T13:27:15Z,2026-01-21T00:00:00+00:00,2026-01-21T13:00:00+00:00,84,2026-01-21T06:00:00+00:00
open_meteo_ecmwf_run_20260121t0600z_fh14,Open-Meteo / ECMWF,ecmwf_ifs_single_run,2026,https://single-runs-api.open-meteo.com/v1/forecast?latitude=54.8%2C53.35%2C52.2%2C53.2%2C53.35%2C52.3&longitude=-7.8%2C-9.05%2C-9.7%2C-7.7%2C-6.3%2C-6.5&hourly=wind_speed_100m%2Cwind_direction_100m%2Cwind_gusts_10m%2Ctemperature_2m%2Cpressure_msl%2Ccloud_cover%2Cshortwave_radiation&models=ecmwf_ifs&timezone=GMT&wind_speed_unit=ms&cell_selection=land&run=2026-01-21T06%3A00&forecast_hours=14,weather/open_meteo/single_runs/2026/01/ecmwf_ifs_20260121T0600Z_fh14.json,"Open-Meteo/ECMWF weather data: CC BY 4.0 with attribution; this project modifies it through interpolation, weighting, and feature engineering.",regional-weather-v1,data/raw/weather/open_meteo/single_runs/2026/01/ecmwf_ifs_20260121T0600Z_fh14.json,7637,e52278cd0cacc868ce62836ef082a8decf75c112ce7411a0a5f6a1ab572914dd,2026-09-24T13:27:15Z,2026-01-21T06:00:00+00:00,2026-01-21T19:00:00+00:00,84,2026-01-21T12:00:00+00:00
open_meteo_ecmwf_run_20260121t1200z_fh14,Open-Meteo / ECMWF,ecmwf_ifs_single_run,2026,https://single-runs-api.open-meteo.com/v1/forecast?latitude=54.8%2C53.35%2C52.2%2C53.2%2C53.35%2C52.3&longitude=-7.8%2C-9.05%2C-9.7%2C-7.7%2C-6.3%2C-6.5&hourly=wind_speed_100m%2Cwind_direction_100m%2Cwind_gusts_10m%2Ctemperature_2m%2Cpressure_msl%2Ccloud_cover%2Cshortwave_radiation&models=ecmwf_ifs&timezone=GMT&wind_speed_unit=ms&cell_selection=land&run=2026-01-21T12%3A00&forecast_hours=14,weather/open_meteo/single_runs/2026/01/ecmwf_ifs_20260121T1200Z_fh14.json,"Open-Meteo/ECMWF weather data: CC BY 4.0 with attribution; this project modifies it through interpolation, weighting, and feature engineering.",regional-weather-v1,data/raw/weather/open_meteo/single_runs/2026/01/ecmwf_ifs_20260121T1200Z_fh14.json,7566,d0904236fff0f2d01cc2ea1a4f015b874ab6baa0d4d512507b0f4fe1a2135584,2026-09-24T13:27:16Z,2026-01-21T12:00:00+00:00,2026-01-22T01:00:00+00:00,84,2026-01-21T18:00:00+00:00
open_meteo_ecmwf_run_20260121t1800z_fh14,Open-Meteo / ECMWF,ecmwf_ifs_single_run,2026,https://single-runs-api.open-meteo.com/v1/forecast?latitude=54.8%2C53.35%2C52.2%2C53.2%2C53.35%2C52.3&longitude=-7.8%2C-9.05%2C-9.7%2C-7.7%2C-6.3%2C-6.5&hourly=wind_speed_100m%2Cwind_direction_100m%2Cwind_gusts_10m%2Ctemperature_2m%2Cpressure_msl%2Ccloud_cover%2Cshortwave_radiation&models=ecmwf_ifs&timezone=GMT&wind_speed_unit=ms&cell_selection=land&run=2026-01-21T18%3A00&forecast_hours=14,weather/open_meteo/single_runs/2026/01/ecmwf_ifs_20260121T1800Z_fh14.json,"Open-Meteo/ECMWF weather data: CC BY 4.0 with attribution; this project modifies it through interpolation, weighting, and feature engineering.",regional-weather-v1,data/raw/weather/open_meteo/single_runs/2026/01/ecmwf_ifs_20260121T1800Z_fh14.json,7506,6e9c36a95c8993a25fce6a6e0aa91113bbfd7f854387c390615e16b74ee6a9e5,2026-09-24T13:27:16Z,2026-01-21T18:00:00+00:00,2026-01-22T07:00:00+00:00,84,2026-01-22T00:00:00+00:00
open_meteo_ecmwf_run_20260122t0000z_fh14,Open-Meteo / ECMWF,ecmwf_ifs_single_run,2026,https://single-runs-api.open-meteo.com/v1/forecast?latitude=54.8%2C53.35%2C52.2%2C53.2%2C53.35%2C52.3&longitude=-7.8%2C-9.05%2C-9.7%2C-7.7%2C-6.3%2C-6.5&hourly=wind_speed_100m%2Cwind_direction_100m%2Cwind_gusts_10m%2Ctemperature_2m%2Cpressure_msl%2Ccloud_cover%2Cshortwave_radiation&models=ecmwf_ifs&timezone=GMT&wind_speed_unit=ms&cell_selection=land&run=2026-01-22T00%3A00&forecast_hours=14,weather/open_meteo/single_runs/2026/01/ecmwf_ifs_20260122T0000Z_fh14.json,"Open-Meteo/ECMWF weather data: CC BY 4.0 with attribution; this project modifies it through interpolation, weighting, and feature engineering.",regional-weather-v1,data/raw/weather/open_meteo/single_runs/2026/01/ecmwf_ifs_20260122T0000Z_fh14.json,7536,dd56227145106d6f573627e137c344769c5f3c37b35e278c8fe4f9406cc638e5,2026-09-24T13:27:17Z,2026-01-22T00:00:00+00:00,2026-01-22T13:00:00+00:00,84,2026-01-22T06:00:00+00:00
open_meteo_ecmwf_run_20260122t0600z_fh14,Open-Meteo / ECMWF,ecmwf_ifs_single_run,2026,https://single-runs-api.open-meteo.com/v1/forecast?latitude=54.8%2C53.35%2C52.2%2C53.2%2C53.35%2C52.3&longitude=-7.8%2C-9.05%2C-9.7%2C-7.7%2C-6.3%2C-6.5&hourly=wind_speed_100m%2Cwind_direction_100m%2Cwind_gusts_10m%2Ctemperature_2m%2Cpressure_msl%2Ccloud_cover%2Cshortwave_radiation&models=ecmwf_ifs&timezone=GMT&wind_speed_unit=ms&cell_selection=land&run=2026-01-22T06%3A00&forecast_hours=14,weather/open_meteo/single_runs/2026/01/ecmwf_ifs_20260122T0600Z_fh14.json,"Open-Meteo/ECMWF weather data: CC BY 4.0 with attribution; this project modifies it through interpolation, weighting, and feature engineering.",regional-weather-v1,data/raw/weather/open_meteo/single_runs/2026/01/ecmwf_ifs_20260122T0600Z_fh14.json,7579,b1038192ea0055907b40fb55abb906be03ba6aa20ccffff7c6514b32bab4a321,2026-09-24T13:27:17Z,2026-01-22T06:00:00+00:00,2026-01-22T19:00:00+00:00,84,2026-01-22T12:00:00+00:00
open_meteo_ecmwf_run_20260122t1200z_fh14,Open-Meteo / ECMWF,ecmwf_ifs_single_run,2026,https://single-runs-api.open-meteo.com/v1/forecast?latitude=54.8%2C53.35%2C52.2%2C53.2%2C53.35%2C52.3&longitude=-7.8%2C-9.05%2C-9.7%2C-7.7%2C-6.3%2C-6.5&hourly=wind_speed_100m%2Cwind_direction_100m%2Cwind_gusts_10m%2Ctemperature_2m%2Cpressure_msl%2Ccloud_cover%2Cshortwave_radiation&models=ecmwf_ifs&timezone=GMT&wind_speed_unit=ms&cell_selection=land&run=2026-01-22T12%3A00&forecast_hours=14,weather/open_meteo/single_runs/2026/01/ecmwf_ifs_20260122T1200Z_fh14.json,"Open-Meteo/ECMWF weather data: CC BY 4.0 with attribution; this project modifies it through interpolation, weighting, and feature engineering.",regional-weather-v1,data/raw/weather/open_meteo/single_runs/2026/01/ecmwf_ifs_20260122T1200Z_fh14.json,7537,2acfe69c158da7c42caeccf08bcf6f14f0f6d2c4ae99036a342d056901948e4a,2026-09-24T13:27:17Z,2026-01-22T12:00:00+00:00,2026-01-23T01:00:00+00:00,84,2026-01-22T18:00:00+00:00
open_meteo_ecmwf_run_20260122t1800z_fh14,Open-Meteo / ECMWF,ecmwf_ifs_single_run,2026,https://single-runs-api.open-meteo.com/v1/forecast?latitude=54.8%2C53.35%2C52.2%2C53.2%2C53.35%2C52.3&longitude=-7.8%2C-9.05%2C-9.7%2C-7.7%2C-6.3%2C-6.5&hourly=wind_speed_100m%2Cwind_direction_100m%2Cwind_gusts_10m%2Ctemperature_2m%2Cpressure_msl%2Ccloud_cover%2Cshortwave_radiation&models=ecmwf_ifs&timezone=GMT&wind_speed_unit=ms&cell_selection=land&run=2026-01-22T18%3A00&forecast_hours=14,weather/open_meteo/single_runs/2026/01/ecmwf_ifs_20260122T1800Z_fh14.json,"Open-Meteo/ECMWF weather data: CC BY 4.0 with attribution; this project modifies it through interpolation, weighting, and feature engineering.",regional-weather-v1,data/raw/weather/open_meteo/single_runs/2026/01/ecmwf_ifs_20260122T1800Z_fh14.json,7498,5483b341d617c507d21656f5f2a4e44841a837fe9581249acec49652cba8e38b,2026-09-24T13:27:17Z,2026-01-22T18:00:00+00:00,2026-01-23T07:00:00+00:00,84,2026-01-23T00:00:00+00:00
open_meteo_ecmwf_run_20260123t0000z_fh14,Open-Meteo / ECMWF,ecmwf_ifs_single_run,2026,https://single-runs-api.open-meteo.com/v1/forecast?latitude=54.8%2C53.35%2C52.2%2C53.2%2C53.35%2C52.3&longitude=-7.8%2C-9.05%2C-9.7%2C-7.7%2C-6.3%2C-6.5&hourly=wind_speed_100m%2Cwind_direction_100m%2Cwind_gusts_10m%2Ctemperature_2m%2Cpressure_msl%2Ccloud_cover%2Cshortwave_radiation&models=ecmwf_ifs&timezone=GMT&wind_speed_unit=ms&cell_selection=land&run=2026-01-23T00%3A00&forecast_hours=14,weather/open_meteo/single_runs/2026/01/ecmwf_ifs_20260123T0000Z_fh14.json,"Open-Meteo/ECMWF weather data: CC BY 4.0 with attribution; this project modifies it through interpolation, weighting, and feature engineering.",regional-weather-v1,data/raw/weather/open_meteo/single_runs/2026/01/ecmwf_ifs_20260123T0000Z_fh14.json,7564,30aa6c0c7d3a5f4ea010e85f617208b2fdade265eb6c0165d5b20aa3a4e8067b,2026-09-24T13:27:17Z,2026-01-23T00:00:00+00:00,2026-01-23T13:00:00+00:00,84,2026-01-23T06:00:00+00:00
open_meteo_ecmwf_run_20260123t0600z_fh14,Open-Meteo / ECMWF,ecmwf_ifs_single_run,2026,https://single-runs-api.open-meteo.com/v1/forecast?latitude=54.8%2C53.35%2C52.2%2C53.2%2C53.35%2C52.3&longitude=-7.8%2C-9.05%2C-9.7%2C-7.7%2C-6.3%2C-6.5&hourly=wind_speed_100m%2Cwind_direction_100m%2Cwind_gusts_10m%2Ctemperature_2m%2Cpressure_msl%2Ccloud_cover%2Cshortwave_radiation&models=ecmwf_ifs&timezone=GMT&wind_speed_unit=ms&cell_selection=land&run=2026-01-23T06%3A00&forecast_hours=14,weather/open_meteo/single_runs/2026/01/ecmwf_ifs_20260123T0600Z_fh14.json,"Open-Meteo/ECMWF weather data: CC BY 4.0 with attribution; this project modifies it through interpolation, weighting, and feature engineering.",regional-weather-v1,data/raw/weather/open_meteo/single_runs/2026/01/ecmwf_ifs_20260123T0600Z_fh14.json,7605,81521fbf6d194e85cde2c7725a0c0c9925d8e493ddb00d9b6ad594d6519b9fda,2026-09-24T13:29:35Z,2026-01-23T06:00:00+00:00,2026-01-23T19:00:00+00:00,84,2026-01-23T12:00:00+00:00
open_meteo_ecmwf_run_20260123t1200z_fh14,Open-Meteo / ECMWF,ecmwf_ifs_single_run,2026,https://single-runs-api.open-meteo.com/v1/forecast?latitude=54.8%2C53.35%2C52.2%2C53.2%2C53.35%2C52.3&longitude=-7.8%2C-9.05%2C-9.7%2C-7.7%2C-6.3%2C-6.5&hourly=wind_speed_100m%2Cwind_direction_100m%2Cwind_gusts_10m%2Ctemperature_2m%2Cpressure_msl%2Ccloud_cover%2Cshortwave_radiation&models=ecmwf_ifs&timezone=GMT&wind_speed_unit=ms&cell_selection=land&run=2026-01-23T12%3A00&forecast_hours=14,weather/open_meteo/single_runs/2026/01/ecmwf_ifs_20260123T1200Z_fh14.json,"Open-Meteo/ECMWF weather data: CC BY 4.0 with attribution; this project modifies it through interpolation, weighting, and feature engineering.",regional-weather-v1,data/raw/weather/open_meteo/single_runs/2026/01/ecmwf_ifs_20260123T1200Z_fh14.json,7569,8193c751a8c47ad5d913b47fdc53759b9bc59eafea83f197149d932a909787a0,2026-09-24T13:27:17Z,2026-01-23T12:00:00+00:00,2026-01-24T01:00:00+00:00,84,2026-01-23T18:00:00+00:00
open_meteo_ecmwf_run_20260123t1800z_fh14,Open-Meteo / ECMWF,ecmwf_ifs_single_run,2026,https://single-runs-api.open-meteo.com/v1/forecast?latitude=54.8%2C53.35%2C52.2%2C53.2%2C53.35%2C52.3&longitude=-7.8%2C-9.05%2C-9.7%2C-7.7%2C-6.3%2C-6.5&hourly=wind_speed_100m%2Cwind_direction_100m%2Cwind_gusts_10m%2Ctemperature_2m%2Cpressure_msl%2Ccloud_cover%2Cshortwave_radiation&models=ecmwf_ifs&timezone=GMT&wind_speed_unit=ms&cell_selection=land&run=2026-01-23T18%3A00&forecast_hours=14,weather/open_meteo/single_runs/2026/01/ecmwf_ifs_20260123T1800Z_fh14.json,"Open-Meteo/ECMWF weather data: CC BY 4.0 with attribution; this project modifies it through interpolation, weighting, and feature engineering.",regional-weather-v1,data/raw/weather/open_meteo/single_runs/2026/01/ecmwf_ifs_20260123T1800Z_fh14.json,7516,023d4ce05519ee4e6799dbfd0735d3b57aa12de176967eb0468b6d1a127fafb4,2026-09-24T13:27:17Z,2026-01-23T18:00:00+00:00,2026-01-24T07:00:00+00:00,84,2026-01-24T00:00:00+00:00
open_meteo_ecmwf_run_20260124t0000z_fh14,Open-Meteo / ECMWF,ecmwf_ifs_single_run,2026,https://single-runs-api.open-meteo.com/v1/forecast?latitude=54.8%2C53.35%2C52.2%2C53.2%2C53.35%2C52.3&longitude=-7.8%2C-9.05%2C-9.7%2C-7.7%2C-6.3%2C-6.5&hourly=wind_speed_100m%2Cwind_direction_100m%2Cwind_gusts_10m%2Ctemperature_2m%2Cpressure_msl%2Ccloud_cover%2Cshortwave_radiation&models=ecmwf_ifs&timezone=GMT&wind_speed_unit=ms&cell_selection=land&run=2026-01-24T00%3A00&forecast_hours=14,weather/open_meteo/single_runs/2026/01/ecmwf_ifs_20260124T0000Z_fh14.json,"Open-Meteo/ECMWF weather data: CC BY 4.0 with attribution; this project modifies it through interpolation, weighting, and feature engineering.",regional-weather-v1,data/raw/weather/open_meteo/single_runs/2026/01/ecmwf_ifs_20260124T0000Z_fh14.json,7570,b63e7e230e319b6ea5f0f1fba56db07ea08e2104ec754d5f4365482d5e55566a,2026-09-24T13:27:18Z,2026-01-24T00:00:00+00:00,2026-01-24T13:00:00+00:00,84,2026-01-24T06:00:00+00:00
open_meteo_ecmwf_run_20260124t0600z_fh14,Open-Meteo / ECMWF,ecmwf_ifs_single_run,2026,https://single-runs-api.open-meteo.com/v1/forecast?latitude=54.8%2C53.35%2C52.2%2C53.2%2C53.35%2C52.3&longitude=-7.8%2C-9.05%2C-9.7%2C-7.7%2C-6.3%2C-6.5&hourly=wind_speed_100m%2Cwind_direction_100m%2Cwind_gusts_10m%2Ctemperature_2m%2Cpressure_msl%2Ccloud_cover%2Cshortwave_radiation&models=ecmwf_ifs&timezone=GMT&wind_speed_unit=ms&cell_selection=land&run=2026-01-24T06%3A00&forecast_hours=14,weather/open_meteo/single_runs/2026/01/ecmwf_ifs_20260124T0600Z_fh14.json,"Open-Meteo/ECMWF weather data: CC BY 4.0 with attribution; this project modifies it through interpolation, weighting, and feature engineering.",regional-weather-v1,data/raw/weather/open_meteo/single_runs/2026/01/ecmwf_ifs_20260124T0600Z_fh14.json,7616,3fc292e4f052517b7209db28d5d474557afa3f5fff47e7c59f899d34f2da65b2,2026-09-24T13:29:36Z,2026-01-24T06:00:00+00:00,2026-01-24T19:00:00+00:00,84,2026-01-24T12:00:00+00:00
open_meteo_ecmwf_run_20260124t1200z_fh14,Open-Meteo / ECMWF,ecmwf_ifs_single_run,2026,https://single-runs-api.open-meteo.com/v1/forecast?latitude=54.8%2C53.35%2C52.2%2C53.2%2C53.35%2C52.3&longitude=-7.8%2C-9.05%2C-9.7%2C-7.7%2C-6.3%2C-6.5&hourly=wind_speed_100m%2Cwind_direction_100m%2Cwind_gusts_10m%2Ctemperature_2m%2Cpressure_msl%2Ccloud_cover%2Cshortwave_radiation&models=ecmwf_ifs&timezone=GMT&wind_speed_unit=ms&cell_selection=land&run=2026-01-24T12%3A00&forecast_hours=14,weather/open_meteo/single_runs/2026/01/ecmwf_ifs_20260124T1200Z_fh14.json,"Open-Meteo/ECMWF weather data: CC BY 4.0 with attribution; this project modifies it through interpolation, weighting, and feature engineering.",regional-weather-v1,data/raw/weather/open_meteo/single_runs/2026/01/ecmwf_ifs_20260124T1200Z_fh14.json,7592,adc9f07f14e1817d2a984820119f1073a98f67c842af83f768dda407f2125fc6,2026-09-24T13:27:18Z,2026-01-24T12:00:00+00:00,2026-01-25T01:00:00+00:00,84,2026-01-24T18:00:00+00:00
open_meteo_ecmwf_run_20260124t1800z_fh14,Open-Meteo / ECMWF,ecmwf_ifs_single_run,2026,https://single-runs-api.open-meteo.com/v1/forecast?latitude=54.8%2C53.35%2C52.2%2C53.2%2C53.35%2C52.3&longitude=-7.8%2C-9.05%2C-9.7%2C-7.7%2C-6.3%2C-6.5&hourly=wind_speed_100m%2Cwind_direction_100m%2Cwind_gusts_10m%2Ctemperature_2m%2Cpressure_msl%2Ccloud_cover%2Cshortwave_radiation&models=ecmwf_ifs&timezone=GMT&wind_speed_unit=ms&cell_selection=land&run=2026-01-24T18%3A00&forecast_hours=14,weather/open_meteo/single_runs/2026/01/ecmwf_ifs_20260124T1800Z_fh14.json,"Open-Meteo/ECMWF weather data: CC BY 4.0 with attribution; this project modifies it through interpolation, weighting, and feature engineering.",regional-weather-v1,data/raw/weather/open_meteo/single_runs/2026/01/ecmwf_ifs_20260124T1800Z_fh14.json,7539,dd834109dfacaaa0aa4b52db429727310464d48ee990902137bdd821bf144c5d,2026-09-24T13:27:18Z,2026-01-24T18:00:00+00:00,2026-01-25T07:00:00+00:00,84,2026-01-25T00:00:00+00:00
open_meteo_ecmwf_run_20260125t0000z_fh14,Open-Meteo / ECMWF,ecmwf_ifs_single_run,2026,https://single-runs-api.open-meteo.com/v1/forecast?latitude=54.8%2C53.35%2C52.2%2C53.2%2C53.35%2C52.3&longitude=-7.8%2C-9.05%2C-9.7%2C-7.7%2C-6.3%2C-6.5&hourly=wind_speed_100m%2Cwind_direction_100m%2Cwind_gusts_10m%2Ctemperature_2m%2Cpressure_msl%2Ccloud_cover%2Cshortwave_radiation&models=ecmwf_ifs&timezone=GMT&wind_speed_unit=ms&cell_selection=land&run=2026-01-25T00%3A00&forecast_hours=14,weather/open_meteo/single_runs/2026/01/ecmwf_ifs_20260125T0000Z_fh14.json,"Open-Meteo/ECMWF weather data: CC BY 4.0 with attribution; this project modifies it through interpolation, weighting, and feature engineering.",regional-weather-v1,data/raw/weather/open_meteo/single_runs/2026/01/ecmwf_ifs_20260125T0000Z_fh14.json,7602,f1aae563748223f7ba1aba811e7ce0b35dc043f7253577d4f62ea3e3b340569e,2026-09-24T13:27:18Z,2026-01-25T00:00:00+00:00,2026-01-25T13:00:00+00:00,84,2026-01-25T06:00:00+00:00
open_meteo_ecmwf_run_20260125t0600z_fh14,Open-Meteo / ECMWF,ecmwf_ifs_single_run,2026,https://single-runs-api.open-meteo.com/v1/forecast?latitude=54.8%2C53.35%2C52.2%2C53.2%2C53.35%2C52.3&longitude=-7.8%2C-9.05%2C-9.7%2C-7.7%2C-6.3%2C-6.5&hourly=wind_speed_100m%2Cwind_direction_100m%2Cwind_gusts_10m%2Ctemperature_2m%2Cpressure_msl%2Ccloud_cover%2Cshortwave_radiation&models=ecmwf_ifs&timezone=GMT&wind_speed_unit=ms&cell_selection=land&run=2026-01-25T06%3A00&forecast_hours=14,weather/open_meteo/single_runs/2026/01/ecmwf_ifs_20260125T0600Z_fh14.json,"Open-Meteo/ECMWF weather data: CC BY 4.0 with attribution; this project modifies it through interpolation, weighting, and feature engineering.",regional-weather-v1,data/raw/weather/open_meteo/single_runs/2026/01/ecmwf_ifs_20260125T0600Z_fh14.json,7605,f45455bed9c8aa5d787473854efef17a019a549c091793a4582a034a898d81ec,2026-09-24T13:27:19Z,2026-01-25T06:00:00+00:00,2026-01-25T19:00:00+00:00,84,2026-01-25T12:00:00+00:00
open_meteo_ecmwf_run_20260125t1200z_fh14,Open-Meteo / ECMWF,ecmwf_ifs_single_run,2026,https://single-runs-api.open-meteo.com/v1/forecast?latitude=54.8%2C53.35%2C52.2%2C53.2%2C53.35%2C52.3&longitude=-7.8%2C-9.05%2C-9.7%2C-7.7%2C-6.3%2C-6.5&hourly=wind_speed_100m%2Cwind_direction_100m%2Cwind_gusts_10m%2Ctemperature_2m%2Cpressure_msl%2Ccloud_cover%2Cshortwave_radiation&models=ecmwf_ifs&timezone=GMT&wind_speed_unit=ms&cell_selection=land&run=2026-01-25T12%3A00&forecast_hours=14,weather/open_meteo/single_runs/2026/01/ecmwf_ifs_20260125T1200Z_fh14.json,"Open-Meteo/ECMWF weather data: CC BY 4.0 with attribution; this project modifies it through interpolation, weighting, and feature engineering.",regional-weather-v1,data/raw/weather/open_meteo/single_runs/2026/01/ecmwf_ifs_20260125T1200Z_fh14.json,7557,81c8a76fc6b51bd76c5e972962d3f28da1b4b61ca9aa8628e6cd33ebdff91256,2026-09-24T13:27:19Z,2026-01-25T12:00:00+00:00,2026-01-26T01:00:00+00:00,84,2026-01-25T18:00:00+00:00
open_meteo_ecmwf_run_20260125t1800z_fh14,Open-Meteo / ECMWF,ecmwf_ifs_single_run,2026,https://single-runs-api.open-meteo.com/v1/forecast?latitude=54.8%2C53.35%2C52.2%2C53.2%2C53.35%2C52.3&longitude=-7.8%2C-9.05%2C-9.7%2C-7.7%2C-6.3%2C-6.5&hourly=wind_speed_100m%2Cwind_direction_100m%2Cwind_gusts_10m%2Ctemperature_2m%2Cpressure_msl%2Ccloud_cover%2Cshortwave_radiation&models=ecmwf_ifs&timezone=GMT&wind_speed_unit=ms&cell_selection=land&run=2026-01-25T18%3A00&forecast_hours=14,weather/open_meteo/single_runs/2026/01/ecmwf_ifs_20260125T1800Z_fh14.json,"Open-Meteo/ECMWF weather data: CC BY 4.0 with attribution; this project modifies it through interpolation, weighting, and feature engineering.",regional-weather-v1,data/raw/weather/open_meteo/single_runs/2026/01/ecmwf_ifs_20260125T1800Z_fh14.json,7573,bbb0fa68a4e65d25c550d39dedf12b8d910efdcb87d128e263c84ab08233eba5,2026-09-24T13:27:19Z,2026-01-25T18:00:00+00:00,2026-01-26T07:00:00+00:00,84,2026-01-26T00:00:00+00:00
open_meteo_ecmwf_run_20260126t0000z_fh14,Open-Meteo / ECMWF,ecmwf_ifs_single_run,2026,https://single-runs-api.open-meteo.com/v1/forecast?latitude=54.8%2C53.35%2C52.2%2C53.2%2C53.35%2C52.3&longitude=-7.8%2C-9.05%2C-9.7%2C-7.7%2C-6.3%2C-6.5&hourly=wind_speed_100m%2Cwind_direction_100m%2Cwind_gusts_10m%2Ctemperature_2m%2Cpressure_msl%2Ccloud_cover%2Cshortwave_radiation&models=ecmwf_ifs&timezone=GMT&wind_speed_unit=ms&cell_selection=land&run=2026-01-26T00%3A00&forecast_hours=14,weather/open_meteo/single_runs/2026/01/ecmwf_ifs_20260126T0000Z_fh14.json,"Open-Meteo/ECMWF weather data: CC BY 4.0 with attribution; this project modifies it through interpolation, weighting, and feature engineering.",regional-weather-v1,data/raw/weather/open_meteo/single_runs/2026/01/ecmwf_ifs_20260126T0000Z_fh14.json,7684,d626b0213ee4dc9dc1d63cfc052596f403d37e276b396199c99a74316e9e48ec,2026-09-24T13:27:19Z,2026-01-26T00:00:00+00:00,2026-01-26T13:00:00+00:00,84,2026-01-26T06:00:00+00:00
open_meteo_ecmwf_run_20260126t0600z_fh14,Open-Meteo / ECMWF,ecmwf_ifs_single_run,2026,https://single-runs-api.open-meteo.com/v1/forecast?latitude=54.8%2C53.35%2C52.2%2C53.2%2C53.35%2C52.3&longitude=-7.8%2C-9.05%2C-9.7%2C-7.7%2C-6.3%2C-6.5&hourly=wind_speed_100m%2Cwind_direction_100m%2Cwind_gusts_10m%2Ctemperature_2m%2Cpressure_msl%2Ccloud_cover%2Cshortwave_radiation&models=ecmwf_ifs&timezone=GMT&wind_speed_unit=ms&cell_selection=land&run=2026-01-26T06%3A00&forecast_hours=14,weather/open_meteo/single_runs/2026/01/ecmwf_ifs_20260126T0600Z_fh14.json,"Open-Meteo/ECMWF weather data: CC BY 4.0 with attribution; this project modifies it through interpolation, weighting, and feature engineering.",regional-weather-v1,data/raw/weather/open_meteo/single_runs/2026/01/ecmwf_ifs_20260126T0600Z_fh14.json,7718,e1e809c50a0c5ade51037a6274409ef3459b9cef27257410f4e6370c3e032980,2026-09-24T13:27:19Z,2026-01-26T06:00:00+00:00,2026-01-26T19:00:00+00:00,84,2026-01-26T12:00:00+00:00
open_meteo_ecmwf_run_20260126t1200z_fh14,Open-Meteo / ECMWF,ecmwf_ifs_single_run,2026,https://single-runs-api.open-meteo.com/v1/forecast?latitude=54.8%2C53.35%2C52.2%2C53.2%2C53.35%2C52.3&longitude=-7.8%2C-9.05%2C-9.7%2C-7.7%2C-6.3%2C-6.5&hourly=wind_speed_100m%2Cwind_direction_100m%2Cwind_gusts_10m%2Ctemperature_2m%2Cpressure_msl%2Ccloud_cover%2Cshortwave_radiation&models=ecmwf_ifs&timezone=GMT&wind_speed_unit=ms&cell_selection=land&run=2026-01-26T12%3A00&forecast_hours=14,weather/open_meteo/single_runs/2026/01/ecmwf_ifs_20260126T1200Z_fh14.json,"Open-Meteo/ECMWF weather data: CC BY 4.0 with attribution; this project modifies it through interpolation, weighting, and feature engineering.",regional-weather-v1,data/raw/weather/open_meteo/single_runs/2026/01/ecmwf_ifs_20260126T1200Z_fh14.json,7664,23efa48a98b3070f2c5300abfd38c8556a25a4d6c0ed08e0f9e70d6f71443a91,2026-09-24T13:27:19Z,2026-01-26T12:00:00+00:00,2026-01-27T01:00:00+00:00,84,2026-01-26T18:00:00+00:00
open_meteo_ecmwf_run_20260126t1800z_fh14,Open-Meteo / ECMWF,ecmwf_ifs_single_run,2026,https://single-runs-api.open-meteo.com/v1/forecast?latitude=54.8%2C53.35%2C52.2%2C53.2%2C53.35%2C52.3&longitude=-7.8%2C-9.05%2C-9.7%2C-7.7%2C-6.3%2C-6.5&hourly=wind_speed_100m%2Cwind_direction_100m%2Cwind_gusts_10m%2Ctemperature_2m%2Cpressure_msl%2Ccloud_cover%2Cshortwave_radiation&models=ecmwf_ifs&timezone=GMT&wind_speed_unit=ms&cell_selection=land&run=2026-01-26T18%3A00&forecast_hours=14,weather/open_meteo/single_runs/2026/01/ecmwf_ifs_20260126T1800Z_fh14.json,"Open-Meteo/ECMWF weather data: CC BY 4.0 with attribution; this project modifies it through interpolation, weighting, and feature engineering.",regional-weather-v1,data/raw/weather/open_meteo/single_runs/2026/01/ecmwf_ifs_20260126T1800Z_fh14.json,7637,42943030cdc8894ba33f559a18cca583b46d30039ae2b82ba44df7b4dbdb3ee0,2026-09-24T13:27:20Z,2026-01-26T18:00:00+00:00,2026-01-27T07:00:00+00:00,84,2026-01-27T00:00:00+00:00
open_meteo_ecmwf_run_20260127t0000z_fh14,Open-Meteo / ECMWF,ecmwf_ifs_single_run,2026,https://single-runs-api.open-meteo.com/v1/forecast?latitude=54.8%2C53.35%2C52.2%2C53.2%2C53.35%2C52.3&longitude=-7.8%2C-9.05%2C-9.7%2C-7.7%2C-6.3%2C-6.5&hourly=wind_speed_100m%2Cwind_direction_100m%2Cwind_gusts_10m%2Ctemperature_2m%2Cpressure_msl%2Ccloud_cover%2Cshortwave_radiation&models=ecmwf_ifs&timezone=GMT&wind_speed_unit=ms&cell_selection=land&run=2026-01-27T00%3A00&forecast_hours=14,weather/open_meteo/single_runs/2026/01/ecmwf_ifs_20260127T0000Z_fh14.json,"Open-Meteo/ECMWF weather data: CC BY 4.0 with attribution; this project modifies it through interpolation, weighting, and feature engineering.",regional-weather-v1,data/raw/weather/open_meteo/single_runs/2026/01/ecmwf_ifs_20260127T0000Z_fh14.json,7685,9d3ad4f6e53f04f8cbcd43af925e2559e3217fa3ff4a0c76082b801e31c0ce76,2026-09-24T13:27:20Z,2026-01-27T00:00:00+00:00,2026-01-27T13:00:00+00:00,84,2026-01-27T06:00:00+00:00
open_meteo_ecmwf_run_20260127t0600z_fh14,Open-Meteo / ECMWF,ecmwf_ifs_single_run,2026,https://single-runs-api.open-meteo.com/v1/forecast?latitude=54.8%2C53.35%2C52.2%2C53.2%2C53.35%2C52.3&longitude=-7.8%2C-9.05%2C-9.7%2C-7.7%2C-6.3%2C-6.5&hourly=wind_speed_100m%2Cwind_direction_100m%2Cwind_gusts_10m%2Ctemperature_2m%2Cpressure_msl%2Ccloud_cover%2Cshortwave_radiation&models=ecmwf_ifs&timezone=GMT&wind_speed_unit=ms&cell_selection=land&run=2026-01-27T06%3A00&forecast_hours=14,weather/open_meteo/single_runs/2026/01/ecmwf_ifs_20260127T0600Z_fh14.json,"Open-Meteo/ECMWF weather data: CC BY 4.0 with attribution; this project modifies it through interpolation, weighting, and feature engineering.",regional-weather-v1,data/raw/weather/open_meteo/single_runs/2026/01/ecmwf_ifs_20260127T0600Z_fh14.json,7720,3a505227e474e44067d68dca09ad91bf845e3c47e492582bcb60ee78b9c83113,2026-09-24T13:27:20Z,2026-01-27T06:00:00+00:00,2026-01-27T19:00:00+00:00,84,2026-01-27T12:00:00+00:00
open_meteo_ecmwf_run_20260127t1200z_fh14,Open-Meteo / ECMWF,ecmwf_ifs_single_run,2026,https://single-runs-api.open-meteo.com/v1/forecast?latitude=54.8%2C53.35%2C52.2%2C53.2%2C53.35%2C52.3&longitude=-7.8%2C-9.05%2C-9.7%2C-7.7%2C-6.3%2C-6.5&hourly=wind_speed_100m%2Cwind_direction_100m%2Cwind_gusts_10m%2Ctemperature_2m%2Cpressure_msl%2Ccloud_cover%2Cshortwave_radiation&models=ecmwf_ifs&timezone=GMT&wind_speed_unit=ms&cell_selection=land&run=2026-01-27T12%3A00&forecast_hours=14,weather/open_meteo/single_runs/2026/01/ecmwf_ifs_20260127T1200Z_fh14.json,"Open-Meteo/ECMWF weather data: CC BY 4.0 with attribution; this project modifies it through interpolation, weighting, and feature engineering.",regional-weather-v1,data/raw/weather/open_meteo/single_runs/2026/01/ecmwf_ifs_20260127T1200Z_fh14.json,7686,b6c9a719204c5e99d42b1214c1c0dae028186d25782847fb5daea0c062cbef99,2026-09-24T13:27:20Z,2026-01-27T12:00:00+00:00,2026-01-28T01:00:00+00:00,84,2026-01-27T18:00:00+00:00
open_meteo_ecmwf_run_20260127t1800z_fh14,Open-Meteo / ECMWF,ecmwf_ifs_single_run,2026,https://single-runs-api.open-meteo.com/v1/forecast?latitude=54.8%2C53.35%2C52.2%2C53.2%2C53.35%2C52.3&longitude=-7.8%2C-9.05%2C-9.7%2C-7.7%2C-6.3%2C-6.5&hourly=wind_speed_100m%2Cwind_direction_100m%2Cwind_gusts_10m%2Ctemperature_2m%2Cpressure_msl%2Ccloud_cover%2Cshortwave_radiation&models=ecmwf_ifs&timezone=GMT&wind_speed_unit=ms&cell_selection=land&run=2026-01-27T18%3A00&forecast_hours=14,weather/open_meteo/single_runs/2026/01/ecmwf_ifs_20260127T1800Z_fh14.json,"Open-Meteo/ECMWF weather data: CC BY 4.0 with attribution; this project modifies it through interpolation, weighting, and feature engineering.",regional-weather-v1,data/raw/weather/open_meteo/single_runs/2026/01/ecmwf_ifs_20260127T1800Z_fh14.json,7589,53d26b309adb95b22a9686398b93ad6532ada1c7e0c10429d68d599b0f6d28b7,2026-09-24T13:27:20Z,2026-01-27T18:00:00+00:00,2026-01-28T07:00:00+00:00,84,2026-01-28T00:00:00+00:00
open_meteo_ecmwf_run_20260128t0000z_fh14,Open-Meteo / ECMWF,ecmwf_ifs_single_run,2026,https://single-runs-api.open-meteo.com/v1/forecast?latitude=54.8%2C53.35%2C52.2%2C53.2%2C53.35%2C52.3&longitude=-7.8%2C-9.05%2C-9.7%2C-7.7%2C-6.3%2C-6.5&hourly=wind_speed_100m%2Cwind_direction_100m%2Cwind_gusts_10m%2Ctemperature_2m%2Cpressure_msl%2Ccloud_cover%2Cshortwave_radiation&models=ecmwf_ifs&timezone=GMT&wind_speed_unit=ms&cell_selection=land&run=2026-01-28T00%3A00&forecast_hours=14,weather/open_meteo/single_runs/2026/01/ecmwf_ifs_20260128T0000Z_fh14.json,"Open-Meteo/ECMWF weather data: CC BY 4.0 with attribution; this project modifies it through interpolation, weighting, and feature engineering.",regional-weather-v1,data/raw/weather/open_meteo/single_runs/2026/01/ecmwf_ifs_20260128T0000Z_fh14.json,7632,8b7f8cfaa1110e642e49c9d210c3a57bd62f5f0085a3c1f2a7c2b607b18264e0,2026-09-24T13:27:20Z,2026-01-28T00:00:00+00:00,2026-01-28T13:00:00+00:00,84,2026-01-28T06:00:00+00:00
open_meteo_ecmwf_run_20260128t0600z_fh14,Open-Meteo / ECMWF,ecmwf_ifs_single_run,2026,https://single-runs-api.open-meteo.com/v1/forecast?latitude=54.8%2C53.35%2C52.2%2C53.2%2C53.35%2C52.3&longitude=-7.8%2C-9.05%2C-9.7%2C-7.7%2C-6.3%2C-6.5&hourly=wind_speed_100m%2Cwind_direction_100m%2Cwind_gusts_10m%2Ctemperature_2m%2Cpressure_msl%2Ccloud_cover%2Cshortwave_radiation&models=ecmwf_ifs&timezone=GMT&wind_speed_unit=ms&cell_selection=land&run=2026-01-28T06%3A00&forecast_hours=14,weather/open_meteo/single_runs/2026/01/ecmwf_ifs_20260128T0600Z_fh14.json,"Open-Meteo/ECMWF weather data: CC BY 4.0 with attribution; this project modifies it through interpolation, weighting, and feature engineering.",regional-weather-v1,data/raw/weather/open_meteo/single_runs/2026/01/ecmwf_ifs_20260128T0600Z_fh14.json,7685,e97ed84f7a8f450c047de6d9bef13e75415a44919bcae5bd6099161533d8bdbf,2026-09-24T13:27:21Z,2026-01-28T06:00:00+00:00,2026-01-28T19:00:00+00:00,84,2026-01-28T12:00:00+00:00
open_meteo_ecmwf_run_20260128t1200z_fh14,Open-Meteo / ECMWF,ecmwf_ifs_single_run,2026,https://single-runs-api.open-meteo.com/v1/forecast?latitude=54.8%2C53.35%2C52.2%2C53.2%2C53.35%2C52.3&longitude=-7.8%2C-9.05%2C-9.7%2C-7.7%2C-6.3%2C-6.5&hourly=wind_speed_100m%2Cwind_direction_100m%2Cwind_gusts_10m%2Ctemperature_2m%2Cpressure_msl%2Ccloud_cover%2Cshortwave_radiation&models=ecmwf_ifs&timezone=GMT&wind_speed_unit=ms&cell_selection=land&run=2026-01-28T12%3A00&forecast_hours=14,weather/open_meteo/single_runs/2026/01/ecmwf_ifs_20260128T1200Z_fh14.json,"Open-Meteo/ECMWF weather data: CC BY 4.0 with attribution; this project modifies it through interpolation, weighting, and feature engineering.",regional-weather-v1,data/raw/weather/open_meteo/single_runs/2026/01/ecmwf_ifs_20260128T1200Z_fh14.json,7671,544e5add0b5b2d2d62b34bbce919659d55cd0394f666014da0f163f96197e03b,2026-09-24T13:27:21Z,2026-01-28T12:00:00+00:00,2026-01-29T01:00:00+00:00,84,2026-01-28T18:00:00+00:00
open_meteo_ecmwf_run_20260128t1800z_fh14,Open-Meteo / ECMWF,ecmwf_ifs_single_run,2026,https://single-runs-api.open-meteo.com/v1/forecast?latitude=54.8%2C53.35%2C52.2%2C53.2%2C53.35%2C52.3&longitude=-7.8%2C-9.05%2C-9.7%2C-7.7%2C-6.3%2C-6.5&hourly=wind_speed_100m%2Cwind_direction_100m%2Cwind_gusts_10m%2Ctemperature_2m%2Cpressure_msl%2Ccloud_cover%2Cshortwave_radiation&models=ecmwf_ifs&timezone=GMT&wind_speed_unit=ms&cell_selection=land&run=2026-01-28T18%3A00&forecast_hours=14,weather/open_meteo/single_runs/2026/01/ecmwf_ifs_20260128T1800Z_fh14.json,"Open-Meteo/ECMWF weather data: CC BY 4.0 with attribution; this project modifies it through interpolation, weighting, and feature engineering.",regional-weather-v1,data/raw/weather/open_meteo/single_runs/2026/01/ecmwf_ifs_20260128T1800Z_fh14.json,7612,5cc630522960e971359b6cd45d693e7e6186f131a2040a7cfe57fd558c28f3b5,2026-09-24T13:27:21Z,2026-01-28T18:00:00+00:00,2026-01-29T07:00:00+00:00,84,2026-01-29T00:00:00+00:00
open_meteo_ecmwf_run_20260129t0000z_fh14,Open-Meteo / ECMWF,ecmwf_ifs_single_run,2026,https://single-runs-api.open-meteo.com/v1/forecast?latitude=54.8%2C53.35%2C52.2%2C53.2%2C53.35%2C52.3&longitude=-7.8%2C-9.05%2C-9.7%2C-7.7%2C-6.3%2C-6.5&hourly=wind_speed_100m%2Cwind_direction_100m%2Cwind_gusts_10m%2Ctemperature_2m%2Cpressure_msl%2Ccloud_cover%2Cshortwave_radiation&models=ecmwf_ifs&timezone=GMT&wind_speed_unit=ms&cell_selection=land&run=2026-01-29T00%3A00&forecast_hours=14,weather/open_meteo/single_runs/2026/01/ecmwf_ifs_20260129T0000Z_fh14.json,"Open-Meteo/ECMWF weather data: CC BY 4.0 with attribution; this project modifies it through interpolation, weighting, and feature engineering.",regional-weather-v1,data/raw/weather/open_meteo/single_runs/2026/01/ecmwf_ifs_20260129T0000Z_fh14.json,7669,1a26c7fb6b2f859bc3155d521aae3a2e27482f6d9d978d2939f13579a4f79667,2026-09-24T13:27:21Z,2026-01-29T00:00:00+00:00,2026-01-29T13:00:00+00:00,84,2026-01-29T06:00:00+00:00
open_meteo_ecmwf_run_20260129t0600z_fh14,Open-Meteo / ECMWF,ecmwf_ifs_single_run,2026,https://single-runs-api.open-meteo.com/v1/forecast?latitude=54.8%2C53.35%2C52.2%2C53.2%2C53.35%2C52.3&longitude=-7.8%2C-9.05%2C-9.7%2C-7.7%2C-6.3%2C-6.5&hourly=wind_speed_100m%2Cwind_direction_100m%2Cwind_gusts_10m%2Ctemperature_2m%2Cpressure_msl%2Ccloud_cover%2Cshortwave_radiation&models=ecmwf_ifs&timezone=GMT&wind_speed_unit=ms&cell_selection=land&run=2026-01-29T06%3A00&forecast_hours=14,weather/open_meteo/single_runs/2026/01/ecmwf_ifs_20260129T0600Z_fh14.json,"Open-Meteo/ECMWF weather data: CC BY 4.0 with attribution; this project modifies it through interpolation, weighting, and feature engineering.",regional-weather-v1,data/raw/weather/open_meteo/single_runs/2026/01/ecmwf_ifs_20260129T0600Z_fh14.json,7725,066e35a2eecaa065705bbd03542dad40770be1b864f01ebb3c948493e95324ff,2026-09-24T13:27:21Z,2026-01-29T06:00:00+00:00,2026-01-29T19:00:00+00:00,84,2026-01-29T12:00:00+00:00
open_meteo_ecmwf_run_20260129t1200z_fh14,Open-Meteo / ECMWF,ecmwf_ifs_single_run,2026,https://single-runs-api.open-meteo.com/v1/forecast?latitude=54.8%2C53.35%2C52.2%2C53.2%2C53.35%2C52.3&longitude=-7.8%2C-9.05%2C-9.7%2C-7.7%2C-6.3%2C-6.5&hourly=wind_speed_100m%2Cwind_direction_100m%2Cwind_gusts_10m%2Ctemperature_2m%2Cpressure_msl%2Ccloud_cover%2Cshortwave_radiation&models=ecmwf_ifs&timezone=GMT&wind_speed_unit=ms&cell_selection=land&run=2026-01-29T12%3A00&forecast_hours=14,weather/open_meteo/single_runs/2026/01/ecmwf_ifs_20260129T1200Z_fh14.json,"Open-Meteo/ECMWF weather data: CC BY 4.0 with attribution; this project modifies it through interpolation, weighting, and feature engineering.",regional-weather-v1,data/raw/weather/open_meteo/single_runs/2026/01/ecmwf_ifs_20260129T1200Z_fh14.json,7690,e27c04896e2aa06dd3d6b4675956ee5dbdd845a7480eaccad4d927295ab2ca80,2026-09-24T13:27:21Z,2026-01-29T12:00:00+00:00,2026-01-30T01:00:00+00:00,84,2026-01-29T18:00:00+00:00
open_meteo_ecmwf_run_20260129t1800z_fh14,Open-Meteo / ECMWF,ecmwf_ifs_single_run,2026,https://single-runs-api.open-meteo.com/v1/forecast?latitude=54.8%2C53.35%2C52.2%2C53.2%2C53.35%2C52.3&longitude=-7.8%2C-9.05%2C-9.7%2C-7.7%2C-6.3%2C-6.5&hourly=wind_speed_100m%2Cwind_direction_100m%2Cwind_gusts_10m%2Ctemperature_2m%2Cpressure_msl%2Ccloud_cover%2Cshortwave_radiation&models=ecmwf_ifs&timezone=GMT&wind_speed_unit=ms&cell_selection=land&run=2026-01-29T18%3A00&forecast_hours=14,weather/open_meteo/single_runs/2026/01/ecmwf_ifs_20260129T1800Z_fh14.json,"Open-Meteo/ECMWF weather data: CC BY 4.0 with attribution; this project modifies it through interpolation, weighting, and feature engineering.",regional-weather-v1,data/raw/weather/open_meteo/single_runs/2026/01/ecmwf_ifs_20260129T1800Z_fh14.json,7622,1f2d54e8a486db1c792060390d8ef380422aac381049d01c7b15c0ce3f37e52d,2026-09-24T13:27:22Z,2026-01-29T18:00:00+00:00,2026-01-30T07:00:00+00:00,84,2026-01-30T00:00:00+00:00
open_meteo_ecmwf_run_20260130t0000z_fh14,Open-Meteo / ECMWF,ecmwf_ifs_single_run,2026,https://single-runs-api.open-meteo.com/v1/forecast?latitude=54.8%2C53.35%2C52.2%2C53.2%2C53.35%2C52.3&longitude=-7.8%2C-9.05%2C-9.7%2C-7.7%2C-6.3%2C-6.5&hourly=wind_speed_100m%2Cwind_direction_100m%2Cwind_gusts_10m%2Ctemperature_2m%2Cpressure_msl%2Ccloud_cover%2Cshortwave_radiation&models=ecmwf_ifs&timezone=GMT&wind_speed_unit=ms&cell_selection=land&run=2026-01-30T00%3A00&forecast_hours=14,weather/open_meteo/single_runs/2026/01/ecmwf_ifs_20260130T0000Z_fh14.json,"Open-Meteo/ECMWF weather data: CC BY 4.0 with attribution; this project modifies it through interpolation, weighting, and feature engineering.",regional-weather-v1,data/raw/weather/open_meteo/single_runs/2026/01/ecmwf_ifs_20260130T0000Z_fh14.json,7642,90d49754a4aa7648ac4232131dccbe64b08038a0757e936ae139ef7ef2f5b3f1,2026-09-24T13:27:22Z,2026-01-30T00:00:00+00:00,2026-01-30T13:00:00+00:00,84,2026-01-30T06:00:00+00:00
open_meteo_ecmwf_run_20260130t0600z_fh14,Open-Meteo / ECMWF,ecmwf_ifs_single_run,2026,https://single-runs-api.open-meteo.com/v1/forecast?latitude=54.8%2C53.35%2C52.2%2C53.2%2C53.35%2C52.3&longitude=-7.8%2C-9.05%2C-9.7%2C-7.7%2C-6.3%2C-6.5&hourly=wind_speed_100m%2Cwind_direction_100m%2Cwind_gusts_10m%2Ctemperature_2m%2Cpressure_msl%2Ccloud_cover%2Cshortwave_radiation&models=ecmwf_ifs&timezone=GMT&wind_speed_unit=ms&cell_selection=land&run=2026-01-30T06%3A00&forecast_hours=14,weather/open_meteo/single_runs/2026/01/ecmwf_ifs_20260130T0600Z_fh14.json,"Open-Meteo/ECMWF weather data: CC BY 4.0 with attribution; this project modifies it through interpolation, weighting, and feature engineering.",regional-weather-v1,data/raw/weather/open_meteo/single_runs/2026/01/ecmwf_ifs_20260130T0600Z_fh14.json,7646,27cabf871b0bab36e4162eced7e3480f5d11042ff1c64d015cbc8d1948e8beef,2026-09-24T13:27:22Z,2026-01-30T06:00:00+00:00,2026-01-30T19:00:00+00:00,84,2026-01-30T12:00:00+00:00
open_meteo_ecmwf_run_20260130t1200z_fh14,Open-Meteo / ECMWF,ecmwf_ifs_single_run,2026,https://single-runs-api.open-meteo.com/v1/forecast?latitude=54.8%2C53.35%2C52.2%2C53.2%2C53.35%2C52.3&longitude=-7.8%2C-9.05%2C-9.7%2C-7.7%2C-6.3%2C-6.5&hourly=wind_speed_100m%2Cwind_direction_100m%2Cwind_gusts_10m%2Ctemperature_2m%2Cpressure_msl%2Ccloud_cover%2Cshortwave_radiation&models=ecmwf_ifs&timezone=GMT&wind_speed_unit=ms&cell_selection=land&run=2026-01-30T12%3A00&forecast_hours=14,weather/open_meteo/single_runs/2026/01/ecmwf_ifs_20260130T1200Z_fh14.json,"Open-Meteo/ECMWF weather data: CC BY 4.0 with attribution; this project modifies it through interpolation, weighting, and feature engineering.",regional-weather-v1,data/raw/weather/open_meteo/single_runs/2026/01/ecmwf_ifs_20260130T1200Z_fh14.json,7573,a7696a45ecdc3cc262d4562d37bf24146599c257eb2c525f1b8d90a77dfda525,2026-09-24T13:29:36Z,2026-01-30T12:00:00+00:00,2026-01-31T01:00:00+00:00,84,2026-01-30T18:00:00+00:00
open_meteo_ecmwf_run_20260130t1800z_fh14,Open-Meteo / ECMWF,ecmwf_ifs_single_run,2026,https://single-runs-api.open-meteo.com/v1/forecast?latitude=54.8%2C53.35%2C52.2%2C53.2%2C53.35%2C52.3&longitude=-7.8%2C-9.05%2C-9.7%2C-7.7%2C-6.3%2C-6.5&hourly=wind_speed_100m%2Cwind_direction_100m%2Cwind_gusts_10m%2Ctemperature_2m%2Cpressure_msl%2Ccloud_cover%2Cshortwave_radiation&models=ecmwf_ifs&timezone=GMT&wind_speed_unit=ms&cell_selection=land&run=2026-01-30T18%3A00&forecast_hours=14,weather/open_meteo/single_runs/2026/01/ecmwf_ifs_20260130T1800Z_fh14.json,"Open-Meteo/ECMWF weather data: CC BY 4.0 with attribution; this project modifies it through interpolation, weighting, and feature engineering.",regional-weather-v1,data/raw/weather/open_meteo/single_runs/2026/01/ecmwf_ifs_20260130T1800Z_fh14.json,7500,9e611d550e53bc81ae287eb326390b627c3db0bf7a7909b4d5c30bf547c1a3fc,2026-09-24T13:29:36Z,2026-01-30T18:00:00+00:00,2026-01-31T07:00:00+00:00,84,2026-01-31T00:00:00+00:00
open_meteo_ecmwf_run_20260131t0000z_fh14,Open-Meteo / ECMWF,ecmwf_ifs_single_run,2026,https://single-runs-api.open-meteo.com/v1/forecast?latitude=54.8%2C53.35%2C52.2%2C53.2%2C53.35%2C52.3&longitude=-7.8%2C-9.05%2C-9.7%2C-7.7%2C-6.3%2C-6.5&hourly=wind_speed_100m%2Cwind_direction_100m%2Cwind_gusts_10m%2Ctemperature_2m%2Cpressure_msl%2Ccloud_cover%2Cshortwave_radiation&models=ecmwf_ifs&timezone=GMT&wind_speed_unit=ms&cell_selection=land&run=2026-01-31T00%3A00&forecast_hours=14,weather/open_meteo/single_runs/2026/01/ecmwf_ifs_20260131T0000Z_fh14.json,"Open-Meteo/ECMWF weather data: CC BY 4.0 with attribution; this project modifies it through interpolation, weighting, and feature engineering.",regional-weather-v1,data/raw/weather/open_meteo/single_runs/2026/01/ecmwf_ifs_20260131T0000Z_fh14.json,7533,f1fe56b2e34aacbc99522150c966e15b4eb236ee2de5bc969f795c2cef2a7529,2026-09-24T13:29:37Z,2026-01-31T00:00:00+00:00,2026-01-31T13:00:00+00:00,84,2026-01-31T06:00:00+00:00
open_meteo_ecmwf_run_20260131t0600z_fh14,Open-Meteo / ECMWF,ecmwf_ifs_single_run,2026,https://single-runs-api.open-meteo.com/v1/forecast?latitude=54.8%2C53.35%2C52.2%2C53.2%2C53.35%2C52.3&longitude=-7.8%2C-9.05%2C-9.7%2C-7.7%2C-6.3%2C-6.5&hourly=wind_speed_100m%2Cwind_direction_100m%2Cwind_gusts_10m%2Ctemperature_2m%2Cpressure_msl%2Ccloud_cover%2Cshortwave_radiation&models=ecmwf_ifs&timezone=GMT&wind_speed_unit=ms&cell_selection=land&run=2026-01-31T06%3A00&forecast_hours=14,weather/open_meteo/single_runs/2026/01/ecmwf_ifs_20260131T0600Z_fh14.json,"Open-Meteo/ECMWF weather data: CC BY 4.0 with attribution; this project modifies it through interpolation, weighting, and feature engineering.",regional-weather-v1,data/raw/weather/open_meteo/single_runs/2026/01/ecmwf_ifs_20260131T0600Z_fh14.json,7578,86faa31c36254849e41b40c9cc8309d0ec72410cbef820684870ee0f270c6b0e,2026-09-24T13:29:37Z,2026-01-31T06:00:00+00:00,2026-01-31T19:00:00+00:00,84,2026-01-31T12:00:00+00:00
open_meteo_ecmwf_run_20260131t1200z_fh14,Open-Meteo / ECMWF,ecmwf_ifs_single_run,2026,https://single-runs-api.open-meteo.com/v1/forecast?latitude=54.8%2C53.35%2C52.2%2C53.2%2C53.35%2C52.3&longitude=-7.8%2C-9.05%2C-9.7%2C-7.7%2C-6.3%2C-6.5&hourly=wind_speed_100m%2Cwind_direction_100m%2Cwind_gusts_10m%2Ctemperature_2m%2Cpressure_msl%2Ccloud_cover%2Cshortwave_radiation&models=ecmwf_ifs&timezone=GMT&wind_speed_unit=ms&cell_selection=land&run=2026-01-31T12%3A00&forecast_hours=14,weather/open_meteo/single_runs/2026/01/ecmwf_ifs_20260131T1200Z_fh14.json,"Open-Meteo/ECMWF weather data: CC BY 4.0 with attribution; this project modifies it through interpolation, weighting, and feature engineering.",regional-weather-v1,data/raw/weather/open_meteo/single_runs/2026/01/ecmwf_ifs_20260131T1200Z_fh14.json,7559,bb2cda58dfc99a5e8797df456cacbbedd83468dbc00ddedb674bb5b23db009f3,2026-09-24T13:29:37Z,2026-01-31T12:00:00+00:00,2026-02-01T01:00:00+00:00,84,2026-01-31T18:00:00+00:00
open_meteo_analysis_proxy_20260101_20260201,Open-Meteo / ECMWF,historical_forecast_analysis_proxy,2026,https://historical-forecast-api.open-meteo.com/v1/forecast?latitude=54.8%2C53.35%2C52.2%2C53.2%2C53.35%2C52.3&longitude=-7.8%2C-9.05%2C-9.7%2C-7.7%2C-6.3%2C-6.5&hourly=wind_speed_100m%2Cwind_direction_100m%2Cwind_gusts_10m%2Ctemperature_2m%2Cpressure_msl%2Ccloud_cover%2Cshortwave_radiation&models=ecmwf_ifs&timezone=GMT&wind_speed_unit=ms&cell_selection=land&start_date=2026-01-01&end_date=2026-02-01,weather/open_meteo/analysis_proxy/historical_forecast_20260101_20260201.json,"Open-Meteo/ECMWF weather data: CC BY 4.0 with attribution; this project modifies it through interpolation, weighting, and feature engineering.",regional-weather-v1,data/raw/weather/open_meteo/analysis_proxy/historical_forecast_20260101_20260201.json,242109,5050f27bf077951ca47295a5eee74532043e457058ac3c743eb4e3c27dfcdae8,2026-09-24T13:24:14Z,2026-01-01T00:00:00+00:00,2026-02-01T23:00:00+00:00,4608,per-row valid time plus 6 hours
