issue_timestamp_utc,target_timestamp_utc,forecast_horizon_minutes,aggregated_pn_end_mw,aggregated_pn_end_mw_published_at_utc,aggregated_pn_end_mw_age_minutes,aggregated_pn_end_mw_available_flag,aggregated_pn_end_mw_stale_flag,aggregated_pn_start_mw,aggregated_pn_start_mw_published_at_utc,aggregated_pn_start_mw_age_minutes,aggregated_pn_start_mw_available_flag,aggregated_pn_start_mw_stale_flag,demand_forecast_mw_all,demand_forecast_mw_all_published_at_utc,demand_forecast_mw_all_age_minutes,demand_forecast_mw_all_available_flag,demand_forecast_mw_all_stale_flag,demand_forecast_mw_ni,demand_forecast_mw_ni_published_at_utc,demand_forecast_mw_ni_age_minutes,demand_forecast_mw_ni_available_flag,demand_forecast_mw_ni_stale_flag,demand_forecast_mw_roi,demand_forecast_mw_roi_published_at_utc,demand_forecast_mw_roi_age_minutes,demand_forecast_mw_roi_available_flag,demand_forecast_mw_roi_stale_flag,forecast_calculated_imbalance_mw,forecast_calculated_imbalance_mw_published_at_utc,forecast_calculated_imbalance_mw_age_minutes,forecast_calculated_imbalance_mw_available_flag,forecast_calculated_imbalance_mw_stale_flag,forecast_net_interconnector_schedule_mw,forecast_net_interconnector_schedule_mw_published_at_utc,forecast_net_interconnector_schedule_mw_age_minutes,forecast_net_interconnector_schedule_mw_available_flag,forecast_net_interconnector_schedule_mw_stale_flag,forecast_renewable_dispatchable_mw,forecast_renewable_dispatchable_mw_published_at_utc,forecast_renewable_dispatchable_mw_age_minutes,forecast_renewable_dispatchable_mw_available_flag,forecast_renewable_dispatchable_mw_stale_flag,forecast_renewable_nondispatchable_mw,forecast_renewable_nondispatchable_mw_published_at_utc,forecast_renewable_nondispatchable_mw_age_minutes,forecast_renewable_nondispatchable_mw_available_flag,forecast_renewable_nondispatchable_mw_stale_flag,forecast_total_pn_mw,forecast_total_pn_mw_published_at_utc,forecast_total_pn_mw_age_minutes,forecast_total_pn_mw_available_flag,forecast_total_pn_mw_stale_flag,forecast_tso_demand_mw,forecast_tso_demand_mw_published_at_utc,forecast_tso_demand_mw_age_minutes,forecast_tso_demand_mw_available_flag,forecast_tso_demand_mw_stale_flag,interconnector_max_export_mw_nimoyle,interconnector_max_export_mw_nimoyle_published_at_utc,interconnector_max_export_mw_nimoyle_age_minutes,interconnector_max_export_mw_nimoyle_available_flag,interconnector_max_export_mw_nimoyle_stale_flag,interconnector_max_export_mw_roiewic,interconnector_max_export_mw_roiewic_published_at_utc,interconnector_max_export_mw_roiewic_age_minutes,interconnector_max_export_mw_roiewic_available_flag,interconnector_max_export_mw_roiewic_stale_flag,interconnector_max_export_mw_roigrlk,interconnector_max_export_mw_roigrlk_published_at_utc,interconnector_max_export_mw_roigrlk_age_minutes,interconnector_max_export_mw_roigrlk_available_flag,interconnector_max_export_mw_roigrlk_stale_flag,interconnector_max_import_mw_nimoyle,interconnector_max_import_mw_nimoyle_published_at_utc,interconnector_max_import_mw_nimoyle_age_minutes,interconnector_max_import_mw_nimoyle_available_flag,interconnector_max_import_mw_nimoyle_stale_flag,interconnector_max_import_mw_roiewic,interconnector_max_import_mw_roiewic_published_at_utc,interconnector_max_import_mw_roiewic_age_minutes,interconnector_max_import_mw_roiewic_available_flag,interconnector_max_import_mw_roiewic_stale_flag,interconnector_max_import_mw_roigrlk,interconnector_max_import_mw_roigrlk_published_at_utc,interconnector_max_import_mw_roigrlk_age_minutes,interconnector_max_import_mw_roigrlk_available_flag,interconnector_max_import_mw_roigrlk_stale_flag,rtc_interconnector_schedule_mw,rtc_interconnector_schedule_mw_published_at_utc,rtc_interconnector_schedule_mw_age_minutes,rtc_interconnector_schedule_mw_available_flag,rtc_interconnector_schedule_mw_stale_flag,rtc_scheduled_generation_mw,rtc_scheduled_generation_mw_published_at_utc,rtc_scheduled_generation_mw_age_minutes,rtc_scheduled_generation_mw_available_flag,rtc_scheduled_generation_mw_stale_flag,rtc_total_scheduled_quantity_mw,rtc_total_scheduled_quantity_mw_published_at_utc,rtc_total_scheduled_quantity_mw_age_minutes,rtc_total_scheduled_quantity_mw_available_flag,rtc_total_scheduled_quantity_mw_stale_flag,wind_forecast_15min_mw_all,wind_forecast_15min_mw_all_published_at_utc,wind_forecast_15min_mw_all_age_minutes,wind_forecast_15min_mw_all_available_flag,wind_forecast_15min_mw_all_stale_flag,wind_forecast_4day_mw_all,wind_forecast_4day_mw_all_published_at_utc,wind_forecast_4day_mw_all_age_minutes,wind_forecast_4day_mw_all_available_flag,wind_forecast_4day_mw_all_stale_flag,wind_forecast_4day_mw_ni,wind_forecast_4day_mw_ni_published_at_utc,wind_forecast_4day_mw_ni_age_minutes,wind_forecast_4day_mw_ni_available_flag,wind_forecast_4day_mw_ni_stale_flag,wind_forecast_4day_mw_roi,wind_forecast_4day_mw_roi_published_at_utc,wind_forecast_4day_mw_roi_age_minutes,wind_forecast_4day_mw_roi_available_flag,wind_forecast_4day_mw_roi_stale_flag,net_imbalance_volume_forecast_mwh,net_imbalance_volume_forecast_mwh_published_at_utc,net_imbalance_volume_forecast_mwh_observed_at_utc,net_imbalance_volume_forecast_mwh_age_minutes,net_imbalance_volume_forecast_mwh_available_flag,net_imbalance_volume_forecast_mwh_stale_flag,lagged_net_imbalance_volume_5min_mwh,lagged_net_imbalance_volume_5min_mwh_published_at_utc,lagged_net_imbalance_volume_5min_mwh_observed_at_utc,lagged_net_imbalance_volume_5min_mwh_age_minutes,lagged_net_imbalance_volume_5min_mwh_available_flag,lagged_net_imbalance_volume_5min_mwh_stale_flag,lagged_imbalance_price_5min_eur_per_mwh,lagged_imbalance_price_5min_eur_per_mwh_published_at_utc,lagged_imbalance_price_5min_eur_per_mwh_observed_at_utc,lagged_imbalance_price_5min_eur_per_mwh_age_minutes,lagged_imbalance_price_5min_eur_per_mwh_available_flag,lagged_imbalance_price_5min_eur_per_mwh_stale_flag,lagged_total_unit_availability_mw,lagged_total_unit_availability_mw_published_at_utc,lagged_total_unit_availability_mw_observed_at_utc,lagged_total_unit_availability_mw_age_minutes,lagged_total_unit_availability_mw_available_flag,lagged_total_unit_availability_mw_stale_flag,lagged_short_term_reserve_quantity_mw,lagged_short_term_reserve_quantity_mw_published_at_utc,lagged_short_term_reserve_quantity_mw_observed_at_utc,lagged_short_term_reserve_quantity_mw_age_minutes,lagged_short_term_reserve_quantity_mw_available_flag,lagged_short_term_reserve_quantity_mw_stale_flag,lagged_operating_reserve_requirement_mw,lagged_operating_reserve_requirement_mw_published_at_utc,lagged_operating_reserve_requirement_mw_observed_at_utc,lagged_operating_reserve_requirement_mw_age_minutes,lagged_operating_reserve_requirement_mw_available_flag,lagged_operating_reserve_requirement_mw_stale_flag,lagged_net_imbalance_volume_mwh,lagged_net_imbalance_volume_mwh_published_at_utc,lagged_net_imbalance_volume_mwh_observed_at_utc,lagged_net_imbalance_volume_mwh_age_minutes,lagged_net_imbalance_volume_mwh_available_flag,lagged_net_imbalance_volume_mwh_stale_flag,lagged_imbalance_price_eur_per_mwh,lagged_imbalance_price_eur_per_mwh_published_at_utc,lagged_imbalance_price_eur_per_mwh_observed_at_utc,lagged_imbalance_price_eur_per_mwh_age_minutes,lagged_imbalance_price_eur_per_mwh_available_flag,lagged_imbalance_price_eur_per_mwh_stale_flag,lagged_system_shortfall_imbalance_index,lagged_system_shortfall_imbalance_index_published_at_utc,lagged_system_shortfall_imbalance_index_observed_at_utc,lagged_system_shortfall_imbalance_index_age_minutes,lagged_system_shortfall_imbalance_index_available_flag,lagged_system_shortfall_imbalance_index_stale_flag,lagged_system_imbalance_flattening_factor,lagged_system_imbalance_flattening_factor_published_at_utc,lagged_system_imbalance_flattening_factor_observed_at_utc,lagged_system_imbalance_flattening_factor_age_minutes,lagged_system_imbalance_flattening_factor_available_flag,lagged_system_imbalance_flattening_factor_stale_flag,eirgrid_all_island_generation_mw,eirgrid_moyle_flow_mw,eirgrid_ewic_flow_mw,eirgrid_greenlink_flow_mw,semo_state_observed_at_utc,semo_state_age_minutes,semo_state_stale_flag,aggregated_pn_average_mw,scheduled_minus_actual_generation_mw,downward_margin_proxy_mw,forecast_imbalance_mw,lagged_reserve_surplus_mw,nimoyle_export_headroom_mw,roiewic_export_headroom_mw,roigrlk_export_headroom_mw,interconnector_export_headroom_mw,aggregated_pn_end_mw_missing_flag,aggregated_pn_end_mw_published_at_utc_missing_flag,aggregated_pn_end_mw_age_minutes_missing_flag,aggregated_pn_start_mw_missing_flag,aggregated_pn_start_mw_published_at_utc_missing_flag,aggregated_pn_start_mw_age_minutes_missing_flag,demand_forecast_mw_all_missing_flag,demand_forecast_mw_all_published_at_utc_missing_flag,demand_forecast_mw_all_age_minutes_missing_flag,demand_forecast_mw_ni_missing_flag,demand_forecast_mw_ni_published_at_utc_missing_flag,demand_forecast_mw_ni_age_minutes_missing_flag,demand_forecast_mw_roi_missing_flag,demand_forecast_mw_roi_published_at_utc_missing_flag,demand_forecast_mw_roi_age_minutes_missing_flag,forecast_calculated_imbalance_mw_missing_flag,forecast_calculated_imbalance_mw_published_at_utc_missing_flag,forecast_calculated_imbalance_mw_age_minutes_missing_flag,forecast_net_interconnector_schedule_mw_missing_flag,forecast_net_interconnector_schedule_mw_published_at_utc_missing_flag,forecast_net_interconnector_schedule_mw_age_minutes_missing_flag,forecast_renewable_dispatchable_mw_missing_flag,forecast_renewable_dispatchable_mw_published_at_utc_missing_flag,forecast_renewable_dispatchable_mw_age_minutes_missing_flag,forecast_renewable_nondispatchable_mw_missing_flag,forecast_renewable_nondispatchable_mw_published_at_utc_missing_flag,forecast_renewable_nondispatchable_mw_age_minutes_missing_flag,forecast_total_pn_mw_missing_flag,forecast_total_pn_mw_published_at_utc_missing_flag,forecast_total_pn_mw_age_minutes_missing_flag,forecast_tso_demand_mw_missing_flag,forecast_tso_demand_mw_published_at_utc_missing_flag,forecast_tso_demand_mw_age_minutes_missing_flag,interconnector_max_export_mw_nimoyle_missing_flag,interconnector_max_export_mw_nimoyle_published_at_utc_missing_flag,interconnector_max_export_mw_nimoyle_age_minutes_missing_flag,interconnector_max_export_mw_roiewic_missing_flag,interconnector_max_export_mw_roiewic_published_at_utc_missing_flag,interconnector_max_export_mw_roiewic_age_minutes_missing_flag,interconnector_max_export_mw_roigrlk_missing_flag,interconnector_max_export_mw_roigrlk_published_at_utc_missing_flag,interconnector_max_export_mw_roigrlk_age_minutes_missing_flag,interconnector_max_import_mw_nimoyle_missing_flag,interconnector_max_import_mw_nimoyle_published_at_utc_missing_flag,interconnector_max_import_mw_nimoyle_age_minutes_missing_flag,interconnector_max_import_mw_roiewic_missing_flag,interconnector_max_import_mw_roiewic_published_at_utc_missing_flag,interconnector_max_import_mw_roiewic_age_minutes_missing_flag,interconnector_max_import_mw_roigrlk_missing_flag,interconnector_max_import_mw_roigrlk_published_at_utc_missing_flag,interconnector_max_import_mw_roigrlk_age_minutes_missing_flag,rtc_interconnector_schedule_mw_missing_flag,rtc_interconnector_schedule_mw_published_at_utc_missing_flag,rtc_interconnector_schedule_mw_age_minutes_missing_flag,rtc_scheduled_generation_mw_missing_flag,rtc_scheduled_generation_mw_published_at_utc_missing_flag,rtc_scheduled_generation_mw_age_minutes_missing_flag,rtc_total_scheduled_quantity_mw_missing_flag,rtc_total_scheduled_quantity_mw_published_at_utc_missing_flag,rtc_total_scheduled_quantity_mw_age_minutes_missing_flag,wind_forecast_15min_mw_all_missing_flag,wind_forecast_15min_mw_all_published_at_utc_missing_flag,wind_forecast_15min_mw_all_age_minutes_missing_flag,wind_forecast_4day_mw_all_missing_flag,wind_forecast_4day_mw_all_published_at_utc_missing_flag,wind_forecast_4day_mw_all_age_minutes_missing_flag,wind_forecast_4day_mw_ni_missing_flag,wind_forecast_4day_mw_ni_published_at_utc_missing_flag,wind_forecast_4day_mw_ni_age_minutes_missing_flag,wind_forecast_4day_mw_roi_missing_flag,wind_forecast_4day_mw_roi_published_at_utc_missing_flag,wind_forecast_4day_mw_roi_age_minutes_missing_flag,net_imbalance_volume_forecast_mwh_missing_flag,net_imbalance_volume_forecast_mwh_published_at_utc_missing_flag,net_imbalance_volume_forecast_mwh_observed_at_utc_missing_flag,net_imbalance_volume_forecast_mwh_age_minutes_missing_flag,lagged_net_imbalance_volume_5min_mwh_missing_flag,lagged_net_imbalance_volume_5min_mwh_published_at_utc_missing_flag,lagged_net_imbalance_volume_5min_mwh_observed_at_utc_missing_flag,lagged_net_imbalance_volume_5min_mwh_age_minutes_missing_flag,lagged_imbalance_price_5min_eur_per_mwh_missing_flag,lagged_imbalance_price_5min_eur_per_mwh_published_at_utc_missing_flag,lagged_imbalance_price_5min_eur_per_mwh_observed_at_utc_missing_flag,lagged_imbalance_price_5min_eur_per_mwh_age_minutes_missing_flag,lagged_total_unit_availability_mw_missing_flag,lagged_total_unit_availability_mw_published_at_utc_missing_flag,lagged_total_unit_availability_mw_observed_at_utc_missing_flag,lagged_total_unit_availability_mw_age_minutes_missing_flag,lagged_short_term_reserve_quantity_mw_missing_flag,lagged_short_term_reserve_quantity_mw_published_at_utc_missing_flag,lagged_short_term_reserve_quantity_mw_observed_at_utc_missing_flag,lagged_short_term_reserve_quantity_mw_age_minutes_missing_flag,lagged_operating_reserve_requirement_mw_missing_flag,lagged_operating_reserve_requirement_mw_published_at_utc_missing_flag,lagged_operating_reserve_requirement_mw_observed_at_utc_missing_flag,lagged_operating_reserve_requirement_mw_age_minutes_missing_flag,lagged_net_imbalance_volume_mwh_missing_flag,lagged_net_imbalance_volume_mwh_published_at_utc_missing_flag,lagged_net_imbalance_volume_mwh_observed_at_utc_missing_flag,lagged_net_imbalance_volume_mwh_age_minutes_missing_flag,lagged_imbalance_price_eur_per_mwh_missing_flag,lagged_imbalance_price_eur_per_mwh_published_at_utc_missing_flag,lagged_imbalance_price_eur_per_mwh_observed_at_utc_missing_flag,lagged_imbalance_price_eur_per_mwh_age_minutes_missing_flag,lagged_system_shortfall_imbalance_index_missing_flag,lagged_system_shortfall_imbalance_index_published_at_utc_missing_flag,lagged_system_shortfall_imbalance_index_observed_at_utc_missing_flag,lagged_system_shortfall_imbalance_index_age_minutes_missing_flag,lagged_system_imbalance_flattening_factor_missing_flag,lagged_system_imbalance_flattening_factor_published_at_utc_missing_flag,lagged_system_imbalance_flattening_factor_observed_at_utc_missing_flag,lagged_system_imbalance_flattening_factor_age_minutes_missing_flag,aggregated_pn_average_mw_missing_flag,scheduled_minus_actual_generation_mw_missing_flag,downward_margin_proxy_mw_missing_flag,forecast_imbalance_mw_missing_flag,lagged_reserve_surplus_mw_missing_flag,nimoyle_export_headroom_mw_missing_flag,roiewic_export_headroom_mw_missing_flag,roigrlk_export_headroom_mw_missing_flag,interconnector_export_headroom_mw_missing_flag
2026-09-20T21:00:00Z,2026-09-20T22:00:00Z,60,,,,0,1,,,,0,1,,,,0,1,,,,0,1,,,,0,1,,,,0,1,,,,0,1,,,,0,1,,,,0,1,,,,0,1,,,,0,1,,,,0,1,,,,0,1,,,,0,1,,,,0,1,,,,0,1,,,,0,1,,,,0,1,,,,0,1,,,,0,1,,,,0,1,,,,0,1,,,,0,1,,,,0,1,,,,,0,1,,,,,0,1,,,,,0,1,,,,,0,1,,,,,0,1,,,,,0,1,,,,,0,1,,,,,0,1,,,,,0,1,,,,,0,1,3437.2105,254.74650000000003,204.605,372.545,2026-08-31T23:00:00Z,28680.0,1,,,,,,,,,,1,1,1,1,1,1,1,1,1,1,1,1,1,1,1,1,1,1,1,1,1,1,1,1,1,1,1,1,1,1,1,1,1,1,1,1,1,1,1,1,1,1,1,1,1,1,1,1,1,1,1,1,1,1,1,1,1,1,1,1,1,1,1,1,1,1,1,1,1,1,1,1,1,1,1,1,1,1,1,1,1,1,1,1,1,1,1,1,1,1,1,1,1,1,1,1,1,1,1,1,1,1,1,1,1,1,1,1,1,1,1,1,1,1,1,1,1,1,1,1,1
2026-09-20T21:30:00Z,2026-09-20T22:00:00Z,30,,,,0,1,,,,0,1,,,,0,1,,,,0,1,,,,0,1,,,,0,1,,,,0,1,,,,0,1,,,,0,1,,,,0,1,,,,0,1,,,,0,1,,,,0,1,,,,0,1,,,,0,1,,,,0,1,,,,0,1,,,,0,1,,,,0,1,,,,0,1,,,,0,1,,,,0,1,,,,0,1,,,,0,1,,,,,0,1,,,,,0,1,,,,,0,1,,,,,0,1,,,,,0,1,,,,,0,1,,,,,0,1,,,,,0,1,,,,,0,1,,,,,0,1,3437.2105,254.74650000000003,204.605,372.545,2026-08-31T23:00:00Z,28710.0,1,,,,,,,,,,1,1,1,1,1,1,1,1,1,1,1,1,1,1,1,1,1,1,1,1,1,1,1,1,1,1,1,1,1,1,1,1,1,1,1,1,1,1,1,1,1,1,1,1,1,1,1,1,1,1,1,1,1,1,1,1,1,1,1,1,1,1,1,1,1,1,1,1,1,1,1,1,1,1,1,1,1,1,1,1,1,1,1,1,1,1,1,1,1,1,1,1,1,1,1,1,1,1,1,1,1,1,1,1,1,1,1,1,1,1,1,1,1,1,1,1,1,1,1,1,1
2026-09-20T21:30:00Z,2026-09-20T22:30:00Z,60,,,,0,1,,,,0,1,,,,0,1,,,,0,1,,,,0,1,,,,0,1,,,,0,1,,,,0,1,,,,0,1,,,,0,1,,,,0,1,,,,0,1,,,,0,1,,,,0,1,,,,0,1,,,,0,1,,,,0,1,,,,0,1,,,,0,1,,,,0,1,,,,0,1,,,,0,1,,,,0,1,,,,0,1,,,,,0,1,,,,,0,1,,,,,0,1,,,,,0,1,,,,,0,1,,,,,0,1,,,,,0,1,,,,,0,1,,,,,0,1,,,,,0,1,3437.2105,254.74650000000003,204.605,372.545,2026-08-31T23:00:00Z,28710.0,1,,,,,,,,,,1,1,1,1,1,1,1,1,1,1,1,1,1,1,1,1,1,1,1,1,1,1,1,1,1,1,1,1,1,1,1,1,1,1,1,1,1,1,1,1,1,1,1,1,1,1,1,1,1,1,1,1,1,1,1,1,1,1,1,1,1,1,1,1,1,1,1,1,1,1,1,1,1,1,1,1,1,1,1,1,1,1,1,1,1,1,1,1,1,1,1,1,1,1,1,1,1,1,1,1,1,1,1,1,1,1,1,1,1,1,1,1,1,1,1,1,1,1,1,1,1
2026-09-20T22:00:00Z,2026-09-20T22:30:00Z,30,,,,0,1,,,,0,1,,,,0,1,,,,0,1,,,,0,1,,,,0,1,,,,0,1,,,,0,1,,,,0,1,,,,0,1,,,,0,1,,,,0,1,,,,0,1,,,,0,1,,,,0,1,,,,0,1,,,,0,1,,,,0,1,,,,0,1,,,,0,1,,,,0,1,,,,0,1,,,,0,1,,,,0,1,,,,,0,1,,,,,0,1,,,,,0,1,,,,,0,1,,,,,0,1,,,,,0,1,,,,,0,1,,,,,0,1,,,,,0,1,,,,,0,1,3437.2105,254.74650000000003,204.605,372.545,2026-08-31T23:00:00Z,28740.0,1,,,,,,,,,,1,1,1,1,1,1,1,1,1,1,1,1,1,1,1,1,1,1,1,1,1,1,1,1,1,1,1,1,1,1,1,1,1,1,1,1,1,1,1,1,1,1,1,1,1,1,1,1,1,1,1,1,1,1,1,1,1,1,1,1,1,1,1,1,1,1,1,1,1,1,1,1,1,1,1,1,1,1,1,1,1,1,1,1,1,1,1,1,1,1,1,1,1,1,1,1,1,1,1,1,1,1,1,1,1,1,1,1,1,1,1,1,1,1,1,1,1,1,1,1,1
2026-09-20T22:00:00Z,2026-09-20T23:00:00Z,60,,,,0,1,,,,0,1,,,,0,1,,,,0,1,,,,0,1,,,,0,1,,,,0,1,,,,0,1,,,,0,1,,,,0,1,,,,0,1,,,,0,1,,,,0,1,,,,0,1,,,,0,1,,,,0,1,,,,0,1,,,,0,1,,,,0,1,,,,0,1,,,,0,1,,,,0,1,,,,0,1,,,,0,1,,,,,0,1,,,,,0,1,,,,,0,1,,,,,0,1,,,,,0,1,,,,,0,1,,,,,0,1,,,,,0,1,,,,,0,1,,,,,0,1,3437.2105,254.74650000000003,204.605,372.545,2026-08-31T23:00:00Z,28740.0,1,,,,,,,,,,1,1,1,1,1,1,1,1,1,1,1,1,1,1,1,1,1,1,1,1,1,1,1,1,1,1,1,1,1,1,1,1,1,1,1,1,1,1,1,1,1,1,1,1,1,1,1,1,1,1,1,1,1,1,1,1,1,1,1,1,1,1,1,1,1,1,1,1,1,1,1,1,1,1,1,1,1,1,1,1,1,1,1,1,1,1,1,1,1,1,1,1,1,1,1,1,1,1,1,1,1,1,1,1,1,1,1,1,1,1,1,1,1,1,1,1,1,1,1,1,1
2026-09-20T22:30:00Z,2026-09-20T23:00:00Z,30,,,,0,1,,,,0,1,,,,0,1,,,,0,1,,,,0,1,,,,0,1,,,,0,1,,,,0,1,,,,0,1,,,,0,1,,,,0,1,,,,0,1,,,,0,1,,,,0,1,,,,0,1,,,,0,1,,,,0,1,,,,0,1,,,,0,1,,,,0,1,,,,0,1,,,,0,1,,,,0,1,,,,0,1,,,,,0,1,,,,,0,1,,,,,0,1,,,,,0,1,,,,,0,1,,,,,0,1,,,,,0,1,,,,,0,1,,,,,0,1,,,,,0,1,3437.2105,254.74650000000003,204.605,372.545,2026-08-31T23:00:00Z,28770.0,1,,,,,,,,,,1,1,1,1,1,1,1,1,1,1,1,1,1,1,1,1,1,1,1,1,1,1,1,1,1,1,1,1,1,1,1,1,1,1,1,1,1,1,1,1,1,1,1,1,1,1,1,1,1,1,1,1,1,1,1,1,1,1,1,1,1,1,1,1,1,1,1,1,1,1,1,1,1,1,1,1,1,1,1,1,1,1,1,1,1,1,1,1,1,1,1,1,1,1,1,1,1,1,1,1,1,1,1,1,1,1,1,1,1,1,1,1,1,1,1,1,1,1,1,1,1
2026-09-20T22:30:00Z,2026-09-20T23:30:00Z,60,,,,0,1,,,,0,1,,,,0,1,,,,0,1,,,,0,1,,,,0,1,,,,0,1,,,,0,1,,,,0,1,,,,0,1,,,,0,1,,,,0,1,,,,0,1,,,,0,1,,,,0,1,,,,0,1,,,,0,1,,,,0,1,,,,0,1,,,,0,1,,,,0,1,,,,0,1,,,,0,1,,,,0,1,,,,,0,1,,,,,0,1,,,,,0,1,,,,,0,1,,,,,0,1,,,,,0,1,,,,,0,1,,,,,0,1,,,,,0,1,,,,,0,1,3437.2105,254.74650000000003,204.605,372.545,2026-08-31T23:00:00Z,28770.0,1,,,,,,,,,,1,1,1,1,1,1,1,1,1,1,1,1,1,1,1,1,1,1,1,1,1,1,1,1,1,1,1,1,1,1,1,1,1,1,1,1,1,1,1,1,1,1,1,1,1,1,1,1,1,1,1,1,1,1,1,1,1,1,1,1,1,1,1,1,1,1,1,1,1,1,1,1,1,1,1,1,1,1,1,1,1,1,1,1,1,1,1,1,1,1,1,1,1,1,1,1,1,1,1,1,1,1,1,1,1,1,1,1,1,1,1,1,1,1,1,1,1,1,1,1,1
2026-09-20T23:00:00Z,2026-09-20T23:30:00Z,30,,,,0,1,,,,0,1,,,,0,1,,,,0,1,,,,0,1,,,,0,1,,,,0,1,,,,0,1,,,,0,1,,,,0,1,,,,0,1,,,,0,1,,,,0,1,,,,0,1,,,,0,1,,,,0,1,,,,0,1,,,,0,1,,,,0,1,,,,0,1,,,,0,1,,,,0,1,,,,0,1,,,,0,1,,,,,0,1,,,,,0,1,,,,,0,1,,,,,0,1,,,,,0,1,,,,,0,1,,,,,0,1,,,,,0,1,,,,,0,1,,,,,0,1,3437.2105,254.74650000000003,204.605,372.545,2026-08-31T23:00:00Z,28800.0,1,,,,,,,,,,1,1,1,1,1,1,1,1,1,1,1,1,1,1,1,1,1,1,1,1,1,1,1,1,1,1,1,1,1,1,1,1,1,1,1,1,1,1,1,1,1,1,1,1,1,1,1,1,1,1,1,1,1,1,1,1,1,1,1,1,1,1,1,1,1,1,1,1,1,1,1,1,1,1,1,1,1,1,1,1,1,1,1,1,1,1,1,1,1,1,1,1,1,1,1,1,1,1,1,1,1,1,1,1,1,1,1,1,1,1,1,1,1,1,1,1,1,1,1,1,1
2026-09-20T23:00:00Z,2026-09-21T00:00:00Z,60,,,,0,1,,,,0,1,,,,0,1,,,,0,1,,,,0,1,,,,0,1,,,,0,1,,,,0,1,,,,0,1,,,,0,1,,,,0,1,,,,0,1,,,,0,1,,,,0,1,,,,0,1,,,,0,1,,,,0,1,,,,0,1,,,,0,1,,,,0,1,,,,0,1,,,,0,1,,,,0,1,,,,0,1,,,,,0,1,,,,,0,1,,,,,0,1,,,,,0,1,,,,,0,1,,,,,0,1,,,,,0,1,,,,,0,1,,,,,0,1,,,,,0,1,3437.2105,254.74650000000003,204.605,372.545,2026-08-31T23:00:00Z,28800.0,1,,,,,,,,,,1,1,1,1,1,1,1,1,1,1,1,1,1,1,1,1,1,1,1,1,1,1,1,1,1,1,1,1,1,1,1,1,1,1,1,1,1,1,1,1,1,1,1,1,1,1,1,1,1,1,1,1,1,1,1,1,1,1,1,1,1,1,1,1,1,1,1,1,1,1,1,1,1,1,1,1,1,1,1,1,1,1,1,1,1,1,1,1,1,1,1,1,1,1,1,1,1,1,1,1,1,1,1,1,1,1,1,1,1,1,1,1,1,1,1,1,1,1,1,1,1
2026-09-20T23:30:00Z,2026-09-21T00:00:00Z,30,,,,0,1,,,,0,1,,,,0,1,,,,0,1,,,,0,1,,,,0,1,,,,0,1,,,,0,1,,,,0,1,,,,0,1,,,,0,1,,,,0,1,,,,0,1,,,,0,1,,,,0,1,,,,0,1,,,,0,1,,,,0,1,,,,0,1,,,,0,1,,,,0,1,,,,0,1,,,,0,1,,,,0,1,,,,,0,1,,,,,0,1,,,,,0,1,,,,,0,1,,,,,0,1,,,,,0,1,,,,,0,1,,,,,0,1,,,,,0,1,,,,,0,1,3437.2105,254.74650000000003,204.605,372.545,2026-08-31T23:00:00Z,28830.0,1,,,,,,,,,,1,1,1,1,1,1,1,1,1,1,1,1,1,1,1,1,1,1,1,1,1,1,1,1,1,1,1,1,1,1,1,1,1,1,1,1,1,1,1,1,1,1,1,1,1,1,1,1,1,1,1,1,1,1,1,1,1,1,1,1,1,1,1,1,1,1,1,1,1,1,1,1,1,1,1,1,1,1,1,1,1,1,1,1,1,1,1,1,1,1,1,1,1,1,1,1,1,1,1,1,1,1,1,1,1,1,1,1,1,1,1,1,1,1,1,1,1,1,1,1,1
2026-09-20T23:30:00Z,2026-09-21T00:30:00Z,60,,,,0,1,,,,0,1,,,,0,1,,,,0,1,,,,0,1,,,,0,1,,,,0,1,,,,0,1,,,,0,1,,,,0,1,,,,0,1,,,,0,1,,,,0,1,,,,0,1,,,,0,1,,,,0,1,,,,0,1,,,,0,1,,,,0,1,,,,0,1,,,,0,1,,,,0,1,,,,0,1,,,,0,1,,,,,0,1,,,,,0,1,,,,,0,1,,,,,0,1,,,,,0,1,,,,,0,1,,,,,0,1,,,,,0,1,,,,,0,1,,,,,0,1,3437.2105,254.74650000000003,204.605,372.545,2026-08-31T23:00:00Z,28830.0,1,,,,,,,,,,1,1,1,1,1,1,1,1,1,1,1,1,1,1,1,1,1,1,1,1,1,1,1,1,1,1,1,1,1,1,1,1,1,1,1,1,1,1,1,1,1,1,1,1,1,1,1,1,1,1,1,1,1,1,1,1,1,1,1,1,1,1,1,1,1,1,1,1,1,1,1,1,1,1,1,1,1,1,1,1,1,1,1,1,1,1,1,1,1,1,1,1,1,1,1,1,1,1,1,1,1,1,1,1,1,1,1,1,1,1,1,1,1,1,1,1,1,1,1,1,1
2026-09-21T00:00:00Z,2026-09-21T00:30:00Z,30,,,,0,1,,,,0,1,,,,0,1,,,,0,1,,,,0,1,,,,0,1,,,,0,1,,,,0,1,,,,0,1,,,,0,1,,,,0,1,,,,0,1,,,,0,1,,,,0,1,,,,0,1,,,,0,1,,,,0,1,,,,0,1,,,,0,1,,,,0,1,,,,0,1,,,,0,1,,,,0,1,,,,0,1,,,,,0,1,,,,,0,1,,,,,0,1,,,,,0,1,,,,,0,1,,,,,0,1,,,,,0,1,,,,,0,1,,,,,0,1,,,,,0,1,3437.2105,254.74650000000003,204.605,372.545,2026-08-31T23:00:00Z,28860.0,1,,,,,,,,,,1,1,1,1,1,1,1,1,1,1,1,1,1,1,1,1,1,1,1,1,1,1,1,1,1,1,1,1,1,1,1,1,1,1,1,1,1,1,1,1,1,1,1,1,1,1,1,1,1,1,1,1,1,1,1,1,1,1,1,1,1,1,1,1,1,1,1,1,1,1,1,1,1,1,1,1,1,1,1,1,1,1,1,1,1,1,1,1,1,1,1,1,1,1,1,1,1,1,1,1,1,1,1,1,1,1,1,1,1,1,1,1,1,1,1,1,1,1,1,1,1
2026-09-21T00:00:00Z,2026-09-21T01:00:00Z,60,,,,0,1,,,,0,1,,,,0,1,,,,0,1,,,,0,1,,,,0,1,,,,0,1,,,,0,1,,,,0,1,,,,0,1,,,,0,1,,,,0,1,,,,0,1,,,,0,1,,,,0,1,,,,0,1,,,,0,1,,,,0,1,,,,0,1,,,,0,1,,,,0,1,,,,0,1,,,,0,1,,,,0,1,,,,,0,1,,,,,0,1,,,,,0,1,,,,,0,1,,,,,0,1,,,,,0,1,,,,,0,1,,,,,0,1,,,,,0,1,,,,,0,1,3437.2105,254.74650000000003,204.605,372.545,2026-08-31T23:00:00Z,28860.0,1,,,,,,,,,,1,1,1,1,1,1,1,1,1,1,1,1,1,1,1,1,1,1,1,1,1,1,1,1,1,1,1,1,1,1,1,1,1,1,1,1,1,1,1,1,1,1,1,1,1,1,1,1,1,1,1,1,1,1,1,1,1,1,1,1,1,1,1,1,1,1,1,1,1,1,1,1,1,1,1,1,1,1,1,1,1,1,1,1,1,1,1,1,1,1,1,1,1,1,1,1,1,1,1,1,1,1,1,1,1,1,1,1,1,1,1,1,1,1,1,1,1,1,1,1,1
2026-09-21T00:30:00Z,2026-09-21T01:00:00Z,30,,,,0,1,,,,0,1,,,,0,1,,,,0,1,,,,0,1,,,,0,1,,,,0,1,,,,0,1,,,,0,1,,,,0,1,,,,0,1,,,,0,1,,,,0,1,,,,0,1,,,,0,1,,,,0,1,,,,0,1,,,,0,1,,,,0,1,,,,0,1,,,,0,1,,,,0,1,,,,0,1,,,,0,1,,,,,0,1,,,,,0,1,,,,,0,1,,,,,0,1,,,,,0,1,,,,,0,1,,,,,0,1,,,,,0,1,,,,,0,1,,,,,0,1,3437.2105,254.74650000000003,204.605,372.545,2026-08-31T23:00:00Z,28890.0,1,,,,,,,,,,1,1,1,1,1,1,1,1,1,1,1,1,1,1,1,1,1,1,1,1,1,1,1,1,1,1,1,1,1,1,1,1,1,1,1,1,1,1,1,1,1,1,1,1,1,1,1,1,1,1,1,1,1,1,1,1,1,1,1,1,1,1,1,1,1,1,1,1,1,1,1,1,1,1,1,1,1,1,1,1,1,1,1,1,1,1,1,1,1,1,1,1,1,1,1,1,1,1,1,1,1,1,1,1,1,1,1,1,1,1,1,1,1,1,1,1,1,1,1,1,1
2026-09-21T00:30:00Z,2026-09-21T01:30:00Z,60,,,,0,1,,,,0,1,,,,0,1,,,,0,1,,,,0,1,,,,0,1,,,,0,1,,,,0,1,,,,0,1,,,,0,1,,,,0,1,,,,0,1,,,,0,1,,,,0,1,,,,0,1,,,,0,1,,,,0,1,,,,0,1,,,,0,1,,,,0,1,,,,0,1,,,,0,1,,,,0,1,,,,0,1,,,,,0,1,,,,,0,1,,,,,0,1,,,,,0,1,,,,,0,1,,,,,0,1,,,,,0,1,,,,,0,1,,,,,0,1,,,,,0,1,3437.2105,254.74650000000003,204.605,372.545,2026-08-31T23:00:00Z,28890.0,1,,,,,,,,,,1,1,1,1,1,1,1,1,1,1,1,1,1,1,1,1,1,1,1,1,1,1,1,1,1,1,1,1,1,1,1,1,1,1,1,1,1,1,1,1,1,1,1,1,1,1,1,1,1,1,1,1,1,1,1,1,1,1,1,1,1,1,1,1,1,1,1,1,1,1,1,1,1,1,1,1,1,1,1,1,1,1,1,1,1,1,1,1,1,1,1,1,1,1,1,1,1,1,1,1,1,1,1,1,1,1,1,1,1,1,1,1,1,1,1,1,1,1,1,1,1
2026-09-21T01:00:00Z,2026-09-21T01:30:00Z,30,,,,0,1,,,,0,1,,,,0,1,,,,0,1,,,,0,1,,,,0,1,,,,0,1,,,,0,1,,,,0,1,,,,0,1,,,,0,1,,,,0,1,,,,0,1,,,,0,1,,,,0,1,,,,0,1,,,,0,1,,,,0,1,,,,0,1,,,,0,1,,,,0,1,,,,0,1,,,,0,1,,,,0,1,,,,,0,1,,,,,0,1,,,,,0,1,,,,,0,1,,,,,0,1,,,,,0,1,,,,,0,1,,,,,0,1,,,,,0,1,,,,,0,1,3437.2105,254.74650000000003,204.605,372.545,2026-08-31T23:00:00Z,28920.0,1,,,,,,,,,,1,1,1,1,1,1,1,1,1,1,1,1,1,1,1,1,1,1,1,1,1,1,1,1,1,1,1,1,1,1,1,1,1,1,1,1,1,1,1,1,1,1,1,1,1,1,1,1,1,1,1,1,1,1,1,1,1,1,1,1,1,1,1,1,1,1,1,1,1,1,1,1,1,1,1,1,1,1,1,1,1,1,1,1,1,1,1,1,1,1,1,1,1,1,1,1,1,1,1,1,1,1,1,1,1,1,1,1,1,1,1,1,1,1,1,1,1,1,1,1,1
2026-09-21T01:00:00Z,2026-09-21T02:00:00Z,60,,,,0,1,,,,0,1,,,,0,1,,,,0,1,,,,0,1,,,,0,1,,,,0,1,,,,0,1,,,,0,1,,,,0,1,,,,0,1,,,,0,1,,,,0,1,,,,0,1,,,,0,1,,,,0,1,,,,0,1,,,,0,1,,,,0,1,,,,0,1,,,,0,1,,,,0,1,,,,0,1,,,,0,1,,,,,0,1,,,,,0,1,,,,,0,1,,,,,0,1,,,,,0,1,,,,,0,1,,,,,0,1,,,,,0,1,,,,,0,1,,,,,0,1,3437.2105,254.74650000000003,204.605,372.545,2026-08-31T23:00:00Z,28920.0,1,,,,,,,,,,1,1,1,1,1,1,1,1,1,1,1,1,1,1,1,1,1,1,1,1,1,1,1,1,1,1,1,1,1,1,1,1,1,1,1,1,1,1,1,1,1,1,1,1,1,1,1,1,1,1,1,1,1,1,1,1,1,1,1,1,1,1,1,1,1,1,1,1,1,1,1,1,1,1,1,1,1,1,1,1,1,1,1,1,1,1,1,1,1,1,1,1,1,1,1,1,1,1,1,1,1,1,1,1,1,1,1,1,1,1,1,1,1,1,1,1,1,1,1,1,1
2026-09-21T01:30:00Z,2026-09-21T02:00:00Z,30,,,,0,1,,,,0,1,,,,0,1,,,,0,1,,,,0,1,,,,0,1,,,,0,1,,,,0,1,,,,0,1,,,,0,1,,,,0,1,,,,0,1,,,,0,1,,,,0,1,,,,0,1,,,,0,1,,,,0,1,,,,0,1,,,,0,1,,,,0,1,,,,0,1,,,,0,1,,,,0,1,,,,0,1,,,,,0,1,,,,,0,1,,,,,0,1,,,,,0,1,,,,,0,1,,,,,0,1,,,,,0,1,,,,,0,1,,,,,0,1,,,,,0,1,3437.2105,254.74650000000003,204.605,372.545,2026-08-31T23:00:00Z,28950.0,1,,,,,,,,,,1,1,1,1,1,1,1,1,1,1,1,1,1,1,1,1,1,1,1,1,1,1,1,1,1,1,1,1,1,1,1,1,1,1,1,1,1,1,1,1,1,1,1,1,1,1,1,1,1,1,1,1,1,1,1,1,1,1,1,1,1,1,1,1,1,1,1,1,1,1,1,1,1,1,1,1,1,1,1,1,1,1,1,1,1,1,1,1,1,1,1,1,1,1,1,1,1,1,1,1,1,1,1,1,1,1,1,1,1,1,1,1,1,1,1,1,1,1,1,1,1
2026-09-21T01:30:00Z,2026-09-21T02:30:00Z,60,,,,0,1,,,,0,1,,,,0,1,,,,0,1,,,,0,1,,,,0,1,,,,0,1,,,,0,1,,,,0,1,,,,0,1,,,,0,1,,,,0,1,,,,0,1,,,,0,1,,,,0,1,,,,0,1,,,,0,1,,,,0,1,,,,0,1,,,,0,1,,,,0,1,,,,0,1,,,,0,1,,,,0,1,,,,,0,1,,,,,0,1,,,,,0,1,,,,,0,1,,,,,0,1,,,,,0,1,,,,,0,1,,,,,0,1,,,,,0,1,,,,,0,1,3437.2105,254.74650000000003,204.605,372.545,2026-08-31T23:00:00Z,28950.0,1,,,,,,,,,,1,1,1,1,1,1,1,1,1,1,1,1,1,1,1,1,1,1,1,1,1,1,1,1,1,1,1,1,1,1,1,1,1,1,1,1,1,1,1,1,1,1,1,1,1,1,1,1,1,1,1,1,1,1,1,1,1,1,1,1,1,1,1,1,1,1,1,1,1,1,1,1,1,1,1,1,1,1,1,1,1,1,1,1,1,1,1,1,1,1,1,1,1,1,1,1,1,1,1,1,1,1,1,1,1,1,1,1,1,1,1,1,1,1,1,1,1,1,1,1,1
2026-09-21T02:00:00Z,2026-09-21T02:30:00Z,30,,,,0,1,,,,0,1,,,,0,1,,,,0,1,,,,0,1,,,,0,1,,,,0,1,,,,0,1,,,,0,1,,,,0,1,,,,0,1,,,,0,1,,,,0,1,,,,0,1,,,,0,1,,,,0,1,,,,0,1,,,,0,1,,,,0,1,,,,0,1,,,,0,1,,,,0,1,,,,0,1,,,,0,1,,,,,0,1,,,,,0,1,,,,,0,1,,,,,0,1,,,,,0,1,,,,,0,1,,,,,0,1,,,,,0,1,,,,,0,1,,,,,0,1,3437.2105,254.74650000000003,204.605,372.545,2026-08-31T23:00:00Z,28980.0,1,,,,,,,,,,1,1,1,1,1,1,1,1,1,1,1,1,1,1,1,1,1,1,1,1,1,1,1,1,1,1,1,1,1,1,1,1,1,1,1,1,1,1,1,1,1,1,1,1,1,1,1,1,1,1,1,1,1,1,1,1,1,1,1,1,1,1,1,1,1,1,1,1,1,1,1,1,1,1,1,1,1,1,1,1,1,1,1,1,1,1,1,1,1,1,1,1,1,1,1,1,1,1,1,1,1,1,1,1,1,1,1,1,1,1,1,1,1,1,1,1,1,1,1,1,1
2026-09-21T02:00:00Z,2026-09-21T03:00:00Z,60,,,,0,1,,,,0,1,,,,0,1,,,,0,1,,,,0,1,,,,0,1,,,,0,1,,,,0,1,,,,0,1,,,,0,1,,,,0,1,,,,0,1,,,,0,1,,,,0,1,,,,0,1,,,,0,1,,,,0,1,,,,0,1,,,,0,1,,,,0,1,,,,0,1,,,,0,1,,,,0,1,,,,0,1,,,,,0,1,,,,,0,1,,,,,0,1,,,,,0,1,,,,,0,1,,,,,0,1,,,,,0,1,,,,,0,1,,,,,0,1,,,,,0,1,3437.2105,254.74650000000003,204.605,372.545,2026-08-31T23:00:00Z,28980.0,1,,,,,,,,,,1,1,1,1,1,1,1,1,1,1,1,1,1,1,1,1,1,1,1,1,1,1,1,1,1,1,1,1,1,1,1,1,1,1,1,1,1,1,1,1,1,1,1,1,1,1,1,1,1,1,1,1,1,1,1,1,1,1,1,1,1,1,1,1,1,1,1,1,1,1,1,1,1,1,1,1,1,1,1,1,1,1,1,1,1,1,1,1,1,1,1,1,1,1,1,1,1,1,1,1,1,1,1,1,1,1,1,1,1,1,1,1,1,1,1,1,1,1,1,1,1
2026-09-21T02:30:00Z,2026-09-21T03:00:00Z,30,,,,0,1,,,,0,1,,,,0,1,,,,0,1,,,,0,1,,,,0,1,,,,0,1,,,,0,1,,,,0,1,,,,0,1,,,,0,1,,,,0,1,,,,0,1,,,,0,1,,,,0,1,,,,0,1,,,,0,1,,,,0,1,,,,0,1,,,,0,1,,,,0,1,,,,0,1,,,,0,1,,,,0,1,,,,,0,1,,,,,0,1,,,,,0,1,,,,,0,1,,,,,0,1,,,,,0,1,,,,,0,1,,,,,0,1,,,,,0,1,,,,,0,1,3437.2105,254.74650000000003,204.605,372.545,2026-08-31T23:00:00Z,29010.0,1,,,,,,,,,,1,1,1,1,1,1,1,1,1,1,1,1,1,1,1,1,1,1,1,1,1,1,1,1,1,1,1,1,1,1,1,1,1,1,1,1,1,1,1,1,1,1,1,1,1,1,1,1,1,1,1,1,1,1,1,1,1,1,1,1,1,1,1,1,1,1,1,1,1,1,1,1,1,1,1,1,1,1,1,1,1,1,1,1,1,1,1,1,1,1,1,1,1,1,1,1,1,1,1,1,1,1,1,1,1,1,1,1,1,1,1,1,1,1,1,1,1,1,1,1,1
2026-09-21T02:30:00Z,2026-09-21T03:30:00Z,60,,,,0,1,,,,0,1,,,,0,1,,,,0,1,,,,0,1,,,,0,1,,,,0,1,,,,0,1,,,,0,1,,,,0,1,,,,0,1,,,,0,1,,,,0,1,,,,0,1,,,,0,1,,,,0,1,,,,0,1,,,,0,1,,,,0,1,,,,0,1,,,,0,1,,,,0,1,,,,0,1,,,,0,1,,,,,0,1,,,,,0,1,,,,,0,1,,,,,0,1,,,,,0,1,,,,,0,1,,,,,0,1,,,,,0,1,,,,,0,1,,,,,0,1,3437.2105,254.74650000000003,204.605,372.545,2026-08-31T23:00:00Z,29010.0,1,,,,,,,,,,1,1,1,1,1,1,1,1,1,1,1,1,1,1,1,1,1,1,1,1,1,1,1,1,1,1,1,1,1,1,1,1,1,1,1,1,1,1,1,1,1,1,1,1,1,1,1,1,1,1,1,1,1,1,1,1,1,1,1,1,1,1,1,1,1,1,1,1,1,1,1,1,1,1,1,1,1,1,1,1,1,1,1,1,1,1,1,1,1,1,1,1,1,1,1,1,1,1,1,1,1,1,1,1,1,1,1,1,1,1,1,1,1,1,1,1,1,1,1,1,1
2026-09-21T03:00:00Z,2026-09-21T03:30:00Z,30,,,,0,1,,,,0,1,,,,0,1,,,,0,1,,,,0,1,,,,0,1,,,,0,1,,,,0,1,,,,0,1,,,,0,1,,,,0,1,,,,0,1,,,,0,1,,,,0,1,,,,0,1,,,,0,1,,,,0,1,,,,0,1,,,,0,1,,,,0,1,,,,0,1,,,,0,1,,,,0,1,,,,0,1,,,,,0,1,,,,,0,1,,,,,0,1,,,,,0,1,,,,,0,1,,,,,0,1,,,,,0,1,,,,,0,1,,,,,0,1,,,,,0,1,3437.2105,254.74650000000003,204.605,372.545,2026-08-31T23:00:00Z,29040.0,1,,,,,,,,,,1,1,1,1,1,1,1,1,1,1,1,1,1,1,1,1,1,1,1,1,1,1,1,1,1,1,1,1,1,1,1,1,1,1,1,1,1,1,1,1,1,1,1,1,1,1,1,1,1,1,1,1,1,1,1,1,1,1,1,1,1,1,1,1,1,1,1,1,1,1,1,1,1,1,1,1,1,1,1,1,1,1,1,1,1,1,1,1,1,1,1,1,1,1,1,1,1,1,1,1,1,1,1,1,1,1,1,1,1,1,1,1,1,1,1,1,1,1,1,1,1
2026-09-21T03:00:00Z,2026-09-21T04:00:00Z,60,,,,0,1,,,,0,1,,,,0,1,,,,0,1,,,,0,1,,,,0,1,,,,0,1,,,,0,1,,,,0,1,,,,0,1,,,,0,1,,,,0,1,,,,0,1,,,,0,1,,,,0,1,,,,0,1,,,,0,1,,,,0,1,,,,0,1,,,,0,1,,,,0,1,,,,0,1,,,,0,1,,,,0,1,,,,,0,1,,,,,0,1,,,,,0,1,,,,,0,1,,,,,0,1,,,,,0,1,,,,,0,1,,,,,0,1,,,,,0,1,,,,,0,1,3437.2105,254.74650000000003,204.605,372.545,2026-08-31T23:00:00Z,29040.0,1,,,,,,,,,,1,1,1,1,1,1,1,1,1,1,1,1,1,1,1,1,1,1,1,1,1,1,1,1,1,1,1,1,1,1,1,1,1,1,1,1,1,1,1,1,1,1,1,1,1,1,1,1,1,1,1,1,1,1,1,1,1,1,1,1,1,1,1,1,1,1,1,1,1,1,1,1,1,1,1,1,1,1,1,1,1,1,1,1,1,1,1,1,1,1,1,1,1,1,1,1,1,1,1,1,1,1,1,1,1,1,1,1,1,1,1,1,1,1,1,1,1,1,1,1,1
2026-09-21T03:30:00Z,2026-09-21T04:00:00Z,30,,,,0,1,,,,0,1,,,,0,1,,,,0,1,,,,0,1,,,,0,1,,,,0,1,,,,0,1,,,,0,1,,,,0,1,,,,0,1,,,,0,1,,,,0,1,,,,0,1,,,,0,1,,,,0,1,,,,0,1,,,,0,1,,,,0,1,,,,0,1,,,,0,1,,,,0,1,,,,0,1,,,,0,1,,,,,0,1,,,,,0,1,,,,,0,1,,,,,0,1,,,,,0,1,,,,,0,1,,,,,0,1,,,,,0,1,,,,,0,1,,,,,0,1,3437.2105,254.74650000000003,204.605,372.545,2026-08-31T23:00:00Z,29070.0,1,,,,,,,,,,1,1,1,1,1,1,1,1,1,1,1,1,1,1,1,1,1,1,1,1,1,1,1,1,1,1,1,1,1,1,1,1,1,1,1,1,1,1,1,1,1,1,1,1,1,1,1,1,1,1,1,1,1,1,1,1,1,1,1,1,1,1,1,1,1,1,1,1,1,1,1,1,1,1,1,1,1,1,1,1,1,1,1,1,1,1,1,1,1,1,1,1,1,1,1,1,1,1,1,1,1,1,1,1,1,1,1,1,1,1,1,1,1,1,1,1,1,1,1,1,1
2026-09-21T03:30:00Z,2026-09-21T04:30:00Z,60,,,,0,1,,,,0,1,,,,0,1,,,,0,1,,,,0,1,,,,0,1,,,,0,1,,,,0,1,,,,0,1,,,,0,1,,,,0,1,,,,0,1,,,,0,1,,,,0,1,,,,0,1,,,,0,1,,,,0,1,,,,0,1,,,,0,1,,,,0,1,,,,0,1,,,,0,1,,,,0,1,,,,0,1,,,,,0,1,,,,,0,1,,,,,0,1,,,,,0,1,,,,,0,1,,,,,0,1,,,,,0,1,,,,,0,1,,,,,0,1,,,,,0,1,3437.2105,254.74650000000003,204.605,372.545,2026-08-31T23:00:00Z,29070.0,1,,,,,,,,,,1,1,1,1,1,1,1,1,1,1,1,1,1,1,1,1,1,1,1,1,1,1,1,1,1,1,1,1,1,1,1,1,1,1,1,1,1,1,1,1,1,1,1,1,1,1,1,1,1,1,1,1,1,1,1,1,1,1,1,1,1,1,1,1,1,1,1,1,1,1,1,1,1,1,1,1,1,1,1,1,1,1,1,1,1,1,1,1,1,1,1,1,1,1,1,1,1,1,1,1,1,1,1,1,1,1,1,1,1,1,1,1,1,1,1,1,1,1,1,1,1
2026-09-21T04:00:00Z,2026-09-21T04:30:00Z,30,,,,0,1,,,,0,1,,,,0,1,,,,0,1,,,,0,1,,,,0,1,,,,0,1,,,,0,1,,,,0,1,,,,0,1,,,,0,1,,,,0,1,,,,0,1,,,,0,1,,,,0,1,,,,0,1,,,,0,1,,,,0,1,,,,0,1,,,,0,1,,,,0,1,,,,0,1,,,,0,1,,,,0,1,,,,,0,1,,,,,0,1,,,,,0,1,,,,,0,1,,,,,0,1,,,,,0,1,,,,,0,1,,,,,0,1,,,,,0,1,,,,,0,1,3437.2105,254.74650000000003,204.605,372.545,2026-08-31T23:00:00Z,29100.0,1,,,,,,,,,,1,1,1,1,1,1,1,1,1,1,1,1,1,1,1,1,1,1,1,1,1,1,1,1,1,1,1,1,1,1,1,1,1,1,1,1,1,1,1,1,1,1,1,1,1,1,1,1,1,1,1,1,1,1,1,1,1,1,1,1,1,1,1,1,1,1,1,1,1,1,1,1,1,1,1,1,1,1,1,1,1,1,1,1,1,1,1,1,1,1,1,1,1,1,1,1,1,1,1,1,1,1,1,1,1,1,1,1,1,1,1,1,1,1,1,1,1,1,1,1,1
2026-09-21T04:00:00Z,2026-09-21T05:00:00Z,60,,,,0,1,,,,0,1,,,,0,1,,,,0,1,,,,0,1,,,,0,1,,,,0,1,,,,0,1,,,,0,1,,,,0,1,,,,0,1,,,,0,1,,,,0,1,,,,0,1,,,,0,1,,,,0,1,,,,0,1,,,,0,1,,,,0,1,,,,0,1,,,,0,1,,,,0,1,,,,0,1,,,,0,1,,,,,0,1,,,,,0,1,,,,,0,1,,,,,0,1,,,,,0,1,,,,,0,1,,,,,0,1,,,,,0,1,,,,,0,1,,,,,0,1,3437.2105,254.74650000000003,204.605,372.545,2026-08-31T23:00:00Z,29100.0,1,,,,,,,,,,1,1,1,1,1,1,1,1,1,1,1,1,1,1,1,1,1,1,1,1,1,1,1,1,1,1,1,1,1,1,1,1,1,1,1,1,1,1,1,1,1,1,1,1,1,1,1,1,1,1,1,1,1,1,1,1,1,1,1,1,1,1,1,1,1,1,1,1,1,1,1,1,1,1,1,1,1,1,1,1,1,1,1,1,1,1,1,1,1,1,1,1,1,1,1,1,1,1,1,1,1,1,1,1,1,1,1,1,1,1,1,1,1,1,1,1,1,1,1,1,1
2026-09-21T04:30:00Z,2026-09-21T05:00:00Z,30,,,,0,1,,,,0,1,,,,0,1,,,,0,1,,,,0,1,,,,0,1,,,,0,1,,,,0,1,,,,0,1,,,,0,1,,,,0,1,,,,0,1,,,,0,1,,,,0,1,,,,0,1,,,,0,1,,,,0,1,,,,0,1,,,,0,1,,,,0,1,,,,0,1,,,,0,1,,,,0,1,,,,0,1,,,,,0,1,,,,,0,1,,,,,0,1,,,,,0,1,,,,,0,1,,,,,0,1,,,,,0,1,,,,,0,1,,,,,0,1,,,,,0,1,3437.2105,254.74650000000003,204.605,372.545,2026-08-31T23:00:00Z,29130.0,1,,,,,,,,,,1,1,1,1,1,1,1,1,1,1,1,1,1,1,1,1,1,1,1,1,1,1,1,1,1,1,1,1,1,1,1,1,1,1,1,1,1,1,1,1,1,1,1,1,1,1,1,1,1,1,1,1,1,1,1,1,1,1,1,1,1,1,1,1,1,1,1,1,1,1,1,1,1,1,1,1,1,1,1,1,1,1,1,1,1,1,1,1,1,1,1,1,1,1,1,1,1,1,1,1,1,1,1,1,1,1,1,1,1,1,1,1,1,1,1,1,1,1,1,1,1
2026-09-21T04:30:00Z,2026-09-21T05:30:00Z,60,,,,0,1,,,,0,1,,,,0,1,,,,0,1,,,,0,1,,,,0,1,,,,0,1,,,,0,1,,,,0,1,,,,0,1,,,,0,1,,,,0,1,,,,0,1,,,,0,1,,,,0,1,,,,0,1,,,,0,1,,,,0,1,,,,0,1,,,,0,1,,,,0,1,,,,0,1,,,,0,1,,,,0,1,,,,,0,1,,,,,0,1,,,,,0,1,,,,,0,1,,,,,0,1,,,,,0,1,,,,,0,1,,,,,0,1,,,,,0,1,,,,,0,1,3437.2105,254.74650000000003,204.605,372.545,2026-08-31T23:00:00Z,29130.0,1,,,,,,,,,,1,1,1,1,1,1,1,1,1,1,1,1,1,1,1,1,1,1,1,1,1,1,1,1,1,1,1,1,1,1,1,1,1,1,1,1,1,1,1,1,1,1,1,1,1,1,1,1,1,1,1,1,1,1,1,1,1,1,1,1,1,1,1,1,1,1,1,1,1,1,1,1,1,1,1,1,1,1,1,1,1,1,1,1,1,1,1,1,1,1,1,1,1,1,1,1,1,1,1,1,1,1,1,1,1,1,1,1,1,1,1,1,1,1,1,1,1,1,1,1,1
2026-09-21T05:00:00Z,2026-09-21T05:30:00Z,30,,,,0,1,,,,0,1,,,,0,1,,,,0,1,,,,0,1,,,,0,1,,,,0,1,,,,0,1,,,,0,1,,,,0,1,,,,0,1,,,,0,1,,,,0,1,,,,0,1,,,,0,1,,,,0,1,,,,0,1,,,,0,1,,,,0,1,,,,0,1,,,,0,1,,,,0,1,,,,0,1,,,,0,1,,,,,0,1,,,,,0,1,,,,,0,1,,,,,0,1,,,,,0,1,,,,,0,1,,,,,0,1,,,,,0,1,,,,,0,1,,,,,0,1,3437.2105,254.74650000000003,204.605,372.545,2026-08-31T23:00:00Z,29160.0,1,,,,,,,,,,1,1,1,1,1,1,1,1,1,1,1,1,1,1,1,1,1,1,1,1,1,1,1,1,1,1,1,1,1,1,1,1,1,1,1,1,1,1,1,1,1,1,1,1,1,1,1,1,1,1,1,1,1,1,1,1,1,1,1,1,1,1,1,1,1,1,1,1,1,1,1,1,1,1,1,1,1,1,1,1,1,1,1,1,1,1,1,1,1,1,1,1,1,1,1,1,1,1,1,1,1,1,1,1,1,1,1,1,1,1,1,1,1,1,1,1,1,1,1,1,1
2026-09-21T05:00:00Z,2026-09-21T06:00:00Z,60,,,,0,1,,,,0,1,,,,0,1,,,,0,1,,,,0,1,,,,0,1,,,,0,1,,,,0,1,,,,0,1,,,,0,1,,,,0,1,,,,0,1,,,,0,1,,,,0,1,,,,0,1,,,,0,1,,,,0,1,,,,0,1,,,,0,1,,,,0,1,,,,0,1,,,,0,1,,,,0,1,,,,0,1,,,,,0,1,,,,,0,1,,,,,0,1,,,,,0,1,,,,,0,1,,,,,0,1,,,,,0,1,,,,,0,1,,,,,0,1,,,,,0,1,3437.2105,254.74650000000003,204.605,372.545,2026-08-31T23:00:00Z,29160.0,1,,,,,,,,,,1,1,1,1,1,1,1,1,1,1,1,1,1,1,1,1,1,1,1,1,1,1,1,1,1,1,1,1,1,1,1,1,1,1,1,1,1,1,1,1,1,1,1,1,1,1,1,1,1,1,1,1,1,1,1,1,1,1,1,1,1,1,1,1,1,1,1,1,1,1,1,1,1,1,1,1,1,1,1,1,1,1,1,1,1,1,1,1,1,1,1,1,1,1,1,1,1,1,1,1,1,1,1,1,1,1,1,1,1,1,1,1,1,1,1,1,1,1,1,1,1
2026-09-21T05:30:00Z,2026-09-21T06:00:00Z,30,,,,0,1,,,,0,1,,,,0,1,,,,0,1,,,,0,1,,,,0,1,,,,0,1,,,,0,1,,,,0,1,,,,0,1,,,,0,1,,,,0,1,,,,0,1,,,,0,1,,,,0,1,,,,0,1,,,,0,1,,,,0,1,,,,0,1,,,,0,1,,,,0,1,,,,0,1,,,,0,1,,,,0,1,,,,,0,1,,,,,0,1,,,,,0,1,,,,,0,1,,,,,0,1,,,,,0,1,,,,,0,1,,,,,0,1,,,,,0,1,,,,,0,1,3437.2105,254.74650000000003,204.605,372.545,2026-08-31T23:00:00Z,29190.0,1,,,,,,,,,,1,1,1,1,1,1,1,1,1,1,1,1,1,1,1,1,1,1,1,1,1,1,1,1,1,1,1,1,1,1,1,1,1,1,1,1,1,1,1,1,1,1,1,1,1,1,1,1,1,1,1,1,1,1,1,1,1,1,1,1,1,1,1,1,1,1,1,1,1,1,1,1,1,1,1,1,1,1,1,1,1,1,1,1,1,1,1,1,1,1,1,1,1,1,1,1,1,1,1,1,1,1,1,1,1,1,1,1,1,1,1,1,1,1,1,1,1,1,1,1,1
2026-09-21T05:30:00Z,2026-09-21T06:30:00Z,60,,,,0,1,,,,0,1,,,,0,1,,,,0,1,,,,0,1,,,,0,1,,,,0,1,,,,0,1,,,,0,1,,,,0,1,,,,0,1,,,,0,1,,,,0,1,,,,0,1,,,,0,1,,,,0,1,,,,0,1,,,,0,1,,,,0,1,,,,0,1,,,,0,1,,,,0,1,,,,0,1,,,,0,1,,,,,0,1,,,,,0,1,,,,,0,1,,,,,0,1,,,,,0,1,,,,,0,1,,,,,0,1,,,,,0,1,,,,,0,1,,,,,0,1,3437.2105,254.74650000000003,204.605,372.545,2026-08-31T23:00:00Z,29190.0,1,,,,,,,,,,1,1,1,1,1,1,1,1,1,1,1,1,1,1,1,1,1,1,1,1,1,1,1,1,1,1,1,1,1,1,1,1,1,1,1,1,1,1,1,1,1,1,1,1,1,1,1,1,1,1,1,1,1,1,1,1,1,1,1,1,1,1,1,1,1,1,1,1,1,1,1,1,1,1,1,1,1,1,1,1,1,1,1,1,1,1,1,1,1,1,1,1,1,1,1,1,1,1,1,1,1,1,1,1,1,1,1,1,1,1,1,1,1,1,1,1,1,1,1,1,1
2026-09-21T06:00:00Z,2026-09-21T06:30:00Z,30,,,,0,1,,,,0,1,,,,0,1,,,,0,1,,,,0,1,,,,0,1,,,,0,1,,,,0,1,,,,0,1,,,,0,1,,,,0,1,,,,0,1,,,,0,1,,,,0,1,,,,0,1,,,,0,1,,,,0,1,,,,0,1,,,,0,1,,,,0,1,,,,0,1,,,,0,1,,,,0,1,,,,0,1,,,,,0,1,,,,,0,1,,,,,0,1,,,,,0,1,,,,,0,1,,,,,0,1,,,,,0,1,,,,,0,1,,,,,0,1,,,,,0,1,3437.2105,254.74650000000003,204.605,372.545,2026-08-31T23:00:00Z,29220.0,1,,,,,,,,,,1,1,1,1,1,1,1,1,1,1,1,1,1,1,1,1,1,1,1,1,1,1,1,1,1,1,1,1,1,1,1,1,1,1,1,1,1,1,1,1,1,1,1,1,1,1,1,1,1,1,1,1,1,1,1,1,1,1,1,1,1,1,1,1,1,1,1,1,1,1,1,1,1,1,1,1,1,1,1,1,1,1,1,1,1,1,1,1,1,1,1,1,1,1,1,1,1,1,1,1,1,1,1,1,1,1,1,1,1,1,1,1,1,1,1,1,1,1,1,1,1
2026-09-21T06:00:00Z,2026-09-21T07:00:00Z,60,,,,0,1,,,,0,1,,,,0,1,,,,0,1,,,,0,1,,,,0,1,,,,0,1,,,,0,1,,,,0,1,,,,0,1,,,,0,1,,,,0,1,,,,0,1,,,,0,1,,,,0,1,,,,0,1,,,,0,1,,,,0,1,,,,0,1,,,,0,1,,,,0,1,,,,0,1,,,,0,1,,,,0,1,,,,,0,1,,,,,0,1,,,,,0,1,,,,,0,1,,,,,0,1,,,,,0,1,,,,,0,1,,,,,0,1,,,,,0,1,,,,,0,1,3437.2105,254.74650000000003,204.605,372.545,2026-08-31T23:00:00Z,29220.0,1,,,,,,,,,,1,1,1,1,1,1,1,1,1,1,1,1,1,1,1,1,1,1,1,1,1,1,1,1,1,1,1,1,1,1,1,1,1,1,1,1,1,1,1,1,1,1,1,1,1,1,1,1,1,1,1,1,1,1,1,1,1,1,1,1,1,1,1,1,1,1,1,1,1,1,1,1,1,1,1,1,1,1,1,1,1,1,1,1,1,1,1,1,1,1,1,1,1,1,1,1,1,1,1,1,1,1,1,1,1,1,1,1,1,1,1,1,1,1,1,1,1,1,1,1,1
2026-09-21T06:30:00Z,2026-09-21T07:00:00Z,30,,,,0,1,,,,0,1,,,,0,1,,,,0,1,,,,0,1,,,,0,1,,,,0,1,,,,0,1,,,,0,1,,,,0,1,,,,0,1,,,,0,1,,,,0,1,,,,0,1,,,,0,1,,,,0,1,,,,0,1,,,,0,1,,,,0,1,,,,0,1,,,,0,1,,,,0,1,,,,0,1,,,,0,1,,,,,0,1,,,,,0,1,,,,,0,1,,,,,0,1,,,,,0,1,,,,,0,1,,,,,0,1,,,,,0,1,,,,,0,1,,,,,0,1,3437.2105,254.74650000000003,204.605,372.545,2026-08-31T23:00:00Z,29250.0,1,,,,,,,,,,1,1,1,1,1,1,1,1,1,1,1,1,1,1,1,1,1,1,1,1,1,1,1,1,1,1,1,1,1,1,1,1,1,1,1,1,1,1,1,1,1,1,1,1,1,1,1,1,1,1,1,1,1,1,1,1,1,1,1,1,1,1,1,1,1,1,1,1,1,1,1,1,1,1,1,1,1,1,1,1,1,1,1,1,1,1,1,1,1,1,1,1,1,1,1,1,1,1,1,1,1,1,1,1,1,1,1,1,1,1,1,1,1,1,1,1,1,1,1,1,1
2026-09-21T06:30:00Z,2026-09-21T07:30:00Z,60,,,,0,1,,,,0,1,,,,0,1,,,,0,1,,,,0,1,,,,0,1,,,,0,1,,,,0,1,,,,0,1,,,,0,1,,,,0,1,,,,0,1,,,,0,1,,,,0,1,,,,0,1,,,,0,1,,,,0,1,,,,0,1,,,,0,1,,,,0,1,,,,0,1,,,,0,1,,,,0,1,,,,0,1,,,,,0,1,,,,,0,1,,,,,0,1,,,,,0,1,,,,,0,1,,,,,0,1,,,,,0,1,,,,,0,1,,,,,0,1,,,,,0,1,3437.2105,254.74650000000003,204.605,372.545,2026-08-31T23:00:00Z,29250.0,1,,,,,,,,,,1,1,1,1,1,1,1,1,1,1,1,1,1,1,1,1,1,1,1,1,1,1,1,1,1,1,1,1,1,1,1,1,1,1,1,1,1,1,1,1,1,1,1,1,1,1,1,1,1,1,1,1,1,1,1,1,1,1,1,1,1,1,1,1,1,1,1,1,1,1,1,1,1,1,1,1,1,1,1,1,1,1,1,1,1,1,1,1,1,1,1,1,1,1,1,1,1,1,1,1,1,1,1,1,1,1,1,1,1,1,1,1,1,1,1,1,1,1,1,1,1
2026-09-21T07:00:00Z,2026-09-21T07:30:00Z,30,,,,0,1,,,,0,1,,,,0,1,,,,0,1,,,,0,1,,,,0,1,,,,0,1,,,,0,1,,,,0,1,,,,0,1,,,,0,1,,,,0,1,,,,0,1,,,,0,1,,,,0,1,,,,0,1,,,,0,1,,,,0,1,,,,0,1,,,,0,1,,,,0,1,,,,0,1,,,,0,1,,,,0,1,,,,,0,1,,,,,0,1,,,,,0,1,,,,,0,1,,,,,0,1,,,,,0,1,,,,,0,1,,,,,0,1,,,,,0,1,,,,,0,1,3437.2105,254.74650000000003,204.605,372.545,2026-08-31T23:00:00Z,29280.0,1,,,,,,,,,,1,1,1,1,1,1,1,1,1,1,1,1,1,1,1,1,1,1,1,1,1,1,1,1,1,1,1,1,1,1,1,1,1,1,1,1,1,1,1,1,1,1,1,1,1,1,1,1,1,1,1,1,1,1,1,1,1,1,1,1,1,1,1,1,1,1,1,1,1,1,1,1,1,1,1,1,1,1,1,1,1,1,1,1,1,1,1,1,1,1,1,1,1,1,1,1,1,1,1,1,1,1,1,1,1,1,1,1,1,1,1,1,1,1,1,1,1,1,1,1,1
2026-09-21T07:00:00Z,2026-09-21T08:00:00Z,60,,,,0,1,,,,0,1,,,,0,1,,,,0,1,,,,0,1,,,,0,1,,,,0,1,,,,0,1,,,,0,1,,,,0,1,,,,0,1,,,,0,1,,,,0,1,,,,0,1,,,,0,1,,,,0,1,,,,0,1,,,,0,1,,,,0,1,,,,0,1,,,,0,1,,,,0,1,,,,0,1,,,,0,1,,,,,0,1,,,,,0,1,,,,,0,1,,,,,0,1,,,,,0,1,,,,,0,1,,,,,0,1,,,,,0,1,,,,,0,1,,,,,0,1,3437.2105,254.74650000000003,204.605,372.545,2026-08-31T23:00:00Z,29280.0,1,,,,,,,,,,1,1,1,1,1,1,1,1,1,1,1,1,1,1,1,1,1,1,1,1,1,1,1,1,1,1,1,1,1,1,1,1,1,1,1,1,1,1,1,1,1,1,1,1,1,1,1,1,1,1,1,1,1,1,1,1,1,1,1,1,1,1,1,1,1,1,1,1,1,1,1,1,1,1,1,1,1,1,1,1,1,1,1,1,1,1,1,1,1,1,1,1,1,1,1,1,1,1,1,1,1,1,1,1,1,1,1,1,1,1,1,1,1,1,1,1,1,1,1,1,1
2026-09-21T07:30:00Z,2026-09-21T08:00:00Z,30,,,,0,1,,,,0,1,,,,0,1,,,,0,1,,,,0,1,,,,0,1,,,,0,1,,,,0,1,,,,0,1,,,,0,1,,,,0,1,,,,0,1,,,,0,1,,,,0,1,,,,0,1,,,,0,1,,,,0,1,,,,0,1,,,,0,1,,,,0,1,,,,0,1,,,,0,1,,,,0,1,,,,0,1,,,,,0,1,,,,,0,1,,,,,0,1,,,,,0,1,,,,,0,1,,,,,0,1,,,,,0,1,,,,,0,1,,,,,0,1,,,,,0,1,3437.2105,254.74650000000003,204.605,372.545,2026-08-31T23:00:00Z,29310.0,1,,,,,,,,,,1,1,1,1,1,1,1,1,1,1,1,1,1,1,1,1,1,1,1,1,1,1,1,1,1,1,1,1,1,1,1,1,1,1,1,1,1,1,1,1,1,1,1,1,1,1,1,1,1,1,1,1,1,1,1,1,1,1,1,1,1,1,1,1,1,1,1,1,1,1,1,1,1,1,1,1,1,1,1,1,1,1,1,1,1,1,1,1,1,1,1,1,1,1,1,1,1,1,1,1,1,1,1,1,1,1,1,1,1,1,1,1,1,1,1,1,1,1,1,1,1
2026-09-21T07:30:00Z,2026-09-21T08:30:00Z,60,,,,0,1,,,,0,1,,,,0,1,,,,0,1,,,,0,1,,,,0,1,,,,0,1,,,,0,1,,,,0,1,,,,0,1,,,,0,1,,,,0,1,,,,0,1,,,,0,1,,,,0,1,,,,0,1,,,,0,1,,,,0,1,,,,0,1,,,,0,1,,,,0,1,,,,0,1,,,,0,1,,,,0,1,,,,,0,1,,,,,0,1,,,,,0,1,,,,,0,1,,,,,0,1,,,,,0,1,,,,,0,1,,,,,0,1,,,,,0,1,,,,,0,1,3437.2105,254.74650000000003,204.605,372.545,2026-08-31T23:00:00Z,29310.0,1,,,,,,,,,,1,1,1,1,1,1,1,1,1,1,1,1,1,1,1,1,1,1,1,1,1,1,1,1,1,1,1,1,1,1,1,1,1,1,1,1,1,1,1,1,1,1,1,1,1,1,1,1,1,1,1,1,1,1,1,1,1,1,1,1,1,1,1,1,1,1,1,1,1,1,1,1,1,1,1,1,1,1,1,1,1,1,1,1,1,1,1,1,1,1,1,1,1,1,1,1,1,1,1,1,1,1,1,1,1,1,1,1,1,1,1,1,1,1,1,1,1,1,1,1,1
2026-09-21T08:00:00Z,2026-09-21T08:30:00Z,30,,,,0,1,,,,0,1,,,,0,1,,,,0,1,,,,0,1,,,,0,1,,,,0,1,,,,0,1,,,,0,1,,,,0,1,,,,0,1,,,,0,1,,,,0,1,,,,0,1,,,,0,1,,,,0,1,,,,0,1,,,,0,1,,,,0,1,,,,0,1,,,,0,1,,,,0,1,,,,0,1,,,,0,1,,,,,0,1,,,,,0,1,,,,,0,1,,,,,0,1,,,,,0,1,,,,,0,1,,,,,0,1,,,,,0,1,,,,,0,1,,,,,0,1,3437.2105,254.74650000000003,204.605,372.545,2026-08-31T23:00:00Z,29340.0,1,,,,,,,,,,1,1,1,1,1,1,1,1,1,1,1,1,1,1,1,1,1,1,1,1,1,1,1,1,1,1,1,1,1,1,1,1,1,1,1,1,1,1,1,1,1,1,1,1,1,1,1,1,1,1,1,1,1,1,1,1,1,1,1,1,1,1,1,1,1,1,1,1,1,1,1,1,1,1,1,1,1,1,1,1,1,1,1,1,1,1,1,1,1,1,1,1,1,1,1,1,1,1,1,1,1,1,1,1,1,1,1,1,1,1,1,1,1,1,1,1,1,1,1,1,1
2026-09-21T08:00:00Z,2026-09-21T09:00:00Z,60,,,,0,1,,,,0,1,,,,0,1,,,,0,1,,,,0,1,,,,0,1,,,,0,1,,,,0,1,,,,0,1,,,,0,1,,,,0,1,,,,0,1,,,,0,1,,,,0,1,,,,0,1,,,,0,1,,,,0,1,,,,0,1,,,,0,1,,,,0,1,,,,0,1,,,,0,1,,,,0,1,,,,0,1,,,,,0,1,,,,,0,1,,,,,0,1,,,,,0,1,,,,,0,1,,,,,0,1,,,,,0,1,,,,,0,1,,,,,0,1,,,,,0,1,3437.2105,254.74650000000003,204.605,372.545,2026-08-31T23:00:00Z,29340.0,1,,,,,,,,,,1,1,1,1,1,1,1,1,1,1,1,1,1,1,1,1,1,1,1,1,1,1,1,1,1,1,1,1,1,1,1,1,1,1,1,1,1,1,1,1,1,1,1,1,1,1,1,1,1,1,1,1,1,1,1,1,1,1,1,1,1,1,1,1,1,1,1,1,1,1,1,1,1,1,1,1,1,1,1,1,1,1,1,1,1,1,1,1,1,1,1,1,1,1,1,1,1,1,1,1,1,1,1,1,1,1,1,1,1,1,1,1,1,1,1,1,1,1,1,1,1
2026-09-21T08:30:00Z,2026-09-21T09:00:00Z,30,,,,0,1,,,,0,1,,,,0,1,,,,0,1,,,,0,1,,,,0,1,,,,0,1,,,,0,1,,,,0,1,,,,0,1,,,,0,1,,,,0,1,,,,0,1,,,,0,1,,,,0,1,,,,0,1,,,,0,1,,,,0,1,,,,0,1,,,,0,1,,,,0,1,,,,0,1,,,,0,1,,,,0,1,,,,,0,1,,,,,0,1,,,,,0,1,,,,,0,1,,,,,0,1,,,,,0,1,,,,,0,1,,,,,0,1,,,,,0,1,,,,,0,1,3437.2105,254.74650000000003,204.605,372.545,2026-08-31T23:00:00Z,29370.0,1,,,,,,,,,,1,1,1,1,1,1,1,1,1,1,1,1,1,1,1,1,1,1,1,1,1,1,1,1,1,1,1,1,1,1,1,1,1,1,1,1,1,1,1,1,1,1,1,1,1,1,1,1,1,1,1,1,1,1,1,1,1,1,1,1,1,1,1,1,1,1,1,1,1,1,1,1,1,1,1,1,1,1,1,1,1,1,1,1,1,1,1,1,1,1,1,1,1,1,1,1,1,1,1,1,1,1,1,1,1,1,1,1,1,1,1,1,1,1,1,1,1,1,1,1,1
2026-09-21T08:30:00Z,2026-09-21T09:30:00Z,60,,,,0,1,,,,0,1,,,,0,1,,,,0,1,,,,0,1,,,,0,1,,,,0,1,,,,0,1,,,,0,1,,,,0,1,,,,0,1,,,,0,1,,,,0,1,,,,0,1,,,,0,1,,,,0,1,,,,0,1,,,,0,1,,,,0,1,,,,0,1,,,,0,1,,,,0,1,,,,0,1,,,,0,1,,,,,0,1,,,,,0,1,,,,,0,1,,,,,0,1,,,,,0,1,,,,,0,1,,,,,0,1,,,,,0,1,,,,,0,1,,,,,0,1,3437.2105,254.74650000000003,204.605,372.545,2026-08-31T23:00:00Z,29370.0,1,,,,,,,,,,1,1,1,1,1,1,1,1,1,1,1,1,1,1,1,1,1,1,1,1,1,1,1,1,1,1,1,1,1,1,1,1,1,1,1,1,1,1,1,1,1,1,1,1,1,1,1,1,1,1,1,1,1,1,1,1,1,1,1,1,1,1,1,1,1,1,1,1,1,1,1,1,1,1,1,1,1,1,1,1,1,1,1,1,1,1,1,1,1,1,1,1,1,1,1,1,1,1,1,1,1,1,1,1,1,1,1,1,1,1,1,1,1,1,1,1,1,1,1,1,1
2026-09-21T09:00:00Z,2026-09-21T09:30:00Z,30,,,,0,1,,,,0,1,,,,0,1,,,,0,1,,,,0,1,,,,0,1,,,,0,1,,,,0,1,,,,0,1,,,,0,1,,,,0,1,,,,0,1,,,,0,1,,,,0,1,,,,0,1,,,,0,1,,,,0,1,,,,0,1,,,,0,1,,,,0,1,,,,0,1,,,,0,1,,,,0,1,,,,0,1,,,,,0,1,,,,,0,1,,,,,0,1,,,,,0,1,,,,,0,1,,,,,0,1,,,,,0,1,,,,,0,1,,,,,0,1,,,,,0,1,3437.2105,254.74650000000003,204.605,372.545,2026-08-31T23:00:00Z,29400.0,1,,,,,,,,,,1,1,1,1,1,1,1,1,1,1,1,1,1,1,1,1,1,1,1,1,1,1,1,1,1,1,1,1,1,1,1,1,1,1,1,1,1,1,1,1,1,1,1,1,1,1,1,1,1,1,1,1,1,1,1,1,1,1,1,1,1,1,1,1,1,1,1,1,1,1,1,1,1,1,1,1,1,1,1,1,1,1,1,1,1,1,1,1,1,1,1,1,1,1,1,1,1,1,1,1,1,1,1,1,1,1,1,1,1,1,1,1,1,1,1,1,1,1,1,1,1
2026-09-21T09:00:00Z,2026-09-21T10:00:00Z,60,,,,0,1,,,,0,1,,,,0,1,,,,0,1,,,,0,1,,,,0,1,,,,0,1,,,,0,1,,,,0,1,,,,0,1,,,,0,1,,,,0,1,,,,0,1,,,,0,1,,,,0,1,,,,0,1,,,,0,1,,,,0,1,,,,0,1,,,,0,1,,,,0,1,,,,0,1,,,,0,1,,,,0,1,,,,,0,1,,,,,0,1,,,,,0,1,,,,,0,1,,,,,0,1,,,,,0,1,,,,,0,1,,,,,0,1,,,,,0,1,,,,,0,1,3437.2105,254.74650000000003,204.605,372.545,2026-08-31T23:00:00Z,29400.0,1,,,,,,,,,,1,1,1,1,1,1,1,1,1,1,1,1,1,1,1,1,1,1,1,1,1,1,1,1,1,1,1,1,1,1,1,1,1,1,1,1,1,1,1,1,1,1,1,1,1,1,1,1,1,1,1,1,1,1,1,1,1,1,1,1,1,1,1,1,1,1,1,1,1,1,1,1,1,1,1,1,1,1,1,1,1,1,1,1,1,1,1,1,1,1,1,1,1,1,1,1,1,1,1,1,1,1,1,1,1,1,1,1,1,1,1,1,1,1,1,1,1,1,1,1,1
2026-09-21T09:30:00Z,2026-09-21T10:00:00Z,30,,,,0,1,,,,0,1,,,,0,1,,,,0,1,,,,0,1,,,,0,1,,,,0,1,,,,0,1,,,,0,1,,,,0,1,,,,0,1,,,,0,1,,,,0,1,,,,0,1,,,,0,1,,,,0,1,,,,0,1,,,,0,1,,,,0,1,,,,0,1,,,,0,1,,,,0,1,,,,0,1,,,,0,1,,,,,0,1,,,,,0,1,,,,,0,1,,,,,0,1,,,,,0,1,,,,,0,1,,,,,0,1,,,,,0,1,,,,,0,1,,,,,0,1,3437.2105,254.74650000000003,204.605,372.545,2026-08-31T23:00:00Z,29430.0,1,,,,,,,,,,1,1,1,1,1,1,1,1,1,1,1,1,1,1,1,1,1,1,1,1,1,1,1,1,1,1,1,1,1,1,1,1,1,1,1,1,1,1,1,1,1,1,1,1,1,1,1,1,1,1,1,1,1,1,1,1,1,1,1,1,1,1,1,1,1,1,1,1,1,1,1,1,1,1,1,1,1,1,1,1,1,1,1,1,1,1,1,1,1,1,1,1,1,1,1,1,1,1,1,1,1,1,1,1,1,1,1,1,1,1,1,1,1,1,1,1,1,1,1,1,1
2026-09-21T09:30:00Z,2026-09-21T10:30:00Z,60,,,,0,1,,,,0,1,,,,0,1,,,,0,1,,,,0,1,,,,0,1,,,,0,1,,,,0,1,,,,0,1,,,,0,1,,,,0,1,,,,0,1,,,,0,1,,,,0,1,,,,0,1,,,,0,1,,,,0,1,,,,0,1,,,,0,1,,,,0,1,,,,0,1,,,,0,1,,,,0,1,,,,0,1,,,,,0,1,,,,,0,1,,,,,0,1,,,,,0,1,,,,,0,1,,,,,0,1,,,,,0,1,,,,,0,1,,,,,0,1,,,,,0,1,3437.2105,254.74650000000003,204.605,372.545,2026-08-31T23:00:00Z,29430.0,1,,,,,,,,,,1,1,1,1,1,1,1,1,1,1,1,1,1,1,1,1,1,1,1,1,1,1,1,1,1,1,1,1,1,1,1,1,1,1,1,1,1,1,1,1,1,1,1,1,1,1,1,1,1,1,1,1,1,1,1,1,1,1,1,1,1,1,1,1,1,1,1,1,1,1,1,1,1,1,1,1,1,1,1,1,1,1,1,1,1,1,1,1,1,1,1,1,1,1,1,1,1,1,1,1,1,1,1,1,1,1,1,1,1,1,1,1,1,1,1,1,1,1,1,1,1
2026-09-21T10:00:00Z,2026-09-21T10:30:00Z,30,,,,0,1,,,,0,1,,,,0,1,,,,0,1,,,,0,1,,,,0,1,,,,0,1,,,,0,1,,,,0,1,,,,0,1,,,,0,1,,,,0,1,,,,0,1,,,,0,1,,,,0,1,,,,0,1,,,,0,1,,,,0,1,,,,0,1,,,,0,1,,,,0,1,,,,0,1,,,,0,1,,,,0,1,,,,,0,1,,,,,0,1,,,,,0,1,,,,,0,1,,,,,0,1,,,,,0,1,,,,,0,1,,,,,0,1,,,,,0,1,,,,,0,1,3437.2105,254.74650000000003,204.605,372.545,2026-08-31T23:00:00Z,29460.0,1,,,,,,,,,,1,1,1,1,1,1,1,1,1,1,1,1,1,1,1,1,1,1,1,1,1,1,1,1,1,1,1,1,1,1,1,1,1,1,1,1,1,1,1,1,1,1,1,1,1,1,1,1,1,1,1,1,1,1,1,1,1,1,1,1,1,1,1,1,1,1,1,1,1,1,1,1,1,1,1,1,1,1,1,1,1,1,1,1,1,1,1,1,1,1,1,1,1,1,1,1,1,1,1,1,1,1,1,1,1,1,1,1,1,1,1,1,1,1,1,1,1,1,1,1,1
2026-09-21T10:00:00Z,2026-09-21T11:00:00Z,60,,,,0,1,,,,0,1,,,,0,1,,,,0,1,,,,0,1,,,,0,1,,,,0,1,,,,0,1,,,,0,1,,,,0,1,,,,0,1,,,,0,1,,,,0,1,,,,0,1,,,,0,1,,,,0,1,,,,0,1,,,,0,1,,,,0,1,,,,0,1,,,,0,1,,,,0,1,,,,0,1,,,,0,1,,,,,0,1,,,,,0,1,,,,,0,1,,,,,0,1,,,,,0,1,,,,,0,1,,,,,0,1,,,,,0,1,,,,,0,1,,,,,0,1,3437.2105,254.74650000000003,204.605,372.545,2026-08-31T23:00:00Z,29460.0,1,,,,,,,,,,1,1,1,1,1,1,1,1,1,1,1,1,1,1,1,1,1,1,1,1,1,1,1,1,1,1,1,1,1,1,1,1,1,1,1,1,1,1,1,1,1,1,1,1,1,1,1,1,1,1,1,1,1,1,1,1,1,1,1,1,1,1,1,1,1,1,1,1,1,1,1,1,1,1,1,1,1,1,1,1,1,1,1,1,1,1,1,1,1,1,1,1,1,1,1,1,1,1,1,1,1,1,1,1,1,1,1,1,1,1,1,1,1,1,1,1,1,1,1,1,1
2026-09-21T10:30:00Z,2026-09-21T11:00:00Z,30,,,,0,1,,,,0,1,,,,0,1,,,,0,1,,,,0,1,,,,0,1,,,,0,1,,,,0,1,,,,0,1,,,,0,1,,,,0,1,,,,0,1,,,,0,1,,,,0,1,,,,0,1,,,,0,1,,,,0,1,,,,0,1,,,,0,1,,,,0,1,,,,0,1,,,,0,1,,,,0,1,,,,0,1,,,,,0,1,,,,,0,1,,,,,0,1,,,,,0,1,,,,,0,1,,,,,0,1,,,,,0,1,,,,,0,1,,,,,0,1,,,,,0,1,3437.2105,254.74650000000003,204.605,372.545,2026-08-31T23:00:00Z,29490.0,1,,,,,,,,,,1,1,1,1,1,1,1,1,1,1,1,1,1,1,1,1,1,1,1,1,1,1,1,1,1,1,1,1,1,1,1,1,1,1,1,1,1,1,1,1,1,1,1,1,1,1,1,1,1,1,1,1,1,1,1,1,1,1,1,1,1,1,1,1,1,1,1,1,1,1,1,1,1,1,1,1,1,1,1,1,1,1,1,1,1,1,1,1,1,1,1,1,1,1,1,1,1,1,1,1,1,1,1,1,1,1,1,1,1,1,1,1,1,1,1,1,1,1,1,1,1
2026-09-21T10:30:00Z,2026-09-21T11:30:00Z,60,,,,0,1,,,,0,1,,,,0,1,,,,0,1,,,,0,1,,,,0,1,,,,0,1,,,,0,1,,,,0,1,,,,0,1,,,,0,1,,,,0,1,,,,0,1,,,,0,1,,,,0,1,,,,0,1,,,,0,1,,,,0,1,,,,0,1,,,,0,1,,,,0,1,,,,0,1,,,,0,1,,,,0,1,,,,,0,1,,,,,0,1,,,,,0,1,,,,,0,1,,,,,0,1,,,,,0,1,,,,,0,1,,,,,0,1,,,,,0,1,,,,,0,1,3437.2105,254.74650000000003,204.605,372.545,2026-08-31T23:00:00Z,29490.0,1,,,,,,,,,,1,1,1,1,1,1,1,1,1,1,1,1,1,1,1,1,1,1,1,1,1,1,1,1,1,1,1,1,1,1,1,1,1,1,1,1,1,1,1,1,1,1,1,1,1,1,1,1,1,1,1,1,1,1,1,1,1,1,1,1,1,1,1,1,1,1,1,1,1,1,1,1,1,1,1,1,1,1,1,1,1,1,1,1,1,1,1,1,1,1,1,1,1,1,1,1,1,1,1,1,1,1,1,1,1,1,1,1,1,1,1,1,1,1,1,1,1,1,1,1,1
2026-09-21T11:00:00Z,2026-09-21T11:30:00Z,30,,,,0,1,,,,0,1,,,,0,1,,,,0,1,,,,0,1,,,,0,1,,,,0,1,,,,0,1,,,,0,1,,,,0,1,,,,0,1,,,,0,1,,,,0,1,,,,0,1,,,,0,1,,,,0,1,,,,0,1,,,,0,1,,,,0,1,,,,0,1,,,,0,1,,,,0,1,,,,0,1,,,,0,1,,,,,0,1,,,,,0,1,,,,,0,1,,,,,0,1,,,,,0,1,,,,,0,1,,,,,0,1,,,,,0,1,,,,,0,1,,,,,0,1,3437.2105,254.74650000000003,204.605,372.545,2026-08-31T23:00:00Z,29520.0,1,,,,,,,,,,1,1,1,1,1,1,1,1,1,1,1,1,1,1,1,1,1,1,1,1,1,1,1,1,1,1,1,1,1,1,1,1,1,1,1,1,1,1,1,1,1,1,1,1,1,1,1,1,1,1,1,1,1,1,1,1,1,1,1,1,1,1,1,1,1,1,1,1,1,1,1,1,1,1,1,1,1,1,1,1,1,1,1,1,1,1,1,1,1,1,1,1,1,1,1,1,1,1,1,1,1,1,1,1,1,1,1,1,1,1,1,1,1,1,1,1,1,1,1,1,1
2026-09-21T11:00:00Z,2026-09-21T12:00:00Z,60,,,,0,1,,,,0,1,,,,0,1,,,,0,1,,,,0,1,,,,0,1,,,,0,1,,,,0,1,,,,0,1,,,,0,1,,,,0,1,,,,0,1,,,,0,1,,,,0,1,,,,0,1,,,,0,1,,,,0,1,,,,0,1,,,,0,1,,,,0,1,,,,0,1,,,,0,1,,,,0,1,,,,0,1,,,,,0,1,,,,,0,1,,,,,0,1,,,,,0,1,,,,,0,1,,,,,0,1,,,,,0,1,,,,,0,1,,,,,0,1,,,,,0,1,3437.2105,254.74650000000003,204.605,372.545,2026-08-31T23:00:00Z,29520.0,1,,,,,,,,,,1,1,1,1,1,1,1,1,1,1,1,1,1,1,1,1,1,1,1,1,1,1,1,1,1,1,1,1,1,1,1,1,1,1,1,1,1,1,1,1,1,1,1,1,1,1,1,1,1,1,1,1,1,1,1,1,1,1,1,1,1,1,1,1,1,1,1,1,1,1,1,1,1,1,1,1,1,1,1,1,1,1,1,1,1,1,1,1,1,1,1,1,1,1,1,1,1,1,1,1,1,1,1,1,1,1,1,1,1,1,1,1,1,1,1,1,1,1,1,1,1
2026-09-21T11:30:00Z,2026-09-21T12:00:00Z,30,,,,0,1,,,,0,1,,,,0,1,,,,0,1,,,,0,1,,,,0,1,,,,0,1,,,,0,1,,,,0,1,,,,0,1,,,,0,1,,,,0,1,,,,0,1,,,,0,1,,,,0,1,,,,0,1,,,,0,1,,,,0,1,,,,0,1,,,,0,1,,,,0,1,,,,0,1,,,,0,1,,,,0,1,,,,,0,1,,,,,0,1,,,,,0,1,,,,,0,1,,,,,0,1,,,,,0,1,,,,,0,1,,,,,0,1,,,,,0,1,,,,,0,1,3437.2105,254.74650000000003,204.605,372.545,2026-08-31T23:00:00Z,29550.0,1,,,,,,,,,,1,1,1,1,1,1,1,1,1,1,1,1,1,1,1,1,1,1,1,1,1,1,1,1,1,1,1,1,1,1,1,1,1,1,1,1,1,1,1,1,1,1,1,1,1,1,1,1,1,1,1,1,1,1,1,1,1,1,1,1,1,1,1,1,1,1,1,1,1,1,1,1,1,1,1,1,1,1,1,1,1,1,1,1,1,1,1,1,1,1,1,1,1,1,1,1,1,1,1,1,1,1,1,1,1,1,1,1,1,1,1,1,1,1,1,1,1,1,1,1,1
2026-09-21T11:30:00Z,2026-09-21T12:30:00Z,60,,,,0,1,,,,0,1,,,,0,1,,,,0,1,,,,0,1,,,,0,1,,,,0,1,,,,0,1,,,,0,1,,,,0,1,,,,0,1,,,,0,1,,,,0,1,,,,0,1,,,,0,1,,,,0,1,,,,0,1,,,,0,1,,,,0,1,,,,0,1,,,,0,1,,,,0,1,,,,0,1,,,,0,1,,,,,0,1,,,,,0,1,,,,,0,1,,,,,0,1,,,,,0,1,,,,,0,1,,,,,0,1,,,,,0,1,,,,,0,1,,,,,0,1,3437.2105,254.74650000000003,204.605,372.545,2026-08-31T23:00:00Z,29550.0,1,,,,,,,,,,1,1,1,1,1,1,1,1,1,1,1,1,1,1,1,1,1,1,1,1,1,1,1,1,1,1,1,1,1,1,1,1,1,1,1,1,1,1,1,1,1,1,1,1,1,1,1,1,1,1,1,1,1,1,1,1,1,1,1,1,1,1,1,1,1,1,1,1,1,1,1,1,1,1,1,1,1,1,1,1,1,1,1,1,1,1,1,1,1,1,1,1,1,1,1,1,1,1,1,1,1,1,1,1,1,1,1,1,1,1,1,1,1,1,1,1,1,1,1,1,1
2026-09-21T12:00:00Z,2026-09-21T12:30:00Z,30,,,,0,1,,,,0,1,,,,0,1,,,,0,1,,,,0,1,,,,0,1,,,,0,1,,,,0,1,,,,0,1,,,,0,1,,,,0,1,,,,0,1,,,,0,1,,,,0,1,,,,0,1,,,,0,1,,,,0,1,,,,0,1,,,,0,1,,,,0,1,,,,0,1,,,,0,1,,,,0,1,,,,0,1,,,,,0,1,,,,,0,1,,,,,0,1,,,,,0,1,,,,,0,1,,,,,0,1,,,,,0,1,,,,,0,1,,,,,0,1,,,,,0,1,3437.2105,254.74650000000003,204.605,372.545,2026-08-31T23:00:00Z,29580.0,1,,,,,,,,,,1,1,1,1,1,1,1,1,1,1,1,1,1,1,1,1,1,1,1,1,1,1,1,1,1,1,1,1,1,1,1,1,1,1,1,1,1,1,1,1,1,1,1,1,1,1,1,1,1,1,1,1,1,1,1,1,1,1,1,1,1,1,1,1,1,1,1,1,1,1,1,1,1,1,1,1,1,1,1,1,1,1,1,1,1,1,1,1,1,1,1,1,1,1,1,1,1,1,1,1,1,1,1,1,1,1,1,1,1,1,1,1,1,1,1,1,1,1,1,1,1
2026-09-21T12:00:00Z,2026-09-21T13:00:00Z,60,,,,0,1,,,,0,1,,,,0,1,,,,0,1,,,,0,1,,,,0,1,,,,0,1,,,,0,1,,,,0,1,,,,0,1,,,,0,1,,,,0,1,,,,0,1,,,,0,1,,,,0,1,,,,0,1,,,,0,1,,,,0,1,,,,0,1,,,,0,1,,,,0,1,,,,0,1,,,,0,1,,,,0,1,,,,,0,1,,,,,0,1,,,,,0,1,,,,,0,1,,,,,0,1,,,,,0,1,,,,,0,1,,,,,0,1,,,,,0,1,,,,,0,1,3437.2105,254.74650000000003,204.605,372.545,2026-08-31T23:00:00Z,29580.0,1,,,,,,,,,,1,1,1,1,1,1,1,1,1,1,1,1,1,1,1,1,1,1,1,1,1,1,1,1,1,1,1,1,1,1,1,1,1,1,1,1,1,1,1,1,1,1,1,1,1,1,1,1,1,1,1,1,1,1,1,1,1,1,1,1,1,1,1,1,1,1,1,1,1,1,1,1,1,1,1,1,1,1,1,1,1,1,1,1,1,1,1,1,1,1,1,1,1,1,1,1,1,1,1,1,1,1,1,1,1,1,1,1,1,1,1,1,1,1,1,1,1,1,1,1,1
2026-09-21T12:30:00Z,2026-09-21T13:00:00Z,30,,,,0,1,,,,0,1,,,,0,1,,,,0,1,,,,0,1,,,,0,1,,,,0,1,,,,0,1,,,,0,1,,,,0,1,,,,0,1,,,,0,1,,,,0,1,,,,0,1,,,,0,1,,,,0,1,,,,0,1,,,,0,1,,,,0,1,,,,0,1,,,,0,1,,,,0,1,,,,0,1,,,,0,1,,,,,0,1,,,,,0,1,,,,,0,1,,,,,0,1,,,,,0,1,,,,,0,1,,,,,0,1,,,,,0,1,,,,,0,1,,,,,0,1,3437.2105,254.74650000000003,204.605,372.545,2026-08-31T23:00:00Z,29610.0,1,,,,,,,,,,1,1,1,1,1,1,1,1,1,1,1,1,1,1,1,1,1,1,1,1,1,1,1,1,1,1,1,1,1,1,1,1,1,1,1,1,1,1,1,1,1,1,1,1,1,1,1,1,1,1,1,1,1,1,1,1,1,1,1,1,1,1,1,1,1,1,1,1,1,1,1,1,1,1,1,1,1,1,1,1,1,1,1,1,1,1,1,1,1,1,1,1,1,1,1,1,1,1,1,1,1,1,1,1,1,1,1,1,1,1,1,1,1,1,1,1,1,1,1,1,1
2026-09-21T12:30:00Z,2026-09-21T13:30:00Z,60,,,,0,1,,,,0,1,,,,0,1,,,,0,1,,,,0,1,,,,0,1,,,,0,1,,,,0,1,,,,0,1,,,,0,1,,,,0,1,,,,0,1,,,,0,1,,,,0,1,,,,0,1,,,,0,1,,,,0,1,,,,0,1,,,,0,1,,,,0,1,,,,0,1,,,,0,1,,,,0,1,,,,0,1,,,,,0,1,,,,,0,1,,,,,0,1,,,,,0,1,,,,,0,1,,,,,0,1,,,,,0,1,,,,,0,1,,,,,0,1,,,,,0,1,3437.2105,254.74650000000003,204.605,372.545,2026-08-31T23:00:00Z,29610.0,1,,,,,,,,,,1,1,1,1,1,1,1,1,1,1,1,1,1,1,1,1,1,1,1,1,1,1,1,1,1,1,1,1,1,1,1,1,1,1,1,1,1,1,1,1,1,1,1,1,1,1,1,1,1,1,1,1,1,1,1,1,1,1,1,1,1,1,1,1,1,1,1,1,1,1,1,1,1,1,1,1,1,1,1,1,1,1,1,1,1,1,1,1,1,1,1,1,1,1,1,1,1,1,1,1,1,1,1,1,1,1,1,1,1,1,1,1,1,1,1,1,1,1,1,1,1
2026-09-21T13:00:00Z,2026-09-21T13:30:00Z,30,,,,0,1,,,,0,1,,,,0,1,,,,0,1,,,,0,1,,,,0,1,,,,0,1,,,,0,1,,,,0,1,,,,0,1,,,,0,1,,,,0,1,,,,0,1,,,,0,1,,,,0,1,,,,0,1,,,,0,1,,,,0,1,,,,0,1,,,,0,1,,,,0,1,,,,0,1,,,,0,1,,,,0,1,,,,,0,1,,,,,0,1,,,,,0,1,,,,,0,1,,,,,0,1,,,,,0,1,,,,,0,1,,,,,0,1,,,,,0,1,,,,,0,1,3437.2105,254.74650000000003,204.605,372.545,2026-08-31T23:00:00Z,29640.0,1,,,,,,,,,,1,1,1,1,1,1,1,1,1,1,1,1,1,1,1,1,1,1,1,1,1,1,1,1,1,1,1,1,1,1,1,1,1,1,1,1,1,1,1,1,1,1,1,1,1,1,1,1,1,1,1,1,1,1,1,1,1,1,1,1,1,1,1,1,1,1,1,1,1,1,1,1,1,1,1,1,1,1,1,1,1,1,1,1,1,1,1,1,1,1,1,1,1,1,1,1,1,1,1,1,1,1,1,1,1,1,1,1,1,1,1,1,1,1,1,1,1,1,1,1,1
2026-09-21T13:00:00Z,2026-09-21T14:00:00Z,60,,,,0,1,,,,0,1,,,,0,1,,,,0,1,,,,0,1,,,,0,1,,,,0,1,,,,0,1,,,,0,1,,,,0,1,,,,0,1,,,,0,1,,,,0,1,,,,0,1,,,,0,1,,,,0,1,,,,0,1,,,,0,1,,,,0,1,,,,0,1,,,,0,1,,,,0,1,,,,0,1,,,,0,1,,,,,0,1,,,,,0,1,,,,,0,1,,,,,0,1,,,,,0,1,,,,,0,1,,,,,0,1,,,,,0,1,,,,,0,1,,,,,0,1,3437.2105,254.74650000000003,204.605,372.545,2026-08-31T23:00:00Z,29640.0,1,,,,,,,,,,1,1,1,1,1,1,1,1,1,1,1,1,1,1,1,1,1,1,1,1,1,1,1,1,1,1,1,1,1,1,1,1,1,1,1,1,1,1,1,1,1,1,1,1,1,1,1,1,1,1,1,1,1,1,1,1,1,1,1,1,1,1,1,1,1,1,1,1,1,1,1,1,1,1,1,1,1,1,1,1,1,1,1,1,1,1,1,1,1,1,1,1,1,1,1,1,1,1,1,1,1,1,1,1,1,1,1,1,1,1,1,1,1,1,1,1,1,1,1,1,1
2026-09-21T13:30:00Z,2026-09-21T14:00:00Z,30,,,,0,1,,,,0,1,,,,0,1,,,,0,1,,,,0,1,,,,0,1,,,,0,1,,,,0,1,,,,0,1,,,,0,1,,,,0,1,,,,0,1,,,,0,1,,,,0,1,,,,0,1,,,,0,1,,,,0,1,,,,0,1,,,,0,1,,,,0,1,,,,0,1,,,,0,1,,,,0,1,,,,0,1,,,,,0,1,,,,,0,1,,,,,0,1,,,,,0,1,,,,,0,1,,,,,0,1,,,,,0,1,,,,,0,1,,,,,0,1,,,,,0,1,3437.2105,254.74650000000003,204.605,372.545,2026-08-31T23:00:00Z,29670.0,1,,,,,,,,,,1,1,1,1,1,1,1,1,1,1,1,1,1,1,1,1,1,1,1,1,1,1,1,1,1,1,1,1,1,1,1,1,1,1,1,1,1,1,1,1,1,1,1,1,1,1,1,1,1,1,1,1,1,1,1,1,1,1,1,1,1,1,1,1,1,1,1,1,1,1,1,1,1,1,1,1,1,1,1,1,1,1,1,1,1,1,1,1,1,1,1,1,1,1,1,1,1,1,1,1,1,1,1,1,1,1,1,1,1,1,1,1,1,1,1,1,1,1,1,1,1
2026-09-21T13:30:00Z,2026-09-21T14:30:00Z,60,,,,0,1,,,,0,1,,,,0,1,,,,0,1,,,,0,1,,,,0,1,,,,0,1,,,,0,1,,,,0,1,,,,0,1,,,,0,1,,,,0,1,,,,0,1,,,,0,1,,,,0,1,,,,0,1,,,,0,1,,,,0,1,,,,0,1,,,,0,1,,,,0,1,,,,0,1,,,,0,1,,,,0,1,,,,,0,1,,,,,0,1,,,,,0,1,,,,,0,1,,,,,0,1,,,,,0,1,,,,,0,1,,,,,0,1,,,,,0,1,,,,,0,1,3437.2105,254.74650000000003,204.605,372.545,2026-08-31T23:00:00Z,29670.0,1,,,,,,,,,,1,1,1,1,1,1,1,1,1,1,1,1,1,1,1,1,1,1,1,1,1,1,1,1,1,1,1,1,1,1,1,1,1,1,1,1,1,1,1,1,1,1,1,1,1,1,1,1,1,1,1,1,1,1,1,1,1,1,1,1,1,1,1,1,1,1,1,1,1,1,1,1,1,1,1,1,1,1,1,1,1,1,1,1,1,1,1,1,1,1,1,1,1,1,1,1,1,1,1,1,1,1,1,1,1,1,1,1,1,1,1,1,1,1,1,1,1,1,1,1,1
2026-09-21T14:00:00Z,2026-09-21T14:30:00Z,30,,,,0,1,,,,0,1,,,,0,1,,,,0,1,,,,0,1,,,,0,1,,,,0,1,,,,0,1,,,,0,1,,,,0,1,,,,0,1,,,,0,1,,,,0,1,,,,0,1,,,,0,1,,,,0,1,,,,0,1,,,,0,1,,,,0,1,,,,0,1,,,,0,1,,,,0,1,,,,0,1,,,,0,1,,,,,0,1,,,,,0,1,,,,,0,1,,,,,0,1,,,,,0,1,,,,,0,1,,,,,0,1,,,,,0,1,,,,,0,1,,,,,0,1,3437.2105,254.74650000000003,204.605,372.545,2026-08-31T23:00:00Z,29700.0,1,,,,,,,,,,1,1,1,1,1,1,1,1,1,1,1,1,1,1,1,1,1,1,1,1,1,1,1,1,1,1,1,1,1,1,1,1,1,1,1,1,1,1,1,1,1,1,1,1,1,1,1,1,1,1,1,1,1,1,1,1,1,1,1,1,1,1,1,1,1,1,1,1,1,1,1,1,1,1,1,1,1,1,1,1,1,1,1,1,1,1,1,1,1,1,1,1,1,1,1,1,1,1,1,1,1,1,1,1,1,1,1,1,1,1,1,1,1,1,1,1,1,1,1,1,1
2026-09-21T14:00:00Z,2026-09-21T15:00:00Z,60,,,,0,1,,,,0,1,,,,0,1,,,,0,1,,,,0,1,,,,0,1,,,,0,1,,,,0,1,,,,0,1,,,,0,1,,,,0,1,,,,0,1,,,,0,1,,,,0,1,,,,0,1,,,,0,1,,,,0,1,,,,0,1,,,,0,1,,,,0,1,,,,0,1,,,,0,1,,,,0,1,,,,0,1,,,,,0,1,,,,,0,1,,,,,0,1,,,,,0,1,,,,,0,1,,,,,0,1,,,,,0,1,,,,,0,1,,,,,0,1,,,,,0,1,3437.2105,254.74650000000003,204.605,372.545,2026-08-31T23:00:00Z,29700.0,1,,,,,,,,,,1,1,1,1,1,1,1,1,1,1,1,1,1,1,1,1,1,1,1,1,1,1,1,1,1,1,1,1,1,1,1,1,1,1,1,1,1,1,1,1,1,1,1,1,1,1,1,1,1,1,1,1,1,1,1,1,1,1,1,1,1,1,1,1,1,1,1,1,1,1,1,1,1,1,1,1,1,1,1,1,1,1,1,1,1,1,1,1,1,1,1,1,1,1,1,1,1,1,1,1,1,1,1,1,1,1,1,1,1,1,1,1,1,1,1,1,1,1,1,1,1
2026-09-21T14:30:00Z,2026-09-21T15:00:00Z,30,,,,0,1,,,,0,1,,,,0,1,,,,0,1,,,,0,1,,,,0,1,,,,0,1,,,,0,1,,,,0,1,,,,0,1,,,,0,1,,,,0,1,,,,0,1,,,,0,1,,,,0,1,,,,0,1,,,,0,1,,,,0,1,,,,0,1,,,,0,1,,,,0,1,,,,0,1,,,,0,1,,,,0,1,,,,,0,1,,,,,0,1,,,,,0,1,,,,,0,1,,,,,0,1,,,,,0,1,,,,,0,1,,,,,0,1,,,,,0,1,,,,,0,1,3437.2105,254.74650000000003,204.605,372.545,2026-08-31T23:00:00Z,29730.0,1,,,,,,,,,,1,1,1,1,1,1,1,1,1,1,1,1,1,1,1,1,1,1,1,1,1,1,1,1,1,1,1,1,1,1,1,1,1,1,1,1,1,1,1,1,1,1,1,1,1,1,1,1,1,1,1,1,1,1,1,1,1,1,1,1,1,1,1,1,1,1,1,1,1,1,1,1,1,1,1,1,1,1,1,1,1,1,1,1,1,1,1,1,1,1,1,1,1,1,1,1,1,1,1,1,1,1,1,1,1,1,1,1,1,1,1,1,1,1,1,1,1,1,1,1,1
2026-09-21T14:30:00Z,2026-09-21T15:30:00Z,60,,,,0,1,,,,0,1,,,,0,1,,,,0,1,,,,0,1,,,,0,1,,,,0,1,,,,0,1,,,,0,1,,,,0,1,,,,0,1,,,,0,1,,,,0,1,,,,0,1,,,,0,1,,,,0,1,,,,0,1,,,,0,1,,,,0,1,,,,0,1,,,,0,1,,,,0,1,,,,0,1,,,,0,1,,,,,0,1,,,,,0,1,,,,,0,1,,,,,0,1,,,,,0,1,,,,,0,1,,,,,0,1,,,,,0,1,,,,,0,1,,,,,0,1,3437.2105,254.74650000000003,204.605,372.545,2026-08-31T23:00:00Z,29730.0,1,,,,,,,,,,1,1,1,1,1,1,1,1,1,1,1,1,1,1,1,1,1,1,1,1,1,1,1,1,1,1,1,1,1,1,1,1,1,1,1,1,1,1,1,1,1,1,1,1,1,1,1,1,1,1,1,1,1,1,1,1,1,1,1,1,1,1,1,1,1,1,1,1,1,1,1,1,1,1,1,1,1,1,1,1,1,1,1,1,1,1,1,1,1,1,1,1,1,1,1,1,1,1,1,1,1,1,1,1,1,1,1,1,1,1,1,1,1,1,1,1,1,1,1,1,1
2026-09-21T15:00:00Z,2026-09-21T15:30:00Z,30,,,,0,1,,,,0,1,,,,0,1,,,,0,1,,,,0,1,,,,0,1,,,,0,1,,,,0,1,,,,0,1,,,,0,1,,,,0,1,,,,0,1,,,,0,1,,,,0,1,,,,0,1,,,,0,1,,,,0,1,,,,0,1,,,,0,1,,,,0,1,,,,0,1,,,,0,1,,,,0,1,,,,0,1,,,,,0,1,,,,,0,1,,,,,0,1,,,,,0,1,,,,,0,1,,,,,0,1,,,,,0,1,,,,,0,1,,,,,0,1,,,,,0,1,3437.2105,254.74650000000003,204.605,372.545,2026-08-31T23:00:00Z,29760.0,1,,,,,,,,,,1,1,1,1,1,1,1,1,1,1,1,1,1,1,1,1,1,1,1,1,1,1,1,1,1,1,1,1,1,1,1,1,1,1,1,1,1,1,1,1,1,1,1,1,1,1,1,1,1,1,1,1,1,1,1,1,1,1,1,1,1,1,1,1,1,1,1,1,1,1,1,1,1,1,1,1,1,1,1,1,1,1,1,1,1,1,1,1,1,1,1,1,1,1,1,1,1,1,1,1,1,1,1,1,1,1,1,1,1,1,1,1,1,1,1,1,1,1,1,1,1
2026-09-21T15:00:00Z,2026-09-21T16:00:00Z,60,,,,0,1,,,,0,1,,,,0,1,,,,0,1,,,,0,1,,,,0,1,,,,0,1,,,,0,1,,,,0,1,,,,0,1,,,,0,1,,,,0,1,,,,0,1,,,,0,1,,,,0,1,,,,0,1,,,,0,1,,,,0,1,,,,0,1,,,,0,1,,,,0,1,,,,0,1,,,,0,1,,,,0,1,,,,,0,1,,,,,0,1,,,,,0,1,,,,,0,1,,,,,0,1,,,,,0,1,,,,,0,1,,,,,0,1,,,,,0,1,,,,,0,1,3437.2105,254.74650000000003,204.605,372.545,2026-08-31T23:00:00Z,29760.0,1,,,,,,,,,,1,1,1,1,1,1,1,1,1,1,1,1,1,1,1,1,1,1,1,1,1,1,1,1,1,1,1,1,1,1,1,1,1,1,1,1,1,1,1,1,1,1,1,1,1,1,1,1,1,1,1,1,1,1,1,1,1,1,1,1,1,1,1,1,1,1,1,1,1,1,1,1,1,1,1,1,1,1,1,1,1,1,1,1,1,1,1,1,1,1,1,1,1,1,1,1,1,1,1,1,1,1,1,1,1,1,1,1,1,1,1,1,1,1,1,1,1,1,1,1,1
2026-09-21T15:30:00Z,2026-09-21T16:00:00Z,30,,,,0,1,,,,0,1,,,,0,1,,,,0,1,,,,0,1,,,,0,1,,,,0,1,,,,0,1,,,,0,1,,,,0,1,,,,0,1,,,,0,1,,,,0,1,,,,0,1,,,,0,1,,,,0,1,,,,0,1,,,,0,1,,,,0,1,,,,0,1,,,,0,1,,,,0,1,,,,0,1,,,,0,1,,,,,0,1,,,,,0,1,,,,,0,1,,,,,0,1,,,,,0,1,,,,,0,1,,,,,0,1,,,,,0,1,,,,,0,1,,,,,0,1,3437.2105,254.74650000000003,204.605,372.545,2026-08-31T23:00:00Z,29790.0,1,,,,,,,,,,1,1,1,1,1,1,1,1,1,1,1,1,1,1,1,1,1,1,1,1,1,1,1,1,1,1,1,1,1,1,1,1,1,1,1,1,1,1,1,1,1,1,1,1,1,1,1,1,1,1,1,1,1,1,1,1,1,1,1,1,1,1,1,1,1,1,1,1,1,1,1,1,1,1,1,1,1,1,1,1,1,1,1,1,1,1,1,1,1,1,1,1,1,1,1,1,1,1,1,1,1,1,1,1,1,1,1,1,1,1,1,1,1,1,1,1,1,1,1,1,1
2026-09-21T15:30:00Z,2026-09-21T16:30:00Z,60,,,,0,1,,,,0,1,,,,0,1,,,,0,1,,,,0,1,,,,0,1,,,,0,1,,,,0,1,,,,0,1,,,,0,1,,,,0,1,,,,0,1,,,,0,1,,,,0,1,,,,0,1,,,,0,1,,,,0,1,,,,0,1,,,,0,1,,,,0,1,,,,0,1,,,,0,1,,,,0,1,,,,0,1,,,,,0,1,,,,,0,1,,,,,0,1,,,,,0,1,,,,,0,1,,,,,0,1,,,,,0,1,,,,,0,1,,,,,0,1,,,,,0,1,3437.2105,254.74650000000003,204.605,372.545,2026-08-31T23:00:00Z,29790.0,1,,,,,,,,,,1,1,1,1,1,1,1,1,1,1,1,1,1,1,1,1,1,1,1,1,1,1,1,1,1,1,1,1,1,1,1,1,1,1,1,1,1,1,1,1,1,1,1,1,1,1,1,1,1,1,1,1,1,1,1,1,1,1,1,1,1,1,1,1,1,1,1,1,1,1,1,1,1,1,1,1,1,1,1,1,1,1,1,1,1,1,1,1,1,1,1,1,1,1,1,1,1,1,1,1,1,1,1,1,1,1,1,1,1,1,1,1,1,1,1,1,1,1,1,1,1
2026-09-21T16:00:00Z,2026-09-21T16:30:00Z,30,,,,0,1,,,,0,1,,,,0,1,,,,0,1,,,,0,1,,,,0,1,,,,0,1,,,,0,1,,,,0,1,,,,0,1,,,,0,1,,,,0,1,,,,0,1,,,,0,1,,,,0,1,,,,0,1,,,,0,1,,,,0,1,,,,0,1,,,,0,1,,,,0,1,,,,0,1,,,,0,1,,,,0,1,,,,,0,1,,,,,0,1,,,,,0,1,,,,,0,1,,,,,0,1,,,,,0,1,,,,,0,1,,,,,0,1,,,,,0,1,,,,,0,1,3437.2105,254.74650000000003,204.605,372.545,2026-08-31T23:00:00Z,29820.0,1,,,,,,,,,,1,1,1,1,1,1,1,1,1,1,1,1,1,1,1,1,1,1,1,1,1,1,1,1,1,1,1,1,1,1,1,1,1,1,1,1,1,1,1,1,1,1,1,1,1,1,1,1,1,1,1,1,1,1,1,1,1,1,1,1,1,1,1,1,1,1,1,1,1,1,1,1,1,1,1,1,1,1,1,1,1,1,1,1,1,1,1,1,1,1,1,1,1,1,1,1,1,1,1,1,1,1,1,1,1,1,1,1,1,1,1,1,1,1,1,1,1,1,1,1,1
2026-09-21T16:00:00Z,2026-09-21T17:00:00Z,60,,,,0,1,,,,0,1,,,,0,1,,,,0,1,,,,0,1,,,,0,1,,,,0,1,,,,0,1,,,,0,1,,,,0,1,,,,0,1,,,,0,1,,,,0,1,,,,0,1,,,,0,1,,,,0,1,,,,0,1,,,,0,1,,,,0,1,,,,0,1,,,,0,1,,,,0,1,,,,0,1,,,,0,1,,,,,0,1,,,,,0,1,,,,,0,1,,,,,0,1,,,,,0,1,,,,,0,1,,,,,0,1,,,,,0,1,,,,,0,1,,,,,0,1,3437.2105,254.74650000000003,204.605,372.545,2026-08-31T23:00:00Z,29820.0,1,,,,,,,,,,1,1,1,1,1,1,1,1,1,1,1,1,1,1,1,1,1,1,1,1,1,1,1,1,1,1,1,1,1,1,1,1,1,1,1,1,1,1,1,1,1,1,1,1,1,1,1,1,1,1,1,1,1,1,1,1,1,1,1,1,1,1,1,1,1,1,1,1,1,1,1,1,1,1,1,1,1,1,1,1,1,1,1,1,1,1,1,1,1,1,1,1,1,1,1,1,1,1,1,1,1,1,1,1,1,1,1,1,1,1,1,1,1,1,1,1,1,1,1,1,1
2026-09-21T16:30:00Z,2026-09-21T17:00:00Z,30,,,,0,1,,,,0,1,,,,0,1,,,,0,1,,,,0,1,,,,0,1,,,,0,1,,,,0,1,,,,0,1,,,,0,1,,,,0,1,,,,0,1,,,,0,1,,,,0,1,,,,0,1,,,,0,1,,,,0,1,,,,0,1,,,,0,1,,,,0,1,,,,0,1,,,,0,1,,,,0,1,,,,0,1,,,,,0,1,,,,,0,1,,,,,0,1,,,,,0,1,,,,,0,1,,,,,0,1,,,,,0,1,,,,,0,1,,,,,0,1,,,,,0,1,3437.2105,254.74650000000003,204.605,372.545,2026-08-31T23:00:00Z,29850.0,1,,,,,,,,,,1,1,1,1,1,1,1,1,1,1,1,1,1,1,1,1,1,1,1,1,1,1,1,1,1,1,1,1,1,1,1,1,1,1,1,1,1,1,1,1,1,1,1,1,1,1,1,1,1,1,1,1,1,1,1,1,1,1,1,1,1,1,1,1,1,1,1,1,1,1,1,1,1,1,1,1,1,1,1,1,1,1,1,1,1,1,1,1,1,1,1,1,1,1,1,1,1,1,1,1,1,1,1,1,1,1,1,1,1,1,1,1,1,1,1,1,1,1,1,1,1
2026-09-21T16:30:00Z,2026-09-21T17:30:00Z,60,,,,0,1,,,,0,1,,,,0,1,,,,0,1,,,,0,1,,,,0,1,,,,0,1,,,,0,1,,,,0,1,,,,0,1,,,,0,1,,,,0,1,,,,0,1,,,,0,1,,,,0,1,,,,0,1,,,,0,1,,,,0,1,,,,0,1,,,,0,1,,,,0,1,,,,0,1,,,,0,1,,,,0,1,,,,,0,1,,,,,0,1,,,,,0,1,,,,,0,1,,,,,0,1,,,,,0,1,,,,,0,1,,,,,0,1,,,,,0,1,,,,,0,1,3437.2105,254.74650000000003,204.605,372.545,2026-08-31T23:00:00Z,29850.0,1,,,,,,,,,,1,1,1,1,1,1,1,1,1,1,1,1,1,1,1,1,1,1,1,1,1,1,1,1,1,1,1,1,1,1,1,1,1,1,1,1,1,1,1,1,1,1,1,1,1,1,1,1,1,1,1,1,1,1,1,1,1,1,1,1,1,1,1,1,1,1,1,1,1,1,1,1,1,1,1,1,1,1,1,1,1,1,1,1,1,1,1,1,1,1,1,1,1,1,1,1,1,1,1,1,1,1,1,1,1,1,1,1,1,1,1,1,1,1,1,1,1,1,1,1,1
2026-09-21T17:00:00Z,2026-09-21T17:30:00Z,30,,,,0,1,,,,0,1,,,,0,1,,,,0,1,,,,0,1,,,,0,1,,,,0,1,,,,0,1,,,,0,1,,,,0,1,,,,0,1,,,,0,1,,,,0,1,,,,0,1,,,,0,1,,,,0,1,,,,0,1,,,,0,1,,,,0,1,,,,0,1,,,,0,1,,,,0,1,,,,0,1,,,,0,1,,,,,0,1,,,,,0,1,,,,,0,1,,,,,0,1,,,,,0,1,,,,,0,1,,,,,0,1,,,,,0,1,,,,,0,1,,,,,0,1,3437.2105,254.74650000000003,204.605,372.545,2026-08-31T23:00:00Z,29880.0,1,,,,,,,,,,1,1,1,1,1,1,1,1,1,1,1,1,1,1,1,1,1,1,1,1,1,1,1,1,1,1,1,1,1,1,1,1,1,1,1,1,1,1,1,1,1,1,1,1,1,1,1,1,1,1,1,1,1,1,1,1,1,1,1,1,1,1,1,1,1,1,1,1,1,1,1,1,1,1,1,1,1,1,1,1,1,1,1,1,1,1,1,1,1,1,1,1,1,1,1,1,1,1,1,1,1,1,1,1,1,1,1,1,1,1,1,1,1,1,1,1,1,1,1,1,1
2026-09-21T17:00:00Z,2026-09-21T18:00:00Z,60,,,,0,1,,,,0,1,,,,0,1,,,,0,1,,,,0,1,,,,0,1,,,,0,1,,,,0,1,,,,0,1,,,,0,1,,,,0,1,,,,0,1,,,,0,1,,,,0,1,,,,0,1,,,,0,1,,,,0,1,,,,0,1,,,,0,1,,,,0,1,,,,0,1,,,,0,1,,,,0,1,,,,0,1,,,,,0,1,,,,,0,1,,,,,0,1,,,,,0,1,,,,,0,1,,,,,0,1,,,,,0,1,,,,,0,1,,,,,0,1,,,,,0,1,3437.2105,254.74650000000003,204.605,372.545,2026-08-31T23:00:00Z,29880.0,1,,,,,,,,,,1,1,1,1,1,1,1,1,1,1,1,1,1,1,1,1,1,1,1,1,1,1,1,1,1,1,1,1,1,1,1,1,1,1,1,1,1,1,1,1,1,1,1,1,1,1,1,1,1,1,1,1,1,1,1,1,1,1,1,1,1,1,1,1,1,1,1,1,1,1,1,1,1,1,1,1,1,1,1,1,1,1,1,1,1,1,1,1,1,1,1,1,1,1,1,1,1,1,1,1,1,1,1,1,1,1,1,1,1,1,1,1,1,1,1,1,1,1,1,1,1
2026-09-21T17:30:00Z,2026-09-21T18:00:00Z,30,,,,0,1,,,,0,1,,,,0,1,,,,0,1,,,,0,1,,,,0,1,,,,0,1,,,,0,1,,,,0,1,,,,0,1,,,,0,1,,,,0,1,,,,0,1,,,,0,1,,,,0,1,,,,0,1,,,,0,1,,,,0,1,,,,0,1,,,,0,1,,,,0,1,,,,0,1,,,,0,1,,,,0,1,,,,,0,1,,,,,0,1,,,,,0,1,,,,,0,1,,,,,0,1,,,,,0,1,,,,,0,1,,,,,0,1,,,,,0,1,,,,,0,1,3437.2105,254.74650000000003,204.605,372.545,2026-08-31T23:00:00Z,29910.0,1,,,,,,,,,,1,1,1,1,1,1,1,1,1,1,1,1,1,1,1,1,1,1,1,1,1,1,1,1,1,1,1,1,1,1,1,1,1,1,1,1,1,1,1,1,1,1,1,1,1,1,1,1,1,1,1,1,1,1,1,1,1,1,1,1,1,1,1,1,1,1,1,1,1,1,1,1,1,1,1,1,1,1,1,1,1,1,1,1,1,1,1,1,1,1,1,1,1,1,1,1,1,1,1,1,1,1,1,1,1,1,1,1,1,1,1,1,1,1,1,1,1,1,1,1,1
2026-09-21T17:30:00Z,2026-09-21T18:30:00Z,60,,,,0,1,,,,0,1,,,,0,1,,,,0,1,,,,0,1,,,,0,1,,,,0,1,,,,0,1,,,,0,1,,,,0,1,,,,0,1,,,,0,1,,,,0,1,,,,0,1,,,,0,1,,,,0,1,,,,0,1,,,,0,1,,,,0,1,,,,0,1,,,,0,1,,,,0,1,,,,0,1,,,,0,1,,,,,0,1,,,,,0,1,,,,,0,1,,,,,0,1,,,,,0,1,,,,,0,1,,,,,0,1,,,,,0,1,,,,,0,1,,,,,0,1,3437.2105,254.74650000000003,204.605,372.545,2026-08-31T23:00:00Z,29910.0,1,,,,,,,,,,1,1,1,1,1,1,1,1,1,1,1,1,1,1,1,1,1,1,1,1,1,1,1,1,1,1,1,1,1,1,1,1,1,1,1,1,1,1,1,1,1,1,1,1,1,1,1,1,1,1,1,1,1,1,1,1,1,1,1,1,1,1,1,1,1,1,1,1,1,1,1,1,1,1,1,1,1,1,1,1,1,1,1,1,1,1,1,1,1,1,1,1,1,1,1,1,1,1,1,1,1,1,1,1,1,1,1,1,1,1,1,1,1,1,1,1,1,1,1,1,1
2026-09-21T18:00:00Z,2026-09-21T18:30:00Z,30,,,,0,1,,,,0,1,,,,0,1,,,,0,1,,,,0,1,,,,0,1,,,,0,1,,,,0,1,,,,0,1,,,,0,1,,,,0,1,,,,0,1,,,,0,1,,,,0,1,,,,0,1,,,,0,1,,,,0,1,,,,0,1,,,,0,1,,,,0,1,,,,0,1,,,,0,1,,,,0,1,,,,0,1,,,,,0,1,,,,,0,1,,,,,0,1,,,,,0,1,,,,,0,1,,,,,0,1,,,,,0,1,,,,,0,1,,,,,0,1,,,,,0,1,3437.2105,254.74650000000003,204.605,372.545,2026-08-31T23:00:00Z,29940.0,1,,,,,,,,,,1,1,1,1,1,1,1,1,1,1,1,1,1,1,1,1,1,1,1,1,1,1,1,1,1,1,1,1,1,1,1,1,1,1,1,1,1,1,1,1,1,1,1,1,1,1,1,1,1,1,1,1,1,1,1,1,1,1,1,1,1,1,1,1,1,1,1,1,1,1,1,1,1,1,1,1,1,1,1,1,1,1,1,1,1,1,1,1,1,1,1,1,1,1,1,1,1,1,1,1,1,1,1,1,1,1,1,1,1,1,1,1,1,1,1,1,1,1,1,1,1
2026-09-21T18:00:00Z,2026-09-21T19:00:00Z,60,,,,0,1,,,,0,1,,,,0,1,,,,0,1,,,,0,1,,,,0,1,,,,0,1,,,,0,1,,,,0,1,,,,0,1,,,,0,1,,,,0,1,,,,0,1,,,,0,1,,,,0,1,,,,0,1,,,,0,1,,,,0,1,,,,0,1,,,,0,1,,,,0,1,,,,0,1,,,,0,1,,,,0,1,,,,,0,1,,,,,0,1,,,,,0,1,,,,,0,1,,,,,0,1,,,,,0,1,,,,,0,1,,,,,0,1,,,,,0,1,,,,,0,1,3437.2105,254.74650000000003,204.605,372.545,2026-08-31T23:00:00Z,29940.0,1,,,,,,,,,,1,1,1,1,1,1,1,1,1,1,1,1,1,1,1,1,1,1,1,1,1,1,1,1,1,1,1,1,1,1,1,1,1,1,1,1,1,1,1,1,1,1,1,1,1,1,1,1,1,1,1,1,1,1,1,1,1,1,1,1,1,1,1,1,1,1,1,1,1,1,1,1,1,1,1,1,1,1,1,1,1,1,1,1,1,1,1,1,1,1,1,1,1,1,1,1,1,1,1,1,1,1,1,1,1,1,1,1,1,1,1,1,1,1,1,1,1,1,1,1,1
2026-09-21T18:30:00Z,2026-09-21T19:00:00Z,30,,,,0,1,,,,0,1,,,,0,1,,,,0,1,,,,0,1,,,,0,1,,,,0,1,,,,0,1,,,,0,1,,,,0,1,,,,0,1,,,,0,1,,,,0,1,,,,0,1,,,,0,1,,,,0,1,,,,0,1,,,,0,1,,,,0,1,,,,0,1,,,,0,1,,,,0,1,,,,0,1,,,,0,1,,,,,0,1,,,,,0,1,,,,,0,1,,,,,0,1,,,,,0,1,,,,,0,1,,,,,0,1,,,,,0,1,,,,,0,1,,,,,0,1,3437.2105,254.74650000000003,204.605,372.545,2026-08-31T23:00:00Z,29970.0,1,,,,,,,,,,1,1,1,1,1,1,1,1,1,1,1,1,1,1,1,1,1,1,1,1,1,1,1,1,1,1,1,1,1,1,1,1,1,1,1,1,1,1,1,1,1,1,1,1,1,1,1,1,1,1,1,1,1,1,1,1,1,1,1,1,1,1,1,1,1,1,1,1,1,1,1,1,1,1,1,1,1,1,1,1,1,1,1,1,1,1,1,1,1,1,1,1,1,1,1,1,1,1,1,1,1,1,1,1,1,1,1,1,1,1,1,1,1,1,1,1,1,1,1,1,1
2026-09-21T18:30:00Z,2026-09-21T19:30:00Z,60,,,,0,1,,,,0,1,,,,0,1,,,,0,1,,,,0,1,,,,0,1,,,,0,1,,,,0,1,,,,0,1,,,,0,1,,,,0,1,,,,0,1,,,,0,1,,,,0,1,,,,0,1,,,,0,1,,,,0,1,,,,0,1,,,,0,1,,,,0,1,,,,0,1,,,,0,1,,,,0,1,,,,0,1,,,,,0,1,,,,,0,1,,,,,0,1,,,,,0,1,,,,,0,1,,,,,0,1,,,,,0,1,,,,,0,1,,,,,0,1,,,,,0,1,3437.2105,254.74650000000003,204.605,372.545,2026-08-31T23:00:00Z,29970.0,1,,,,,,,,,,1,1,1,1,1,1,1,1,1,1,1,1,1,1,1,1,1,1,1,1,1,1,1,1,1,1,1,1,1,1,1,1,1,1,1,1,1,1,1,1,1,1,1,1,1,1,1,1,1,1,1,1,1,1,1,1,1,1,1,1,1,1,1,1,1,1,1,1,1,1,1,1,1,1,1,1,1,1,1,1,1,1,1,1,1,1,1,1,1,1,1,1,1,1,1,1,1,1,1,1,1,1,1,1,1,1,1,1,1,1,1,1,1,1,1,1,1,1,1,1,1
2026-09-21T19:00:00Z,2026-09-21T19:30:00Z,30,,,,0,1,,,,0,1,,,,0,1,,,,0,1,,,,0,1,,,,0,1,,,,0,1,,,,0,1,,,,0,1,,,,0,1,,,,0,1,,,,0,1,,,,0,1,,,,0,1,,,,0,1,,,,0,1,,,,0,1,,,,0,1,,,,0,1,,,,0,1,,,,0,1,,,,0,1,,,,0,1,,,,0,1,,,,,0,1,,,,,0,1,,,,,0,1,,,,,0,1,,,,,0,1,,,,,0,1,,,,,0,1,,,,,0,1,,,,,0,1,,,,,0,1,3437.2105,254.74650000000003,204.605,372.545,2026-08-31T23:00:00Z,30000.0,1,,,,,,,,,,1,1,1,1,1,1,1,1,1,1,1,1,1,1,1,1,1,1,1,1,1,1,1,1,1,1,1,1,1,1,1,1,1,1,1,1,1,1,1,1,1,1,1,1,1,1,1,1,1,1,1,1,1,1,1,1,1,1,1,1,1,1,1,1,1,1,1,1,1,1,1,1,1,1,1,1,1,1,1,1,1,1,1,1,1,1,1,1,1,1,1,1,1,1,1,1,1,1,1,1,1,1,1,1,1,1,1,1,1,1,1,1,1,1,1,1,1,1,1,1,1
2026-09-21T19:00:00Z,2026-09-21T20:00:00Z,60,,,,0,1,,,,0,1,,,,0,1,,,,0,1,,,,0,1,,,,0,1,,,,0,1,,,,0,1,,,,0,1,,,,0,1,,,,0,1,,,,0,1,,,,0,1,,,,0,1,,,,0,1,,,,0,1,,,,0,1,,,,0,1,,,,0,1,,,,0,1,,,,0,1,,,,0,1,,,,0,1,,,,0,1,,,,,0,1,,,,,0,1,,,,,0,1,,,,,0,1,,,,,0,1,,,,,0,1,,,,,0,1,,,,,0,1,,,,,0,1,,,,,0,1,3437.2105,254.74650000000003,204.605,372.545,2026-08-31T23:00:00Z,30000.0,1,,,,,,,,,,1,1,1,1,1,1,1,1,1,1,1,1,1,1,1,1,1,1,1,1,1,1,1,1,1,1,1,1,1,1,1,1,1,1,1,1,1,1,1,1,1,1,1,1,1,1,1,1,1,1,1,1,1,1,1,1,1,1,1,1,1,1,1,1,1,1,1,1,1,1,1,1,1,1,1,1,1,1,1,1,1,1,1,1,1,1,1,1,1,1,1,1,1,1,1,1,1,1,1,1,1,1,1,1,1,1,1,1,1,1,1,1,1,1,1,1,1,1,1,1,1
2026-09-21T19:30:00Z,2026-09-21T20:00:00Z,30,,,,0,1,,,,0,1,,,,0,1,,,,0,1,,,,0,1,,,,0,1,,,,0,1,,,,0,1,,,,0,1,,,,0,1,,,,0,1,,,,0,1,,,,0,1,,,,0,1,,,,0,1,,,,0,1,,,,0,1,,,,0,1,,,,0,1,,,,0,1,,,,0,1,,,,0,1,,,,0,1,,,,0,1,,,,,0,1,,,,,0,1,,,,,0,1,,,,,0,1,,,,,0,1,,,,,0,1,,,,,0,1,,,,,0,1,,,,,0,1,,,,,0,1,3437.2105,254.74650000000003,204.605,372.545,2026-08-31T23:00:00Z,30030.0,1,,,,,,,,,,1,1,1,1,1,1,1,1,1,1,1,1,1,1,1,1,1,1,1,1,1,1,1,1,1,1,1,1,1,1,1,1,1,1,1,1,1,1,1,1,1,1,1,1,1,1,1,1,1,1,1,1,1,1,1,1,1,1,1,1,1,1,1,1,1,1,1,1,1,1,1,1,1,1,1,1,1,1,1,1,1,1,1,1,1,1,1,1,1,1,1,1,1,1,1,1,1,1,1,1,1,1,1,1,1,1,1,1,1,1,1,1,1,1,1,1,1,1,1,1,1
2026-09-21T19:30:00Z,2026-09-21T20:30:00Z,60,,,,0,1,,,,0,1,,,,0,1,,,,0,1,,,,0,1,,,,0,1,,,,0,1,,,,0,1,,,,0,1,,,,0,1,,,,0,1,,,,0,1,,,,0,1,,,,0,1,,,,0,1,,,,0,1,,,,0,1,,,,0,1,,,,0,1,,,,0,1,,,,0,1,,,,0,1,,,,0,1,,,,0,1,,,,,0,1,,,,,0,1,,,,,0,1,,,,,0,1,,,,,0,1,,,,,0,1,,,,,0,1,,,,,0,1,,,,,0,1,,,,,0,1,3437.2105,254.74650000000003,204.605,372.545,2026-08-31T23:00:00Z,30030.0,1,,,,,,,,,,1,1,1,1,1,1,1,1,1,1,1,1,1,1,1,1,1,1,1,1,1,1,1,1,1,1,1,1,1,1,1,1,1,1,1,1,1,1,1,1,1,1,1,1,1,1,1,1,1,1,1,1,1,1,1,1,1,1,1,1,1,1,1,1,1,1,1,1,1,1,1,1,1,1,1,1,1,1,1,1,1,1,1,1,1,1,1,1,1,1,1,1,1,1,1,1,1,1,1,1,1,1,1,1,1,1,1,1,1,1,1,1,1,1,1,1,1,1,1,1,1
2026-09-21T20:00:00Z,2026-09-21T20:30:00Z,30,,,,0,1,,,,0,1,,,,0,1,,,,0,1,,,,0,1,,,,0,1,,,,0,1,,,,0,1,,,,0,1,,,,0,1,,,,0,1,,,,0,1,,,,0,1,,,,0,1,,,,0,1,,,,0,1,,,,0,1,,,,0,1,,,,0,1,,,,0,1,,,,0,1,,,,0,1,,,,0,1,,,,0,1,,,,,0,1,,,,,0,1,,,,,0,1,,,,,0,1,,,,,0,1,,,,,0,1,,,,,0,1,,,,,0,1,,,,,0,1,,,,,0,1,3437.2105,254.74650000000003,204.605,372.545,2026-08-31T23:00:00Z,30060.0,1,,,,,,,,,,1,1,1,1,1,1,1,1,1,1,1,1,1,1,1,1,1,1,1,1,1,1,1,1,1,1,1,1,1,1,1,1,1,1,1,1,1,1,1,1,1,1,1,1,1,1,1,1,1,1,1,1,1,1,1,1,1,1,1,1,1,1,1,1,1,1,1,1,1,1,1,1,1,1,1,1,1,1,1,1,1,1,1,1,1,1,1,1,1,1,1,1,1,1,1,1,1,1,1,1,1,1,1,1,1,1,1,1,1,1,1,1,1,1,1,1,1,1,1,1,1
2026-09-21T20:00:00Z,2026-09-21T21:00:00Z,60,,,,0,1,,,,0,1,,,,0,1,,,,0,1,,,,0,1,,,,0,1,,,,0,1,,,,0,1,,,,0,1,,,,0,1,,,,0,1,,,,0,1,,,,0,1,,,,0,1,,,,0,1,,,,0,1,,,,0,1,,,,0,1,,,,0,1,,,,0,1,,,,0,1,,,,0,1,,,,0,1,,,,0,1,,,,,0,1,,,,,0,1,,,,,0,1,,,,,0,1,,,,,0,1,,,,,0,1,,,,,0,1,,,,,0,1,,,,,0,1,,,,,0,1,3437.2105,254.74650000000003,204.605,372.545,2026-08-31T23:00:00Z,30060.0,1,,,,,,,,,,1,1,1,1,1,1,1,1,1,1,1,1,1,1,1,1,1,1,1,1,1,1,1,1,1,1,1,1,1,1,1,1,1,1,1,1,1,1,1,1,1,1,1,1,1,1,1,1,1,1,1,1,1,1,1,1,1,1,1,1,1,1,1,1,1,1,1,1,1,1,1,1,1,1,1,1,1,1,1,1,1,1,1,1,1,1,1,1,1,1,1,1,1,1,1,1,1,1,1,1,1,1,1,1,1,1,1,1,1,1,1,1,1,1,1,1,1,1,1,1,1
2026-09-21T20:30:00Z,2026-09-21T21:00:00Z,30,,,,0,1,,,,0,1,,,,0,1,,,,0,1,,,,0,1,,,,0,1,,,,0,1,,,,0,1,,,,0,1,,,,0,1,,,,0,1,,,,0,1,,,,0,1,,,,0,1,,,,0,1,,,,0,1,,,,0,1,,,,0,1,,,,0,1,,,,0,1,,,,0,1,,,,0,1,,,,0,1,,,,0,1,,,,,0,1,,,,,0,1,,,,,0,1,,,,,0,1,,,,,0,1,,,,,0,1,,,,,0,1,,,,,0,1,,,,,0,1,,,,,0,1,3437.2105,254.74650000000003,204.605,372.545,2026-08-31T23:00:00Z,30090.0,1,,,,,,,,,,1,1,1,1,1,1,1,1,1,1,1,1,1,1,1,1,1,1,1,1,1,1,1,1,1,1,1,1,1,1,1,1,1,1,1,1,1,1,1,1,1,1,1,1,1,1,1,1,1,1,1,1,1,1,1,1,1,1,1,1,1,1,1,1,1,1,1,1,1,1,1,1,1,1,1,1,1,1,1,1,1,1,1,1,1,1,1,1,1,1,1,1,1,1,1,1,1,1,1,1,1,1,1,1,1,1,1,1,1,1,1,1,1,1,1,1,1,1,1,1,1
2026-09-21T20:30:00Z,2026-09-21T21:30:00Z,60,,,,0,1,,,,0,1,,,,0,1,,,,0,1,,,,0,1,,,,0,1,,,,0,1,,,,0,1,,,,0,1,,,,0,1,,,,0,1,,,,0,1,,,,0,1,,,,0,1,,,,0,1,,,,0,1,,,,0,1,,,,0,1,,,,0,1,,,,0,1,,,,0,1,,,,0,1,,,,0,1,,,,0,1,,,,,0,1,,,,,0,1,,,,,0,1,,,,,0,1,,,,,0,1,,,,,0,1,,,,,0,1,,,,,0,1,,,,,0,1,,,,,0,1,3437.2105,254.74650000000003,204.605,372.545,2026-08-31T23:00:00Z,30090.0,1,,,,,,,,,,1,1,1,1,1,1,1,1,1,1,1,1,1,1,1,1,1,1,1,1,1,1,1,1,1,1,1,1,1,1,1,1,1,1,1,1,1,1,1,1,1,1,1,1,1,1,1,1,1,1,1,1,1,1,1,1,1,1,1,1,1,1,1,1,1,1,1,1,1,1,1,1,1,1,1,1,1,1,1,1,1,1,1,1,1,1,1,1,1,1,1,1,1,1,1,1,1,1,1,1,1,1,1,1,1,1,1,1,1,1,1,1,1,1,1,1,1,1,1,1,1
2026-09-21T21:00:00Z,2026-09-21T21:30:00Z,30,,,,0,1,,,,0,1,,,,0,1,,,,0,1,,,,0,1,,,,0,1,,,,0,1,,,,0,1,,,,0,1,,,,0,1,,,,0,1,,,,0,1,,,,0,1,,,,0,1,,,,0,1,,,,0,1,,,,0,1,,,,0,1,,,,0,1,,,,0,1,,,,0,1,,,,0,1,,,,0,1,,,,0,1,,,,,0,1,,,,,0,1,,,,,0,1,,,,,0,1,,,,,0,1,,,,,0,1,,,,,0,1,,,,,0,1,,,,,0,1,,,,,0,1,3437.2105,254.74650000000003,204.605,372.545,2026-08-31T23:00:00Z,30120.0,1,,,,,,,,,,1,1,1,1,1,1,1,1,1,1,1,1,1,1,1,1,1,1,1,1,1,1,1,1,1,1,1,1,1,1,1,1,1,1,1,1,1,1,1,1,1,1,1,1,1,1,1,1,1,1,1,1,1,1,1,1,1,1,1,1,1,1,1,1,1,1,1,1,1,1,1,1,1,1,1,1,1,1,1,1,1,1,1,1,1,1,1,1,1,1,1,1,1,1,1,1,1,1,1,1,1,1,1,1,1,1,1,1,1,1,1,1,1,1,1,1,1,1,1,1,1
2026-09-21T21:00:00Z,2026-09-21T22:00:00Z,60,,,,0,1,,,,0,1,,,,0,1,,,,0,1,,,,0,1,,,,0,1,,,,0,1,,,,0,1,,,,0,1,,,,0,1,,,,0,1,,,,0,1,,,,0,1,,,,0,1,,,,0,1,,,,0,1,,,,0,1,,,,0,1,,,,0,1,,,,0,1,,,,0,1,,,,0,1,,,,0,1,,,,0,1,,,,,0,1,,,,,0,1,,,,,0,1,,,,,0,1,,,,,0,1,,,,,0,1,,,,,0,1,,,,,0,1,,,,,0,1,,,,,0,1,3437.2105,254.74650000000003,204.605,372.545,2026-08-31T23:00:00Z,30120.0,1,,,,,,,,,,1,1,1,1,1,1,1,1,1,1,1,1,1,1,1,1,1,1,1,1,1,1,1,1,1,1,1,1,1,1,1,1,1,1,1,1,1,1,1,1,1,1,1,1,1,1,1,1,1,1,1,1,1,1,1,1,1,1,1,1,1,1,1,1,1,1,1,1,1,1,1,1,1,1,1,1,1,1,1,1,1,1,1,1,1,1,1,1,1,1,1,1,1,1,1,1,1,1,1,1,1,1,1,1,1,1,1,1,1,1,1,1,1,1,1,1,1,1,1,1,1
2026-09-21T21:30:00Z,2026-09-21T22:00:00Z,30,,,,0,1,,,,0,1,,,,0,1,,,,0,1,,,,0,1,,,,0,1,,,,0,1,,,,0,1,,,,0,1,,,,0,1,,,,0,1,,,,0,1,,,,0,1,,,,0,1,,,,0,1,,,,0,1,,,,0,1,,,,0,1,,,,0,1,,,,0,1,,,,0,1,,,,0,1,,,,0,1,,,,0,1,,,,,0,1,,,,,0,1,,,,,0,1,,,,,0,1,,,,,0,1,,,,,0,1,,,,,0,1,,,,,0,1,,,,,0,1,,,,,0,1,3437.2105,254.74650000000003,204.605,372.545,2026-08-31T23:00:00Z,30150.0,1,,,,,,,,,,1,1,1,1,1,1,1,1,1,1,1,1,1,1,1,1,1,1,1,1,1,1,1,1,1,1,1,1,1,1,1,1,1,1,1,1,1,1,1,1,1,1,1,1,1,1,1,1,1,1,1,1,1,1,1,1,1,1,1,1,1,1,1,1,1,1,1,1,1,1,1,1,1,1,1,1,1,1,1,1,1,1,1,1,1,1,1,1,1,1,1,1,1,1,1,1,1,1,1,1,1,1,1,1,1,1,1,1,1,1,1,1,1,1,1,1,1,1,1,1,1
2026-09-21T21:30:00Z,2026-09-21T22:30:00Z,60,,,,0,1,,,,0,1,,,,0,1,,,,0,1,,,,0,1,,,,0,1,,,,0,1,,,,0,1,,,,0,1,,,,0,1,,,,0,1,,,,0,1,,,,0,1,,,,0,1,,,,0,1,,,,0,1,,,,0,1,,,,0,1,,,,0,1,,,,0,1,,,,0,1,,,,0,1,,,,0,1,,,,0,1,,,,,0,1,,,,,0,1,,,,,0,1,,,,,0,1,,,,,0,1,,,,,0,1,,,,,0,1,,,,,0,1,,,,,0,1,,,,,0,1,3437.2105,254.74650000000003,204.605,372.545,2026-08-31T23:00:00Z,30150.0,1,,,,,,,,,,1,1,1,1,1,1,1,1,1,1,1,1,1,1,1,1,1,1,1,1,1,1,1,1,1,1,1,1,1,1,1,1,1,1,1,1,1,1,1,1,1,1,1,1,1,1,1,1,1,1,1,1,1,1,1,1,1,1,1,1,1,1,1,1,1,1,1,1,1,1,1,1,1,1,1,1,1,1,1,1,1,1,1,1,1,1,1,1,1,1,1,1,1,1,1,1,1,1,1,1,1,1,1,1,1,1,1,1,1,1,1,1,1,1,1,1,1,1,1,1,1
2026-09-21T22:00:00Z,2026-09-21T22:30:00Z,30,,,,0,1,,,,0,1,,,,0,1,,,,0,1,,,,0,1,,,,0,1,,,,0,1,,,,0,1,,,,0,1,,,,0,1,,,,0,1,,,,0,1,,,,0,1,,,,0,1,,,,0,1,,,,0,1,,,,0,1,,,,0,1,,,,0,1,,,,0,1,,,,0,1,,,,0,1,,,,0,1,,,,0,1,,,,,0,1,,,,,0,1,,,,,0,1,,,,,0,1,,,,,0,1,,,,,0,1,,,,,0,1,,,,,0,1,,,,,0,1,,,,,0,1,3437.2105,254.74650000000003,204.605,372.545,2026-08-31T23:00:00Z,30180.0,1,,,,,,,,,,1,1,1,1,1,1,1,1,1,1,1,1,1,1,1,1,1,1,1,1,1,1,1,1,1,1,1,1,1,1,1,1,1,1,1,1,1,1,1,1,1,1,1,1,1,1,1,1,1,1,1,1,1,1,1,1,1,1,1,1,1,1,1,1,1,1,1,1,1,1,1,1,1,1,1,1,1,1,1,1,1,1,1,1,1,1,1,1,1,1,1,1,1,1,1,1,1,1,1,1,1,1,1,1,1,1,1,1,1,1,1,1,1,1,1,1,1,1,1,1,1
2026-09-21T22:00:00Z,2026-09-21T23:00:00Z,60,,,,0,1,,,,0,1,,,,0,1,,,,0,1,,,,0,1,,,,0,1,,,,0,1,,,,0,1,,,,0,1,,,,0,1,,,,0,1,,,,0,1,,,,0,1,,,,0,1,,,,0,1,,,,0,1,,,,0,1,,,,0,1,,,,0,1,,,,0,1,,,,0,1,,,,0,1,,,,0,1,,,,0,1,,,,,0,1,,,,,0,1,,,,,0,1,,,,,0,1,,,,,0,1,,,,,0,1,,,,,0,1,,,,,0,1,,,,,0,1,,,,,0,1,3437.2105,254.74650000000003,204.605,372.545,2026-08-31T23:00:00Z,30180.0,1,,,,,,,,,,1,1,1,1,1,1,1,1,1,1,1,1,1,1,1,1,1,1,1,1,1,1,1,1,1,1,1,1,1,1,1,1,1,1,1,1,1,1,1,1,1,1,1,1,1,1,1,1,1,1,1,1,1,1,1,1,1,1,1,1,1,1,1,1,1,1,1,1,1,1,1,1,1,1,1,1,1,1,1,1,1,1,1,1,1,1,1,1,1,1,1,1,1,1,1,1,1,1,1,1,1,1,1,1,1,1,1,1,1,1,1,1,1,1,1,1,1,1,1,1,1
2026-09-21T22:30:00Z,2026-09-21T23:00:00Z,30,,,,0,1,,,,0,1,,,,0,1,,,,0,1,,,,0,1,,,,0,1,,,,0,1,,,,0,1,,,,0,1,,,,0,1,,,,0,1,,,,0,1,,,,0,1,,,,0,1,,,,0,1,,,,0,1,,,,0,1,,,,0,1,,,,0,1,,,,0,1,,,,0,1,,,,0,1,,,,0,1,,,,0,1,,,,,0,1,,,,,0,1,,,,,0,1,,,,,0,1,,,,,0,1,,,,,0,1,,,,,0,1,,,,,0,1,,,,,0,1,,,,,0,1,3437.2105,254.74650000000003,204.605,372.545,2026-08-31T23:00:00Z,30210.0,1,,,,,,,,,,1,1,1,1,1,1,1,1,1,1,1,1,1,1,1,1,1,1,1,1,1,1,1,1,1,1,1,1,1,1,1,1,1,1,1,1,1,1,1,1,1,1,1,1,1,1,1,1,1,1,1,1,1,1,1,1,1,1,1,1,1,1,1,1,1,1,1,1,1,1,1,1,1,1,1,1,1,1,1,1,1,1,1,1,1,1,1,1,1,1,1,1,1,1,1,1,1,1,1,1,1,1,1,1,1,1,1,1,1,1,1,1,1,1,1,1,1,1,1,1,1
2026-09-21T22:30:00Z,2026-09-21T23:30:00Z,60,,,,0,1,,,,0,1,,,,0,1,,,,0,1,,,,0,1,,,,0,1,,,,0,1,,,,0,1,,,,0,1,,,,0,1,,,,0,1,,,,0,1,,,,0,1,,,,0,1,,,,0,1,,,,0,1,,,,0,1,,,,0,1,,,,0,1,,,,0,1,,,,0,1,,,,0,1,,,,0,1,,,,0,1,,,,,0,1,,,,,0,1,,,,,0,1,,,,,0,1,,,,,0,1,,,,,0,1,,,,,0,1,,,,,0,1,,,,,0,1,,,,,0,1,3437.2105,254.74650000000003,204.605,372.545,2026-08-31T23:00:00Z,30210.0,1,,,,,,,,,,1,1,1,1,1,1,1,1,1,1,1,1,1,1,1,1,1,1,1,1,1,1,1,1,1,1,1,1,1,1,1,1,1,1,1,1,1,1,1,1,1,1,1,1,1,1,1,1,1,1,1,1,1,1,1,1,1,1,1,1,1,1,1,1,1,1,1,1,1,1,1,1,1,1,1,1,1,1,1,1,1,1,1,1,1,1,1,1,1,1,1,1,1,1,1,1,1,1,1,1,1,1,1,1,1,1,1,1,1,1,1,1,1,1,1,1,1,1,1,1,1
2026-09-21T23:00:00Z,2026-09-21T23:30:00Z,30,,,,0,1,,,,0,1,,,,0,1,,,,0,1,,,,0,1,,,,0,1,,,,0,1,,,,0,1,,,,0,1,,,,0,1,,,,0,1,,,,0,1,,,,0,1,,,,0,1,,,,0,1,,,,0,1,,,,0,1,,,,0,1,,,,0,1,,,,0,1,,,,0,1,,,,0,1,,,,0,1,,,,0,1,,,,,0,1,,,,,0,1,,,,,0,1,,,,,0,1,,,,,0,1,,,,,0,1,,,,,0,1,,,,,0,1,,,,,0,1,,,,,0,1,3437.2105,254.74650000000003,204.605,372.545,2026-08-31T23:00:00Z,30240.0,1,,,,,,,,,,1,1,1,1,1,1,1,1,1,1,1,1,1,1,1,1,1,1,1,1,1,1,1,1,1,1,1,1,1,1,1,1,1,1,1,1,1,1,1,1,1,1,1,1,1,1,1,1,1,1,1,1,1,1,1,1,1,1,1,1,1,1,1,1,1,1,1,1,1,1,1,1,1,1,1,1,1,1,1,1,1,1,1,1,1,1,1,1,1,1,1,1,1,1,1,1,1,1,1,1,1,1,1,1,1,1,1,1,1,1,1,1,1,1,1,1,1,1,1,1,1
2026-09-21T23:00:00Z,2026-09-22T00:00:00Z,60,,,,0,1,,,,0,1,,,,0,1,,,,0,1,,,,0,1,,,,0,1,,,,0,1,,,,0,1,,,,0,1,,,,0,1,,,,0,1,,,,0,1,,,,0,1,,,,0,1,,,,0,1,,,,0,1,,,,0,1,,,,0,1,,,,0,1,,,,0,1,,,,0,1,,,,0,1,,,,0,1,,,,0,1,,,,,0,1,,,,,0,1,,,,,0,1,,,,,0,1,,,,,0,1,,,,,0,1,,,,,0,1,,,,,0,1,,,,,0,1,,,,,0,1,3437.2105,254.74650000000003,204.605,372.545,2026-08-31T23:00:00Z,30240.0,1,,,,,,,,,,1,1,1,1,1,1,1,1,1,1,1,1,1,1,1,1,1,1,1,1,1,1,1,1,1,1,1,1,1,1,1,1,1,1,1,1,1,1,1,1,1,1,1,1,1,1,1,1,1,1,1,1,1,1,1,1,1,1,1,1,1,1,1,1,1,1,1,1,1,1,1,1,1,1,1,1,1,1,1,1,1,1,1,1,1,1,1,1,1,1,1,1,1,1,1,1,1,1,1,1,1,1,1,1,1,1,1,1,1,1,1,1,1,1,1,1,1,1,1,1,1
2026-09-21T23:30:00Z,2026-09-22T00:00:00Z,30,,,,0,1,,,,0,1,,,,0,1,,,,0,1,,,,0,1,,,,0,1,,,,0,1,,,,0,1,,,,0,1,,,,0,1,,,,0,1,,,,0,1,,,,0,1,,,,0,1,,,,0,1,,,,0,1,,,,0,1,,,,0,1,,,,0,1,,,,0,1,,,,0,1,,,,0,1,,,,0,1,,,,0,1,,,,,0,1,,,,,0,1,,,,,0,1,,,,,0,1,,,,,0,1,,,,,0,1,,,,,0,1,,,,,0,1,,,,,0,1,,,,,0,1,3437.2105,254.74650000000003,204.605,372.545,2026-08-31T23:00:00Z,30270.0,1,,,,,,,,,,1,1,1,1,1,1,1,1,1,1,1,1,1,1,1,1,1,1,1,1,1,1,1,1,1,1,1,1,1,1,1,1,1,1,1,1,1,1,1,1,1,1,1,1,1,1,1,1,1,1,1,1,1,1,1,1,1,1,1,1,1,1,1,1,1,1,1,1,1,1,1,1,1,1,1,1,1,1,1,1,1,1,1,1,1,1,1,1,1,1,1,1,1,1,1,1,1,1,1,1,1,1,1,1,1,1,1,1,1,1,1,1,1,1,1,1,1,1,1,1,1
2026-09-21T23:30:00Z,2026-09-22T00:30:00Z,60,,,,0,1,,,,0,1,,,,0,1,,,,0,1,,,,0,1,,,,0,1,,,,0,1,,,,0,1,,,,0,1,,,,0,1,,,,0,1,,,,0,1,,,,0,1,,,,0,1,,,,0,1,,,,0,1,,,,0,1,,,,0,1,,,,0,1,,,,0,1,,,,0,1,,,,0,1,,,,0,1,,,,0,1,,,,,0,1,,,,,0,1,,,,,0,1,,,,,0,1,,,,,0,1,,,,,0,1,,,,,0,1,,,,,0,1,,,,,0,1,,,,,0,1,3437.2105,254.74650000000003,204.605,372.545,2026-08-31T23:00:00Z,30270.0,1,,,,,,,,,,1,1,1,1,1,1,1,1,1,1,1,1,1,1,1,1,1,1,1,1,1,1,1,1,1,1,1,1,1,1,1,1,1,1,1,1,1,1,1,1,1,1,1,1,1,1,1,1,1,1,1,1,1,1,1,1,1,1,1,1,1,1,1,1,1,1,1,1,1,1,1,1,1,1,1,1,1,1,1,1,1,1,1,1,1,1,1,1,1,1,1,1,1,1,1,1,1,1,1,1,1,1,1,1,1,1,1,1,1,1,1,1,1,1,1,1,1,1,1,1,1
2026-09-22T00:00:00Z,2026-09-22T00:30:00Z,30,,,,0,1,,,,0,1,,,,0,1,,,,0,1,,,,0,1,,,,0,1,,,,0,1,,,,0,1,,,,0,1,,,,0,1,,,,0,1,,,,0,1,,,,0,1,,,,0,1,,,,0,1,,,,0,1,,,,0,1,,,,0,1,,,,0,1,,,,0,1,,,,0,1,,,,0,1,,,,0,1,,,,0,1,,,,,0,1,,,,,0,1,,,,,0,1,,,,,0,1,,,,,0,1,,,,,0,1,,,,,0,1,,,,,0,1,,,,,0,1,,,,,0,1,3437.2105,254.74650000000003,204.605,372.545,2026-08-31T23:00:00Z,30300.0,1,,,,,,,,,,1,1,1,1,1,1,1,1,1,1,1,1,1,1,1,1,1,1,1,1,1,1,1,1,1,1,1,1,1,1,1,1,1,1,1,1,1,1,1,1,1,1,1,1,1,1,1,1,1,1,1,1,1,1,1,1,1,1,1,1,1,1,1,1,1,1,1,1,1,1,1,1,1,1,1,1,1,1,1,1,1,1,1,1,1,1,1,1,1,1,1,1,1,1,1,1,1,1,1,1,1,1,1,1,1,1,1,1,1,1,1,1,1,1,1,1,1,1,1,1,1
2026-09-22T00:00:00Z,2026-09-22T01:00:00Z,60,,,,0,1,,,,0,1,,,,0,1,,,,0,1,,,,0,1,,,,0,1,,,,0,1,,,,0,1,,,,0,1,,,,0,1,,,,0,1,,,,0,1,,,,0,1,,,,0,1,,,,0,1,,,,0,1,,,,0,1,,,,0,1,,,,0,1,,,,0,1,,,,0,1,,,,0,1,,,,0,1,,,,0,1,,,,,0,1,,,,,0,1,,,,,0,1,,,,,0,1,,,,,0,1,,,,,0,1,,,,,0,1,,,,,0,1,,,,,0,1,,,,,0,1,3437.2105,254.74650000000003,204.605,372.545,2026-08-31T23:00:00Z,30300.0,1,,,,,,,,,,1,1,1,1,1,1,1,1,1,1,1,1,1,1,1,1,1,1,1,1,1,1,1,1,1,1,1,1,1,1,1,1,1,1,1,1,1,1,1,1,1,1,1,1,1,1,1,1,1,1,1,1,1,1,1,1,1,1,1,1,1,1,1,1,1,1,1,1,1,1,1,1,1,1,1,1,1,1,1,1,1,1,1,1,1,1,1,1,1,1,1,1,1,1,1,1,1,1,1,1,1,1,1,1,1,1,1,1,1,1,1,1,1,1,1,1,1,1,1,1,1
2026-09-22T00:30:00Z,2026-09-22T01:00:00Z,30,,,,0,1,,,,0,1,,,,0,1,,,,0,1,,,,0,1,,,,0,1,,,,0,1,,,,0,1,,,,0,1,,,,0,1,,,,0,1,,,,0,1,,,,0,1,,,,0,1,,,,0,1,,,,0,1,,,,0,1,,,,0,1,,,,0,1,,,,0,1,,,,0,1,,,,0,1,,,,0,1,,,,0,1,,,,,0,1,,,,,0,1,,,,,0,1,,,,,0,1,,,,,0,1,,,,,0,1,,,,,0,1,,,,,0,1,,,,,0,1,,,,,0,1,3437.2105,254.74650000000003,204.605,372.545,2026-08-31T23:00:00Z,30330.0,1,,,,,,,,,,1,1,1,1,1,1,1,1,1,1,1,1,1,1,1,1,1,1,1,1,1,1,1,1,1,1,1,1,1,1,1,1,1,1,1,1,1,1,1,1,1,1,1,1,1,1,1,1,1,1,1,1,1,1,1,1,1,1,1,1,1,1,1,1,1,1,1,1,1,1,1,1,1,1,1,1,1,1,1,1,1,1,1,1,1,1,1,1,1,1,1,1,1,1,1,1,1,1,1,1,1,1,1,1,1,1,1,1,1,1,1,1,1,1,1,1,1,1,1,1,1
2026-09-22T00:30:00Z,2026-09-22T01:30:00Z,60,,,,0,1,,,,0,1,,,,0,1,,,,0,1,,,,0,1,,,,0,1,,,,0,1,,,,0,1,,,,0,1,,,,0,1,,,,0,1,,,,0,1,,,,0,1,,,,0,1,,,,0,1,,,,0,1,,,,0,1,,,,0,1,,,,0,1,,,,0,1,,,,0,1,,,,0,1,,,,0,1,,,,0,1,,,,,0,1,,,,,0,1,,,,,0,1,,,,,0,1,,,,,0,1,,,,,0,1,,,,,0,1,,,,,0,1,,,,,0,1,,,,,0,1,3437.2105,254.74650000000003,204.605,372.545,2026-08-31T23:00:00Z,30330.0,1,,,,,,,,,,1,1,1,1,1,1,1,1,1,1,1,1,1,1,1,1,1,1,1,1,1,1,1,1,1,1,1,1,1,1,1,1,1,1,1,1,1,1,1,1,1,1,1,1,1,1,1,1,1,1,1,1,1,1,1,1,1,1,1,1,1,1,1,1,1,1,1,1,1,1,1,1,1,1,1,1,1,1,1,1,1,1,1,1,1,1,1,1,1,1,1,1,1,1,1,1,1,1,1,1,1,1,1,1,1,1,1,1,1,1,1,1,1,1,1,1,1,1,1,1,1
2026-09-22T01:00:00Z,2026-09-22T01:30:00Z,30,,,,0,1,,,,0,1,,,,0,1,,,,0,1,,,,0,1,,,,0,1,,,,0,1,,,,0,1,,,,0,1,,,,0,1,,,,0,1,,,,0,1,,,,0,1,,,,0,1,,,,0,1,,,,0,1,,,,0,1,,,,0,1,,,,0,1,,,,0,1,,,,0,1,,,,0,1,,,,0,1,,,,0,1,,,,,0,1,,,,,0,1,,,,,0,1,,,,,0,1,,,,,0,1,,,,,0,1,,,,,0,1,,,,,0,1,,,,,0,1,,,,,0,1,3437.2105,254.74650000000003,204.605,372.545,2026-08-31T23:00:00Z,30360.0,1,,,,,,,,,,1,1,1,1,1,1,1,1,1,1,1,1,1,1,1,1,1,1,1,1,1,1,1,1,1,1,1,1,1,1,1,1,1,1,1,1,1,1,1,1,1,1,1,1,1,1,1,1,1,1,1,1,1,1,1,1,1,1,1,1,1,1,1,1,1,1,1,1,1,1,1,1,1,1,1,1,1,1,1,1,1,1,1,1,1,1,1,1,1,1,1,1,1,1,1,1,1,1,1,1,1,1,1,1,1,1,1,1,1,1,1,1,1,1,1,1,1,1,1,1,1
2026-09-22T01:00:00Z,2026-09-22T02:00:00Z,60,,,,0,1,,,,0,1,,,,0,1,,,,0,1,,,,0,1,,,,0,1,,,,0,1,,,,0,1,,,,0,1,,,,0,1,,,,0,1,,,,0,1,,,,0,1,,,,0,1,,,,0,1,,,,0,1,,,,0,1,,,,0,1,,,,0,1,,,,0,1,,,,0,1,,,,0,1,,,,0,1,,,,0,1,,,,,0,1,,,,,0,1,,,,,0,1,,,,,0,1,,,,,0,1,,,,,0,1,,,,,0,1,,,,,0,1,,,,,0,1,,,,,0,1,3437.2105,254.74650000000003,204.605,372.545,2026-08-31T23:00:00Z,30360.0,1,,,,,,,,,,1,1,1,1,1,1,1,1,1,1,1,1,1,1,1,1,1,1,1,1,1,1,1,1,1,1,1,1,1,1,1,1,1,1,1,1,1,1,1,1,1,1,1,1,1,1,1,1,1,1,1,1,1,1,1,1,1,1,1,1,1,1,1,1,1,1,1,1,1,1,1,1,1,1,1,1,1,1,1,1,1,1,1,1,1,1,1,1,1,1,1,1,1,1,1,1,1,1,1,1,1,1,1,1,1,1,1,1,1,1,1,1,1,1,1,1,1,1,1,1,1
2026-09-22T01:30:00Z,2026-09-22T02:00:00Z,30,,,,0,1,,,,0,1,,,,0,1,,,,0,1,,,,0,1,,,,0,1,,,,0,1,,,,0,1,,,,0,1,,,,0,1,,,,0,1,,,,0,1,,,,0,1,,,,0,1,,,,0,1,,,,0,1,,,,0,1,,,,0,1,,,,0,1,,,,0,1,,,,0,1,,,,0,1,,,,0,1,,,,0,1,,,,,0,1,,,,,0,1,,,,,0,1,,,,,0,1,,,,,0,1,,,,,0,1,,,,,0,1,,,,,0,1,,,,,0,1,,,,,0,1,3437.2105,254.74650000000003,204.605,372.545,2026-08-31T23:00:00Z,30390.0,1,,,,,,,,,,1,1,1,1,1,1,1,1,1,1,1,1,1,1,1,1,1,1,1,1,1,1,1,1,1,1,1,1,1,1,1,1,1,1,1,1,1,1,1,1,1,1,1,1,1,1,1,1,1,1,1,1,1,1,1,1,1,1,1,1,1,1,1,1,1,1,1,1,1,1,1,1,1,1,1,1,1,1,1,1,1,1,1,1,1,1,1,1,1,1,1,1,1,1,1,1,1,1,1,1,1,1,1,1,1,1,1,1,1,1,1,1,1,1,1,1,1,1,1,1,1
2026-09-22T01:30:00Z,2026-09-22T02:30:00Z,60,,,,0,1,,,,0,1,,,,0,1,,,,0,1,,,,0,1,,,,0,1,,,,0,1,,,,0,1,,,,0,1,,,,0,1,,,,0,1,,,,0,1,,,,0,1,,,,0,1,,,,0,1,,,,0,1,,,,0,1,,,,0,1,,,,0,1,,,,0,1,,,,0,1,,,,0,1,,,,0,1,,,,0,1,,,,,0,1,,,,,0,1,,,,,0,1,,,,,0,1,,,,,0,1,,,,,0,1,,,,,0,1,,,,,0,1,,,,,0,1,,,,,0,1,3437.2105,254.74650000000003,204.605,372.545,2026-08-31T23:00:00Z,30390.0,1,,,,,,,,,,1,1,1,1,1,1,1,1,1,1,1,1,1,1,1,1,1,1,1,1,1,1,1,1,1,1,1,1,1,1,1,1,1,1,1,1,1,1,1,1,1,1,1,1,1,1,1,1,1,1,1,1,1,1,1,1,1,1,1,1,1,1,1,1,1,1,1,1,1,1,1,1,1,1,1,1,1,1,1,1,1,1,1,1,1,1,1,1,1,1,1,1,1,1,1,1,1,1,1,1,1,1,1,1,1,1,1,1,1,1,1,1,1,1,1,1,1,1,1,1,1
2026-09-22T02:00:00Z,2026-09-22T02:30:00Z,30,,,,0,1,,,,0,1,,,,0,1,,,,0,1,,,,0,1,,,,0,1,,,,0,1,,,,0,1,,,,0,1,,,,0,1,,,,0,1,,,,0,1,,,,0,1,,,,0,1,,,,0,1,,,,0,1,,,,0,1,,,,0,1,,,,0,1,,,,0,1,,,,0,1,,,,0,1,,,,0,1,,,,0,1,,,,,0,1,,,,,0,1,,,,,0,1,,,,,0,1,,,,,0,1,,,,,0,1,,,,,0,1,,,,,0,1,,,,,0,1,,,,,0,1,3437.2105,254.74650000000003,204.605,372.545,2026-08-31T23:00:00Z,30420.0,1,,,,,,,,,,1,1,1,1,1,1,1,1,1,1,1,1,1,1,1,1,1,1,1,1,1,1,1,1,1,1,1,1,1,1,1,1,1,1,1,1,1,1,1,1,1,1,1,1,1,1,1,1,1,1,1,1,1,1,1,1,1,1,1,1,1,1,1,1,1,1,1,1,1,1,1,1,1,1,1,1,1,1,1,1,1,1,1,1,1,1,1,1,1,1,1,1,1,1,1,1,1,1,1,1,1,1,1,1,1,1,1,1,1,1,1,1,1,1,1,1,1,1,1,1,1
2026-09-22T02:00:00Z,2026-09-22T03:00:00Z,60,,,,0,1,,,,0,1,,,,0,1,,,,0,1,,,,0,1,,,,0,1,,,,0,1,,,,0,1,,,,0,1,,,,0,1,,,,0,1,,,,0,1,,,,0,1,,,,0,1,,,,0,1,,,,0,1,,,,0,1,,,,0,1,,,,0,1,,,,0,1,,,,0,1,,,,0,1,,,,0,1,,,,0,1,,,,,0,1,,,,,0,1,,,,,0,1,,,,,0,1,,,,,0,1,,,,,0,1,,,,,0,1,,,,,0,1,,,,,0,1,,,,,0,1,3437.2105,254.74650000000003,204.605,372.545,2026-08-31T23:00:00Z,30420.0,1,,,,,,,,,,1,1,1,1,1,1,1,1,1,1,1,1,1,1,1,1,1,1,1,1,1,1,1,1,1,1,1,1,1,1,1,1,1,1,1,1,1,1,1,1,1,1,1,1,1,1,1,1,1,1,1,1,1,1,1,1,1,1,1,1,1,1,1,1,1,1,1,1,1,1,1,1,1,1,1,1,1,1,1,1,1,1,1,1,1,1,1,1,1,1,1,1,1,1,1,1,1,1,1,1,1,1,1,1,1,1,1,1,1,1,1,1,1,1,1,1,1,1,1,1,1
2026-09-22T02:30:00Z,2026-09-22T03:00:00Z,30,,,,0,1,,,,0,1,,,,0,1,,,,0,1,,,,0,1,,,,0,1,,,,0,1,,,,0,1,,,,0,1,,,,0,1,,,,0,1,,,,0,1,,,,0,1,,,,0,1,,,,0,1,,,,0,1,,,,0,1,,,,0,1,,,,0,1,,,,0,1,,,,0,1,,,,0,1,,,,0,1,,,,0,1,,,,,0,1,,,,,0,1,,,,,0,1,,,,,0,1,,,,,0,1,,,,,0,1,,,,,0,1,,,,,0,1,,,,,0,1,,,,,0,1,3437.2105,254.74650000000003,204.605,372.545,2026-08-31T23:00:00Z,30450.0,1,,,,,,,,,,1,1,1,1,1,1,1,1,1,1,1,1,1,1,1,1,1,1,1,1,1,1,1,1,1,1,1,1,1,1,1,1,1,1,1,1,1,1,1,1,1,1,1,1,1,1,1,1,1,1,1,1,1,1,1,1,1,1,1,1,1,1,1,1,1,1,1,1,1,1,1,1,1,1,1,1,1,1,1,1,1,1,1,1,1,1,1,1,1,1,1,1,1,1,1,1,1,1,1,1,1,1,1,1,1,1,1,1,1,1,1,1,1,1,1,1,1,1,1,1,1
2026-09-22T02:30:00Z,2026-09-22T03:30:00Z,60,,,,0,1,,,,0,1,,,,0,1,,,,0,1,,,,0,1,,,,0,1,,,,0,1,,,,0,1,,,,0,1,,,,0,1,,,,0,1,,,,0,1,,,,0,1,,,,0,1,,,,0,1,,,,0,1,,,,0,1,,,,0,1,,,,0,1,,,,0,1,,,,0,1,,,,0,1,,,,0,1,,,,0,1,,,,,0,1,,,,,0,1,,,,,0,1,,,,,0,1,,,,,0,1,,,,,0,1,,,,,0,1,,,,,0,1,,,,,0,1,,,,,0,1,3437.2105,254.74650000000003,204.605,372.545,2026-08-31T23:00:00Z,30450.0,1,,,,,,,,,,1,1,1,1,1,1,1,1,1,1,1,1,1,1,1,1,1,1,1,1,1,1,1,1,1,1,1,1,1,1,1,1,1,1,1,1,1,1,1,1,1,1,1,1,1,1,1,1,1,1,1,1,1,1,1,1,1,1,1,1,1,1,1,1,1,1,1,1,1,1,1,1,1,1,1,1,1,1,1,1,1,1,1,1,1,1,1,1,1,1,1,1,1,1,1,1,1,1,1,1,1,1,1,1,1,1,1,1,1,1,1,1,1,1,1,1,1,1,1,1,1
2026-09-22T03:00:00Z,2026-09-22T03:30:00Z,30,,,,0,1,,,,0,1,,,,0,1,,,,0,1,,,,0,1,,,,0,1,,,,0,1,,,,0,1,,,,0,1,,,,0,1,,,,0,1,,,,0,1,,,,0,1,,,,0,1,,,,0,1,,,,0,1,,,,0,1,,,,0,1,,,,0,1,,,,0,1,,,,0,1,,,,0,1,,,,0,1,,,,0,1,,,,,0,1,,,,,0,1,,,,,0,1,,,,,0,1,,,,,0,1,,,,,0,1,,,,,0,1,,,,,0,1,,,,,0,1,,,,,0,1,3437.2105,254.74650000000003,204.605,372.545,2026-08-31T23:00:00Z,30480.0,1,,,,,,,,,,1,1,1,1,1,1,1,1,1,1,1,1,1,1,1,1,1,1,1,1,1,1,1,1,1,1,1,1,1,1,1,1,1,1,1,1,1,1,1,1,1,1,1,1,1,1,1,1,1,1,1,1,1,1,1,1,1,1,1,1,1,1,1,1,1,1,1,1,1,1,1,1,1,1,1,1,1,1,1,1,1,1,1,1,1,1,1,1,1,1,1,1,1,1,1,1,1,1,1,1,1,1,1,1,1,1,1,1,1,1,1,1,1,1,1,1,1,1,1,1,1
2026-09-22T03:00:00Z,2026-09-22T04:00:00Z,60,,,,0,1,,,,0,1,,,,0,1,,,,0,1,,,,0,1,,,,0,1,,,,0,1,,,,0,1,,,,0,1,,,,0,1,,,,0,1,,,,0,1,,,,0,1,,,,0,1,,,,0,1,,,,0,1,,,,0,1,,,,0,1,,,,0,1,,,,0,1,,,,0,1,,,,0,1,,,,0,1,,,,0,1,,,,,0,1,,,,,0,1,,,,,0,1,,,,,0,1,,,,,0,1,,,,,0,1,,,,,0,1,,,,,0,1,,,,,0,1,,,,,0,1,3437.2105,254.74650000000003,204.605,372.545,2026-08-31T23:00:00Z,30480.0,1,,,,,,,,,,1,1,1,1,1,1,1,1,1,1,1,1,1,1,1,1,1,1,1,1,1,1,1,1,1,1,1,1,1,1,1,1,1,1,1,1,1,1,1,1,1,1,1,1,1,1,1,1,1,1,1,1,1,1,1,1,1,1,1,1,1,1,1,1,1,1,1,1,1,1,1,1,1,1,1,1,1,1,1,1,1,1,1,1,1,1,1,1,1,1,1,1,1,1,1,1,1,1,1,1,1,1,1,1,1,1,1,1,1,1,1,1,1,1,1,1,1,1,1,1,1
2026-09-22T03:30:00Z,2026-09-22T04:00:00Z,30,,,,0,1,,,,0,1,,,,0,1,,,,0,1,,,,0,1,,,,0,1,,,,0,1,,,,0,1,,,,0,1,,,,0,1,,,,0,1,,,,0,1,,,,0,1,,,,0,1,,,,0,1,,,,0,1,,,,0,1,,,,0,1,,,,0,1,,,,0,1,,,,0,1,,,,0,1,,,,0,1,,,,0,1,,,,,0,1,,,,,0,1,,,,,0,1,,,,,0,1,,,,,0,1,,,,,0,1,,,,,0,1,,,,,0,1,,,,,0,1,,,,,0,1,3437.2105,254.74650000000003,204.605,372.545,2026-08-31T23:00:00Z,30510.0,1,,,,,,,,,,1,1,1,1,1,1,1,1,1,1,1,1,1,1,1,1,1,1,1,1,1,1,1,1,1,1,1,1,1,1,1,1,1,1,1,1,1,1,1,1,1,1,1,1,1,1,1,1,1,1,1,1,1,1,1,1,1,1,1,1,1,1,1,1,1,1,1,1,1,1,1,1,1,1,1,1,1,1,1,1,1,1,1,1,1,1,1,1,1,1,1,1,1,1,1,1,1,1,1,1,1,1,1,1,1,1,1,1,1,1,1,1,1,1,1,1,1,1,1,1,1
2026-09-22T03:30:00Z,2026-09-22T04:30:00Z,60,,,,0,1,,,,0,1,,,,0,1,,,,0,1,,,,0,1,,,,0,1,,,,0,1,,,,0,1,,,,0,1,,,,0,1,,,,0,1,,,,0,1,,,,0,1,,,,0,1,,,,0,1,,,,0,1,,,,0,1,,,,0,1,,,,0,1,,,,0,1,,,,0,1,,,,0,1,,,,0,1,,,,0,1,,,,,0,1,,,,,0,1,,,,,0,1,,,,,0,1,,,,,0,1,,,,,0,1,,,,,0,1,,,,,0,1,,,,,0,1,,,,,0,1,3437.2105,254.74650000000003,204.605,372.545,2026-08-31T23:00:00Z,30510.0,1,,,,,,,,,,1,1,1,1,1,1,1,1,1,1,1,1,1,1,1,1,1,1,1,1,1,1,1,1,1,1,1,1,1,1,1,1,1,1,1,1,1,1,1,1,1,1,1,1,1,1,1,1,1,1,1,1,1,1,1,1,1,1,1,1,1,1,1,1,1,1,1,1,1,1,1,1,1,1,1,1,1,1,1,1,1,1,1,1,1,1,1,1,1,1,1,1,1,1,1,1,1,1,1,1,1,1,1,1,1,1,1,1,1,1,1,1,1,1,1,1,1,1,1,1,1
2026-09-22T04:00:00Z,2026-09-22T04:30:00Z,30,,,,0,1,,,,0,1,,,,0,1,,,,0,1,,,,0,1,,,,0,1,,,,0,1,,,,0,1,,,,0,1,,,,0,1,,,,0,1,,,,0,1,,,,0,1,,,,0,1,,,,0,1,,,,0,1,,,,0,1,,,,0,1,,,,0,1,,,,0,1,,,,0,1,,,,0,1,,,,0,1,,,,0,1,,,,,0,1,,,,,0,1,,,,,0,1,,,,,0,1,,,,,0,1,,,,,0,1,,,,,0,1,,,,,0,1,,,,,0,1,,,,,0,1,3437.2105,254.74650000000003,204.605,372.545,2026-08-31T23:00:00Z,30540.0,1,,,,,,,,,,1,1,1,1,1,1,1,1,1,1,1,1,1,1,1,1,1,1,1,1,1,1,1,1,1,1,1,1,1,1,1,1,1,1,1,1,1,1,1,1,1,1,1,1,1,1,1,1,1,1,1,1,1,1,1,1,1,1,1,1,1,1,1,1,1,1,1,1,1,1,1,1,1,1,1,1,1,1,1,1,1,1,1,1,1,1,1,1,1,1,1,1,1,1,1,1,1,1,1,1,1,1,1,1,1,1,1,1,1,1,1,1,1,1,1,1,1,1,1,1,1
2026-09-22T04:00:00Z,2026-09-22T05:00:00Z,60,,,,0,1,,,,0,1,,,,0,1,,,,0,1,,,,0,1,,,,0,1,,,,0,1,,,,0,1,,,,0,1,,,,0,1,,,,0,1,,,,0,1,,,,0,1,,,,0,1,,,,0,1,,,,0,1,,,,0,1,,,,0,1,,,,0,1,,,,0,1,,,,0,1,,,,0,1,,,,0,1,,,,0,1,,,,,0,1,,,,,0,1,,,,,0,1,,,,,0,1,,,,,0,1,,,,,0,1,,,,,0,1,,,,,0,1,,,,,0,1,,,,,0,1,3437.2105,254.74650000000003,204.605,372.545,2026-08-31T23:00:00Z,30540.0,1,,,,,,,,,,1,1,1,1,1,1,1,1,1,1,1,1,1,1,1,1,1,1,1,1,1,1,1,1,1,1,1,1,1,1,1,1,1,1,1,1,1,1,1,1,1,1,1,1,1,1,1,1,1,1,1,1,1,1,1,1,1,1,1,1,1,1,1,1,1,1,1,1,1,1,1,1,1,1,1,1,1,1,1,1,1,1,1,1,1,1,1,1,1,1,1,1,1,1,1,1,1,1,1,1,1,1,1,1,1,1,1,1,1,1,1,1,1,1,1,1,1,1,1,1,1
2026-09-22T04:30:00Z,2026-09-22T05:00:00Z,30,,,,0,1,,,,0,1,,,,0,1,,,,0,1,,,,0,1,,,,0,1,,,,0,1,,,,0,1,,,,0,1,,,,0,1,,,,0,1,,,,0,1,,,,0,1,,,,0,1,,,,0,1,,,,0,1,,,,0,1,,,,0,1,,,,0,1,,,,0,1,,,,0,1,,,,0,1,,,,0,1,,,,0,1,,,,,0,1,,,,,0,1,,,,,0,1,,,,,0,1,,,,,0,1,,,,,0,1,,,,,0,1,,,,,0,1,,,,,0,1,,,,,0,1,3437.2105,254.74650000000003,204.605,372.545,2026-08-31T23:00:00Z,30570.0,1,,,,,,,,,,1,1,1,1,1,1,1,1,1,1,1,1,1,1,1,1,1,1,1,1,1,1,1,1,1,1,1,1,1,1,1,1,1,1,1,1,1,1,1,1,1,1,1,1,1,1,1,1,1,1,1,1,1,1,1,1,1,1,1,1,1,1,1,1,1,1,1,1,1,1,1,1,1,1,1,1,1,1,1,1,1,1,1,1,1,1,1,1,1,1,1,1,1,1,1,1,1,1,1,1,1,1,1,1,1,1,1,1,1,1,1,1,1,1,1,1,1,1,1,1,1
2026-09-22T04:30:00Z,2026-09-22T05:30:00Z,60,,,,0,1,,,,0,1,,,,0,1,,,,0,1,,,,0,1,,,,0,1,,,,0,1,,,,0,1,,,,0,1,,,,0,1,,,,0,1,,,,0,1,,,,0,1,,,,0,1,,,,0,1,,,,0,1,,,,0,1,,,,0,1,,,,0,1,,,,0,1,,,,0,1,,,,0,1,,,,0,1,,,,0,1,,,,,0,1,,,,,0,1,,,,,0,1,,,,,0,1,,,,,0,1,,,,,0,1,,,,,0,1,,,,,0,1,,,,,0,1,,,,,0,1,3437.2105,254.74650000000003,204.605,372.545,2026-08-31T23:00:00Z,30570.0,1,,,,,,,,,,1,1,1,1,1,1,1,1,1,1,1,1,1,1,1,1,1,1,1,1,1,1,1,1,1,1,1,1,1,1,1,1,1,1,1,1,1,1,1,1,1,1,1,1,1,1,1,1,1,1,1,1,1,1,1,1,1,1,1,1,1,1,1,1,1,1,1,1,1,1,1,1,1,1,1,1,1,1,1,1,1,1,1,1,1,1,1,1,1,1,1,1,1,1,1,1,1,1,1,1,1,1,1,1,1,1,1,1,1,1,1,1,1,1,1,1,1,1,1,1,1
2026-09-22T05:00:00Z,2026-09-22T05:30:00Z,30,,,,0,1,,,,0,1,,,,0,1,,,,0,1,,,,0,1,,,,0,1,,,,0,1,,,,0,1,,,,0,1,,,,0,1,,,,0,1,,,,0,1,,,,0,1,,,,0,1,,,,0,1,,,,0,1,,,,0,1,,,,0,1,,,,0,1,,,,0,1,,,,0,1,,,,0,1,,,,0,1,,,,0,1,,,,,0,1,,,,,0,1,,,,,0,1,,,,,0,1,,,,,0,1,,,,,0,1,,,,,0,1,,,,,0,1,,,,,0,1,,,,,0,1,3437.2105,254.74650000000003,204.605,372.545,2026-08-31T23:00:00Z,30600.0,1,,,,,,,,,,1,1,1,1,1,1,1,1,1,1,1,1,1,1,1,1,1,1,1,1,1,1,1,1,1,1,1,1,1,1,1,1,1,1,1,1,1,1,1,1,1,1,1,1,1,1,1,1,1,1,1,1,1,1,1,1,1,1,1,1,1,1,1,1,1,1,1,1,1,1,1,1,1,1,1,1,1,1,1,1,1,1,1,1,1,1,1,1,1,1,1,1,1,1,1,1,1,1,1,1,1,1,1,1,1,1,1,1,1,1,1,1,1,1,1,1,1,1,1,1,1
2026-09-22T05:00:00Z,2026-09-22T06:00:00Z,60,,,,0,1,,,,0,1,,,,0,1,,,,0,1,,,,0,1,,,,0,1,,,,0,1,,,,0,1,,,,0,1,,,,0,1,,,,0,1,,,,0,1,,,,0,1,,,,0,1,,,,0,1,,,,0,1,,,,0,1,,,,0,1,,,,0,1,,,,0,1,,,,0,1,,,,0,1,,,,0,1,,,,0,1,,,,,0,1,,,,,0,1,,,,,0,1,,,,,0,1,,,,,0,1,,,,,0,1,,,,,0,1,,,,,0,1,,,,,0,1,,,,,0,1,3437.2105,254.74650000000003,204.605,372.545,2026-08-31T23:00:00Z,30600.0,1,,,,,,,,,,1,1,1,1,1,1,1,1,1,1,1,1,1,1,1,1,1,1,1,1,1,1,1,1,1,1,1,1,1,1,1,1,1,1,1,1,1,1,1,1,1,1,1,1,1,1,1,1,1,1,1,1,1,1,1,1,1,1,1,1,1,1,1,1,1,1,1,1,1,1,1,1,1,1,1,1,1,1,1,1,1,1,1,1,1,1,1,1,1,1,1,1,1,1,1,1,1,1,1,1,1,1,1,1,1,1,1,1,1,1,1,1,1,1,1,1,1,1,1,1,1
2026-09-22T05:30:00Z,2026-09-22T06:00:00Z,30,,,,0,1,,,,0,1,,,,0,1,,,,0,1,,,,0,1,,,,0,1,,,,0,1,,,,0,1,,,,0,1,,,,0,1,,,,0,1,,,,0,1,,,,0,1,,,,0,1,,,,0,1,,,,0,1,,,,0,1,,,,0,1,,,,0,1,,,,0,1,,,,0,1,,,,0,1,,,,0,1,,,,0,1,,,,,0,1,,,,,0,1,,,,,0,1,,,,,0,1,,,,,0,1,,,,,0,1,,,,,0,1,,,,,0,1,,,,,0,1,,,,,0,1,3437.2105,254.74650000000003,204.605,372.545,2026-08-31T23:00:00Z,30630.0,1,,,,,,,,,,1,1,1,1,1,1,1,1,1,1,1,1,1,1,1,1,1,1,1,1,1,1,1,1,1,1,1,1,1,1,1,1,1,1,1,1,1,1,1,1,1,1,1,1,1,1,1,1,1,1,1,1,1,1,1,1,1,1,1,1,1,1,1,1,1,1,1,1,1,1,1,1,1,1,1,1,1,1,1,1,1,1,1,1,1,1,1,1,1,1,1,1,1,1,1,1,1,1,1,1,1,1,1,1,1,1,1,1,1,1,1,1,1,1,1,1,1,1,1,1,1
2026-09-22T05:30:00Z,2026-09-22T06:30:00Z,60,,,,0,1,,,,0,1,,,,0,1,,,,0,1,,,,0,1,,,,0,1,,,,0,1,,,,0,1,,,,0,1,,,,0,1,,,,0,1,,,,0,1,,,,0,1,,,,0,1,,,,0,1,,,,0,1,,,,0,1,,,,0,1,,,,0,1,,,,0,1,,,,0,1,,,,0,1,,,,0,1,,,,0,1,,,,,0,1,,,,,0,1,,,,,0,1,,,,,0,1,,,,,0,1,,,,,0,1,,,,,0,1,,,,,0,1,,,,,0,1,,,,,0,1,3437.2105,254.74650000000003,204.605,372.545,2026-08-31T23:00:00Z,30630.0,1,,,,,,,,,,1,1,1,1,1,1,1,1,1,1,1,1,1,1,1,1,1,1,1,1,1,1,1,1,1,1,1,1,1,1,1,1,1,1,1,1,1,1,1,1,1,1,1,1,1,1,1,1,1,1,1,1,1,1,1,1,1,1,1,1,1,1,1,1,1,1,1,1,1,1,1,1,1,1,1,1,1,1,1,1,1,1,1,1,1,1,1,1,1,1,1,1,1,1,1,1,1,1,1,1,1,1,1,1,1,1,1,1,1,1,1,1,1,1,1,1,1,1,1,1,1
2026-09-22T06:00:00Z,2026-09-22T06:30:00Z,30,,,,0,1,,,,0,1,,,,0,1,,,,0,1,,,,0,1,,,,0,1,,,,0,1,,,,0,1,,,,0,1,,,,0,1,,,,0,1,,,,0,1,,,,0,1,,,,0,1,,,,0,1,,,,0,1,,,,0,1,,,,0,1,,,,0,1,,,,0,1,,,,0,1,,,,0,1,,,,0,1,,,,0,1,,,,,0,1,,,,,0,1,,,,,0,1,,,,,0,1,,,,,0,1,,,,,0,1,,,,,0,1,,,,,0,1,,,,,0,1,,,,,0,1,3437.2105,254.74650000000003,204.605,372.545,2026-08-31T23:00:00Z,30660.0,1,,,,,,,,,,1,1,1,1,1,1,1,1,1,1,1,1,1,1,1,1,1,1,1,1,1,1,1,1,1,1,1,1,1,1,1,1,1,1,1,1,1,1,1,1,1,1,1,1,1,1,1,1,1,1,1,1,1,1,1,1,1,1,1,1,1,1,1,1,1,1,1,1,1,1,1,1,1,1,1,1,1,1,1,1,1,1,1,1,1,1,1,1,1,1,1,1,1,1,1,1,1,1,1,1,1,1,1,1,1,1,1,1,1,1,1,1,1,1,1,1,1,1,1,1,1
2026-09-22T06:00:00Z,2026-09-22T07:00:00Z,60,,,,0,1,,,,0,1,,,,0,1,,,,0,1,,,,0,1,,,,0,1,,,,0,1,,,,0,1,,,,0,1,,,,0,1,,,,0,1,,,,0,1,,,,0,1,,,,0,1,,,,0,1,,,,0,1,,,,0,1,,,,0,1,,,,0,1,,,,0,1,,,,0,1,,,,0,1,,,,0,1,,,,0,1,,,,,0,1,,,,,0,1,,,,,0,1,,,,,0,1,,,,,0,1,,,,,0,1,,,,,0,1,,,,,0,1,,,,,0,1,,,,,0,1,3437.2105,254.74650000000003,204.605,372.545,2026-08-31T23:00:00Z,30660.0,1,,,,,,,,,,1,1,1,1,1,1,1,1,1,1,1,1,1,1,1,1,1,1,1,1,1,1,1,1,1,1,1,1,1,1,1,1,1,1,1,1,1,1,1,1,1,1,1,1,1,1,1,1,1,1,1,1,1,1,1,1,1,1,1,1,1,1,1,1,1,1,1,1,1,1,1,1,1,1,1,1,1,1,1,1,1,1,1,1,1,1,1,1,1,1,1,1,1,1,1,1,1,1,1,1,1,1,1,1,1,1,1,1,1,1,1,1,1,1,1,1,1,1,1,1,1
2026-09-22T06:30:00Z,2026-09-22T07:00:00Z,30,,,,0,1,,,,0,1,,,,0,1,,,,0,1,,,,0,1,,,,0,1,,,,0,1,,,,0,1,,,,0,1,,,,0,1,,,,0,1,,,,0,1,,,,0,1,,,,0,1,,,,0,1,,,,0,1,,,,0,1,,,,0,1,,,,0,1,,,,0,1,,,,0,1,,,,0,1,,,,0,1,,,,0,1,,,,,0,1,,,,,0,1,,,,,0,1,,,,,0,1,,,,,0,1,,,,,0,1,,,,,0,1,,,,,0,1,,,,,0,1,,,,,0,1,3437.2105,254.74650000000003,204.605,372.545,2026-08-31T23:00:00Z,30690.0,1,,,,,,,,,,1,1,1,1,1,1,1,1,1,1,1,1,1,1,1,1,1,1,1,1,1,1,1,1,1,1,1,1,1,1,1,1,1,1,1,1,1,1,1,1,1,1,1,1,1,1,1,1,1,1,1,1,1,1,1,1,1,1,1,1,1,1,1,1,1,1,1,1,1,1,1,1,1,1,1,1,1,1,1,1,1,1,1,1,1,1,1,1,1,1,1,1,1,1,1,1,1,1,1,1,1,1,1,1,1,1,1,1,1,1,1,1,1,1,1,1,1,1,1,1,1
2026-09-22T06:30:00Z,2026-09-22T07:30:00Z,60,,,,0,1,,,,0,1,,,,0,1,,,,0,1,,,,0,1,,,,0,1,,,,0,1,,,,0,1,,,,0,1,,,,0,1,,,,0,1,,,,0,1,,,,0,1,,,,0,1,,,,0,1,,,,0,1,,,,0,1,,,,0,1,,,,0,1,,,,0,1,,,,0,1,,,,0,1,,,,0,1,,,,0,1,,,,,0,1,,,,,0,1,,,,,0,1,,,,,0,1,,,,,0,1,,,,,0,1,,,,,0,1,,,,,0,1,,,,,0,1,,,,,0,1,3437.2105,254.74650000000003,204.605,372.545,2026-08-31T23:00:00Z,30690.0,1,,,,,,,,,,1,1,1,1,1,1,1,1,1,1,1,1,1,1,1,1,1,1,1,1,1,1,1,1,1,1,1,1,1,1,1,1,1,1,1,1,1,1,1,1,1,1,1,1,1,1,1,1,1,1,1,1,1,1,1,1,1,1,1,1,1,1,1,1,1,1,1,1,1,1,1,1,1,1,1,1,1,1,1,1,1,1,1,1,1,1,1,1,1,1,1,1,1,1,1,1,1,1,1,1,1,1,1,1,1,1,1,1,1,1,1,1,1,1,1,1,1,1,1,1,1
2026-09-22T07:00:00Z,2026-09-22T07:30:00Z,30,,,,0,1,,,,0,1,,,,0,1,,,,0,1,,,,0,1,,,,0,1,,,,0,1,,,,0,1,,,,0,1,,,,0,1,,,,0,1,,,,0,1,,,,0,1,,,,0,1,,,,0,1,,,,0,1,,,,0,1,,,,0,1,,,,0,1,,,,0,1,,,,0,1,,,,0,1,,,,0,1,,,,0,1,,,,,0,1,,,,,0,1,,,,,0,1,,,,,0,1,,,,,0,1,,,,,0,1,,,,,0,1,,,,,0,1,,,,,0,1,,,,,0,1,3437.2105,254.74650000000003,204.605,372.545,2026-08-31T23:00:00Z,30720.0,1,,,,,,,,,,1,1,1,1,1,1,1,1,1,1,1,1,1,1,1,1,1,1,1,1,1,1,1,1,1,1,1,1,1,1,1,1,1,1,1,1,1,1,1,1,1,1,1,1,1,1,1,1,1,1,1,1,1,1,1,1,1,1,1,1,1,1,1,1,1,1,1,1,1,1,1,1,1,1,1,1,1,1,1,1,1,1,1,1,1,1,1,1,1,1,1,1,1,1,1,1,1,1,1,1,1,1,1,1,1,1,1,1,1,1,1,1,1,1,1,1,1,1,1,1,1
2026-09-22T07:00:00Z,2026-09-22T08:00:00Z,60,,,,0,1,,,,0,1,,,,0,1,,,,0,1,,,,0,1,,,,0,1,,,,0,1,,,,0,1,,,,0,1,,,,0,1,,,,0,1,,,,0,1,,,,0,1,,,,0,1,,,,0,1,,,,0,1,,,,0,1,,,,0,1,,,,0,1,,,,0,1,,,,0,1,,,,0,1,,,,0,1,,,,0,1,,,,,0,1,,,,,0,1,,,,,0,1,,,,,0,1,,,,,0,1,,,,,0,1,,,,,0,1,,,,,0,1,,,,,0,1,,,,,0,1,3437.2105,254.74650000000003,204.605,372.545,2026-08-31T23:00:00Z,30720.0,1,,,,,,,,,,1,1,1,1,1,1,1,1,1,1,1,1,1,1,1,1,1,1,1,1,1,1,1,1,1,1,1,1,1,1,1,1,1,1,1,1,1,1,1,1,1,1,1,1,1,1,1,1,1,1,1,1,1,1,1,1,1,1,1,1,1,1,1,1,1,1,1,1,1,1,1,1,1,1,1,1,1,1,1,1,1,1,1,1,1,1,1,1,1,1,1,1,1,1,1,1,1,1,1,1,1,1,1,1,1,1,1,1,1,1,1,1,1,1,1,1,1,1,1,1,1
2026-09-22T07:30:00Z,2026-09-22T08:00:00Z,30,,,,0,1,,,,0,1,,,,0,1,,,,0,1,,,,0,1,,,,0,1,,,,0,1,,,,0,1,,,,0,1,,,,0,1,,,,0,1,,,,0,1,,,,0,1,,,,0,1,,,,0,1,,,,0,1,,,,0,1,,,,0,1,,,,0,1,,,,0,1,,,,0,1,,,,0,1,,,,0,1,,,,0,1,,,,,0,1,,,,,0,1,,,,,0,1,,,,,0,1,,,,,0,1,,,,,0,1,,,,,0,1,,,,,0,1,,,,,0,1,,,,,0,1,3437.2105,254.74650000000003,204.605,372.545,2026-08-31T23:00:00Z,30750.0,1,,,,,,,,,,1,1,1,1,1,1,1,1,1,1,1,1,1,1,1,1,1,1,1,1,1,1,1,1,1,1,1,1,1,1,1,1,1,1,1,1,1,1,1,1,1,1,1,1,1,1,1,1,1,1,1,1,1,1,1,1,1,1,1,1,1,1,1,1,1,1,1,1,1,1,1,1,1,1,1,1,1,1,1,1,1,1,1,1,1,1,1,1,1,1,1,1,1,1,1,1,1,1,1,1,1,1,1,1,1,1,1,1,1,1,1,1,1,1,1,1,1,1,1,1,1
2026-09-22T07:30:00Z,2026-09-22T08:30:00Z,60,,,,0,1,,,,0,1,,,,0,1,,,,0,1,,,,0,1,,,,0,1,,,,0,1,,,,0,1,,,,0,1,,,,0,1,,,,0,1,,,,0,1,,,,0,1,,,,0,1,,,,0,1,,,,0,1,,,,0,1,,,,0,1,,,,0,1,,,,0,1,,,,0,1,,,,0,1,,,,0,1,,,,0,1,,,,,0,1,,,,,0,1,,,,,0,1,,,,,0,1,,,,,0,1,,,,,0,1,,,,,0,1,,,,,0,1,,,,,0,1,,,,,0,1,3437.2105,254.74650000000003,204.605,372.545,2026-08-31T23:00:00Z,30750.0,1,,,,,,,,,,1,1,1,1,1,1,1,1,1,1,1,1,1,1,1,1,1,1,1,1,1,1,1,1,1,1,1,1,1,1,1,1,1,1,1,1,1,1,1,1,1,1,1,1,1,1,1,1,1,1,1,1,1,1,1,1,1,1,1,1,1,1,1,1,1,1,1,1,1,1,1,1,1,1,1,1,1,1,1,1,1,1,1,1,1,1,1,1,1,1,1,1,1,1,1,1,1,1,1,1,1,1,1,1,1,1,1,1,1,1,1,1,1,1,1,1,1,1,1,1,1
2026-09-22T08:00:00Z,2026-09-22T08:30:00Z,30,,,,0,1,,,,0,1,,,,0,1,,,,0,1,,,,0,1,,,,0,1,,,,0,1,,,,0,1,,,,0,1,,,,0,1,,,,0,1,,,,0,1,,,,0,1,,,,0,1,,,,0,1,,,,0,1,,,,0,1,,,,0,1,,,,0,1,,,,0,1,,,,0,1,,,,0,1,,,,0,1,,,,0,1,,,,,0,1,,,,,0,1,,,,,0,1,,,,,0,1,,,,,0,1,,,,,0,1,,,,,0,1,,,,,0,1,,,,,0,1,,,,,0,1,3437.2105,254.74650000000003,204.605,372.545,2026-08-31T23:00:00Z,30780.0,1,,,,,,,,,,1,1,1,1,1,1,1,1,1,1,1,1,1,1,1,1,1,1,1,1,1,1,1,1,1,1,1,1,1,1,1,1,1,1,1,1,1,1,1,1,1,1,1,1,1,1,1,1,1,1,1,1,1,1,1,1,1,1,1,1,1,1,1,1,1,1,1,1,1,1,1,1,1,1,1,1,1,1,1,1,1,1,1,1,1,1,1,1,1,1,1,1,1,1,1,1,1,1,1,1,1,1,1,1,1,1,1,1,1,1,1,1,1,1,1,1,1,1,1,1,1
2026-09-22T08:00:00Z,2026-09-22T09:00:00Z,60,,,,0,1,,,,0,1,,,,0,1,,,,0,1,,,,0,1,,,,0,1,,,,0,1,,,,0,1,,,,0,1,,,,0,1,,,,0,1,,,,0,1,,,,0,1,,,,0,1,,,,0,1,,,,0,1,,,,0,1,,,,0,1,,,,0,1,,,,0,1,,,,0,1,,,,0,1,,,,0,1,,,,0,1,,,,,0,1,,,,,0,1,,,,,0,1,,,,,0,1,,,,,0,1,,,,,0,1,,,,,0,1,,,,,0,1,,,,,0,1,,,,,0,1,3437.2105,254.74650000000003,204.605,372.545,2026-08-31T23:00:00Z,30780.0,1,,,,,,,,,,1,1,1,1,1,1,1,1,1,1,1,1,1,1,1,1,1,1,1,1,1,1,1,1,1,1,1,1,1,1,1,1,1,1,1,1,1,1,1,1,1,1,1,1,1,1,1,1,1,1,1,1,1,1,1,1,1,1,1,1,1,1,1,1,1,1,1,1,1,1,1,1,1,1,1,1,1,1,1,1,1,1,1,1,1,1,1,1,1,1,1,1,1,1,1,1,1,1,1,1,1,1,1,1,1,1,1,1,1,1,1,1,1,1,1,1,1,1,1,1,1
2026-09-22T08:30:00Z,2026-09-22T09:00:00Z,30,,,,0,1,,,,0,1,,,,0,1,,,,0,1,,,,0,1,,,,0,1,,,,0,1,,,,0,1,,,,0,1,,,,0,1,,,,0,1,,,,0,1,,,,0,1,,,,0,1,,,,0,1,,,,0,1,,,,0,1,,,,0,1,,,,0,1,,,,0,1,,,,0,1,,,,0,1,,,,0,1,,,,0,1,,,,,0,1,,,,,0,1,,,,,0,1,,,,,0,1,,,,,0,1,,,,,0,1,,,,,0,1,,,,,0,1,,,,,0,1,,,,,0,1,3437.2105,254.74650000000003,204.605,372.545,2026-08-31T23:00:00Z,30810.0,1,,,,,,,,,,1,1,1,1,1,1,1,1,1,1,1,1,1,1,1,1,1,1,1,1,1,1,1,1,1,1,1,1,1,1,1,1,1,1,1,1,1,1,1,1,1,1,1,1,1,1,1,1,1,1,1,1,1,1,1,1,1,1,1,1,1,1,1,1,1,1,1,1,1,1,1,1,1,1,1,1,1,1,1,1,1,1,1,1,1,1,1,1,1,1,1,1,1,1,1,1,1,1,1,1,1,1,1,1,1,1,1,1,1,1,1,1,1,1,1,1,1,1,1,1,1
2026-09-22T08:30:00Z,2026-09-22T09:30:00Z,60,,,,0,1,,,,0,1,,,,0,1,,,,0,1,,,,0,1,,,,0,1,,,,0,1,,,,0,1,,,,0,1,,,,0,1,,,,0,1,,,,0,1,,,,0,1,,,,0,1,,,,0,1,,,,0,1,,,,0,1,,,,0,1,,,,0,1,,,,0,1,,,,0,1,,,,0,1,,,,0,1,,,,0,1,,,,,0,1,,,,,0,1,,,,,0,1,,,,,0,1,,,,,0,1,,,,,0,1,,,,,0,1,,,,,0,1,,,,,0,1,,,,,0,1,3437.2105,254.74650000000003,204.605,372.545,2026-08-31T23:00:00Z,30810.0,1,,,,,,,,,,1,1,1,1,1,1,1,1,1,1,1,1,1,1,1,1,1,1,1,1,1,1,1,1,1,1,1,1,1,1,1,1,1,1,1,1,1,1,1,1,1,1,1,1,1,1,1,1,1,1,1,1,1,1,1,1,1,1,1,1,1,1,1,1,1,1,1,1,1,1,1,1,1,1,1,1,1,1,1,1,1,1,1,1,1,1,1,1,1,1,1,1,1,1,1,1,1,1,1,1,1,1,1,1,1,1,1,1,1,1,1,1,1,1,1,1,1,1,1,1,1
2026-09-22T09:00:00Z,2026-09-22T09:30:00Z,30,,,,0,1,,,,0,1,,,,0,1,,,,0,1,,,,0,1,,,,0,1,,,,0,1,,,,0,1,,,,0,1,,,,0,1,,,,0,1,,,,0,1,,,,0,1,,,,0,1,,,,0,1,,,,0,1,,,,0,1,,,,0,1,,,,0,1,,,,0,1,,,,0,1,,,,0,1,,,,0,1,,,,0,1,,,,,0,1,,,,,0,1,,,,,0,1,,,,,0,1,,,,,0,1,,,,,0,1,,,,,0,1,,,,,0,1,,,,,0,1,,,,,0,1,3437.2105,254.74650000000003,204.605,372.545,2026-08-31T23:00:00Z,30840.0,1,,,,,,,,,,1,1,1,1,1,1,1,1,1,1,1,1,1,1,1,1,1,1,1,1,1,1,1,1,1,1,1,1,1,1,1,1,1,1,1,1,1,1,1,1,1,1,1,1,1,1,1,1,1,1,1,1,1,1,1,1,1,1,1,1,1,1,1,1,1,1,1,1,1,1,1,1,1,1,1,1,1,1,1,1,1,1,1,1,1,1,1,1,1,1,1,1,1,1,1,1,1,1,1,1,1,1,1,1,1,1,1,1,1,1,1,1,1,1,1,1,1,1,1,1,1
2026-09-22T09:00:00Z,2026-09-22T10:00:00Z,60,,,,0,1,,,,0,1,,,,0,1,,,,0,1,,,,0,1,,,,0,1,,,,0,1,,,,0,1,,,,0,1,,,,0,1,,,,0,1,,,,0,1,,,,0,1,,,,0,1,,,,0,1,,,,0,1,,,,0,1,,,,0,1,,,,0,1,,,,0,1,,,,0,1,,,,0,1,,,,0,1,,,,0,1,,,,,0,1,,,,,0,1,,,,,0,1,,,,,0,1,,,,,0,1,,,,,0,1,,,,,0,1,,,,,0,1,,,,,0,1,,,,,0,1,3437.2105,254.74650000000003,204.605,372.545,2026-08-31T23:00:00Z,30840.0,1,,,,,,,,,,1,1,1,1,1,1,1,1,1,1,1,1,1,1,1,1,1,1,1,1,1,1,1,1,1,1,1,1,1,1,1,1,1,1,1,1,1,1,1,1,1,1,1,1,1,1,1,1,1,1,1,1,1,1,1,1,1,1,1,1,1,1,1,1,1,1,1,1,1,1,1,1,1,1,1,1,1,1,1,1,1,1,1,1,1,1,1,1,1,1,1,1,1,1,1,1,1,1,1,1,1,1,1,1,1,1,1,1,1,1,1,1,1,1,1,1,1,1,1,1,1
2026-09-22T09:30:00Z,2026-09-22T10:00:00Z,30,,,,0,1,,,,0,1,,,,0,1,,,,0,1,,,,0,1,,,,0,1,,,,0,1,,,,0,1,,,,0,1,,,,0,1,,,,0,1,,,,0,1,,,,0,1,,,,0,1,,,,0,1,,,,0,1,,,,0,1,,,,0,1,,,,0,1,,,,0,1,,,,0,1,,,,0,1,,,,0,1,,,,0,1,,,,,0,1,,,,,0,1,,,,,0,1,,,,,0,1,,,,,0,1,,,,,0,1,,,,,0,1,,,,,0,1,,,,,0,1,,,,,0,1,3437.2105,254.74650000000003,204.605,372.545,2026-08-31T23:00:00Z,30870.0,1,,,,,,,,,,1,1,1,1,1,1,1,1,1,1,1,1,1,1,1,1,1,1,1,1,1,1,1,1,1,1,1,1,1,1,1,1,1,1,1,1,1,1,1,1,1,1,1,1,1,1,1,1,1,1,1,1,1,1,1,1,1,1,1,1,1,1,1,1,1,1,1,1,1,1,1,1,1,1,1,1,1,1,1,1,1,1,1,1,1,1,1,1,1,1,1,1,1,1,1,1,1,1,1,1,1,1,1,1,1,1,1,1,1,1,1,1,1,1,1,1,1,1,1,1,1
2026-09-22T09:30:00Z,2026-09-22T10:30:00Z,60,,,,0,1,,,,0,1,,,,0,1,,,,0,1,,,,0,1,,,,0,1,,,,0,1,,,,0,1,,,,0,1,,,,0,1,,,,0,1,,,,0,1,,,,0,1,,,,0,1,,,,0,1,,,,0,1,,,,0,1,,,,0,1,,,,0,1,,,,0,1,,,,0,1,,,,0,1,,,,0,1,,,,0,1,,,,,0,1,,,,,0,1,,,,,0,1,,,,,0,1,,,,,0,1,,,,,0,1,,,,,0,1,,,,,0,1,,,,,0,1,,,,,0,1,3437.2105,254.74650000000003,204.605,372.545,2026-08-31T23:00:00Z,30870.0,1,,,,,,,,,,1,1,1,1,1,1,1,1,1,1,1,1,1,1,1,1,1,1,1,1,1,1,1,1,1,1,1,1,1,1,1,1,1,1,1,1,1,1,1,1,1,1,1,1,1,1,1,1,1,1,1,1,1,1,1,1,1,1,1,1,1,1,1,1,1,1,1,1,1,1,1,1,1,1,1,1,1,1,1,1,1,1,1,1,1,1,1,1,1,1,1,1,1,1,1,1,1,1,1,1,1,1,1,1,1,1,1,1,1,1,1,1,1,1,1,1,1,1,1,1,1
2026-09-22T10:00:00Z,2026-09-22T10:30:00Z,30,,,,0,1,,,,0,1,,,,0,1,,,,0,1,,,,0,1,,,,0,1,,,,0,1,,,,0,1,,,,0,1,,,,0,1,,,,0,1,,,,0,1,,,,0,1,,,,0,1,,,,0,1,,,,0,1,,,,0,1,,,,0,1,,,,0,1,,,,0,1,,,,0,1,,,,0,1,,,,0,1,,,,0,1,,,,,0,1,,,,,0,1,,,,,0,1,,,,,0,1,,,,,0,1,,,,,0,1,,,,,0,1,,,,,0,1,,,,,0,1,,,,,0,1,3437.2105,254.74650000000003,204.605,372.545,2026-08-31T23:00:00Z,30900.0,1,,,,,,,,,,1,1,1,1,1,1,1,1,1,1,1,1,1,1,1,1,1,1,1,1,1,1,1,1,1,1,1,1,1,1,1,1,1,1,1,1,1,1,1,1,1,1,1,1,1,1,1,1,1,1,1,1,1,1,1,1,1,1,1,1,1,1,1,1,1,1,1,1,1,1,1,1,1,1,1,1,1,1,1,1,1,1,1,1,1,1,1,1,1,1,1,1,1,1,1,1,1,1,1,1,1,1,1,1,1,1,1,1,1,1,1,1,1,1,1,1,1,1,1,1,1
2026-09-22T10:00:00Z,2026-09-22T11:00:00Z,60,,,,0,1,,,,0,1,,,,0,1,,,,0,1,,,,0,1,,,,0,1,,,,0,1,,,,0,1,,,,0,1,,,,0,1,,,,0,1,,,,0,1,,,,0,1,,,,0,1,,,,0,1,,,,0,1,,,,0,1,,,,0,1,,,,0,1,,,,0,1,,,,0,1,,,,0,1,,,,0,1,,,,0,1,,,,,0,1,,,,,0,1,,,,,0,1,,,,,0,1,,,,,0,1,,,,,0,1,,,,,0,1,,,,,0,1,,,,,0,1,,,,,0,1,3437.2105,254.74650000000003,204.605,372.545,2026-08-31T23:00:00Z,30900.0,1,,,,,,,,,,1,1,1,1,1,1,1,1,1,1,1,1,1,1,1,1,1,1,1,1,1,1,1,1,1,1,1,1,1,1,1,1,1,1,1,1,1,1,1,1,1,1,1,1,1,1,1,1,1,1,1,1,1,1,1,1,1,1,1,1,1,1,1,1,1,1,1,1,1,1,1,1,1,1,1,1,1,1,1,1,1,1,1,1,1,1,1,1,1,1,1,1,1,1,1,1,1,1,1,1,1,1,1,1,1,1,1,1,1,1,1,1,1,1,1,1,1,1,1,1,1
2026-09-22T10:30:00Z,2026-09-22T11:00:00Z,30,,,,0,1,,,,0,1,,,,0,1,,,,0,1,,,,0,1,,,,0,1,,,,0,1,,,,0,1,,,,0,1,,,,0,1,,,,0,1,,,,0,1,,,,0,1,,,,0,1,,,,0,1,,,,0,1,,,,0,1,,,,0,1,,,,0,1,,,,0,1,,,,0,1,,,,0,1,,,,0,1,,,,0,1,,,,,0,1,,,,,0,1,,,,,0,1,,,,,0,1,,,,,0,1,,,,,0,1,,,,,0,1,,,,,0,1,,,,,0,1,,,,,0,1,3437.2105,254.74650000000003,204.605,372.545,2026-08-31T23:00:00Z,30930.0,1,,,,,,,,,,1,1,1,1,1,1,1,1,1,1,1,1,1,1,1,1,1,1,1,1,1,1,1,1,1,1,1,1,1,1,1,1,1,1,1,1,1,1,1,1,1,1,1,1,1,1,1,1,1,1,1,1,1,1,1,1,1,1,1,1,1,1,1,1,1,1,1,1,1,1,1,1,1,1,1,1,1,1,1,1,1,1,1,1,1,1,1,1,1,1,1,1,1,1,1,1,1,1,1,1,1,1,1,1,1,1,1,1,1,1,1,1,1,1,1,1,1,1,1,1,1
2026-09-22T10:30:00Z,2026-09-22T11:30:00Z,60,,,,0,1,,,,0,1,,,,0,1,,,,0,1,,,,0,1,,,,0,1,,,,0,1,,,,0,1,,,,0,1,,,,0,1,,,,0,1,,,,0,1,,,,0,1,,,,0,1,,,,0,1,,,,0,1,,,,0,1,,,,0,1,,,,0,1,,,,0,1,,,,0,1,,,,0,1,,,,0,1,,,,0,1,,,,,0,1,,,,,0,1,,,,,0,1,,,,,0,1,,,,,0,1,,,,,0,1,,,,,0,1,,,,,0,1,,,,,0,1,,,,,0,1,3437.2105,254.74650000000003,204.605,372.545,2026-08-31T23:00:00Z,30930.0,1,,,,,,,,,,1,1,1,1,1,1,1,1,1,1,1,1,1,1,1,1,1,1,1,1,1,1,1,1,1,1,1,1,1,1,1,1,1,1,1,1,1,1,1,1,1,1,1,1,1,1,1,1,1,1,1,1,1,1,1,1,1,1,1,1,1,1,1,1,1,1,1,1,1,1,1,1,1,1,1,1,1,1,1,1,1,1,1,1,1,1,1,1,1,1,1,1,1,1,1,1,1,1,1,1,1,1,1,1,1,1,1,1,1,1,1,1,1,1,1,1,1,1,1,1,1
2026-09-22T11:00:00Z,2026-09-22T11:30:00Z,30,,,,0,1,,,,0,1,,,,0,1,,,,0,1,,,,0,1,,,,0,1,,,,0,1,,,,0,1,,,,0,1,,,,0,1,,,,0,1,,,,0,1,,,,0,1,,,,0,1,,,,0,1,,,,0,1,,,,0,1,,,,0,1,,,,0,1,,,,0,1,,,,0,1,,,,0,1,,,,0,1,,,,0,1,,,,,0,1,,,,,0,1,,,,,0,1,,,,,0,1,,,,,0,1,,,,,0,1,,,,,0,1,,,,,0,1,,,,,0,1,,,,,0,1,3437.2105,254.74650000000003,204.605,372.545,2026-08-31T23:00:00Z,30960.0,1,,,,,,,,,,1,1,1,1,1,1,1,1,1,1,1,1,1,1,1,1,1,1,1,1,1,1,1,1,1,1,1,1,1,1,1,1,1,1,1,1,1,1,1,1,1,1,1,1,1,1,1,1,1,1,1,1,1,1,1,1,1,1,1,1,1,1,1,1,1,1,1,1,1,1,1,1,1,1,1,1,1,1,1,1,1,1,1,1,1,1,1,1,1,1,1,1,1,1,1,1,1,1,1,1,1,1,1,1,1,1,1,1,1,1,1,1,1,1,1,1,1,1,1,1,1
2026-09-22T11:00:00Z,2026-09-22T12:00:00Z,60,,,,0,1,,,,0,1,,,,0,1,,,,0,1,,,,0,1,,,,0,1,,,,0,1,,,,0,1,,,,0,1,,,,0,1,,,,0,1,,,,0,1,,,,0,1,,,,0,1,,,,0,1,,,,0,1,,,,0,1,,,,0,1,,,,0,1,,,,0,1,,,,0,1,,,,0,1,,,,0,1,,,,0,1,,,,,0,1,,,,,0,1,,,,,0,1,,,,,0,1,,,,,0,1,,,,,0,1,,,,,0,1,,,,,0,1,,,,,0,1,,,,,0,1,3437.2105,254.74650000000003,204.605,372.545,2026-08-31T23:00:00Z,30960.0,1,,,,,,,,,,1,1,1,1,1,1,1,1,1,1,1,1,1,1,1,1,1,1,1,1,1,1,1,1,1,1,1,1,1,1,1,1,1,1,1,1,1,1,1,1,1,1,1,1,1,1,1,1,1,1,1,1,1,1,1,1,1,1,1,1,1,1,1,1,1,1,1,1,1,1,1,1,1,1,1,1,1,1,1,1,1,1,1,1,1,1,1,1,1,1,1,1,1,1,1,1,1,1,1,1,1,1,1,1,1,1,1,1,1,1,1,1,1,1,1,1,1,1,1,1,1
2026-09-22T11:30:00Z,2026-09-22T12:00:00Z,30,,,,0,1,,,,0,1,,,,0,1,,,,0,1,,,,0,1,,,,0,1,,,,0,1,,,,0,1,,,,0,1,,,,0,1,,,,0,1,,,,0,1,,,,0,1,,,,0,1,,,,0,1,,,,0,1,,,,0,1,,,,0,1,,,,0,1,,,,0,1,,,,0,1,,,,0,1,,,,0,1,,,,0,1,,,,,0,1,,,,,0,1,,,,,0,1,,,,,0,1,,,,,0,1,,,,,0,1,,,,,0,1,,,,,0,1,,,,,0,1,,,,,0,1,3437.2105,254.74650000000003,204.605,372.545,2026-08-31T23:00:00Z,30990.0,1,,,,,,,,,,1,1,1,1,1,1,1,1,1,1,1,1,1,1,1,1,1,1,1,1,1,1,1,1,1,1,1,1,1,1,1,1,1,1,1,1,1,1,1,1,1,1,1,1,1,1,1,1,1,1,1,1,1,1,1,1,1,1,1,1,1,1,1,1,1,1,1,1,1,1,1,1,1,1,1,1,1,1,1,1,1,1,1,1,1,1,1,1,1,1,1,1,1,1,1,1,1,1,1,1,1,1,1,1,1,1,1,1,1,1,1,1,1,1,1,1,1,1,1,1,1
2026-09-22T11:30:00Z,2026-09-22T12:30:00Z,60,,,,0,1,,,,0,1,,,,0,1,,,,0,1,,,,0,1,,,,0,1,,,,0,1,,,,0,1,,,,0,1,,,,0,1,,,,0,1,,,,0,1,,,,0,1,,,,0,1,,,,0,1,,,,0,1,,,,0,1,,,,0,1,,,,0,1,,,,0,1,,,,0,1,,,,0,1,,,,0,1,,,,0,1,,,,,0,1,,,,,0,1,,,,,0,1,,,,,0,1,,,,,0,1,,,,,0,1,,,,,0,1,,,,,0,1,,,,,0,1,,,,,0,1,3437.2105,254.74650000000003,204.605,372.545,2026-08-31T23:00:00Z,30990.0,1,,,,,,,,,,1,1,1,1,1,1,1,1,1,1,1,1,1,1,1,1,1,1,1,1,1,1,1,1,1,1,1,1,1,1,1,1,1,1,1,1,1,1,1,1,1,1,1,1,1,1,1,1,1,1,1,1,1,1,1,1,1,1,1,1,1,1,1,1,1,1,1,1,1,1,1,1,1,1,1,1,1,1,1,1,1,1,1,1,1,1,1,1,1,1,1,1,1,1,1,1,1,1,1,1,1,1,1,1,1,1,1,1,1,1,1,1,1,1,1,1,1,1,1,1,1
2026-09-22T12:00:00Z,2026-09-22T12:30:00Z,30,,,,0,1,,,,0,1,,,,0,1,,,,0,1,,,,0,1,,,,0,1,,,,0,1,,,,0,1,,,,0,1,,,,0,1,,,,0,1,,,,0,1,,,,0,1,,,,0,1,,,,0,1,,,,0,1,,,,0,1,,,,0,1,,,,0,1,,,,0,1,,,,0,1,,,,0,1,,,,0,1,,,,0,1,,,,,0,1,,,,,0,1,,,,,0,1,,,,,0,1,,,,,0,1,,,,,0,1,,,,,0,1,,,,,0,1,,,,,0,1,,,,,0,1,3437.2105,254.74650000000003,204.605,372.545,2026-08-31T23:00:00Z,31020.0,1,,,,,,,,,,1,1,1,1,1,1,1,1,1,1,1,1,1,1,1,1,1,1,1,1,1,1,1,1,1,1,1,1,1,1,1,1,1,1,1,1,1,1,1,1,1,1,1,1,1,1,1,1,1,1,1,1,1,1,1,1,1,1,1,1,1,1,1,1,1,1,1,1,1,1,1,1,1,1,1,1,1,1,1,1,1,1,1,1,1,1,1,1,1,1,1,1,1,1,1,1,1,1,1,1,1,1,1,1,1,1,1,1,1,1,1,1,1,1,1,1,1,1,1,1,1
2026-09-22T12:00:00Z,2026-09-22T13:00:00Z,60,,,,0,1,,,,0,1,,,,0,1,,,,0,1,,,,0,1,,,,0,1,,,,0,1,,,,0,1,,,,0,1,,,,0,1,,,,0,1,,,,0,1,,,,0,1,,,,0,1,,,,0,1,,,,0,1,,,,0,1,,,,0,1,,,,0,1,,,,0,1,,,,0,1,,,,0,1,,,,0,1,,,,0,1,,,,,0,1,,,,,0,1,,,,,0,1,,,,,0,1,,,,,0,1,,,,,0,1,,,,,0,1,,,,,0,1,,,,,0,1,,,,,0,1,3437.2105,254.74650000000003,204.605,372.545,2026-08-31T23:00:00Z,31020.0,1,,,,,,,,,,1,1,1,1,1,1,1,1,1,1,1,1,1,1,1,1,1,1,1,1,1,1,1,1,1,1,1,1,1,1,1,1,1,1,1,1,1,1,1,1,1,1,1,1,1,1,1,1,1,1,1,1,1,1,1,1,1,1,1,1,1,1,1,1,1,1,1,1,1,1,1,1,1,1,1,1,1,1,1,1,1,1,1,1,1,1,1,1,1,1,1,1,1,1,1,1,1,1,1,1,1,1,1,1,1,1,1,1,1,1,1,1,1,1,1,1,1,1,1,1,1
2026-09-22T12:30:00Z,2026-09-22T13:00:00Z,30,,,,0,1,,,,0,1,,,,0,1,,,,0,1,,,,0,1,,,,0,1,,,,0,1,,,,0,1,,,,0,1,,,,0,1,,,,0,1,,,,0,1,,,,0,1,,,,0,1,,,,0,1,,,,0,1,,,,0,1,,,,0,1,,,,0,1,,,,0,1,,,,0,1,,,,0,1,,,,0,1,,,,0,1,,,,,0,1,,,,,0,1,,,,,0,1,,,,,0,1,,,,,0,1,,,,,0,1,,,,,0,1,,,,,0,1,,,,,0,1,,,,,0,1,3437.2105,254.74650000000003,204.605,372.545,2026-08-31T23:00:00Z,31050.0,1,,,,,,,,,,1,1,1,1,1,1,1,1,1,1,1,1,1,1,1,1,1,1,1,1,1,1,1,1,1,1,1,1,1,1,1,1,1,1,1,1,1,1,1,1,1,1,1,1,1,1,1,1,1,1,1,1,1,1,1,1,1,1,1,1,1,1,1,1,1,1,1,1,1,1,1,1,1,1,1,1,1,1,1,1,1,1,1,1,1,1,1,1,1,1,1,1,1,1,1,1,1,1,1,1,1,1,1,1,1,1,1,1,1,1,1,1,1,1,1,1,1,1,1,1,1
2026-09-22T12:30:00Z,2026-09-22T13:30:00Z,60,,,,0,1,,,,0,1,,,,0,1,,,,0,1,,,,0,1,,,,0,1,,,,0,1,,,,0,1,,,,0,1,,,,0,1,,,,0,1,,,,0,1,,,,0,1,,,,0,1,,,,0,1,,,,0,1,,,,0,1,,,,0,1,,,,0,1,,,,0,1,,,,0,1,,,,0,1,,,,0,1,,,,0,1,,,,,0,1,,,,,0,1,,,,,0,1,,,,,0,1,,,,,0,1,,,,,0,1,,,,,0,1,,,,,0,1,,,,,0,1,,,,,0,1,3437.2105,254.74650000000003,204.605,372.545,2026-08-31T23:00:00Z,31050.0,1,,,,,,,,,,1,1,1,1,1,1,1,1,1,1,1,1,1,1,1,1,1,1,1,1,1,1,1,1,1,1,1,1,1,1,1,1,1,1,1,1,1,1,1,1,1,1,1,1,1,1,1,1,1,1,1,1,1,1,1,1,1,1,1,1,1,1,1,1,1,1,1,1,1,1,1,1,1,1,1,1,1,1,1,1,1,1,1,1,1,1,1,1,1,1,1,1,1,1,1,1,1,1,1,1,1,1,1,1,1,1,1,1,1,1,1,1,1,1,1,1,1,1,1,1,1
2026-09-22T13:00:00Z,2026-09-22T13:30:00Z,30,,,,0,1,,,,0,1,,,,0,1,,,,0,1,,,,0,1,,,,0,1,,,,0,1,,,,0,1,,,,0,1,,,,0,1,,,,0,1,,,,0,1,,,,0,1,,,,0,1,,,,0,1,,,,0,1,,,,0,1,,,,0,1,,,,0,1,,,,0,1,,,,0,1,,,,0,1,,,,0,1,,,,0,1,,,,,0,1,,,,,0,1,,,,,0,1,,,,,0,1,,,,,0,1,,,,,0,1,,,,,0,1,,,,,0,1,,,,,0,1,,,,,0,1,3437.2105,254.74650000000003,204.605,372.545,2026-08-31T23:00:00Z,31080.0,1,,,,,,,,,,1,1,1,1,1,1,1,1,1,1,1,1,1,1,1,1,1,1,1,1,1,1,1,1,1,1,1,1,1,1,1,1,1,1,1,1,1,1,1,1,1,1,1,1,1,1,1,1,1,1,1,1,1,1,1,1,1,1,1,1,1,1,1,1,1,1,1,1,1,1,1,1,1,1,1,1,1,1,1,1,1,1,1,1,1,1,1,1,1,1,1,1,1,1,1,1,1,1,1,1,1,1,1,1,1,1,1,1,1,1,1,1,1,1,1,1,1,1,1,1,1
2026-09-22T13:00:00Z,2026-09-22T14:00:00Z,60,,,,0,1,,,,0,1,,,,0,1,,,,0,1,,,,0,1,,,,0,1,,,,0,1,,,,0,1,,,,0,1,,,,0,1,,,,0,1,,,,0,1,,,,0,1,,,,0,1,,,,0,1,,,,0,1,,,,0,1,,,,0,1,,,,0,1,,,,0,1,,,,0,1,,,,0,1,,,,0,1,,,,0,1,,,,,0,1,,,,,0,1,,,,,0,1,,,,,0,1,,,,,0,1,,,,,0,1,,,,,0,1,,,,,0,1,,,,,0,1,,,,,0,1,3437.2105,254.74650000000003,204.605,372.545,2026-08-31T23:00:00Z,31080.0,1,,,,,,,,,,1,1,1,1,1,1,1,1,1,1,1,1,1,1,1,1,1,1,1,1,1,1,1,1,1,1,1,1,1,1,1,1,1,1,1,1,1,1,1,1,1,1,1,1,1,1,1,1,1,1,1,1,1,1,1,1,1,1,1,1,1,1,1,1,1,1,1,1,1,1,1,1,1,1,1,1,1,1,1,1,1,1,1,1,1,1,1,1,1,1,1,1,1,1,1,1,1,1,1,1,1,1,1,1,1,1,1,1,1,1,1,1,1,1,1,1,1,1,1,1,1
2026-09-22T13:30:00Z,2026-09-22T14:00:00Z,30,,,,0,1,,,,0,1,,,,0,1,,,,0,1,,,,0,1,,,,0,1,,,,0,1,,,,0,1,,,,0,1,,,,0,1,,,,0,1,,,,0,1,,,,0,1,,,,0,1,,,,0,1,,,,0,1,,,,0,1,,,,0,1,,,,0,1,,,,0,1,,,,0,1,,,,0,1,,,,0,1,,,,0,1,,,,,0,1,,,,,0,1,,,,,0,1,,,,,0,1,,,,,0,1,,,,,0,1,,,,,0,1,,,,,0,1,,,,,0,1,,,,,0,1,3437.2105,254.74650000000003,204.605,372.545,2026-08-31T23:00:00Z,31110.0,1,,,,,,,,,,1,1,1,1,1,1,1,1,1,1,1,1,1,1,1,1,1,1,1,1,1,1,1,1,1,1,1,1,1,1,1,1,1,1,1,1,1,1,1,1,1,1,1,1,1,1,1,1,1,1,1,1,1,1,1,1,1,1,1,1,1,1,1,1,1,1,1,1,1,1,1,1,1,1,1,1,1,1,1,1,1,1,1,1,1,1,1,1,1,1,1,1,1,1,1,1,1,1,1,1,1,1,1,1,1,1,1,1,1,1,1,1,1,1,1,1,1,1,1,1,1
2026-09-22T13:30:00Z,2026-09-22T14:30:00Z,60,,,,0,1,,,,0,1,,,,0,1,,,,0,1,,,,0,1,,,,0,1,,,,0,1,,,,0,1,,,,0,1,,,,0,1,,,,0,1,,,,0,1,,,,0,1,,,,0,1,,,,0,1,,,,0,1,,,,0,1,,,,0,1,,,,0,1,,,,0,1,,,,0,1,,,,0,1,,,,0,1,,,,0,1,,,,,0,1,,,,,0,1,,,,,0,1,,,,,0,1,,,,,0,1,,,,,0,1,,,,,0,1,,,,,0,1,,,,,0,1,,,,,0,1,3437.2105,254.74650000000003,204.605,372.545,2026-08-31T23:00:00Z,31110.0,1,,,,,,,,,,1,1,1,1,1,1,1,1,1,1,1,1,1,1,1,1,1,1,1,1,1,1,1,1,1,1,1,1,1,1,1,1,1,1,1,1,1,1,1,1,1,1,1,1,1,1,1,1,1,1,1,1,1,1,1,1,1,1,1,1,1,1,1,1,1,1,1,1,1,1,1,1,1,1,1,1,1,1,1,1,1,1,1,1,1,1,1,1,1,1,1,1,1,1,1,1,1,1,1,1,1,1,1,1,1,1,1,1,1,1,1,1,1,1,1,1,1,1,1,1,1
2026-09-22T14:00:00Z,2026-09-22T14:30:00Z,30,,,,0,1,,,,0,1,,,,0,1,,,,0,1,,,,0,1,,,,0,1,,,,0,1,,,,0,1,,,,0,1,,,,0,1,,,,0,1,,,,0,1,,,,0,1,,,,0,1,,,,0,1,,,,0,1,,,,0,1,,,,0,1,,,,0,1,,,,0,1,,,,0,1,,,,0,1,,,,0,1,,,,0,1,,,,,0,1,,,,,0,1,,,,,0,1,,,,,0,1,,,,,0,1,,,,,0,1,,,,,0,1,,,,,0,1,,,,,0,1,,,,,0,1,3437.2105,254.74650000000003,204.605,372.545,2026-08-31T23:00:00Z,31140.0,1,,,,,,,,,,1,1,1,1,1,1,1,1,1,1,1,1,1,1,1,1,1,1,1,1,1,1,1,1,1,1,1,1,1,1,1,1,1,1,1,1,1,1,1,1,1,1,1,1,1,1,1,1,1,1,1,1,1,1,1,1,1,1,1,1,1,1,1,1,1,1,1,1,1,1,1,1,1,1,1,1,1,1,1,1,1,1,1,1,1,1,1,1,1,1,1,1,1,1,1,1,1,1,1,1,1,1,1,1,1,1,1,1,1,1,1,1,1,1,1,1,1,1,1,1,1
2026-09-22T14:00:00Z,2026-09-22T15:00:00Z,60,,,,0,1,,,,0,1,,,,0,1,,,,0,1,,,,0,1,,,,0,1,,,,0,1,,,,0,1,,,,0,1,,,,0,1,,,,0,1,,,,0,1,,,,0,1,,,,0,1,,,,0,1,,,,0,1,,,,0,1,,,,0,1,,,,0,1,,,,0,1,,,,0,1,,,,0,1,,,,0,1,,,,0,1,,,,,0,1,,,,,0,1,,,,,0,1,,,,,0,1,,,,,0,1,,,,,0,1,,,,,0,1,,,,,0,1,,,,,0,1,,,,,0,1,3437.2105,254.74650000000003,204.605,372.545,2026-08-31T23:00:00Z,31140.0,1,,,,,,,,,,1,1,1,1,1,1,1,1,1,1,1,1,1,1,1,1,1,1,1,1,1,1,1,1,1,1,1,1,1,1,1,1,1,1,1,1,1,1,1,1,1,1,1,1,1,1,1,1,1,1,1,1,1,1,1,1,1,1,1,1,1,1,1,1,1,1,1,1,1,1,1,1,1,1,1,1,1,1,1,1,1,1,1,1,1,1,1,1,1,1,1,1,1,1,1,1,1,1,1,1,1,1,1,1,1,1,1,1,1,1,1,1,1,1,1,1,1,1,1,1,1
2026-09-22T14:30:00Z,2026-09-22T15:00:00Z,30,,,,0,1,,,,0,1,,,,0,1,,,,0,1,,,,0,1,,,,0,1,,,,0,1,,,,0,1,,,,0,1,,,,0,1,,,,0,1,,,,0,1,,,,0,1,,,,0,1,,,,0,1,,,,0,1,,,,0,1,,,,0,1,,,,0,1,,,,0,1,,,,0,1,,,,0,1,,,,0,1,,,,0,1,,,,,0,1,,,,,0,1,,,,,0,1,,,,,0,1,,,,,0,1,,,,,0,1,,,,,0,1,,,,,0,1,,,,,0,1,,,,,0,1,3437.2105,254.74650000000003,204.605,372.545,2026-08-31T23:00:00Z,31170.0,1,,,,,,,,,,1,1,1,1,1,1,1,1,1,1,1,1,1,1,1,1,1,1,1,1,1,1,1,1,1,1,1,1,1,1,1,1,1,1,1,1,1,1,1,1,1,1,1,1,1,1,1,1,1,1,1,1,1,1,1,1,1,1,1,1,1,1,1,1,1,1,1,1,1,1,1,1,1,1,1,1,1,1,1,1,1,1,1,1,1,1,1,1,1,1,1,1,1,1,1,1,1,1,1,1,1,1,1,1,1,1,1,1,1,1,1,1,1,1,1,1,1,1,1,1,1
2026-09-22T14:30:00Z,2026-09-22T15:30:00Z,60,,,,0,1,,,,0,1,,,,0,1,,,,0,1,,,,0,1,,,,0,1,,,,0,1,,,,0,1,,,,0,1,,,,0,1,,,,0,1,,,,0,1,,,,0,1,,,,0,1,,,,0,1,,,,0,1,,,,0,1,,,,0,1,,,,0,1,,,,0,1,,,,0,1,,,,0,1,,,,0,1,,,,0,1,,,,,0,1,,,,,0,1,,,,,0,1,,,,,0,1,,,,,0,1,,,,,0,1,,,,,0,1,,,,,0,1,,,,,0,1,,,,,0,1,3437.2105,254.74650000000003,204.605,372.545,2026-08-31T23:00:00Z,31170.0,1,,,,,,,,,,1,1,1,1,1,1,1,1,1,1,1,1,1,1,1,1,1,1,1,1,1,1,1,1,1,1,1,1,1,1,1,1,1,1,1,1,1,1,1,1,1,1,1,1,1,1,1,1,1,1,1,1,1,1,1,1,1,1,1,1,1,1,1,1,1,1,1,1,1,1,1,1,1,1,1,1,1,1,1,1,1,1,1,1,1,1,1,1,1,1,1,1,1,1,1,1,1,1,1,1,1,1,1,1,1,1,1,1,1,1,1,1,1,1,1,1,1,1,1,1,1
2026-09-22T15:00:00Z,2026-09-22T15:30:00Z,30,,,,0,1,,,,0,1,,,,0,1,,,,0,1,,,,0,1,,,,0,1,,,,0,1,,,,0,1,,,,0,1,,,,0,1,,,,0,1,,,,0,1,,,,0,1,,,,0,1,,,,0,1,,,,0,1,,,,0,1,,,,0,1,,,,0,1,,,,0,1,,,,0,1,,,,0,1,,,,0,1,,,,0,1,,,,,0,1,,,,,0,1,,,,,0,1,,,,,0,1,,,,,0,1,,,,,0,1,,,,,0,1,,,,,0,1,,,,,0,1,,,,,0,1,3437.2105,254.74650000000003,204.605,372.545,2026-08-31T23:00:00Z,31200.0,1,,,,,,,,,,1,1,1,1,1,1,1,1,1,1,1,1,1,1,1,1,1,1,1,1,1,1,1,1,1,1,1,1,1,1,1,1,1,1,1,1,1,1,1,1,1,1,1,1,1,1,1,1,1,1,1,1,1,1,1,1,1,1,1,1,1,1,1,1,1,1,1,1,1,1,1,1,1,1,1,1,1,1,1,1,1,1,1,1,1,1,1,1,1,1,1,1,1,1,1,1,1,1,1,1,1,1,1,1,1,1,1,1,1,1,1,1,1,1,1,1,1,1,1,1,1
2026-09-22T15:00:00Z,2026-09-22T16:00:00Z,60,,,,0,1,,,,0,1,,,,0,1,,,,0,1,,,,0,1,,,,0,1,,,,0,1,,,,0,1,,,,0,1,,,,0,1,,,,0,1,,,,0,1,,,,0,1,,,,0,1,,,,0,1,,,,0,1,,,,0,1,,,,0,1,,,,0,1,,,,0,1,,,,0,1,,,,0,1,,,,0,1,,,,0,1,,,,,0,1,,,,,0,1,,,,,0,1,,,,,0,1,,,,,0,1,,,,,0,1,,,,,0,1,,,,,0,1,,,,,0,1,,,,,0,1,3437.2105,254.74650000000003,204.605,372.545,2026-08-31T23:00:00Z,31200.0,1,,,,,,,,,,1,1,1,1,1,1,1,1,1,1,1,1,1,1,1,1,1,1,1,1,1,1,1,1,1,1,1,1,1,1,1,1,1,1,1,1,1,1,1,1,1,1,1,1,1,1,1,1,1,1,1,1,1,1,1,1,1,1,1,1,1,1,1,1,1,1,1,1,1,1,1,1,1,1,1,1,1,1,1,1,1,1,1,1,1,1,1,1,1,1,1,1,1,1,1,1,1,1,1,1,1,1,1,1,1,1,1,1,1,1,1,1,1,1,1,1,1,1,1,1,1
2026-09-22T15:30:00Z,2026-09-22T16:00:00Z,30,,,,0,1,,,,0,1,,,,0,1,,,,0,1,,,,0,1,,,,0,1,,,,0,1,,,,0,1,,,,0,1,,,,0,1,,,,0,1,,,,0,1,,,,0,1,,,,0,1,,,,0,1,,,,0,1,,,,0,1,,,,0,1,,,,0,1,,,,0,1,,,,0,1,,,,0,1,,,,0,1,,,,0,1,,,,,0,1,,,,,0,1,,,,,0,1,,,,,0,1,,,,,0,1,,,,,0,1,,,,,0,1,,,,,0,1,,,,,0,1,,,,,0,1,3437.2105,254.74650000000003,204.605,372.545,2026-08-31T23:00:00Z,31230.0,1,,,,,,,,,,1,1,1,1,1,1,1,1,1,1,1,1,1,1,1,1,1,1,1,1,1,1,1,1,1,1,1,1,1,1,1,1,1,1,1,1,1,1,1,1,1,1,1,1,1,1,1,1,1,1,1,1,1,1,1,1,1,1,1,1,1,1,1,1,1,1,1,1,1,1,1,1,1,1,1,1,1,1,1,1,1,1,1,1,1,1,1,1,1,1,1,1,1,1,1,1,1,1,1,1,1,1,1,1,1,1,1,1,1,1,1,1,1,1,1,1,1,1,1,1,1
2026-09-22T15:30:00Z,2026-09-22T16:30:00Z,60,,,,0,1,,,,0,1,,,,0,1,,,,0,1,,,,0,1,,,,0,1,,,,0,1,,,,0,1,,,,0,1,,,,0,1,,,,0,1,,,,0,1,,,,0,1,,,,0,1,,,,0,1,,,,0,1,,,,0,1,,,,0,1,,,,0,1,,,,0,1,,,,0,1,,,,0,1,,,,0,1,,,,0,1,,,,,0,1,,,,,0,1,,,,,0,1,,,,,0,1,,,,,0,1,,,,,0,1,,,,,0,1,,,,,0,1,,,,,0,1,,,,,0,1,3437.2105,254.74650000000003,204.605,372.545,2026-08-31T23:00:00Z,31230.0,1,,,,,,,,,,1,1,1,1,1,1,1,1,1,1,1,1,1,1,1,1,1,1,1,1,1,1,1,1,1,1,1,1,1,1,1,1,1,1,1,1,1,1,1,1,1,1,1,1,1,1,1,1,1,1,1,1,1,1,1,1,1,1,1,1,1,1,1,1,1,1,1,1,1,1,1,1,1,1,1,1,1,1,1,1,1,1,1,1,1,1,1,1,1,1,1,1,1,1,1,1,1,1,1,1,1,1,1,1,1,1,1,1,1,1,1,1,1,1,1,1,1,1,1,1,1
2026-09-22T16:00:00Z,2026-09-22T16:30:00Z,30,,,,0,1,,,,0,1,,,,0,1,,,,0,1,,,,0,1,,,,0,1,,,,0,1,,,,0,1,,,,0,1,,,,0,1,,,,0,1,,,,0,1,,,,0,1,,,,0,1,,,,0,1,,,,0,1,,,,0,1,,,,0,1,,,,0,1,,,,0,1,,,,0,1,,,,0,1,,,,0,1,,,,0,1,,,,,0,1,,,,,0,1,,,,,0,1,,,,,0,1,,,,,0,1,,,,,0,1,,,,,0,1,,,,,0,1,,,,,0,1,,,,,0,1,3437.2105,254.74650000000003,204.605,372.545,2026-08-31T23:00:00Z,31260.0,1,,,,,,,,,,1,1,1,1,1,1,1,1,1,1,1,1,1,1,1,1,1,1,1,1,1,1,1,1,1,1,1,1,1,1,1,1,1,1,1,1,1,1,1,1,1,1,1,1,1,1,1,1,1,1,1,1,1,1,1,1,1,1,1,1,1,1,1,1,1,1,1,1,1,1,1,1,1,1,1,1,1,1,1,1,1,1,1,1,1,1,1,1,1,1,1,1,1,1,1,1,1,1,1,1,1,1,1,1,1,1,1,1,1,1,1,1,1,1,1,1,1,1,1,1,1
2026-09-22T16:00:00Z,2026-09-22T17:00:00Z,60,,,,0,1,,,,0,1,,,,0,1,,,,0,1,,,,0,1,,,,0,1,,,,0,1,,,,0,1,,,,0,1,,,,0,1,,,,0,1,,,,0,1,,,,0,1,,,,0,1,,,,0,1,,,,0,1,,,,0,1,,,,0,1,,,,0,1,,,,0,1,,,,0,1,,,,0,1,,,,0,1,,,,0,1,,,,,0,1,,,,,0,1,,,,,0,1,,,,,0,1,,,,,0,1,,,,,0,1,,,,,0,1,,,,,0,1,,,,,0,1,,,,,0,1,3437.2105,254.74650000000003,204.605,372.545,2026-08-31T23:00:00Z,31260.0,1,,,,,,,,,,1,1,1,1,1,1,1,1,1,1,1,1,1,1,1,1,1,1,1,1,1,1,1,1,1,1,1,1,1,1,1,1,1,1,1,1,1,1,1,1,1,1,1,1,1,1,1,1,1,1,1,1,1,1,1,1,1,1,1,1,1,1,1,1,1,1,1,1,1,1,1,1,1,1,1,1,1,1,1,1,1,1,1,1,1,1,1,1,1,1,1,1,1,1,1,1,1,1,1,1,1,1,1,1,1,1,1,1,1,1,1,1,1,1,1,1,1,1,1,1,1
2026-09-22T16:30:00Z,2026-09-22T17:00:00Z,30,,,,0,1,,,,0,1,,,,0,1,,,,0,1,,,,0,1,,,,0,1,,,,0,1,,,,0,1,,,,0,1,,,,0,1,,,,0,1,,,,0,1,,,,0,1,,,,0,1,,,,0,1,,,,0,1,,,,0,1,,,,0,1,,,,0,1,,,,0,1,,,,0,1,,,,0,1,,,,0,1,,,,0,1,,,,,0,1,,,,,0,1,,,,,0,1,,,,,0,1,,,,,0,1,,,,,0,1,,,,,0,1,,,,,0,1,,,,,0,1,,,,,0,1,3437.2105,254.74650000000003,204.605,372.545,2026-08-31T23:00:00Z,31290.0,1,,,,,,,,,,1,1,1,1,1,1,1,1,1,1,1,1,1,1,1,1,1,1,1,1,1,1,1,1,1,1,1,1,1,1,1,1,1,1,1,1,1,1,1,1,1,1,1,1,1,1,1,1,1,1,1,1,1,1,1,1,1,1,1,1,1,1,1,1,1,1,1,1,1,1,1,1,1,1,1,1,1,1,1,1,1,1,1,1,1,1,1,1,1,1,1,1,1,1,1,1,1,1,1,1,1,1,1,1,1,1,1,1,1,1,1,1,1,1,1,1,1,1,1,1,1
2026-09-22T16:30:00Z,2026-09-22T17:30:00Z,60,,,,0,1,,,,0,1,,,,0,1,,,,0,1,,,,0,1,,,,0,1,,,,0,1,,,,0,1,,,,0,1,,,,0,1,,,,0,1,,,,0,1,,,,0,1,,,,0,1,,,,0,1,,,,0,1,,,,0,1,,,,0,1,,,,0,1,,,,0,1,,,,0,1,,,,0,1,,,,0,1,,,,0,1,,,,,0,1,,,,,0,1,,,,,0,1,,,,,0,1,,,,,0,1,,,,,0,1,,,,,0,1,,,,,0,1,,,,,0,1,,,,,0,1,3437.2105,254.74650000000003,204.605,372.545,2026-08-31T23:00:00Z,31290.0,1,,,,,,,,,,1,1,1,1,1,1,1,1,1,1,1,1,1,1,1,1,1,1,1,1,1,1,1,1,1,1,1,1,1,1,1,1,1,1,1,1,1,1,1,1,1,1,1,1,1,1,1,1,1,1,1,1,1,1,1,1,1,1,1,1,1,1,1,1,1,1,1,1,1,1,1,1,1,1,1,1,1,1,1,1,1,1,1,1,1,1,1,1,1,1,1,1,1,1,1,1,1,1,1,1,1,1,1,1,1,1,1,1,1,1,1,1,1,1,1,1,1,1,1,1,1
2026-09-22T17:00:00Z,2026-09-22T17:30:00Z,30,,,,0,1,,,,0,1,,,,0,1,,,,0,1,,,,0,1,,,,0,1,,,,0,1,,,,0,1,,,,0,1,,,,0,1,,,,0,1,,,,0,1,,,,0,1,,,,0,1,,,,0,1,,,,0,1,,,,0,1,,,,0,1,,,,0,1,,,,0,1,,,,0,1,,,,0,1,,,,0,1,,,,0,1,,,,,0,1,,,,,0,1,,,,,0,1,,,,,0,1,,,,,0,1,,,,,0,1,,,,,0,1,,,,,0,1,,,,,0,1,,,,,0,1,3437.2105,254.74650000000003,204.605,372.545,2026-08-31T23:00:00Z,31320.0,1,,,,,,,,,,1,1,1,1,1,1,1,1,1,1,1,1,1,1,1,1,1,1,1,1,1,1,1,1,1,1,1,1,1,1,1,1,1,1,1,1,1,1,1,1,1,1,1,1,1,1,1,1,1,1,1,1,1,1,1,1,1,1,1,1,1,1,1,1,1,1,1,1,1,1,1,1,1,1,1,1,1,1,1,1,1,1,1,1,1,1,1,1,1,1,1,1,1,1,1,1,1,1,1,1,1,1,1,1,1,1,1,1,1,1,1,1,1,1,1,1,1,1,1,1,1
2026-09-22T17:00:00Z,2026-09-22T18:00:00Z,60,,,,0,1,,,,0,1,,,,0,1,,,,0,1,,,,0,1,,,,0,1,,,,0,1,,,,0,1,,,,0,1,,,,0,1,,,,0,1,,,,0,1,,,,0,1,,,,0,1,,,,0,1,,,,0,1,,,,0,1,,,,0,1,,,,0,1,,,,0,1,,,,0,1,,,,0,1,,,,0,1,,,,0,1,,,,,0,1,,,,,0,1,,,,,0,1,,,,,0,1,,,,,0,1,,,,,0,1,,,,,0,1,,,,,0,1,,,,,0,1,,,,,0,1,3437.2105,254.74650000000003,204.605,372.545,2026-08-31T23:00:00Z,31320.0,1,,,,,,,,,,1,1,1,1,1,1,1,1,1,1,1,1,1,1,1,1,1,1,1,1,1,1,1,1,1,1,1,1,1,1,1,1,1,1,1,1,1,1,1,1,1,1,1,1,1,1,1,1,1,1,1,1,1,1,1,1,1,1,1,1,1,1,1,1,1,1,1,1,1,1,1,1,1,1,1,1,1,1,1,1,1,1,1,1,1,1,1,1,1,1,1,1,1,1,1,1,1,1,1,1,1,1,1,1,1,1,1,1,1,1,1,1,1,1,1,1,1,1,1,1,1
2026-09-22T17:30:00Z,2026-09-22T18:00:00Z,30,,,,0,1,,,,0,1,,,,0,1,,,,0,1,,,,0,1,,,,0,1,,,,0,1,,,,0,1,,,,0,1,,,,0,1,,,,0,1,,,,0,1,,,,0,1,,,,0,1,,,,0,1,,,,0,1,,,,0,1,,,,0,1,,,,0,1,,,,0,1,,,,0,1,,,,0,1,,,,0,1,,,,0,1,,,,,0,1,,,,,0,1,,,,,0,1,,,,,0,1,,,,,0,1,,,,,0,1,,,,,0,1,,,,,0,1,,,,,0,1,,,,,0,1,3437.2105,254.74650000000003,204.605,372.545,2026-08-31T23:00:00Z,31350.0,1,,,,,,,,,,1,1,1,1,1,1,1,1,1,1,1,1,1,1,1,1,1,1,1,1,1,1,1,1,1,1,1,1,1,1,1,1,1,1,1,1,1,1,1,1,1,1,1,1,1,1,1,1,1,1,1,1,1,1,1,1,1,1,1,1,1,1,1,1,1,1,1,1,1,1,1,1,1,1,1,1,1,1,1,1,1,1,1,1,1,1,1,1,1,1,1,1,1,1,1,1,1,1,1,1,1,1,1,1,1,1,1,1,1,1,1,1,1,1,1,1,1,1,1,1,1
2026-09-22T17:30:00Z,2026-09-22T18:30:00Z,60,,,,0,1,,,,0,1,,,,0,1,,,,0,1,,,,0,1,,,,0,1,,,,0,1,,,,0,1,,,,0,1,,,,0,1,,,,0,1,,,,0,1,,,,0,1,,,,0,1,,,,0,1,,,,0,1,,,,0,1,,,,0,1,,,,0,1,,,,0,1,,,,0,1,,,,0,1,,,,0,1,,,,0,1,,,,,0,1,,,,,0,1,,,,,0,1,,,,,0,1,,,,,0,1,,,,,0,1,,,,,0,1,,,,,0,1,,,,,0,1,,,,,0,1,3437.2105,254.74650000000003,204.605,372.545,2026-08-31T23:00:00Z,31350.0,1,,,,,,,,,,1,1,1,1,1,1,1,1,1,1,1,1,1,1,1,1,1,1,1,1,1,1,1,1,1,1,1,1,1,1,1,1,1,1,1,1,1,1,1,1,1,1,1,1,1,1,1,1,1,1,1,1,1,1,1,1,1,1,1,1,1,1,1,1,1,1,1,1,1,1,1,1,1,1,1,1,1,1,1,1,1,1,1,1,1,1,1,1,1,1,1,1,1,1,1,1,1,1,1,1,1,1,1,1,1,1,1,1,1,1,1,1,1,1,1,1,1,1,1,1,1
2026-09-22T18:00:00Z,2026-09-22T18:30:00Z,30,,,,0,1,,,,0,1,,,,0,1,,,,0,1,,,,0,1,,,,0,1,,,,0,1,,,,0,1,,,,0,1,,,,0,1,,,,0,1,,,,0,1,,,,0,1,,,,0,1,,,,0,1,,,,0,1,,,,0,1,,,,0,1,,,,0,1,,,,0,1,,,,0,1,,,,0,1,,,,0,1,,,,0,1,,,,,0,1,,,,,0,1,,,,,0,1,,,,,0,1,,,,,0,1,,,,,0,1,,,,,0,1,,,,,0,1,,,,,0,1,,,,,0,1,3437.2105,254.74650000000003,204.605,372.545,2026-08-31T23:00:00Z,31380.0,1,,,,,,,,,,1,1,1,1,1,1,1,1,1,1,1,1,1,1,1,1,1,1,1,1,1,1,1,1,1,1,1,1,1,1,1,1,1,1,1,1,1,1,1,1,1,1,1,1,1,1,1,1,1,1,1,1,1,1,1,1,1,1,1,1,1,1,1,1,1,1,1,1,1,1,1,1,1,1,1,1,1,1,1,1,1,1,1,1,1,1,1,1,1,1,1,1,1,1,1,1,1,1,1,1,1,1,1,1,1,1,1,1,1,1,1,1,1,1,1,1,1,1,1,1,1
2026-09-22T18:00:00Z,2026-09-22T19:00:00Z,60,,,,0,1,,,,0,1,,,,0,1,,,,0,1,,,,0,1,,,,0,1,,,,0,1,,,,0,1,,,,0,1,,,,0,1,,,,0,1,,,,0,1,,,,0,1,,,,0,1,,,,0,1,,,,0,1,,,,0,1,,,,0,1,,,,0,1,,,,0,1,,,,0,1,,,,0,1,,,,0,1,,,,0,1,,,,,0,1,,,,,0,1,,,,,0,1,,,,,0,1,,,,,0,1,,,,,0,1,,,,,0,1,,,,,0,1,,,,,0,1,,,,,0,1,3437.2105,254.74650000000003,204.605,372.545,2026-08-31T23:00:00Z,31380.0,1,,,,,,,,,,1,1,1,1,1,1,1,1,1,1,1,1,1,1,1,1,1,1,1,1,1,1,1,1,1,1,1,1,1,1,1,1,1,1,1,1,1,1,1,1,1,1,1,1,1,1,1,1,1,1,1,1,1,1,1,1,1,1,1,1,1,1,1,1,1,1,1,1,1,1,1,1,1,1,1,1,1,1,1,1,1,1,1,1,1,1,1,1,1,1,1,1,1,1,1,1,1,1,1,1,1,1,1,1,1,1,1,1,1,1,1,1,1,1,1,1,1,1,1,1,1
2026-09-22T18:30:00Z,2026-09-22T19:00:00Z,30,,,,0,1,,,,0,1,,,,0,1,,,,0,1,,,,0,1,,,,0,1,,,,0,1,,,,0,1,,,,0,1,,,,0,1,,,,0,1,,,,0,1,,,,0,1,,,,0,1,,,,0,1,,,,0,1,,,,0,1,,,,0,1,,,,0,1,,,,0,1,,,,0,1,,,,0,1,,,,0,1,,,,0,1,,,,,0,1,,,,,0,1,,,,,0,1,,,,,0,1,,,,,0,1,,,,,0,1,,,,,0,1,,,,,0,1,,,,,0,1,,,,,0,1,3437.2105,254.74650000000003,204.605,372.545,2026-08-31T23:00:00Z,31410.0,1,,,,,,,,,,1,1,1,1,1,1,1,1,1,1,1,1,1,1,1,1,1,1,1,1,1,1,1,1,1,1,1,1,1,1,1,1,1,1,1,1,1,1,1,1,1,1,1,1,1,1,1,1,1,1,1,1,1,1,1,1,1,1,1,1,1,1,1,1,1,1,1,1,1,1,1,1,1,1,1,1,1,1,1,1,1,1,1,1,1,1,1,1,1,1,1,1,1,1,1,1,1,1,1,1,1,1,1,1,1,1,1,1,1,1,1,1,1,1,1,1,1,1,1,1,1
2026-09-22T18:30:00Z,2026-09-22T19:30:00Z,60,,,,0,1,,,,0,1,,,,0,1,,,,0,1,,,,0,1,,,,0,1,,,,0,1,,,,0,1,,,,0,1,,,,0,1,,,,0,1,,,,0,1,,,,0,1,,,,0,1,,,,0,1,,,,0,1,,,,0,1,,,,0,1,,,,0,1,,,,0,1,,,,0,1,,,,0,1,,,,0,1,,,,0,1,,,,,0,1,,,,,0,1,,,,,0,1,,,,,0,1,,,,,0,1,,,,,0,1,,,,,0,1,,,,,0,1,,,,,0,1,,,,,0,1,3437.2105,254.74650000000003,204.605,372.545,2026-08-31T23:00:00Z,31410.0,1,,,,,,,,,,1,1,1,1,1,1,1,1,1,1,1,1,1,1,1,1,1,1,1,1,1,1,1,1,1,1,1,1,1,1,1,1,1,1,1,1,1,1,1,1,1,1,1,1,1,1,1,1,1,1,1,1,1,1,1,1,1,1,1,1,1,1,1,1,1,1,1,1,1,1,1,1,1,1,1,1,1,1,1,1,1,1,1,1,1,1,1,1,1,1,1,1,1,1,1,1,1,1,1,1,1,1,1,1,1,1,1,1,1,1,1,1,1,1,1,1,1,1,1,1,1
2026-09-22T19:00:00Z,2026-09-22T19:30:00Z,30,,,,0,1,,,,0,1,,,,0,1,,,,0,1,,,,0,1,,,,0,1,,,,0,1,,,,0,1,,,,0,1,,,,0,1,,,,0,1,,,,0,1,,,,0,1,,,,0,1,,,,0,1,,,,0,1,,,,0,1,,,,0,1,,,,0,1,,,,0,1,,,,0,1,,,,0,1,,,,0,1,,,,0,1,,,,,0,1,,,,,0,1,,,,,0,1,,,,,0,1,,,,,0,1,,,,,0,1,,,,,0,1,,,,,0,1,,,,,0,1,,,,,0,1,3437.2105,254.74650000000003,204.605,372.545,2026-08-31T23:00:00Z,31440.0,1,,,,,,,,,,1,1,1,1,1,1,1,1,1,1,1,1,1,1,1,1,1,1,1,1,1,1,1,1,1,1,1,1,1,1,1,1,1,1,1,1,1,1,1,1,1,1,1,1,1,1,1,1,1,1,1,1,1,1,1,1,1,1,1,1,1,1,1,1,1,1,1,1,1,1,1,1,1,1,1,1,1,1,1,1,1,1,1,1,1,1,1,1,1,1,1,1,1,1,1,1,1,1,1,1,1,1,1,1,1,1,1,1,1,1,1,1,1,1,1,1,1,1,1,1,1
2026-09-22T19:00:00Z,2026-09-22T20:00:00Z,60,,,,0,1,,,,0,1,,,,0,1,,,,0,1,,,,0,1,,,,0,1,,,,0,1,,,,0,1,,,,0,1,,,,0,1,,,,0,1,,,,0,1,,,,0,1,,,,0,1,,,,0,1,,,,0,1,,,,0,1,,,,0,1,,,,0,1,,,,0,1,,,,0,1,,,,0,1,,,,0,1,,,,0,1,,,,,0,1,,,,,0,1,,,,,0,1,,,,,0,1,,,,,0,1,,,,,0,1,,,,,0,1,,,,,0,1,,,,,0,1,,,,,0,1,3437.2105,254.74650000000003,204.605,372.545,2026-08-31T23:00:00Z,31440.0,1,,,,,,,,,,1,1,1,1,1,1,1,1,1,1,1,1,1,1,1,1,1,1,1,1,1,1,1,1,1,1,1,1,1,1,1,1,1,1,1,1,1,1,1,1,1,1,1,1,1,1,1,1,1,1,1,1,1,1,1,1,1,1,1,1,1,1,1,1,1,1,1,1,1,1,1,1,1,1,1,1,1,1,1,1,1,1,1,1,1,1,1,1,1,1,1,1,1,1,1,1,1,1,1,1,1,1,1,1,1,1,1,1,1,1,1,1,1,1,1,1,1,1,1,1,1
2026-09-22T19:30:00Z,2026-09-22T20:00:00Z,30,,,,0,1,,,,0,1,,,,0,1,,,,0,1,,,,0,1,,,,0,1,,,,0,1,,,,0,1,,,,0,1,,,,0,1,,,,0,1,,,,0,1,,,,0,1,,,,0,1,,,,0,1,,,,0,1,,,,0,1,,,,0,1,,,,0,1,,,,0,1,,,,0,1,,,,0,1,,,,0,1,,,,0,1,,,,,0,1,,,,,0,1,,,,,0,1,,,,,0,1,,,,,0,1,,,,,0,1,,,,,0,1,,,,,0,1,,,,,0,1,,,,,0,1,3437.2105,254.74650000000003,204.605,372.545,2026-08-31T23:00:00Z,31470.0,1,,,,,,,,,,1,1,1,1,1,1,1,1,1,1,1,1,1,1,1,1,1,1,1,1,1,1,1,1,1,1,1,1,1,1,1,1,1,1,1,1,1,1,1,1,1,1,1,1,1,1,1,1,1,1,1,1,1,1,1,1,1,1,1,1,1,1,1,1,1,1,1,1,1,1,1,1,1,1,1,1,1,1,1,1,1,1,1,1,1,1,1,1,1,1,1,1,1,1,1,1,1,1,1,1,1,1,1,1,1,1,1,1,1,1,1,1,1,1,1,1,1,1,1,1,1
2026-09-22T19:30:00Z,2026-09-22T20:30:00Z,60,,,,0,1,,,,0,1,,,,0,1,,,,0,1,,,,0,1,,,,0,1,,,,0,1,,,,0,1,,,,0,1,,,,0,1,,,,0,1,,,,0,1,,,,0,1,,,,0,1,,,,0,1,,,,0,1,,,,0,1,,,,0,1,,,,0,1,,,,0,1,,,,0,1,,,,0,1,,,,0,1,,,,0,1,,,,,0,1,,,,,0,1,,,,,0,1,,,,,0,1,,,,,0,1,,,,,0,1,,,,,0,1,,,,,0,1,,,,,0,1,,,,,0,1,3437.2105,254.74650000000003,204.605,372.545,2026-08-31T23:00:00Z,31470.0,1,,,,,,,,,,1,1,1,1,1,1,1,1,1,1,1,1,1,1,1,1,1,1,1,1,1,1,1,1,1,1,1,1,1,1,1,1,1,1,1,1,1,1,1,1,1,1,1,1,1,1,1,1,1,1,1,1,1,1,1,1,1,1,1,1,1,1,1,1,1,1,1,1,1,1,1,1,1,1,1,1,1,1,1,1,1,1,1,1,1,1,1,1,1,1,1,1,1,1,1,1,1,1,1,1,1,1,1,1,1,1,1,1,1,1,1,1,1,1,1,1,1,1,1,1,1
2026-09-22T20:00:00Z,2026-09-22T20:30:00Z,30,,,,0,1,,,,0,1,,,,0,1,,,,0,1,,,,0,1,,,,0,1,,,,0,1,,,,0,1,,,,0,1,,,,0,1,,,,0,1,,,,0,1,,,,0,1,,,,0,1,,,,0,1,,,,0,1,,,,0,1,,,,0,1,,,,0,1,,,,0,1,,,,0,1,,,,0,1,,,,0,1,,,,0,1,,,,,0,1,,,,,0,1,,,,,0,1,,,,,0,1,,,,,0,1,,,,,0,1,,,,,0,1,,,,,0,1,,,,,0,1,,,,,0,1,3437.2105,254.74650000000003,204.605,372.545,2026-08-31T23:00:00Z,31500.0,1,,,,,,,,,,1,1,1,1,1,1,1,1,1,1,1,1,1,1,1,1,1,1,1,1,1,1,1,1,1,1,1,1,1,1,1,1,1,1,1,1,1,1,1,1,1,1,1,1,1,1,1,1,1,1,1,1,1,1,1,1,1,1,1,1,1,1,1,1,1,1,1,1,1,1,1,1,1,1,1,1,1,1,1,1,1,1,1,1,1,1,1,1,1,1,1,1,1,1,1,1,1,1,1,1,1,1,1,1,1,1,1,1,1,1,1,1,1,1,1,1,1,1,1,1,1
2026-09-22T20:00:00Z,2026-09-22T21:00:00Z,60,,,,0,1,,,,0,1,,,,0,1,,,,0,1,,,,0,1,,,,0,1,,,,0,1,,,,0,1,,,,0,1,,,,0,1,,,,0,1,,,,0,1,,,,0,1,,,,0,1,,,,0,1,,,,0,1,,,,0,1,,,,0,1,,,,0,1,,,,0,1,,,,0,1,,,,0,1,,,,0,1,,,,0,1,,,,,0,1,,,,,0,1,,,,,0,1,,,,,0,1,,,,,0,1,,,,,0,1,,,,,0,1,,,,,0,1,,,,,0,1,,,,,0,1,3437.2105,254.74650000000003,204.605,372.545,2026-08-31T23:00:00Z,31500.0,1,,,,,,,,,,1,1,1,1,1,1,1,1,1,1,1,1,1,1,1,1,1,1,1,1,1,1,1,1,1,1,1,1,1,1,1,1,1,1,1,1,1,1,1,1,1,1,1,1,1,1,1,1,1,1,1,1,1,1,1,1,1,1,1,1,1,1,1,1,1,1,1,1,1,1,1,1,1,1,1,1,1,1,1,1,1,1,1,1,1,1,1,1,1,1,1,1,1,1,1,1,1,1,1,1,1,1,1,1,1,1,1,1,1,1,1,1,1,1,1,1,1,1,1,1,1
2026-09-22T20:30:00Z,2026-09-22T21:00:00Z,30,,,,0,1,,,,0,1,,,,0,1,,,,0,1,,,,0,1,,,,0,1,,,,0,1,,,,0,1,,,,0,1,,,,0,1,,,,0,1,,,,0,1,,,,0,1,,,,0,1,,,,0,1,,,,0,1,,,,0,1,,,,0,1,,,,0,1,,,,0,1,,,,0,1,,,,0,1,,,,0,1,,,,0,1,,,,,0,1,,,,,0,1,,,,,0,1,,,,,0,1,,,,,0,1,,,,,0,1,,,,,0,1,,,,,0,1,,,,,0,1,,,,,0,1,3437.2105,254.74650000000003,204.605,372.545,2026-08-31T23:00:00Z,31530.0,1,,,,,,,,,,1,1,1,1,1,1,1,1,1,1,1,1,1,1,1,1,1,1,1,1,1,1,1,1,1,1,1,1,1,1,1,1,1,1,1,1,1,1,1,1,1,1,1,1,1,1,1,1,1,1,1,1,1,1,1,1,1,1,1,1,1,1,1,1,1,1,1,1,1,1,1,1,1,1,1,1,1,1,1,1,1,1,1,1,1,1,1,1,1,1,1,1,1,1,1,1,1,1,1,1,1,1,1,1,1,1,1,1,1,1,1,1,1,1,1,1,1,1,1,1,1
2026-09-22T20:30:00Z,2026-09-22T21:30:00Z,60,,,,0,1,,,,0,1,,,,0,1,,,,0,1,,,,0,1,,,,0,1,,,,0,1,,,,0,1,,,,0,1,,,,0,1,,,,0,1,,,,0,1,,,,0,1,,,,0,1,,,,0,1,,,,0,1,,,,0,1,,,,0,1,,,,0,1,,,,0,1,,,,0,1,,,,0,1,,,,0,1,,,,0,1,,,,,0,1,,,,,0,1,,,,,0,1,,,,,0,1,,,,,0,1,,,,,0,1,,,,,0,1,,,,,0,1,,,,,0,1,,,,,0,1,3437.2105,254.74650000000003,204.605,372.545,2026-08-31T23:00:00Z,31530.0,1,,,,,,,,,,1,1,1,1,1,1,1,1,1,1,1,1,1,1,1,1,1,1,1,1,1,1,1,1,1,1,1,1,1,1,1,1,1,1,1,1,1,1,1,1,1,1,1,1,1,1,1,1,1,1,1,1,1,1,1,1,1,1,1,1,1,1,1,1,1,1,1,1,1,1,1,1,1,1,1,1,1,1,1,1,1,1,1,1,1,1,1,1,1,1,1,1,1,1,1,1,1,1,1,1,1,1,1,1,1,1,1,1,1,1,1,1,1,1,1,1,1,1,1,1,1
2026-09-22T21:00:00Z,2026-09-22T21:30:00Z,30,,,,0,1,,,,0,1,,,,0,1,,,,0,1,,,,0,1,,,,0,1,,,,0,1,,,,0,1,,,,0,1,,,,0,1,,,,0,1,,,,0,1,,,,0,1,,,,0,1,,,,0,1,,,,0,1,,,,0,1,,,,0,1,,,,0,1,,,,0,1,,,,0,1,,,,0,1,,,,0,1,,,,0,1,,,,,0,1,,,,,0,1,,,,,0,1,,,,,0,1,,,,,0,1,,,,,0,1,,,,,0,1,,,,,0,1,,,,,0,1,,,,,0,1,3437.2105,254.74650000000003,204.605,372.545,2026-08-31T23:00:00Z,31560.0,1,,,,,,,,,,1,1,1,1,1,1,1,1,1,1,1,1,1,1,1,1,1,1,1,1,1,1,1,1,1,1,1,1,1,1,1,1,1,1,1,1,1,1,1,1,1,1,1,1,1,1,1,1,1,1,1,1,1,1,1,1,1,1,1,1,1,1,1,1,1,1,1,1,1,1,1,1,1,1,1,1,1,1,1,1,1,1,1,1,1,1,1,1,1,1,1,1,1,1,1,1,1,1,1,1,1,1,1,1,1,1,1,1,1,1,1,1,1,1,1,1,1,1,1,1,1
2026-09-22T21:00:00Z,2026-09-22T22:00:00Z,60,,,,0,1,,,,0,1,,,,0,1,,,,0,1,,,,0,1,,,,0,1,,,,0,1,,,,0,1,,,,0,1,,,,0,1,,,,0,1,,,,0,1,,,,0,1,,,,0,1,,,,0,1,,,,0,1,,,,0,1,,,,0,1,,,,0,1,,,,0,1,,,,0,1,,,,0,1,,,,0,1,,,,0,1,,,,,0,1,,,,,0,1,,,,,0,1,,,,,0,1,,,,,0,1,,,,,0,1,,,,,0,1,,,,,0,1,,,,,0,1,,,,,0,1,3437.2105,254.74650000000003,204.605,372.545,2026-08-31T23:00:00Z,31560.0,1,,,,,,,,,,1,1,1,1,1,1,1,1,1,1,1,1,1,1,1,1,1,1,1,1,1,1,1,1,1,1,1,1,1,1,1,1,1,1,1,1,1,1,1,1,1,1,1,1,1,1,1,1,1,1,1,1,1,1,1,1,1,1,1,1,1,1,1,1,1,1,1,1,1,1,1,1,1,1,1,1,1,1,1,1,1,1,1,1,1,1,1,1,1,1,1,1,1,1,1,1,1,1,1,1,1,1,1,1,1,1,1,1,1,1,1,1,1,1,1,1,1,1,1,1,1
2026-09-22T21:30:00Z,2026-09-22T22:00:00Z,30,,,,0,1,,,,0,1,,,,0,1,,,,0,1,,,,0,1,,,,0,1,,,,0,1,,,,0,1,,,,0,1,,,,0,1,,,,0,1,,,,0,1,,,,0,1,,,,0,1,,,,0,1,,,,0,1,,,,0,1,,,,0,1,,,,0,1,,,,0,1,,,,0,1,,,,0,1,,,,0,1,,,,0,1,,,,,0,1,,,,,0,1,,,,,0,1,,,,,0,1,,,,,0,1,,,,,0,1,,,,,0,1,,,,,0,1,,,,,0,1,,,,,0,1,3437.2105,254.74650000000003,204.605,372.545,2026-08-31T23:00:00Z,31590.0,1,,,,,,,,,,1,1,1,1,1,1,1,1,1,1,1,1,1,1,1,1,1,1,1,1,1,1,1,1,1,1,1,1,1,1,1,1,1,1,1,1,1,1,1,1,1,1,1,1,1,1,1,1,1,1,1,1,1,1,1,1,1,1,1,1,1,1,1,1,1,1,1,1,1,1,1,1,1,1,1,1,1,1,1,1,1,1,1,1,1,1,1,1,1,1,1,1,1,1,1,1,1,1,1,1,1,1,1,1,1,1,1,1,1,1,1,1,1,1,1,1,1,1,1,1,1
2026-09-22T21:30:00Z,2026-09-22T22:30:00Z,60,,,,0,1,,,,0,1,,,,0,1,,,,0,1,,,,0,1,,,,0,1,,,,0,1,,,,0,1,,,,0,1,,,,0,1,,,,0,1,,,,0,1,,,,0,1,,,,0,1,,,,0,1,,,,0,1,,,,0,1,,,,0,1,,,,0,1,,,,0,1,,,,0,1,,,,0,1,,,,0,1,,,,0,1,,,,,0,1,,,,,0,1,,,,,0,1,,,,,0,1,,,,,0,1,,,,,0,1,,,,,0,1,,,,,0,1,,,,,0,1,,,,,0,1,3437.2105,254.74650000000003,204.605,372.545,2026-08-31T23:00:00Z,31590.0,1,,,,,,,,,,1,1,1,1,1,1,1,1,1,1,1,1,1,1,1,1,1,1,1,1,1,1,1,1,1,1,1,1,1,1,1,1,1,1,1,1,1,1,1,1,1,1,1,1,1,1,1,1,1,1,1,1,1,1,1,1,1,1,1,1,1,1,1,1,1,1,1,1,1,1,1,1,1,1,1,1,1,1,1,1,1,1,1,1,1,1,1,1,1,1,1,1,1,1,1,1,1,1,1,1,1,1,1,1,1,1,1,1,1,1,1,1,1,1,1,1,1,1,1,1,1
2026-09-22T22:00:00Z,2026-09-22T22:30:00Z,30,,,,0,1,,,,0,1,,,,0,1,,,,0,1,,,,0,1,,,,0,1,,,,0,1,,,,0,1,,,,0,1,,,,0,1,,,,0,1,,,,0,1,,,,0,1,,,,0,1,,,,0,1,,,,0,1,,,,0,1,1115.634,2026-09-22T21:50:00Z,10.0,1,0,3270.1014999999998,2026-09-22T21:50:00Z,10.0,1,0,4385.7355,2026-09-22T21:50:00Z,10.0,1,0,,,,0,1,,,,0,1,,,,0,1,,,,0,1,,,,,0,1,,,,,0,1,,,,,0,1,,,,,0,1,,,,,0,1,,,,,0,1,,,,,0,1,,,,,0,1,,,,,0,1,,,,,0,1,3437.2105,254.74650000000003,204.605,372.545,2026-08-31T23:00:00Z,31620.0,1,,,,,,,,,,1,1,1,1,1,1,1,1,1,1,1,1,1,1,1,1,1,1,1,1,1,1,1,1,1,1,1,1,1,1,1,1,1,1,1,1,1,1,1,1,1,1,1,1,1,1,1,1,1,1,1,0,0,0,0,0,0,0,0,0,1,1,1,1,1,1,1,1,1,1,1,1,1,1,1,1,1,1,1,1,1,1,1,1,1,1,1,1,1,1,1,1,1,1,1,1,1,1,1,1,1,1,1,1,1,1,1,1,1,1,1,1,1,1,1,1,1,1,1,1,1
2026-09-22T22:00:00Z,2026-09-22T23:00:00Z,60,,,,0,1,,,,0,1,,,,0,1,,,,0,1,,,,0,1,,,,0,1,,,,0,1,,,,0,1,,,,0,1,,,,0,1,,,,0,1,,,,0,1,,,,0,1,,,,0,1,,,,0,1,,,,0,1,,,,0,1,1075.694,2026-09-22T21:50:00Z,10.0,1,0,3191.8765,2026-09-22T21:50:00Z,10.0,1,0,4267.5705,2026-09-22T21:50:00Z,10.0,1,0,,,,0,1,,,,0,1,,,,0,1,,,,0,1,,,,,0,1,,,,,0,1,,,,,0,1,,,,,0,1,,,,,0,1,,,,,0,1,,,,,0,1,,,,,0,1,,,,,0,1,,,,,0,1,3437.2105,254.74650000000003,204.605,372.545,2026-08-31T23:00:00Z,31620.0,1,,,,,,,,,,1,1,1,1,1,1,1,1,1,1,1,1,1,1,1,1,1,1,1,1,1,1,1,1,1,1,1,1,1,1,1,1,1,1,1,1,1,1,1,1,1,1,1,1,1,1,1,1,1,1,1,0,0,0,0,0,0,0,0,0,1,1,1,1,1,1,1,1,1,1,1,1,1,1,1,1,1,1,1,1,1,1,1,1,1,1,1,1,1,1,1,1,1,1,1,1,1,1,1,1,1,1,1,1,1,1,1,1,1,1,1,1,1,1,1,1,1,1,1,1,1
2026-09-22T22:30:00Z,2026-09-22T23:00:00Z,30,,,,0,1,,,,0,1,,,,0,1,,,,0,1,,,,0,1,,,,0,1,,,,0,1,,,,0,1,,,,0,1,,,,0,1,,,,0,1,,,,0,1,,,,0,1,,,,0,1,,,,0,1,,,,0,1,,,,0,1,1075.694,2026-09-22T22:20:00Z,10.0,1,0,3254.476,2026-09-22T22:20:00Z,10.0,1,0,4330.17,2026-09-22T22:20:00Z,10.0,1,0,,,,0,1,,,,0,1,,,,0,1,,,,0,1,,,,,0,1,15.037,2026-09-22T22:27:25Z,2026-09-22T22:10:00Z,2.5833333333333335,1,0,142.0,2026-09-22T22:27:25Z,2026-09-22T22:10:00Z,2.5833333333333335,1,0,8214.799,2026-09-22T22:27:25Z,2026-09-22T22:10:00Z,2.5833333333333335,1,0,3327.562,2026-09-22T22:27:25Z,2026-09-22T22:10:00Z,2.5833333333333335,1,0,499.516,2026-09-22T22:27:25Z,2026-09-22T22:10:00Z,2.5833333333333335,1,0,,,,,0,1,,,,,0,1,,,,,0,1,,,,,0,1,3437.2105,254.74650000000003,204.605,372.545,2026-08-31T23:00:00Z,31650.0,1,,,,,2828.046,,,,,1,1,1,1,1,1,1,1,1,1,1,1,1,1,1,1,1,1,1,1,1,1,1,1,1,1,1,1,1,1,1,1,1,1,1,1,1,1,1,1,1,1,1,1,1,1,1,1,1,1,1,0,0,0,0,0,0,0,0,0,1,1,1,1,1,1,1,1,1,1,1,1,1,1,1,1,0,0,0,0,0,0,0,0,0,0,0,0,0,0,0,0,0,0,0,0,1,1,1,1,1,1,1,1,1,1,1,1,1,1,1,1,1,1,1,1,0,1,1,1,1
2026-09-22T22:30:00Z,2026-09-22T23:30:00Z,60,,,,0,1,,,,0,1,,,,0,1,,,,0,1,,,,0,1,,,,0,1,,,,0,1,,,,0,1,,,,0,1,,,,0,1,,,,0,1,,,,0,1,,,,0,1,,,,0,1,,,,0,1,,,,0,1,,,,0,1,939.5805,2026-09-22T22:20:00Z,10.0,1,0,3336.535,2026-09-22T22:20:00Z,10.0,1,0,4276.1155,2026-09-22T22:20:00Z,10.0,1,0,,,,0,1,,,,0,1,,,,0,1,,,,0,1,,,,,0,1,15.037,2026-09-22T22:27:25Z,2026-09-22T22:10:00Z,2.5833333333333335,1,0,142.0,2026-09-22T22:27:25Z,2026-09-22T22:10:00Z,2.5833333333333335,1,0,8214.799,2026-09-22T22:27:25Z,2026-09-22T22:10:00Z,2.5833333333333335,1,0,3327.562,2026-09-22T22:27:25Z,2026-09-22T22:10:00Z,2.5833333333333335,1,0,499.516,2026-09-22T22:27:25Z,2026-09-22T22:10:00Z,2.5833333333333335,1,0,,,,,0,1,,,,,0,1,,,,,0,1,,,,,0,1,3437.2105,254.74650000000003,204.605,372.545,2026-08-31T23:00:00Z,31650.0,1,,,,,2828.046,,,,,1,1,1,1,1,1,1,1,1,1,1,1,1,1,1,1,1,1,1,1,1,1,1,1,1,1,1,1,1,1,1,1,1,1,1,1,1,1,1,1,1,1,1,1,1,1,1,1,1,1,1,0,0,0,0,0,0,0,0,0,1,1,1,1,1,1,1,1,1,1,1,1,1,1,1,1,0,0,0,0,0,0,0,0,0,0,0,0,0,0,0,0,0,0,0,0,1,1,1,1,1,1,1,1,1,1,1,1,1,1,1,1,1,1,1,1,0,1,1,1,1
2026-09-22T23:00:00Z,2026-09-22T23:30:00Z,30,,,,0,1,,,,0,1,,,,0,1,,,,0,1,,,,0,1,,,,0,1,,,,0,1,,,,0,1,,,,0,1,,,,0,1,,,,0,1,,,,0,1,,,,0,1,,,,0,1,,,,0,1,,,,0,1,,,,0,1,939.5805,2026-09-22T22:50:00Z,10.0,1,0,3337.979,2026-09-22T22:50:00Z,10.0,1,0,4277.5595,2026-09-22T22:50:00Z,10.0,1,0,,,,0,1,,,,0,1,,,,0,1,,,,0,1,,,,,0,1,-1.077,2026-09-22T22:57:30Z,2026-09-22T22:40:00Z,2.5,1,0,157.94,2026-09-22T22:57:30Z,2026-09-22T22:40:00Z,2.5,1,0,8175.488,2026-09-22T22:57:30Z,2026-09-22T22:40:00Z,2.5,1,0,3696.295,2026-09-22T22:57:30Z,2026-09-22T22:40:00Z,2.5,1,0,499.516,2026-09-22T22:57:30Z,2026-09-22T22:40:00Z,2.5,1,0,,,,,0,1,,,,,0,1,,,,,0,1,,,,,0,1,3437.2105,254.74650000000003,204.605,372.545,2026-08-31T23:00:00Z,31680.0,1,,,,,3196.779,,,,,1,1,1,1,1,1,1,1,1,1,1,1,1,1,1,1,1,1,1,1,1,1,1,1,1,1,1,1,1,1,1,1,1,1,1,1,1,1,1,1,1,1,1,1,1,1,1,1,1,1,1,0,0,0,0,0,0,0,0,0,1,1,1,1,1,1,1,1,1,1,1,1,1,1,1,1,0,0,0,0,0,0,0,0,0,0,0,0,0,0,0,0,0,0,0,0,1,1,1,1,1,1,1,1,1,1,1,1,1,1,1,1,1,1,1,1,0,1,1,1,1
2026-09-22T23:00:00Z,2026-09-23T00:00:00Z,60,,,,0,1,,,,0,1,,,,0,1,,,,0,1,,,,0,1,,,,0,1,,,,0,1,,,,0,1,,,,0,1,,,,0,1,,,,0,1,,,,0,1,,,,0,1,,,,0,1,,,,0,1,,,,0,1,,,,0,1,939.5160000000001,2026-09-22T22:50:00Z,10.0,1,0,3250.3485,2026-09-22T22:50:00Z,10.0,1,0,4189.8645,2026-09-22T22:50:00Z,10.0,1,0,,,,0,1,,,,0,1,,,,0,1,,,,0,1,,,,,0,1,-1.077,2026-09-22T22:57:30Z,2026-09-22T22:40:00Z,2.5,1,0,157.94,2026-09-22T22:57:30Z,2026-09-22T22:40:00Z,2.5,1,0,8175.488,2026-09-22T22:57:30Z,2026-09-22T22:40:00Z,2.5,1,0,3696.295,2026-09-22T22:57:30Z,2026-09-22T22:40:00Z,2.5,1,0,499.516,2026-09-22T22:57:30Z,2026-09-22T22:40:00Z,2.5,1,0,,,,,0,1,,,,,0,1,,,,,0,1,,,,,0,1,3437.2105,254.74650000000003,204.605,372.545,2026-08-31T23:00:00Z,31680.0,1,,,,,3196.779,,,,,1,1,1,1,1,1,1,1,1,1,1,1,1,1,1,1,1,1,1,1,1,1,1,1,1,1,1,1,1,1,1,1,1,1,1,1,1,1,1,1,1,1,1,1,1,1,1,1,1,1,1,0,0,0,0,0,0,0,0,0,1,1,1,1,1,1,1,1,1,1,1,1,1,1,1,1,0,0,0,0,0,0,0,0,0,0,0,0,0,0,0,0,0,0,0,0,1,1,1,1,1,1,1,1,1,1,1,1,1,1,1,1,1,1,1,1,0,1,1,1,1
2026-09-22T23:30:00Z,2026-09-23T00:00:00Z,30,,,,0,1,,,,0,1,4175.0,2026-09-22T23:20:10Z,9.833333333333334,1,0,633.0,2026-09-22T23:20:10Z,9.833333333333334,1,0,3542.0,2026-09-22T23:20:10Z,9.833333333333334,1,0,-41.88,2026-09-22T23:00:30Z,29.5,1,0,963.0,2026-09-22T23:00:30Z,29.5,1,0,437.54,2026-09-22T23:00:30Z,29.5,1,0,0.0,2026-09-22T23:00:30Z,29.5,1,0,2816.34,2026-09-22T23:00:30Z,29.5,1,0,4175.0,2026-09-22T23:00:30Z,29.5,1,0,,,,0,1,,,,0,1,,,,0,1,,,,0,1,,,,0,1,,,,0,1,939.5160000000001,2026-09-22T23:20:00Z,10.0,1,0,3234.304,2026-09-22T23:20:00Z,10.0,1,0,4173.82,2026-09-22T23:20:00Z,10.0,1,0,,,,0,1,,,,0,1,,,,0,1,,,,0,1,660.261,2026-09-22T23:00:31Z,,29.483333333333334,1,0,-14.587,2026-09-22T23:27:31Z,2026-09-22T23:10:00Z,2.4833333333333334,1,0,135.3,2026-09-22T23:27:31Z,2026-09-22T23:10:00Z,2.4833333333333334,1,0,8141.221,2026-09-22T23:27:31Z,2026-09-22T23:10:00Z,2.4833333333333334,1,0,3964.838,2026-09-22T23:27:31Z,2026-09-22T23:10:00Z,2.4833333333333334,1,0,499.516,2026-09-22T23:27:31Z,2026-09-22T23:10:00Z,2.4833333333333334,1,0,8.725,2026-09-22T23:00:02Z,2026-09-22T22:30:00Z,29.966666666666665,1,0,298.57,2026-09-22T23:00:02Z,2026-09-22T22:30:00Z,29.966666666666665,1,0,0.013,2026-09-22T23:00:32Z,,29.466666666666665,1,0,0.0,2026-09-22T23:00:32Z,,29.466666666666665,1,0,3437.2105,254.74650000000003,204.605,372.545,2026-08-31T23:00:00Z,31710.0,1,,,0.0,-41.88,3465.322,,,,,1,1,1,1,1,1,0,0,0,0,0,0,0,0,0,0,0,0,0,0,0,0,0,0,0,0,0,0,0,0,0,0,0,1,1,1,1,1,1,1,1,1,1,1,1,1,1,1,1,1,1,0,0,0,0,0,0,0,0,0,1,1,1,1,1,1,1,1,1,1,1,1,0,0,1,0,0,0,0,0,0,0,0,0,0,0,0,0,0,0,0,0,0,0,0,0,0,0,0,0,0,0,0,0,0,0,1,0,0,0,1,0,1,1,0,0,0,1,1,1,1
2026-09-22T23:30:00Z,2026-09-23T00:30:00Z,60,,,,0,1,,,,0,1,4134.0,2026-09-22T23:20:10Z,9.833333333333334,1,0,626.0,2026-09-22T23:20:10Z,9.833333333333334,1,0,3508.0,2026-09-22T23:20:10Z,9.833333333333334,1,0,-124.441,2026-09-22T23:00:30Z,29.5,1,0,963.0,2026-09-22T23:00:30Z,29.5,1,0,502.931,2026-09-22T23:00:30Z,29.5,1,0,0.0,2026-09-22T23:00:30Z,29.5,1,0,2792.51,2026-09-22T23:00:30Z,29.5,1,0,4134.0,2026-09-22T23:00:30Z,29.5,1,0,,,,0,1,,,,0,1,,,,0,1,,,,0,1,,,,0,1,,,,0,1,931.191,2026-09-22T23:20:00Z,10.0,1,0,3195.864,2026-09-22T23:20:00Z,10.0,1,0,4127.055,2026-09-22T23:20:00Z,10.0,1,0,,,,0,1,,,,0,1,,,,0,1,,,,0,1,660.261,2026-09-22T23:00:31Z,,29.483333333333334,1,0,-14.587,2026-09-22T23:27:31Z,2026-09-22T23:10:00Z,2.4833333333333334,1,0,135.3,2026-09-22T23:27:31Z,2026-09-22T23:10:00Z,2.4833333333333334,1,0,8141.221,2026-09-22T23:27:31Z,2026-09-22T23:10:00Z,2.4833333333333334,1,0,3964.838,2026-09-22T23:27:31Z,2026-09-22T23:10:00Z,2.4833333333333334,1,0,499.516,2026-09-22T23:27:31Z,2026-09-22T23:10:00Z,2.4833333333333334,1,0,8.725,2026-09-22T23:00:02Z,2026-09-22T22:30:00Z,29.966666666666665,1,0,298.57,2026-09-22T23:00:02Z,2026-09-22T22:30:00Z,29.966666666666665,1,0,0.013,2026-09-22T23:00:32Z,,29.466666666666665,1,0,0.0,2026-09-22T23:00:32Z,,29.466666666666665,1,0,3437.2105,254.74650000000003,204.605,372.545,2026-08-31T23:00:00Z,31710.0,1,,,0.0,-124.441,3465.322,,,,,1,1,1,1,1,1,0,0,0,0,0,0,0,0,0,0,0,0,0,0,0,0,0,0,0,0,0,0,0,0,0,0,0,1,1,1,1,1,1,1,1,1,1,1,1,1,1,1,1,1,1,0,0,0,0,0,0,0,0,0,1,1,1,1,1,1,1,1,1,1,1,1,0,0,1,0,0,0,0,0,0,0,0,0,0,0,0,0,0,0,0,0,0,0,0,0,0,0,0,0,0,0,0,0,0,0,1,0,0,0,1,0,1,1,0,0,0,1,1,1,1
2026-09-23T00:00:00Z,2026-09-23T00:30:00Z,30,,,,0,1,,,,0,1,4134.0,2026-09-22T23:50:10Z,9.833333333333334,1,0,626.0,2026-09-22T23:50:10Z,9.833333333333334,1,0,3508.0,2026-09-22T23:50:10Z,9.833333333333334,1,0,-124.441,2026-09-22T23:00:30Z,59.5,1,0,963.0,2026-09-22T23:00:30Z,59.5,1,0,502.931,2026-09-22T23:00:30Z,59.5,1,0,0.0,2026-09-22T23:00:30Z,59.5,1,0,2792.51,2026-09-22T23:00:30Z,59.5,1,0,4134.0,2026-09-22T23:00:30Z,59.5,1,0,,,,0,1,,,,0,1,,,,0,1,,,,0,1,,,,0,1,,,,0,1,931.191,2026-09-22T23:50:00Z,10.0,1,0,3175.479,2026-09-22T23:50:00Z,10.0,1,0,4106.67,2026-09-22T23:50:00Z,10.0,1,0,,,,0,1,,,,0,1,,,,0,1,,,,0,1,660.261,2026-09-22T23:00:31Z,,59.483333333333334,1,0,-7.895,2026-09-22T23:57:26Z,2026-09-22T23:40:00Z,2.566666666666667,1,0,146.99,2026-09-22T23:57:26Z,2026-09-22T23:40:00Z,2.566666666666667,1,0,8131.202,2026-09-22T23:57:26Z,2026-09-22T23:40:00Z,2.566666666666667,1,0,3844.74,2026-09-22T23:57:26Z,2026-09-22T23:40:00Z,2.566666666666667,1,0,499.516,2026-09-22T23:57:26Z,2026-09-22T23:40:00Z,2.566666666666667,1,0,-6.694,2026-09-22T23:30:03Z,2026-09-22T23:00:00Z,29.95,1,0,141.39,2026-09-22T23:30:03Z,2026-09-22T23:00:00Z,29.95,1,0,0.013,2026-09-22T23:00:32Z,,59.46666666666667,1,0,0.0,2026-09-22T23:00:32Z,,59.46666666666667,1,0,3437.2105,254.74650000000003,204.605,372.545,2026-08-31T23:00:00Z,31740.0,1,,,0.0,-124.441,3345.2239999999997,,,,,1,1,1,1,1,1,0,0,0,0,0,0,0,0,0,0,0,0,0,0,0,0,0,0,0,0,0,0,0,0,0,0,0,1,1,1,1,1,1,1,1,1,1,1,1,1,1,1,1,1,1,0,0,0,0,0,0,0,0,0,1,1,1,1,1,1,1,1,1,1,1,1,0,0,1,0,0,0,0,0,0,0,0,0,0,0,0,0,0,0,0,0,0,0,0,0,0,0,0,0,0,0,0,0,0,0,1,0,0,0,1,0,1,1,0,0,0,1,1,1,1
2026-09-23T00:00:00Z,2026-09-23T01:00:00Z,60,,,,0,1,,,,0,1,4093.0,2026-09-22T23:50:10Z,9.833333333333334,1,0,616.0,2026-09-22T23:50:10Z,9.833333333333334,1,0,3477.0,2026-09-22T23:50:10Z,9.833333333333334,1,0,-312.208,2026-09-22T23:00:30Z,59.5,1,0,1029.0,2026-09-22T23:00:30Z,59.5,1,0,587.048,2026-09-22T23:00:30Z,59.5,1,0,0.0,2026-09-22T23:00:30Z,59.5,1,0,2789.16,2026-09-22T23:00:30Z,59.5,1,0,4093.0,2026-09-22T23:00:30Z,59.5,1,0,,,,0,1,,,,0,1,,,,0,1,,,,0,1,,,,0,1,,,,0,1,1026.7315,2026-09-22T23:50:00Z,10.0,1,0,3069.1135,2026-09-22T23:50:00Z,10.0,1,0,4095.845,2026-09-22T23:50:00Z,10.0,1,0,,,,0,1,,,,0,1,,,,0,1,,,,0,1,660.261,2026-09-22T23:00:31Z,,59.483333333333334,1,0,-7.895,2026-09-22T23:57:26Z,2026-09-22T23:40:00Z,2.566666666666667,1,0,146.99,2026-09-22T23:57:26Z,2026-09-22T23:40:00Z,2.566666666666667,1,0,8131.202,2026-09-22T23:57:26Z,2026-09-22T23:40:00Z,2.566666666666667,1,0,3844.74,2026-09-22T23:57:26Z,2026-09-22T23:40:00Z,2.566666666666667,1,0,499.516,2026-09-22T23:57:26Z,2026-09-22T23:40:00Z,2.566666666666667,1,0,-6.694,2026-09-22T23:30:03Z,2026-09-22T23:00:00Z,29.95,1,0,141.39,2026-09-22T23:30:03Z,2026-09-22T23:00:00Z,29.95,1,0,0.013,2026-09-22T23:00:32Z,,59.46666666666667,1,0,0.0,2026-09-22T23:00:32Z,,59.46666666666667,1,0,3437.2105,254.74650000000003,204.605,372.545,2026-08-31T23:00:00Z,31740.0,1,,,2.8450000000002547,-312.208,3345.2239999999997,,,,,1,1,1,1,1,1,0,0,0,0,0,0,0,0,0,0,0,0,0,0,0,0,0,0,0,0,0,0,0,0,0,0,0,1,1,1,1,1,1,1,1,1,1,1,1,1,1,1,1,1,1,0,0,0,0,0,0,0,0,0,1,1,1,1,1,1,1,1,1,1,1,1,0,0,1,0,0,0,0,0,0,0,0,0,0,0,0,0,0,0,0,0,0,0,0,0,0,0,0,0,0,0,0,0,0,0,1,0,0,0,1,0,1,1,0,0,0,1,1,1,1
2026-09-23T00:30:00Z,2026-09-23T01:00:00Z,30,,,,0,1,,,,0,1,4093.0,2026-09-23T00:20:10Z,9.833333333333334,1,0,616.0,2026-09-23T00:20:10Z,9.833333333333334,1,0,3477.0,2026-09-23T00:20:10Z,9.833333333333334,1,0,-263.833,2026-09-23T00:00:35Z,29.416666666666668,1,0,1029.0,2026-09-23T00:00:35Z,29.416666666666668,1,0,534.823,2026-09-23T00:00:35Z,29.416666666666668,1,0,0.0,2026-09-23T00:00:35Z,29.416666666666668,1,0,2793.01,2026-09-23T00:00:35Z,29.416666666666668,1,0,4093.0,2026-09-23T00:00:35Z,29.416666666666668,1,0,,,,0,1,,,,0,1,,,,0,1,,,,0,1,,,,0,1,,,,0,1,1026.7315,2026-09-23T00:20:00Z,10.0,1,0,3057.9835,2026-09-23T00:20:00Z,10.0,1,0,4084.715,2026-09-23T00:20:00Z,10.0,1,0,382.4065,2026-09-23T00:13:42Z,16.3,1,0,382.4065,2026-09-23T00:13:40Z,16.333333333333332,1,0,61.662000000000006,2026-09-23T00:13:40Z,16.333333333333332,1,0,320.7445,2026-09-23T00:13:40Z,16.333333333333332,1,0,982.37,2026-09-23T00:00:36Z,,29.4,1,0,8.923,2026-09-23T00:27:41Z,2026-09-23T00:10:00Z,2.316666666666667,1,0,176.89,2026-09-23T00:27:41Z,2026-09-23T00:10:00Z,2.316666666666667,1,0,8247.619,2026-09-23T00:27:41Z,2026-09-23T00:10:00Z,2.316666666666667,1,0,4196.027,2026-09-23T00:27:41Z,2026-09-23T00:10:00Z,2.316666666666667,1,0,499.516,2026-09-23T00:27:41Z,2026-09-23T00:10:00Z,2.316666666666667,1,0,-10.667,2026-09-23T00:00:03Z,2026-09-22T23:30:00Z,29.95,1,0,140.26,2026-09-23T00:00:03Z,2026-09-22T23:30:00Z,29.95,1,0,0.013,2026-09-23T00:00:37Z,,29.383333333333333,1,0,0.0,2026-09-23T00:00:37Z,,29.383333333333333,1,0,3437.2105,254.74650000000003,204.605,372.545,2026-08-31T23:00:00Z,31770.0,1,,,0.0,-263.833,3696.511,,,,,1,1,1,1,1,1,0,0,0,0,0,0,0,0,0,0,0,0,0,0,0,0,0,0,0,0,0,0,0,0,0,0,0,1,1,1,1,1,1,1,1,1,1,1,1,1,1,1,1,1,1,0,0,0,0,0,0,0,0,0,0,0,0,0,0,0,0,0,0,0,0,0,0,0,1,0,0,0,0,0,0,0,0,0,0,0,0,0,0,0,0,0,0,0,0,0,0,0,0,0,0,0,0,0,0,0,1,0,0,0,1,0,1,1,0,0,0,1,1,1,1
2026-09-23T00:30:00Z,2026-09-23T01:30:00Z,60,,,,0,1,,,,0,1,4162.0,2026-09-23T00:20:10Z,9.833333333333334,1,0,631.0,2026-09-23T00:20:10Z,9.833333333333334,1,0,3531.0,2026-09-23T00:20:10Z,9.833333333333334,1,0,-217.013,2026-09-23T00:00:35Z,29.416666666666668,1,0,1011.0,2026-09-23T00:00:35Z,29.416666666666668,1,0,585.653,2026-09-23T00:00:35Z,29.416666666666668,1,0,0.0,2026-09-23T00:00:35Z,29.416666666666668,1,0,2782.36,2026-09-23T00:00:35Z,29.416666666666668,1,0,4162.0,2026-09-23T00:00:35Z,29.416666666666668,1,0,,,,0,1,,,,0,1,,,,0,1,,,,0,1,,,,0,1,,,,0,1,960.2295,2026-09-23T00:20:00Z,10.0,1,0,3166.0555,2026-09-23T00:20:00Z,10.0,1,0,4126.285,2026-09-23T00:20:00Z,10.0,1,0,428.052,2026-09-23T00:13:42Z,16.3,1,0,428.052,2026-09-23T00:13:40Z,16.333333333333332,1,0,52.4435,2026-09-23T00:13:40Z,16.333333333333332,1,0,375.6085,2026-09-23T00:13:40Z,16.333333333333332,1,0,982.37,2026-09-23T00:00:36Z,,29.4,1,0,8.923,2026-09-23T00:27:41Z,2026-09-23T00:10:00Z,2.316666666666667,1,0,176.89,2026-09-23T00:27:41Z,2026-09-23T00:10:00Z,2.316666666666667,1,0,8247.619,2026-09-23T00:27:41Z,2026-09-23T00:10:00Z,2.316666666666667,1,0,4196.027,2026-09-23T00:27:41Z,2026-09-23T00:10:00Z,2.316666666666667,1,0,499.516,2026-09-23T00:27:41Z,2026-09-23T00:10:00Z,2.316666666666667,1,0,-10.667,2026-09-23T00:00:03Z,2026-09-22T23:30:00Z,29.95,1,0,140.26,2026-09-23T00:00:03Z,2026-09-22T23:30:00Z,29.95,1,0,0.013,2026-09-23T00:00:37Z,,29.383333333333333,1,0,0.0,2026-09-23T00:00:37Z,,29.383333333333333,1,0,3437.2105,254.74650000000003,204.605,372.545,2026-08-31T23:00:00Z,31770.0,1,,,0.0,-217.013,3696.511,,,,,1,1,1,1,1,1,0,0,0,0,0,0,0,0,0,0,0,0,0,0,0,0,0,0,0,0,0,0,0,0,0,0,0,1,1,1,1,1,1,1,1,1,1,1,1,1,1,1,1,1,1,0,0,0,0,0,0,0,0,0,0,0,0,0,0,0,0,0,0,0,0,0,0,0,1,0,0,0,0,0,0,0,0,0,0,0,0,0,0,0,0,0,0,0,0,0,0,0,0,0,0,0,0,0,0,0,1,0,0,0,1,0,1,1,0,0,0,1,1,1,1
2026-09-23T01:00:00Z,2026-09-23T01:30:00Z,30,,,,0,1,,,,0,1,4162.0,2026-09-23T00:50:11Z,9.816666666666666,1,0,631.0,2026-09-23T00:50:11Z,9.816666666666666,1,0,3531.0,2026-09-23T00:50:11Z,9.816666666666666,1,0,-217.013,2026-09-23T00:00:35Z,59.416666666666664,1,0,1011.0,2026-09-23T00:00:35Z,59.416666666666664,1,0,585.653,2026-09-23T00:00:35Z,59.416666666666664,1,0,0.0,2026-09-23T00:00:35Z,59.416666666666664,1,0,2782.36,2026-09-23T00:00:35Z,59.416666666666664,1,0,4162.0,2026-09-23T00:00:35Z,59.416666666666664,1,0,,,,0,1,,,,0,1,,,,0,1,,,,0,1,,,,0,1,,,,0,1,872.0365,2026-09-23T00:50:00Z,10.0,1,0,3224.0785,2026-09-23T00:50:00Z,10.0,1,0,4096.115,2026-09-23T00:50:00Z,10.0,1,0,428.052,2026-09-23T00:13:42Z,46.3,1,0,428.052,2026-09-23T00:13:40Z,46.333333333333336,1,0,52.4435,2026-09-23T00:13:40Z,46.333333333333336,1,0,375.6085,2026-09-23T00:13:40Z,46.333333333333336,1,0,982.37,2026-09-23T00:00:36Z,,59.4,1,0,-6.702,2026-09-23T00:57:41Z,2026-09-23T00:40:00Z,2.316666666666667,1,0,151.2,2026-09-23T00:57:41Z,2026-09-23T00:40:00Z,2.316666666666667,1,0,8412.223,2026-09-23T00:57:41Z,2026-09-23T00:40:00Z,2.316666666666667,1,0,4443.815,2026-09-23T00:57:41Z,2026-09-23T00:40:00Z,2.316666666666667,1,0,499.516,2026-09-23T00:57:41Z,2026-09-23T00:40:00Z,2.316666666666667,1,0,-9.184,2026-09-23T00:30:04Z,2026-09-23T00:00:00Z,29.933333333333334,1,0,150.56,2026-09-23T00:30:04Z,2026-09-23T00:00:00Z,29.933333333333334,1,0,0.013,2026-09-23T00:00:37Z,,59.38333333333333,1,0,0.0,2026-09-23T00:00:37Z,,59.38333333333333,1,0,3437.2105,254.74650000000003,204.605,372.545,2026-08-31T23:00:00Z,31800.0,1,,,0.0,-217.013,3944.2989999999995,,,,,1,1,1,1,1,1,0,0,0,0,0,0,0,0,0,0,0,0,0,0,0,0,0,0,0,0,0,0,0,0,0,0,0,1,1,1,1,1,1,1,1,1,1,1,1,1,1,1,1,1,1,0,0,0,0,0,0,0,0,0,0,0,0,0,0,0,0,0,0,0,0,0,0,0,1,0,0,0,0,0,0,0,0,0,0,0,0,0,0,0,0,0,0,0,0,0,0,0,0,0,0,0,0,0,0,0,1,0,0,0,1,0,1,1,0,0,0,1,1,1,1
2026-09-23T01:00:00Z,2026-09-23T02:00:00Z,60,,,,0,1,,,,0,1,4116.0,2026-09-23T00:50:11Z,9.816666666666666,1,0,620.0,2026-09-23T00:50:11Z,9.816666666666666,1,0,3496.0,2026-09-23T00:50:11Z,9.816666666666666,1,0,-271.116,2026-09-23T00:00:35Z,59.416666666666664,1,0,963.0,2026-09-23T00:00:35Z,59.416666666666664,1,0,646.906,2026-09-23T00:00:35Z,59.416666666666664,1,0,0.0,2026-09-23T00:00:35Z,59.416666666666664,1,0,2777.21,2026-09-23T00:00:35Z,59.416666666666664,1,0,4116.0,2026-09-23T00:00:35Z,59.416666666666664,1,0,,,,0,1,,,,0,1,,,,0,1,,,,0,1,,,,0,1,,,,0,1,851.3230000000001,2026-09-23T00:50:00Z,10.0,1,0,3194.2565,2026-09-23T00:50:00Z,10.0,1,0,4045.5795,2026-09-23T00:50:00Z,10.0,1,0,483.33050000000003,2026-09-23T00:13:42Z,46.3,1,0,483.33050000000003,2026-09-23T00:13:40Z,46.333333333333336,1,0,46.8955,2026-09-23T00:13:40Z,46.333333333333336,1,0,436.435,2026-09-23T00:13:40Z,46.333333333333336,1,0,982.37,2026-09-23T00:00:36Z,,59.4,1,0,-6.702,2026-09-23T00:57:41Z,2026-09-23T00:40:00Z,2.316666666666667,1,0,151.2,2026-09-23T00:57:41Z,2026-09-23T00:40:00Z,2.316666666666667,1,0,8412.223,2026-09-23T00:57:41Z,2026-09-23T00:40:00Z,2.316666666666667,1,0,4443.815,2026-09-23T00:57:41Z,2026-09-23T00:40:00Z,2.316666666666667,1,0,499.516,2026-09-23T00:57:41Z,2026-09-23T00:40:00Z,2.316666666666667,1,0,-9.184,2026-09-23T00:30:04Z,2026-09-23T00:00:00Z,29.933333333333334,1,0,150.56,2026-09-23T00:30:04Z,2026-09-23T00:00:00Z,29.933333333333334,1,0,0.013,2026-09-23T00:00:37Z,,59.38333333333333,1,0,0.0,2026-09-23T00:00:37Z,,59.38333333333333,1,0,3437.2105,254.74650000000003,204.605,372.545,2026-08-31T23:00:00Z,31800.0,1,,,0.0,-271.116,3944.2989999999995,,,,,1,1,1,1,1,1,0,0,0,0,0,0,0,0,0,0,0,0,0,0,0,0,0,0,0,0,0,0,0,0,0,0,0,1,1,1,1,1,1,1,1,1,1,1,1,1,1,1,1,1,1,0,0,0,0,0,0,0,0,0,0,0,0,0,0,0,0,0,0,0,0,0,0,0,1,0,0,0,0,0,0,0,0,0,0,0,0,0,0,0,0,0,0,0,0,0,0,0,0,0,0,0,0,0,0,0,1,0,0,0,1,0,1,1,0,0,0,1,1,1,1
2026-09-23T01:30:00Z,2026-09-23T02:00:00Z,30,,,,0,1,,,,0,1,4116.0,2026-09-23T01:20:11Z,9.816666666666666,1,0,620.0,2026-09-23T01:20:11Z,9.816666666666666,1,0,3496.0,2026-09-23T01:20:11Z,9.816666666666666,1,0,-36.641,2026-09-23T01:00:35Z,29.416666666666668,1,0,873.0,2026-09-23T01:00:35Z,29.416666666666668,1,0,503.081,2026-09-23T01:00:35Z,29.416666666666668,1,0,0.0,2026-09-23T01:00:35Z,29.416666666666668,1,0,2776.56,2026-09-23T01:00:35Z,29.416666666666668,1,0,4116.0,2026-09-23T01:00:35Z,29.416666666666668,1,0,,,,0,1,,,,0,1,,,,0,1,,,,0,1,,,,0,1,,,,0,1,851.3230000000001,2026-09-23T01:20:00Z,10.0,1,0,3190.4719999999998,2026-09-23T01:20:00Z,10.0,1,0,4041.795,2026-09-23T01:20:00Z,10.0,1,0,483.33050000000003,2026-09-23T00:13:42Z,76.3,1,0,483.33050000000003,2026-09-23T00:13:40Z,76.33333333333333,1,0,46.8955,2026-09-23T00:13:40Z,76.33333333333333,1,0,436.435,2026-09-23T00:13:40Z,76.33333333333333,1,0,2688.369,2026-09-23T01:00:36Z,,29.4,1,0,-13.259,2026-09-23T01:27:35Z,2026-09-23T01:10:00Z,2.4166666666666665,1,0,154.01,2026-09-23T01:27:35Z,2026-09-23T01:10:00Z,2.4166666666666665,1,0,8435.233,2026-09-23T01:27:35Z,2026-09-23T01:10:00Z,2.4166666666666665,1,0,4613.366,2026-09-23T01:27:35Z,2026-09-23T01:10:00Z,2.4166666666666665,1,0,499.516,2026-09-23T01:27:35Z,2026-09-23T01:10:00Z,2.4166666666666665,1,0,7.402,2026-09-23T01:00:02Z,2026-09-23T00:30:00Z,29.966666666666665,1,0,179.62,2026-09-23T01:00:02Z,2026-09-23T00:30:00Z,29.966666666666665,1,0,0.018,2026-09-23T01:00:37Z,,29.383333333333333,1,0,0.0,2026-09-23T01:00:37Z,,29.383333333333333,1,0,3437.2105,254.74650000000003,204.605,372.545,2026-08-31T23:00:00Z,31830.0,1,,,0.0,-36.641,4113.85,,,,,1,1,1,1,1,1,0,0,0,0,0,0,0,0,0,0,0,0,0,0,0,0,0,0,0,0,0,0,0,0,0,0,0,1,1,1,1,1,1,1,1,1,1,1,1,1,1,1,1,1,1,0,0,0,0,0,0,0,0,0,0,0,0,0,0,0,0,0,0,0,0,0,0,0,1,0,0,0,0,0,0,0,0,0,0,0,0,0,0,0,0,0,0,0,0,0,0,0,0,0,0,0,0,0,0,0,1,0,0,0,1,0,1,1,0,0,0,1,1,1,1
2026-09-23T01:30:00Z,2026-09-23T02:30:00Z,60,,,,0,1,,,,0,1,4092.0,2026-09-23T01:20:11Z,9.816666666666666,1,0,616.0,2026-09-23T01:20:11Z,9.816666666666666,1,0,3476.0,2026-09-23T01:20:11Z,9.816666666666666,1,0,-63.771,2026-09-23T01:00:35Z,29.416666666666668,1,0,873.0,2026-09-23T01:00:35Z,29.416666666666668,1,0,557.381,2026-09-23T01:00:35Z,29.416666666666668,1,0,0.0,2026-09-23T01:00:35Z,29.416666666666668,1,0,2725.39,2026-09-23T01:00:35Z,29.416666666666668,1,0,4092.0,2026-09-23T01:00:35Z,29.416666666666668,1,0,,,,0,1,,,,0,1,,,,0,1,,,,0,1,,,,0,1,,,,0,1,834.1590000000001,2026-09-23T01:20:00Z,10.0,1,0,3181.4305,2026-09-23T01:20:00Z,10.0,1,0,4015.5895,2026-09-23T01:20:00Z,10.0,1,0,567.5805,2026-09-23T00:13:42Z,76.3,1,0,567.5805,2026-09-23T00:13:40Z,76.33333333333333,1,0,52.3945,2026-09-23T00:13:40Z,76.33333333333333,1,0,515.1859999999999,2026-09-23T00:13:40Z,76.33333333333333,1,0,2688.369,2026-09-23T01:00:36Z,,29.4,1,0,-13.259,2026-09-23T01:27:35Z,2026-09-23T01:10:00Z,2.4166666666666665,1,0,154.01,2026-09-23T01:27:35Z,2026-09-23T01:10:00Z,2.4166666666666665,1,0,8435.233,2026-09-23T01:27:35Z,2026-09-23T01:10:00Z,2.4166666666666665,1,0,4613.366,2026-09-23T01:27:35Z,2026-09-23T01:10:00Z,2.4166666666666665,1,0,499.516,2026-09-23T01:27:35Z,2026-09-23T01:10:00Z,2.4166666666666665,1,0,7.402,2026-09-23T01:00:02Z,2026-09-23T00:30:00Z,29.966666666666665,1,0,179.62,2026-09-23T01:00:02Z,2026-09-23T00:30:00Z,29.966666666666665,1,0,0.018,2026-09-23T01:00:37Z,,29.383333333333333,1,0,0.0,2026-09-23T01:00:37Z,,29.383333333333333,1,0,3437.2105,254.74650000000003,204.605,372.545,2026-08-31T23:00:00Z,31830.0,1,,,0.0,-63.771,4113.85,,,,,1,1,1,1,1,1,0,0,0,0,0,0,0,0,0,0,0,0,0,0,0,0,0,0,0,0,0,0,0,0,0,0,0,1,1,1,1,1,1,1,1,1,1,1,1,1,1,1,1,1,1,0,0,0,0,0,0,0,0,0,0,0,0,0,0,0,0,0,0,0,0,0,0,0,1,0,0,0,0,0,0,0,0,0,0,0,0,0,0,0,0,0,0,0,0,0,0,0,0,0,0,0,0,0,0,0,1,0,0,0,1,0,1,1,0,0,0,1,1,1,1
2026-09-23T02:00:00Z,2026-09-23T02:30:00Z,30,,,,0,1,,,,0,1,4092.0,2026-09-23T01:50:11Z,9.816666666666666,1,0,616.0,2026-09-23T01:50:11Z,9.816666666666666,1,0,3476.0,2026-09-23T01:50:11Z,9.816666666666666,1,0,-63.771,2026-09-23T01:00:35Z,59.416666666666664,1,0,873.0,2026-09-23T01:00:35Z,59.416666666666664,1,0,557.381,2026-09-23T01:00:35Z,59.416666666666664,1,0,0.0,2026-09-23T01:00:35Z,59.416666666666664,1,0,2725.39,2026-09-23T01:00:35Z,59.416666666666664,1,0,4092.0,2026-09-23T01:00:35Z,59.416666666666664,1,0,,,,0,1,,,,0,1,,,,0,1,,,,0,1,,,,0,1,,,,0,1,834.1590000000001,2026-09-23T01:50:00Z,10.0,1,0,3264.386,2026-09-23T01:50:00Z,10.0,1,0,4098.545,2026-09-23T01:50:00Z,10.0,1,0,567.5805,2026-09-23T00:13:42Z,106.3,1,0,567.5805,2026-09-23T00:13:40Z,106.33333333333333,1,0,52.3945,2026-09-23T00:13:40Z,106.33333333333333,1,0,515.1859999999999,2026-09-23T00:13:40Z,106.33333333333333,1,0,2688.369,2026-09-23T01:00:36Z,,59.4,1,0,-13.043,2026-09-23T01:57:40Z,2026-09-23T01:40:00Z,2.3333333333333335,1,0,134.0,2026-09-23T01:57:40Z,2026-09-23T01:40:00Z,2.3333333333333335,1,0,8517.375,2026-09-23T01:57:40Z,2026-09-23T01:40:00Z,2.3333333333333335,1,0,4715.459,2026-09-23T01:57:40Z,2026-09-23T01:40:00Z,2.3333333333333335,1,0,499.516,2026-09-23T01:57:40Z,2026-09-23T01:40:00Z,2.3333333333333335,1,0,-15.288,2026-09-23T01:30:03Z,2026-09-23T01:00:00Z,29.95,1,0,140.1,2026-09-23T01:30:03Z,2026-09-23T01:00:00Z,29.95,1,0,0.018,2026-09-23T01:00:37Z,,59.38333333333333,1,0,0.0,2026-09-23T01:00:37Z,,59.38333333333333,1,0,3437.2105,254.74650000000003,204.605,372.545,2026-08-31T23:00:00Z,31860.0,1,,,6.545000000000073,-63.771,4215.943,,,,,1,1,1,1,1,1,0,0,0,0,0,0,0,0,0,0,0,0,0,0,0,0,0,0,0,0,0,0,0,0,0,0,0,1,1,1,1,1,1,1,1,1,1,1,1,1,1,1,1,1,1,0,0,0,0,0,0,0,0,0,0,0,0,0,0,0,0,0,0,0,0,0,0,0,1,0,0,0,0,0,0,0,0,0,0,0,0,0,0,0,0,0,0,0,0,0,0,0,0,0,0,0,0,0,0,0,1,0,0,0,1,0,1,1,0,0,0,1,1,1,1
2026-09-23T02:00:00Z,2026-09-23T03:00:00Z,60,,,,0,1,,,,0,1,4070.0,2026-09-23T01:50:11Z,9.816666666666666,1,0,610.0,2026-09-23T01:50:11Z,9.816666666666666,1,0,3460.0,2026-09-23T01:50:11Z,9.816666666666666,1,0,-11.294,2026-09-23T01:00:35Z,59.416666666666664,1,0,780.0,2026-09-23T01:00:35Z,59.416666666666664,1,0,633.485,2026-09-23T01:00:35Z,59.416666666666664,1,0,0.0,2026-09-23T01:00:35Z,59.416666666666664,1,0,2667.81,2026-09-23T01:00:35Z,59.416666666666664,1,0,4070.0,2026-09-23T01:00:35Z,59.416666666666664,1,0,,,,0,1,,,,0,1,,,,0,1,,,,0,1,,,,0,1,,,,0,1,730.6015,2026-09-23T01:50:00Z,10.0,1,0,3342.8835,2026-09-23T01:50:00Z,10.0,1,0,4073.485,2026-09-23T01:50:00Z,10.0,1,0,638.6155,2026-09-23T00:13:42Z,106.3,1,0,638.6155,2026-09-23T00:13:40Z,106.33333333333333,1,0,59.87,2026-09-23T00:13:40Z,106.33333333333333,1,0,578.7455,2026-09-23T00:13:40Z,106.33333333333333,1,0,2688.369,2026-09-23T01:00:36Z,,59.4,1,0,-13.043,2026-09-23T01:57:40Z,2026-09-23T01:40:00Z,2.3333333333333335,1,0,134.0,2026-09-23T01:57:40Z,2026-09-23T01:40:00Z,2.3333333333333335,1,0,8517.375,2026-09-23T01:57:40Z,2026-09-23T01:40:00Z,2.3333333333333335,1,0,4715.459,2026-09-23T01:57:40Z,2026-09-23T01:40:00Z,2.3333333333333335,1,0,499.516,2026-09-23T01:57:40Z,2026-09-23T01:40:00Z,2.3333333333333335,1,0,-15.288,2026-09-23T01:30:03Z,2026-09-23T01:00:00Z,29.95,1,0,140.1,2026-09-23T01:30:03Z,2026-09-23T01:00:00Z,29.95,1,0,0.018,2026-09-23T01:00:37Z,,59.38333333333333,1,0,0.0,2026-09-23T01:00:37Z,,59.38333333333333,1,0,3437.2105,254.74650000000003,204.605,372.545,2026-08-31T23:00:00Z,31860.0,1,,,3.4849999999996726,-11.294,4215.943,,,,,1,1,1,1,1,1,0,0,0,0,0,0,0,0,0,0,0,0,0,0,0,0,0,0,0,0,0,0,0,0,0,0,0,1,1,1,1,1,1,1,1,1,1,1,1,1,1,1,1,1,1,0,0,0,0,0,0,0,0,0,0,0,0,0,0,0,0,0,0,0,0,0,0,0,1,0,0,0,0,0,0,0,0,0,0,0,0,0,0,0,0,0,0,0,0,0,0,0,0,0,0,0,0,0,0,0,1,0,0,0,1,0,1,1,0,0,0,1,1,1,1
2026-09-23T02:30:00Z,2026-09-23T03:00:00Z,30,,,,0,1,,,,0,1,4070.0,2026-09-23T02:20:16Z,9.733333333333333,1,0,610.0,2026-09-23T02:20:16Z,9.733333333333333,1,0,3460.0,2026-09-23T02:20:16Z,9.733333333333333,1,0,-56.777,2026-09-23T02:00:31Z,29.483333333333334,1,0,780.0,2026-09-23T02:00:31Z,29.483333333333334,1,0,672.417,2026-09-23T02:00:31Z,29.483333333333334,1,0,0.0,2026-09-23T02:00:31Z,29.483333333333334,1,0,2674.36,2026-09-23T02:00:31Z,29.483333333333334,1,0,4070.0,2026-09-23T02:00:31Z,29.483333333333334,1,0,,,,0,1,,,,0,1,,,,0,1,,,,0,1,,,,0,1,,,,0,1,730.6015,2026-09-23T02:20:00Z,10.0,1,0,3313.2185,2026-09-23T02:20:00Z,10.0,1,0,4043.8199999999997,2026-09-23T02:20:00Z,10.0,1,0,638.6155,2026-09-23T00:13:42Z,136.3,1,0,638.6155,2026-09-23T00:13:40Z,136.33333333333334,1,0,59.87,2026-09-23T00:13:40Z,136.33333333333334,1,0,578.7455,2026-09-23T00:13:40Z,136.33333333333334,1,0,2682.743,2026-09-23T02:00:32Z,,29.466666666666665,1,0,-15.295,2026-09-23T02:27:25Z,2026-09-23T02:10:00Z,2.5833333333333335,1,0,151.52,2026-09-23T02:27:25Z,2026-09-23T02:10:00Z,2.5833333333333335,1,0,8606.156,2026-09-23T02:27:25Z,2026-09-23T02:10:00Z,2.5833333333333335,1,0,4920.009,2026-09-23T02:27:25Z,2026-09-23T02:10:00Z,2.5833333333333335,1,0,499.516,2026-09-23T02:27:25Z,2026-09-23T02:10:00Z,2.5833333333333335,1,0,-14.687,2026-09-23T02:00:04Z,2026-09-23T01:30:00Z,29.933333333333334,1,0,138.8,2026-09-23T02:00:04Z,2026-09-23T01:30:00Z,29.933333333333334,1,0,0.019,2026-09-23T02:00:32Z,,29.466666666666665,1,0,0.0,2026-09-23T02:00:32Z,,29.466666666666665,1,0,3437.2105,254.74650000000003,204.605,372.545,2026-08-31T23:00:00Z,31890.0,1,,,0.0,-56.777,4420.493,,,,,1,1,1,1,1,1,0,0,0,0,0,0,0,0,0,0,0,0,0,0,0,0,0,0,0,0,0,0,0,0,0,0,0,1,1,1,1,1,1,1,1,1,1,1,1,1,1,1,1,1,1,0,0,0,0,0,0,0,0,0,0,0,0,0,0,0,0,0,0,0,0,0,0,0,1,0,0,0,0,0,0,0,0,0,0,0,0,0,0,0,0,0,0,0,0,0,0,0,0,0,0,0,0,0,0,0,1,0,0,0,1,0,1,1,0,0,0,1,1,1,1
2026-09-23T02:30:00Z,2026-09-23T03:30:00Z,60,,,,0,1,,,,0,1,4061.0,2026-09-23T02:20:16Z,9.733333333333333,1,0,611.0,2026-09-23T02:20:16Z,9.733333333333333,1,0,3450.0,2026-09-23T02:20:16Z,9.733333333333333,1,0,-24.667,2026-09-23T02:00:31Z,29.483333333333334,1,0,673.0,2026-09-23T02:00:31Z,29.483333333333334,1,0,680.907,2026-09-23T02:00:31Z,29.483333333333334,1,0,0.0,2026-09-23T02:00:31Z,29.483333333333334,1,0,2731.76,2026-09-23T02:00:31Z,29.483333333333334,1,0,4061.0,2026-09-23T02:00:31Z,29.483333333333334,1,0,,,,0,1,,,,0,1,,,,0,1,,,,0,1,,,,0,1,,,,0,1,629.354,2026-09-23T02:20:00Z,10.0,1,0,3406.726,2026-09-23T02:20:00Z,10.0,1,0,4036.08,2026-09-23T02:20:00Z,10.0,1,0,670.0350000000001,2026-09-23T00:13:42Z,136.3,1,0,670.0350000000001,2026-09-23T00:13:40Z,136.33333333333334,1,0,73.2775,2026-09-23T00:13:40Z,136.33333333333334,1,0,596.7574999999999,2026-09-23T00:13:40Z,136.33333333333334,1,0,2682.743,2026-09-23T02:00:32Z,,29.466666666666665,1,0,-15.295,2026-09-23T02:27:25Z,2026-09-23T02:10:00Z,2.5833333333333335,1,0,151.52,2026-09-23T02:27:25Z,2026-09-23T02:10:00Z,2.5833333333333335,1,0,8606.156,2026-09-23T02:27:25Z,2026-09-23T02:10:00Z,2.5833333333333335,1,0,4920.009,2026-09-23T02:27:25Z,2026-09-23T02:10:00Z,2.5833333333333335,1,0,499.516,2026-09-23T02:27:25Z,2026-09-23T02:10:00Z,2.5833333333333335,1,0,-14.687,2026-09-23T02:00:04Z,2026-09-23T01:30:00Z,29.933333333333334,1,0,138.8,2026-09-23T02:00:04Z,2026-09-23T01:30:00Z,29.933333333333334,1,0,0.019,2026-09-23T02:00:32Z,,29.466666666666665,1,0,0.0,2026-09-23T02:00:32Z,,29.466666666666665,1,0,3437.2105,254.74650000000003,204.605,372.545,2026-08-31T23:00:00Z,31890.0,1,,,0.0,-24.667,4420.493,,,,,1,1,1,1,1,1,0,0,0,0,0,0,0,0,0,0,0,0,0,0,0,0,0,0,0,0,0,0,0,0,0,0,0,1,1,1,1,1,1,1,1,1,1,1,1,1,1,1,1,1,1,0,0,0,0,0,0,0,0,0,0,0,0,0,0,0,0,0,0,0,0,0,0,0,1,0,0,0,0,0,0,0,0,0,0,0,0,0,0,0,0,0,0,0,0,0,0,0,0,0,0,0,0,0,0,0,1,0,0,0,1,0,1,1,0,0,0,1,1,1,1
2026-09-23T03:00:00Z,2026-09-23T03:30:00Z,30,,,,0,1,,,,0,1,4061.0,2026-09-23T02:50:11Z,9.816666666666666,1,0,611.0,2026-09-23T02:50:11Z,9.816666666666666,1,0,3450.0,2026-09-23T02:50:11Z,9.816666666666666,1,0,-24.667,2026-09-23T02:00:31Z,59.483333333333334,1,0,673.0,2026-09-23T02:00:31Z,59.483333333333334,1,0,680.907,2026-09-23T02:00:31Z,59.483333333333334,1,0,0.0,2026-09-23T02:00:31Z,59.483333333333334,1,0,2731.76,2026-09-23T02:00:31Z,59.483333333333334,1,0,4061.0,2026-09-23T02:00:31Z,59.483333333333334,1,0,,,,0,1,,,,0,1,,,,0,1,,,,0,1,,,,0,1,,,,0,1,629.354,2026-09-23T02:50:00Z,10.0,1,0,3378.2155,2026-09-23T02:50:00Z,10.0,1,0,4007.5695,2026-09-23T02:50:00Z,10.0,1,0,670.0350000000001,2026-09-23T00:13:42Z,166.3,1,0,670.0350000000001,2026-09-23T00:13:40Z,166.33333333333334,1,0,73.2775,2026-09-23T00:13:40Z,166.33333333333334,1,0,596.7574999999999,2026-09-23T00:13:40Z,166.33333333333334,1,0,2682.743,2026-09-23T02:00:32Z,,59.46666666666667,1,0,-17.839,2026-09-23T02:57:20Z,2026-09-23T02:40:00Z,2.6666666666666665,1,0,140.5,2026-09-23T02:57:20Z,2026-09-23T02:40:00Z,2.6666666666666665,1,0,8678.452,2026-09-23T02:57:20Z,2026-09-23T02:40:00Z,2.6666666666666665,1,0,5175.067,2026-09-23T02:57:20Z,2026-09-23T02:40:00Z,2.6666666666666665,1,0,499.516,2026-09-23T02:57:20Z,2026-09-23T02:40:00Z,2.6666666666666665,1,0,-13.186,2026-09-23T02:30:04Z,2026-09-23T02:00:00Z,29.933333333333334,1,0,146.94,2026-09-23T02:30:04Z,2026-09-23T02:00:00Z,29.933333333333334,1,0,0.019,2026-09-23T02:00:32Z,,59.46666666666667,1,0,0.0,2026-09-23T02:00:32Z,,59.46666666666667,1,0,3437.2105,254.74650000000003,204.605,372.545,2026-08-31T23:00:00Z,31920.0,1,,,0.0,-24.667,4675.551,,,,,1,1,1,1,1,1,0,0,0,0,0,0,0,0,0,0,0,0,0,0,0,0,0,0,0,0,0,0,0,0,0,0,0,1,1,1,1,1,1,1,1,1,1,1,1,1,1,1,1,1,1,0,0,0,0,0,0,0,0,0,0,0,0,0,0,0,0,0,0,0,0,0,0,0,1,0,0,0,0,0,0,0,0,0,0,0,0,0,0,0,0,0,0,0,0,0,0,0,0,0,0,0,0,0,0,0,1,0,0,0,1,0,1,1,0,0,0,1,1,1,1
2026-09-23T03:00:00Z,2026-09-23T04:00:00Z,60,,,,0,1,,,,0,1,4075.0,2026-09-23T02:50:11Z,9.816666666666666,1,0,616.0,2026-09-23T02:50:11Z,9.816666666666666,1,0,3459.0,2026-09-23T02:50:11Z,9.816666666666666,1,0,95.995,2026-09-23T02:00:31Z,59.483333333333334,1,0,475.0,2026-09-23T02:00:31Z,59.483333333333334,1,0,696.995,2026-09-23T02:00:31Z,59.483333333333334,1,0,0.0,2026-09-23T02:00:31Z,59.483333333333334,1,0,2807.01,2026-09-23T02:00:31Z,59.483333333333334,1,0,4075.0,2026-09-23T02:00:31Z,59.483333333333334,1,0,,,,0,1,,,,0,1,,,,0,1,,,,0,1,,,,0,1,,,,0,1,410.5945,2026-09-23T02:50:00Z,10.0,1,0,3622.3805,2026-09-23T02:50:00Z,10.0,1,0,4032.975,2026-09-23T02:50:00Z,10.0,1,0,698.403,2026-09-23T00:13:42Z,166.3,1,0,698.403,2026-09-23T00:13:40Z,166.33333333333334,1,0,85.42500000000001,2026-09-23T00:13:40Z,166.33333333333334,1,0,612.9780000000001,2026-09-23T00:13:40Z,166.33333333333334,1,0,2682.743,2026-09-23T02:00:32Z,,59.46666666666667,1,0,-17.839,2026-09-23T02:57:20Z,2026-09-23T02:40:00Z,2.6666666666666665,1,0,140.5,2026-09-23T02:57:20Z,2026-09-23T02:40:00Z,2.6666666666666665,1,0,8678.452,2026-09-23T02:57:20Z,2026-09-23T02:40:00Z,2.6666666666666665,1,0,5175.067,2026-09-23T02:57:20Z,2026-09-23T02:40:00Z,2.6666666666666665,1,0,499.516,2026-09-23T02:57:20Z,2026-09-23T02:40:00Z,2.6666666666666665,1,0,-13.186,2026-09-23T02:30:04Z,2026-09-23T02:00:00Z,29.933333333333334,1,0,146.94,2026-09-23T02:30:04Z,2026-09-23T02:00:00Z,29.933333333333334,1,0,0.019,2026-09-23T02:00:32Z,,59.46666666666667,1,0,0.0,2026-09-23T02:00:32Z,,59.46666666666667,1,0,3437.2105,254.74650000000003,204.605,372.545,2026-08-31T23:00:00Z,31920.0,1,,,0.0,95.995,4675.551,,,,,1,1,1,1,1,1,0,0,0,0,0,0,0,0,0,0,0,0,0,0,0,0,0,0,0,0,0,0,0,0,0,0,0,1,1,1,1,1,1,1,1,1,1,1,1,1,1,1,1,1,1,0,0,0,0,0,0,0,0,0,0,0,0,0,0,0,0,0,0,0,0,0,0,0,1,0,0,0,0,0,0,0,0,0,0,0,0,0,0,0,0,0,0,0,0,0,0,0,0,0,0,0,0,0,0,0,1,0,0,0,1,0,1,1,0,0,0,1,1,1,1
2026-09-23T03:30:00Z,2026-09-23T04:00:00Z,30,,,,0,1,,,,0,1,4075.0,2026-09-23T03:20:10Z,9.833333333333334,1,0,616.0,2026-09-23T03:20:10Z,9.833333333333334,1,0,3459.0,2026-09-23T03:20:10Z,9.833333333333334,1,0,12.528,2026-09-23T03:00:30Z,29.5,1,0,475.0,2026-09-23T03:00:30Z,29.5,1,0,784.862,2026-09-23T03:00:30Z,29.5,1,0,0.0,2026-09-23T03:00:30Z,29.5,1,0,2802.61,2026-09-23T03:00:30Z,29.5,1,0,4075.0,2026-09-23T03:00:30Z,29.5,1,0,,,,0,1,,,,0,1,,,,0,1,,,,0,1,,,,0,1,,,,0,1,410.5945,2026-09-23T03:20:00Z,10.0,1,0,3590.0905,2026-09-23T03:20:00Z,10.0,1,0,4000.685,2026-09-23T03:20:00Z,10.0,1,0,698.403,2026-09-23T00:13:42Z,196.3,1,0,698.403,2026-09-23T00:13:40Z,196.33333333333334,1,0,85.42500000000001,2026-09-23T00:13:40Z,196.33333333333334,1,0,612.9780000000001,2026-09-23T00:13:40Z,196.33333333333334,1,0,2662.638,2026-09-23T03:00:31Z,,29.483333333333334,1,0,-23.244,2026-09-23T03:27:21Z,2026-09-23T03:10:00Z,2.65,1,0,135.23,2026-09-23T03:27:21Z,2026-09-23T03:10:00Z,2.65,1,0,8673.121,2026-09-23T03:27:21Z,2026-09-23T03:10:00Z,2.65,1,0,5054.074,2026-09-23T03:27:21Z,2026-09-23T03:10:00Z,2.65,1,0,499.516,2026-09-23T03:27:21Z,2026-09-23T03:10:00Z,2.65,1,0,-17.107,2026-09-23T03:00:04Z,2026-09-23T02:30:00Z,29.933333333333334,1,0,146.69,2026-09-23T03:00:04Z,2026-09-23T02:30:00Z,29.933333333333334,1,0,0.019,2026-09-23T03:00:32Z,,29.466666666666665,1,0,0.0,2026-09-23T03:00:32Z,,29.466666666666665,1,0,3437.2105,254.74650000000003,204.605,372.545,2026-08-31T23:00:00Z,31950.0,1,,,0.0,12.528,4554.558,,,,,1,1,1,1,1,1,0,0,0,0,0,0,0,0,0,0,0,0,0,0,0,0,0,0,0,0,0,0,0,0,0,0,0,1,1,1,1,1,1,1,1,1,1,1,1,1,1,1,1,1,1,0,0,0,0,0,0,0,0,0,0,0,0,0,0,0,0,0,0,0,0,0,0,0,1,0,0,0,0,0,0,0,0,0,0,0,0,0,0,0,0,0,0,0,0,0,0,0,0,0,0,0,0,0,0,0,1,0,0,0,1,0,1,1,0,0,0,1,1,1,1
2026-09-23T03:30:00Z,2026-09-23T04:30:00Z,60,,,,0,1,,,,0,1,4156.0,2026-09-23T03:20:10Z,9.833333333333334,1,0,635.0,2026-09-23T03:20:10Z,9.833333333333334,1,0,3521.0,2026-09-23T03:20:10Z,9.833333333333334,1,0,46.944,2026-09-23T03:00:30Z,29.5,1,0,439.0,2026-09-23T03:00:30Z,29.5,1,0,757.666,2026-09-23T03:00:30Z,29.5,1,0,0.0,2026-09-23T03:00:30Z,29.5,1,0,2912.39,2026-09-23T03:00:30Z,29.5,1,0,4156.0,2026-09-23T03:00:30Z,29.5,1,0,,,,0,1,,,,0,1,,,,0,1,,,,0,1,,,,0,1,,,,0,1,464.077,2026-09-23T03:20:00Z,10.0,1,0,3634.268,2026-09-23T03:20:00Z,10.0,1,0,4098.345,2026-09-23T03:20:00Z,10.0,1,0,717.5640000000001,2026-09-23T00:13:42Z,196.3,1,0,717.5640000000001,2026-09-23T00:13:40Z,196.33333333333334,1,0,93.79050000000001,2026-09-23T00:13:40Z,196.33333333333334,1,0,623.7735,2026-09-23T00:13:40Z,196.33333333333334,1,0,2662.638,2026-09-23T03:00:31Z,,29.483333333333334,1,0,-23.244,2026-09-23T03:27:21Z,2026-09-23T03:10:00Z,2.65,1,0,135.23,2026-09-23T03:27:21Z,2026-09-23T03:10:00Z,2.65,1,0,8673.121,2026-09-23T03:27:21Z,2026-09-23T03:10:00Z,2.65,1,0,5054.074,2026-09-23T03:27:21Z,2026-09-23T03:10:00Z,2.65,1,0,499.516,2026-09-23T03:27:21Z,2026-09-23T03:10:00Z,2.65,1,0,-17.107,2026-09-23T03:00:04Z,2026-09-23T02:30:00Z,29.933333333333334,1,0,146.69,2026-09-23T03:00:04Z,2026-09-23T02:30:00Z,29.933333333333334,1,0,0.019,2026-09-23T03:00:32Z,,29.466666666666665,1,0,0.0,2026-09-23T03:00:32Z,,29.466666666666665,1,0,3437.2105,254.74650000000003,204.605,372.545,2026-08-31T23:00:00Z,31950.0,1,,,0.0,46.944,4554.558,,,,,1,1,1,1,1,1,0,0,0,0,0,0,0,0,0,0,0,0,0,0,0,0,0,0,0,0,0,0,0,0,0,0,0,1,1,1,1,1,1,1,1,1,1,1,1,1,1,1,1,1,1,0,0,0,0,0,0,0,0,0,0,0,0,0,0,0,0,0,0,0,0,0,0,0,1,0,0,0,0,0,0,0,0,0,0,0,0,0,0,0,0,0,0,0,0,0,0,0,0,0,0,0,0,0,0,0,1,0,0,0,1,0,1,1,0,0,0,1,1,1,1
2026-09-23T04:00:00Z,2026-09-23T04:30:00Z,30,,,,0,1,,,,0,1,4206.0,2026-09-23T03:50:05Z,9.916666666666666,1,0,635.0,2026-09-23T03:50:05Z,9.916666666666666,1,0,3571.0,2026-09-23T03:50:05Z,9.916666666666666,1,0,46.944,2026-09-23T03:00:30Z,59.5,1,0,439.0,2026-09-23T03:00:30Z,59.5,1,0,757.666,2026-09-23T03:00:30Z,59.5,1,0,0.0,2026-09-23T03:00:30Z,59.5,1,0,2912.39,2026-09-23T03:00:30Z,59.5,1,0,4156.0,2026-09-23T03:00:30Z,59.5,1,0,,,,0,1,,,,0,1,,,,0,1,,,,0,1,,,,0,1,,,,0,1,464.077,2026-09-23T03:50:00Z,10.0,1,0,3607.113,2026-09-23T03:50:00Z,10.0,1,0,4071.19,2026-09-23T03:50:00Z,10.0,1,0,717.5640000000001,2026-09-23T00:13:42Z,226.3,1,0,717.5640000000001,2026-09-23T00:13:40Z,226.33333333333334,1,0,93.79050000000001,2026-09-23T00:13:40Z,226.33333333333334,1,0,623.7735,2026-09-23T00:13:40Z,226.33333333333334,1,0,2662.638,2026-09-23T03:00:31Z,,59.483333333333334,1,0,-19.318,2026-09-23T03:57:30Z,2026-09-23T03:40:00Z,2.5,1,0,136.85,2026-09-23T03:57:30Z,2026-09-23T03:40:00Z,2.5,1,0,8626.383,2026-09-23T03:57:30Z,2026-09-23T03:40:00Z,2.5,1,0,5247.521,2026-09-23T03:57:30Z,2026-09-23T03:40:00Z,2.5,1,0,499.516,2026-09-23T03:57:30Z,2026-09-23T03:40:00Z,2.5,1,0,-20.614,2026-09-23T03:30:03Z,2026-09-23T03:00:00Z,29.95,1,0,137.86,2026-09-23T03:30:03Z,2026-09-23T03:00:00Z,29.95,1,0,0.019,2026-09-23T03:00:32Z,,59.46666666666667,1,0,0.0,2026-09-23T03:00:32Z,,59.46666666666667,1,0,3437.2105,254.74650000000003,204.605,372.545,2026-08-31T23:00:00Z,31980.0,1,,,0.0,46.944,4748.005,,,,,1,1,1,1,1,1,0,0,0,0,0,0,0,0,0,0,0,0,0,0,0,0,0,0,0,0,0,0,0,0,0,0,0,1,1,1,1,1,1,1,1,1,1,1,1,1,1,1,1,1,1,0,0,0,0,0,0,0,0,0,0,0,0,0,0,0,0,0,0,0,0,0,0,0,1,0,0,0,0,0,0,0,0,0,0,0,0,0,0,0,0,0,0,0,0,0,0,0,0,0,0,0,0,0,0,0,1,0,0,0,1,0,1,1,0,0,0,1,1,1,1
2026-09-23T04:00:00Z,2026-09-23T05:00:00Z,60,,,,0,1,,,,0,1,4376.0,2026-09-23T03:50:05Z,9.916666666666666,1,0,687.0,2026-09-23T03:50:05Z,9.916666666666666,1,0,3689.0,2026-09-23T03:50:05Z,9.916666666666666,1,0,100.665,2026-09-23T03:00:30Z,59.5,1,0,544.0,2026-09-23T03:00:30Z,59.5,1,0,735.795,2026-09-23T03:00:30Z,59.5,1,0,0.0,2026-09-23T03:00:30Z,59.5,1,0,2945.54,2026-09-23T03:00:30Z,59.5,1,0,4326.0,2026-09-23T03:00:30Z,59.5,1,0,,,,0,1,,,,0,1,,,,0,1,,,,0,1,,,,0,1,,,,0,1,536.3185,2026-09-23T03:50:00Z,10.0,1,0,3736.731,2026-09-23T03:50:00Z,10.0,1,0,4273.0495,2026-09-23T03:50:00Z,10.0,1,0,732.9455,2026-09-23T00:13:42Z,226.3,1,0,732.9455,2026-09-23T00:13:40Z,226.33333333333334,1,0,101.0155,2026-09-23T00:13:40Z,226.33333333333334,1,0,631.9300000000001,2026-09-23T00:13:40Z,226.33333333333334,1,0,2662.638,2026-09-23T03:00:31Z,,59.483333333333334,1,0,-19.318,2026-09-23T03:57:30Z,2026-09-23T03:40:00Z,2.5,1,0,136.85,2026-09-23T03:57:30Z,2026-09-23T03:40:00Z,2.5,1,0,8626.383,2026-09-23T03:57:30Z,2026-09-23T03:40:00Z,2.5,1,0,5247.521,2026-09-23T03:57:30Z,2026-09-23T03:40:00Z,2.5,1,0,499.516,2026-09-23T03:57:30Z,2026-09-23T03:40:00Z,2.5,1,0,-20.614,2026-09-23T03:30:03Z,2026-09-23T03:00:00Z,29.95,1,0,137.86,2026-09-23T03:30:03Z,2026-09-23T03:00:00Z,29.95,1,0,0.019,2026-09-23T03:00:32Z,,59.46666666666667,1,0,0.0,2026-09-23T03:00:32Z,,59.46666666666667,1,0,3437.2105,254.74650000000003,204.605,372.545,2026-08-31T23:00:00Z,31980.0,1,,,0.0,100.665,4748.005,,,,,1,1,1,1,1,1,0,0,0,0,0,0,0,0,0,0,0,0,0,0,0,0,0,0,0,0,0,0,0,0,0,0,0,1,1,1,1,1,1,1,1,1,1,1,1,1,1,1,1,1,1,0,0,0,0,0,0,0,0,0,0,0,0,0,0,0,0,0,0,0,0,0,0,0,1,0,0,0,0,0,0,0,0,0,0,0,0,0,0,0,0,0,0,0,0,0,0,0,0,0,0,0,0,0,0,0,1,0,0,0,1,0,1,1,0,0,0,1,1,1,1
2026-09-23T04:30:00Z,2026-09-23T05:00:00Z,30,,,,0,1,,,,0,1,4376.0,2026-09-23T04:20:11Z,9.816666666666666,1,0,687.0,2026-09-23T04:20:11Z,9.816666666666666,1,0,3689.0,2026-09-23T04:20:11Z,9.816666666666666,1,0,81.37,2026-09-23T04:00:31Z,29.483333333333334,1,0,544.0,2026-09-23T04:00:31Z,29.483333333333334,1,0,809.29,2026-09-23T04:00:31Z,29.483333333333334,1,0,0.0,2026-09-23T04:00:31Z,29.483333333333334,1,0,2941.34,2026-09-23T04:00:31Z,29.483333333333334,1,0,4376.0,2026-09-23T04:00:31Z,29.483333333333334,1,0,,,,0,1,,,,0,1,,,,0,1,,,,0,1,,,,0,1,,,,0,1,536.3185,2026-09-23T04:20:00Z,10.0,1,0,3726.2465,2026-09-23T04:20:00Z,10.0,1,0,4262.565,2026-09-23T04:20:00Z,10.0,1,0,732.9455,2026-09-23T00:13:42Z,256.3,1,0,732.9455,2026-09-23T00:13:40Z,256.3333333333333,1,0,101.0155,2026-09-23T00:13:40Z,256.3333333333333,1,0,631.9300000000001,2026-09-23T00:13:40Z,256.3333333333333,1,0,4223.364,2026-09-23T04:00:32Z,,29.466666666666665,1,0,-19.905,2026-09-23T04:27:26Z,2026-09-23T04:10:00Z,2.566666666666667,1,0,131.19,2026-09-23T04:27:26Z,2026-09-23T04:10:00Z,2.566666666666667,1,0,8776.846,2026-09-23T04:27:26Z,2026-09-23T04:10:00Z,2.566666666666667,1,0,5281.932,2026-09-23T04:27:26Z,2026-09-23T04:10:00Z,2.566666666666667,1,0,426.999,2026-09-23T04:27:26Z,2026-09-23T04:10:00Z,2.566666666666667,1,0,-22.272,2026-09-23T04:00:02Z,2026-09-23T03:30:00Z,29.966666666666665,1,0,135.29,2026-09-23T04:00:02Z,2026-09-23T03:30:00Z,29.966666666666665,1,0,0.026,2026-09-23T04:00:33Z,,29.45,1,0,0.0,2026-09-23T04:00:33Z,,29.45,1,0,3437.2105,254.74650000000003,204.605,372.545,2026-08-31T23:00:00Z,32010.0,1,,,0.0,81.37,4854.933,,,,,1,1,1,1,1,1,0,0,0,0,0,0,0,0,0,0,0,0,0,0,0,0,0,0,0,0,0,0,0,0,0,0,0,1,1,1,1,1,1,1,1,1,1,1,1,1,1,1,1,1,1,0,0,0,0,0,0,0,0,0,0,0,0,0,0,0,0,0,0,0,0,0,0,0,1,0,0,0,0,0,0,0,0,0,0,0,0,0,0,0,0,0,0,0,0,0,0,0,0,0,0,0,0,0,0,0,1,0,0,0,1,0,1,1,0,0,0,1,1,1,1
2026-09-23T04:30:00Z,2026-09-23T05:30:00Z,60,,,,0,1,,,,0,1,4676.0,2026-09-23T04:20:11Z,9.816666666666666,1,0,770.0,2026-09-23T04:20:11Z,9.816666666666666,1,0,3906.0,2026-09-23T04:20:11Z,9.816666666666666,1,0,163.399,2026-09-23T04:00:31Z,29.483333333333334,1,0,572.0,2026-09-23T04:00:31Z,29.483333333333334,1,0,775.761,2026-09-23T04:00:31Z,29.483333333333334,1,0,0.0,2026-09-23T04:00:31Z,29.483333333333334,1,0,3164.84,2026-09-23T04:00:31Z,29.483333333333334,1,0,4676.0,2026-09-23T04:00:31Z,29.483333333333334,1,0,,,,0,1,,,,0,1,,,,0,1,,,,0,1,,,,0,1,,,,0,1,661.9745,2026-09-23T04:20:00Z,10.0,1,0,3911.8615,2026-09-23T04:20:00Z,10.0,1,0,4573.836,2026-09-23T04:20:00Z,10.0,1,0,736.933,2026-09-23T00:13:42Z,256.3,1,0,736.933,2026-09-23T00:13:40Z,256.3333333333333,1,0,104.8055,2026-09-23T00:13:40Z,256.3333333333333,1,0,632.1275,2026-09-23T00:13:40Z,256.3333333333333,1,0,4223.364,2026-09-23T04:00:32Z,,29.466666666666665,1,0,-19.905,2026-09-23T04:27:26Z,2026-09-23T04:10:00Z,2.566666666666667,1,0,131.19,2026-09-23T04:27:26Z,2026-09-23T04:10:00Z,2.566666666666667,1,0,8776.846,2026-09-23T04:27:26Z,2026-09-23T04:10:00Z,2.566666666666667,1,0,5281.932,2026-09-23T04:27:26Z,2026-09-23T04:10:00Z,2.566666666666667,1,0,426.999,2026-09-23T04:27:26Z,2026-09-23T04:10:00Z,2.566666666666667,1,0,-22.272,2026-09-23T04:00:02Z,2026-09-23T03:30:00Z,29.966666666666665,1,0,135.29,2026-09-23T04:00:02Z,2026-09-23T03:30:00Z,29.966666666666665,1,0,0.026,2026-09-23T04:00:33Z,,29.45,1,0,0.0,2026-09-23T04:00:33Z,,29.45,1,0,3437.2105,254.74650000000003,204.605,372.545,2026-08-31T23:00:00Z,32010.0,1,,,0.0,163.399,4854.933,,,,,1,1,1,1,1,1,0,0,0,0,0,0,0,0,0,0,0,0,0,0,0,0,0,0,0,0,0,0,0,0,0,0,0,1,1,1,1,1,1,1,1,1,1,1,1,1,1,1,1,1,1,0,0,0,0,0,0,0,0,0,0,0,0,0,0,0,0,0,0,0,0,0,0,0,1,0,0,0,0,0,0,0,0,0,0,0,0,0,0,0,0,0,0,0,0,0,0,0,0,0,0,0,0,0,0,0,1,0,0,0,1,0,1,1,0,0,0,1,1,1,1
2026-09-23T05:00:00Z,2026-09-23T05:30:00Z,30,,,,0,1,,,,0,1,4676.0,2026-09-23T04:50:15Z,9.75,1,0,770.0,2026-09-23T04:50:15Z,9.75,1,0,3906.0,2026-09-23T04:50:15Z,9.75,1,0,163.399,2026-09-23T04:00:31Z,59.483333333333334,1,0,572.0,2026-09-23T04:00:31Z,59.483333333333334,1,0,775.761,2026-09-23T04:00:31Z,59.483333333333334,1,0,0.0,2026-09-23T04:00:31Z,59.483333333333334,1,0,3164.84,2026-09-23T04:00:31Z,59.483333333333334,1,0,4676.0,2026-09-23T04:00:31Z,59.483333333333334,1,0,,,,0,1,,,,0,1,,,,0,1,,,,0,1,,,,0,1,,,,0,1,661.9745,2026-09-23T04:50:00Z,10.0,1,0,3867.911,2026-09-23T04:50:00Z,10.0,1,0,4529.8855,2026-09-23T04:50:00Z,10.0,1,0,736.933,2026-09-23T00:13:42Z,286.3,1,0,736.933,2026-09-23T00:13:40Z,286.3333333333333,1,0,104.8055,2026-09-23T00:13:40Z,286.3333333333333,1,0,632.1275,2026-09-23T00:13:40Z,286.3333333333333,1,0,4223.364,2026-09-23T04:00:32Z,,59.46666666666667,1,0,-24.795,2026-09-23T04:57:45Z,2026-09-23T04:40:00Z,2.25,1,0,131.89,2026-09-23T04:57:45Z,2026-09-23T04:40:00Z,2.25,1,0,8778.339,2026-09-23T04:57:45Z,2026-09-23T04:40:00Z,2.25,1,0,5400.938,2026-09-23T04:57:45Z,2026-09-23T04:40:00Z,2.25,1,0,452.632,2026-09-23T04:57:45Z,2026-09-23T04:40:00Z,2.25,1,0,-16.763,2026-09-23T04:30:06Z,2026-09-23T04:00:00Z,29.9,1,0,137.2,2026-09-23T04:30:06Z,2026-09-23T04:00:00Z,29.9,1,0,0.026,2026-09-23T04:00:33Z,,59.45,1,0,0.0,2026-09-23T04:00:33Z,,59.45,1,0,3437.2105,254.74650000000003,204.605,372.545,2026-08-31T23:00:00Z,32040.0,1,,,0.0,163.399,4948.3060000000005,,,,,1,1,1,1,1,1,0,0,0,0,0,0,0,0,0,0,0,0,0,0,0,0,0,0,0,0,0,0,0,0,0,0,0,1,1,1,1,1,1,1,1,1,1,1,1,1,1,1,1,1,1,0,0,0,0,0,0,0,0,0,0,0,0,0,0,0,0,0,0,0,0,0,0,0,1,0,0,0,0,0,0,0,0,0,0,0,0,0,0,0,0,0,0,0,0,0,0,0,0,0,0,0,0,0,0,0,1,0,0,0,1,0,1,1,0,0,0,1,1,1,1
2026-09-23T05:00:00Z,2026-09-23T06:00:00Z,60,,,,0,1,,,,0,1,5037.0,2026-09-23T04:50:15Z,9.75,1,0,866.0,2026-09-23T04:50:15Z,9.75,1,0,4171.0,2026-09-23T04:50:15Z,9.75,1,0,40.724,2026-09-23T04:00:31Z,59.483333333333334,1,0,1019.0,2026-09-23T04:00:31Z,59.483333333333334,1,0,743.006,2026-09-23T04:00:31Z,59.483333333333334,1,0,0.0,2026-09-23T04:00:31Z,59.483333333333334,1,0,3234.27,2026-09-23T04:00:31Z,59.483333333333334,1,0,5037.0,2026-09-23T04:00:31Z,59.483333333333334,1,0,,,,0,1,,,,0,1,,,,0,1,,,,0,1,,,,0,1,,,,0,1,1076.6995,2026-09-23T04:50:00Z,10.0,1,0,3833.1655,2026-09-23T04:50:00Z,10.0,1,0,4909.865,2026-09-23T04:50:00Z,10.0,1,0,739.1865,2026-09-23T00:13:42Z,286.3,1,0,739.1865,2026-09-23T00:13:40Z,286.3333333333333,1,0,108.7315,2026-09-23T00:13:40Z,286.3333333333333,1,0,630.4549999999999,2026-09-23T00:13:40Z,286.3333333333333,1,0,4223.364,2026-09-23T04:00:32Z,,59.46666666666667,1,0,-24.795,2026-09-23T04:57:45Z,2026-09-23T04:40:00Z,2.25,1,0,131.89,2026-09-23T04:57:45Z,2026-09-23T04:40:00Z,2.25,1,0,8778.339,2026-09-23T04:57:45Z,2026-09-23T04:40:00Z,2.25,1,0,5400.938,2026-09-23T04:57:45Z,2026-09-23T04:40:00Z,2.25,1,0,452.632,2026-09-23T04:57:45Z,2026-09-23T04:40:00Z,2.25,1,0,-16.763,2026-09-23T04:30:06Z,2026-09-23T04:00:00Z,29.9,1,0,137.2,2026-09-23T04:30:06Z,2026-09-23T04:00:00Z,29.9,1,0,0.026,2026-09-23T04:00:33Z,,59.45,1,0,0.0,2026-09-23T04:00:33Z,,59.45,1,0,3437.2105,254.74650000000003,204.605,372.545,2026-08-31T23:00:00Z,32040.0,1,,,0.0,40.724,4948.3060000000005,,,,,1,1,1,1,1,1,0,0,0,0,0,0,0,0,0,0,0,0,0,0,0,0,0,0,0,0,0,0,0,0,0,0,0,1,1,1,1,1,1,1,1,1,1,1,1,1,1,1,1,1,1,0,0,0,0,0,0,0,0,0,0,0,0,0,0,0,0,0,0,0,0,0,0,0,1,0,0,0,0,0,0,0,0,0,0,0,0,0,0,0,0,0,0,0,0,0,0,0,0,0,0,0,0,0,0,0,1,0,0,0,1,0,1,1,0,0,0,1,1,1,1
2026-09-23T05:30:00Z,2026-09-23T06:00:00Z,30,,,,0,1,,,,0,1,5037.0,2026-09-23T05:20:10Z,9.833333333333334,1,0,866.0,2026-09-23T05:20:10Z,9.833333333333334,1,0,4171.0,2026-09-23T05:20:10Z,9.833333333333334,1,0,-99.467,2026-09-23T05:00:31Z,29.483333333333334,1,0,1019.0,2026-09-23T05:00:31Z,29.483333333333334,1,0,876.697,2026-09-23T05:00:31Z,29.483333333333334,1,0,0.0,2026-09-23T05:00:31Z,29.483333333333334,1,0,3240.77,2026-09-23T05:00:31Z,29.483333333333334,1,0,5037.0,2026-09-23T05:00:31Z,29.483333333333334,1,0,,,,0,1,,,,0,1,,,,0,1,,,,0,1,,,,0,1,,,,0,1,1076.6995,2026-09-23T05:20:00Z,10.0,1,0,3811.895,2026-09-23T05:20:00Z,10.0,1,0,4888.5945,2026-09-23T05:20:00Z,10.0,1,0,739.1865,2026-09-23T00:13:42Z,316.3,1,0,739.1865,2026-09-23T00:13:40Z,316.3333333333333,1,0,108.7315,2026-09-23T00:13:40Z,316.3333333333333,1,0,630.4549999999999,2026-09-23T00:13:40Z,316.3333333333333,1,0,3732.601,2026-09-23T05:00:32Z,,29.466666666666665,1,0,-45.568,2026-09-23T05:27:41Z,2026-09-23T05:10:00Z,2.316666666666667,1,0,134.0,2026-09-23T05:27:41Z,2026-09-23T05:10:00Z,2.316666666666667,1,0,8869.906,2026-09-23T05:27:41Z,2026-09-23T05:10:00Z,2.316666666666667,1,0,5312.008,2026-09-23T05:27:41Z,2026-09-23T05:10:00Z,2.316666666666667,1,0,441.601,2026-09-23T05:27:41Z,2026-09-23T05:10:00Z,2.316666666666667,1,0,-22.91,2026-09-23T05:00:03Z,2026-09-23T04:30:00Z,29.95,1,0,130.69,2026-09-23T05:00:03Z,2026-09-23T04:30:00Z,29.95,1,0,0.025,2026-09-23T05:00:33Z,,29.45,1,0,0.0,2026-09-23T05:00:33Z,,29.45,1,0,3437.2105,254.74650000000003,204.605,372.545,2026-08-31T23:00:00Z,32070.0,1,,,0.0,-99.467,4870.407,,,,,1,1,1,1,1,1,0,0,0,0,0,0,0,0,0,0,0,0,0,0,0,0,0,0,0,0,0,0,0,0,0,0,0,1,1,1,1,1,1,1,1,1,1,1,1,1,1,1,1,1,1,0,0,0,0,0,0,0,0,0,0,0,0,0,0,0,0,0,0,0,0,0,0,0,1,0,0,0,0,0,0,0,0,0,0,0,0,0,0,0,0,0,0,0,0,0,0,0,0,0,0,0,0,0,0,0,1,0,0,0,1,0,1,1,0,0,0,1,1,1,1
2026-09-23T05:30:00Z,2026-09-23T06:30:00Z,60,,,,0,1,,,,0,1,5425.0,2026-09-23T05:20:10Z,9.833333333333334,1,0,951.0,2026-09-23T05:20:10Z,9.833333333333334,1,0,4474.0,2026-09-23T05:20:10Z,9.833333333333334,1,0,59.018,2026-09-23T05:00:31Z,29.483333333333334,1,0,1271.0,2026-09-23T05:00:31Z,29.483333333333334,1,0,808.863,2026-09-23T05:00:31Z,29.483333333333334,1,0,0.0,2026-09-23T05:00:31Z,29.483333333333334,1,0,3286.12,2026-09-23T05:00:31Z,29.483333333333334,1,0,5425.0,2026-09-23T05:00:31Z,29.483333333333334,1,0,,,,0,1,,,,0,1,,,,0,1,,,,0,1,,,,0,1,,,,0,1,1268.2160000000001,2026-09-23T05:20:00Z,10.0,1,0,3963.189,2026-09-23T05:20:00Z,10.0,1,0,5231.405,2026-09-23T05:20:00Z,10.0,1,0,736.2365,2026-09-23T00:13:42Z,316.3,1,0,736.2365,2026-09-23T00:13:40Z,316.3333333333333,1,0,113.077,2026-09-23T00:13:40Z,316.3333333333333,1,0,623.1595,2026-09-23T00:13:40Z,316.3333333333333,1,0,3732.601,2026-09-23T05:00:32Z,,29.466666666666665,1,0,-45.568,2026-09-23T05:27:41Z,2026-09-23T05:10:00Z,2.316666666666667,1,0,134.0,2026-09-23T05:27:41Z,2026-09-23T05:10:00Z,2.316666666666667,1,0,8869.906,2026-09-23T05:27:41Z,2026-09-23T05:10:00Z,2.316666666666667,1,0,5312.008,2026-09-23T05:27:41Z,2026-09-23T05:10:00Z,2.316666666666667,1,0,441.601,2026-09-23T05:27:41Z,2026-09-23T05:10:00Z,2.316666666666667,1,0,-22.91,2026-09-23T05:00:03Z,2026-09-23T04:30:00Z,29.95,1,0,130.69,2026-09-23T05:00:03Z,2026-09-23T04:30:00Z,29.95,1,0,0.025,2026-09-23T05:00:33Z,,29.45,1,0,0.0,2026-09-23T05:00:33Z,,29.45,1,0,3437.2105,254.74650000000003,204.605,372.545,2026-08-31T23:00:00Z,32070.0,1,,,0.0,59.018,4870.407,,,,,1,1,1,1,1,1,0,0,0,0,0,0,0,0,0,0,0,0,0,0,0,0,0,0,0,0,0,0,0,0,0,0,0,1,1,1,1,1,1,1,1,1,1,1,1,1,1,1,1,1,1,0,0,0,0,0,0,0,0,0,0,0,0,0,0,0,0,0,0,0,0,0,0,0,1,0,0,0,0,0,0,0,0,0,0,0,0,0,0,0,0,0,0,0,0,0,0,0,0,0,0,0,0,0,0,0,1,0,0,0,1,0,1,1,0,0,0,1,1,1,1
2026-09-23T06:00:00Z,2026-09-23T06:30:00Z,30,,,,0,1,,,,0,1,5425.0,2026-09-23T05:50:11Z,9.816666666666666,1,0,951.0,2026-09-23T05:50:11Z,9.816666666666666,1,0,4474.0,2026-09-23T05:50:11Z,9.816666666666666,1,0,59.018,2026-09-23T05:00:31Z,59.483333333333334,1,0,1271.0,2026-09-23T05:00:31Z,59.483333333333334,1,0,808.863,2026-09-23T05:00:31Z,59.483333333333334,1,0,0.0,2026-09-23T05:00:31Z,59.483333333333334,1,0,3286.12,2026-09-23T05:00:31Z,59.483333333333334,1,0,5425.0,2026-09-23T05:00:31Z,59.483333333333334,1,0,,,,0,1,,,,0,1,,,,0,1,,,,0,1,,,,0,1,,,,0,1,1268.2160000000001,2026-09-23T05:50:00Z,10.0,1,0,3952.104,2026-09-23T05:50:00Z,10.0,1,0,5220.32,2026-09-23T05:50:00Z,10.0,1,0,736.2365,2026-09-23T00:13:42Z,346.3,1,0,736.2365,2026-09-23T00:13:40Z,346.3333333333333,1,0,113.077,2026-09-23T00:13:40Z,346.3333333333333,1,0,623.1595,2026-09-23T00:13:40Z,346.3333333333333,1,0,3732.601,2026-09-23T05:00:32Z,,59.46666666666667,1,0,-20.47,2026-09-23T05:57:40Z,2026-09-23T05:40:00Z,2.3333333333333335,1,0,130.9,2026-09-23T05:57:40Z,2026-09-23T05:40:00Z,2.3333333333333335,1,0,8732.157,2026-09-23T05:57:40Z,2026-09-23T05:40:00Z,2.3333333333333335,1,0,4999.49,2026-09-23T05:57:40Z,2026-09-23T05:40:00Z,2.3333333333333335,1,0,432.999,2026-09-23T05:57:40Z,2026-09-23T05:40:00Z,2.3333333333333335,1,0,-26.493,2026-09-23T05:30:06Z,2026-09-23T05:00:00Z,29.9,1,0,131.78,2026-09-23T05:30:06Z,2026-09-23T05:00:00Z,29.9,1,0,0.025,2026-09-23T05:00:33Z,,59.45,1,0,0.0,2026-09-23T05:00:33Z,,59.45,1,0,3437.2105,254.74650000000003,204.605,372.545,2026-08-31T23:00:00Z,32100.0,1,,,0.0,59.018,4566.491,,,,,1,1,1,1,1,1,0,0,0,0,0,0,0,0,0,0,0,0,0,0,0,0,0,0,0,0,0,0,0,0,0,0,0,1,1,1,1,1,1,1,1,1,1,1,1,1,1,1,1,1,1,0,0,0,0,0,0,0,0,0,0,0,0,0,0,0,0,0,0,0,0,0,0,0,1,0,0,0,0,0,0,0,0,0,0,0,0,0,0,0,0,0,0,0,0,0,0,0,0,0,0,0,0,0,0,0,1,0,0,0,1,0,1,1,0,0,0,1,1,1,1
2026-09-23T06:00:00Z,2026-09-23T07:00:00Z,60,,,,0,1,,,,0,1,5600.0,2026-09-23T05:50:11Z,9.816666666666666,1,0,1011.0,2026-09-23T05:50:11Z,9.816666666666666,1,0,4589.0,2026-09-23T05:50:11Z,9.816666666666666,1,0,158.458,2026-09-23T05:00:31Z,59.483333333333334,1,0,1418.0,2026-09-23T05:00:31Z,59.483333333333334,1,0,738.622,2026-09-23T05:00:31Z,59.483333333333334,1,0,0.0,2026-09-23T05:00:31Z,59.483333333333334,1,0,3284.92,2026-09-23T05:00:31Z,59.483333333333334,1,0,5600.0,2026-09-23T05:00:31Z,59.483333333333334,1,0,,,,0,1,,,,0,1,,,,0,1,,,,0,1,,,,0,1,,,,0,1,1408.41,2026-09-23T05:50:00Z,10.0,1,0,3948.9205,2026-09-23T05:50:00Z,10.0,1,0,5357.3305,2026-09-23T05:50:00Z,10.0,1,0,767.1295,2026-09-23T00:13:42Z,346.3,1,0,767.1295,2026-09-23T00:13:40Z,346.3333333333333,1,0,119.9135,2026-09-23T00:13:40Z,346.3333333333333,1,0,647.216,2026-09-23T00:13:40Z,346.3333333333333,1,0,3732.601,2026-09-23T05:00:32Z,,59.46666666666667,1,0,-20.47,2026-09-23T05:57:40Z,2026-09-23T05:40:00Z,2.3333333333333335,1,0,130.9,2026-09-23T05:57:40Z,2026-09-23T05:40:00Z,2.3333333333333335,1,0,8732.157,2026-09-23T05:57:40Z,2026-09-23T05:40:00Z,2.3333333333333335,1,0,4999.49,2026-09-23T05:57:40Z,2026-09-23T05:40:00Z,2.3333333333333335,1,0,432.999,2026-09-23T05:57:40Z,2026-09-23T05:40:00Z,2.3333333333333335,1,0,-26.493,2026-09-23T05:30:06Z,2026-09-23T05:00:00Z,29.9,1,0,131.78,2026-09-23T05:30:06Z,2026-09-23T05:00:00Z,29.9,1,0,0.025,2026-09-23T05:00:33Z,,59.45,1,0,0.0,2026-09-23T05:00:33Z,,59.45,1,0,3437.2105,254.74650000000003,204.605,372.545,2026-08-31T23:00:00Z,32100.0,1,,,0.0,158.458,4566.491,,,,,1,1,1,1,1,1,0,0,0,0,0,0,0,0,0,0,0,0,0,0,0,0,0,0,0,0,0,0,0,0,0,0,0,1,1,1,1,1,1,1,1,1,1,1,1,1,1,1,1,1,1,0,0,0,0,0,0,0,0,0,0,0,0,0,0,0,0,0,0,0,0,0,0,0,1,0,0,0,0,0,0,0,0,0,0,0,0,0,0,0,0,0,0,0,0,0,0,0,0,0,0,0,0,0,0,0,1,0,0,0,1,0,1,1,0,0,0,1,1,1,1
2026-09-23T06:30:00Z,2026-09-23T07:00:00Z,30,,,,0,1,,,,0,1,5600.0,2026-09-23T06:20:15Z,9.75,1,0,1011.0,2026-09-23T06:20:15Z,9.75,1,0,4589.0,2026-09-23T06:20:15Z,9.75,1,0,117.731,2026-09-23T06:00:30Z,29.5,1,0,1418.0,2026-09-23T06:00:30Z,29.5,1,0,777.899,2026-09-23T06:00:30Z,29.5,1,0,0.0,2026-09-23T06:00:30Z,29.5,1,0,3286.37,2026-09-23T06:00:30Z,29.5,1,0,5600.0,2026-09-23T06:00:30Z,29.5,1,0,500.0,2026-09-23T06:00:11Z,29.816666666666666,1,0,530.0,2026-09-23T06:00:11Z,29.816666666666666,1,0,513.0,2026-09-23T06:00:11Z,29.816666666666666,1,0,500.0,2026-09-23T06:00:11Z,29.816666666666666,1,0,500.0,2026-09-23T06:00:11Z,29.816666666666666,1,0,504.0,2026-09-23T06:00:11Z,29.816666666666666,1,0,1408.41,2026-09-23T06:20:00Z,10.0,1,0,3947.18,2026-09-23T06:20:00Z,10.0,1,0,5355.59,2026-09-23T06:20:00Z,10.0,1,0,752.5219999999999,2026-09-23T06:14:18Z,15.7,1,0,752.5219999999999,2026-09-23T06:14:16Z,15.733333333333333,1,0,103.6065,2026-09-23T06:14:16Z,15.733333333333333,1,0,648.9155000000001,2026-09-23T06:14:16Z,15.733333333333333,1,0,3697.111,2026-09-23T06:00:31Z,,29.483333333333334,1,0,-18.426,2026-09-23T06:27:35Z,2026-09-23T06:10:00Z,2.4166666666666665,1,0,132.77,2026-09-23T06:27:35Z,2026-09-23T06:10:00Z,2.4166666666666665,1,0,8660.688,2026-09-23T06:27:35Z,2026-09-23T06:10:00Z,2.4166666666666665,1,0,5035.238,2026-09-23T06:27:35Z,2026-09-23T06:10:00Z,2.4166666666666665,1,0,495.696,2026-09-23T06:27:35Z,2026-09-23T06:10:00Z,2.4166666666666665,1,0,-35.956,2026-09-23T06:00:02Z,2026-09-23T05:30:00Z,29.966666666666665,1,0,131.22,2026-09-23T06:00:02Z,2026-09-23T05:30:00Z,29.966666666666665,1,0,0.026,2026-09-23T06:00:32Z,,29.466666666666665,1,0,0.0,2026-09-23T06:00:32Z,,29.466666666666665,1,0,3437.2105,254.74650000000003,204.605,372.545,2026-08-31T23:00:00Z,32130.0,1,,,0.0,117.731,4539.542,,,,,1,1,1,1,1,1,0,0,0,0,0,0,0,0,0,0,0,0,0,0,0,0,0,0,0,0,0,0,0,0,0,0,0,0,0,0,0,0,0,0,0,0,0,0,0,0,0,0,0,0,0,0,0,0,0,0,0,0,0,0,0,0,0,0,0,0,0,0,0,0,0,0,0,0,1,0,0,0,0,0,0,0,0,0,0,0,0,0,0,0,0,0,0,0,0,0,0,0,0,0,0,0,0,0,0,0,1,0,0,0,1,0,1,1,0,0,0,1,1,1,1
2026-09-23T06:30:00Z,2026-09-23T07:30:00Z,60,,,,0,1,,,,0,1,5648.0,2026-09-23T06:20:15Z,9.75,1,0,1035.0,2026-09-23T06:20:15Z,9.75,1,0,4613.0,2026-09-23T06:20:15Z,9.75,1,0,0.27,2026-09-23T06:00:30Z,29.5,1,0,1493.0,2026-09-23T06:00:30Z,29.5,1,0,894.231,2026-09-23T06:00:30Z,29.5,1,0,0.0,2026-09-23T06:00:30Z,29.5,1,0,3260.5,2026-09-23T06:00:30Z,29.5,1,0,5648.0,2026-09-23T06:00:30Z,29.5,1,0,500.0,2026-09-23T06:00:11Z,29.816666666666666,1,0,530.0,2026-09-23T06:00:11Z,29.816666666666666,1,0,513.0,2026-09-23T06:00:11Z,29.816666666666666,1,0,500.0,2026-09-23T06:00:11Z,29.816666666666666,1,0,500.0,2026-09-23T06:00:11Z,29.816666666666666,1,0,504.0,2026-09-23T06:00:11Z,29.816666666666666,1,0,1443.48,2026-09-23T06:20:00Z,10.0,1,0,3927.4755,2026-09-23T06:20:00Z,10.0,1,0,5370.9555,2026-09-23T06:20:00Z,10.0,1,0,861.6305,2026-09-23T06:14:18Z,15.7,1,0,861.6305,2026-09-23T06:14:16Z,15.733333333333333,1,0,114.524,2026-09-23T06:14:16Z,15.733333333333333,1,0,747.1065,2026-09-23T06:14:16Z,15.733333333333333,1,0,3697.111,2026-09-23T06:00:31Z,,29.483333333333334,1,0,-18.426,2026-09-23T06:27:35Z,2026-09-23T06:10:00Z,2.4166666666666665,1,0,132.77,2026-09-23T06:27:35Z,2026-09-23T06:10:00Z,2.4166666666666665,1,0,8660.688,2026-09-23T06:27:35Z,2026-09-23T06:10:00Z,2.4166666666666665,1,0,5035.238,2026-09-23T06:27:35Z,2026-09-23T06:10:00Z,2.4166666666666665,1,0,495.696,2026-09-23T06:27:35Z,2026-09-23T06:10:00Z,2.4166666666666665,1,0,-35.956,2026-09-23T06:00:02Z,2026-09-23T05:30:00Z,29.966666666666665,1,0,131.22,2026-09-23T06:00:02Z,2026-09-23T05:30:00Z,29.966666666666665,1,0,0.026,2026-09-23T06:00:32Z,,29.466666666666665,1,0,0.0,2026-09-23T06:00:32Z,,29.466666666666665,1,0,3437.2105,254.74650000000003,204.605,372.545,2026-08-31T23:00:00Z,32130.0,1,,,0.0,0.27,4539.542,,,,,1,1,1,1,1,1,0,0,0,0,0,0,0,0,0,0,0,0,0,0,0,0,0,0,0,0,0,0,0,0,0,0,0,0,0,0,0,0,0,0,0,0,0,0,0,0,0,0,0,0,0,0,0,0,0,0,0,0,0,0,0,0,0,0,0,0,0,0,0,0,0,0,0,0,1,0,0,0,0,0,0,0,0,0,0,0,0,0,0,0,0,0,0,0,0,0,0,0,0,0,0,0,0,0,0,0,1,0,0,0,1,0,1,1,0,0,0,1,1,1,1
2026-09-23T07:00:00Z,2026-09-23T07:30:00Z,30,,,,0,1,,,,0,1,5648.0,2026-09-23T06:50:11Z,9.816666666666666,1,0,1035.0,2026-09-23T06:50:11Z,9.816666666666666,1,0,4613.0,2026-09-23T06:50:11Z,9.816666666666666,1,0,0.27,2026-09-23T06:00:30Z,59.5,1,0,1493.0,2026-09-23T06:00:30Z,59.5,1,0,894.231,2026-09-23T06:00:30Z,59.5,1,0,0.0,2026-09-23T06:00:30Z,59.5,1,0,3260.5,2026-09-23T06:00:30Z,59.5,1,0,5648.0,2026-09-23T06:00:30Z,59.5,1,0,500.0,2026-09-23T06:00:11Z,59.81666666666667,1,0,530.0,2026-09-23T06:00:11Z,59.81666666666667,1,0,513.0,2026-09-23T06:00:11Z,59.81666666666667,1,0,500.0,2026-09-23T06:00:11Z,59.81666666666667,1,0,500.0,2026-09-23T06:00:11Z,59.81666666666667,1,0,504.0,2026-09-23T06:00:11Z,59.81666666666667,1,0,1443.48,2026-09-23T06:50:00Z,10.0,1,0,3945.835,2026-09-23T06:50:00Z,10.0,1,0,5389.3150000000005,2026-09-23T06:50:00Z,10.0,1,0,861.6305,2026-09-23T06:14:18Z,45.7,1,0,861.6305,2026-09-23T06:14:16Z,45.733333333333334,1,0,114.524,2026-09-23T06:14:16Z,45.733333333333334,1,0,747.1065,2026-09-23T06:14:16Z,45.733333333333334,1,0,3697.111,2026-09-23T06:00:31Z,,59.483333333333334,1,0,-15.58,2026-09-23T06:57:51Z,2026-09-23T06:40:00Z,2.15,1,0,138.01,2026-09-23T06:57:51Z,2026-09-23T06:40:00Z,2.15,1,0,8717.348,2026-09-23T06:57:51Z,2026-09-23T06:40:00Z,2.15,1,0,4726.321,2026-09-23T06:57:51Z,2026-09-23T06:40:00Z,2.15,1,0,499.516,2026-09-23T06:57:51Z,2026-09-23T06:40:00Z,2.15,1,0,-18.382,2026-09-23T06:30:02Z,2026-09-23T06:00:00Z,29.966666666666665,1,0,132.36,2026-09-23T06:30:02Z,2026-09-23T06:00:00Z,29.966666666666665,1,0,0.026,2026-09-23T06:00:32Z,,59.46666666666667,1,0,0.0,2026-09-23T06:00:32Z,,59.46666666666667,1,0,3437.2105,254.74650000000003,204.605,372.545,2026-08-31T23:00:00Z,32160.0,1,,,0.0,0.27,4226.805,,,,,1,1,1,1,1,1,0,0,0,0,0,0,0,0,0,0,0,0,0,0,0,0,0,0,0,0,0,0,0,0,0,0,0,0,0,0,0,0,0,0,0,0,0,0,0,0,0,0,0,0,0,0,0,0,0,0,0,0,0,0,0,0,0,0,0,0,0,0,0,0,0,0,0,0,1,0,0,0,0,0,0,0,0,0,0,0,0,0,0,0,0,0,0,0,0,0,0,0,0,0,0,0,0,0,0,0,1,0,0,0,1,0,1,1,0,0,0,1,1,1,1
2026-09-23T07:00:00Z,2026-09-23T08:00:00Z,60,,,,0,1,,,,0,1,5605.0,2026-09-23T06:50:11Z,9.816666666666666,1,0,1033.0,2026-09-23T06:50:11Z,9.816666666666666,1,0,4572.0,2026-09-23T06:50:11Z,9.816666666666666,1,0,-60.96,2026-09-23T06:00:30Z,59.5,1,0,1493.0,2026-09-23T06:00:30Z,59.5,1,0,1002.66,2026-09-23T06:00:30Z,59.5,1,0,0.0,2026-09-23T06:00:30Z,59.5,1,0,3170.3,2026-09-23T06:00:30Z,59.5,1,0,5605.0,2026-09-23T06:00:30Z,59.5,1,0,500.0,2026-09-23T06:00:11Z,59.81666666666667,1,0,530.0,2026-09-23T06:00:11Z,59.81666666666667,1,0,513.0,2026-09-23T06:00:11Z,59.81666666666667,1,0,500.0,2026-09-23T06:00:11Z,59.81666666666667,1,0,500.0,2026-09-23T06:00:11Z,59.81666666666667,1,0,504.0,2026-09-23T06:00:11Z,59.81666666666667,1,0,1432.2945,2026-09-23T06:50:00Z,10.0,1,0,3914.3295,2026-09-23T06:50:00Z,10.0,1,0,5346.624,2026-09-23T06:50:00Z,10.0,1,0,984.855,2026-09-23T06:14:18Z,45.7,1,0,984.855,2026-09-23T06:14:16Z,45.733333333333334,1,0,128.2645,2026-09-23T06:14:16Z,45.733333333333334,1,0,856.5905,2026-09-23T06:14:16Z,45.733333333333334,1,0,3697.111,2026-09-23T06:00:31Z,,59.483333333333334,1,0,-15.58,2026-09-23T06:57:51Z,2026-09-23T06:40:00Z,2.15,1,0,138.01,2026-09-23T06:57:51Z,2026-09-23T06:40:00Z,2.15,1,0,8717.348,2026-09-23T06:57:51Z,2026-09-23T06:40:00Z,2.15,1,0,4726.321,2026-09-23T06:57:51Z,2026-09-23T06:40:00Z,2.15,1,0,499.516,2026-09-23T06:57:51Z,2026-09-23T06:40:00Z,2.15,1,0,-18.382,2026-09-23T06:30:02Z,2026-09-23T06:00:00Z,29.966666666666665,1,0,132.36,2026-09-23T06:30:02Z,2026-09-23T06:00:00Z,29.966666666666665,1,0,0.026,2026-09-23T06:00:32Z,,59.46666666666667,1,0,0.0,2026-09-23T06:00:32Z,,59.46666666666667,1,0,3437.2105,254.74650000000003,204.605,372.545,2026-08-31T23:00:00Z,32160.0,1,,,0.0,-60.96,4226.805,,,,,1,1,1,1,1,1,0,0,0,0,0,0,0,0,0,0,0,0,0,0,0,0,0,0,0,0,0,0,0,0,0,0,0,0,0,0,0,0,0,0,0,0,0,0,0,0,0,0,0,0,0,0,0,0,0,0,0,0,0,0,0,0,0,0,0,0,0,0,0,0,0,0,0,0,1,0,0,0,0,0,0,0,0,0,0,0,0,0,0,0,0,0,0,0,0,0,0,0,0,0,0,0,0,0,0,0,1,0,0,0,1,0,1,1,0,0,0,1,1,1,1
2026-09-23T07:30:00Z,2026-09-23T08:00:00Z,30,,,,0,1,,,,0,1,5605.0,2026-09-23T07:20:15Z,9.75,1,0,1033.0,2026-09-23T07:20:15Z,9.75,1,0,4572.0,2026-09-23T07:20:15Z,9.75,1,0,-79.864,2026-09-23T07:00:30Z,29.5,1,0,1493.0,2026-09-23T07:00:30Z,29.5,1,0,1014.664,2026-09-23T07:00:30Z,29.5,1,0,0.0,2026-09-23T07:00:30Z,29.5,1,0,3177.2,2026-09-23T07:00:30Z,29.5,1,0,5605.0,2026-09-23T07:00:30Z,29.5,1,0,500.0,2026-09-23T06:00:11Z,89.81666666666666,1,0,530.0,2026-09-23T06:00:11Z,89.81666666666666,1,0,513.0,2026-09-23T06:00:11Z,89.81666666666666,1,0,500.0,2026-09-23T06:00:11Z,89.81666666666666,1,0,500.0,2026-09-23T06:00:11Z,89.81666666666666,1,0,504.0,2026-09-23T06:00:11Z,89.81666666666666,1,0,1432.2945,2026-09-23T07:20:00Z,10.0,1,0,3901.3105,2026-09-23T07:20:00Z,10.0,1,0,5333.6050000000005,2026-09-23T07:20:00Z,10.0,1,0,984.855,2026-09-23T06:14:18Z,75.7,1,0,984.855,2026-09-23T06:14:16Z,75.73333333333333,1,0,128.2645,2026-09-23T06:14:16Z,75.73333333333333,1,0,856.5905,2026-09-23T06:14:16Z,75.73333333333333,1,0,2841.538,2026-09-23T07:00:31Z,,29.483333333333334,1,0,-14.389,2026-09-23T07:27:35Z,2026-09-23T07:10:00Z,2.4166666666666665,1,0,141.86,2026-09-23T07:27:35Z,2026-09-23T07:10:00Z,2.4166666666666665,1,0,8751.949,2026-09-23T07:27:35Z,2026-09-23T07:10:00Z,2.4166666666666665,1,0,4592.832,2026-09-23T07:27:35Z,2026-09-23T07:10:00Z,2.4166666666666665,1,0,499.516,2026-09-23T07:27:35Z,2026-09-23T07:10:00Z,2.4166666666666665,1,0,-16.431,2026-09-23T07:00:02Z,2026-09-23T06:30:00Z,29.966666666666665,1,0,133.3,2026-09-23T07:00:02Z,2026-09-23T06:30:00Z,29.966666666666665,1,0,0.022,2026-09-23T07:00:32Z,,29.466666666666665,1,0,0.0,2026-09-23T07:00:32Z,,29.466666666666665,1,0,3437.2105,254.74650000000003,204.605,372.545,2026-08-31T23:00:00Z,32190.0,1,,,0.0,-79.864,4093.3160000000003,,,,,1,1,1,1,1,1,0,0,0,0,0,0,0,0,0,0,0,0,0,0,0,0,0,0,0,0,0,0,0,0,0,0,0,0,0,0,0,0,0,0,0,0,0,0,0,0,0,0,0,0,0,0,0,0,0,0,0,0,0,0,0,0,0,0,0,0,0,0,0,0,0,0,0,0,1,0,0,0,0,0,0,0,0,0,0,0,0,0,0,0,0,0,0,0,0,0,0,0,0,0,0,0,0,0,0,0,1,0,0,0,1,0,1,1,0,0,0,1,1,1,1
2026-09-23T07:30:00Z,2026-09-23T08:30:00Z,60,,,,0,1,,,,0,1,5581.0,2026-09-23T07:20:15Z,9.75,1,0,1030.0,2026-09-23T07:20:15Z,9.75,1,0,4551.0,2026-09-23T07:20:15Z,9.75,1,0,-67.733,2026-09-23T07:00:30Z,29.5,1,0,1331.0,2026-09-23T07:00:30Z,29.5,1,0,1149.633,2026-09-23T07:00:30Z,29.5,1,0,0.0,2026-09-23T07:00:30Z,29.5,1,0,3168.1,2026-09-23T07:00:30Z,29.5,1,0,5581.0,2026-09-23T07:00:30Z,29.5,1,0,500.0,2026-09-23T06:00:11Z,89.81666666666666,1,0,530.0,2026-09-23T06:00:11Z,89.81666666666666,1,0,513.0,2026-09-23T06:00:11Z,89.81666666666666,1,0,500.0,2026-09-23T06:00:11Z,89.81666666666666,1,0,500.0,2026-09-23T06:00:11Z,89.81666666666666,1,0,504.0,2026-09-23T06:00:11Z,89.81666666666666,1,0,1225.568,2026-09-23T07:20:00Z,10.0,1,0,4062.412,2026-09-23T07:20:00Z,10.0,1,0,5287.98,2026-09-23T07:20:00Z,10.0,1,0,1150.4845,2026-09-23T06:14:18Z,75.7,1,0,1150.4845,2026-09-23T06:14:16Z,75.73333333333333,1,0,150.4865,2026-09-23T06:14:16Z,75.73333333333333,1,0,999.998,2026-09-23T06:14:16Z,75.73333333333333,1,0,2841.538,2026-09-23T07:00:31Z,,29.483333333333334,1,0,-14.389,2026-09-23T07:27:35Z,2026-09-23T07:10:00Z,2.4166666666666665,1,0,141.86,2026-09-23T07:27:35Z,2026-09-23T07:10:00Z,2.4166666666666665,1,0,8751.949,2026-09-23T07:27:35Z,2026-09-23T07:10:00Z,2.4166666666666665,1,0,4592.832,2026-09-23T07:27:35Z,2026-09-23T07:10:00Z,2.4166666666666665,1,0,499.516,2026-09-23T07:27:35Z,2026-09-23T07:10:00Z,2.4166666666666665,1,0,-16.431,2026-09-23T07:00:02Z,2026-09-23T06:30:00Z,29.966666666666665,1,0,133.3,2026-09-23T07:00:02Z,2026-09-23T06:30:00Z,29.966666666666665,1,0,0.022,2026-09-23T07:00:32Z,,29.466666666666665,1,0,0.0,2026-09-23T07:00:32Z,,29.466666666666665,1,0,3437.2105,254.74650000000003,204.605,372.545,2026-08-31T23:00:00Z,32190.0,1,,,0.0,-67.733,4093.3160000000003,,,,,1,1,1,1,1,1,0,0,0,0,0,0,0,0,0,0,0,0,0,0,0,0,0,0,0,0,0,0,0,0,0,0,0,0,0,0,0,0,0,0,0,0,0,0,0,0,0,0,0,0,0,0,0,0,0,0,0,0,0,0,0,0,0,0,0,0,0,0,0,0,0,0,0,0,1,0,0,0,0,0,0,0,0,0,0,0,0,0,0,0,0,0,0,0,0,0,0,0,0,0,0,0,0,0,0,0,1,0,0,0,1,0,1,1,0,0,0,1,1,1,1
2026-09-23T08:00:00Z,2026-09-23T08:30:00Z,30,,,,0,1,,,,0,1,5581.0,2026-09-23T07:50:15Z,9.75,1,0,1030.0,2026-09-23T07:50:15Z,9.75,1,0,4551.0,2026-09-23T07:50:15Z,9.75,1,0,-67.733,2026-09-23T07:00:30Z,59.5,1,0,1331.0,2026-09-23T07:00:30Z,59.5,1,0,1149.633,2026-09-23T07:00:30Z,59.5,1,0,0.0,2026-09-23T07:00:30Z,59.5,1,0,3168.1,2026-09-23T07:00:30Z,59.5,1,0,5581.0,2026-09-23T07:00:30Z,59.5,1,0,500.0,2026-09-23T06:00:11Z,119.81666666666666,1,0,530.0,2026-09-23T06:00:11Z,119.81666666666666,1,0,513.0,2026-09-23T06:00:11Z,119.81666666666666,1,0,500.0,2026-09-23T06:00:11Z,119.81666666666666,1,0,500.0,2026-09-23T06:00:11Z,119.81666666666666,1,0,504.0,2026-09-23T06:00:11Z,119.81666666666666,1,0,1225.568,2026-09-23T07:50:00Z,10.0,1,0,4046.381,2026-09-23T07:50:00Z,10.0,1,0,5271.9490000000005,2026-09-23T07:50:00Z,10.0,1,0,1150.4845,2026-09-23T06:14:18Z,105.7,1,0,1150.4845,2026-09-23T06:14:16Z,105.73333333333333,1,0,150.4865,2026-09-23T06:14:16Z,105.73333333333333,1,0,999.998,2026-09-23T06:14:16Z,105.73333333333333,1,0,2841.538,2026-09-23T07:00:31Z,,59.483333333333334,1,0,-18.776,2026-09-23T07:57:31Z,2026-09-23T07:40:00Z,2.4833333333333334,1,0,141.42,2026-09-23T07:57:31Z,2026-09-23T07:40:00Z,2.4833333333333334,1,0,8776.86,2026-09-23T07:57:31Z,2026-09-23T07:40:00Z,2.4833333333333334,1,0,4614.637,2026-09-23T07:57:31Z,2026-09-23T07:40:00Z,2.4833333333333334,1,0,503.964,2026-09-23T07:57:31Z,2026-09-23T07:40:00Z,2.4833333333333334,1,0,-14.956,2026-09-23T07:30:02Z,2026-09-23T07:00:00Z,29.966666666666665,1,0,141.54,2026-09-23T07:30:02Z,2026-09-23T07:00:00Z,29.966666666666665,1,0,0.022,2026-09-23T07:00:32Z,,59.46666666666667,1,0,0.0,2026-09-23T07:00:32Z,,59.46666666666667,1,0,3437.2105,254.74650000000003,204.605,372.545,2026-08-31T23:00:00Z,32220.0,1,,,0.0,-67.733,4110.673,,,,,1,1,1,1,1,1,0,0,0,0,0,0,0,0,0,0,0,0,0,0,0,0,0,0,0,0,0,0,0,0,0,0,0,0,0,0,0,0,0,0,0,0,0,0,0,0,0,0,0,0,0,0,0,0,0,0,0,0,0,0,0,0,0,0,0,0,0,0,0,0,0,0,0,0,1,0,0,0,0,0,0,0,0,0,0,0,0,0,0,0,0,0,0,0,0,0,0,0,0,0,0,0,0,0,0,0,1,0,0,0,1,0,1,1,0,0,0,1,1,1,1
2026-09-23T08:00:00Z,2026-09-23T09:00:00Z,60,,,,0,1,,,,0,1,5478.0,2026-09-23T07:50:15Z,9.75,1,0,1003.0,2026-09-23T07:50:15Z,9.75,1,0,4475.0,2026-09-23T07:50:15Z,9.75,1,0,188.998,2026-09-23T07:00:30Z,59.5,1,0,1199.0,2026-09-23T07:00:30Z,59.5,1,0,1279.152,2026-09-23T07:00:30Z,59.5,1,0,0.0,2026-09-23T07:00:30Z,59.5,1,0,2810.85,2026-09-23T07:00:30Z,59.5,1,0,5478.0,2026-09-23T07:00:30Z,59.5,1,0,500.0,2026-09-23T06:00:11Z,119.81666666666666,1,0,530.0,2026-09-23T06:00:11Z,119.81666666666666,1,0,513.0,2026-09-23T06:00:11Z,119.81666666666666,1,0,500.0,2026-09-23T06:00:11Z,119.81666666666666,1,0,500.0,2026-09-23T06:00:11Z,119.81666666666666,1,0,504.0,2026-09-23T06:00:11Z,119.81666666666666,1,0,1149.7845,2026-09-23T07:50:00Z,10.0,1,0,3997.98,2026-09-23T07:50:00Z,10.0,1,0,5147.7645,2026-09-23T07:50:00Z,10.0,1,0,1310.533,2026-09-23T06:14:18Z,105.7,1,0,1310.533,2026-09-23T06:14:16Z,105.73333333333333,1,0,172.43599999999998,2026-09-23T06:14:16Z,105.73333333333333,1,0,1138.097,2026-09-23T06:14:16Z,105.73333333333333,1,0,2841.538,2026-09-23T07:00:31Z,,59.483333333333334,1,0,-18.776,2026-09-23T07:57:31Z,2026-09-23T07:40:00Z,2.4833333333333334,1,0,141.42,2026-09-23T07:57:31Z,2026-09-23T07:40:00Z,2.4833333333333334,1,0,8776.86,2026-09-23T07:57:31Z,2026-09-23T07:40:00Z,2.4833333333333334,1,0,4614.637,2026-09-23T07:57:31Z,2026-09-23T07:40:00Z,2.4833333333333334,1,0,503.964,2026-09-23T07:57:31Z,2026-09-23T07:40:00Z,2.4833333333333334,1,0,-14.956,2026-09-23T07:30:02Z,2026-09-23T07:00:00Z,29.966666666666665,1,0,141.54,2026-09-23T07:30:02Z,2026-09-23T07:00:00Z,29.966666666666665,1,0,0.022,2026-09-23T07:00:32Z,,59.46666666666667,1,0,0.0,2026-09-23T07:00:32Z,,59.46666666666667,1,0,3437.2105,254.74650000000003,204.605,372.545,2026-08-31T23:00:00Z,32220.0,1,,,0.0,188.998,4110.673,,,,,1,1,1,1,1,1,0,0,0,0,0,0,0,0,0,0,0,0,0,0,0,0,0,0,0,0,0,0,0,0,0,0,0,0,0,0,0,0,0,0,0,0,0,0,0,0,0,0,0,0,0,0,0,0,0,0,0,0,0,0,0,0,0,0,0,0,0,0,0,0,0,0,0,0,1,0,0,0,0,0,0,0,0,0,0,0,0,0,0,0,0,0,0,0,0,0,0,0,0,0,0,0,0,0,0,0,1,0,0,0,1,0,1,1,0,0,0,1,1,1,1
2026-09-23T08:30:00Z,2026-09-23T09:00:00Z,30,,,,0,1,,,,0,1,5478.0,2026-09-23T08:20:11Z,9.816666666666666,1,0,1003.0,2026-09-23T08:20:11Z,9.816666666666666,1,0,4475.0,2026-09-23T08:20:11Z,9.816666666666666,1,0,153.91,2026-09-23T08:00:31Z,29.483333333333334,1,0,1199.0,2026-09-23T08:00:31Z,29.483333333333334,1,0,1294.32,2026-09-23T08:00:31Z,29.483333333333334,1,0,0.0,2026-09-23T08:00:31Z,29.483333333333334,1,0,2830.77,2026-09-23T08:00:31Z,29.483333333333334,1,0,5478.0,2026-09-23T08:00:31Z,29.483333333333334,1,0,500.0,2026-09-23T06:00:11Z,149.81666666666666,1,0,530.0,2026-09-23T06:00:11Z,149.81666666666666,1,0,513.0,2026-09-23T06:00:11Z,149.81666666666666,1,0,500.0,2026-09-23T06:00:11Z,149.81666666666666,1,0,500.0,2026-09-23T06:00:11Z,149.81666666666666,1,0,504.0,2026-09-23T06:00:11Z,149.81666666666666,1,0,1149.7845,2026-09-23T08:20:00Z,10.0,1,0,3958.0115,2026-09-23T08:20:00Z,10.0,1,0,5107.796,2026-09-23T08:20:00Z,10.0,1,0,1310.533,2026-09-23T06:14:18Z,135.7,1,0,1310.533,2026-09-23T06:14:16Z,135.73333333333332,1,0,172.43599999999998,2026-09-23T06:14:16Z,135.73333333333332,1,0,1138.097,2026-09-23T06:14:16Z,135.73333333333332,1,0,1992.747,2026-09-23T08:00:31Z,,29.483333333333334,1,0,-23.09,2026-09-23T08:27:31Z,2026-09-23T08:10:00Z,2.4833333333333334,1,0,131.09,2026-09-23T08:27:31Z,2026-09-23T08:10:00Z,2.4833333333333334,1,0,8927.297,2026-09-23T08:27:31Z,2026-09-23T08:10:00Z,2.4833333333333334,1,0,4896.962,2026-09-23T08:27:31Z,2026-09-23T08:10:00Z,2.4833333333333334,1,0,503.964,2026-09-23T08:27:31Z,2026-09-23T08:10:00Z,2.4833333333333334,1,0,-16.516,2026-09-23T08:00:03Z,2026-09-23T07:30:00Z,29.95,1,0,140.17,2026-09-23T08:00:03Z,2026-09-23T07:30:00Z,29.95,1,0,0.017,2026-09-23T08:00:32Z,,29.466666666666665,1,0,0.0,2026-09-23T08:00:32Z,,29.466666666666665,1,0,3437.2105,254.74650000000003,204.605,372.545,2026-08-31T23:00:00Z,32250.0,1,,,0.0,153.91,4392.9980000000005,,,,,1,1,1,1,1,1,0,0,0,0,0,0,0,0,0,0,0,0,0,0,0,0,0,0,0,0,0,0,0,0,0,0,0,0,0,0,0,0,0,0,0,0,0,0,0,0,0,0,0,0,0,0,0,0,0,0,0,0,0,0,0,0,0,0,0,0,0,0,0,0,0,0,0,0,1,0,0,0,0,0,0,0,0,0,0,0,0,0,0,0,0,0,0,0,0,0,0,0,0,0,0,0,0,0,0,0,1,0,0,0,1,0,1,1,0,0,0,1,1,1,1
2026-09-23T08:30:00Z,2026-09-23T09:30:00Z,60,,,,0,1,,,,0,1,5357.0,2026-09-23T08:20:11Z,9.816666666666666,1,0,983.0,2026-09-23T08:20:11Z,9.816666666666666,1,0,4374.0,2026-09-23T08:20:11Z,9.816666666666666,1,0,10.428,2026-09-23T08:00:31Z,29.483333333333334,1,0,1094.0,2026-09-23T08:00:31Z,29.483333333333334,1,0,1426.002,2026-09-23T08:00:31Z,29.483333333333334,1,0,0.0,2026-09-23T08:00:31Z,29.483333333333334,1,0,2826.57,2026-09-23T08:00:31Z,29.483333333333334,1,0,5357.0,2026-09-23T08:00:31Z,29.483333333333334,1,0,500.0,2026-09-23T06:00:11Z,149.81666666666666,1,0,530.0,2026-09-23T06:00:11Z,149.81666666666666,1,0,513.0,2026-09-23T06:00:11Z,149.81666666666666,1,0,500.0,2026-09-23T06:00:11Z,149.81666666666666,1,0,500.0,2026-09-23T06:00:11Z,149.81666666666666,1,0,504.0,2026-09-23T06:00:11Z,149.81666666666666,1,0,1017.8785,2026-09-23T08:20:00Z,10.0,1,0,3986.2165,2026-09-23T08:20:00Z,10.0,1,0,5004.095,2026-09-23T08:20:00Z,10.0,1,0,1453.8004999999998,2026-09-23T06:14:18Z,135.7,1,0,1453.8004999999998,2026-09-23T06:14:16Z,135.73333333333332,1,0,193.56,2026-09-23T06:14:16Z,135.73333333333332,1,0,1260.2404999999999,2026-09-23T06:14:16Z,135.73333333333332,1,0,1992.747,2026-09-23T08:00:31Z,,29.483333333333334,1,0,-23.09,2026-09-23T08:27:31Z,2026-09-23T08:10:00Z,2.4833333333333334,1,0,131.09,2026-09-23T08:27:31Z,2026-09-23T08:10:00Z,2.4833333333333334,1,0,8927.297,2026-09-23T08:27:31Z,2026-09-23T08:10:00Z,2.4833333333333334,1,0,4896.962,2026-09-23T08:27:31Z,2026-09-23T08:10:00Z,2.4833333333333334,1,0,503.964,2026-09-23T08:27:31Z,2026-09-23T08:10:00Z,2.4833333333333334,1,0,-16.516,2026-09-23T08:00:03Z,2026-09-23T07:30:00Z,29.95,1,0,140.17,2026-09-23T08:00:03Z,2026-09-23T07:30:00Z,29.95,1,0,0.017,2026-09-23T08:00:32Z,,29.466666666666665,1,0,0.0,2026-09-23T08:00:32Z,,29.466666666666665,1,0,3437.2105,254.74650000000003,204.605,372.545,2026-08-31T23:00:00Z,32250.0,1,,,0.0,10.428,4392.9980000000005,,,,,1,1,1,1,1,1,0,0,0,0,0,0,0,0,0,0,0,0,0,0,0,0,0,0,0,0,0,0,0,0,0,0,0,0,0,0,0,0,0,0,0,0,0,0,0,0,0,0,0,0,0,0,0,0,0,0,0,0,0,0,0,0,0,0,0,0,0,0,0,0,0,0,0,0,1,0,0,0,0,0,0,0,0,0,0,0,0,0,0,0,0,0,0,0,0,0,0,0,0,0,0,0,0,0,0,0,1,0,0,0,1,0,1,1,0,0,0,1,1,1,1
2026-09-23T09:00:00Z,2026-09-23T09:30:00Z,30,,,,0,1,,,,0,1,5357.0,2026-09-23T08:50:10Z,9.833333333333334,1,0,983.0,2026-09-23T08:50:10Z,9.833333333333334,1,0,4374.0,2026-09-23T08:50:10Z,9.833333333333334,1,0,10.428,2026-09-23T08:00:31Z,59.483333333333334,1,0,1094.0,2026-09-23T08:00:31Z,59.483333333333334,1,0,1426.002,2026-09-23T08:00:31Z,59.483333333333334,1,0,0.0,2026-09-23T08:00:31Z,59.483333333333334,1,0,2826.57,2026-09-23T08:00:31Z,59.483333333333334,1,0,5357.0,2026-09-23T08:00:31Z,59.483333333333334,1,0,500.0,2026-09-23T06:00:11Z,179.81666666666666,1,0,530.0,2026-09-23T06:00:11Z,179.81666666666666,1,0,513.0,2026-09-23T06:00:11Z,179.81666666666666,1,0,500.0,2026-09-23T06:00:11Z,179.81666666666666,1,0,500.0,2026-09-23T06:00:11Z,179.81666666666666,1,0,504.0,2026-09-23T06:00:11Z,179.81666666666666,1,0,1017.8785,2026-09-23T08:50:00Z,10.0,1,0,3952.9065,2026-09-23T08:50:00Z,10.0,1,0,4970.785,2026-09-23T08:50:00Z,10.0,1,0,1453.8004999999998,2026-09-23T06:14:18Z,165.7,1,0,1453.8004999999998,2026-09-23T06:14:16Z,165.73333333333332,1,0,193.56,2026-09-23T06:14:16Z,165.73333333333332,1,0,1260.2404999999999,2026-09-23T06:14:16Z,165.73333333333332,1,0,1992.747,2026-09-23T08:00:31Z,,59.483333333333334,1,0,-28.719,2026-09-23T08:57:30Z,2026-09-23T08:40:00Z,2.5,1,0,131.58,2026-09-23T08:57:30Z,2026-09-23T08:40:00Z,2.5,1,0,9013.291,2026-09-23T08:57:30Z,2026-09-23T08:40:00Z,2.5,1,0,5003.319,2026-09-23T08:57:30Z,2026-09-23T08:40:00Z,2.5,1,0,499.516,2026-09-23T08:57:30Z,2026-09-23T08:40:00Z,2.5,1,0,-19.729,2026-09-23T08:30:03Z,2026-09-23T08:00:00Z,29.95,1,0,137.69,2026-09-23T08:30:03Z,2026-09-23T08:00:00Z,29.95,1,0,0.017,2026-09-23T08:00:32Z,,59.46666666666667,1,0,0.0,2026-09-23T08:00:32Z,,59.46666666666667,1,0,3437.2105,254.74650000000003,204.605,372.545,2026-08-31T23:00:00Z,32280.0,1,,,0.0,10.428,4503.803000000001,,,,,1,1,1,1,1,1,0,0,0,0,0,0,0,0,0,0,0,0,0,0,0,0,0,0,0,0,0,0,0,0,0,0,0,0,0,0,0,0,0,0,0,0,0,0,0,0,0,0,0,0,0,0,0,0,0,0,0,0,0,0,0,0,0,0,0,0,0,0,0,0,0,0,0,0,1,0,0,0,0,0,0,0,0,0,0,0,0,0,0,0,0,0,0,0,0,0,0,0,0,0,0,0,0,0,0,0,1,0,0,0,1,0,1,1,0,0,0,1,1,1,1
2026-09-23T09:00:00Z,2026-09-23T10:00:00Z,60,,,,0,1,,,,0,1,5326.0,2026-09-23T08:50:10Z,9.833333333333334,1,0,972.0,2026-09-23T08:50:10Z,9.833333333333334,1,0,4354.0,2026-09-23T08:50:10Z,9.833333333333334,1,0,82.246,2026-09-23T08:00:31Z,59.483333333333334,1,0,939.0,2026-09-23T08:00:31Z,59.483333333333334,1,0,1562.704,2026-09-23T08:00:31Z,59.483333333333334,1,0,0.0,2026-09-23T08:00:31Z,59.483333333333334,1,0,2742.05,2026-09-23T08:00:31Z,59.483333333333334,1,0,5326.0,2026-09-23T08:00:31Z,59.483333333333334,1,0,500.0,2026-09-23T06:00:11Z,179.81666666666666,1,0,530.0,2026-09-23T06:00:11Z,179.81666666666666,1,0,513.0,2026-09-23T06:00:11Z,179.81666666666666,1,0,500.0,2026-09-23T06:00:11Z,179.81666666666666,1,0,500.0,2026-09-23T06:00:11Z,179.81666666666666,1,0,504.0,2026-09-23T06:00:11Z,179.81666666666666,1,0,961.7995,2026-09-23T08:50:00Z,10.0,1,0,3948.6205,2026-09-23T08:50:00Z,10.0,1,0,4910.42,2026-09-23T08:50:00Z,10.0,1,0,1577.449,2026-09-23T06:14:18Z,165.7,1,0,1577.449,2026-09-23T06:14:16Z,165.73333333333332,1,0,210.087,2026-09-23T06:14:16Z,165.73333333333332,1,0,1367.362,2026-09-23T06:14:16Z,165.73333333333332,1,0,1992.747,2026-09-23T08:00:31Z,,59.483333333333334,1,0,-28.719,2026-09-23T08:57:30Z,2026-09-23T08:40:00Z,2.5,1,0,131.58,2026-09-23T08:57:30Z,2026-09-23T08:40:00Z,2.5,1,0,9013.291,2026-09-23T08:57:30Z,2026-09-23T08:40:00Z,2.5,1,0,5003.319,2026-09-23T08:57:30Z,2026-09-23T08:40:00Z,2.5,1,0,499.516,2026-09-23T08:57:30Z,2026-09-23T08:40:00Z,2.5,1,0,-19.729,2026-09-23T08:30:03Z,2026-09-23T08:00:00Z,29.95,1,0,137.69,2026-09-23T08:30:03Z,2026-09-23T08:00:00Z,29.95,1,0,0.017,2026-09-23T08:00:32Z,,59.46666666666667,1,0,0.0,2026-09-23T08:00:32Z,,59.46666666666667,1,0,3437.2105,254.74650000000003,204.605,372.545,2026-08-31T23:00:00Z,32280.0,1,,,0.0,82.246,4503.803000000001,,,,,1,1,1,1,1,1,0,0,0,0,0,0,0,0,0,0,0,0,0,0,0,0,0,0,0,0,0,0,0,0,0,0,0,0,0,0,0,0,0,0,0,0,0,0,0,0,0,0,0,0,0,0,0,0,0,0,0,0,0,0,0,0,0,0,0,0,0,0,0,0,0,0,0,0,1,0,0,0,0,0,0,0,0,0,0,0,0,0,0,0,0,0,0,0,0,0,0,0,0,0,0,0,0,0,0,0,1,0,0,0,1,0,1,1,0,0,0,1,1,1,1
2026-09-23T09:30:00Z,2026-09-23T10:00:00Z,30,,,,0,1,,,,0,1,5326.0,2026-09-23T09:20:16Z,9.733333333333333,1,0,972.0,2026-09-23T09:20:16Z,9.733333333333333,1,0,4354.0,2026-09-23T09:20:16Z,9.733333333333333,1,0,105.591,2026-09-23T09:00:35Z,29.416666666666668,1,0,939.0,2026-09-23T09:00:35Z,29.416666666666668,1,0,1548.91,2026-09-23T09:00:35Z,29.416666666666668,1,0,0.0,2026-09-23T09:00:35Z,29.416666666666668,1,0,2732.5,2026-09-23T09:00:35Z,29.416666666666668,1,0,5326.0,2026-09-23T09:00:35Z,29.416666666666668,1,0,500.0,2026-09-23T06:00:11Z,209.81666666666666,1,0,530.0,2026-09-23T06:00:11Z,209.81666666666666,1,0,513.0,2026-09-23T06:00:11Z,209.81666666666666,1,0,500.0,2026-09-23T06:00:11Z,209.81666666666666,1,0,500.0,2026-09-23T06:00:11Z,209.81666666666666,1,0,504.0,2026-09-23T06:00:11Z,209.81666666666666,1,0,961.7995,2026-09-23T09:20:00Z,10.0,1,0,3904.0555,2026-09-23T09:20:00Z,10.0,1,0,4865.855,2026-09-23T09:20:00Z,10.0,1,0,1577.449,2026-09-23T06:14:18Z,195.7,1,0,1577.449,2026-09-23T06:14:16Z,195.73333333333332,1,0,210.087,2026-09-23T06:14:16Z,195.73333333333332,1,0,1367.362,2026-09-23T06:14:16Z,195.73333333333332,1,0,1417.54,2026-09-23T09:00:36Z,,29.4,1,0,-16.181,2026-09-23T09:27:26Z,2026-09-23T09:10:00Z,2.566666666666667,1,0,127.61,2026-09-23T09:27:26Z,2026-09-23T09:10:00Z,2.566666666666667,1,0,9107.793,2026-09-23T09:27:26Z,2026-09-23T09:10:00Z,2.566666666666667,1,0,5134.139,2026-09-23T09:27:26Z,2026-09-23T09:10:00Z,2.566666666666667,1,0,499.516,2026-09-23T09:27:26Z,2026-09-23T09:10:00Z,2.566666666666667,1,0,-24.249,2026-09-23T09:00:02Z,2026-09-23T08:30:00Z,29.966666666666665,1,0,132.03,2026-09-23T09:00:02Z,2026-09-23T08:30:00Z,29.966666666666665,1,0,0.015,2026-09-23T09:00:37Z,,29.383333333333333,1,0,0.0,2026-09-23T09:00:37Z,,29.383333333333333,1,0,3437.2105,254.74650000000003,204.605,372.545,2026-08-31T23:00:00Z,32310.0,1,,,0.0,105.591,4634.6230000000005,,,,,1,1,1,1,1,1,0,0,0,0,0,0,0,0,0,0,0,0,0,0,0,0,0,0,0,0,0,0,0,0,0,0,0,0,0,0,0,0,0,0,0,0,0,0,0,0,0,0,0,0,0,0,0,0,0,0,0,0,0,0,0,0,0,0,0,0,0,0,0,0,0,0,0,0,1,0,0,0,0,0,0,0,0,0,0,0,0,0,0,0,0,0,0,0,0,0,0,0,0,0,0,0,0,0,0,0,1,0,0,0,1,0,1,1,0,0,0,1,1,1,1
2026-09-23T09:30:00Z,2026-09-23T10:30:00Z,60,,,,0,1,,,,0,1,5206.0,2026-09-23T09:20:16Z,9.733333333333333,1,0,947.0,2026-09-23T09:20:16Z,9.733333333333333,1,0,4259.0,2026-09-23T09:20:16Z,9.733333333333333,1,0,-106.856,2026-09-23T09:00:35Z,29.416666666666668,1,0,1113.0,2026-09-23T09:00:35Z,29.416666666666668,1,0,1622.373,2026-09-23T09:00:35Z,29.416666666666668,1,0,0.0,2026-09-23T09:00:35Z,29.416666666666668,1,0,2577.483,2026-09-23T09:00:35Z,29.416666666666668,1,0,5206.0,2026-09-23T09:00:35Z,29.416666666666668,1,0,500.0,2026-09-23T06:00:11Z,209.81666666666666,1,0,530.0,2026-09-23T06:00:11Z,209.81666666666666,1,0,513.0,2026-09-23T06:00:11Z,209.81666666666666,1,0,500.0,2026-09-23T06:00:11Z,209.81666666666666,1,0,500.0,2026-09-23T06:00:11Z,209.81666666666666,1,0,504.0,2026-09-23T06:00:11Z,209.81666666666666,1,0,1092.3615,2026-09-23T09:20:00Z,10.0,1,0,3658.4535,2026-09-23T09:20:00Z,10.0,1,0,4750.815,2026-09-23T09:20:00Z,10.0,1,0,1642.254,2026-09-23T06:14:18Z,195.7,1,0,1642.254,2026-09-23T06:14:16Z,195.73333333333332,1,0,212.8105,2026-09-23T06:14:16Z,195.73333333333332,1,0,1429.4434999999999,2026-09-23T06:14:16Z,195.73333333333332,1,0,1417.54,2026-09-23T09:00:36Z,,29.4,1,0,-16.181,2026-09-23T09:27:26Z,2026-09-23T09:10:00Z,2.566666666666667,1,0,127.61,2026-09-23T09:27:26Z,2026-09-23T09:10:00Z,2.566666666666667,1,0,9107.793,2026-09-23T09:27:26Z,2026-09-23T09:10:00Z,2.566666666666667,1,0,5134.139,2026-09-23T09:27:26Z,2026-09-23T09:10:00Z,2.566666666666667,1,0,499.516,2026-09-23T09:27:26Z,2026-09-23T09:10:00Z,2.566666666666667,1,0,-24.249,2026-09-23T09:00:02Z,2026-09-23T08:30:00Z,29.966666666666665,1,0,132.03,2026-09-23T09:00:02Z,2026-09-23T08:30:00Z,29.966666666666665,1,0,0.015,2026-09-23T09:00:37Z,,29.383333333333333,1,0,0.0,2026-09-23T09:00:37Z,,29.383333333333333,1,0,3437.2105,254.74650000000003,204.605,372.545,2026-08-31T23:00:00Z,32310.0,1,,,0.0,-106.856,4634.6230000000005,,,,,1,1,1,1,1,1,0,0,0,0,0,0,0,0,0,0,0,0,0,0,0,0,0,0,0,0,0,0,0,0,0,0,0,0,0,0,0,0,0,0,0,0,0,0,0,0,0,0,0,0,0,0,0,0,0,0,0,0,0,0,0,0,0,0,0,0,0,0,0,0,0,0,0,0,1,0,0,0,0,0,0,0,0,0,0,0,0,0,0,0,0,0,0,0,0,0,0,0,0,0,0,0,0,0,0,0,1,0,0,0,1,0,1,1,0,0,0,1,1,1,1
2026-09-23T10:00:00Z,2026-09-23T10:30:00Z,30,,,,0,1,,,,0,1,5206.0,2026-09-23T09:50:21Z,9.65,1,0,947.0,2026-09-23T09:50:21Z,9.65,1,0,4259.0,2026-09-23T09:50:21Z,9.65,1,0,-106.856,2026-09-23T09:00:35Z,59.416666666666664,1,0,1113.0,2026-09-23T09:00:35Z,59.416666666666664,1,0,1622.373,2026-09-23T09:00:35Z,59.416666666666664,1,0,0.0,2026-09-23T09:00:35Z,59.416666666666664,1,0,2577.483,2026-09-23T09:00:35Z,59.416666666666664,1,0,5206.0,2026-09-23T09:00:35Z,59.416666666666664,1,0,500.0,2026-09-23T06:00:11Z,239.81666666666666,1,0,530.0,2026-09-23T06:00:11Z,239.81666666666666,1,0,513.0,2026-09-23T06:00:11Z,239.81666666666666,1,0,500.0,2026-09-23T06:00:11Z,239.81666666666666,1,0,500.0,2026-09-23T06:00:11Z,239.81666666666666,1,0,504.0,2026-09-23T06:00:11Z,239.81666666666666,1,0,1092.3615,2026-09-23T09:50:00Z,10.0,1,0,3638.0335,2026-09-23T09:50:00Z,10.0,1,0,4730.395,2026-09-23T09:50:00Z,10.0,1,0,1642.254,2026-09-23T06:14:18Z,225.7,1,0,1642.254,2026-09-23T06:14:16Z,225.73333333333332,1,0,212.8105,2026-09-23T06:14:16Z,225.73333333333332,1,0,1429.4434999999999,2026-09-23T06:14:16Z,225.73333333333332,1,0,1417.54,2026-09-23T09:00:36Z,,59.4,1,0,-30.49,2026-09-23T09:57:50Z,2026-09-23T09:40:00Z,2.1666666666666665,1,0,129.26,2026-09-23T09:57:50Z,2026-09-23T09:40:00Z,2.1666666666666665,1,0,9200.211,2026-09-23T09:57:50Z,2026-09-23T09:40:00Z,2.1666666666666665,1,0,5227.837,2026-09-23T09:57:50Z,2026-09-23T09:40:00Z,2.1666666666666665,1,0,499.516,2026-09-23T09:57:50Z,2026-09-23T09:40:00Z,2.1666666666666665,1,0,-28.664,2026-09-23T09:30:03Z,2026-09-23T09:00:00Z,29.95,1,0,131.42,2026-09-23T09:30:03Z,2026-09-23T09:00:00Z,29.95,1,0,0.015,2026-09-23T09:00:37Z,,59.38333333333333,1,0,0.0,2026-09-23T09:00:37Z,,59.38333333333333,1,0,3437.2105,254.74650000000003,204.605,372.545,2026-08-31T23:00:00Z,32340.0,1,,,0.0,-106.856,4728.321000000001,,,,,1,1,1,1,1,1,0,0,0,0,0,0,0,0,0,0,0,0,0,0,0,0,0,0,0,0,0,0,0,0,0,0,0,0,0,0,0,0,0,0,0,0,0,0,0,0,0,0,0,0,0,0,0,0,0,0,0,0,0,0,0,0,0,0,0,0,0,0,0,0,0,0,0,0,1,0,0,0,0,0,0,0,0,0,0,0,0,0,0,0,0,0,0,0,0,0,0,0,0,0,0,0,0,0,0,0,1,0,0,0,1,0,1,1,0,0,0,1,1,1,1
2026-09-23T10:00:00Z,2026-09-23T11:00:00Z,60,,,,0,1,,,,0,1,5169.0,2026-09-23T09:50:21Z,9.65,1,0,942.0,2026-09-23T09:50:21Z,9.65,1,0,4227.0,2026-09-23T09:50:21Z,9.65,1,0,-114.547,2026-09-23T09:00:35Z,59.416666666666664,1,0,1185.0,2026-09-23T09:00:35Z,59.416666666666664,1,0,1690.937,2026-09-23T09:00:35Z,59.416666666666664,1,0,0.0,2026-09-23T09:00:35Z,59.416666666666664,1,0,2407.61,2026-09-23T09:00:35Z,59.416666666666664,1,0,5169.0,2026-09-23T09:00:35Z,59.416666666666664,1,0,500.0,2026-09-23T06:00:11Z,239.81666666666666,1,0,530.0,2026-09-23T06:00:11Z,239.81666666666666,1,0,513.0,2026-09-23T06:00:11Z,239.81666666666666,1,0,500.0,2026-09-23T06:00:11Z,239.81666666666666,1,0,500.0,2026-09-23T06:00:11Z,239.81666666666666,1,0,504.0,2026-09-23T06:00:11Z,239.81666666666666,1,0,1172.844,2026-09-23T09:50:00Z,10.0,1,0,3541.7755,2026-09-23T09:50:00Z,10.0,1,0,4714.6195,2026-09-23T09:50:00Z,10.0,1,0,1687.444,2026-09-23T06:14:18Z,225.7,1,0,1687.444,2026-09-23T06:14:16Z,225.73333333333332,1,0,215.46050000000002,2026-09-23T06:14:16Z,225.73333333333332,1,0,1471.9834999999998,2026-09-23T06:14:16Z,225.73333333333332,1,0,1417.54,2026-09-23T09:00:36Z,,59.4,1,0,-30.49,2026-09-23T09:57:50Z,2026-09-23T09:40:00Z,2.1666666666666665,1,0,129.26,2026-09-23T09:57:50Z,2026-09-23T09:40:00Z,2.1666666666666665,1,0,9200.211,2026-09-23T09:57:50Z,2026-09-23T09:40:00Z,2.1666666666666665,1,0,5227.837,2026-09-23T09:57:50Z,2026-09-23T09:40:00Z,2.1666666666666665,1,0,499.516,2026-09-23T09:57:50Z,2026-09-23T09:40:00Z,2.1666666666666665,1,0,-28.664,2026-09-23T09:30:03Z,2026-09-23T09:00:00Z,29.95,1,0,131.42,2026-09-23T09:30:03Z,2026-09-23T09:00:00Z,29.95,1,0,0.015,2026-09-23T09:00:37Z,,59.38333333333333,1,0,0.0,2026-09-23T09:00:37Z,,59.38333333333333,1,0,3437.2105,254.74650000000003,204.605,372.545,2026-08-31T23:00:00Z,32340.0,1,,,0.0,-114.547,4728.321000000001,,,,,1,1,1,1,1,1,0,0,0,0,0,0,0,0,0,0,0,0,0,0,0,0,0,0,0,0,0,0,0,0,0,0,0,0,0,0,0,0,0,0,0,0,0,0,0,0,0,0,0,0,0,0,0,0,0,0,0,0,0,0,0,0,0,0,0,0,0,0,0,0,0,0,0,0,1,0,0,0,0,0,0,0,0,0,0,0,0,0,0,0,0,0,0,0,0,0,0,0,0,0,0,0,0,0,0,0,1,0,0,0,1,0,1,1,0,0,0,1,1,1,1
2026-09-23T10:30:00Z,2026-09-23T11:00:00Z,30,,,,0,1,,,,0,1,5169.0,2026-09-23T10:20:05Z,9.916666666666666,1,0,942.0,2026-09-23T10:20:05Z,9.916666666666666,1,0,4227.0,2026-09-23T10:20:05Z,9.916666666666666,1,0,-126.413,2026-09-23T10:00:36Z,29.4,1,0,1185.0,2026-09-23T10:00:36Z,29.4,1,0,1702.053,2026-09-23T10:00:36Z,29.4,1,0,0.0,2026-09-23T10:00:36Z,29.4,1,0,2408.36,2026-09-23T10:00:36Z,29.4,1,0,5169.0,2026-09-23T10:00:36Z,29.4,1,0,500.0,2026-09-23T06:00:11Z,269.81666666666666,1,0,530.0,2026-09-23T06:00:11Z,269.81666666666666,1,0,513.0,2026-09-23T06:00:11Z,269.81666666666666,1,0,500.0,2026-09-23T06:00:11Z,269.81666666666666,1,0,500.0,2026-09-23T06:00:11Z,269.81666666666666,1,0,504.0,2026-09-23T06:00:11Z,269.81666666666666,1,0,1172.844,2026-09-23T10:20:00Z,10.0,1,0,3492.377,2026-09-23T10:20:00Z,10.0,1,0,4665.221,2026-09-23T10:20:00Z,10.0,1,0,1687.444,2026-09-23T06:14:18Z,255.7,1,0,1687.444,2026-09-23T06:14:16Z,255.73333333333332,1,0,215.46050000000002,2026-09-23T06:14:16Z,255.73333333333332,1,0,1471.9834999999998,2026-09-23T06:14:16Z,255.73333333333332,1,0,1410.644,2026-09-23T10:00:37Z,,29.383333333333333,1,0,-32.867,2026-09-23T10:27:45Z,2026-09-23T10:10:00Z,2.25,1,0,128.85,2026-09-23T10:27:45Z,2026-09-23T10:10:00Z,2.25,1,0,9338.609,2026-09-23T10:27:45Z,2026-09-23T10:10:00Z,2.25,1,0,5375.386,2026-09-23T10:27:45Z,2026-09-23T10:10:00Z,2.25,1,0,499.516,2026-09-23T10:27:45Z,2026-09-23T10:10:00Z,2.25,1,0,-20.395,2026-09-23T10:00:03Z,2026-09-23T09:30:00Z,29.95,1,0,134.23,2026-09-23T10:00:03Z,2026-09-23T09:30:00Z,29.95,1,0,0.016,2026-09-23T10:00:37Z,,29.383333333333333,1,0,0.0,2026-09-23T10:00:37Z,,29.383333333333333,1,0,3437.2105,254.74650000000003,204.605,372.545,2026-08-31T23:00:00Z,32370.0,1,,,0.0,-126.413,4875.870000000001,,,,,1,1,1,1,1,1,0,0,0,0,0,0,0,0,0,0,0,0,0,0,0,0,0,0,0,0,0,0,0,0,0,0,0,0,0,0,0,0,0,0,0,0,0,0,0,0,0,0,0,0,0,0,0,0,0,0,0,0,0,0,0,0,0,0,0,0,0,0,0,0,0,0,0,0,1,0,0,0,0,0,0,0,0,0,0,0,0,0,0,0,0,0,0,0,0,0,0,0,0,0,0,0,0,0,0,0,1,0,0,0,1,0,1,1,0,0,0,1,1,1,1
2026-09-23T10:30:00Z,2026-09-23T11:30:00Z,60,,,,0,1,,,,0,1,5200.0,2026-09-23T10:20:05Z,9.916666666666666,1,0,943.0,2026-09-23T10:20:05Z,9.916666666666666,1,0,4257.0,2026-09-23T10:20:05Z,9.916666666666666,1,0,-6.887,2026-09-23T10:00:36Z,29.4,1,0,1305.0,2026-09-23T10:00:36Z,29.4,1,0,1691.767,2026-09-23T10:00:36Z,29.4,1,0,0.0,2026-09-23T10:00:36Z,29.4,1,0,2210.12,2026-09-23T10:00:36Z,29.4,1,0,5200.0,2026-09-23T10:00:36Z,29.4,1,0,500.0,2026-09-23T06:00:11Z,269.81666666666666,1,0,530.0,2026-09-23T06:00:11Z,269.81666666666666,1,0,513.0,2026-09-23T06:00:11Z,269.81666666666666,1,0,500.0,2026-09-23T06:00:11Z,269.81666666666666,1,0,500.0,2026-09-23T06:00:11Z,269.81666666666666,1,0,504.0,2026-09-23T06:00:11Z,269.81666666666666,1,0,1271.627,2026-09-23T10:20:00Z,10.0,1,0,3417.838,2026-09-23T10:20:00Z,10.0,1,0,4689.465,2026-09-23T10:20:00Z,10.0,1,0,1673.753,2026-09-23T06:14:18Z,255.7,1,0,1673.753,2026-09-23T06:14:16Z,255.73333333333332,1,0,217.88600000000002,2026-09-23T06:14:16Z,255.73333333333332,1,0,1455.867,2026-09-23T06:14:16Z,255.73333333333332,1,0,1410.644,2026-09-23T10:00:37Z,,29.383333333333333,1,0,-32.867,2026-09-23T10:27:45Z,2026-09-23T10:10:00Z,2.25,1,0,128.85,2026-09-23T10:27:45Z,2026-09-23T10:10:00Z,2.25,1,0,9338.609,2026-09-23T10:27:45Z,2026-09-23T10:10:00Z,2.25,1,0,5375.386,2026-09-23T10:27:45Z,2026-09-23T10:10:00Z,2.25,1,0,499.516,2026-09-23T10:27:45Z,2026-09-23T10:10:00Z,2.25,1,0,-20.395,2026-09-23T10:00:03Z,2026-09-23T09:30:00Z,29.95,1,0,134.23,2026-09-23T10:00:03Z,2026-09-23T09:30:00Z,29.95,1,0,0.016,2026-09-23T10:00:37Z,,29.383333333333333,1,0,0.0,2026-09-23T10:00:37Z,,29.383333333333333,1,0,3437.2105,254.74650000000003,204.605,372.545,2026-08-31T23:00:00Z,32370.0,1,,,0.0,-6.887,4875.870000000001,,,,,1,1,1,1,1,1,0,0,0,0,0,0,0,0,0,0,0,0,0,0,0,0,0,0,0,0,0,0,0,0,0,0,0,0,0,0,0,0,0,0,0,0,0,0,0,0,0,0,0,0,0,0,0,0,0,0,0,0,0,0,0,0,0,0,0,0,0,0,0,0,0,0,0,0,1,0,0,0,0,0,0,0,0,0,0,0,0,0,0,0,0,0,0,0,0,0,0,0,0,0,0,0,0,0,0,0,1,0,0,0,1,0,1,1,0,0,0,1,1,1,1
2026-09-23T11:00:00Z,2026-09-23T11:30:00Z,30,,,,0,1,,,,0,1,5200.0,2026-09-23T10:50:11Z,9.816666666666666,1,0,943.0,2026-09-23T10:50:11Z,9.816666666666666,1,0,4257.0,2026-09-23T10:50:11Z,9.816666666666666,1,0,-6.887,2026-09-23T10:00:36Z,59.4,1,0,1305.0,2026-09-23T10:00:36Z,59.4,1,0,1691.767,2026-09-23T10:00:36Z,59.4,1,0,0.0,2026-09-23T10:00:36Z,59.4,1,0,2210.12,2026-09-23T10:00:36Z,59.4,1,0,5200.0,2026-09-23T10:00:36Z,59.4,1,0,500.0,2026-09-23T06:00:11Z,299.81666666666666,1,0,530.0,2026-09-23T06:00:11Z,299.81666666666666,1,0,513.0,2026-09-23T06:00:11Z,299.81666666666666,1,0,500.0,2026-09-23T06:00:11Z,299.81666666666666,1,0,500.0,2026-09-23T06:00:11Z,299.81666666666666,1,0,504.0,2026-09-23T06:00:11Z,299.81666666666666,1,0,1271.627,2026-09-23T10:50:00Z,10.0,1,0,3437.318,2026-09-23T10:50:00Z,10.0,1,0,4708.945,2026-09-23T10:50:00Z,10.0,1,0,1673.753,2026-09-23T06:14:18Z,285.7,1,0,1673.753,2026-09-23T06:14:16Z,285.73333333333335,1,0,217.88600000000002,2026-09-23T06:14:16Z,285.73333333333335,1,0,1455.867,2026-09-23T06:14:16Z,285.73333333333335,1,0,1410.644,2026-09-23T10:00:37Z,,59.38333333333333,1,0,-41.277,2026-09-23T10:57:56Z,2026-09-23T10:40:00Z,2.066666666666667,1,0,110.74,2026-09-23T10:57:56Z,2026-09-23T10:40:00Z,2.066666666666667,1,0,9513.408,2026-09-23T10:57:56Z,2026-09-23T10:40:00Z,2.066666666666667,1,0,5758.835,2026-09-23T10:57:56Z,2026-09-23T10:40:00Z,2.066666666666667,1,0,499.516,2026-09-23T10:57:56Z,2026-09-23T10:40:00Z,2.066666666666667,1,0,-35.016,2026-09-23T10:30:03Z,2026-09-23T10:00:00Z,29.95,1,0,118.03,2026-09-23T10:30:03Z,2026-09-23T10:00:00Z,29.95,1,0,0.016,2026-09-23T10:00:37Z,,59.38333333333333,1,0,0.0,2026-09-23T10:00:37Z,,59.38333333333333,1,0,3437.2105,254.74650000000003,204.605,372.545,2026-08-31T23:00:00Z,32400.0,1,,,0.0,-6.887,5259.319,,,,,1,1,1,1,1,1,0,0,0,0,0,0,0,0,0,0,0,0,0,0,0,0,0,0,0,0,0,0,0,0,0,0,0,0,0,0,0,0,0,0,0,0,0,0,0,0,0,0,0,0,0,0,0,0,0,0,0,0,0,0,0,0,0,0,0,0,0,0,0,0,0,0,0,0,1,0,0,0,0,0,0,0,0,0,0,0,0,0,0,0,0,0,0,0,0,0,0,0,0,0,0,0,0,0,0,0,1,0,0,0,1,0,1,1,0,0,0,1,1,1,1
2026-09-23T11:00:00Z,2026-09-23T12:00:00Z,60,,,,0,1,,,,0,1,5179.0,2026-09-23T10:50:11Z,9.816666666666666,1,0,932.0,2026-09-23T10:50:11Z,9.816666666666666,1,0,4247.0,2026-09-23T10:50:11Z,9.816666666666666,1,0,-17.749,2026-09-23T10:00:36Z,59.4,1,0,1241.0,2026-09-23T10:00:36Z,59.4,1,0,1663.718,2026-09-23T10:00:36Z,59.4,1,0,0.0,2026-09-23T10:00:36Z,59.4,1,0,2292.03,2026-09-23T10:00:36Z,59.4,1,0,5179.0,2026-09-23T10:00:36Z,59.4,1,0,500.0,2026-09-23T06:00:11Z,299.81666666666666,1,0,530.0,2026-09-23T06:00:11Z,299.81666666666666,1,0,513.0,2026-09-23T06:00:11Z,299.81666666666666,1,0,500.0,2026-09-23T06:00:11Z,299.81666666666666,1,0,500.0,2026-09-23T06:00:11Z,299.81666666666666,1,0,504.0,2026-09-23T06:00:11Z,299.81666666666666,1,0,1187.3145,2026-09-23T10:50:00Z,10.0,1,0,3490.6755,2026-09-23T10:50:00Z,10.0,1,0,4677.99,2026-09-23T10:50:00Z,10.0,1,0,1642.094,2026-09-23T06:14:18Z,285.7,1,0,1642.094,2026-09-23T06:14:16Z,285.73333333333335,1,0,217.2625,2026-09-23T06:14:16Z,285.73333333333335,1,0,1424.8315,2026-09-23T06:14:16Z,285.73333333333335,1,0,1410.644,2026-09-23T10:00:37Z,,59.38333333333333,1,0,-41.277,2026-09-23T10:57:56Z,2026-09-23T10:40:00Z,2.066666666666667,1,0,110.74,2026-09-23T10:57:56Z,2026-09-23T10:40:00Z,2.066666666666667,1,0,9513.408,2026-09-23T10:57:56Z,2026-09-23T10:40:00Z,2.066666666666667,1,0,5758.835,2026-09-23T10:57:56Z,2026-09-23T10:40:00Z,2.066666666666667,1,0,499.516,2026-09-23T10:57:56Z,2026-09-23T10:40:00Z,2.066666666666667,1,0,-35.016,2026-09-23T10:30:03Z,2026-09-23T10:00:00Z,29.95,1,0,118.03,2026-09-23T10:30:03Z,2026-09-23T10:00:00Z,29.95,1,0,0.016,2026-09-23T10:00:37Z,,59.38333333333333,1,0,0.0,2026-09-23T10:00:37Z,,59.38333333333333,1,0,3437.2105,254.74650000000003,204.605,372.545,2026-08-31T23:00:00Z,32400.0,1,,,0.0,-17.749,5259.319,,,,,1,1,1,1,1,1,0,0,0,0,0,0,0,0,0,0,0,0,0,0,0,0,0,0,0,0,0,0,0,0,0,0,0,0,0,0,0,0,0,0,0,0,0,0,0,0,0,0,0,0,0,0,0,0,0,0,0,0,0,0,0,0,0,0,0,0,0,0,0,0,0,0,0,0,1,0,0,0,0,0,0,0,0,0,0,0,0,0,0,0,0,0,0,0,0,0,0,0,0,0,0,0,0,0,0,0,1,0,0,0,1,0,1,1,0,0,0,1,1,1,1
2026-09-23T11:30:00Z,2026-09-23T12:00:00Z,30,,,,0,1,,,,0,1,5179.0,2026-09-23T11:20:16Z,9.733333333333333,1,0,932.0,2026-09-23T11:20:16Z,9.733333333333333,1,0,4247.0,2026-09-23T11:20:16Z,9.733333333333333,1,0,-28.436,2026-09-23T11:00:36Z,29.4,1,0,1241.0,2026-09-23T11:00:36Z,29.4,1,0,1675.206,2026-09-23T11:00:36Z,29.4,1,0,0.0,2026-09-23T11:00:36Z,29.4,1,0,2291.23,2026-09-23T11:00:36Z,29.4,1,0,5179.0,2026-09-23T11:00:36Z,29.4,1,0,500.0,2026-09-23T06:00:11Z,329.81666666666666,1,0,530.0,2026-09-23T06:00:11Z,329.81666666666666,1,0,513.0,2026-09-23T06:00:11Z,329.81666666666666,1,0,500.0,2026-09-23T06:00:11Z,329.81666666666666,1,0,500.0,2026-09-23T06:00:11Z,329.81666666666666,1,0,504.0,2026-09-23T06:00:11Z,329.81666666666666,1,0,1187.3145,2026-09-23T11:20:00Z,10.0,1,0,3469.4205,2026-09-23T11:20:00Z,10.0,1,0,4656.735,2026-09-23T11:20:00Z,10.0,1,0,1642.094,2026-09-23T06:14:18Z,315.7,1,0,1642.094,2026-09-23T06:14:16Z,315.73333333333335,1,0,217.2625,2026-09-23T06:14:16Z,315.73333333333335,1,0,1424.8315,2026-09-23T06:14:16Z,315.73333333333335,1,0,1519.171,2026-09-23T11:00:37Z,,29.383333333333333,1,0,-28.12,2026-09-23T11:27:37Z,2026-09-23T11:10:00Z,2.3833333333333333,1,0,121.89,2026-09-23T11:27:37Z,2026-09-23T11:10:00Z,2.3833333333333333,1,0,9427.626,2026-09-23T11:27:37Z,2026-09-23T11:10:00Z,2.3833333333333333,1,0,5977.736,2026-09-23T11:27:37Z,2026-09-23T11:10:00Z,2.3833333333333333,1,0,499.516,2026-09-23T11:27:37Z,2026-09-23T11:10:00Z,2.3833333333333333,1,0,-34.58,2026-09-23T11:00:07Z,2026-09-23T10:30:00Z,29.883333333333333,1,0,124.95,2026-09-23T11:00:07Z,2026-09-23T10:30:00Z,29.883333333333333,1,0,0.017,2026-09-23T11:00:38Z,,29.366666666666667,1,0,0.0,2026-09-23T11:00:38Z,,29.366666666666667,1,0,3437.2105,254.74650000000003,204.605,372.545,2026-08-31T23:00:00Z,32430.0,1,,,0.0,-28.436,5478.22,,,,,1,1,1,1,1,1,0,0,0,0,0,0,0,0,0,0,0,0,0,0,0,0,0,0,0,0,0,0,0,0,0,0,0,0,0,0,0,0,0,0,0,0,0,0,0,0,0,0,0,0,0,0,0,0,0,0,0,0,0,0,0,0,0,0,0,0,0,0,0,0,0,0,0,0,1,0,0,0,0,0,0,0,0,0,0,0,0,0,0,0,0,0,0,0,0,0,0,0,0,0,0,0,0,0,0,0,1,0,0,0,1,0,1,1,0,0,0,1,1,1,1
2026-09-23T11:30:00Z,2026-09-23T12:30:00Z,60,,,,0,1,,,,0,1,5122.0,2026-09-23T11:20:16Z,9.733333333333333,1,0,904.0,2026-09-23T11:20:16Z,9.733333333333333,1,0,4218.0,2026-09-23T11:20:16Z,9.733333333333333,1,0,48.266,2026-09-23T11:00:36Z,29.4,1,0,1279.0,2026-09-23T11:00:36Z,29.4,1,0,1593.224,2026-09-23T11:00:36Z,29.4,1,0,0.0,2026-09-23T11:00:36Z,29.4,1,0,2201.51,2026-09-23T11:00:36Z,29.4,1,0,5122.0,2026-09-23T11:00:36Z,29.4,1,0,500.0,2026-09-23T06:00:11Z,329.81666666666666,1,0,530.0,2026-09-23T06:00:11Z,329.81666666666666,1,0,513.0,2026-09-23T06:00:11Z,329.81666666666666,1,0,500.0,2026-09-23T06:00:11Z,329.81666666666666,1,0,500.0,2026-09-23T06:00:11Z,329.81666666666666,1,0,504.0,2026-09-23T06:00:11Z,329.81666666666666,1,0,1277.2575,2026-09-23T11:20:00Z,10.0,1,0,3335.933,2026-09-23T11:20:00Z,10.0,1,0,4613.1905,2026-09-23T11:20:00Z,10.0,1,0,1556.377,2026-09-23T06:14:18Z,315.7,1,0,1556.377,2026-09-23T06:14:16Z,315.73333333333335,1,0,207.4635,2026-09-23T06:14:16Z,315.73333333333335,1,0,1348.9135,2026-09-23T06:14:16Z,315.73333333333335,1,0,1519.171,2026-09-23T11:00:37Z,,29.383333333333333,1,0,-28.12,2026-09-23T11:27:37Z,2026-09-23T11:10:00Z,2.3833333333333333,1,0,121.89,2026-09-23T11:27:37Z,2026-09-23T11:10:00Z,2.3833333333333333,1,0,9427.626,2026-09-23T11:27:37Z,2026-09-23T11:10:00Z,2.3833333333333333,1,0,5977.736,2026-09-23T11:27:37Z,2026-09-23T11:10:00Z,2.3833333333333333,1,0,499.516,2026-09-23T11:27:37Z,2026-09-23T11:10:00Z,2.3833333333333333,1,0,-34.58,2026-09-23T11:00:07Z,2026-09-23T10:30:00Z,29.883333333333333,1,0,124.95,2026-09-23T11:00:07Z,2026-09-23T10:30:00Z,29.883333333333333,1,0,0.017,2026-09-23T11:00:38Z,,29.366666666666667,1,0,0.0,2026-09-23T11:00:38Z,,29.366666666666667,1,0,3437.2105,254.74650000000003,204.605,372.545,2026-08-31T23:00:00Z,32430.0,1,,,0.0,48.266,5478.22,,,,,1,1,1,1,1,1,0,0,0,0,0,0,0,0,0,0,0,0,0,0,0,0,0,0,0,0,0,0,0,0,0,0,0,0,0,0,0,0,0,0,0,0,0,0,0,0,0,0,0,0,0,0,0,0,0,0,0,0,0,0,0,0,0,0,0,0,0,0,0,0,0,0,0,0,1,0,0,0,0,0,0,0,0,0,0,0,0,0,0,0,0,0,0,0,0,0,0,0,0,0,0,0,0,0,0,0,1,0,0,0,1,0,1,1,0,0,0,1,1,1,1
2026-09-23T12:00:00Z,2026-09-23T12:30:00Z,30,,,,0,1,,,,0,1,5122.0,2026-09-23T11:50:12Z,9.8,1,0,904.0,2026-09-23T11:50:12Z,9.8,1,0,4218.0,2026-09-23T11:50:12Z,9.8,1,0,48.266,2026-09-23T11:00:36Z,59.4,1,0,1279.0,2026-09-23T11:00:36Z,59.4,1,0,1593.224,2026-09-23T11:00:36Z,59.4,1,0,0.0,2026-09-23T11:00:36Z,59.4,1,0,2201.51,2026-09-23T11:00:36Z,59.4,1,0,5122.0,2026-09-23T11:00:36Z,59.4,1,0,500.0,2026-09-23T06:00:11Z,359.81666666666666,1,0,530.0,2026-09-23T06:00:11Z,359.81666666666666,1,0,513.0,2026-09-23T06:00:11Z,359.81666666666666,1,0,500.0,2026-09-23T06:00:11Z,359.81666666666666,1,0,500.0,2026-09-23T06:00:11Z,359.81666666666666,1,0,504.0,2026-09-23T06:00:11Z,359.81666666666666,1,0,1277.2575,2026-09-23T11:50:00Z,10.0,1,0,3269.148,2026-09-23T11:50:00Z,10.0,1,0,4546.4055,2026-09-23T11:50:00Z,10.0,1,0,1556.377,2026-09-23T06:14:18Z,345.7,1,0,1556.377,2026-09-23T06:14:16Z,345.73333333333335,1,0,207.4635,2026-09-23T06:14:16Z,345.73333333333335,1,0,1348.9135,2026-09-23T06:14:16Z,345.73333333333335,1,0,1519.171,2026-09-23T11:00:37Z,,59.38333333333333,1,0,-22.712,2026-09-23T11:57:32Z,2026-09-23T11:40:00Z,2.466666666666667,1,0,137.81,2026-09-23T11:57:32Z,2026-09-23T11:40:00Z,2.466666666666667,1,0,9436.656,2026-09-23T11:57:32Z,2026-09-23T11:40:00Z,2.466666666666667,1,0,6266.359,2026-09-23T11:57:32Z,2026-09-23T11:40:00Z,2.466666666666667,1,0,499.516,2026-09-23T11:57:32Z,2026-09-23T11:40:00Z,2.466666666666667,1,0,-41.903,2026-09-23T11:30:05Z,2026-09-23T11:00:00Z,29.916666666666668,1,0,105.68,2026-09-23T11:30:05Z,2026-09-23T11:00:00Z,29.916666666666668,1,0,0.017,2026-09-23T11:00:38Z,,59.36666666666667,1,0,0.0,2026-09-23T11:00:38Z,,59.36666666666667,1,0,3437.2105,254.74650000000003,204.605,372.545,2026-08-31T23:00:00Z,32460.0,1,,,0.0,48.266,5766.843000000001,,,,,1,1,1,1,1,1,0,0,0,0,0,0,0,0,0,0,0,0,0,0,0,0,0,0,0,0,0,0,0,0,0,0,0,0,0,0,0,0,0,0,0,0,0,0,0,0,0,0,0,0,0,0,0,0,0,0,0,0,0,0,0,0,0,0,0,0,0,0,0,0,0,0,0,0,1,0,0,0,0,0,0,0,0,0,0,0,0,0,0,0,0,0,0,0,0,0,0,0,0,0,0,0,0,0,0,0,1,0,0,0,1,0,1,1,0,0,0,1,1,1,1
2026-09-23T12:00:00Z,2026-09-23T13:00:00Z,60,,,,0,1,,,,0,1,5101.0,2026-09-23T11:50:12Z,9.8,1,0,895.0,2026-09-23T11:50:12Z,9.8,1,0,4206.0,2026-09-23T11:50:12Z,9.8,1,0,78.192,2026-09-23T11:00:36Z,59.4,1,0,1429.0,2026-09-23T11:00:36Z,59.4,1,0,1492.528,2026-09-23T11:00:36Z,59.4,1,0,0.0,2026-09-23T11:00:36Z,59.4,1,0,2101.28,2026-09-23T11:00:36Z,59.4,1,0,5101.0,2026-09-23T11:00:36Z,59.4,1,0,500.0,2026-09-23T06:00:11Z,359.81666666666666,1,0,530.0,2026-09-23T06:00:11Z,359.81666666666666,1,0,513.0,2026-09-23T06:00:11Z,359.81666666666666,1,0,500.0,2026-09-23T06:00:11Z,359.81666666666666,1,0,500.0,2026-09-23T06:00:11Z,359.81666666666666,1,0,504.0,2026-09-23T06:00:11Z,359.81666666666666,1,0,1413.5745,2026-09-23T11:50:00Z,10.0,1,0,3132.1455,2026-09-23T11:50:00Z,10.0,1,0,4545.72,2026-09-23T11:50:00Z,10.0,1,0,1465.6100000000001,2026-09-23T06:14:18Z,345.7,1,0,1465.6100000000001,2026-09-23T06:14:16Z,345.73333333333335,1,0,195.764,2026-09-23T06:14:16Z,345.73333333333335,1,0,1269.846,2026-09-23T06:14:16Z,345.73333333333335,1,0,1519.171,2026-09-23T11:00:37Z,,59.38333333333333,1,0,-22.712,2026-09-23T11:57:32Z,2026-09-23T11:40:00Z,2.466666666666667,1,0,137.81,2026-09-23T11:57:32Z,2026-09-23T11:40:00Z,2.466666666666667,1,0,9436.656,2026-09-23T11:57:32Z,2026-09-23T11:40:00Z,2.466666666666667,1,0,6266.359,2026-09-23T11:57:32Z,2026-09-23T11:40:00Z,2.466666666666667,1,0,499.516,2026-09-23T11:57:32Z,2026-09-23T11:40:00Z,2.466666666666667,1,0,-41.903,2026-09-23T11:30:05Z,2026-09-23T11:00:00Z,29.916666666666668,1,0,105.68,2026-09-23T11:30:05Z,2026-09-23T11:00:00Z,29.916666666666668,1,0,0.017,2026-09-23T11:00:38Z,,59.36666666666667,1,0,0.0,2026-09-23T11:00:38Z,,59.36666666666667,1,0,3437.2105,254.74650000000003,204.605,372.545,2026-08-31T23:00:00Z,32460.0,1,,,0.0,78.192,5766.843000000001,,,,,1,1,1,1,1,1,0,0,0,0,0,0,0,0,0,0,0,0,0,0,0,0,0,0,0,0,0,0,0,0,0,0,0,0,0,0,0,0,0,0,0,0,0,0,0,0,0,0,0,0,0,0,0,0,0,0,0,0,0,0,0,0,0,0,0,0,0,0,0,0,0,0,0,0,1,0,0,0,0,0,0,0,0,0,0,0,0,0,0,0,0,0,0,0,0,0,0,0,0,0,0,0,0,0,0,0,1,0,0,0,1,0,1,1,0,0,0,1,1,1,1
2026-09-23T12:30:00Z,2026-09-23T13:00:00Z,30,,,,0,1,,,,0,1,5101.0,2026-09-23T12:20:17Z,9.716666666666667,1,0,895.0,2026-09-23T12:20:17Z,9.716666666666667,1,0,4206.0,2026-09-23T12:20:17Z,9.716666666666667,1,0,88.852,2026-09-23T12:00:37Z,29.383333333333333,1,0,1429.0,2026-09-23T12:00:37Z,29.383333333333333,1,0,1479.969,2026-09-23T12:00:37Z,29.383333333333333,1,0,0.0,2026-09-23T12:00:37Z,29.383333333333333,1,0,2103.18,2026-09-23T12:00:37Z,29.383333333333333,1,0,5101.0,2026-09-23T12:00:37Z,29.383333333333333,1,0,500.0,2026-09-23T06:00:11Z,389.81666666666666,1,0,530.0,2026-09-23T06:00:11Z,389.81666666666666,1,0,513.0,2026-09-23T06:00:11Z,389.81666666666666,1,0,500.0,2026-09-23T06:00:11Z,389.81666666666666,1,0,500.0,2026-09-23T06:00:11Z,389.81666666666666,1,0,504.0,2026-09-23T06:00:11Z,389.81666666666666,1,0,1413.5745,2026-09-23T12:20:00Z,10.0,1,0,3076.6355,2026-09-23T12:20:00Z,10.0,1,0,4490.21,2026-09-23T12:20:00Z,10.0,1,0,1483.7325,2026-09-23T12:23:53Z,6.116666666666666,1,0,1483.7325,2026-09-23T12:23:51Z,6.15,1,0,205.692,2026-09-23T12:23:51Z,6.15,1,0,1278.0405,2026-09-23T12:23:51Z,6.15,1,0,1452.075,2026-09-23T12:00:40Z,,29.333333333333332,1,0,-28.017,2026-09-23T12:27:41Z,2026-09-23T12:10:00Z,2.316666666666667,1,0,138.54,2026-09-23T12:27:41Z,2026-09-23T12:10:00Z,2.316666666666667,1,0,9207.745,2026-09-23T12:27:41Z,2026-09-23T12:10:00Z,2.316666666666667,1,0,6174.437,2026-09-23T12:27:41Z,2026-09-23T12:10:00Z,2.316666666666667,1,0,499.516,2026-09-23T12:27:41Z,2026-09-23T12:10:00Z,2.316666666666667,1,0,-27.645,2026-09-23T12:00:06Z,2026-09-23T11:30:00Z,29.9,1,0,127.84,2026-09-23T12:00:06Z,2026-09-23T11:30:00Z,29.9,1,0,0.019,2026-09-23T12:00:42Z,,29.3,1,0,0.0,2026-09-23T12:00:42Z,,29.3,1,0,3437.2105,254.74650000000003,204.605,372.545,2026-08-31T23:00:00Z,32490.0,1,,,0.0,88.852,5674.921,,,,,1,1,1,1,1,1,0,0,0,0,0,0,0,0,0,0,0,0,0,0,0,0,0,0,0,0,0,0,0,0,0,0,0,0,0,0,0,0,0,0,0,0,0,0,0,0,0,0,0,0,0,0,0,0,0,0,0,0,0,0,0,0,0,0,0,0,0,0,0,0,0,0,0,0,1,0,0,0,0,0,0,0,0,0,0,0,0,0,0,0,0,0,0,0,0,0,0,0,0,0,0,0,0,0,0,0,1,0,0,0,1,0,1,1,0,0,0,1,1,1,1
2026-09-23T12:30:00Z,2026-09-23T13:30:00Z,60,,,,0,1,,,,0,1,5122.0,2026-09-23T12:20:17Z,9.716666666666667,1,0,900.0,2026-09-23T12:20:17Z,9.716666666666667,1,0,4222.0,2026-09-23T12:20:17Z,9.716666666666667,1,0,134.921,2026-09-23T12:00:37Z,29.383333333333333,1,0,1493.0,2026-09-23T12:00:37Z,29.383333333333333,1,0,1389.359,2026-09-23T12:00:37Z,29.383333333333333,1,0,0.0,2026-09-23T12:00:37Z,29.383333333333333,1,0,2104.72,2026-09-23T12:00:37Z,29.383333333333333,1,0,5122.0,2026-09-23T12:00:37Z,29.383333333333333,1,0,500.0,2026-09-23T06:00:11Z,389.81666666666666,1,0,530.0,2026-09-23T06:00:11Z,389.81666666666666,1,0,513.0,2026-09-23T06:00:11Z,389.81666666666666,1,0,500.0,2026-09-23T06:00:11Z,389.81666666666666,1,0,500.0,2026-09-23T06:00:11Z,389.81666666666666,1,0,504.0,2026-09-23T06:00:11Z,389.81666666666666,1,0,1443.48,2026-09-23T12:20:00Z,10.0,1,0,3079.695,2026-09-23T12:20:00Z,10.0,1,0,4523.175,2026-09-23T12:20:00Z,10.0,1,0,1382.092,2026-09-23T12:23:53Z,6.116666666666666,1,0,1382.092,2026-09-23T12:23:51Z,6.15,1,0,195.258,2026-09-23T12:23:51Z,6.15,1,0,1186.8339999999998,2026-09-23T12:23:51Z,6.15,1,0,1452.075,2026-09-23T12:00:40Z,,29.333333333333332,1,0,-28.017,2026-09-23T12:27:41Z,2026-09-23T12:10:00Z,2.316666666666667,1,0,138.54,2026-09-23T12:27:41Z,2026-09-23T12:10:00Z,2.316666666666667,1,0,9207.745,2026-09-23T12:27:41Z,2026-09-23T12:10:00Z,2.316666666666667,1,0,6174.437,2026-09-23T12:27:41Z,2026-09-23T12:10:00Z,2.316666666666667,1,0,499.516,2026-09-23T12:27:41Z,2026-09-23T12:10:00Z,2.316666666666667,1,0,-27.645,2026-09-23T12:00:06Z,2026-09-23T11:30:00Z,29.9,1,0,127.84,2026-09-23T12:00:06Z,2026-09-23T11:30:00Z,29.9,1,0,0.019,2026-09-23T12:00:42Z,,29.3,1,0,0.0,2026-09-23T12:00:42Z,,29.3,1,0,3437.2105,254.74650000000003,204.605,372.545,2026-08-31T23:00:00Z,32490.0,1,,,0.0,134.921,5674.921,,,,,1,1,1,1,1,1,0,0,0,0,0,0,0,0,0,0,0,0,0,0,0,0,0,0,0,0,0,0,0,0,0,0,0,0,0,0,0,0,0,0,0,0,0,0,0,0,0,0,0,0,0,0,0,0,0,0,0,0,0,0,0,0,0,0,0,0,0,0,0,0,0,0,0,0,1,0,0,0,0,0,0,0,0,0,0,0,0,0,0,0,0,0,0,0,0,0,0,0,0,0,0,0,0,0,0,0,1,0,0,0,1,0,1,1,0,0,0,1,1,1,1
2026-09-23T13:00:00Z,2026-09-23T13:30:00Z,30,,,,0,1,,,,0,1,5098.0,2026-09-23T12:50:16Z,9.733333333333333,1,0,876.0,2026-09-23T12:50:16Z,9.733333333333333,1,0,4222.0,2026-09-23T12:50:16Z,9.733333333333333,1,0,134.921,2026-09-23T12:00:37Z,59.38333333333333,1,0,1493.0,2026-09-23T12:00:37Z,59.38333333333333,1,0,1389.359,2026-09-23T12:00:37Z,59.38333333333333,1,0,0.0,2026-09-23T12:00:37Z,59.38333333333333,1,0,2104.72,2026-09-23T12:00:37Z,59.38333333333333,1,0,5122.0,2026-09-23T12:00:37Z,59.38333333333333,1,0,500.0,2026-09-23T06:00:11Z,419.81666666666666,1,0,530.0,2026-09-23T06:00:11Z,419.81666666666666,1,0,513.0,2026-09-23T06:00:11Z,419.81666666666666,1,0,500.0,2026-09-23T06:00:11Z,419.81666666666666,1,0,500.0,2026-09-23T06:00:11Z,419.81666666666666,1,0,504.0,2026-09-23T06:00:11Z,419.81666666666666,1,0,1443.48,2026-09-23T12:50:00Z,10.0,1,0,3096.2799999999997,2026-09-23T12:50:00Z,10.0,1,0,4539.76,2026-09-23T12:50:00Z,10.0,1,0,1382.092,2026-09-23T12:23:53Z,36.11666666666667,1,0,1382.092,2026-09-23T12:23:51Z,36.15,1,0,195.258,2026-09-23T12:23:51Z,36.15,1,0,1186.8339999999998,2026-09-23T12:23:51Z,36.15,1,0,1452.075,2026-09-23T12:00:40Z,,59.333333333333336,1,0,-30.176,2026-09-23T12:57:45Z,2026-09-23T12:40:00Z,2.25,1,0,121.86,2026-09-23T12:57:45Z,2026-09-23T12:40:00Z,2.25,1,0,9281.616,2026-09-23T12:57:45Z,2026-09-23T12:40:00Z,2.25,1,0,6416.059,2026-09-23T12:57:45Z,2026-09-23T12:40:00Z,2.25,1,0,499.516,2026-09-23T12:57:45Z,2026-09-23T12:40:00Z,2.25,1,0,-26.897,2026-09-23T12:30:03Z,2026-09-23T12:00:00Z,29.95,1,0,135.62,2026-09-23T12:30:03Z,2026-09-23T12:00:00Z,29.95,1,0,0.019,2026-09-23T12:00:42Z,,59.3,1,0,0.0,2026-09-23T12:00:42Z,,59.3,1,0,3437.2105,254.74650000000003,204.605,372.545,2026-08-31T23:00:00Z,32520.0,1,,,0.0,134.921,5916.543000000001,,,,,1,1,1,1,1,1,0,0,0,0,0,0,0,0,0,0,0,0,0,0,0,0,0,0,0,0,0,0,0,0,0,0,0,0,0,0,0,0,0,0,0,0,0,0,0,0,0,0,0,0,0,0,0,0,0,0,0,0,0,0,0,0,0,0,0,0,0,0,0,0,0,0,0,0,1,0,0,0,0,0,0,0,0,0,0,0,0,0,0,0,0,0,0,0,0,0,0,0,0,0,0,0,0,0,0,0,1,0,0,0,1,0,1,1,0,0,0,1,1,1,1
2026-09-23T13:00:00Z,2026-09-23T14:00:00Z,60,,,,0,1,,,,0,1,5137.0,2026-09-23T12:50:16Z,9.733333333333333,1,0,878.0,2026-09-23T12:50:16Z,9.733333333333333,1,0,4259.0,2026-09-23T12:50:16Z,9.733333333333333,1,0,135.027,2026-09-23T12:00:37Z,59.38333333333333,1,0,1493.0,2026-09-23T12:00:37Z,59.38333333333333,1,0,1284.693,2026-09-23T12:00:37Z,59.38333333333333,1,0,0.0,2026-09-23T12:00:37Z,59.38333333333333,1,0,2248.28,2026-09-23T12:00:37Z,59.38333333333333,1,0,5161.0,2026-09-23T12:00:37Z,59.38333333333333,1,0,500.0,2026-09-23T06:00:11Z,419.81666666666666,1,0,530.0,2026-09-23T06:00:11Z,419.81666666666666,1,0,513.0,2026-09-23T06:00:11Z,419.81666666666666,1,0,500.0,2026-09-23T06:00:11Z,419.81666666666666,1,0,500.0,2026-09-23T06:00:11Z,419.81666666666666,1,0,504.0,2026-09-23T06:00:11Z,419.81666666666666,1,0,1419.5520000000001,2026-09-23T12:50:00Z,10.0,1,0,3181.1124999999997,2026-09-23T12:50:00Z,10.0,1,0,4600.6645,2026-09-23T12:50:00Z,10.0,1,0,1277.9345,2026-09-23T12:23:53Z,36.11666666666667,1,0,1277.9345,2026-09-23T12:23:51Z,36.15,1,0,182.837,2026-09-23T12:23:51Z,36.15,1,0,1095.0974999999999,2026-09-23T12:23:51Z,36.15,1,0,1452.075,2026-09-23T12:00:40Z,,59.333333333333336,1,0,-30.176,2026-09-23T12:57:45Z,2026-09-23T12:40:00Z,2.25,1,0,121.86,2026-09-23T12:57:45Z,2026-09-23T12:40:00Z,2.25,1,0,9281.616,2026-09-23T12:57:45Z,2026-09-23T12:40:00Z,2.25,1,0,6416.059,2026-09-23T12:57:45Z,2026-09-23T12:40:00Z,2.25,1,0,499.516,2026-09-23T12:57:45Z,2026-09-23T12:40:00Z,2.25,1,0,-26.897,2026-09-23T12:30:03Z,2026-09-23T12:00:00Z,29.95,1,0,135.62,2026-09-23T12:30:03Z,2026-09-23T12:00:00Z,29.95,1,0,0.019,2026-09-23T12:00:42Z,,59.3,1,0,0.0,2026-09-23T12:00:42Z,,59.3,1,0,3437.2105,254.74650000000003,204.605,372.545,2026-08-31T23:00:00Z,32520.0,1,,,0.0,135.027,5916.543000000001,,,,,1,1,1,1,1,1,0,0,0,0,0,0,0,0,0,0,0,0,0,0,0,0,0,0,0,0,0,0,0,0,0,0,0,0,0,0,0,0,0,0,0,0,0,0,0,0,0,0,0,0,0,0,0,0,0,0,0,0,0,0,0,0,0,0,0,0,0,0,0,0,0,0,0,0,1,0,0,0,0,0,0,0,0,0,0,0,0,0,0,0,0,0,0,0,0,0,0,0,0,0,0,0,0,0,0,0,1,0,0,0,1,0,1,1,0,0,0,1,1,1,1
2026-09-23T13:30:00Z,2026-09-23T14:00:00Z,30,,,,0,1,,,,0,1,5137.0,2026-09-23T13:20:21Z,9.65,1,0,878.0,2026-09-23T13:20:21Z,9.65,1,0,4259.0,2026-09-23T13:20:21Z,9.65,1,0,85.866,2026-09-23T13:00:35Z,29.416666666666668,1,0,1493.0,2026-09-23T13:00:35Z,29.416666666666668,1,0,1309.404,2026-09-23T13:00:35Z,29.416666666666668,1,0,0.0,2026-09-23T13:00:35Z,29.416666666666668,1,0,2248.73,2026-09-23T13:00:35Z,29.416666666666668,1,0,5137.0,2026-09-23T13:00:35Z,29.416666666666668,1,0,500.0,2026-09-23T06:00:11Z,449.81666666666666,1,0,530.0,2026-09-23T06:00:11Z,449.81666666666666,1,0,513.0,2026-09-23T06:00:11Z,449.81666666666666,1,0,500.0,2026-09-23T06:00:11Z,449.81666666666666,1,0,500.0,2026-09-23T06:00:11Z,449.81666666666666,1,0,504.0,2026-09-23T06:00:11Z,449.81666666666666,1,0,1419.5520000000001,2026-09-23T13:20:00Z,10.0,1,0,3199.3625,2026-09-23T13:20:00Z,10.0,1,0,4618.9145,2026-09-23T13:20:00Z,10.0,1,0,1277.9345,2026-09-23T12:23:53Z,66.11666666666666,1,0,1277.9345,2026-09-23T12:23:51Z,66.15,1,0,182.837,2026-09-23T12:23:51Z,66.15,1,0,1095.0974999999999,2026-09-23T12:23:51Z,66.15,1,0,31729.635,2026-09-23T13:00:36Z,,29.4,1,0,-28.076,2026-09-23T13:27:50Z,2026-09-23T13:10:00Z,2.1666666666666665,1,0,96.27,2026-09-23T13:27:50Z,2026-09-23T13:10:00Z,2.1666666666666665,1,0,9218.677,2026-09-23T13:27:50Z,2026-09-23T13:10:00Z,2.1666666666666665,1,0,5769.396,2026-09-23T13:27:50Z,2026-09-23T13:10:00Z,2.1666666666666665,1,0,499.516,2026-09-23T13:27:50Z,2026-09-23T13:10:00Z,2.1666666666666665,1,0,-27.661,2026-09-23T13:00:03Z,2026-09-23T12:30:00Z,29.95,1,0,129.33,2026-09-23T13:00:03Z,2026-09-23T12:30:00Z,29.95,1,0,0.103,2026-09-23T13:00:37Z,,29.383333333333333,1,0,0.0,2026-09-23T13:00:37Z,,29.383333333333333,1,0,3437.2105,254.74650000000003,204.605,372.545,2026-08-31T23:00:00Z,32550.0,1,,,0.0,85.866,5269.88,,,,,1,1,1,1,1,1,0,0,0,0,0,0,0,0,0,0,0,0,0,0,0,0,0,0,0,0,0,0,0,0,0,0,0,0,0,0,0,0,0,0,0,0,0,0,0,0,0,0,0,0,0,0,0,0,0,0,0,0,0,0,0,0,0,0,0,0,0,0,0,0,0,0,0,0,1,0,0,0,0,0,0,0,0,0,0,0,0,0,0,0,0,0,0,0,0,0,0,0,0,0,0,0,0,0,0,0,1,0,0,0,1,0,1,1,0,0,0,1,1,1,1
2026-09-23T13:30:00Z,2026-09-23T14:30:00Z,60,,,,0,1,,,,0,1,5219.0,2026-09-23T13:20:21Z,9.65,1,0,892.0,2026-09-23T13:20:21Z,9.65,1,0,4327.0,2026-09-23T13:20:21Z,9.65,1,0,-81.956,2026-09-23T13:00:35Z,29.416666666666668,1,0,1367.0,2026-09-23T13:00:35Z,29.416666666666668,1,0,1199.966,2026-09-23T13:00:35Z,29.416666666666668,1,0,0.0,2026-09-23T13:00:35Z,29.416666666666668,1,0,2733.99,2026-09-23T13:00:35Z,29.416666666666668,1,0,5219.0,2026-09-23T13:00:35Z,29.416666666666668,1,0,500.0,2026-09-23T06:00:11Z,449.81666666666666,1,0,530.0,2026-09-23T06:00:11Z,449.81666666666666,1,0,513.0,2026-09-23T06:00:11Z,449.81666666666666,1,0,500.0,2026-09-23T06:00:11Z,449.81666666666666,1,0,500.0,2026-09-23T06:00:11Z,449.81666666666666,1,0,504.0,2026-09-23T06:00:11Z,449.81666666666666,1,0,1301.0625,2026-09-23T13:20:00Z,10.0,1,0,3401.1974999999998,2026-09-23T13:20:00Z,10.0,1,0,4702.26,2026-09-23T13:20:00Z,10.0,1,0,1166.185,2026-09-23T12:23:53Z,66.11666666666666,1,0,1166.185,2026-09-23T12:23:51Z,66.15,1,0,164.4175,2026-09-23T12:23:51Z,66.15,1,0,1001.7675,2026-09-23T12:23:51Z,66.15,1,0,31729.635,2026-09-23T13:00:36Z,,29.4,1,0,-28.076,2026-09-23T13:27:50Z,2026-09-23T13:10:00Z,2.1666666666666665,1,0,96.27,2026-09-23T13:27:50Z,2026-09-23T13:10:00Z,2.1666666666666665,1,0,9218.677,2026-09-23T13:27:50Z,2026-09-23T13:10:00Z,2.1666666666666665,1,0,5769.396,2026-09-23T13:27:50Z,2026-09-23T13:10:00Z,2.1666666666666665,1,0,499.516,2026-09-23T13:27:50Z,2026-09-23T13:10:00Z,2.1666666666666665,1,0,-27.661,2026-09-23T13:00:03Z,2026-09-23T12:30:00Z,29.95,1,0,129.33,2026-09-23T13:00:03Z,2026-09-23T12:30:00Z,29.95,1,0,0.103,2026-09-23T13:00:37Z,,29.383333333333333,1,0,0.0,2026-09-23T13:00:37Z,,29.383333333333333,1,0,3437.2105,254.74650000000003,204.605,372.545,2026-08-31T23:00:00Z,32550.0,1,,,0.0,-81.956,5269.88,,,,,1,1,1,1,1,1,0,0,0,0,0,0,0,0,0,0,0,0,0,0,0,0,0,0,0,0,0,0,0,0,0,0,0,0,0,0,0,0,0,0,0,0,0,0,0,0,0,0,0,0,0,0,0,0,0,0,0,0,0,0,0,0,0,0,0,0,0,0,0,0,0,0,0,0,1,0,0,0,0,0,0,0,0,0,0,0,0,0,0,0,0,0,0,0,0,0,0,0,0,0,0,0,0,0,0,0,1,0,0,0,1,0,1,1,0,0,0,1,1,1,1
2026-09-23T14:00:00Z,2026-09-23T14:30:00Z,30,,,,0,1,,,,0,1,5219.0,2026-09-23T13:50:20Z,9.666666666666666,1,0,892.0,2026-09-23T13:50:20Z,9.666666666666666,1,0,4327.0,2026-09-23T13:50:20Z,9.666666666666666,1,0,-81.956,2026-09-23T13:00:35Z,59.416666666666664,1,0,1367.0,2026-09-23T13:00:35Z,59.416666666666664,1,0,1199.966,2026-09-23T13:00:35Z,59.416666666666664,1,0,0.0,2026-09-23T13:00:35Z,59.416666666666664,1,0,2733.99,2026-09-23T13:00:35Z,59.416666666666664,1,0,5219.0,2026-09-23T13:00:35Z,59.416666666666664,1,0,500.0,2026-09-23T06:00:11Z,479.81666666666666,1,0,530.0,2026-09-23T06:00:11Z,479.81666666666666,1,0,513.0,2026-09-23T06:00:11Z,479.81666666666666,1,0,500.0,2026-09-23T06:00:11Z,479.81666666666666,1,0,500.0,2026-09-23T06:00:11Z,479.81666666666666,1,0,504.0,2026-09-23T06:00:11Z,479.81666666666666,1,0,1301.0625,2026-09-23T13:50:00Z,10.0,1,0,3410.678,2026-09-23T13:50:00Z,10.0,1,0,4711.7405,2026-09-23T13:50:00Z,10.0,1,0,1166.185,2026-09-23T12:23:53Z,96.11666666666666,1,0,1166.185,2026-09-23T12:23:51Z,96.15,1,0,164.4175,2026-09-23T12:23:51Z,96.15,1,0,1001.7675,2026-09-23T12:23:51Z,96.15,1,0,31729.635,2026-09-23T13:00:36Z,,59.4,1,0,-33.176,2026-09-23T13:57:41Z,2026-09-23T13:40:00Z,2.316666666666667,1,0,107.26,2026-09-23T13:57:41Z,2026-09-23T13:40:00Z,2.316666666666667,1,0,9210.185,2026-09-23T13:57:41Z,2026-09-23T13:40:00Z,2.316666666666667,1,0,5924.418,2026-09-23T13:57:41Z,2026-09-23T13:40:00Z,2.316666666666667,1,0,503.964,2026-09-23T13:57:41Z,2026-09-23T13:40:00Z,2.316666666666667,1,0,-33.009,2026-09-23T13:30:03Z,2026-09-23T13:00:00Z,29.95,1,0,117.4,2026-09-23T13:30:03Z,2026-09-23T13:00:00Z,29.95,1,0,0.103,2026-09-23T13:00:37Z,,59.38333333333333,1,0,0.0,2026-09-23T13:00:37Z,,59.38333333333333,1,0,3437.2105,254.74650000000003,204.605,372.545,2026-08-31T23:00:00Z,32580.0,1,,,0.0,-81.956,5420.454,,,,,1,1,1,1,1,1,0,0,0,0,0,0,0,0,0,0,0,0,0,0,0,0,0,0,0,0,0,0,0,0,0,0,0,0,0,0,0,0,0,0,0,0,0,0,0,0,0,0,0,0,0,0,0,0,0,0,0,0,0,0,0,0,0,0,0,0,0,0,0,0,0,0,0,0,1,0,0,0,0,0,0,0,0,0,0,0,0,0,0,0,0,0,0,0,0,0,0,0,0,0,0,0,0,0,0,0,1,0,0,0,1,0,1,1,0,0,0,1,1,1,1
2026-09-23T14:00:00Z,2026-09-23T15:00:00Z,60,,,,0,1,,,,0,1,5301.0,2026-09-23T13:50:20Z,9.666666666666666,1,0,930.0,2026-09-23T13:50:20Z,9.666666666666666,1,0,4371.0,2026-09-23T13:50:20Z,9.666666666666666,1,0,290.429,2026-09-23T13:00:35Z,59.416666666666664,1,0,1193.0,2026-09-23T13:00:35Z,59.416666666666664,1,0,1081.971,2026-09-23T13:00:35Z,59.416666666666664,1,0,0.0,2026-09-23T13:00:35Z,59.416666666666664,1,0,2735.6,2026-09-23T13:00:35Z,59.416666666666664,1,0,5301.0,2026-09-23T13:00:35Z,59.416666666666664,1,0,500.0,2026-09-23T06:00:11Z,479.81666666666666,1,0,530.0,2026-09-23T06:00:11Z,479.81666666666666,1,0,513.0,2026-09-23T06:00:11Z,479.81666666666666,1,0,500.0,2026-09-23T06:00:11Z,479.81666666666666,1,0,500.0,2026-09-23T06:00:11Z,479.81666666666666,1,0,504.0,2026-09-23T06:00:11Z,479.81666666666666,1,0,1120.5915,2026-09-23T13:50:00Z,10.0,1,0,3688.0589999999997,2026-09-23T13:50:00Z,10.0,1,0,4808.6505,2026-09-23T13:50:00Z,10.0,1,0,1048.8220000000001,2026-09-23T12:23:53Z,96.11666666666666,1,0,1048.8220000000001,2026-09-23T12:23:51Z,96.15,1,0,145.625,2026-09-23T12:23:51Z,96.15,1,0,903.197,2026-09-23T12:23:51Z,96.15,1,0,31729.635,2026-09-23T13:00:36Z,,59.4,1,0,-33.176,2026-09-23T13:57:41Z,2026-09-23T13:40:00Z,2.316666666666667,1,0,107.26,2026-09-23T13:57:41Z,2026-09-23T13:40:00Z,2.316666666666667,1,0,9210.185,2026-09-23T13:57:41Z,2026-09-23T13:40:00Z,2.316666666666667,1,0,5924.418,2026-09-23T13:57:41Z,2026-09-23T13:40:00Z,2.316666666666667,1,0,503.964,2026-09-23T13:57:41Z,2026-09-23T13:40:00Z,2.316666666666667,1,0,-33.009,2026-09-23T13:30:03Z,2026-09-23T13:00:00Z,29.95,1,0,117.4,2026-09-23T13:30:03Z,2026-09-23T13:00:00Z,29.95,1,0,0.103,2026-09-23T13:00:37Z,,59.38333333333333,1,0,0.0,2026-09-23T13:00:37Z,,59.38333333333333,1,0,3437.2105,254.74650000000003,204.605,372.545,2026-08-31T23:00:00Z,32580.0,1,,,0.0,290.429,5420.454,,,,,1,1,1,1,1,1,0,0,0,0,0,0,0,0,0,0,0,0,0,0,0,0,0,0,0,0,0,0,0,0,0,0,0,0,0,0,0,0,0,0,0,0,0,0,0,0,0,0,0,0,0,0,0,0,0,0,0,0,0,0,0,0,0,0,0,0,0,0,0,0,0,0,0,0,1,0,0,0,0,0,0,0,0,0,0,0,0,0,0,0,0,0,0,0,0,0,0,0,0,0,0,0,0,0,0,0,1,0,0,0,1,0,1,1,0,0,0,1,1,1,1
2026-09-23T14:30:00Z,2026-09-23T15:00:00Z,30,,,,0,1,,,,0,1,5301.0,2026-09-23T14:20:05Z,9.916666666666666,1,0,930.0,2026-09-23T14:20:05Z,9.916666666666666,1,0,4371.0,2026-09-23T14:20:05Z,9.916666666666666,1,0,278.517,2026-09-23T14:00:30Z,29.5,1,0,1193.0,2026-09-23T14:00:30Z,29.5,1,0,1095.633,2026-09-23T14:00:30Z,29.5,1,0,0.0,2026-09-23T14:00:30Z,29.5,1,0,2733.85,2026-09-23T14:00:30Z,29.5,1,0,5301.0,2026-09-23T14:00:30Z,29.5,1,0,500.0,2026-09-23T06:00:11Z,509.81666666666666,1,0,530.0,2026-09-23T06:00:11Z,509.81666666666666,1,0,513.0,2026-09-23T06:00:11Z,509.81666666666666,1,0,500.0,2026-09-23T06:00:11Z,509.81666666666666,1,0,500.0,2026-09-23T06:00:11Z,509.81666666666666,1,0,504.0,2026-09-23T06:00:11Z,509.81666666666666,1,0,1120.5915,2026-09-23T14:20:00Z,10.0,1,0,3663.5985,2026-09-23T14:20:00Z,10.0,1,0,4784.19,2026-09-23T14:20:00Z,10.0,1,0,1048.8220000000001,2026-09-23T12:23:53Z,126.11666666666666,1,0,1048.8220000000001,2026-09-23T12:23:51Z,126.15,1,0,145.625,2026-09-23T12:23:51Z,126.15,1,0,903.197,2026-09-23T12:23:51Z,126.15,1,0,31730.136,2026-09-23T14:00:31Z,,29.483333333333334,1,0,-27.746,2026-09-23T14:27:50Z,2026-09-23T14:10:00Z,2.1666666666666665,1,0,122.62,2026-09-23T14:27:50Z,2026-09-23T14:10:00Z,2.1666666666666665,1,0,9011.668,2026-09-23T14:27:50Z,2026-09-23T14:10:00Z,2.1666666666666665,1,0,6265.314,2026-09-23T14:27:50Z,2026-09-23T14:10:00Z,2.1666666666666665,1,0,502.8,2026-09-23T14:27:50Z,2026-09-23T14:10:00Z,2.1666666666666665,1,0,-28.052,2026-09-23T14:00:03Z,2026-09-23T13:30:00Z,29.95,1,0,101.52,2026-09-23T14:00:03Z,2026-09-23T13:30:00Z,29.95,1,0,0.106,2026-09-23T14:00:32Z,,29.466666666666665,1,0,0.0,2026-09-23T14:00:32Z,,29.466666666666665,1,0,3437.2105,254.74650000000003,204.605,372.545,2026-08-31T23:00:00Z,32610.0,1,,,0.0,278.517,5762.514,,,,,1,1,1,1,1,1,0,0,0,0,0,0,0,0,0,0,0,0,0,0,0,0,0,0,0,0,0,0,0,0,0,0,0,0,0,0,0,0,0,0,0,0,0,0,0,0,0,0,0,0,0,0,0,0,0,0,0,0,0,0,0,0,0,0,0,0,0,0,0,0,0,0,0,0,1,0,0,0,0,0,0,0,0,0,0,0,0,0,0,0,0,0,0,0,0,0,0,0,0,0,0,0,0,0,0,0,1,0,0,0,1,0,1,1,0,0,0,1,1,1,1
2026-09-23T14:30:00Z,2026-09-23T15:30:00Z,60,,,,0,1,,,,0,1,5469.0,2026-09-23T14:20:05Z,9.916666666666666,1,0,1000.0,2026-09-23T14:20:05Z,9.916666666666666,1,0,4469.0,2026-09-23T14:20:05Z,9.916666666666666,1,0,1.998,2026-09-23T14:00:30Z,29.5,1,0,1330.0,2026-09-23T14:00:30Z,29.5,1,0,957.782,2026-09-23T14:00:30Z,29.5,1,0,0.0,2026-09-23T14:00:30Z,29.5,1,0,3179.22,2026-09-23T14:00:30Z,29.5,1,0,5469.0,2026-09-23T14:00:30Z,29.5,1,0,500.0,2026-09-23T06:00:11Z,509.81666666666666,1,0,530.0,2026-09-23T06:00:11Z,509.81666666666666,1,0,513.0,2026-09-23T06:00:11Z,509.81666666666666,1,0,500.0,2026-09-23T06:00:11Z,509.81666666666666,1,0,500.0,2026-09-23T06:00:11Z,509.81666666666666,1,0,504.0,2026-09-23T06:00:11Z,509.81666666666666,1,0,1365.457,2026-09-23T14:20:00Z,10.0,1,0,3584.018,2026-09-23T14:20:00Z,10.0,1,0,4949.475,2026-09-23T14:20:00Z,10.0,1,0,914.609,2026-09-23T12:23:53Z,126.11666666666666,1,0,914.609,2026-09-23T12:23:51Z,126.15,1,0,125.6805,2026-09-23T12:23:51Z,126.15,1,0,788.9285,2026-09-23T12:23:51Z,126.15,1,0,31730.136,2026-09-23T14:00:31Z,,29.483333333333334,1,0,-27.746,2026-09-23T14:27:50Z,2026-09-23T14:10:00Z,2.1666666666666665,1,0,122.62,2026-09-23T14:27:50Z,2026-09-23T14:10:00Z,2.1666666666666665,1,0,9011.668,2026-09-23T14:27:50Z,2026-09-23T14:10:00Z,2.1666666666666665,1,0,6265.314,2026-09-23T14:27:50Z,2026-09-23T14:10:00Z,2.1666666666666665,1,0,502.8,2026-09-23T14:27:50Z,2026-09-23T14:10:00Z,2.1666666666666665,1,0,-28.052,2026-09-23T14:00:03Z,2026-09-23T13:30:00Z,29.95,1,0,101.52,2026-09-23T14:00:03Z,2026-09-23T13:30:00Z,29.95,1,0,0.106,2026-09-23T14:00:32Z,,29.466666666666665,1,0,0.0,2026-09-23T14:00:32Z,,29.466666666666665,1,0,3437.2105,254.74650000000003,204.605,372.545,2026-08-31T23:00:00Z,32610.0,1,,,0.0,1.998,5762.514,,,,,1,1,1,1,1,1,0,0,0,0,0,0,0,0,0,0,0,0,0,0,0,0,0,0,0,0,0,0,0,0,0,0,0,0,0,0,0,0,0,0,0,0,0,0,0,0,0,0,0,0,0,0,0,0,0,0,0,0,0,0,0,0,0,0,0,0,0,0,0,0,0,0,0,0,1,0,0,0,0,0,0,0,0,0,0,0,0,0,0,0,0,0,0,0,0,0,0,0,0,0,0,0,0,0,0,0,1,0,0,0,1,0,1,1,0,0,0,1,1,1,1
2026-09-23T15:00:00Z,2026-09-23T15:30:00Z,30,,,,0,1,,,,0,1,5469.0,2026-09-23T14:50:11Z,9.816666666666666,1,0,1000.0,2026-09-23T14:50:11Z,9.816666666666666,1,0,4469.0,2026-09-23T14:50:11Z,9.816666666666666,1,0,1.998,2026-09-23T14:00:30Z,59.5,1,0,1330.0,2026-09-23T14:00:30Z,59.5,1,0,957.782,2026-09-23T14:00:30Z,59.5,1,0,0.0,2026-09-23T14:00:30Z,59.5,1,0,3179.22,2026-09-23T14:00:30Z,59.5,1,0,5469.0,2026-09-23T14:00:30Z,59.5,1,0,500.0,2026-09-23T06:00:11Z,539.8166666666667,1,0,530.0,2026-09-23T06:00:11Z,539.8166666666667,1,0,513.0,2026-09-23T06:00:11Z,539.8166666666667,1,0,500.0,2026-09-23T06:00:11Z,539.8166666666667,1,0,500.0,2026-09-23T06:00:11Z,539.8166666666667,1,0,504.0,2026-09-23T06:00:11Z,539.8166666666667,1,0,1365.457,2026-09-23T14:50:00Z,10.0,1,0,3589.298,2026-09-23T14:50:00Z,10.0,1,0,4954.755,2026-09-23T14:50:00Z,10.0,1,0,914.609,2026-09-23T12:23:53Z,156.11666666666667,1,0,914.609,2026-09-23T12:23:51Z,156.15,1,0,125.6805,2026-09-23T12:23:51Z,156.15,1,0,788.9285,2026-09-23T12:23:51Z,156.15,1,0,31730.136,2026-09-23T14:00:31Z,,59.483333333333334,1,0,-37.455,2026-09-23T14:57:46Z,2026-09-23T14:40:00Z,2.2333333333333334,1,0,128.95,2026-09-23T14:57:46Z,2026-09-23T14:40:00Z,2.2333333333333334,1,0,9018.088,2026-09-23T14:57:46Z,2026-09-23T14:40:00Z,2.2333333333333334,1,0,6017.996,2026-09-23T14:57:46Z,2026-09-23T14:40:00Z,2.2333333333333334,1,0,499.516,2026-09-23T14:57:46Z,2026-09-23T14:40:00Z,2.2333333333333334,1,0,-27.497,2026-09-23T14:30:03Z,2026-09-23T14:00:00Z,29.95,1,0,97.85,2026-09-23T14:30:03Z,2026-09-23T14:00:00Z,29.95,1,0,0.106,2026-09-23T14:00:32Z,,59.46666666666667,1,0,0.0,2026-09-23T14:00:32Z,,59.46666666666667,1,0,3437.2105,254.74650000000003,204.605,372.545,2026-08-31T23:00:00Z,32640.0,1,,,0.0,1.998,5518.4800000000005,,,,,1,1,1,1,1,1,0,0,0,0,0,0,0,0,0,0,0,0,0,0,0,0,0,0,0,0,0,0,0,0,0,0,0,0,0,0,0,0,0,0,0,0,0,0,0,0,0,0,0,0,0,0,0,0,0,0,0,0,0,0,0,0,0,0,0,0,0,0,0,0,0,0,0,0,1,0,0,0,0,0,0,0,0,0,0,0,0,0,0,0,0,0,0,0,0,0,0,0,0,0,0,0,0,0,0,0,1,0,0,0,1,0,1,1,0,0,0,1,1,1,1
2026-09-23T15:00:00Z,2026-09-23T16:00:00Z,60,,,,0,1,,,,0,1,5615.0,2026-09-23T14:50:11Z,9.816666666666666,1,0,1060.0,2026-09-23T14:50:11Z,9.816666666666666,1,0,4555.0,2026-09-23T14:50:11Z,9.816666666666666,1,0,-85.571,2026-09-23T14:00:30Z,59.5,1,0,1493.0,2026-09-23T14:00:30Z,59.5,1,0,812.922,2026-09-23T14:00:30Z,59.5,1,0,0.0,2026-09-23T14:00:30Z,59.5,1,0,3394.65,2026-09-23T14:00:30Z,59.5,1,0,5615.0,2026-09-23T14:00:30Z,59.5,1,0,500.0,2026-09-23T06:00:11Z,539.8166666666667,1,0,530.0,2026-09-23T06:00:11Z,539.8166666666667,1,0,513.0,2026-09-23T06:00:11Z,539.8166666666667,1,0,500.0,2026-09-23T06:00:11Z,539.8166666666667,1,0,500.0,2026-09-23T06:00:11Z,539.8166666666667,1,0,504.0,2026-09-23T06:00:11Z,539.8166666666667,1,0,1443.48,2026-09-23T14:50:00Z,10.0,1,0,3657.5254999999997,2026-09-23T14:50:00Z,10.0,1,0,5101.0055,2026-09-23T14:50:00Z,10.0,1,0,761.7249999999999,2026-09-23T12:23:53Z,156.11666666666667,1,0,761.7249999999999,2026-09-23T12:23:51Z,156.15,1,0,103.1695,2026-09-23T12:23:51Z,156.15,1,0,658.5554999999999,2026-09-23T12:23:51Z,156.15,1,0,31730.136,2026-09-23T14:00:31Z,,59.483333333333334,1,0,-37.455,2026-09-23T14:57:46Z,2026-09-23T14:40:00Z,2.2333333333333334,1,0,128.95,2026-09-23T14:57:46Z,2026-09-23T14:40:00Z,2.2333333333333334,1,0,9018.088,2026-09-23T14:57:46Z,2026-09-23T14:40:00Z,2.2333333333333334,1,0,6017.996,2026-09-23T14:57:46Z,2026-09-23T14:40:00Z,2.2333333333333334,1,0,499.516,2026-09-23T14:57:46Z,2026-09-23T14:40:00Z,2.2333333333333334,1,0,-27.497,2026-09-23T14:30:03Z,2026-09-23T14:00:00Z,29.95,1,0,97.85,2026-09-23T14:30:03Z,2026-09-23T14:00:00Z,29.95,1,0,0.106,2026-09-23T14:00:32Z,,59.46666666666667,1,0,0.0,2026-09-23T14:00:32Z,,59.46666666666667,1,0,3437.2105,254.74650000000003,204.605,372.545,2026-08-31T23:00:00Z,32640.0,1,,,0.0,-85.571,5518.4800000000005,,,,,1,1,1,1,1,1,0,0,0,0,0,0,0,0,0,0,0,0,0,0,0,0,0,0,0,0,0,0,0,0,0,0,0,0,0,0,0,0,0,0,0,0,0,0,0,0,0,0,0,0,0,0,0,0,0,0,0,0,0,0,0,0,0,0,0,0,0,0,0,0,0,0,0,0,1,0,0,0,0,0,0,0,0,0,0,0,0,0,0,0,0,0,0,0,0,0,0,0,0,0,0,0,0,0,0,0,1,0,0,0,1,0,1,1,0,0,0,1,1,1,1
2026-09-23T15:30:00Z,2026-09-23T16:00:00Z,30,,,,0,1,,,,0,1,5615.0,2026-09-23T15:20:10Z,9.833333333333334,1,0,1060.0,2026-09-23T15:20:10Z,9.833333333333334,1,0,4555.0,2026-09-23T15:20:10Z,9.833333333333334,1,0,-92.146,2026-09-23T15:00:30Z,29.5,1,0,1493.0,2026-09-23T15:00:30Z,29.5,1,0,819.645,2026-09-23T15:00:30Z,29.5,1,0,0.0,2026-09-23T15:00:30Z,29.5,1,0,3394.5,2026-09-23T15:00:30Z,29.5,1,0,5615.0,2026-09-23T15:00:30Z,29.5,1,0,500.0,2026-09-23T06:00:11Z,569.8166666666667,1,0,530.0,2026-09-23T06:00:11Z,569.8166666666667,1,0,513.0,2026-09-23T06:00:11Z,569.8166666666667,1,0,500.0,2026-09-23T06:00:11Z,569.8166666666667,1,0,500.0,2026-09-23T06:00:11Z,569.8166666666667,1,0,504.0,2026-09-23T06:00:11Z,569.8166666666667,1,0,1443.48,2026-09-23T15:20:00Z,10.0,1,0,3688.83,2026-09-23T15:20:00Z,10.0,1,0,5132.31,2026-09-23T15:20:00Z,10.0,1,0,761.7249999999999,2026-09-23T12:23:53Z,186.11666666666667,1,0,761.7249999999999,2026-09-23T12:23:51Z,186.15,1,0,103.1695,2026-09-23T12:23:51Z,186.15,1,0,658.5554999999999,2026-09-23T12:23:51Z,186.15,1,0,31748.235,2026-09-23T15:00:31Z,,29.483333333333334,1,0,-36.444,2026-09-23T15:27:25Z,2026-09-23T15:10:00Z,2.5833333333333335,1,0,139.0,2026-09-23T15:27:25Z,2026-09-23T15:10:00Z,2.5833333333333335,1,0,8944.342,2026-09-23T15:27:25Z,2026-09-23T15:10:00Z,2.5833333333333335,1,0,5537.072,2026-09-23T15:27:25Z,2026-09-23T15:10:00Z,2.5833333333333335,1,0,475.62,2026-09-23T15:27:25Z,2026-09-23T15:10:00Z,2.5833333333333335,1,0,-29.576,2026-09-23T15:00:03Z,2026-09-23T14:30:00Z,29.95,1,0,116.4,2026-09-23T15:00:03Z,2026-09-23T14:30:00Z,29.95,1,0,0.109,2026-09-23T15:00:32Z,,29.466666666666665,1,0,0.0,2026-09-23T15:00:32Z,,29.466666666666665,1,0,3437.2105,254.74650000000003,204.605,372.545,2026-08-31T23:00:00Z,32670.0,1,,,0.0,-92.146,5061.452,,,,,1,1,1,1,1,1,0,0,0,0,0,0,0,0,0,0,0,0,0,0,0,0,0,0,0,0,0,0,0,0,0,0,0,0,0,0,0,0,0,0,0,0,0,0,0,0,0,0,0,0,0,0,0,0,0,0,0,0,0,0,0,0,0,0,0,0,0,0,0,0,0,0,0,0,1,0,0,0,0,0,0,0,0,0,0,0,0,0,0,0,0,0,0,0,0,0,0,0,0,0,0,0,0,0,0,0,1,0,0,0,1,0,1,1,0,0,0,1,1,1,1
2026-09-23T15:30:00Z,2026-09-23T16:30:00Z,60,,,,0,1,,,,0,1,5720.0,2026-09-23T15:20:10Z,9.833333333333334,1,0,1080.0,2026-09-23T15:20:10Z,9.833333333333334,1,0,4640.0,2026-09-23T15:20:10Z,9.833333333333334,1,0,-109.497,2026-09-23T15:00:30Z,29.5,1,0,1493.0,2026-09-23T15:00:30Z,29.5,1,0,611.657,2026-09-23T15:00:30Z,29.5,1,0,0.0,2026-09-23T15:00:30Z,29.5,1,0,3724.84,2026-09-23T15:00:30Z,29.5,1,0,5720.0,2026-09-23T15:00:30Z,29.5,1,0,500.0,2026-09-23T06:00:11Z,569.8166666666667,1,0,530.0,2026-09-23T06:00:11Z,569.8166666666667,1,0,513.0,2026-09-23T06:00:11Z,569.8166666666667,1,0,500.0,2026-09-23T06:00:11Z,569.8166666666667,1,0,500.0,2026-09-23T06:00:11Z,569.8166666666667,1,0,504.0,2026-09-23T06:00:11Z,569.8166666666667,1,0,1443.48,2026-09-23T15:20:00Z,10.0,1,0,3786.065,2026-09-23T15:20:00Z,10.0,1,0,5229.545,2026-09-23T15:20:00Z,10.0,1,0,552.8045,2026-09-23T12:23:53Z,186.11666666666667,1,0,552.8045,2026-09-23T12:23:51Z,186.15,1,0,72.939,2026-09-23T12:23:51Z,186.15,1,0,479.8655,2026-09-23T12:23:51Z,186.15,1,0,31748.235,2026-09-23T15:00:31Z,,29.483333333333334,1,0,-36.444,2026-09-23T15:27:25Z,2026-09-23T15:10:00Z,2.5833333333333335,1,0,139.0,2026-09-23T15:27:25Z,2026-09-23T15:10:00Z,2.5833333333333335,1,0,8944.342,2026-09-23T15:27:25Z,2026-09-23T15:10:00Z,2.5833333333333335,1,0,5537.072,2026-09-23T15:27:25Z,2026-09-23T15:10:00Z,2.5833333333333335,1,0,475.62,2026-09-23T15:27:25Z,2026-09-23T15:10:00Z,2.5833333333333335,1,0,-29.576,2026-09-23T15:00:03Z,2026-09-23T14:30:00Z,29.95,1,0,116.4,2026-09-23T15:00:03Z,2026-09-23T14:30:00Z,29.95,1,0,0.109,2026-09-23T15:00:32Z,,29.466666666666665,1,0,0.0,2026-09-23T15:00:32Z,,29.466666666666665,1,0,3437.2105,254.74650000000003,204.605,372.545,2026-08-31T23:00:00Z,32670.0,1,,,0.0,-109.497,5061.452,,,,,1,1,1,1,1,1,0,0,0,0,0,0,0,0,0,0,0,0,0,0,0,0,0,0,0,0,0,0,0,0,0,0,0,0,0,0,0,0,0,0,0,0,0,0,0,0,0,0,0,0,0,0,0,0,0,0,0,0,0,0,0,0,0,0,0,0,0,0,0,0,0,0,0,0,1,0,0,0,0,0,0,0,0,0,0,0,0,0,0,0,0,0,0,0,0,0,0,0,0,0,0,0,0,0,0,0,1,0,0,0,1,0,1,1,0,0,0,1,1,1,1
2026-09-23T16:00:00Z,2026-09-23T16:30:00Z,30,,,,0,1,,,,0,1,5720.0,2026-09-23T15:50:11Z,9.816666666666666,1,0,1080.0,2026-09-23T15:50:11Z,9.816666666666666,1,0,4640.0,2026-09-23T15:50:11Z,9.816666666666666,1,0,-109.497,2026-09-23T15:00:30Z,59.5,1,0,1493.0,2026-09-23T15:00:30Z,59.5,1,0,611.657,2026-09-23T15:00:30Z,59.5,1,0,0.0,2026-09-23T15:00:30Z,59.5,1,0,3724.84,2026-09-23T15:00:30Z,59.5,1,0,5720.0,2026-09-23T15:00:30Z,59.5,1,0,500.0,2026-09-23T06:00:11Z,599.8166666666667,1,0,530.0,2026-09-23T06:00:11Z,599.8166666666667,1,0,513.0,2026-09-23T06:00:11Z,599.8166666666667,1,0,500.0,2026-09-23T06:00:11Z,599.8166666666667,1,0,500.0,2026-09-23T06:00:11Z,599.8166666666667,1,0,504.0,2026-09-23T06:00:11Z,599.8166666666667,1,0,1443.48,2026-09-23T15:50:00Z,10.0,1,0,3860.385,2026-09-23T15:50:00Z,10.0,1,0,5303.865,2026-09-23T15:50:00Z,10.0,1,0,552.8045,2026-09-23T12:23:53Z,216.11666666666667,1,0,552.8045,2026-09-23T12:23:51Z,216.15,1,0,72.939,2026-09-23T12:23:51Z,216.15,1,0,479.8655,2026-09-23T12:23:51Z,216.15,1,0,31748.235,2026-09-23T15:00:31Z,,59.483333333333334,1,0,-14.359,2026-09-23T15:57:30Z,2026-09-23T15:40:00Z,2.5,1,0,140.11,2026-09-23T15:57:30Z,2026-09-23T15:40:00Z,2.5,1,0,8764.616,2026-09-23T15:57:30Z,2026-09-23T15:40:00Z,2.5,1,0,5386.43,2026-09-23T15:57:30Z,2026-09-23T15:40:00Z,2.5,1,0,499.516,2026-09-23T15:57:30Z,2026-09-23T15:40:00Z,2.5,1,0,-36.309,2026-09-23T15:30:05Z,2026-09-23T15:00:00Z,29.916666666666668,1,0,130.06,2026-09-23T15:30:05Z,2026-09-23T15:00:00Z,29.916666666666668,1,0,0.109,2026-09-23T15:00:32Z,,59.46666666666667,1,0,0.0,2026-09-23T15:00:32Z,,59.46666666666667,1,0,3437.2105,254.74650000000003,204.605,372.545,2026-08-31T23:00:00Z,32700.0,1,,,0.0,-109.497,4886.914000000001,,,,,1,1,1,1,1,1,0,0,0,0,0,0,0,0,0,0,0,0,0,0,0,0,0,0,0,0,0,0,0,0,0,0,0,0,0,0,0,0,0,0,0,0,0,0,0,0,0,0,0,0,0,0,0,0,0,0,0,0,0,0,0,0,0,0,0,0,0,0,0,0,0,0,0,0,1,0,0,0,0,0,0,0,0,0,0,0,0,0,0,0,0,0,0,0,0,0,0,0,0,0,0,0,0,0,0,0,1,0,0,0,1,0,1,1,0,0,0,1,1,1,1
2026-09-23T16:00:00Z,2026-09-23T17:00:00Z,60,,,,0,1,,,,0,1,5727.0,2026-09-23T15:50:11Z,9.816666666666666,1,0,1070.0,2026-09-23T15:50:11Z,9.816666666666666,1,0,4657.0,2026-09-23T15:50:11Z,9.816666666666666,1,0,-136.096,2026-09-23T15:00:30Z,59.5,1,0,1493.0,2026-09-23T15:00:30Z,59.5,1,0,395.626,2026-09-23T15:00:30Z,59.5,1,0,0.0,2026-09-23T15:00:30Z,59.5,1,0,3974.47,2026-09-23T15:00:30Z,59.5,1,0,5727.0,2026-09-23T15:00:30Z,59.5,1,0,500.0,2026-09-23T06:00:11Z,599.8166666666667,1,0,530.0,2026-09-23T06:00:11Z,599.8166666666667,1,0,513.0,2026-09-23T06:00:11Z,599.8166666666667,1,0,500.0,2026-09-23T06:00:11Z,599.8166666666667,1,0,500.0,2026-09-23T06:00:11Z,599.8166666666667,1,0,504.0,2026-09-23T06:00:11Z,599.8166666666667,1,0,1443.48,2026-09-23T15:50:00Z,10.0,1,0,3868.83,2026-09-23T15:50:00Z,10.0,1,0,5312.31,2026-09-23T15:50:00Z,10.0,1,0,358.05600000000004,2026-09-23T12:23:53Z,216.11666666666667,1,0,358.05600000000004,2026-09-23T12:23:51Z,216.15,1,0,45.238,2026-09-23T12:23:51Z,216.15,1,0,312.818,2026-09-23T12:23:51Z,216.15,1,0,31748.235,2026-09-23T15:00:31Z,,59.483333333333334,1,0,-14.359,2026-09-23T15:57:30Z,2026-09-23T15:40:00Z,2.5,1,0,140.11,2026-09-23T15:57:30Z,2026-09-23T15:40:00Z,2.5,1,0,8764.616,2026-09-23T15:57:30Z,2026-09-23T15:40:00Z,2.5,1,0,5386.43,2026-09-23T15:57:30Z,2026-09-23T15:40:00Z,2.5,1,0,499.516,2026-09-23T15:57:30Z,2026-09-23T15:40:00Z,2.5,1,0,-36.309,2026-09-23T15:30:05Z,2026-09-23T15:00:00Z,29.916666666666668,1,0,130.06,2026-09-23T15:30:05Z,2026-09-23T15:00:00Z,29.916666666666668,1,0,0.109,2026-09-23T15:00:32Z,,59.46666666666667,1,0,0.0,2026-09-23T15:00:32Z,,59.46666666666667,1,0,3437.2105,254.74650000000003,204.605,372.545,2026-08-31T23:00:00Z,32700.0,1,,,0.0,-136.096,4886.914000000001,,,,,1,1,1,1,1,1,0,0,0,0,0,0,0,0,0,0,0,0,0,0,0,0,0,0,0,0,0,0,0,0,0,0,0,0,0,0,0,0,0,0,0,0,0,0,0,0,0,0,0,0,0,0,0,0,0,0,0,0,0,0,0,0,0,0,0,0,0,0,0,0,0,0,0,0,1,0,0,0,0,0,0,0,0,0,0,0,0,0,0,0,0,0,0,0,0,0,0,0,0,0,0,0,0,0,0,0,1,0,0,0,1,0,1,1,0,0,0,1,1,1,1
2026-09-23T16:30:00Z,2026-09-23T17:00:00Z,30,,,,0,1,,,,0,1,5727.0,2026-09-23T16:20:16Z,9.733333333333333,1,0,1070.0,2026-09-23T16:20:16Z,9.733333333333333,1,0,4657.0,2026-09-23T16:20:16Z,9.733333333333333,1,0,-143.823,2026-09-23T16:00:31Z,29.483333333333334,1,0,1493.0,2026-09-23T16:00:31Z,29.483333333333334,1,0,403.602,2026-09-23T16:00:31Z,29.483333333333334,1,0,0.0,2026-09-23T16:00:31Z,29.483333333333334,1,0,3974.22,2026-09-23T16:00:31Z,29.483333333333334,1,0,5727.0,2026-09-23T16:00:31Z,29.483333333333334,1,0,500.0,2026-09-23T06:00:11Z,629.8166666666667,1,0,530.0,2026-09-23T06:00:11Z,629.8166666666667,1,0,513.0,2026-09-23T06:00:11Z,629.8166666666667,1,0,500.0,2026-09-23T06:00:11Z,629.8166666666667,1,0,500.0,2026-09-23T06:00:11Z,629.8166666666667,1,0,504.0,2026-09-23T06:00:11Z,629.8166666666667,1,0,1443.48,2026-09-23T16:20:00Z,10.0,1,0,3933.46,2026-09-23T16:20:00Z,10.0,1,0,5376.94,2026-09-23T16:20:00Z,10.0,1,0,358.05600000000004,2026-09-23T12:23:53Z,246.11666666666667,1,0,358.05600000000004,2026-09-23T12:23:51Z,246.15,1,0,45.238,2026-09-23T12:23:51Z,246.15,1,0,312.818,2026-09-23T12:23:51Z,246.15,1,0,31759.829,2026-09-23T16:00:32Z,,29.466666666666665,1,0,-33.512,2026-09-23T16:27:45Z,2026-09-23T16:10:00Z,2.25,1,0,137.02,2026-09-23T16:27:45Z,2026-09-23T16:10:00Z,2.25,1,0,8528.137,2026-09-23T16:27:45Z,2026-09-23T16:10:00Z,2.25,1,0,4965.402,2026-09-23T16:27:45Z,2026-09-23T16:10:00Z,2.25,1,0,503.964,2026-09-23T16:27:45Z,2026-09-23T16:10:00Z,2.25,1,0,-25.865,2026-09-23T16:00:02Z,2026-09-23T15:30:00Z,29.966666666666665,1,0,137.8,2026-09-23T16:00:02Z,2026-09-23T15:30:00Z,29.966666666666665,1,0,0.113,2026-09-23T16:00:32Z,,29.466666666666665,1,0,0.0,2026-09-23T16:00:32Z,,29.466666666666665,1,0,3437.2105,254.74650000000003,204.605,372.545,2026-08-31T23:00:00Z,32730.0,1,,,0.0,-143.823,4461.438,,,,,1,1,1,1,1,1,0,0,0,0,0,0,0,0,0,0,0,0,0,0,0,0,0,0,0,0,0,0,0,0,0,0,0,0,0,0,0,0,0,0,0,0,0,0,0,0,0,0,0,0,0,0,0,0,0,0,0,0,0,0,0,0,0,0,0,0,0,0,0,0,0,0,0,0,1,0,0,0,0,0,0,0,0,0,0,0,0,0,0,0,0,0,0,0,0,0,0,0,0,0,0,0,0,0,0,0,1,0,0,0,1,0,1,1,0,0,0,1,1,1,1
2026-09-23T16:30:00Z,2026-09-23T17:30:00Z,60,,,,0,1,,,,0,1,5680.0,2026-09-23T16:20:16Z,9.733333333333333,1,0,1036.0,2026-09-23T16:20:16Z,9.733333333333333,1,0,4644.0,2026-09-23T16:20:16Z,9.733333333333333,1,0,-122.335,2026-09-23T16:00:31Z,29.483333333333334,1,0,1493.0,2026-09-23T16:00:31Z,29.483333333333334,1,0,248.045,2026-09-23T16:00:31Z,29.483333333333334,1,0,0.0,2026-09-23T16:00:31Z,29.483333333333334,1,0,4061.29,2026-09-23T16:00:31Z,29.483333333333334,1,0,5680.0,2026-09-23T16:00:31Z,29.483333333333334,1,0,500.0,2026-09-23T06:00:11Z,629.8166666666667,1,0,530.0,2026-09-23T06:00:11Z,629.8166666666667,1,0,513.0,2026-09-23T06:00:11Z,629.8166666666667,1,0,500.0,2026-09-23T06:00:11Z,629.8166666666667,1,0,500.0,2026-09-23T06:00:11Z,629.8166666666667,1,0,504.0,2026-09-23T06:00:11Z,629.8166666666667,1,0,1443.48,2026-09-23T16:20:00Z,10.0,1,0,3908.8450000000003,2026-09-23T16:20:00Z,10.0,1,0,5352.325,2026-09-23T16:20:00Z,10.0,1,0,205.8055,2026-09-23T12:23:53Z,246.11666666666667,1,0,205.8055,2026-09-23T12:23:51Z,246.15,1,0,25.084,2026-09-23T12:23:51Z,246.15,1,0,180.7215,2026-09-23T12:23:51Z,246.15,1,0,31759.829,2026-09-23T16:00:32Z,,29.466666666666665,1,0,-33.512,2026-09-23T16:27:45Z,2026-09-23T16:10:00Z,2.25,1,0,137.02,2026-09-23T16:27:45Z,2026-09-23T16:10:00Z,2.25,1,0,8528.137,2026-09-23T16:27:45Z,2026-09-23T16:10:00Z,2.25,1,0,4965.402,2026-09-23T16:27:45Z,2026-09-23T16:10:00Z,2.25,1,0,503.964,2026-09-23T16:27:45Z,2026-09-23T16:10:00Z,2.25,1,0,-25.865,2026-09-23T16:00:02Z,2026-09-23T15:30:00Z,29.966666666666665,1,0,137.8,2026-09-23T16:00:02Z,2026-09-23T15:30:00Z,29.966666666666665,1,0,0.113,2026-09-23T16:00:32Z,,29.466666666666665,1,0,0.0,2026-09-23T16:00:32Z,,29.466666666666665,1,0,3437.2105,254.74650000000003,204.605,372.545,2026-08-31T23:00:00Z,32730.0,1,,,0.0,-122.335,4461.438,,,,,1,1,1,1,1,1,0,0,0,0,0,0,0,0,0,0,0,0,0,0,0,0,0,0,0,0,0,0,0,0,0,0,0,0,0,0,0,0,0,0,0,0,0,0,0,0,0,0,0,0,0,0,0,0,0,0,0,0,0,0,0,0,0,0,0,0,0,0,0,0,0,0,0,0,1,0,0,0,0,0,0,0,0,0,0,0,0,0,0,0,0,0,0,0,0,0,0,0,0,0,0,0,0,0,0,0,1,0,0,0,1,0,1,1,0,0,0,1,1,1,1
2026-09-23T17:00:00Z,2026-09-23T17:30:00Z,30,,,,0,1,,,,0,1,5680.0,2026-09-23T16:50:15Z,9.75,1,0,1036.0,2026-09-23T16:50:15Z,9.75,1,0,4644.0,2026-09-23T16:50:15Z,9.75,1,0,-122.335,2026-09-23T16:00:31Z,59.483333333333334,1,0,1493.0,2026-09-23T16:00:31Z,59.483333333333334,1,0,248.045,2026-09-23T16:00:31Z,59.483333333333334,1,0,0.0,2026-09-23T16:00:31Z,59.483333333333334,1,0,4061.29,2026-09-23T16:00:31Z,59.483333333333334,1,0,5680.0,2026-09-23T16:00:31Z,59.483333333333334,1,0,500.0,2026-09-23T06:00:11Z,659.8166666666667,1,0,530.0,2026-09-23T06:00:11Z,659.8166666666667,1,0,513.0,2026-09-23T06:00:11Z,659.8166666666667,1,0,500.0,2026-09-23T06:00:11Z,659.8166666666667,1,0,500.0,2026-09-23T06:00:11Z,659.8166666666667,1,0,504.0,2026-09-23T06:00:11Z,659.8166666666667,1,0,1443.48,2026-09-23T16:50:00Z,10.0,1,0,3971.25,2026-09-23T16:50:00Z,10.0,1,0,5414.73,2026-09-23T16:50:00Z,10.0,1,0,205.8055,2026-09-23T12:23:53Z,276.1166666666667,1,0,205.8055,2026-09-23T12:23:51Z,276.15,1,0,25.084,2026-09-23T12:23:51Z,276.15,1,0,180.7215,2026-09-23T12:23:51Z,276.15,1,0,31759.829,2026-09-23T16:00:32Z,,59.46666666666667,1,0,-11.793,2026-09-23T16:57:31Z,2026-09-23T16:40:00Z,2.4833333333333334,1,0,141.74,2026-09-23T16:57:31Z,2026-09-23T16:40:00Z,2.4833333333333334,1,0,8360.906,2026-09-23T16:57:31Z,2026-09-23T16:40:00Z,2.4833333333333334,1,0,4385.859,2026-09-23T16:57:31Z,2026-09-23T16:40:00Z,2.4833333333333334,1,0,503.964,2026-09-23T16:57:31Z,2026-09-23T16:40:00Z,2.4833333333333334,1,0,-16.555,2026-09-23T16:30:02Z,2026-09-23T16:00:00Z,29.966666666666665,1,0,139.53,2026-09-23T16:30:02Z,2026-09-23T16:00:00Z,29.966666666666665,1,0,0.113,2026-09-23T16:00:32Z,,59.46666666666667,1,0,0.0,2026-09-23T16:00:32Z,,59.46666666666667,1,0,3437.2105,254.74650000000003,204.605,372.545,2026-08-31T23:00:00Z,32760.0,1,,,0.0,-122.335,3881.8950000000004,,,,,1,1,1,1,1,1,0,0,0,0,0,0,0,0,0,0,0,0,0,0,0,0,0,0,0,0,0,0,0,0,0,0,0,0,0,0,0,0,0,0,0,0,0,0,0,0,0,0,0,0,0,0,0,0,0,0,0,0,0,0,0,0,0,0,0,0,0,0,0,0,0,0,0,0,1,0,0,0,0,0,0,0,0,0,0,0,0,0,0,0,0,0,0,0,0,0,0,0,0,0,0,0,0,0,0,0,1,0,0,0,1,0,1,1,0,0,0,1,1,1,1
2026-09-23T17:00:00Z,2026-09-23T18:00:00Z,60,,,,0,1,,,,0,1,5679.0,2026-09-23T16:50:15Z,9.75,1,0,1037.0,2026-09-23T16:50:15Z,9.75,1,0,4642.0,2026-09-23T16:50:15Z,9.75,1,0,-13.759,2026-09-23T16:00:31Z,59.483333333333334,1,0,1493.0,2026-09-23T16:00:31Z,59.483333333333334,1,0,92.458,2026-09-23T16:00:31Z,59.483333333333334,1,0,0.0,2026-09-23T16:00:31Z,59.483333333333334,1,0,4107.301,2026-09-23T16:00:31Z,59.483333333333334,1,0,5679.0,2026-09-23T16:00:31Z,59.483333333333334,1,0,500.0,2026-09-23T06:00:11Z,659.8166666666667,1,0,530.0,2026-09-23T06:00:11Z,659.8166666666667,1,0,513.0,2026-09-23T06:00:11Z,659.8166666666667,1,0,500.0,2026-09-23T06:00:11Z,659.8166666666667,1,0,500.0,2026-09-23T06:00:11Z,659.8166666666667,1,0,504.0,2026-09-23T06:00:11Z,659.8166666666667,1,0,1443.48,2026-09-23T16:50:00Z,10.0,1,0,4010.245,2026-09-23T16:50:00Z,10.0,1,0,5453.725,2026-09-23T16:50:00Z,10.0,1,0,94.2625,2026-09-23T12:23:53Z,276.1166666666667,1,0,94.2625,2026-09-23T12:23:51Z,276.15,1,0,9.2175,2026-09-23T12:23:51Z,276.15,1,0,85.045,2026-09-23T12:23:51Z,276.15,1,0,31759.829,2026-09-23T16:00:32Z,,59.46666666666667,1,0,-11.793,2026-09-23T16:57:31Z,2026-09-23T16:40:00Z,2.4833333333333334,1,0,141.74,2026-09-23T16:57:31Z,2026-09-23T16:40:00Z,2.4833333333333334,1,0,8360.906,2026-09-23T16:57:31Z,2026-09-23T16:40:00Z,2.4833333333333334,1,0,4385.859,2026-09-23T16:57:31Z,2026-09-23T16:40:00Z,2.4833333333333334,1,0,503.964,2026-09-23T16:57:31Z,2026-09-23T16:40:00Z,2.4833333333333334,1,0,-16.555,2026-09-23T16:30:02Z,2026-09-23T16:00:00Z,29.966666666666665,1,0,139.53,2026-09-23T16:30:02Z,2026-09-23T16:00:00Z,29.966666666666665,1,0,0.113,2026-09-23T16:00:32Z,,59.46666666666667,1,0,0.0,2026-09-23T16:00:32Z,,59.46666666666667,1,0,3437.2105,254.74650000000003,204.605,372.545,2026-08-31T23:00:00Z,32760.0,1,,,0.0,-13.759,3881.8950000000004,,,,,1,1,1,1,1,1,0,0,0,0,0,0,0,0,0,0,0,0,0,0,0,0,0,0,0,0,0,0,0,0,0,0,0,0,0,0,0,0,0,0,0,0,0,0,0,0,0,0,0,0,0,0,0,0,0,0,0,0,0,0,0,0,0,0,0,0,0,0,0,0,0,0,0,0,1,0,0,0,0,0,0,0,0,0,0,0,0,0,0,0,0,0,0,0,0,0,0,0,0,0,0,0,0,0,0,0,1,0,0,0,1,0,1,1,0,0,0,1,1,1,1
2026-09-23T17:30:00Z,2026-09-23T18:00:00Z,30,,,,0,1,,,,0,1,5679.0,2026-09-23T17:20:11Z,9.816666666666666,1,0,1037.0,2026-09-23T17:20:11Z,9.816666666666666,1,0,4642.0,2026-09-23T17:20:11Z,9.816666666666666,1,0,-15.387,2026-09-23T17:00:35Z,29.416666666666668,1,0,1493.0,2026-09-23T17:00:35Z,29.416666666666668,1,0,94.487,2026-09-23T17:00:35Z,29.416666666666668,1,0,0.0,2026-09-23T17:00:35Z,29.416666666666668,1,0,4106.9,2026-09-23T17:00:35Z,29.416666666666668,1,0,5679.0,2026-09-23T17:00:35Z,29.416666666666668,1,0,500.0,2026-09-23T06:00:11Z,689.8166666666667,1,0,530.0,2026-09-23T06:00:11Z,689.8166666666667,1,0,513.0,2026-09-23T06:00:11Z,689.8166666666667,1,0,500.0,2026-09-23T06:00:11Z,689.8166666666667,1,0,500.0,2026-09-23T06:00:11Z,689.8166666666667,1,0,504.0,2026-09-23T06:00:11Z,689.8166666666667,1,0,1443.48,2026-09-23T17:20:00Z,10.0,1,0,4117.09,2026-09-23T17:20:00Z,10.0,1,0,5560.57,2026-09-23T17:20:00Z,10.0,1,0,94.2625,2026-09-23T12:23:53Z,306.1166666666667,1,0,94.2625,2026-09-23T12:23:51Z,306.15,1,0,9.2175,2026-09-23T12:23:51Z,306.15,1,0,85.045,2026-09-23T12:23:51Z,306.15,1,0,31425.129,2026-09-23T17:00:36Z,,29.4,1,0,-3.782,2026-09-23T17:27:46Z,2026-09-23T17:10:00Z,2.2333333333333334,1,0,136.77,2026-09-23T17:27:46Z,2026-09-23T17:10:00Z,2.2333333333333334,1,0,8167.555,2026-09-23T17:27:46Z,2026-09-23T17:10:00Z,2.2333333333333334,1,0,4097.915,2026-09-23T17:27:46Z,2026-09-23T17:10:00Z,2.2333333333333334,1,0,503.964,2026-09-23T17:27:46Z,2026-09-23T17:10:00Z,2.2333333333333334,1,0,-25.097,2026-09-23T17:00:03Z,2026-09-23T16:30:00Z,29.95,1,0,139.29,2026-09-23T17:00:03Z,2026-09-23T16:30:00Z,29.95,1,0,0.116,2026-09-23T17:00:37Z,,29.383333333333333,1,0,0.0,2026-09-23T17:00:37Z,,29.383333333333333,1,0,3437.2105,254.74650000000003,204.605,372.545,2026-08-31T23:00:00Z,32790.0,1,,,0.0,-15.387,3593.951,,,,,1,1,1,1,1,1,0,0,0,0,0,0,0,0,0,0,0,0,0,0,0,0,0,0,0,0,0,0,0,0,0,0,0,0,0,0,0,0,0,0,0,0,0,0,0,0,0,0,0,0,0,0,0,0,0,0,0,0,0,0,0,0,0,0,0,0,0,0,0,0,0,0,0,0,1,0,0,0,0,0,0,0,0,0,0,0,0,0,0,0,0,0,0,0,0,0,0,0,0,0,0,0,0,0,0,0,1,0,0,0,1,0,1,1,0,0,0,1,1,1,1
2026-09-23T17:30:00Z,2026-09-23T18:30:00Z,60,,,,0,1,,,,0,1,5806.0,2026-09-23T17:20:11Z,9.816666666666666,1,0,1080.0,2026-09-23T17:20:11Z,9.816666666666666,1,0,4726.0,2026-09-23T17:20:11Z,9.816666666666666,1,0,87.506,2026-09-23T17:00:35Z,29.416666666666668,1,0,1493.0,2026-09-23T17:00:35Z,29.416666666666668,1,0,100.945,2026-09-23T17:00:35Z,29.416666666666668,1,0,0.0,2026-09-23T17:00:35Z,29.416666666666668,1,0,4124.55,2026-09-23T17:00:35Z,29.416666666666668,1,0,5806.0,2026-09-23T17:00:35Z,29.416666666666668,1,0,500.0,2026-09-23T06:00:11Z,689.8166666666667,1,0,530.0,2026-09-23T06:00:11Z,689.8166666666667,1,0,513.0,2026-09-23T06:00:11Z,689.8166666666667,1,0,500.0,2026-09-23T06:00:11Z,689.8166666666667,1,0,500.0,2026-09-23T06:00:11Z,689.8166666666667,1,0,504.0,2026-09-23T06:00:11Z,689.8166666666667,1,0,1443.48,2026-09-23T17:20:00Z,10.0,1,0,4239.7805,2026-09-23T17:20:00Z,10.0,1,0,5683.2605,2026-09-23T17:20:00Z,10.0,1,0,104.8295,2026-09-23T12:23:53Z,306.1166666666667,1,0,104.8295,2026-09-23T12:23:51Z,306.15,1,0,6.202,2026-09-23T12:23:51Z,306.15,1,0,98.6275,2026-09-23T12:23:51Z,306.15,1,0,31425.129,2026-09-23T17:00:36Z,,29.4,1,0,-3.782,2026-09-23T17:27:46Z,2026-09-23T17:10:00Z,2.2333333333333334,1,0,136.77,2026-09-23T17:27:46Z,2026-09-23T17:10:00Z,2.2333333333333334,1,0,8167.555,2026-09-23T17:27:46Z,2026-09-23T17:10:00Z,2.2333333333333334,1,0,4097.915,2026-09-23T17:27:46Z,2026-09-23T17:10:00Z,2.2333333333333334,1,0,503.964,2026-09-23T17:27:46Z,2026-09-23T17:10:00Z,2.2333333333333334,1,0,-25.097,2026-09-23T17:00:03Z,2026-09-23T16:30:00Z,29.95,1,0,139.29,2026-09-23T17:00:03Z,2026-09-23T16:30:00Z,29.95,1,0,0.116,2026-09-23T17:00:37Z,,29.383333333333333,1,0,0.0,2026-09-23T17:00:37Z,,29.383333333333333,1,0,3437.2105,254.74650000000003,204.605,372.545,2026-08-31T23:00:00Z,32790.0,1,,,0.0,87.506,3593.951,,,,,1,1,1,1,1,1,0,0,0,0,0,0,0,0,0,0,0,0,0,0,0,0,0,0,0,0,0,0,0,0,0,0,0,0,0,0,0,0,0,0,0,0,0,0,0,0,0,0,0,0,0,0,0,0,0,0,0,0,0,0,0,0,0,0,0,0,0,0,0,0,0,0,0,0,1,0,0,0,0,0,0,0,0,0,0,0,0,0,0,0,0,0,0,0,0,0,0,0,0,0,0,0,0,0,0,0,1,0,0,0,1,0,1,1,0,0,0,1,1,1,1
2026-09-23T18:00:00Z,2026-09-23T18:30:00Z,30,,,,0,1,,,,0,1,5806.0,2026-09-23T17:50:16Z,9.733333333333333,1,0,1080.0,2026-09-23T17:50:16Z,9.733333333333333,1,0,4726.0,2026-09-23T17:50:16Z,9.733333333333333,1,0,87.506,2026-09-23T17:00:35Z,59.416666666666664,1,0,1493.0,2026-09-23T17:00:35Z,59.416666666666664,1,0,100.945,2026-09-23T17:00:35Z,59.416666666666664,1,0,0.0,2026-09-23T17:00:35Z,59.416666666666664,1,0,4124.55,2026-09-23T17:00:35Z,59.416666666666664,1,0,5806.0,2026-09-23T17:00:35Z,59.416666666666664,1,0,500.0,2026-09-23T06:00:11Z,719.8166666666667,1,0,530.0,2026-09-23T06:00:11Z,719.8166666666667,1,0,513.0,2026-09-23T06:00:11Z,719.8166666666667,1,0,500.0,2026-09-23T06:00:11Z,719.8166666666667,1,0,500.0,2026-09-23T06:00:11Z,719.8166666666667,1,0,504.0,2026-09-23T06:00:11Z,719.8166666666667,1,0,1443.48,2026-09-23T17:50:00Z,10.0,1,0,4294.4605,2026-09-23T17:50:00Z,10.0,1,0,5737.9405,2026-09-23T17:50:00Z,10.0,1,0,104.8295,2026-09-23T12:23:53Z,336.1166666666667,1,0,104.8295,2026-09-23T12:23:51Z,336.15,1,0,6.202,2026-09-23T12:23:51Z,336.15,1,0,98.6275,2026-09-23T12:23:51Z,336.15,1,0,31425.129,2026-09-23T17:00:36Z,,59.4,1,0,-9.832,2026-09-23T17:57:58Z,2026-09-23T17:40:00Z,2.033333333333333,1,0,147.17,2026-09-23T17:57:58Z,2026-09-23T17:40:00Z,2.033333333333333,1,0,8098.428,2026-09-23T17:57:58Z,2026-09-23T17:40:00Z,2.033333333333333,1,0,3828.736,2026-09-23T17:57:58Z,2026-09-23T17:40:00Z,2.033333333333333,1,0,503.964,2026-09-23T17:57:58Z,2026-09-23T17:40:00Z,2.033333333333333,1,0,-3.847,2026-09-23T17:30:04Z,2026-09-23T17:00:00Z,29.933333333333334,1,0,142.56,2026-09-23T17:30:04Z,2026-09-23T17:00:00Z,29.933333333333334,1,0,0.116,2026-09-23T17:00:37Z,,59.38333333333333,1,0,0.0,2026-09-23T17:00:37Z,,59.38333333333333,1,0,3437.2105,254.74650000000003,204.605,372.545,2026-08-31T23:00:00Z,32820.0,1,,,0.0,87.506,3324.772,,,,,1,1,1,1,1,1,0,0,0,0,0,0,0,0,0,0,0,0,0,0,0,0,0,0,0,0,0,0,0,0,0,0,0,0,0,0,0,0,0,0,0,0,0,0,0,0,0,0,0,0,0,0,0,0,0,0,0,0,0,0,0,0,0,0,0,0,0,0,0,0,0,0,0,0,1,0,0,0,0,0,0,0,0,0,0,0,0,0,0,0,0,0,0,0,0,0,0,0,0,0,0,0,0,0,0,0,1,0,0,0,1,0,1,1,0,0,0,1,1,1,1
2026-09-23T18:00:00Z,2026-09-23T19:00:00Z,60,,,,0,1,,,,0,1,5858.0,2026-09-23T17:50:16Z,9.733333333333333,1,0,1058.0,2026-09-23T17:50:16Z,9.733333333333333,1,0,4800.0,2026-09-23T17:50:16Z,9.733333333333333,1,0,223.5,2026-09-23T17:00:35Z,59.416666666666664,1,0,1493.0,2026-09-23T17:00:35Z,59.416666666666664,1,0,113.221,2026-09-23T17:00:35Z,59.416666666666664,1,0,0.0,2026-09-23T17:00:35Z,59.416666666666664,1,0,4028.28,2026-09-23T17:00:35Z,59.416666666666664,1,0,5858.0,2026-09-23T17:00:35Z,59.416666666666664,1,0,500.0,2026-09-23T06:00:11Z,719.8166666666667,1,0,530.0,2026-09-23T06:00:11Z,719.8166666666667,1,0,513.0,2026-09-23T06:00:11Z,719.8166666666667,1,0,500.0,2026-09-23T06:00:11Z,719.8166666666667,1,0,500.0,2026-09-23T06:00:11Z,719.8166666666667,1,0,504.0,2026-09-23T06:00:11Z,719.8166666666667,1,0,1443.48,2026-09-23T17:50:00Z,10.0,1,0,4292.175,2026-09-23T17:50:00Z,10.0,1,0,5735.655,2026-09-23T17:50:00Z,10.0,1,0,120.029,2026-09-23T12:23:53Z,336.1166666666667,1,0,120.029,2026-09-23T12:23:51Z,336.15,1,0,4.4030000000000005,2026-09-23T12:23:51Z,336.15,1,0,115.626,2026-09-23T12:23:51Z,336.15,1,0,31425.129,2026-09-23T17:00:36Z,,59.4,1,0,-9.832,2026-09-23T17:57:58Z,2026-09-23T17:40:00Z,2.033333333333333,1,0,147.17,2026-09-23T17:57:58Z,2026-09-23T17:40:00Z,2.033333333333333,1,0,8098.428,2026-09-23T17:57:58Z,2026-09-23T17:40:00Z,2.033333333333333,1,0,3828.736,2026-09-23T17:57:58Z,2026-09-23T17:40:00Z,2.033333333333333,1,0,503.964,2026-09-23T17:57:58Z,2026-09-23T17:40:00Z,2.033333333333333,1,0,-3.847,2026-09-23T17:30:04Z,2026-09-23T17:00:00Z,29.933333333333334,1,0,142.56,2026-09-23T17:30:04Z,2026-09-23T17:00:00Z,29.933333333333334,1,0,0.116,2026-09-23T17:00:37Z,,59.38333333333333,1,0,0.0,2026-09-23T17:00:37Z,,59.38333333333333,1,0,3437.2105,254.74650000000003,204.605,372.545,2026-08-31T23:00:00Z,32820.0,1,,,0.0,223.5,3324.772,,,,,1,1,1,1,1,1,0,0,0,0,0,0,0,0,0,0,0,0,0,0,0,0,0,0,0,0,0,0,0,0,0,0,0,0,0,0,0,0,0,0,0,0,0,0,0,0,0,0,0,0,0,0,0,0,0,0,0,0,0,0,0,0,0,0,0,0,0,0,0,0,0,0,0,0,1,0,0,0,0,0,0,0,0,0,0,0,0,0,0,0,0,0,0,0,0,0,0,0,0,0,0,0,0,0,0,0,1,0,0,0,1,0,1,1,0,0,0,1,1,1,1
2026-09-23T18:30:00Z,2026-09-23T19:00:00Z,30,,,,0,1,,,,0,1,5858.0,2026-09-23T18:20:20Z,9.666666666666666,1,0,1058.0,2026-09-23T18:20:20Z,9.666666666666666,1,0,4800.0,2026-09-23T18:20:20Z,9.666666666666666,1,0,225.562,2026-09-23T18:00:30Z,29.5,1,0,1493.0,2026-09-23T18:00:30Z,29.5,1,0,108.608,2026-09-23T18:00:30Z,29.5,1,0,0.0,2026-09-23T18:00:30Z,29.5,1,0,4030.83,2026-09-23T18:00:30Z,29.5,1,0,5858.0,2026-09-23T18:00:30Z,29.5,1,0,500.0,2026-09-23T06:00:11Z,749.8166666666667,1,0,530.0,2026-09-23T06:00:11Z,749.8166666666667,1,0,513.0,2026-09-23T06:00:11Z,749.8166666666667,1,0,500.0,2026-09-23T06:00:11Z,749.8166666666667,1,0,500.0,2026-09-23T06:00:11Z,749.8166666666667,1,0,504.0,2026-09-23T06:00:11Z,749.8166666666667,1,0,1443.48,2026-09-23T18:20:00Z,10.0,1,0,4269.374,2026-09-23T18:20:00Z,10.0,1,0,5712.854,2026-09-23T18:20:00Z,10.0,1,0,148.8275,2026-09-23T18:14:03Z,15.95,1,0,148.8275,2026-09-23T18:14:01Z,15.983333333333333,1,0,3.8360000000000003,2026-09-23T18:14:01Z,15.983333333333333,1,0,144.9915,2026-09-23T18:14:01Z,15.983333333333333,1,0,4445.273,2026-09-23T18:00:31Z,,29.483333333333334,1,0,-12.444,2026-09-23T18:27:50Z,2026-09-23T18:10:00Z,2.1666666666666665,1,0,148.33,2026-09-23T18:27:50Z,2026-09-23T18:10:00Z,2.1666666666666665,1,0,8047.104,2026-09-23T18:27:50Z,2026-09-23T18:10:00Z,2.1666666666666665,1,0,3388.719,2026-09-23T18:27:50Z,2026-09-23T18:10:00Z,2.1666666666666665,1,0,503.964,2026-09-23T18:27:50Z,2026-09-23T18:10:00Z,2.1666666666666665,1,0,-4.592,2026-09-23T18:00:02Z,2026-09-23T17:30:00Z,29.966666666666665,1,0,138.99,2026-09-23T18:00:02Z,2026-09-23T17:30:00Z,29.966666666666665,1,0,0.032,2026-09-23T18:00:32Z,,29.466666666666665,1,0,0.0,2026-09-23T18:00:32Z,,29.466666666666665,1,0,3437.2105,254.74650000000003,204.605,372.545,2026-08-31T23:00:00Z,32850.0,1,,,0.0,225.562,2884.755,,,,,1,1,1,1,1,1,0,0,0,0,0,0,0,0,0,0,0,0,0,0,0,0,0,0,0,0,0,0,0,0,0,0,0,0,0,0,0,0,0,0,0,0,0,0,0,0,0,0,0,0,0,0,0,0,0,0,0,0,0,0,0,0,0,0,0,0,0,0,0,0,0,0,0,0,1,0,0,0,0,0,0,0,0,0,0,0,0,0,0,0,0,0,0,0,0,0,0,0,0,0,0,0,0,0,0,0,1,0,0,0,1,0,1,1,0,0,0,1,1,1,1
2026-09-23T18:30:00Z,2026-09-23T19:30:00Z,60,,,,0,1,,,,0,1,5719.0,2026-09-23T18:20:20Z,9.666666666666666,1,0,1014.0,2026-09-23T18:20:20Z,9.666666666666666,1,0,4705.0,2026-09-23T18:20:20Z,9.666666666666666,1,0,119.767,2026-09-23T18:00:30Z,29.5,1,0,1493.0,2026-09-23T18:00:30Z,29.5,1,0,134.993,2026-09-23T18:00:30Z,29.5,1,0,0.0,2026-09-23T18:00:30Z,29.5,1,0,3971.24,2026-09-23T18:00:30Z,29.5,1,0,5719.0,2026-09-23T18:00:30Z,29.5,1,0,500.0,2026-09-23T06:00:11Z,749.8166666666667,1,0,530.0,2026-09-23T06:00:11Z,749.8166666666667,1,0,513.0,2026-09-23T06:00:11Z,749.8166666666667,1,0,500.0,2026-09-23T06:00:11Z,749.8166666666667,1,0,500.0,2026-09-23T06:00:11Z,749.8166666666667,1,0,504.0,2026-09-23T06:00:11Z,749.8166666666667,1,0,1443.48,2026-09-23T18:20:00Z,10.0,1,0,4120.5795,2026-09-23T18:20:00Z,10.0,1,0,5564.0595,2026-09-23T18:20:00Z,10.0,1,0,207.171,2026-09-23T18:14:03Z,15.95,1,0,207.171,2026-09-23T18:14:01Z,15.983333333333333,1,0,6.2165,2026-09-23T18:14:01Z,15.983333333333333,1,0,200.9545,2026-09-23T18:14:01Z,15.983333333333333,1,0,4445.273,2026-09-23T18:00:31Z,,29.483333333333334,1,0,-12.444,2026-09-23T18:27:50Z,2026-09-23T18:10:00Z,2.1666666666666665,1,0,148.33,2026-09-23T18:27:50Z,2026-09-23T18:10:00Z,2.1666666666666665,1,0,8047.104,2026-09-23T18:27:50Z,2026-09-23T18:10:00Z,2.1666666666666665,1,0,3388.719,2026-09-23T18:27:50Z,2026-09-23T18:10:00Z,2.1666666666666665,1,0,503.964,2026-09-23T18:27:50Z,2026-09-23T18:10:00Z,2.1666666666666665,1,0,-4.592,2026-09-23T18:00:02Z,2026-09-23T17:30:00Z,29.966666666666665,1,0,138.99,2026-09-23T18:00:02Z,2026-09-23T17:30:00Z,29.966666666666665,1,0,0.032,2026-09-23T18:00:32Z,,29.466666666666665,1,0,0.0,2026-09-23T18:00:32Z,,29.466666666666665,1,0,3437.2105,254.74650000000003,204.605,372.545,2026-08-31T23:00:00Z,32850.0,1,,,0.0,119.767,2884.755,,,,,1,1,1,1,1,1,0,0,0,0,0,0,0,0,0,0,0,0,0,0,0,0,0,0,0,0,0,0,0,0,0,0,0,0,0,0,0,0,0,0,0,0,0,0,0,0,0,0,0,0,0,0,0,0,0,0,0,0,0,0,0,0,0,0,0,0,0,0,0,0,0,0,0,0,1,0,0,0,0,0,0,0,0,0,0,0,0,0,0,0,0,0,0,0,0,0,0,0,0,0,0,0,0,0,0,0,1,0,0,0,1,0,1,1,0,0,0,1,1,1,1
2026-09-23T19:00:00Z,2026-09-23T19:30:00Z,30,,,,0,1,,,,0,1,5719.0,2026-09-23T18:50:16Z,9.733333333333333,1,0,1014.0,2026-09-23T18:50:16Z,9.733333333333333,1,0,4705.0,2026-09-23T18:50:16Z,9.733333333333333,1,0,119.767,2026-09-23T18:00:30Z,59.5,1,0,1493.0,2026-09-23T18:00:30Z,59.5,1,0,134.993,2026-09-23T18:00:30Z,59.5,1,0,0.0,2026-09-23T18:00:30Z,59.5,1,0,3971.24,2026-09-23T18:00:30Z,59.5,1,0,5719.0,2026-09-23T18:00:30Z,59.5,1,0,500.0,2026-09-23T06:00:11Z,779.8166666666667,1,0,530.0,2026-09-23T06:00:11Z,779.8166666666667,1,0,513.0,2026-09-23T06:00:11Z,779.8166666666667,1,0,500.0,2026-09-23T06:00:11Z,779.8166666666667,1,0,500.0,2026-09-23T06:00:11Z,779.8166666666667,1,0,504.0,2026-09-23T06:00:11Z,779.8166666666667,1,0,1443.48,2026-09-23T18:50:00Z,10.0,1,0,4069.5345,2026-09-23T18:50:00Z,10.0,1,0,5513.0145,2026-09-23T18:50:00Z,10.0,1,0,207.171,2026-09-23T18:14:03Z,45.95,1,0,207.171,2026-09-23T18:14:01Z,45.983333333333334,1,0,6.2165,2026-09-23T18:14:01Z,45.983333333333334,1,0,200.9545,2026-09-23T18:14:01Z,45.983333333333334,1,0,4445.273,2026-09-23T18:00:31Z,,59.483333333333334,1,0,-1.927,2026-09-23T18:57:45Z,2026-09-23T18:40:00Z,2.25,1,0,137.87,2026-09-23T18:57:45Z,2026-09-23T18:40:00Z,2.25,1,0,8053.797,2026-09-23T18:57:45Z,2026-09-23T18:40:00Z,2.25,1,0,3277.282,2026-09-23T18:57:45Z,2026-09-23T18:40:00Z,2.25,1,0,503.964,2026-09-23T18:57:45Z,2026-09-23T18:40:00Z,2.25,1,0,-9.72,2026-09-23T18:30:03Z,2026-09-23T18:00:00Z,29.95,1,0,147.36,2026-09-23T18:30:03Z,2026-09-23T18:00:00Z,29.95,1,0,0.032,2026-09-23T18:00:32Z,,59.46666666666667,1,0,0.0,2026-09-23T18:00:32Z,,59.46666666666667,1,0,3437.2105,254.74650000000003,204.605,372.545,2026-08-31T23:00:00Z,32880.0,1,,,0.0,119.767,2773.318,,,,,1,1,1,1,1,1,0,0,0,0,0,0,0,0,0,0,0,0,0,0,0,0,0,0,0,0,0,0,0,0,0,0,0,0,0,0,0,0,0,0,0,0,0,0,0,0,0,0,0,0,0,0,0,0,0,0,0,0,0,0,0,0,0,0,0,0,0,0,0,0,0,0,0,0,1,0,0,0,0,0,0,0,0,0,0,0,0,0,0,0,0,0,0,0,0,0,0,0,0,0,0,0,0,0,0,0,1,0,0,0,1,0,1,1,0,0,0,1,1,1,1
2026-09-23T19:00:00Z,2026-09-23T20:00:00Z,60,,,,0,1,,,,0,1,5564.0,2026-09-23T18:50:16Z,9.733333333333333,1,0,984.0,2026-09-23T18:50:16Z,9.733333333333333,1,0,4580.0,2026-09-23T18:50:16Z,9.733333333333333,1,0,119.717,2026-09-23T18:00:30Z,59.5,1,0,1493.0,2026-09-23T18:00:30Z,59.5,1,0,171.753,2026-09-23T18:00:30Z,59.5,1,0,0.0,2026-09-23T18:00:30Z,59.5,1,0,3779.53,2026-09-23T18:00:30Z,59.5,1,0,5564.0,2026-09-23T18:00:30Z,59.5,1,0,500.0,2026-09-23T06:00:11Z,779.8166666666667,1,0,530.0,2026-09-23T06:00:11Z,779.8166666666667,1,0,513.0,2026-09-23T06:00:11Z,779.8166666666667,1,0,500.0,2026-09-23T06:00:11Z,779.8166666666667,1,0,500.0,2026-09-23T06:00:11Z,779.8166666666667,1,0,504.0,2026-09-23T06:00:11Z,779.8166666666667,1,0,1443.48,2026-09-23T18:50:00Z,10.0,1,0,3888.9195,2026-09-23T18:50:00Z,10.0,1,0,5332.3995,2026-09-23T18:50:00Z,10.0,1,0,271.793,2026-09-23T18:14:03Z,45.95,1,0,271.793,2026-09-23T18:14:01Z,45.983333333333334,1,0,10.543,2026-09-23T18:14:01Z,45.983333333333334,1,0,261.25,2026-09-23T18:14:01Z,45.983333333333334,1,0,4445.273,2026-09-23T18:00:31Z,,59.483333333333334,1,0,-1.927,2026-09-23T18:57:45Z,2026-09-23T18:40:00Z,2.25,1,0,137.87,2026-09-23T18:57:45Z,2026-09-23T18:40:00Z,2.25,1,0,8053.797,2026-09-23T18:57:45Z,2026-09-23T18:40:00Z,2.25,1,0,3277.282,2026-09-23T18:57:45Z,2026-09-23T18:40:00Z,2.25,1,0,503.964,2026-09-23T18:57:45Z,2026-09-23T18:40:00Z,2.25,1,0,-9.72,2026-09-23T18:30:03Z,2026-09-23T18:00:00Z,29.95,1,0,147.36,2026-09-23T18:30:03Z,2026-09-23T18:00:00Z,29.95,1,0,0.032,2026-09-23T18:00:32Z,,59.46666666666667,1,0,0.0,2026-09-23T18:00:32Z,,59.46666666666667,1,0,3437.2105,254.74650000000003,204.605,372.545,2026-08-31T23:00:00Z,32880.0,1,,,0.0,119.717,2773.318,,,,,1,1,1,1,1,1,0,0,0,0,0,0,0,0,0,0,0,0,0,0,0,0,0,0,0,0,0,0,0,0,0,0,0,0,0,0,0,0,0,0,0,0,0,0,0,0,0,0,0,0,0,0,0,0,0,0,0,0,0,0,0,0,0,0,0,0,0,0,0,0,0,0,0,0,1,0,0,0,0,0,0,0,0,0,0,0,0,0,0,0,0,0,0,0,0,0,0,0,0,0,0,0,0,0,0,0,1,0,0,0,1,0,1,1,0,0,0,1,1,1,1
2026-09-23T19:30:00Z,2026-09-23T20:00:00Z,30,,,,0,1,,,,0,1,5564.0,2026-09-23T19:20:11Z,9.816666666666666,1,0,984.0,2026-09-23T19:20:11Z,9.816666666666666,1,0,4580.0,2026-09-23T19:20:11Z,9.816666666666666,1,0,74.254,2026-09-23T19:00:36Z,29.4,1,0,1493.0,2026-09-23T19:00:36Z,29.4,1,0,217.866,2026-09-23T19:00:36Z,29.4,1,0,0.0,2026-09-23T19:00:36Z,29.4,1,0,3778.88,2026-09-23T19:00:36Z,29.4,1,0,5564.0,2026-09-23T19:00:36Z,29.4,1,0,500.0,2026-09-23T06:00:11Z,809.8166666666667,1,0,530.0,2026-09-23T06:00:11Z,809.8166666666667,1,0,513.0,2026-09-23T06:00:11Z,809.8166666666667,1,0,500.0,2026-09-23T06:00:11Z,809.8166666666667,1,0,500.0,2026-09-23T06:00:11Z,809.8166666666667,1,0,504.0,2026-09-23T06:00:11Z,809.8166666666667,1,0,1443.48,2026-09-23T19:20:00Z,10.0,1,0,3913.9045,2026-09-23T19:20:00Z,10.0,1,0,5357.3845,2026-09-23T19:20:00Z,10.0,1,0,271.793,2026-09-23T18:14:03Z,75.95,1,0,271.793,2026-09-23T18:14:01Z,75.98333333333333,1,0,10.543,2026-09-23T18:14:01Z,75.98333333333333,1,0,261.25,2026-09-23T18:14:01Z,75.98333333333333,1,0,7065.702,2026-09-23T19:00:36Z,,29.4,1,0,7.734,2026-09-23T19:27:46Z,2026-09-23T19:10:00Z,2.2333333333333334,1,0,247.17,2026-09-23T19:27:46Z,2026-09-23T19:10:00Z,2.2333333333333334,1,0,8081.098,2026-09-23T19:27:46Z,2026-09-23T19:10:00Z,2.2333333333333334,1,0,2990.116,2026-09-23T19:27:46Z,2026-09-23T19:10:00Z,2.2333333333333334,1,0,503.964,2026-09-23T19:27:46Z,2026-09-23T19:10:00Z,2.2333333333333334,1,0,-7.838,2026-09-23T19:00:03Z,2026-09-23T18:30:00Z,29.95,1,0,145.11,2026-09-23T19:00:03Z,2026-09-23T18:30:00Z,29.95,1,0,0.032,2026-09-23T19:00:37Z,,29.383333333333333,1,0,0.0,2026-09-23T19:00:37Z,,29.383333333333333,1,0,3437.2105,254.74650000000003,204.605,372.545,2026-08-31T23:00:00Z,32910.0,1,,,0.0,74.254,2486.152,,,,,1,1,1,1,1,1,0,0,0,0,0,0,0,0,0,0,0,0,0,0,0,0,0,0,0,0,0,0,0,0,0,0,0,0,0,0,0,0,0,0,0,0,0,0,0,0,0,0,0,0,0,0,0,0,0,0,0,0,0,0,0,0,0,0,0,0,0,0,0,0,0,0,0,0,1,0,0,0,0,0,0,0,0,0,0,0,0,0,0,0,0,0,0,0,0,0,0,0,0,0,0,0,0,0,0,0,1,0,0,0,1,0,1,1,0,0,0,1,1,1,1
2026-09-23T19:30:00Z,2026-09-23T20:30:00Z,60,,,,0,1,,,,0,1,5329.0,2026-09-23T19:20:11Z,9.816666666666666,1,0,919.0,2026-09-23T19:20:11Z,9.816666666666666,1,0,4410.0,2026-09-23T19:20:11Z,9.816666666666666,1,0,-233.59,2026-09-23T19:00:36Z,29.4,1,0,1493.0,2026-09-23T19:00:36Z,29.4,1,0,304.22,2026-09-23T19:00:36Z,29.4,1,0,0.0,2026-09-23T19:00:36Z,29.4,1,0,3765.37,2026-09-23T19:00:36Z,29.4,1,0,5329.0,2026-09-23T19:00:36Z,29.4,1,0,500.0,2026-09-23T06:00:11Z,809.8166666666667,1,0,530.0,2026-09-23T06:00:11Z,809.8166666666667,1,0,513.0,2026-09-23T06:00:11Z,809.8166666666667,1,0,500.0,2026-09-23T06:00:11Z,809.8166666666667,1,0,500.0,2026-09-23T06:00:11Z,809.8166666666667,1,0,504.0,2026-09-23T06:00:11Z,809.8166666666667,1,0,1443.48,2026-09-23T19:20:00Z,10.0,1,0,3671.315,2026-09-23T19:20:00Z,10.0,1,0,5114.795,2026-09-23T19:20:00Z,10.0,1,0,355.3,2026-09-23T18:14:03Z,75.95,1,0,355.3,2026-09-23T18:14:01Z,75.98333333333333,1,0,20.7205,2026-09-23T18:14:01Z,75.98333333333333,1,0,334.5795,2026-09-23T18:14:01Z,75.98333333333333,1,0,7065.702,2026-09-23T19:00:36Z,,29.4,1,0,7.734,2026-09-23T19:27:46Z,2026-09-23T19:10:00Z,2.2333333333333334,1,0,247.17,2026-09-23T19:27:46Z,2026-09-23T19:10:00Z,2.2333333333333334,1,0,8081.098,2026-09-23T19:27:46Z,2026-09-23T19:10:00Z,2.2333333333333334,1,0,2990.116,2026-09-23T19:27:46Z,2026-09-23T19:10:00Z,2.2333333333333334,1,0,503.964,2026-09-23T19:27:46Z,2026-09-23T19:10:00Z,2.2333333333333334,1,0,-7.838,2026-09-23T19:00:03Z,2026-09-23T18:30:00Z,29.95,1,0,145.11,2026-09-23T19:00:03Z,2026-09-23T18:30:00Z,29.95,1,0,0.032,2026-09-23T19:00:37Z,,29.383333333333333,1,0,0.0,2026-09-23T19:00:37Z,,29.383333333333333,1,0,3437.2105,254.74650000000003,204.605,372.545,2026-08-31T23:00:00Z,32910.0,1,,,0.0,-233.59,2486.152,,,,,1,1,1,1,1,1,0,0,0,0,0,0,0,0,0,0,0,0,0,0,0,0,0,0,0,0,0,0,0,0,0,0,0,0,0,0,0,0,0,0,0,0,0,0,0,0,0,0,0,0,0,0,0,0,0,0,0,0,0,0,0,0,0,0,0,0,0,0,0,0,0,0,0,0,1,0,0,0,0,0,0,0,0,0,0,0,0,0,0,0,0,0,0,0,0,0,0,0,0,0,0,0,0,0,0,0,1,0,0,0,1,0,1,1,0,0,0,1,1,1,1
2026-09-23T20:00:00Z,2026-09-23T20:30:00Z,30,,,,0,1,,,,0,1,5329.0,2026-09-23T19:50:11Z,9.816666666666666,1,0,919.0,2026-09-23T19:50:11Z,9.816666666666666,1,0,4410.0,2026-09-23T19:50:11Z,9.816666666666666,1,0,-233.59,2026-09-23T19:00:36Z,59.4,1,0,1493.0,2026-09-23T19:00:36Z,59.4,1,0,304.22,2026-09-23T19:00:36Z,59.4,1,0,0.0,2026-09-23T19:00:36Z,59.4,1,0,3765.37,2026-09-23T19:00:36Z,59.4,1,0,5329.0,2026-09-23T19:00:36Z,59.4,1,0,500.0,2026-09-23T06:00:11Z,839.8166666666667,1,0,530.0,2026-09-23T06:00:11Z,839.8166666666667,1,0,513.0,2026-09-23T06:00:11Z,839.8166666666667,1,0,500.0,2026-09-23T06:00:11Z,839.8166666666667,1,0,500.0,2026-09-23T06:00:11Z,839.8166666666667,1,0,504.0,2026-09-23T06:00:11Z,839.8166666666667,1,0,1443.48,2026-09-23T19:50:00Z,10.0,1,0,3746.495,2026-09-23T19:50:00Z,10.0,1,0,5189.975,2026-09-23T19:50:00Z,10.0,1,0,355.3,2026-09-23T18:14:03Z,105.95,1,0,355.3,2026-09-23T18:14:01Z,105.98333333333333,1,0,20.7205,2026-09-23T18:14:01Z,105.98333333333333,1,0,334.5795,2026-09-23T18:14:01Z,105.98333333333333,1,0,7065.702,2026-09-23T19:00:36Z,,59.4,1,0,12.278,2026-09-23T19:57:30Z,2026-09-23T19:40:00Z,2.5,1,0,587.19,2026-09-23T19:57:30Z,2026-09-23T19:40:00Z,2.5,1,0,8125.678,2026-09-23T19:57:30Z,2026-09-23T19:40:00Z,2.5,1,0,2885.988,2026-09-23T19:57:30Z,2026-09-23T19:40:00Z,2.5,1,0,503.964,2026-09-23T19:57:30Z,2026-09-23T19:40:00Z,2.5,1,0,2.498,2026-09-23T19:30:02Z,2026-09-23T19:00:00Z,29.966666666666665,1,0,305.93,2026-09-23T19:30:02Z,2026-09-23T19:00:00Z,29.966666666666665,1,0,0.032,2026-09-23T19:00:37Z,,59.38333333333333,1,0,0.0,2026-09-23T19:00:37Z,,59.38333333333333,1,0,3437.2105,254.74650000000003,204.605,372.545,2026-08-31T23:00:00Z,32940.0,1,,,0.0,-233.59,2382.024,,,,,1,1,1,1,1,1,0,0,0,0,0,0,0,0,0,0,0,0,0,0,0,0,0,0,0,0,0,0,0,0,0,0,0,0,0,0,0,0,0,0,0,0,0,0,0,0,0,0,0,0,0,0,0,0,0,0,0,0,0,0,0,0,0,0,0,0,0,0,0,0,0,0,0,0,1,0,0,0,0,0,0,0,0,0,0,0,0,0,0,0,0,0,0,0,0,0,0,0,0,0,0,0,0,0,0,0,1,0,0,0,1,0,1,1,0,0,0,1,1,1,1
2026-09-23T20:00:00Z,2026-09-23T21:00:00Z,60,,,,0,1,,,,0,1,5108.0,2026-09-23T19:50:11Z,9.816666666666666,1,0,868.0,2026-09-23T19:50:11Z,9.816666666666666,1,0,4240.0,2026-09-23T19:50:11Z,9.816666666666666,1,0,-14.327,2026-09-23T19:00:36Z,59.4,1,0,1493.0,2026-09-23T19:00:36Z,59.4,1,0,417.787,2026-09-23T19:00:36Z,59.4,1,0,0.0,2026-09-23T19:00:36Z,59.4,1,0,3211.54,2026-09-23T19:00:36Z,59.4,1,0,5108.0,2026-09-23T19:00:36Z,59.4,1,0,500.0,2026-09-23T06:00:11Z,839.8166666666667,1,0,530.0,2026-09-23T06:00:11Z,839.8166666666667,1,0,513.0,2026-09-23T06:00:11Z,839.8166666666667,1,0,500.0,2026-09-23T06:00:11Z,839.8166666666667,1,0,500.0,2026-09-23T06:00:11Z,839.8166666666667,1,0,504.0,2026-09-23T06:00:11Z,839.8166666666667,1,0,1410.5435,2026-09-23T19:50:00Z,10.0,1,0,3543.1065,2026-09-23T19:50:00Z,10.0,1,0,4953.65,2026-09-23T19:50:00Z,10.0,1,0,449.872,2026-09-23T18:14:03Z,105.95,1,0,449.872,2026-09-23T18:14:01Z,105.98333333333333,1,0,34.2355,2026-09-23T18:14:01Z,105.98333333333333,1,0,415.6365,2026-09-23T18:14:01Z,105.98333333333333,1,0,7065.702,2026-09-23T19:00:36Z,,59.4,1,0,12.278,2026-09-23T19:57:30Z,2026-09-23T19:40:00Z,2.5,1,0,587.19,2026-09-23T19:57:30Z,2026-09-23T19:40:00Z,2.5,1,0,8125.678,2026-09-23T19:57:30Z,2026-09-23T19:40:00Z,2.5,1,0,2885.988,2026-09-23T19:57:30Z,2026-09-23T19:40:00Z,2.5,1,0,503.964,2026-09-23T19:57:30Z,2026-09-23T19:40:00Z,2.5,1,0,2.498,2026-09-23T19:30:02Z,2026-09-23T19:00:00Z,29.966666666666665,1,0,305.93,2026-09-23T19:30:02Z,2026-09-23T19:00:00Z,29.966666666666665,1,0,0.032,2026-09-23T19:00:37Z,,59.38333333333333,1,0,0.0,2026-09-23T19:00:37Z,,59.38333333333333,1,0,3437.2105,254.74650000000003,204.605,372.545,2026-08-31T23:00:00Z,32940.0,1,,,0.0,-14.327,2382.024,,,,,1,1,1,1,1,1,0,0,0,0,0,0,0,0,0,0,0,0,0,0,0,0,0,0,0,0,0,0,0,0,0,0,0,0,0,0,0,0,0,0,0,0,0,0,0,0,0,0,0,0,0,0,0,0,0,0,0,0,0,0,0,0,0,0,0,0,0,0,0,0,0,0,0,0,1,0,0,0,0,0,0,0,0,0,0,0,0,0,0,0,0,0,0,0,0,0,0,0,0,0,0,0,0,0,0,0,1,0,0,0,1,0,1,1,0,0,0,1,1,1,1
2026-09-23T20:30:00Z,2026-09-23T21:00:00Z,30,,,,0,1,,,,0,1,5108.0,2026-09-23T20:20:05Z,9.916666666666666,1,0,868.0,2026-09-23T20:20:05Z,9.916666666666666,1,0,4240.0,2026-09-23T20:20:05Z,9.916666666666666,1,0,44.905,2026-09-23T20:00:31Z,29.483333333333334,1,0,1493.0,2026-09-23T20:00:31Z,29.483333333333334,1,0,357.705,2026-09-23T20:00:31Z,29.483333333333334,1,0,0.0,2026-09-23T20:00:31Z,29.483333333333334,1,0,3212.39,2026-09-23T20:00:31Z,29.483333333333334,1,0,5108.0,2026-09-23T20:00:31Z,29.483333333333334,1,0,500.0,2026-09-23T06:00:11Z,869.8166666666667,1,0,530.0,2026-09-23T06:00:11Z,869.8166666666667,1,0,513.0,2026-09-23T06:00:11Z,869.8166666666667,1,0,500.0,2026-09-23T06:00:11Z,869.8166666666667,1,0,500.0,2026-09-23T06:00:11Z,869.8166666666667,1,0,504.0,2026-09-23T06:00:11Z,869.8166666666667,1,0,1410.5435,2026-09-23T20:20:00Z,10.0,1,0,3544.1565,2026-09-23T20:20:00Z,10.0,1,0,4954.7,2026-09-23T20:20:00Z,10.0,1,0,449.872,2026-09-23T18:14:03Z,135.95,1,0,449.872,2026-09-23T18:14:01Z,135.98333333333332,1,0,34.2355,2026-09-23T18:14:01Z,135.98333333333332,1,0,415.6365,2026-09-23T18:14:01Z,135.98333333333332,1,0,7082.391,2026-09-23T20:00:32Z,,29.466666666666665,1,0,0.051,2026-09-23T20:27:45Z,2026-09-23T20:10:00Z,2.25,1,0,140.55,2026-09-23T20:27:45Z,2026-09-23T20:10:00Z,2.25,1,0,8189.481,2026-09-23T20:27:45Z,2026-09-23T20:10:00Z,2.25,1,0,3158.48,2026-09-23T20:27:45Z,2026-09-23T20:10:00Z,2.25,1,0,503.964,2026-09-23T20:27:45Z,2026-09-23T20:10:00Z,2.25,1,0,6.178,2026-09-23T20:00:02Z,2026-09-23T19:30:00Z,29.966666666666665,1,0,258.07,2026-09-23T20:00:02Z,2026-09-23T19:30:00Z,29.966666666666665,1,0,0.034,2026-09-23T20:00:33Z,,29.45,1,0,0.0,2026-09-23T20:00:33Z,,29.45,1,0,3437.2105,254.74650000000003,204.605,372.545,2026-08-31T23:00:00Z,32970.0,1,,,0.0,44.905,2654.516,,,,,1,1,1,1,1,1,0,0,0,0,0,0,0,0,0,0,0,0,0,0,0,0,0,0,0,0,0,0,0,0,0,0,0,0,0,0,0,0,0,0,0,0,0,0,0,0,0,0,0,0,0,0,0,0,0,0,0,0,0,0,0,0,0,0,0,0,0,0,0,0,0,0,0,0,1,0,0,0,0,0,0,0,0,0,0,0,0,0,0,0,0,0,0,0,0,0,0,0,0,0,0,0,0,0,0,0,1,0,0,0,1,0,1,1,0,0,0,1,1,1,1
2026-09-23T20:30:00Z,2026-09-23T21:30:00Z,60,,,,0,1,,,,0,1,4856.0,2026-09-23T20:20:05Z,9.916666666666666,1,0,804.0,2026-09-23T20:20:05Z,9.916666666666666,1,0,4052.0,2026-09-23T20:20:05Z,9.916666666666666,1,0,-134.446,2026-09-23T20:00:31Z,29.483333333333334,1,0,1302.0,2026-09-23T20:00:31Z,29.483333333333334,1,0,495.606,2026-09-23T20:00:31Z,29.483333333333334,1,0,0.0,2026-09-23T20:00:31Z,29.483333333333334,1,0,3192.84,2026-09-23T20:00:31Z,29.483333333333334,1,0,4856.0,2026-09-23T20:00:31Z,29.483333333333334,1,0,500.0,2026-09-23T06:00:11Z,869.8166666666667,1,0,530.0,2026-09-23T06:00:11Z,869.8166666666667,1,0,513.0,2026-09-23T06:00:11Z,869.8166666666667,1,0,500.0,2026-09-23T06:00:11Z,869.8166666666667,1,0,500.0,2026-09-23T06:00:11Z,869.8166666666667,1,0,504.0,2026-09-23T06:00:11Z,869.8166666666667,1,0,1190.86,2026-09-23T20:20:00Z,10.0,1,0,3499.6455,2026-09-23T20:20:00Z,10.0,1,0,4690.5055,2026-09-23T20:20:00Z,10.0,1,0,577.6320000000001,2026-09-23T18:14:03Z,135.95,1,0,577.6320000000001,2026-09-23T18:14:01Z,135.98333333333332,1,0,57.775999999999996,2026-09-23T18:14:01Z,135.98333333333332,1,0,519.856,2026-09-23T18:14:01Z,135.98333333333332,1,0,7082.391,2026-09-23T20:00:32Z,,29.466666666666665,1,0,0.051,2026-09-23T20:27:45Z,2026-09-23T20:10:00Z,2.25,1,0,140.55,2026-09-23T20:27:45Z,2026-09-23T20:10:00Z,2.25,1,0,8189.481,2026-09-23T20:27:45Z,2026-09-23T20:10:00Z,2.25,1,0,3158.48,2026-09-23T20:27:45Z,2026-09-23T20:10:00Z,2.25,1,0,503.964,2026-09-23T20:27:45Z,2026-09-23T20:10:00Z,2.25,1,0,6.178,2026-09-23T20:00:02Z,2026-09-23T19:30:00Z,29.966666666666665,1,0,258.07,2026-09-23T20:00:02Z,2026-09-23T19:30:00Z,29.966666666666665,1,0,0.034,2026-09-23T20:00:33Z,,29.45,1,0,0.0,2026-09-23T20:00:33Z,,29.45,1,0,3437.2105,254.74650000000003,204.605,372.545,2026-08-31T23:00:00Z,32970.0,1,,,0.0,-134.446,2654.516,,,,,1,1,1,1,1,1,0,0,0,0,0,0,0,0,0,0,0,0,0,0,0,0,0,0,0,0,0,0,0,0,0,0,0,0,0,0,0,0,0,0,0,0,0,0,0,0,0,0,0,0,0,0,0,0,0,0,0,0,0,0,0,0,0,0,0,0,0,0,0,0,0,0,0,0,1,0,0,0,0,0,0,0,0,0,0,0,0,0,0,0,0,0,0,0,0,0,0,0,0,0,0,0,0,0,0,0,1,0,0,0,1,0,1,1,0,0,0,1,1,1,1
2026-09-23T21:00:00Z,2026-09-23T21:30:00Z,30,,,,0,1,,,,0,1,4856.0,2026-09-23T20:50:10Z,9.833333333333334,1,0,804.0,2026-09-23T20:50:10Z,9.833333333333334,1,0,4052.0,2026-09-23T20:50:10Z,9.833333333333334,1,0,-134.446,2026-09-23T20:00:31Z,59.483333333333334,1,0,1302.0,2026-09-23T20:00:31Z,59.483333333333334,1,0,495.606,2026-09-23T20:00:31Z,59.483333333333334,1,0,0.0,2026-09-23T20:00:31Z,59.483333333333334,1,0,3192.84,2026-09-23T20:00:31Z,59.483333333333334,1,0,4856.0,2026-09-23T20:00:31Z,59.483333333333334,1,0,500.0,2026-09-23T06:00:11Z,899.8166666666667,1,0,530.0,2026-09-23T06:00:11Z,899.8166666666667,1,0,513.0,2026-09-23T06:00:11Z,899.8166666666667,1,0,500.0,2026-09-23T06:00:11Z,899.8166666666667,1,0,500.0,2026-09-23T06:00:11Z,899.8166666666667,1,0,504.0,2026-09-23T06:00:11Z,899.8166666666667,1,0,1190.86,2026-09-23T20:50:00Z,10.0,1,0,3498.954,2026-09-23T20:50:00Z,10.0,1,0,4689.814,2026-09-23T20:50:00Z,10.0,1,0,577.6320000000001,2026-09-23T18:14:03Z,165.95,1,0,577.6320000000001,2026-09-23T18:14:01Z,165.98333333333332,1,0,57.775999999999996,2026-09-23T18:14:01Z,165.98333333333332,1,0,519.856,2026-09-23T18:14:01Z,165.98333333333332,1,0,7082.391,2026-09-23T20:00:32Z,,59.46666666666667,1,0,-1.129,2026-09-23T20:57:50Z,2026-09-23T20:40:00Z,2.1666666666666665,1,0,130.96,2026-09-23T20:57:50Z,2026-09-23T20:40:00Z,2.1666666666666665,1,0,8330.625,2026-09-23T20:57:50Z,2026-09-23T20:40:00Z,2.1666666666666665,1,0,3302.679,2026-09-23T20:57:50Z,2026-09-23T20:40:00Z,2.1666666666666665,1,0,503.964,2026-09-23T20:57:50Z,2026-09-23T20:40:00Z,2.1666666666666665,1,0,10.852,2026-09-23T20:30:03Z,2026-09-23T20:00:00Z,29.95,1,0,386.92,2026-09-23T20:30:03Z,2026-09-23T20:00:00Z,29.95,1,0,0.034,2026-09-23T20:00:33Z,,59.45,1,0,0.0,2026-09-23T20:00:33Z,,59.45,1,0,3437.2105,254.74650000000003,204.605,372.545,2026-08-31T23:00:00Z,33000.0,1,,,0.0,-134.446,2798.715,,,,,1,1,1,1,1,1,0,0,0,0,0,0,0,0,0,0,0,0,0,0,0,0,0,0,0,0,0,0,0,0,0,0,0,0,0,0,0,0,0,0,0,0,0,0,0,0,0,0,0,0,0,0,0,0,0,0,0,0,0,0,0,0,0,0,0,0,0,0,0,0,0,0,0,0,1,0,0,0,0,0,0,0,0,0,0,0,0,0,0,0,0,0,0,0,0,0,0,0,0,0,0,0,0,0,0,0,1,0,0,0,1,0,1,1,0,0,0,1,1,1,1
2026-09-23T21:00:00Z,2026-09-23T22:00:00Z,60,,,,0,1,,,,0,1,4617.0,2026-09-23T20:50:10Z,9.833333333333334,1,0,744.0,2026-09-23T20:50:10Z,9.833333333333334,1,0,3873.0,2026-09-23T20:50:10Z,9.833333333333334,1,0,126.441,2026-09-23T20:00:31Z,59.483333333333334,1,0,1021.0,2026-09-23T20:00:31Z,59.483333333333334,1,0,667.32,2026-09-23T20:00:31Z,59.483333333333334,1,0,0.0,2026-09-23T20:00:31Z,59.483333333333334,1,0,2802.24,2026-09-23T20:00:31Z,59.483333333333334,1,0,4617.0,2026-09-23T20:00:31Z,59.483333333333334,1,0,500.0,2026-09-23T06:00:11Z,899.8166666666667,1,0,530.0,2026-09-23T06:00:11Z,899.8166666666667,1,0,513.0,2026-09-23T06:00:11Z,899.8166666666667,1,0,500.0,2026-09-23T06:00:11Z,899.8166666666667,1,0,500.0,2026-09-23T06:00:11Z,899.8166666666667,1,0,504.0,2026-09-23T06:00:11Z,899.8166666666667,1,0,1073.1775,2026-09-23T20:50:00Z,10.0,1,0,3386.728,2026-09-23T20:50:00Z,10.0,1,0,4459.9055,2026-09-23T20:50:00Z,10.0,1,0,732.169,2026-09-23T18:14:03Z,165.95,1,0,732.169,2026-09-23T18:14:01Z,165.98333333333332,1,0,85.797,2026-09-23T18:14:01Z,165.98333333333332,1,0,646.372,2026-09-23T18:14:01Z,165.98333333333332,1,0,7082.391,2026-09-23T20:00:32Z,,59.46666666666667,1,0,-1.129,2026-09-23T20:57:50Z,2026-09-23T20:40:00Z,2.1666666666666665,1,0,130.96,2026-09-23T20:57:50Z,2026-09-23T20:40:00Z,2.1666666666666665,1,0,8330.625,2026-09-23T20:57:50Z,2026-09-23T20:40:00Z,2.1666666666666665,1,0,3302.679,2026-09-23T20:57:50Z,2026-09-23T20:40:00Z,2.1666666666666665,1,0,503.964,2026-09-23T20:57:50Z,2026-09-23T20:40:00Z,2.1666666666666665,1,0,10.852,2026-09-23T20:30:03Z,2026-09-23T20:00:00Z,29.95,1,0,386.92,2026-09-23T20:30:03Z,2026-09-23T20:00:00Z,29.95,1,0,0.034,2026-09-23T20:00:33Z,,59.45,1,0,0.0,2026-09-23T20:00:33Z,,59.45,1,0,3437.2105,254.74650000000003,204.605,372.545,2026-08-31T23:00:00Z,33000.0,1,,,0.0,126.441,2798.715,,,,,1,1,1,1,1,1,0,0,0,0,0,0,0,0,0,0,0,0,0,0,0,0,0,0,0,0,0,0,0,0,0,0,0,0,0,0,0,0,0,0,0,0,0,0,0,0,0,0,0,0,0,0,0,0,0,0,0,0,0,0,0,0,0,0,0,0,0,0,0,0,0,0,0,0,1,0,0,0,0,0,0,0,0,0,0,0,0,0,0,0,0,0,0,0,0,0,0,0,0,0,0,0,0,0,0,0,1,0,0,0,1,0,1,1,0,0,0,1,1,1,1
2026-09-23T21:30:00Z,2026-09-23T22:00:00Z,30,,,,0,1,,,,0,1,4617.0,2026-09-23T21:20:16Z,9.733333333333333,1,0,744.0,2026-09-23T21:20:16Z,9.733333333333333,1,0,3873.0,2026-09-23T21:20:16Z,9.733333333333333,1,0,166.544,2026-09-23T21:00:31Z,29.483333333333334,1,0,1021.0,2026-09-23T21:00:31Z,29.483333333333334,1,0,627.626,2026-09-23T21:00:31Z,29.483333333333334,1,0,0.0,2026-09-23T21:00:31Z,29.483333333333334,1,0,2801.83,2026-09-23T21:00:31Z,29.483333333333334,1,0,4617.0,2026-09-23T21:00:31Z,29.483333333333334,1,0,500.0,2026-09-23T06:00:11Z,929.8166666666667,1,0,530.0,2026-09-23T06:00:11Z,929.8166666666667,1,0,513.0,2026-09-23T06:00:11Z,929.8166666666667,1,0,500.0,2026-09-23T06:00:11Z,929.8166666666667,1,0,500.0,2026-09-23T06:00:11Z,929.8166666666667,1,0,504.0,2026-09-23T06:00:11Z,929.8166666666667,1,0,1073.1775,2026-09-23T21:20:00Z,10.0,1,0,3340.9435000000003,2026-09-23T21:20:00Z,10.0,1,0,4414.121,2026-09-23T21:20:00Z,10.0,1,0,732.169,2026-09-23T18:14:03Z,195.95,1,0,732.169,2026-09-23T18:14:01Z,195.98333333333332,1,0,85.797,2026-09-23T18:14:01Z,195.98333333333332,1,0,646.372,2026-09-23T18:14:01Z,195.98333333333332,1,0,7190.539,2026-09-23T21:00:32Z,,29.466666666666665,1,0,-34.424,2026-09-23T21:27:25Z,2026-09-23T21:10:00Z,2.5833333333333335,1,0,136.84,2026-09-23T21:27:25Z,2026-09-23T21:10:00Z,2.5833333333333335,1,0,8577.832,2026-09-23T21:27:25Z,2026-09-23T21:10:00Z,2.5833333333333335,1,0,3810.361,2026-09-23T21:27:25Z,2026-09-23T21:10:00Z,2.5833333333333335,1,0,503.964,2026-09-23T21:27:25Z,2026-09-23T21:10:00Z,2.5833333333333335,1,0,-3.404,2026-09-23T21:00:02Z,2026-09-23T20:30:00Z,29.966666666666665,1,0,219.86,2026-09-23T21:00:02Z,2026-09-23T20:30:00Z,29.966666666666665,1,0,0.035,2026-09-23T21:00:33Z,,29.45,1,0,0.0,2026-09-23T21:00:33Z,,29.45,1,0,3437.2105,254.74650000000003,204.605,372.545,2026-08-31T23:00:00Z,33030.0,1,,,0.0,166.544,3306.397,,,,,1,1,1,1,1,1,0,0,0,0,0,0,0,0,0,0,0,0,0,0,0,0,0,0,0,0,0,0,0,0,0,0,0,0,0,0,0,0,0,0,0,0,0,0,0,0,0,0,0,0,0,0,0,0,0,0,0,0,0,0,0,0,0,0,0,0,0,0,0,0,0,0,0,0,1,0,0,0,0,0,0,0,0,0,0,0,0,0,0,0,0,0,0,0,0,0,0,0,0,0,0,0,0,0,0,0,1,0,0,0,1,0,1,1,0,0,0,1,1,1,1
2026-09-23T21:30:00Z,2026-09-23T22:30:00Z,60,,,,0,1,,,,0,1,4464.0,2026-09-23T21:20:16Z,9.733333333333333,1,0,685.0,2026-09-23T21:20:16Z,9.733333333333333,1,0,3779.0,2026-09-23T21:20:16Z,9.733333333333333,1,0,160.407,2026-09-23T21:00:31Z,29.483333333333334,1,0,1113.0,2026-09-23T21:00:31Z,29.483333333333334,1,0,849.693,2026-09-23T21:00:31Z,29.483333333333334,1,0,0.0,2026-09-23T21:00:31Z,29.483333333333334,1,0,2340.9,2026-09-23T21:00:31Z,29.483333333333334,1,0,4464.0,2026-09-23T21:00:31Z,29.483333333333334,1,0,500.0,2026-09-23T06:00:11Z,929.8166666666667,1,0,530.0,2026-09-23T06:00:11Z,929.8166666666667,1,0,513.0,2026-09-23T06:00:11Z,929.8166666666667,1,0,500.0,2026-09-23T06:00:11Z,929.8166666666667,1,0,500.0,2026-09-23T06:00:11Z,929.8166666666667,1,0,504.0,2026-09-23T06:00:11Z,929.8166666666667,1,0,1034.192,2026-09-23T21:20:00Z,10.0,1,0,3209.2125,2026-09-23T21:20:00Z,10.0,1,0,4243.404500000001,2026-09-23T21:20:00Z,10.0,1,0,967.039,2026-09-23T18:14:03Z,195.95,1,0,967.039,2026-09-23T18:14:01Z,195.98333333333332,1,0,127.2645,2026-09-23T18:14:01Z,195.98333333333332,1,0,839.7745,2026-09-23T18:14:01Z,195.98333333333332,1,0,7190.539,2026-09-23T21:00:32Z,,29.466666666666665,1,0,-34.424,2026-09-23T21:27:25Z,2026-09-23T21:10:00Z,2.5833333333333335,1,0,136.84,2026-09-23T21:27:25Z,2026-09-23T21:10:00Z,2.5833333333333335,1,0,8577.832,2026-09-23T21:27:25Z,2026-09-23T21:10:00Z,2.5833333333333335,1,0,3810.361,2026-09-23T21:27:25Z,2026-09-23T21:10:00Z,2.5833333333333335,1,0,503.964,2026-09-23T21:27:25Z,2026-09-23T21:10:00Z,2.5833333333333335,1,0,-3.404,2026-09-23T21:00:02Z,2026-09-23T20:30:00Z,29.966666666666665,1,0,219.86,2026-09-23T21:00:02Z,2026-09-23T20:30:00Z,29.966666666666665,1,0,0.035,2026-09-23T21:00:33Z,,29.45,1,0,0.0,2026-09-23T21:00:33Z,,29.45,1,0,3437.2105,254.74650000000003,204.605,372.545,2026-08-31T23:00:00Z,33030.0,1,,,0.0,160.407,3306.397,,,,,1,1,1,1,1,1,0,0,0,0,0,0,0,0,0,0,0,0,0,0,0,0,0,0,0,0,0,0,0,0,0,0,0,0,0,0,0,0,0,0,0,0,0,0,0,0,0,0,0,0,0,0,0,0,0,0,0,0,0,0,0,0,0,0,0,0,0,0,0,0,0,0,0,0,1,0,0,0,0,0,0,0,0,0,0,0,0,0,0,0,0,0,0,0,0,0,0,0,0,0,0,0,0,0,0,0,1,0,0,0,1,0,1,1,0,0,0,1,1,1,1
2026-09-23T22:00:00Z,2026-09-23T22:30:00Z,30,,,,0,1,,,,0,1,4464.0,2026-09-23T21:50:11Z,9.816666666666666,1,0,685.0,2026-09-23T21:50:11Z,9.816666666666666,1,0,3779.0,2026-09-23T21:50:11Z,9.816666666666666,1,0,160.407,2026-09-23T21:00:31Z,59.483333333333334,1,0,1113.0,2026-09-23T21:00:31Z,59.483333333333334,1,0,849.693,2026-09-23T21:00:31Z,59.483333333333334,1,0,0.0,2026-09-23T21:00:31Z,59.483333333333334,1,0,2340.9,2026-09-23T21:00:31Z,59.483333333333334,1,0,4464.0,2026-09-23T21:00:31Z,59.483333333333334,1,0,500.0,2026-09-23T06:00:11Z,959.8166666666667,1,0,530.0,2026-09-23T06:00:11Z,959.8166666666667,1,0,513.0,2026-09-23T06:00:11Z,959.8166666666667,1,0,500.0,2026-09-23T06:00:11Z,959.8166666666667,1,0,500.0,2026-09-23T06:00:11Z,959.8166666666667,1,0,504.0,2026-09-23T06:00:11Z,959.8166666666667,1,0,1034.192,2026-09-23T21:50:00Z,10.0,1,0,3198.453,2026-09-23T21:50:00Z,10.0,1,0,4232.645,2026-09-23T21:50:00Z,10.0,1,0,967.039,2026-09-23T18:14:03Z,225.95,1,0,967.039,2026-09-23T18:14:01Z,225.98333333333332,1,0,127.2645,2026-09-23T18:14:01Z,225.98333333333332,1,0,839.7745,2026-09-23T18:14:01Z,225.98333333333332,1,0,7190.539,2026-09-23T21:00:32Z,,59.46666666666667,1,0,-54.459,2026-09-23T21:57:45Z,2026-09-23T21:40:00Z,2.25,1,0,140.0,2026-09-23T21:57:45Z,2026-09-23T21:40:00Z,2.25,1,0,8900.046,2026-09-23T21:57:45Z,2026-09-23T21:40:00Z,2.25,1,0,4436.668,2026-09-23T21:57:45Z,2026-09-23T21:40:00Z,2.25,1,0,433.0,2026-09-23T21:57:45Z,2026-09-23T21:40:00Z,2.25,1,0,-8.82,2026-09-23T21:30:02Z,2026-09-23T21:00:00Z,29.966666666666665,1,0,174.07,2026-09-23T21:30:02Z,2026-09-23T21:00:00Z,29.966666666666665,1,0,0.035,2026-09-23T21:00:33Z,,59.45,1,0,0.0,2026-09-23T21:00:33Z,,59.45,1,0,3437.2105,254.74650000000003,204.605,372.545,2026-08-31T23:00:00Z,33060.0,1,,,0.0,160.407,4003.6679999999997,,,,,1,1,1,1,1,1,0,0,0,0,0,0,0,0,0,0,0,0,0,0,0,0,0,0,0,0,0,0,0,0,0,0,0,0,0,0,0,0,0,0,0,0,0,0,0,0,0,0,0,0,0,0,0,0,0,0,0,0,0,0,0,0,0,0,0,0,0,0,0,0,0,0,0,0,1,0,0,0,0,0,0,0,0,0,0,0,0,0,0,0,0,0,0,0,0,0,0,0,0,0,0,0,0,0,0,0,1,0,0,0,1,0,1,1,0,0,0,1,1,1,1
2026-09-23T22:00:00Z,2026-09-23T23:00:00Z,60,,,,0,1,,,,0,1,4324.0,2026-09-23T21:50:11Z,9.816666666666666,1,0,630.0,2026-09-23T21:50:11Z,9.816666666666666,1,0,3694.0,2026-09-23T21:50:11Z,9.816666666666666,1,0,91.765,2026-09-23T21:00:31Z,59.483333333333334,1,0,797.0,2026-09-23T21:00:31Z,59.483333333333334,1,0,1142.436,2026-09-23T21:00:31Z,59.483333333333334,1,0,0.0,2026-09-23T21:00:31Z,59.483333333333334,1,0,2292.8,2026-09-23T21:00:31Z,59.483333333333334,1,0,4324.0,2026-09-23T21:00:31Z,59.483333333333334,1,0,500.0,2026-09-23T06:00:11Z,959.8166666666667,1,0,530.0,2026-09-23T06:00:11Z,959.8166666666667,1,0,513.0,2026-09-23T06:00:11Z,959.8166666666667,1,0,500.0,2026-09-23T06:00:11Z,959.8166666666667,1,0,500.0,2026-09-23T06:00:11Z,959.8166666666667,1,0,504.0,2026-09-23T06:00:11Z,959.8166666666667,1,0,679.4504999999999,2026-09-23T21:50:00Z,10.0,1,0,3421.159,2026-09-23T21:50:00Z,10.0,1,0,4100.6095,2026-09-23T21:50:00Z,10.0,1,0,1203.058,2026-09-23T18:14:03Z,225.95,1,0,1203.058,2026-09-23T18:14:01Z,225.98333333333332,1,0,172.829,2026-09-23T18:14:01Z,225.98333333333332,1,0,1030.229,2026-09-23T18:14:01Z,225.98333333333332,1,0,7190.539,2026-09-23T21:00:32Z,,59.46666666666667,1,0,-54.459,2026-09-23T21:57:45Z,2026-09-23T21:40:00Z,2.25,1,0,140.0,2026-09-23T21:57:45Z,2026-09-23T21:40:00Z,2.25,1,0,8900.046,2026-09-23T21:57:45Z,2026-09-23T21:40:00Z,2.25,1,0,4436.668,2026-09-23T21:57:45Z,2026-09-23T21:40:00Z,2.25,1,0,433.0,2026-09-23T21:57:45Z,2026-09-23T21:40:00Z,2.25,1,0,-8.82,2026-09-23T21:30:02Z,2026-09-23T21:00:00Z,29.966666666666665,1,0,174.07,2026-09-23T21:30:02Z,2026-09-23T21:00:00Z,29.966666666666665,1,0,0.035,2026-09-23T21:00:33Z,,59.45,1,0,0.0,2026-09-23T21:00:33Z,,59.45,1,0,3437.2105,254.74650000000003,204.605,372.545,2026-08-31T23:00:00Z,33060.0,1,,,0.0,91.765,4003.6679999999997,,,,,1,1,1,1,1,1,0,0,0,0,0,0,0,0,0,0,0,0,0,0,0,0,0,0,0,0,0,0,0,0,0,0,0,0,0,0,0,0,0,0,0,0,0,0,0,0,0,0,0,0,0,0,0,0,0,0,0,0,0,0,0,0,0,0,0,0,0,0,0,0,0,0,0,0,1,0,0,0,0,0,0,0,0,0,0,0,0,0,0,0,0,0,0,0,0,0,0,0,0,0,0,0,0,0,0,0,1,0,0,0,1,0,1,1,0,0,0,1,1,1,1
2026-09-23T22:30:00Z,2026-09-23T23:00:00Z,30,,,,0,1,,,,0,1,4324.0,2026-09-23T22:20:15Z,9.75,1,0,630.0,2026-09-23T22:20:15Z,9.75,1,0,3694.0,2026-09-23T22:20:15Z,9.75,1,0,64.644,2026-09-23T22:00:30Z,29.5,1,0,797.0,2026-09-23T22:00:30Z,29.5,1,0,1169.557,2026-09-23T22:00:30Z,29.5,1,0,0.0,2026-09-23T22:00:30Z,29.5,1,0,2292.8,2026-09-23T22:00:30Z,29.5,1,0,4324.0,2026-09-23T22:00:30Z,29.5,1,0,500.0,2026-09-23T06:00:11Z,989.8166666666667,1,0,530.0,2026-09-23T06:00:11Z,989.8166666666667,1,0,513.0,2026-09-23T06:00:11Z,989.8166666666667,1,0,500.0,2026-09-23T06:00:11Z,989.8166666666667,1,0,500.0,2026-09-23T06:00:11Z,989.8166666666667,1,0,504.0,2026-09-23T06:00:11Z,989.8166666666667,1,0,679.4504999999999,2026-09-23T22:20:00Z,10.0,1,0,3412.1945,2026-09-23T22:20:00Z,10.0,1,0,4091.645,2026-09-23T22:20:00Z,10.0,1,0,1203.058,2026-09-23T18:14:03Z,255.95,1,0,1203.058,2026-09-23T18:14:01Z,255.98333333333332,1,0,172.829,2026-09-23T18:14:01Z,255.98333333333332,1,0,1030.229,2026-09-23T18:14:01Z,255.98333333333332,1,0,6860.028,2026-09-23T22:00:31Z,,29.483333333333334,1,0,-33.871,2026-09-23T22:27:45Z,2026-09-23T22:10:00Z,2.25,1,0,123.66,2026-09-23T22:27:45Z,2026-09-23T22:10:00Z,2.25,1,0,9087.382,2026-09-23T22:27:45Z,2026-09-23T22:10:00Z,2.25,1,0,4741.357,2026-09-23T22:27:45Z,2026-09-23T22:10:00Z,2.25,1,0,426.848,2026-09-23T22:27:45Z,2026-09-23T22:10:00Z,2.25,1,0,-39.472,2026-09-23T22:00:02Z,2026-09-23T21:30:00Z,29.966666666666665,1,0,134.73,2026-09-23T22:00:02Z,2026-09-23T21:30:00Z,29.966666666666665,1,0,0.035,2026-09-23T22:00:32Z,,29.466666666666665,1,0,0.0,2026-09-23T22:00:32Z,,29.466666666666665,1,0,3437.2105,254.74650000000003,204.605,372.545,2026-08-31T23:00:00Z,33090.0,1,,,0.0,64.644,4314.509,,,,,1,1,1,1,1,1,0,0,0,0,0,0,0,0,0,0,0,0,0,0,0,0,0,0,0,0,0,0,0,0,0,0,0,0,0,0,0,0,0,0,0,0,0,0,0,0,0,0,0,0,0,0,0,0,0,0,0,0,0,0,0,0,0,0,0,0,0,0,0,0,0,0,0,0,1,0,0,0,0,0,0,0,0,0,0,0,0,0,0,0,0,0,0,0,0,0,0,0,0,0,0,0,0,0,0,0,1,0,0,0,1,0,1,1,0,0,0,1,1,1,1
2026-09-23T22:30:00Z,2026-09-23T23:30:00Z,60,,,,0,1,,,,0,1,4275.0,2026-09-23T22:20:15Z,9.75,1,0,606.0,2026-09-23T22:20:15Z,9.75,1,0,3669.0,2026-09-23T22:20:15Z,9.75,1,0,126.314,2026-09-23T22:00:30Z,29.5,1,0,546.0,2026-09-23T22:00:30Z,29.5,1,0,1356.286,2026-09-23T22:00:30Z,29.5,1,0,0.0,2026-09-23T22:00:30Z,29.5,1,0,2246.4,2026-09-23T22:00:30Z,29.5,1,0,4275.0,2026-09-23T22:00:30Z,29.5,1,0,500.0,2026-09-23T06:00:11Z,989.8166666666667,1,0,530.0,2026-09-23T06:00:11Z,989.8166666666667,1,0,513.0,2026-09-23T06:00:11Z,989.8166666666667,1,0,500.0,2026-09-23T06:00:11Z,989.8166666666667,1,0,500.0,2026-09-23T06:00:11Z,989.8166666666667,1,0,504.0,2026-09-23T06:00:11Z,989.8166666666667,1,0,557.048,2026-09-23T22:20:00Z,10.0,1,0,3458.657,2026-09-23T22:20:00Z,10.0,1,0,4015.705,2026-09-23T22:20:00Z,10.0,1,0,1442.4560000000001,2026-09-23T18:14:03Z,255.95,1,0,1442.4560000000001,2026-09-23T18:14:01Z,255.98333333333332,1,0,230.6765,2026-09-23T18:14:01Z,255.98333333333332,1,0,1211.7795,2026-09-23T18:14:01Z,255.98333333333332,1,0,6860.028,2026-09-23T22:00:31Z,,29.483333333333334,1,0,-33.871,2026-09-23T22:27:45Z,2026-09-23T22:10:00Z,2.25,1,0,123.66,2026-09-23T22:27:45Z,2026-09-23T22:10:00Z,2.25,1,0,9087.382,2026-09-23T22:27:45Z,2026-09-23T22:10:00Z,2.25,1,0,4741.357,2026-09-23T22:27:45Z,2026-09-23T22:10:00Z,2.25,1,0,426.848,2026-09-23T22:27:45Z,2026-09-23T22:10:00Z,2.25,1,0,-39.472,2026-09-23T22:00:02Z,2026-09-23T21:30:00Z,29.966666666666665,1,0,134.73,2026-09-23T22:00:02Z,2026-09-23T21:30:00Z,29.966666666666665,1,0,0.035,2026-09-23T22:00:32Z,,29.466666666666665,1,0,0.0,2026-09-23T22:00:32Z,,29.466666666666665,1,0,3437.2105,254.74650000000003,204.605,372.545,2026-08-31T23:00:00Z,33090.0,1,,,0.0,126.314,4314.509,,,,,1,1,1,1,1,1,0,0,0,0,0,0,0,0,0,0,0,0,0,0,0,0,0,0,0,0,0,0,0,0,0,0,0,0,0,0,0,0,0,0,0,0,0,0,0,0,0,0,0,0,0,0,0,0,0,0,0,0,0,0,0,0,0,0,0,0,0,0,0,0,0,0,0,0,1,0,0,0,0,0,0,0,0,0,0,0,0,0,0,0,0,0,0,0,0,0,0,0,0,0,0,0,0,0,0,0,1,0,0,0,1,0,1,1,0,0,0,1,1,1,1
2026-09-23T23:00:00Z,2026-09-23T23:30:00Z,30,,,,0,1,,,,0,1,4275.0,2026-09-23T22:50:15Z,9.75,1,0,606.0,2026-09-23T22:50:15Z,9.75,1,0,3669.0,2026-09-23T22:50:15Z,9.75,1,0,126.314,2026-09-23T22:00:30Z,59.5,1,0,546.0,2026-09-23T22:00:30Z,59.5,1,0,1356.286,2026-09-23T22:00:30Z,59.5,1,0,0.0,2026-09-23T22:00:30Z,59.5,1,0,2246.4,2026-09-23T22:00:30Z,59.5,1,0,4275.0,2026-09-23T22:00:30Z,59.5,1,0,500.0,2026-09-23T06:00:11Z,1019.8166666666667,1,0,530.0,2026-09-23T06:00:11Z,1019.8166666666667,1,0,513.0,2026-09-23T06:00:11Z,1019.8166666666667,1,0,500.0,2026-09-23T06:00:11Z,1019.8166666666667,1,0,500.0,2026-09-23T06:00:11Z,1019.8166666666667,1,0,504.0,2026-09-23T06:00:11Z,1019.8166666666667,1,0,557.048,2026-09-23T22:50:00Z,10.0,1,0,3516.007,2026-09-23T22:50:00Z,10.0,1,0,4073.055,2026-09-23T22:50:00Z,10.0,1,0,1442.4560000000001,2026-09-23T18:14:03Z,285.95,1,0,1442.4560000000001,2026-09-23T18:14:01Z,285.98333333333335,1,0,230.6765,2026-09-23T18:14:01Z,285.98333333333335,1,0,1211.7795,2026-09-23T18:14:01Z,285.98333333333335,1,0,6860.028,2026-09-23T22:00:31Z,,59.483333333333334,1,0,-45.255,2026-09-23T22:57:55Z,2026-09-23T22:40:00Z,2.0833333333333335,1,0,108.69,2026-09-23T22:57:55Z,2026-09-23T22:40:00Z,2.0833333333333335,1,0,9390.148,2026-09-23T22:57:55Z,2026-09-23T22:40:00Z,2.0833333333333335,1,0,5262.183,2026-09-23T22:57:55Z,2026-09-23T22:40:00Z,2.0833333333333335,1,0,470.835,2026-09-23T22:57:55Z,2026-09-23T22:40:00Z,2.0833333333333335,1,0,-59.216,2026-09-23T22:30:03Z,2026-09-23T22:00:00Z,29.95,1,0,130.15,2026-09-23T22:30:03Z,2026-09-23T22:00:00Z,29.95,1,0,0.035,2026-09-23T22:00:32Z,,59.46666666666667,1,0,0.0,2026-09-23T22:00:32Z,,59.46666666666667,1,0,3437.2105,254.74650000000003,204.605,372.545,2026-08-31T23:00:00Z,33120.0,1,,,0.0,126.314,4791.348,,,,,1,1,1,1,1,1,0,0,0,0,0,0,0,0,0,0,0,0,0,0,0,0,0,0,0,0,0,0,0,0,0,0,0,0,0,0,0,0,0,0,0,0,0,0,0,0,0,0,0,0,0,0,0,0,0,0,0,0,0,0,0,0,0,0,0,0,0,0,0,0,0,0,0,0,1,0,0,0,0,0,0,0,0,0,0,0,0,0,0,0,0,0,0,0,0,0,0,0,0,0,0,0,0,0,0,0,1,0,0,0,1,0,1,1,0,0,0,1,1,1,1
2026-09-23T23:00:00Z,2026-09-24T00:00:00Z,60,,,,0,1,,,,0,1,4182.0,2026-09-23T22:50:15Z,9.75,1,0,594.0,2026-09-23T22:50:15Z,9.75,1,0,3588.0,2026-09-23T22:50:15Z,9.75,1,0,207.651,2026-09-23T22:00:30Z,59.5,1,0,532.0,2026-09-23T22:00:30Z,59.5,1,0,1621.799,2026-09-23T22:00:30Z,59.5,1,0,0.0,2026-09-23T22:00:30Z,59.5,1,0,1820.55,2026-09-23T22:00:30Z,59.5,1,0,4182.0,2026-09-23T22:00:30Z,59.5,1,0,500.0,2026-09-23T06:00:11Z,1019.8166666666667,1,0,530.0,2026-09-23T06:00:11Z,1019.8166666666667,1,0,513.0,2026-09-23T06:00:11Z,1019.8166666666667,1,0,500.0,2026-09-23T06:00:11Z,1019.8166666666667,1,0,500.0,2026-09-23T06:00:11Z,1019.8166666666667,1,0,504.0,2026-09-23T06:00:11Z,1019.8166666666667,1,0,486.247,2026-09-23T22:50:00Z,10.0,1,0,3483.773,2026-09-23T22:50:00Z,10.0,1,0,3970.02,2026-09-23T22:50:00Z,10.0,1,0,1656.3564999999999,2026-09-23T18:14:03Z,285.95,1,0,1656.3564999999999,2026-09-23T18:14:01Z,285.98333333333335,1,0,283.94100000000003,2026-09-23T18:14:01Z,285.98333333333335,1,0,1372.4155,2026-09-23T18:14:01Z,285.98333333333335,1,0,6860.028,2026-09-23T22:00:31Z,,59.483333333333334,1,0,-45.255,2026-09-23T22:57:55Z,2026-09-23T22:40:00Z,2.0833333333333335,1,0,108.69,2026-09-23T22:57:55Z,2026-09-23T22:40:00Z,2.0833333333333335,1,0,9390.148,2026-09-23T22:57:55Z,2026-09-23T22:40:00Z,2.0833333333333335,1,0,5262.183,2026-09-23T22:57:55Z,2026-09-23T22:40:00Z,2.0833333333333335,1,0,470.835,2026-09-23T22:57:55Z,2026-09-23T22:40:00Z,2.0833333333333335,1,0,-59.216,2026-09-23T22:30:03Z,2026-09-23T22:00:00Z,29.95,1,0,130.15,2026-09-23T22:30:03Z,2026-09-23T22:00:00Z,29.95,1,0,0.035,2026-09-23T22:00:32Z,,59.46666666666667,1,0,0.0,2026-09-23T22:00:32Z,,59.46666666666667,1,0,3437.2105,254.74650000000003,204.605,372.545,2026-08-31T23:00:00Z,33120.0,1,,,0.0,207.651,4791.348,,,,,1,1,1,1,1,1,0,0,0,0,0,0,0,0,0,0,0,0,0,0,0,0,0,0,0,0,0,0,0,0,0,0,0,0,0,0,0,0,0,0,0,0,0,0,0,0,0,0,0,0,0,0,0,0,0,0,0,0,0,0,0,0,0,0,0,0,0,0,0,0,0,0,0,0,1,0,0,0,0,0,0,0,0,0,0,0,0,0,0,0,0,0,0,0,0,0,0,0,0,0,0,0,0,0,0,0,1,0,0,0,1,0,1,1,0,0,0,1,1,1,1
2026-09-23T23:30:00Z,2026-09-24T00:00:00Z,30,,,,0,1,,,,0,1,4182.0,2026-09-23T23:20:06Z,9.9,1,0,594.0,2026-09-23T23:20:06Z,9.9,1,0,3588.0,2026-09-23T23:20:06Z,9.9,1,0,92.107,2026-09-23T23:00:31Z,29.483333333333334,1,0,532.0,2026-09-23T23:00:31Z,29.483333333333334,1,0,1723.993,2026-09-23T23:00:31Z,29.483333333333334,1,0,0.0,2026-09-23T23:00:31Z,29.483333333333334,1,0,1833.9,2026-09-23T23:00:31Z,29.483333333333334,1,0,4182.0,2026-09-23T23:00:31Z,29.483333333333334,1,0,500.0,2026-09-23T06:00:11Z,1049.8166666666666,1,0,530.0,2026-09-23T06:00:11Z,1049.8166666666666,1,0,513.0,2026-09-23T06:00:11Z,1049.8166666666666,1,0,500.0,2026-09-23T06:00:11Z,1049.8166666666666,1,0,500.0,2026-09-23T06:00:11Z,1049.8166666666666,1,0,504.0,2026-09-23T06:00:11Z,1049.8166666666666,1,0,486.247,2026-09-23T23:20:00Z,10.0,1,0,3472.5035,2026-09-23T23:20:00Z,10.0,1,0,3958.7505,2026-09-23T23:20:00Z,10.0,1,0,1656.3564999999999,2026-09-23T18:14:03Z,315.95,1,0,1656.3564999999999,2026-09-23T18:14:01Z,315.98333333333335,1,0,283.94100000000003,2026-09-23T18:14:01Z,315.98333333333335,1,0,1372.4155,2026-09-23T18:14:01Z,315.98333333333335,1,0,6528.375,2026-09-23T23:00:31Z,,29.483333333333334,1,0,-58.683,2026-09-23T23:27:46Z,2026-09-23T23:10:00Z,2.2333333333333334,1,0,110.43,2026-09-23T23:27:46Z,2026-09-23T23:10:00Z,2.2333333333333334,1,0,9682.751,2026-09-23T23:27:46Z,2026-09-23T23:10:00Z,2.2333333333333334,1,0,4915.491,2026-09-23T23:27:46Z,2026-09-23T23:10:00Z,2.2333333333333334,1,0,407.481,2026-09-23T23:27:46Z,2026-09-23T23:10:00Z,2.2333333333333334,1,0,-38.867,2026-09-23T23:00:03Z,2026-09-23T22:30:00Z,29.95,1,0,125.92,2026-09-23T23:00:03Z,2026-09-23T22:30:00Z,29.95,1,0,0.035,2026-09-23T23:00:32Z,,29.466666666666665,1,0,0.0,2026-09-23T23:00:32Z,,29.466666666666665,1,0,3437.2105,254.74650000000003,204.605,372.545,2026-08-31T23:00:00Z,33150.0,1,,,0.0,92.107,4508.01,,,,,1,1,1,1,1,1,0,0,0,0,0,0,0,0,0,0,0,0,0,0,0,0,0,0,0,0,0,0,0,0,0,0,0,0,0,0,0,0,0,0,0,0,0,0,0,0,0,0,0,0,0,0,0,0,0,0,0,0,0,0,0,0,0,0,0,0,0,0,0,0,0,0,0,0,1,0,0,0,0,0,0,0,0,0,0,0,0,0,0,0,0,0,0,0,0,0,0,0,0,0,0,0,0,0,0,0,1,0,0,0,1,0,1,1,0,0,0,1,1,1,1
2026-09-23T23:30:00Z,2026-09-24T00:30:00Z,60,,,,0,1,,,,0,1,4141.0,2026-09-23T23:20:06Z,9.9,1,0,585.0,2026-09-23T23:20:06Z,9.9,1,0,3556.0,2026-09-23T23:20:06Z,9.9,1,0,217.04,2026-09-23T23:00:31Z,29.483333333333334,1,0,316.0,2026-09-23T23:00:31Z,29.483333333333334,1,0,1788.94,2026-09-23T23:00:31Z,29.483333333333334,1,0,0.0,2026-09-23T23:00:31Z,29.483333333333334,1,0,1819.02,2026-09-23T23:00:31Z,29.483333333333334,1,0,4141.0,2026-09-23T23:00:31Z,29.483333333333334,1,0,500.0,2026-09-23T06:00:11Z,1049.8166666666666,1,0,530.0,2026-09-23T06:00:11Z,1049.8166666666666,1,0,513.0,2026-09-23T06:00:11Z,1049.8166666666666,1,0,500.0,2026-09-23T06:00:11Z,1049.8166666666666,1,0,500.0,2026-09-23T06:00:11Z,1049.8166666666666,1,0,504.0,2026-09-23T06:00:11Z,1049.8166666666666,1,0,263.626,2026-09-23T23:20:00Z,10.0,1,0,3634.659,2026-09-23T23:20:00Z,10.0,1,0,3898.285,2026-09-23T23:20:00Z,10.0,1,0,1793.752,2026-09-23T18:14:03Z,315.95,1,0,1793.752,2026-09-23T18:14:01Z,315.98333333333335,1,0,323.459,2026-09-23T18:14:01Z,315.98333333333335,1,0,1470.2930000000001,2026-09-23T18:14:01Z,315.98333333333335,1,0,6528.375,2026-09-23T23:00:31Z,,29.483333333333334,1,0,-58.683,2026-09-23T23:27:46Z,2026-09-23T23:10:00Z,2.2333333333333334,1,0,110.43,2026-09-23T23:27:46Z,2026-09-23T23:10:00Z,2.2333333333333334,1,0,9682.751,2026-09-23T23:27:46Z,2026-09-23T23:10:00Z,2.2333333333333334,1,0,4915.491,2026-09-23T23:27:46Z,2026-09-23T23:10:00Z,2.2333333333333334,1,0,407.481,2026-09-23T23:27:46Z,2026-09-23T23:10:00Z,2.2333333333333334,1,0,-38.867,2026-09-23T23:00:03Z,2026-09-23T22:30:00Z,29.95,1,0,125.92,2026-09-23T23:00:03Z,2026-09-23T22:30:00Z,29.95,1,0,0.035,2026-09-23T23:00:32Z,,29.466666666666665,1,0,0.0,2026-09-23T23:00:32Z,,29.466666666666665,1,0,3437.2105,254.74650000000003,204.605,372.545,2026-08-31T23:00:00Z,33150.0,1,,,0.0,217.04,4508.01,,,,,1,1,1,1,1,1,0,0,0,0,0,0,0,0,0,0,0,0,0,0,0,0,0,0,0,0,0,0,0,0,0,0,0,0,0,0,0,0,0,0,0,0,0,0,0,0,0,0,0,0,0,0,0,0,0,0,0,0,0,0,0,0,0,0,0,0,0,0,0,0,0,0,0,0,1,0,0,0,0,0,0,0,0,0,0,0,0,0,0,0,0,0,0,0,0,0,0,0,0,0,0,0,0,0,0,0,1,0,0,0,1,0,1,1,0,0,0,1,1,1,1
2026-09-24T00:00:00Z,2026-09-24T00:30:00Z,30,,,,0,1,,,,0,1,4141.0,2026-09-23T23:50:15Z,9.75,1,0,585.0,2026-09-23T23:50:15Z,9.75,1,0,3556.0,2026-09-23T23:50:15Z,9.75,1,0,217.04,2026-09-23T23:00:31Z,59.483333333333334,1,0,316.0,2026-09-23T23:00:31Z,59.483333333333334,1,0,1788.94,2026-09-23T23:00:31Z,59.483333333333334,1,0,0.0,2026-09-23T23:00:31Z,59.483333333333334,1,0,1819.02,2026-09-23T23:00:31Z,59.483333333333334,1,0,4141.0,2026-09-23T23:00:31Z,59.483333333333334,1,0,500.0,2026-09-23T06:00:11Z,1079.8166666666666,1,0,530.0,2026-09-23T06:00:11Z,1079.8166666666666,1,0,513.0,2026-09-23T06:00:11Z,1079.8166666666666,1,0,500.0,2026-09-23T06:00:11Z,1079.8166666666666,1,0,500.0,2026-09-23T06:00:11Z,1079.8166666666666,1,0,504.0,2026-09-23T06:00:11Z,1079.8166666666666,1,0,263.626,2026-09-23T23:50:00Z,10.0,1,0,3636.849,2026-09-23T23:50:00Z,10.0,1,0,3900.475,2026-09-23T23:50:00Z,10.0,1,0,1793.752,2026-09-23T18:14:03Z,345.95,1,0,1793.752,2026-09-23T18:14:01Z,345.98333333333335,1,0,323.459,2026-09-23T18:14:01Z,345.98333333333335,1,0,1470.2930000000001,2026-09-23T18:14:01Z,345.98333333333335,1,0,6528.375,2026-09-23T23:00:31Z,,59.483333333333334,1,0,-42.163,2026-09-23T23:57:50Z,2026-09-23T23:40:00Z,2.1666666666666665,1,0,110.43,2026-09-23T23:57:50Z,2026-09-23T23:40:00Z,2.1666666666666665,1,0,9858.381,2026-09-23T23:57:50Z,2026-09-23T23:40:00Z,2.1666666666666665,1,0,4997.17,2026-09-23T23:57:50Z,2026-09-23T23:40:00Z,2.1666666666666665,1,0,488.052,2026-09-23T23:57:50Z,2026-09-23T23:40:00Z,2.1666666666666665,1,0,-47.355,2026-09-23T23:30:03Z,2026-09-23T23:00:00Z,29.95,1,0,111.53,2026-09-23T23:30:03Z,2026-09-23T23:00:00Z,29.95,1,0,0.035,2026-09-23T23:00:32Z,,59.46666666666667,1,0,0.0,2026-09-23T23:00:32Z,,59.46666666666667,1,0,3437.2105,254.74650000000003,204.605,372.545,2026-08-31T23:00:00Z,33180.0,1,,,0.0,217.04,4509.118,,,,,1,1,1,1,1,1,0,0,0,0,0,0,0,0,0,0,0,0,0,0,0,0,0,0,0,0,0,0,0,0,0,0,0,0,0,0,0,0,0,0,0,0,0,0,0,0,0,0,0,0,0,0,0,0,0,0,0,0,0,0,0,0,0,0,0,0,0,0,0,0,0,0,0,0,1,0,0,0,0,0,0,0,0,0,0,0,0,0,0,0,0,0,0,0,0,0,0,0,0,0,0,0,0,0,0,0,1,0,0,0,1,0,1,1,0,0,0,1,1,1,1
2026-09-24T00:00:00Z,2026-09-24T01:00:00Z,60,,,,0,1,,,,0,1,4100.0,2026-09-23T23:50:15Z,9.75,1,0,574.0,2026-09-23T23:50:15Z,9.75,1,0,3526.0,2026-09-23T23:50:15Z,9.75,1,0,208.139,2026-09-23T23:00:31Z,59.483333333333334,1,0,216.0,2026-09-23T23:00:31Z,59.483333333333334,1,0,1899.091,2026-09-23T23:00:31Z,59.483333333333334,1,0,0.0,2026-09-23T23:00:31Z,59.483333333333334,1,0,1776.77,2026-09-23T23:00:31Z,59.483333333333334,1,0,4100.0,2026-09-23T23:00:31Z,59.483333333333334,1,0,500.0,2026-09-23T06:00:11Z,1079.8166666666666,1,0,530.0,2026-09-23T06:00:11Z,1079.8166666666666,1,0,513.0,2026-09-23T06:00:11Z,1079.8166666666666,1,0,500.0,2026-09-23T06:00:11Z,1079.8166666666666,1,0,500.0,2026-09-23T06:00:11Z,1079.8166666666666,1,0,504.0,2026-09-23T06:00:11Z,1079.8166666666666,1,0,246.062,2026-09-23T23:50:00Z,10.0,1,0,3630.943,2026-09-23T23:50:00Z,10.0,1,0,3877.005,2026-09-23T23:50:00Z,10.0,1,0,1918.0985,2026-09-23T18:14:03Z,345.95,1,0,1918.0985,2026-09-23T18:14:01Z,345.98333333333335,1,0,361.94849999999997,2026-09-23T18:14:01Z,345.98333333333335,1,0,1556.15,2026-09-23T18:14:01Z,345.98333333333335,1,0,6528.375,2026-09-23T23:00:31Z,,59.483333333333334,1,0,-42.163,2026-09-23T23:57:50Z,2026-09-23T23:40:00Z,2.1666666666666665,1,0,110.43,2026-09-23T23:57:50Z,2026-09-23T23:40:00Z,2.1666666666666665,1,0,9858.381,2026-09-23T23:57:50Z,2026-09-23T23:40:00Z,2.1666666666666665,1,0,4997.17,2026-09-23T23:57:50Z,2026-09-23T23:40:00Z,2.1666666666666665,1,0,488.052,2026-09-23T23:57:50Z,2026-09-23T23:40:00Z,2.1666666666666665,1,0,-47.355,2026-09-23T23:30:03Z,2026-09-23T23:00:00Z,29.95,1,0,111.53,2026-09-23T23:30:03Z,2026-09-23T23:00:00Z,29.95,1,0,0.035,2026-09-23T23:00:32Z,,59.46666666666667,1,0,0.0,2026-09-23T23:00:32Z,,59.46666666666667,1,0,3437.2105,254.74650000000003,204.605,372.545,2026-08-31T23:00:00Z,33180.0,1,,,0.0,208.139,4509.118,,,,,1,1,1,1,1,1,0,0,0,0,0,0,0,0,0,0,0,0,0,0,0,0,0,0,0,0,0,0,0,0,0,0,0,0,0,0,0,0,0,0,0,0,0,0,0,0,0,0,0,0,0,0,0,0,0,0,0,0,0,0,0,0,0,0,0,0,0,0,0,0,0,0,0,0,1,0,0,0,0,0,0,0,0,0,0,0,0,0,0,0,0,0,0,0,0,0,0,0,0,0,0,0,0,0,0,0,1,0,0,0,1,0,1,1,0,0,0,1,1,1,1
2026-09-24T00:30:00Z,2026-09-24T01:00:00Z,30,,,,0,1,,,,0,1,4100.0,2026-09-24T00:20:06Z,9.9,1,0,574.0,2026-09-24T00:20:06Z,9.9,1,0,3526.0,2026-09-24T00:20:06Z,9.9,1,0,88.993,2026-09-24T00:00:35Z,29.416666666666668,1,0,216.0,2026-09-24T00:00:35Z,29.416666666666668,1,0,2019.787,2026-09-24T00:00:35Z,29.416666666666668,1,0,0.0,2026-09-24T00:00:35Z,29.416666666666668,1,0,1775.22,2026-09-24T00:00:35Z,29.416666666666668,1,0,4100.0,2026-09-24T00:00:35Z,29.416666666666668,1,0,500.0,2026-09-23T06:00:11Z,1109.8166666666666,1,0,530.0,2026-09-23T06:00:11Z,1109.8166666666666,1,0,513.0,2026-09-23T06:00:11Z,1109.8166666666666,1,0,500.0,2026-09-23T06:00:11Z,1109.8166666666666,1,0,500.0,2026-09-23T06:00:11Z,1109.8166666666666,1,0,504.0,2026-09-23T06:00:11Z,1109.8166666666666,1,0,246.062,2026-09-24T00:20:00Z,10.0,1,0,3585.5825,2026-09-24T00:20:00Z,10.0,1,0,3831.6445,2026-09-24T00:20:00Z,10.0,1,0,2146.1009999999997,2026-09-24T00:13:43Z,16.283333333333335,1,0,2146.1009999999997,2026-09-24T00:13:40Z,16.333333333333332,1,0,406.13599999999997,2026-09-24T00:13:40Z,16.333333333333332,1,0,1739.965,2026-09-24T00:13:40Z,16.333333333333332,1,0,6027.138,2026-09-24T00:00:36Z,,29.4,1,0,-37.202,2026-09-24T00:27:56Z,2026-09-24T00:10:00Z,2.066666666666667,1,0,77.62,2026-09-24T00:27:56Z,2026-09-24T00:10:00Z,2.066666666666667,1,0,10084.177,2026-09-24T00:27:56Z,2026-09-24T00:10:00Z,2.066666666666667,1,0,4592.039,2026-09-24T00:27:56Z,2026-09-24T00:10:00Z,2.066666666666667,1,0,413.255,2026-09-24T00:27:56Z,2026-09-24T00:10:00Z,2.066666666666667,1,0,-54.697,2026-09-24T00:00:04Z,2026-09-23T23:30:00Z,29.933333333333334,1,0,109.79,2026-09-24T00:00:04Z,2026-09-23T23:30:00Z,29.933333333333334,1,0,0.034,2026-09-24T00:00:37Z,,29.383333333333333,1,0,0.0,2026-09-24T00:00:37Z,,29.383333333333333,1,0,3437.2105,254.74650000000003,204.605,372.545,2026-08-31T23:00:00Z,33210.0,1,,,0.0,88.993,4178.784,,,,,1,1,1,1,1,1,0,0,0,0,0,0,0,0,0,0,0,0,0,0,0,0,0,0,0,0,0,0,0,0,0,0,0,0,0,0,0,0,0,0,0,0,0,0,0,0,0,0,0,0,0,0,0,0,0,0,0,0,0,0,0,0,0,0,0,0,0,0,0,0,0,0,0,0,1,0,0,0,0,0,0,0,0,0,0,0,0,0,0,0,0,0,0,0,0,0,0,0,0,0,0,0,0,0,0,0,1,0,0,0,1,0,1,1,0,0,0,1,1,1,1
2026-09-24T00:30:00Z,2026-09-24T01:30:00Z,60,,,,0,1,,,,0,1,4157.0,2026-09-24T00:20:06Z,9.9,1,0,579.0,2026-09-24T00:20:06Z,9.9,1,0,3578.0,2026-09-24T00:20:06Z,9.9,1,0,128.578,2026-09-24T00:00:35Z,29.416666666666668,1,0,285.0,2026-09-24T00:00:35Z,29.416666666666668,1,0,2031.883,2026-09-24T00:00:35Z,29.416666666666668,1,0,0.0,2026-09-24T00:00:35Z,29.416666666666668,1,0,1711.54,2026-09-24T00:00:35Z,29.416666666666668,1,0,4157.0,2026-09-24T00:00:35Z,29.416666666666668,1,0,500.0,2026-09-23T06:00:11Z,1109.8166666666666,1,0,530.0,2026-09-23T06:00:11Z,1109.8166666666666,1,0,513.0,2026-09-23T06:00:11Z,1109.8166666666666,1,0,500.0,2026-09-23T06:00:11Z,1109.8166666666666,1,0,500.0,2026-09-23T06:00:11Z,1109.8166666666666,1,0,504.0,2026-09-23T06:00:11Z,1109.8166666666666,1,0,254.0485,2026-09-24T00:20:00Z,10.0,1,0,3603.326,2026-09-24T00:20:00Z,10.0,1,0,3857.3745,2026-09-24T00:20:00Z,10.0,1,0,2216.3675000000003,2026-09-24T00:13:43Z,16.283333333333335,1,0,2216.3675000000003,2026-09-24T00:13:40Z,16.333333333333332,1,0,431.1295,2026-09-24T00:13:40Z,16.333333333333332,1,0,1785.2379999999998,2026-09-24T00:13:40Z,16.333333333333332,1,0,6027.138,2026-09-24T00:00:36Z,,29.4,1,0,-37.202,2026-09-24T00:27:56Z,2026-09-24T00:10:00Z,2.066666666666667,1,0,77.62,2026-09-24T00:27:56Z,2026-09-24T00:10:00Z,2.066666666666667,1,0,10084.177,2026-09-24T00:27:56Z,2026-09-24T00:10:00Z,2.066666666666667,1,0,4592.039,2026-09-24T00:27:56Z,2026-09-24T00:10:00Z,2.066666666666667,1,0,413.255,2026-09-24T00:27:56Z,2026-09-24T00:10:00Z,2.066666666666667,1,0,-54.697,2026-09-24T00:00:04Z,2026-09-23T23:30:00Z,29.933333333333334,1,0,109.79,2026-09-24T00:00:04Z,2026-09-23T23:30:00Z,29.933333333333334,1,0,0.034,2026-09-24T00:00:37Z,,29.383333333333333,1,0,0.0,2026-09-24T00:00:37Z,,29.383333333333333,1,0,3437.2105,254.74650000000003,204.605,372.545,2026-08-31T23:00:00Z,33210.0,1,,,0.0,128.578,4178.784,,,,,1,1,1,1,1,1,0,0,0,0,0,0,0,0,0,0,0,0,0,0,0,0,0,0,0,0,0,0,0,0,0,0,0,0,0,0,0,0,0,0,0,0,0,0,0,0,0,0,0,0,0,0,0,0,0,0,0,0,0,0,0,0,0,0,0,0,0,0,0,0,0,0,0,0,1,0,0,0,0,0,0,0,0,0,0,0,0,0,0,0,0,0,0,0,0,0,0,0,0,0,0,0,0,0,0,0,1,0,0,0,1,0,1,1,0,0,0,1,1,1,1
2026-09-24T01:00:00Z,2026-09-24T01:30:00Z,30,,,,0,1,,,,0,1,4157.0,2026-09-24T00:50:06Z,9.9,1,0,579.0,2026-09-24T00:50:06Z,9.9,1,0,3578.0,2026-09-24T00:50:06Z,9.9,1,0,128.578,2026-09-24T00:00:35Z,59.416666666666664,1,0,285.0,2026-09-24T00:00:35Z,59.416666666666664,1,0,2031.883,2026-09-24T00:00:35Z,59.416666666666664,1,0,0.0,2026-09-24T00:00:35Z,59.416666666666664,1,0,1711.54,2026-09-24T00:00:35Z,59.416666666666664,1,0,4157.0,2026-09-24T00:00:35Z,59.416666666666664,1,0,500.0,2026-09-23T06:00:11Z,1139.8166666666666,1,0,530.0,2026-09-23T06:00:11Z,1139.8166666666666,1,0,513.0,2026-09-23T06:00:11Z,1139.8166666666666,1,0,500.0,2026-09-23T06:00:11Z,1139.8166666666666,1,0,500.0,2026-09-23T06:00:11Z,1139.8166666666666,1,0,504.0,2026-09-23T06:00:11Z,1139.8166666666666,1,0,254.0485,2026-09-24T00:50:00Z,10.0,1,0,3551.1165,2026-09-24T00:50:00Z,10.0,1,0,3805.165,2026-09-24T00:50:00Z,10.0,1,0,2216.3675000000003,2026-09-24T00:13:43Z,46.28333333333333,1,0,2216.3675000000003,2026-09-24T00:13:40Z,46.333333333333336,1,0,431.1295,2026-09-24T00:13:40Z,46.333333333333336,1,0,1785.2379999999998,2026-09-24T00:13:40Z,46.333333333333336,1,0,6027.138,2026-09-24T00:00:36Z,,59.4,1,0,-45.717,2026-09-24T00:57:46Z,2026-09-24T00:40:00Z,2.2333333333333334,1,0,94.66,2026-09-24T00:57:46Z,2026-09-24T00:40:00Z,2.2333333333333334,1,0,10084.378,2026-09-24T00:57:46Z,2026-09-24T00:40:00Z,2.2333333333333334,1,0,4360.464,2026-09-24T00:57:46Z,2026-09-24T00:40:00Z,2.2333333333333334,1,0,272.227,2026-09-24T00:57:46Z,2026-09-24T00:40:00Z,2.2333333333333334,1,0,-35.177,2026-09-24T00:30:05Z,2026-09-24T00:00:00Z,29.916666666666668,1,0,109.74,2026-09-24T00:30:05Z,2026-09-24T00:00:00Z,29.916666666666668,1,0,0.034,2026-09-24T00:00:37Z,,59.38333333333333,1,0,0.0,2026-09-24T00:00:37Z,,59.38333333333333,1,0,3437.2105,254.74650000000003,204.605,372.545,2026-08-31T23:00:00Z,33240.0,1,,,0.0,128.578,4088.237,,,,,1,1,1,1,1,1,0,0,0,0,0,0,0,0,0,0,0,0,0,0,0,0,0,0,0,0,0,0,0,0,0,0,0,0,0,0,0,0,0,0,0,0,0,0,0,0,0,0,0,0,0,0,0,0,0,0,0,0,0,0,0,0,0,0,0,0,0,0,0,0,0,0,0,0,1,0,0,0,0,0,0,0,0,0,0,0,0,0,0,0,0,0,0,0,0,0,0,0,0,0,0,0,0,0,0,0,1,0,0,0,1,0,1,1,0,0,0,1,1,1,1
2026-09-24T01:00:00Z,2026-09-24T02:00:00Z,60,,,,0,1,,,,0,1,4117.0,2026-09-24T00:50:06Z,9.9,1,0,573.0,2026-09-24T00:50:06Z,9.9,1,0,3544.0,2026-09-24T00:50:06Z,9.9,1,0,193.949,2026-09-24T00:00:35Z,59.416666666666664,1,0,158.0,2026-09-24T00:00:35Z,59.416666666666664,1,0,2070.711,2026-09-24T00:00:35Z,59.416666666666664,1,0,0.0,2026-09-24T00:00:35Z,59.416666666666664,1,0,1694.34,2026-09-24T00:00:35Z,59.416666666666664,1,0,4117.0,2026-09-24T00:00:35Z,59.416666666666664,1,0,500.0,2026-09-23T06:00:11Z,1139.8166666666666,1,0,530.0,2026-09-23T06:00:11Z,1139.8166666666666,1,0,513.0,2026-09-23T06:00:11Z,1139.8166666666666,1,0,500.0,2026-09-23T06:00:11Z,1139.8166666666666,1,0,500.0,2026-09-23T06:00:11Z,1139.8166666666666,1,0,504.0,2026-09-23T06:00:11Z,1139.8166666666666,1,0,129.0995,2026-09-24T00:50:00Z,10.0,1,0,3626.111,2026-09-24T00:50:00Z,10.0,1,0,3755.2105,2026-09-24T00:50:00Z,10.0,1,0,2278.4305,2026-09-24T00:13:43Z,46.28333333333333,1,0,2278.4305,2026-09-24T00:13:40Z,46.333333333333336,1,0,454.72900000000004,2026-09-24T00:13:40Z,46.333333333333336,1,0,1823.7015000000001,2026-09-24T00:13:40Z,46.333333333333336,1,0,6027.138,2026-09-24T00:00:36Z,,59.4,1,0,-45.717,2026-09-24T00:57:46Z,2026-09-24T00:40:00Z,2.2333333333333334,1,0,94.66,2026-09-24T00:57:46Z,2026-09-24T00:40:00Z,2.2333333333333334,1,0,10084.378,2026-09-24T00:57:46Z,2026-09-24T00:40:00Z,2.2333333333333334,1,0,4360.464,2026-09-24T00:57:46Z,2026-09-24T00:40:00Z,2.2333333333333334,1,0,272.227,2026-09-24T00:57:46Z,2026-09-24T00:40:00Z,2.2333333333333334,1,0,-35.177,2026-09-24T00:30:05Z,2026-09-24T00:00:00Z,29.916666666666668,1,0,109.74,2026-09-24T00:30:05Z,2026-09-24T00:00:00Z,29.916666666666668,1,0,0.034,2026-09-24T00:00:37Z,,59.38333333333333,1,0,0.0,2026-09-24T00:00:37Z,,59.38333333333333,1,0,3437.2105,254.74650000000003,204.605,372.545,2026-08-31T23:00:00Z,33240.0,1,,,0.0,193.949,4088.237,,,,,1,1,1,1,1,1,0,0,0,0,0,0,0,0,0,0,0,0,0,0,0,0,0,0,0,0,0,0,0,0,0,0,0,0,0,0,0,0,0,0,0,0,0,0,0,0,0,0,0,0,0,0,0,0,0,0,0,0,0,0,0,0,0,0,0,0,0,0,0,0,0,0,0,0,1,0,0,0,0,0,0,0,0,0,0,0,0,0,0,0,0,0,0,0,0,0,0,0,0,0,0,0,0,0,0,0,1,0,0,0,1,0,1,1,0,0,0,1,1,1,1
2026-09-24T01:30:00Z,2026-09-24T02:00:00Z,30,,,,0,1,,,,0,1,4117.0,2026-09-24T01:20:10Z,9.833333333333334,1,0,573.0,2026-09-24T01:20:10Z,9.833333333333334,1,0,3544.0,2026-09-24T01:20:10Z,9.833333333333334,1,0,-49.168,2026-09-24T01:00:35Z,29.416666666666668,1,0,158.0,2026-09-24T01:00:35Z,29.416666666666668,1,0,2313.828,2026-09-24T01:00:35Z,29.416666666666668,1,0,0.0,2026-09-24T01:00:35Z,29.416666666666668,1,0,1694.34,2026-09-24T01:00:35Z,29.416666666666668,1,0,4117.0,2026-09-24T01:00:35Z,29.416666666666668,1,0,500.0,2026-09-23T06:00:11Z,1169.8166666666666,1,0,530.0,2026-09-23T06:00:11Z,1169.8166666666666,1,0,513.0,2026-09-23T06:00:11Z,1169.8166666666666,1,0,500.0,2026-09-23T06:00:11Z,1169.8166666666666,1,0,500.0,2026-09-23T06:00:11Z,1169.8166666666666,1,0,504.0,2026-09-23T06:00:11Z,1169.8166666666666,1,0,129.0995,2026-09-24T01:20:00Z,10.0,1,0,3605.9305,2026-09-24T01:20:00Z,10.0,1,0,3735.03,2026-09-24T01:20:00Z,10.0,1,0,2278.4305,2026-09-24T00:13:43Z,76.28333333333333,1,0,2278.4305,2026-09-24T00:13:40Z,76.33333333333333,1,0,454.72900000000004,2026-09-24T00:13:40Z,76.33333333333333,1,0,1823.7015000000001,2026-09-24T00:13:40Z,76.33333333333333,1,0,3245.221,2026-09-24T01:00:36Z,,29.4,1,0,-11.071,2026-09-24T01:27:46Z,2026-09-24T01:10:00Z,2.2333333333333334,1,0,126.76,2026-09-24T01:27:46Z,2026-09-24T01:10:00Z,2.2333333333333334,1,0,9636.86,2026-09-24T01:27:46Z,2026-09-24T01:10:00Z,2.2333333333333334,1,0,4313.37,2026-09-24T01:27:46Z,2026-09-24T01:10:00Z,2.2333333333333334,1,0,354.444,2026-09-24T01:27:46Z,2026-09-24T01:10:00Z,2.2333333333333334,1,0,-45.401,2026-09-24T01:00:03Z,2026-09-24T00:30:00Z,29.95,1,0,87.18,2026-09-24T01:00:03Z,2026-09-24T00:30:00Z,29.95,1,0,0.024,2026-09-24T01:00:37Z,,29.383333333333333,1,0,0.0,2026-09-24T01:00:37Z,,29.383333333333333,1,0,3437.2105,254.74650000000003,204.605,372.545,2026-08-31T23:00:00Z,33270.0,1,,,0.0,-49.168,3958.926,,,,,1,1,1,1,1,1,0,0,0,0,0,0,0,0,0,0,0,0,0,0,0,0,0,0,0,0,0,0,0,0,0,0,0,0,0,0,0,0,0,0,0,0,0,0,0,0,0,0,0,0,0,0,0,0,0,0,0,0,0,0,0,0,0,0,0,0,0,0,0,0,0,0,0,0,1,0,0,0,0,0,0,0,0,0,0,0,0,0,0,0,0,0,0,0,0,0,0,0,0,0,0,0,0,0,0,0,1,0,0,0,1,0,1,1,0,0,0,1,1,1,1
2026-09-24T01:30:00Z,2026-09-24T02:30:00Z,60,,,,0,1,,,,0,1,4095.0,2026-09-24T01:20:10Z,9.833333333333334,1,0,570.0,2026-09-24T01:20:10Z,9.833333333333334,1,0,3525.0,2026-09-24T01:20:10Z,9.833333333333334,1,0,5.34,2026-09-24T01:00:35Z,29.416666666666668,1,0,98.0,2026-09-24T01:00:35Z,29.416666666666668,1,0,2325.32,2026-09-24T01:00:35Z,29.416666666666668,1,0,0.0,2026-09-24T01:00:35Z,29.416666666666668,1,0,1666.34,2026-09-24T01:00:35Z,29.416666666666668,1,0,4095.0,2026-09-24T01:00:35Z,29.416666666666668,1,0,500.0,2026-09-23T06:00:11Z,1169.8166666666666,1,0,530.0,2026-09-23T06:00:11Z,1169.8166666666666,1,0,513.0,2026-09-23T06:00:11Z,1169.8166666666666,1,0,500.0,2026-09-23T06:00:11Z,1169.8166666666666,1,0,500.0,2026-09-23T06:00:11Z,1169.8166666666666,1,0,504.0,2026-09-23T06:00:11Z,1169.8166666666666,1,0,92.901,2026-09-24T01:20:00Z,10.0,1,0,3616.009,2026-09-24T01:20:00Z,10.0,1,0,3708.91,2026-09-24T01:20:00Z,10.0,1,0,2315.839,2026-09-24T00:13:43Z,76.28333333333333,1,0,2315.839,2026-09-24T00:13:40Z,76.33333333333333,1,0,474.15049999999997,2026-09-24T00:13:40Z,76.33333333333333,1,0,1841.6885,2026-09-24T00:13:40Z,76.33333333333333,1,0,3245.221,2026-09-24T01:00:36Z,,29.4,1,0,-11.071,2026-09-24T01:27:46Z,2026-09-24T01:10:00Z,2.2333333333333334,1,0,126.76,2026-09-24T01:27:46Z,2026-09-24T01:10:00Z,2.2333333333333334,1,0,9636.86,2026-09-24T01:27:46Z,2026-09-24T01:10:00Z,2.2333333333333334,1,0,4313.37,2026-09-24T01:27:46Z,2026-09-24T01:10:00Z,2.2333333333333334,1,0,354.444,2026-09-24T01:27:46Z,2026-09-24T01:10:00Z,2.2333333333333334,1,0,-45.401,2026-09-24T01:00:03Z,2026-09-24T00:30:00Z,29.95,1,0,87.18,2026-09-24T01:00:03Z,2026-09-24T00:30:00Z,29.95,1,0,0.024,2026-09-24T01:00:37Z,,29.383333333333333,1,0,0.0,2026-09-24T01:00:37Z,,29.383333333333333,1,0,3437.2105,254.74650000000003,204.605,372.545,2026-08-31T23:00:00Z,33270.0,1,,,0.0,5.34,3958.926,,,,,1,1,1,1,1,1,0,0,0,0,0,0,0,0,0,0,0,0,0,0,0,0,0,0,0,0,0,0,0,0,0,0,0,0,0,0,0,0,0,0,0,0,0,0,0,0,0,0,0,0,0,0,0,0,0,0,0,0,0,0,0,0,0,0,0,0,0,0,0,0,0,0,0,0,1,0,0,0,0,0,0,0,0,0,0,0,0,0,0,0,0,0,0,0,0,0,0,0,0,0,0,0,0,0,0,0,1,0,0,0,1,0,1,1,0,0,0,1,1,1,1
2026-09-24T02:00:00Z,2026-09-24T02:30:00Z,30,,,,0,1,,,,0,1,4095.0,2026-09-24T01:50:10Z,9.833333333333334,1,0,570.0,2026-09-24T01:50:10Z,9.833333333333334,1,0,3525.0,2026-09-24T01:50:10Z,9.833333333333334,1,0,5.34,2026-09-24T01:00:35Z,59.416666666666664,1,0,98.0,2026-09-24T01:00:35Z,59.416666666666664,1,0,2325.32,2026-09-24T01:00:35Z,59.416666666666664,1,0,0.0,2026-09-24T01:00:35Z,59.416666666666664,1,0,1666.34,2026-09-24T01:00:35Z,59.416666666666664,1,0,4095.0,2026-09-24T01:00:35Z,59.416666666666664,1,0,500.0,2026-09-23T06:00:11Z,1199.8166666666666,1,0,530.0,2026-09-23T06:00:11Z,1199.8166666666666,1,0,513.0,2026-09-23T06:00:11Z,1199.8166666666666,1,0,500.0,2026-09-23T06:00:11Z,1199.8166666666666,1,0,500.0,2026-09-23T06:00:11Z,1199.8166666666666,1,0,504.0,2026-09-23T06:00:11Z,1199.8166666666666,1,0,92.901,2026-09-24T01:50:00Z,10.0,1,0,3711.9485,2026-09-24T01:50:00Z,10.0,1,0,3804.8495000000003,2026-09-24T01:50:00Z,10.0,1,0,2315.839,2026-09-24T00:13:43Z,106.28333333333333,1,0,2315.839,2026-09-24T00:13:40Z,106.33333333333333,1,0,474.15049999999997,2026-09-24T00:13:40Z,106.33333333333333,1,0,1841.6885,2026-09-24T00:13:40Z,106.33333333333333,1,0,3245.221,2026-09-24T01:00:36Z,,59.4,1,0,-17.557,2026-09-24T01:47:45Z,2026-09-24T01:30:00Z,12.25,1,0,97.77,2026-09-24T01:47:45Z,2026-09-24T01:30:00Z,12.25,1,0,9799.771,2026-09-24T01:47:45Z,2026-09-24T01:30:00Z,12.25,1,0,4254.922,2026-09-24T01:47:45Z,2026-09-24T01:30:00Z,12.25,1,0,353.766,2026-09-24T01:47:45Z,2026-09-24T01:30:00Z,12.25,1,0,-37.505,2026-09-24T01:30:05Z,2026-09-24T01:00:00Z,29.916666666666668,1,0,105.91,2026-09-24T01:30:05Z,2026-09-24T01:00:00Z,29.916666666666668,1,0,0.024,2026-09-24T01:00:37Z,,59.38333333333333,1,0,0.0,2026-09-24T01:00:37Z,,59.38333333333333,1,0,3437.2105,254.74650000000003,204.605,372.545,2026-08-31T23:00:00Z,33300.0,1,,,0.0,5.34,3901.1559999999995,,,,,1,1,1,1,1,1,0,0,0,0,0,0,0,0,0,0,0,0,0,0,0,0,0,0,0,0,0,0,0,0,0,0,0,0,0,0,0,0,0,0,0,0,0,0,0,0,0,0,0,0,0,0,0,0,0,0,0,0,0,0,0,0,0,0,0,0,0,0,0,0,0,0,0,0,1,0,0,0,0,0,0,0,0,0,0,0,0,0,0,0,0,0,0,0,0,0,0,0,0,0,0,0,0,0,0,0,1,0,0,0,1,0,1,1,0,0,0,1,1,1,1
2026-09-24T02:00:00Z,2026-09-24T03:00:00Z,60,,,,0,1,,,,0,1,4065.0,2026-09-24T01:50:10Z,9.833333333333334,1,0,556.0,2026-09-24T01:50:10Z,9.833333333333334,1,0,3509.0,2026-09-24T01:50:10Z,9.833333333333334,1,0,74.969,2026-09-24T01:00:35Z,59.416666666666664,1,0,16.0,2026-09-24T01:00:35Z,59.416666666666664,1,0,2348.391,2026-09-24T01:00:35Z,59.416666666666664,1,0,0.0,2026-09-24T01:00:35Z,59.416666666666664,1,0,1625.64,2026-09-24T01:00:35Z,59.416666666666664,1,0,4065.0,2026-09-24T01:00:35Z,59.416666666666664,1,0,500.0,2026-09-23T06:00:11Z,1199.8166666666666,1,0,530.0,2026-09-23T06:00:11Z,1199.8166666666666,1,0,513.0,2026-09-23T06:00:11Z,1199.8166666666666,1,0,500.0,2026-09-23T06:00:11Z,1199.8166666666666,1,0,500.0,2026-09-23T06:00:11Z,1199.8166666666666,1,0,504.0,2026-09-23T06:00:11Z,1199.8166666666666,1,0,7.5355,2026-09-24T01:50:00Z,10.0,1,0,3764.0,2026-09-24T01:50:00Z,10.0,1,0,3771.5355,2026-09-24T01:50:00Z,10.0,1,0,2354.245,2026-09-24T00:13:43Z,106.28333333333333,1,0,2354.245,2026-09-24T00:13:40Z,106.33333333333333,1,0,495.5505,2026-09-24T00:13:40Z,106.33333333333333,1,0,1858.6945,2026-09-24T00:13:40Z,106.33333333333333,1,0,3245.221,2026-09-24T01:00:36Z,,59.4,1,0,-17.557,2026-09-24T01:47:45Z,2026-09-24T01:30:00Z,12.25,1,0,97.77,2026-09-24T01:47:45Z,2026-09-24T01:30:00Z,12.25,1,0,9799.771,2026-09-24T01:47:45Z,2026-09-24T01:30:00Z,12.25,1,0,4254.922,2026-09-24T01:47:45Z,2026-09-24T01:30:00Z,12.25,1,0,353.766,2026-09-24T01:47:45Z,2026-09-24T01:30:00Z,12.25,1,0,-37.505,2026-09-24T01:30:05Z,2026-09-24T01:00:00Z,29.916666666666668,1,0,105.91,2026-09-24T01:30:05Z,2026-09-24T01:00:00Z,29.916666666666668,1,0,0.024,2026-09-24T01:00:37Z,,59.38333333333333,1,0,0.0,2026-09-24T01:00:37Z,,59.38333333333333,1,0,3437.2105,254.74650000000003,204.605,372.545,2026-08-31T23:00:00Z,33300.0,1,,,0.0,74.969,3901.1559999999995,,,,,1,1,1,1,1,1,0,0,0,0,0,0,0,0,0,0,0,0,0,0,0,0,0,0,0,0,0,0,0,0,0,0,0,0,0,0,0,0,0,0,0,0,0,0,0,0,0,0,0,0,0,0,0,0,0,0,0,0,0,0,0,0,0,0,0,0,0,0,0,0,0,0,0,0,1,0,0,0,0,0,0,0,0,0,0,0,0,0,0,0,0,0,0,0,0,0,0,0,0,0,0,0,0,0,0,0,1,0,0,0,1,0,1,1,0,0,0,1,1,1,1
2026-09-24T02:30:00Z,2026-09-24T03:00:00Z,30,,,,0,1,,,,0,1,4065.0,2026-09-24T01:50:10Z,39.833333333333336,1,0,556.0,2026-09-24T01:50:10Z,39.833333333333336,1,0,3509.0,2026-09-24T01:50:10Z,39.833333333333336,1,0,74.969,2026-09-24T01:00:35Z,89.41666666666667,1,0,16.0,2026-09-24T01:00:35Z,89.41666666666667,1,0,2348.391,2026-09-24T01:00:35Z,89.41666666666667,1,0,0.0,2026-09-24T01:00:35Z,89.41666666666667,1,0,1625.64,2026-09-24T01:00:35Z,89.41666666666667,1,0,4065.0,2026-09-24T01:00:35Z,89.41666666666667,1,0,500.0,2026-09-23T06:00:11Z,1229.8166666666666,1,0,530.0,2026-09-23T06:00:11Z,1229.8166666666666,1,0,513.0,2026-09-23T06:00:11Z,1229.8166666666666,1,0,500.0,2026-09-23T06:00:11Z,1229.8166666666666,1,0,500.0,2026-09-23T06:00:11Z,1229.8166666666666,1,0,504.0,2026-09-23T06:00:11Z,1229.8166666666666,1,0,7.5355,2026-09-24T02:05:00Z,25.0,1,0,3722.3295,2026-09-24T02:05:00Z,25.0,1,0,3729.8650000000002,2026-09-24T02:05:00Z,25.0,1,0,2354.245,2026-09-24T00:13:43Z,136.28333333333333,1,0,2354.245,2026-09-24T00:13:40Z,136.33333333333334,1,0,495.5505,2026-09-24T00:13:40Z,136.33333333333334,1,0,1858.6945,2026-09-24T00:13:40Z,136.33333333333334,1,0,3245.221,2026-09-24T01:00:36Z,,89.4,1,0,-17.557,2026-09-24T01:47:45Z,2026-09-24T01:30:00Z,42.25,1,0,97.77,2026-09-24T01:47:45Z,2026-09-24T01:30:00Z,42.25,1,0,9799.771,2026-09-24T01:47:45Z,2026-09-24T01:30:00Z,42.25,1,0,4254.922,2026-09-24T01:47:45Z,2026-09-24T01:30:00Z,42.25,1,0,353.766,2026-09-24T01:47:45Z,2026-09-24T01:30:00Z,42.25,1,0,-37.505,2026-09-24T01:30:05Z,2026-09-24T01:00:00Z,59.916666666666664,1,0,105.91,2026-09-24T01:30:05Z,2026-09-24T01:00:00Z,59.916666666666664,1,0,0.024,2026-09-24T01:00:37Z,,89.38333333333334,1,0,0.0,2026-09-24T01:00:37Z,,89.38333333333334,1,0,3437.2105,254.74650000000003,204.605,372.545,2026-08-31T23:00:00Z,33330.0,1,,,0.0,74.969,3901.1559999999995,,,,,1,1,1,1,1,1,0,0,0,0,0,0,0,0,0,0,0,0,0,0,0,0,0,0,0,0,0,0,0,0,0,0,0,0,0,0,0,0,0,0,0,0,0,0,0,0,0,0,0,0,0,0,0,0,0,0,0,0,0,0,0,0,0,0,0,0,0,0,0,0,0,0,0,0,1,0,0,0,0,0,0,0,0,0,0,0,0,0,0,0,0,0,0,0,0,0,0,0,0,0,0,0,0,0,0,0,1,0,0,0,1,0,1,1,0,0,0,1,1,1,1
2026-09-24T02:30:00Z,2026-09-24T03:30:00Z,60,,,,0,1,,,,0,1,4050.0,2026-09-24T01:50:10Z,39.833333333333336,1,0,550.0,2026-09-24T01:50:10Z,39.833333333333336,1,0,3500.0,2026-09-24T01:50:10Z,39.833333333333336,1,0,21.481,2026-09-24T01:00:35Z,89.41666666666667,1,0,0.0,2026-09-24T01:00:35Z,89.41666666666667,1,0,2389.279,2026-09-24T01:00:35Z,89.41666666666667,1,0,0.0,2026-09-24T01:00:35Z,89.41666666666667,1,0,1639.24,2026-09-24T01:00:35Z,89.41666666666667,1,0,4050.0,2026-09-24T01:00:35Z,89.41666666666667,1,0,500.0,2026-09-23T06:00:11Z,1229.8166666666666,1,0,530.0,2026-09-23T06:00:11Z,1229.8166666666666,1,0,513.0,2026-09-23T06:00:11Z,1229.8166666666666,1,0,500.0,2026-09-23T06:00:11Z,1229.8166666666666,1,0,500.0,2026-09-23T06:00:11Z,1229.8166666666666,1,0,504.0,2026-09-23T06:00:11Z,1229.8166666666666,1,0,-38.2,2026-09-24T02:05:00Z,25.0,1,0,3754.205,2026-09-24T02:05:00Z,25.0,1,0,3716.005,2026-09-24T02:05:00Z,25.0,1,0,2395.6095,2026-09-24T00:13:43Z,136.28333333333333,1,0,2395.6095,2026-09-24T00:13:40Z,136.33333333333334,1,0,522.8710000000001,2026-09-24T00:13:40Z,136.33333333333334,1,0,1872.7385,2026-09-24T00:13:40Z,136.33333333333334,1,0,3245.221,2026-09-24T01:00:36Z,,89.4,1,0,-17.557,2026-09-24T01:47:45Z,2026-09-24T01:30:00Z,42.25,1,0,97.77,2026-09-24T01:47:45Z,2026-09-24T01:30:00Z,42.25,1,0,9799.771,2026-09-24T01:47:45Z,2026-09-24T01:30:00Z,42.25,1,0,4254.922,2026-09-24T01:47:45Z,2026-09-24T01:30:00Z,42.25,1,0,353.766,2026-09-24T01:47:45Z,2026-09-24T01:30:00Z,42.25,1,0,-37.505,2026-09-24T01:30:05Z,2026-09-24T01:00:00Z,59.916666666666664,1,0,105.91,2026-09-24T01:30:05Z,2026-09-24T01:00:00Z,59.916666666666664,1,0,0.024,2026-09-24T01:00:37Z,,89.38333333333334,1,0,0.0,2026-09-24T01:00:37Z,,89.38333333333334,1,0,3437.2105,254.74650000000003,204.605,372.545,2026-08-31T23:00:00Z,33330.0,1,,,0.0,21.481,3901.1559999999995,,,,,1,1,1,1,1,1,0,0,0,0,0,0,0,0,0,0,0,0,0,0,0,0,0,0,0,0,0,0,0,0,0,0,0,0,0,0,0,0,0,0,0,0,0,0,0,0,0,0,0,0,0,0,0,0,0,0,0,0,0,0,0,0,0,0,0,0,0,0,0,0,0,0,0,0,1,0,0,0,0,0,0,0,0,0,0,0,0,0,0,0,0,0,0,0,0,0,0,0,0,0,0,0,0,0,0,0,1,0,0,0,1,0,1,1,0,0,0,1,1,1,1
2026-09-24T03:00:00Z,2026-09-24T03:30:00Z,30,,,,0,1,,,,0,1,4050.0,2026-09-24T01:50:10Z,69.83333333333333,1,0,550.0,2026-09-24T01:50:10Z,69.83333333333333,1,0,3500.0,2026-09-24T01:50:10Z,69.83333333333333,1,0,21.481,2026-09-24T01:00:35Z,119.41666666666667,1,0,0.0,2026-09-24T01:00:35Z,119.41666666666667,1,0,2389.279,2026-09-24T01:00:35Z,119.41666666666667,1,0,0.0,2026-09-24T01:00:35Z,119.41666666666667,1,0,1639.24,2026-09-24T01:00:35Z,119.41666666666667,1,0,4050.0,2026-09-24T01:00:35Z,119.41666666666667,1,0,500.0,2026-09-23T06:00:11Z,1259.8166666666666,1,0,530.0,2026-09-23T06:00:11Z,1259.8166666666666,1,0,513.0,2026-09-23T06:00:11Z,1259.8166666666666,1,0,500.0,2026-09-23T06:00:11Z,1259.8166666666666,1,0,500.0,2026-09-23T06:00:11Z,1259.8166666666666,1,0,504.0,2026-09-23T06:00:11Z,1259.8166666666666,1,0,-38.2,2026-09-24T02:05:00Z,55.0,1,0,3754.205,2026-09-24T02:05:00Z,55.0,1,0,3716.005,2026-09-24T02:05:00Z,55.0,1,0,2395.6095,2026-09-24T00:13:43Z,166.28333333333333,1,0,2395.6095,2026-09-24T00:13:40Z,166.33333333333334,1,0,522.8710000000001,2026-09-24T00:13:40Z,166.33333333333334,1,0,1872.7385,2026-09-24T00:13:40Z,166.33333333333334,1,0,3245.221,2026-09-24T01:00:36Z,,119.4,1,0,-17.557,2026-09-24T01:47:45Z,2026-09-24T01:30:00Z,72.25,1,1,97.77,2026-09-24T01:47:45Z,2026-09-24T01:30:00Z,72.25,1,1,9799.771,2026-09-24T01:47:45Z,2026-09-24T01:30:00Z,72.25,1,0,4254.922,2026-09-24T01:47:45Z,2026-09-24T01:30:00Z,72.25,1,0,353.766,2026-09-24T01:47:45Z,2026-09-24T01:30:00Z,72.25,1,0,-37.505,2026-09-24T01:30:05Z,2026-09-24T01:00:00Z,89.91666666666667,1,0,105.91,2026-09-24T01:30:05Z,2026-09-24T01:00:00Z,89.91666666666667,1,0,0.024,2026-09-24T01:00:37Z,,119.38333333333334,1,0,0.0,2026-09-24T01:00:37Z,,119.38333333333334,1,0,3437.2105,254.74650000000003,204.605,372.545,2026-08-31T23:00:00Z,33360.0,1,,,0.0,21.481,3901.1559999999995,,,,,1,1,1,1,1,1,0,0,0,0,0,0,0,0,0,0,0,0,0,0,0,0,0,0,0,0,0,0,0,0,0,0,0,0,0,0,0,0,0,0,0,0,0,0,0,0,0,0,0,0,0,0,0,0,0,0,0,0,0,0,0,0,0,0,0,0,0,0,0,0,0,0,0,0,1,0,0,0,0,0,0,0,0,0,0,0,0,0,0,0,0,0,0,0,0,0,0,0,0,0,0,0,0,0,0,0,1,0,0,0,1,0,1,1,0,0,0,1,1,1,1
2026-09-24T03:00:00Z,2026-09-24T04:00:00Z,60,,,,0,1,,,,0,1,4070.0,2026-09-24T01:50:10Z,69.83333333333333,1,0,561.0,2026-09-24T01:50:10Z,69.83333333333333,1,0,3509.0,2026-09-24T01:50:10Z,69.83333333333333,1,0,18.607,2026-09-24T01:00:35Z,119.41666666666667,1,0,-120.0,2026-09-24T01:00:35Z,119.41666666666667,1,0,2430.513,2026-09-24T01:00:35Z,119.41666666666667,1,0,0.0,2026-09-24T01:00:35Z,119.41666666666667,1,0,1740.88,2026-09-24T01:00:35Z,119.41666666666667,1,0,4070.0,2026-09-24T01:00:35Z,119.41666666666667,1,0,500.0,2026-09-23T06:00:11Z,1259.8166666666666,1,0,530.0,2026-09-23T06:00:11Z,1259.8166666666666,1,0,513.0,2026-09-23T06:00:11Z,1259.8166666666666,1,0,500.0,2026-09-23T06:00:11Z,1259.8166666666666,1,0,500.0,2026-09-23T06:00:11Z,1259.8166666666666,1,0,504.0,2026-09-23T06:00:11Z,1259.8166666666666,1,0,-161.084,2026-09-24T02:05:00Z,55.0,1,0,3926.0385,2026-09-24T02:05:00Z,55.0,1,0,3764.9545,2026-09-24T02:05:00Z,55.0,1,0,2438.426,2026-09-24T00:13:43Z,166.28333333333333,1,0,2438.426,2026-09-24T00:13:40Z,166.33333333333334,1,0,546.897,2026-09-24T00:13:40Z,166.33333333333334,1,0,1891.529,2026-09-24T00:13:40Z,166.33333333333334,1,0,3245.221,2026-09-24T01:00:36Z,,119.4,1,0,-17.557,2026-09-24T01:47:45Z,2026-09-24T01:30:00Z,72.25,1,1,97.77,2026-09-24T01:47:45Z,2026-09-24T01:30:00Z,72.25,1,1,9799.771,2026-09-24T01:47:45Z,2026-09-24T01:30:00Z,72.25,1,0,4254.922,2026-09-24T01:47:45Z,2026-09-24T01:30:00Z,72.25,1,0,353.766,2026-09-24T01:47:45Z,2026-09-24T01:30:00Z,72.25,1,0,-37.505,2026-09-24T01:30:05Z,2026-09-24T01:00:00Z,89.91666666666667,1,0,105.91,2026-09-24T01:30:05Z,2026-09-24T01:00:00Z,89.91666666666667,1,0,0.024,2026-09-24T01:00:37Z,,119.38333333333334,1,0,0.0,2026-09-24T01:00:37Z,,119.38333333333334,1,0,3437.2105,254.74650000000003,204.605,372.545,2026-08-31T23:00:00Z,33360.0,1,,,0.0,18.607,3901.1559999999995,,,,,1,1,1,1,1,1,0,0,0,0,0,0,0,0,0,0,0,0,0,0,0,0,0,0,0,0,0,0,0,0,0,0,0,0,0,0,0,0,0,0,0,0,0,0,0,0,0,0,0,0,0,0,0,0,0,0,0,0,0,0,0,0,0,0,0,0,0,0,0,0,0,0,0,0,1,0,0,0,0,0,0,0,0,0,0,0,0,0,0,0,0,0,0,0,0,0,0,0,0,0,0,0,0,0,0,0,1,0,0,0,1,0,1,1,0,0,0,1,1,1,1
2026-09-24T03:30:00Z,2026-09-24T04:00:00Z,30,,,,0,1,,,,0,1,4070.0,2026-09-24T01:50:10Z,99.83333333333333,1,0,561.0,2026-09-24T01:50:10Z,99.83333333333333,1,0,3509.0,2026-09-24T01:50:10Z,99.83333333333333,1,0,18.607,2026-09-24T01:00:35Z,149.41666666666666,1,1,-120.0,2026-09-24T01:00:35Z,149.41666666666666,1,0,2430.513,2026-09-24T01:00:35Z,149.41666666666666,1,0,0.0,2026-09-24T01:00:35Z,149.41666666666666,1,0,1740.88,2026-09-24T01:00:35Z,149.41666666666666,1,0,4070.0,2026-09-24T01:00:35Z,149.41666666666666,1,0,500.0,2026-09-23T06:00:11Z,1289.8166666666666,1,0,530.0,2026-09-23T06:00:11Z,1289.8166666666666,1,0,513.0,2026-09-23T06:00:11Z,1289.8166666666666,1,0,500.0,2026-09-23T06:00:11Z,1289.8166666666666,1,0,500.0,2026-09-23T06:00:11Z,1289.8166666666666,1,0,504.0,2026-09-23T06:00:11Z,1289.8166666666666,1,0,-161.084,2026-09-24T02:05:00Z,85.0,1,1,3926.0385,2026-09-24T02:05:00Z,85.0,1,1,3764.9545,2026-09-24T02:05:00Z,85.0,1,1,2438.426,2026-09-24T00:13:43Z,196.28333333333333,1,0,2438.426,2026-09-24T00:13:40Z,196.33333333333334,1,0,546.897,2026-09-24T00:13:40Z,196.33333333333334,1,0,1891.529,2026-09-24T00:13:40Z,196.33333333333334,1,0,3245.221,2026-09-24T01:00:36Z,,149.4,1,1,-17.557,2026-09-24T01:47:45Z,2026-09-24T01:30:00Z,102.25,1,1,97.77,2026-09-24T01:47:45Z,2026-09-24T01:30:00Z,102.25,1,1,9799.771,2026-09-24T01:47:45Z,2026-09-24T01:30:00Z,102.25,1,0,4254.922,2026-09-24T01:47:45Z,2026-09-24T01:30:00Z,102.25,1,0,353.766,2026-09-24T01:47:45Z,2026-09-24T01:30:00Z,102.25,1,0,-37.505,2026-09-24T01:30:05Z,2026-09-24T01:00:00Z,119.91666666666667,1,1,105.91,2026-09-24T01:30:05Z,2026-09-24T01:00:00Z,119.91666666666667,1,1,0.024,2026-09-24T01:00:37Z,,149.38333333333333,1,1,0.0,2026-09-24T01:00:37Z,,149.38333333333333,1,1,3437.2105,254.74650000000003,204.605,372.545,2026-08-31T23:00:00Z,33390.0,1,,,0.0,18.607,3901.1559999999995,,,,,1,1,1,1,1,1,0,0,0,0,0,0,0,0,0,0,0,0,0,0,0,0,0,0,0,0,0,0,0,0,0,0,0,0,0,0,0,0,0,0,0,0,0,0,0,0,0,0,0,0,0,0,0,0,0,0,0,0,0,0,0,0,0,0,0,0,0,0,0,0,0,0,0,0,1,0,0,0,0,0,0,0,0,0,0,0,0,0,0,0,0,0,0,0,0,0,0,0,0,0,0,0,0,0,0,0,1,0,0,0,1,0,1,1,0,0,0,1,1,1,1
2026-09-24T03:30:00Z,2026-09-24T04:30:00Z,60,,,,0,1,,,,0,1,4157.0,2026-09-24T01:50:10Z,99.83333333333333,1,0,589.0,2026-09-24T01:50:10Z,99.83333333333333,1,0,3568.0,2026-09-24T01:50:10Z,99.83333333333333,1,0,71.14,2026-09-24T01:00:35Z,149.41666666666666,1,1,-240.0,2026-09-24T01:00:35Z,149.41666666666666,1,0,2477.58,2026-09-24T01:00:35Z,149.41666666666666,1,0,0.0,2026-09-24T01:00:35Z,149.41666666666666,1,0,1848.28,2026-09-24T01:00:35Z,149.41666666666666,1,0,4157.0,2026-09-24T01:00:35Z,149.41666666666666,1,0,500.0,2026-09-23T06:00:11Z,1289.8166666666666,1,0,530.0,2026-09-23T06:00:11Z,1289.8166666666666,1,0,513.0,2026-09-23T06:00:11Z,1289.8166666666666,1,0,500.0,2026-09-23T06:00:11Z,1289.8166666666666,1,0,500.0,2026-09-23T06:00:11Z,1289.8166666666666,1,0,504.0,2026-09-23T06:00:11Z,1289.8166666666666,1,0,-223.5895,2026-09-24T02:05:00Z,85.0,1,1,4105.6595,2026-09-24T02:05:00Z,85.0,1,1,3882.07,2026-09-24T02:05:00Z,85.0,1,1,2485.554,2026-09-24T00:13:43Z,196.28333333333333,1,0,2485.554,2026-09-24T00:13:40Z,196.33333333333334,1,0,561.0205,2026-09-24T00:13:40Z,196.33333333333334,1,0,1924.5335,2026-09-24T00:13:40Z,196.33333333333334,1,0,3245.221,2026-09-24T01:00:36Z,,149.4,1,1,-17.557,2026-09-24T01:47:45Z,2026-09-24T01:30:00Z,102.25,1,1,97.77,2026-09-24T01:47:45Z,2026-09-24T01:30:00Z,102.25,1,1,9799.771,2026-09-24T01:47:45Z,2026-09-24T01:30:00Z,102.25,1,0,4254.922,2026-09-24T01:47:45Z,2026-09-24T01:30:00Z,102.25,1,0,353.766,2026-09-24T01:47:45Z,2026-09-24T01:30:00Z,102.25,1,0,-37.505,2026-09-24T01:30:05Z,2026-09-24T01:00:00Z,119.91666666666667,1,1,105.91,2026-09-24T01:30:05Z,2026-09-24T01:00:00Z,119.91666666666667,1,1,0.024,2026-09-24T01:00:37Z,,149.38333333333333,1,1,0.0,2026-09-24T01:00:37Z,,149.38333333333333,1,1,3437.2105,254.74650000000003,204.605,372.545,2026-08-31T23:00:00Z,33390.0,1,,,0.0,71.14,3901.1559999999995,,,,,1,1,1,1,1,1,0,0,0,0,0,0,0,0,0,0,0,0,0,0,0,0,0,0,0,0,0,0,0,0,0,0,0,0,0,0,0,0,0,0,0,0,0,0,0,0,0,0,0,0,0,0,0,0,0,0,0,0,0,0,0,0,0,0,0,0,0,0,0,0,0,0,0,0,1,0,0,0,0,0,0,0,0,0,0,0,0,0,0,0,0,0,0,0,0,0,0,0,0,0,0,0,0,0,0,0,1,0,0,0,1,0,1,1,0,0,0,1,1,1,1
2026-09-24T04:00:00Z,2026-09-24T04:30:00Z,30,,,,0,1,,,,0,1,4157.0,2026-09-24T01:50:10Z,129.83333333333334,1,0,589.0,2026-09-24T01:50:10Z,129.83333333333334,1,0,3568.0,2026-09-24T01:50:10Z,129.83333333333334,1,0,71.14,2026-09-24T01:00:35Z,179.41666666666666,1,1,-240.0,2026-09-24T01:00:35Z,179.41666666666666,1,0,2477.58,2026-09-24T01:00:35Z,179.41666666666666,1,0,0.0,2026-09-24T01:00:35Z,179.41666666666666,1,0,1848.28,2026-09-24T01:00:35Z,179.41666666666666,1,0,4157.0,2026-09-24T01:00:35Z,179.41666666666666,1,0,500.0,2026-09-23T06:00:11Z,1319.8166666666666,1,0,530.0,2026-09-23T06:00:11Z,1319.8166666666666,1,0,513.0,2026-09-23T06:00:11Z,1319.8166666666666,1,0,500.0,2026-09-23T06:00:11Z,1319.8166666666666,1,0,500.0,2026-09-23T06:00:11Z,1319.8166666666666,1,0,504.0,2026-09-23T06:00:11Z,1319.8166666666666,1,0,-223.5895,2026-09-24T02:05:00Z,115.0,1,1,4105.6595,2026-09-24T02:05:00Z,115.0,1,1,3882.07,2026-09-24T02:05:00Z,115.0,1,1,2485.554,2026-09-24T00:13:43Z,226.28333333333333,1,0,2485.554,2026-09-24T00:13:40Z,226.33333333333334,1,0,561.0205,2026-09-24T00:13:40Z,226.33333333333334,1,0,1924.5335,2026-09-24T00:13:40Z,226.33333333333334,1,0,3245.221,2026-09-24T01:00:36Z,,179.4,1,1,-17.557,2026-09-24T01:47:45Z,2026-09-24T01:30:00Z,132.25,1,1,97.77,2026-09-24T01:47:45Z,2026-09-24T01:30:00Z,132.25,1,1,9799.771,2026-09-24T01:47:45Z,2026-09-24T01:30:00Z,132.25,1,1,4254.922,2026-09-24T01:47:45Z,2026-09-24T01:30:00Z,132.25,1,1,353.766,2026-09-24T01:47:45Z,2026-09-24T01:30:00Z,132.25,1,1,-37.505,2026-09-24T01:30:05Z,2026-09-24T01:00:00Z,149.91666666666666,1,1,105.91,2026-09-24T01:30:05Z,2026-09-24T01:00:00Z,149.91666666666666,1,1,0.024,2026-09-24T01:00:37Z,,179.38333333333333,1,1,0.0,2026-09-24T01:00:37Z,,179.38333333333333,1,1,3437.2105,254.74650000000003,204.605,372.545,2026-08-31T23:00:00Z,33420.0,1,,,0.0,71.14,3901.1559999999995,,,,,1,1,1,1,1,1,0,0,0,0,0,0,0,0,0,0,0,0,0,0,0,0,0,0,0,0,0,0,0,0,0,0,0,0,0,0,0,0,0,0,0,0,0,0,0,0,0,0,0,0,0,0,0,0,0,0,0,0,0,0,0,0,0,0,0,0,0,0,0,0,0,0,0,0,1,0,0,0,0,0,0,0,0,0,0,0,0,0,0,0,0,0,0,0,0,0,0,0,0,0,0,0,0,0,0,0,1,0,0,0,1,0,1,1,0,0,0,1,1,1,1
2026-09-24T04:00:00Z,2026-09-24T05:00:00Z,60,,,,0,1,,,,0,1,4309.0,2026-09-24T01:50:10Z,129.83333333333334,1,0,627.0,2026-09-24T01:50:10Z,129.83333333333334,1,0,3682.0,2026-09-24T01:50:10Z,129.83333333333334,1,0,123.947,2026-09-24T01:00:35Z,179.41666666666666,1,1,-240.0,2026-09-24T01:00:35Z,179.41666666666666,1,0,2524.823,2026-09-24T01:00:35Z,179.41666666666666,1,0,0.0,2026-09-24T01:00:35Z,179.41666666666666,1,0,1900.23,2026-09-24T01:00:35Z,179.41666666666666,1,0,4309.0,2026-09-24T01:00:35Z,179.41666666666666,1,0,500.0,2026-09-23T06:00:11Z,1319.8166666666666,1,0,530.0,2026-09-23T06:00:11Z,1319.8166666666666,1,0,513.0,2026-09-23T06:00:11Z,1319.8166666666666,1,0,500.0,2026-09-23T06:00:11Z,1319.8166666666666,1,0,500.0,2026-09-23T06:00:11Z,1319.8166666666666,1,0,504.0,2026-09-23T06:00:11Z,1319.8166666666666,1,0,-245.94299999999998,2026-09-24T02:05:00Z,115.0,1,1,4332.613,2026-09-24T02:05:00Z,115.0,1,1,4086.67,2026-09-24T02:05:00Z,115.0,1,1,2540.6105,2026-09-24T00:13:43Z,226.28333333333333,1,0,2540.6105,2026-09-24T00:13:40Z,226.33333333333334,1,0,576.4780000000001,2026-09-24T00:13:40Z,226.33333333333334,1,0,1964.1325000000002,2026-09-24T00:13:40Z,226.33333333333334,1,0,3245.221,2026-09-24T01:00:36Z,,179.4,1,1,-17.557,2026-09-24T01:47:45Z,2026-09-24T01:30:00Z,132.25,1,1,97.77,2026-09-24T01:47:45Z,2026-09-24T01:30:00Z,132.25,1,1,9799.771,2026-09-24T01:47:45Z,2026-09-24T01:30:00Z,132.25,1,1,4254.922,2026-09-24T01:47:45Z,2026-09-24T01:30:00Z,132.25,1,1,353.766,2026-09-24T01:47:45Z,2026-09-24T01:30:00Z,132.25,1,1,-37.505,2026-09-24T01:30:05Z,2026-09-24T01:00:00Z,149.91666666666666,1,1,105.91,2026-09-24T01:30:05Z,2026-09-24T01:00:00Z,149.91666666666666,1,1,0.024,2026-09-24T01:00:37Z,,179.38333333333333,1,1,0.0,2026-09-24T01:00:37Z,,179.38333333333333,1,1,3437.2105,254.74650000000003,204.605,372.545,2026-08-31T23:00:00Z,33420.0,1,,,23.613000000000284,123.947,3901.1559999999995,,,,,1,1,1,1,1,1,0,0,0,0,0,0,0,0,0,0,0,0,0,0,0,0,0,0,0,0,0,0,0,0,0,0,0,0,0,0,0,0,0,0,0,0,0,0,0,0,0,0,0,0,0,0,0,0,0,0,0,0,0,0,0,0,0,0,0,0,0,0,0,0,0,0,0,0,1,0,0,0,0,0,0,0,0,0,0,0,0,0,0,0,0,0,0,0,0,0,0,0,0,0,0,0,0,0,0,0,1,0,0,0,1,0,1,1,0,0,0,1,1,1,1
2026-09-24T04:30:00Z,2026-09-24T05:00:00Z,30,,,,0,1,,,,0,1,4309.0,2026-09-24T01:50:10Z,159.83333333333334,1,0,627.0,2026-09-24T01:50:10Z,159.83333333333334,1,0,3682.0,2026-09-24T01:50:10Z,159.83333333333334,1,0,123.947,2026-09-24T01:00:35Z,209.41666666666666,1,1,-240.0,2026-09-24T01:00:35Z,209.41666666666666,1,0,2524.823,2026-09-24T01:00:35Z,209.41666666666666,1,0,0.0,2026-09-24T01:00:35Z,209.41666666666666,1,0,1900.23,2026-09-24T01:00:35Z,209.41666666666666,1,0,4309.0,2026-09-24T01:00:35Z,209.41666666666666,1,0,500.0,2026-09-23T06:00:11Z,1349.8166666666666,1,0,530.0,2026-09-23T06:00:11Z,1349.8166666666666,1,0,513.0,2026-09-23T06:00:11Z,1349.8166666666666,1,0,500.0,2026-09-23T06:00:11Z,1349.8166666666666,1,0,500.0,2026-09-23T06:00:11Z,1349.8166666666666,1,0,504.0,2026-09-23T06:00:11Z,1349.8166666666666,1,0,-245.94299999999998,2026-09-24T02:05:00Z,145.0,1,1,4332.613,2026-09-24T02:05:00Z,145.0,1,1,4086.67,2026-09-24T02:05:00Z,145.0,1,1,2540.6105,2026-09-24T00:13:43Z,256.28333333333336,1,0,2540.6105,2026-09-24T00:13:40Z,256.3333333333333,1,0,576.4780000000001,2026-09-24T00:13:40Z,256.3333333333333,1,0,1964.1325000000002,2026-09-24T00:13:40Z,256.3333333333333,1,0,3245.221,2026-09-24T01:00:36Z,,209.4,1,1,-17.557,2026-09-24T01:47:45Z,2026-09-24T01:30:00Z,162.25,1,1,97.77,2026-09-24T01:47:45Z,2026-09-24T01:30:00Z,162.25,1,1,9799.771,2026-09-24T01:47:45Z,2026-09-24T01:30:00Z,162.25,1,1,4254.922,2026-09-24T01:47:45Z,2026-09-24T01:30:00Z,162.25,1,1,353.766,2026-09-24T01:47:45Z,2026-09-24T01:30:00Z,162.25,1,1,-37.505,2026-09-24T01:30:05Z,2026-09-24T01:00:00Z,179.91666666666666,1,1,105.91,2026-09-24T01:30:05Z,2026-09-24T01:00:00Z,179.91666666666666,1,1,0.024,2026-09-24T01:00:37Z,,209.38333333333333,1,1,0.0,2026-09-24T01:00:37Z,,209.38333333333333,1,1,3437.2105,254.74650000000003,204.605,372.545,2026-08-31T23:00:00Z,33450.0,1,,,23.613000000000284,123.947,3901.1559999999995,,,,,1,1,1,1,1,1,0,0,0,0,0,0,0,0,0,0,0,0,0,0,0,0,0,0,0,0,0,0,0,0,0,0,0,0,0,0,0,0,0,0,0,0,0,0,0,0,0,0,0,0,0,0,0,0,0,0,0,0,0,0,0,0,0,0,0,0,0,0,0,0,0,0,0,0,1,0,0,0,0,0,0,0,0,0,0,0,0,0,0,0,0,0,0,0,0,0,0,0,0,0,0,0,0,0,0,0,1,0,0,0,1,0,1,1,0,0,0,1,1,1,1
2026-09-24T04:30:00Z,2026-09-24T05:30:00Z,60,,,,0,1,,,,0,1,4597.0,2026-09-24T01:50:10Z,159.83333333333334,1,0,706.0,2026-09-24T01:50:10Z,159.83333333333334,1,0,3891.0,2026-09-24T01:50:10Z,159.83333333333334,1,0,259.212,2026-09-24T01:00:35Z,209.41666666666666,1,1,-194.0,2026-09-24T01:00:35Z,209.41666666666666,1,0,2603.558,2026-09-24T01:00:35Z,209.41666666666666,1,0,0.0,2026-09-24T01:00:35Z,209.41666666666666,1,0,1928.23,2026-09-24T01:00:35Z,209.41666666666666,1,0,4597.0,2026-09-24T01:00:35Z,209.41666666666666,1,0,500.0,2026-09-23T06:00:11Z,1349.8166666666666,1,0,530.0,2026-09-23T06:00:11Z,1349.8166666666666,1,0,513.0,2026-09-23T06:00:11Z,1349.8166666666666,1,0,500.0,2026-09-23T06:00:11Z,1349.8166666666666,1,0,500.0,2026-09-23T06:00:11Z,1349.8166666666666,1,0,504.0,2026-09-23T06:00:11Z,1349.8166666666666,1,0,-199.385,2026-09-24T02:05:00Z,145.0,1,1,4518.375,2026-09-24T02:05:00Z,145.0,1,1,4318.99,2026-09-24T02:05:00Z,145.0,1,1,2619.4175,2026-09-24T00:13:43Z,256.28333333333336,1,0,2619.4175,2026-09-24T00:13:40Z,256.3333333333333,1,0,595.9290000000001,2026-09-24T00:13:40Z,256.3333333333333,1,0,2023.4885,2026-09-24T00:13:40Z,256.3333333333333,1,0,3245.221,2026-09-24T01:00:36Z,,209.4,1,1,-17.557,2026-09-24T01:47:45Z,2026-09-24T01:30:00Z,162.25,1,1,97.77,2026-09-24T01:47:45Z,2026-09-24T01:30:00Z,162.25,1,1,9799.771,2026-09-24T01:47:45Z,2026-09-24T01:30:00Z,162.25,1,1,4254.922,2026-09-24T01:47:45Z,2026-09-24T01:30:00Z,162.25,1,1,353.766,2026-09-24T01:47:45Z,2026-09-24T01:30:00Z,162.25,1,1,-37.505,2026-09-24T01:30:05Z,2026-09-24T01:00:00Z,179.91666666666666,1,1,105.91,2026-09-24T01:30:05Z,2026-09-24T01:00:00Z,179.91666666666666,1,1,0.024,2026-09-24T01:00:37Z,,209.38333333333333,1,1,0.0,2026-09-24T01:00:37Z,,209.38333333333333,1,1,3437.2105,254.74650000000003,204.605,372.545,2026-08-31T23:00:00Z,33450.0,1,,,0.0,259.212,3901.1559999999995,,,,,1,1,1,1,1,1,0,0,0,0,0,0,0,0,0,0,0,0,0,0,0,0,0,0,0,0,0,0,0,0,0,0,0,0,0,0,0,0,0,0,0,0,0,0,0,0,0,0,0,0,0,0,0,0,0,0,0,0,0,0,0,0,0,0,0,0,0,0,0,0,0,0,0,0,1,0,0,0,0,0,0,0,0,0,0,0,0,0,0,0,0,0,0,0,0,0,0,0,0,0,0,0,0,0,0,0,1,0,0,0,1,0,1,1,0,0,0,1,1,1,1
2026-09-24T05:00:00Z,2026-09-24T05:30:00Z,30,,,,0,1,,,,0,1,4597.0,2026-09-24T01:50:10Z,189.83333333333334,1,0,706.0,2026-09-24T01:50:10Z,189.83333333333334,1,0,3891.0,2026-09-24T01:50:10Z,189.83333333333334,1,0,259.212,2026-09-24T01:00:35Z,239.41666666666666,1,1,-194.0,2026-09-24T01:00:35Z,239.41666666666666,1,0,2603.558,2026-09-24T01:00:35Z,239.41666666666666,1,0,0.0,2026-09-24T01:00:35Z,239.41666666666666,1,0,1928.23,2026-09-24T01:00:35Z,239.41666666666666,1,0,4597.0,2026-09-24T01:00:35Z,239.41666666666666,1,0,500.0,2026-09-23T06:00:11Z,1379.8166666666666,1,0,530.0,2026-09-23T06:00:11Z,1379.8166666666666,1,0,513.0,2026-09-23T06:00:11Z,1379.8166666666666,1,0,500.0,2026-09-23T06:00:11Z,1379.8166666666666,1,0,500.0,2026-09-23T06:00:11Z,1379.8166666666666,1,0,504.0,2026-09-23T06:00:11Z,1379.8166666666666,1,0,-199.385,2026-09-24T02:05:00Z,175.0,1,1,4518.375,2026-09-24T02:05:00Z,175.0,1,1,4318.99,2026-09-24T02:05:00Z,175.0,1,1,2619.4175,2026-09-24T00:13:43Z,286.28333333333336,1,0,2619.4175,2026-09-24T00:13:40Z,286.3333333333333,1,0,595.9290000000001,2026-09-24T00:13:40Z,286.3333333333333,1,0,2023.4885,2026-09-24T00:13:40Z,286.3333333333333,1,0,3245.221,2026-09-24T01:00:36Z,,239.4,1,1,-17.557,2026-09-24T01:47:45Z,2026-09-24T01:30:00Z,192.25,1,1,97.77,2026-09-24T01:47:45Z,2026-09-24T01:30:00Z,192.25,1,1,9799.771,2026-09-24T01:47:45Z,2026-09-24T01:30:00Z,192.25,1,1,4254.922,2026-09-24T01:47:45Z,2026-09-24T01:30:00Z,192.25,1,1,353.766,2026-09-24T01:47:45Z,2026-09-24T01:30:00Z,192.25,1,1,-37.505,2026-09-24T01:30:05Z,2026-09-24T01:00:00Z,209.91666666666666,1,1,105.91,2026-09-24T01:30:05Z,2026-09-24T01:00:00Z,209.91666666666666,1,1,0.024,2026-09-24T01:00:37Z,,239.38333333333333,1,1,0.0,2026-09-24T01:00:37Z,,239.38333333333333,1,1,3437.2105,254.74650000000003,204.605,372.545,2026-08-31T23:00:00Z,33480.0,1,,,0.0,259.212,3901.1559999999995,,,,,1,1,1,1,1,1,0,0,0,0,0,0,0,0,0,0,0,0,0,0,0,0,0,0,0,0,0,0,0,0,0,0,0,0,0,0,0,0,0,0,0,0,0,0,0,0,0,0,0,0,0,0,0,0,0,0,0,0,0,0,0,0,0,0,0,0,0,0,0,0,0,0,0,0,1,0,0,0,0,0,0,0,0,0,0,0,0,0,0,0,0,0,0,0,0,0,0,0,0,0,0,0,0,0,0,0,1,0,0,0,1,0,1,1,0,0,0,1,1,1,1
2026-09-24T05:00:00Z,2026-09-24T06:00:00Z,60,,,,0,1,,,,0,1,4928.0,2026-09-24T01:50:10Z,189.83333333333334,1,0,783.0,2026-09-24T01:50:10Z,189.83333333333334,1,0,4145.0,2026-09-24T01:50:10Z,189.83333333333334,1,0,319.509,2026-09-24T01:00:35Z,239.41666666666666,1,1,0.0,2026-09-24T01:00:35Z,239.41666666666666,1,0,2679.511,2026-09-24T01:00:35Z,239.41666666666666,1,0,0.0,2026-09-24T01:00:35Z,239.41666666666666,1,0,1928.98,2026-09-24T01:00:35Z,239.41666666666666,1,0,4928.0,2026-09-24T01:00:35Z,239.41666666666666,1,0,500.0,2026-09-23T06:00:11Z,1379.8166666666666,1,0,530.0,2026-09-23T06:00:11Z,1379.8166666666666,1,0,513.0,2026-09-23T06:00:11Z,1379.8166666666666,1,0,500.0,2026-09-23T06:00:11Z,1379.8166666666666,1,0,500.0,2026-09-23T06:00:11Z,1379.8166666666666,1,0,504.0,2026-09-23T06:00:11Z,1379.8166666666666,1,0,,,,0,1,,,,0,1,,,,0,1,2700.952,2026-09-24T00:13:43Z,286.28333333333336,1,0,2700.952,2026-09-24T00:13:40Z,286.3333333333333,1,0,615.5184999999999,2026-09-24T00:13:40Z,286.3333333333333,1,0,2085.4335,2026-09-24T00:13:40Z,286.3333333333333,1,0,3245.221,2026-09-24T01:00:36Z,,239.4,1,1,-17.557,2026-09-24T01:47:45Z,2026-09-24T01:30:00Z,192.25,1,1,97.77,2026-09-24T01:47:45Z,2026-09-24T01:30:00Z,192.25,1,1,9799.771,2026-09-24T01:47:45Z,2026-09-24T01:30:00Z,192.25,1,1,4254.922,2026-09-24T01:47:45Z,2026-09-24T01:30:00Z,192.25,1,1,353.766,2026-09-24T01:47:45Z,2026-09-24T01:30:00Z,192.25,1,1,-37.505,2026-09-24T01:30:05Z,2026-09-24T01:00:00Z,209.91666666666666,1,1,105.91,2026-09-24T01:30:05Z,2026-09-24T01:00:00Z,209.91666666666666,1,1,0.024,2026-09-24T01:00:37Z,,239.38333333333333,1,1,0.0,2026-09-24T01:00:37Z,,239.38333333333333,1,1,3437.2105,254.74650000000003,204.605,372.545,2026-08-31T23:00:00Z,33480.0,1,,,,319.509,3901.1559999999995,,,,,1,1,1,1,1,1,0,0,0,0,0,0,0,0,0,0,0,0,0,0,0,0,0,0,0,0,0,0,0,0,0,0,0,0,0,0,0,0,0,0,0,0,0,0,0,0,0,0,0,0,0,1,1,1,1,1,1,1,1,1,0,0,0,0,0,0,0,0,0,0,0,0,0,0,1,0,0,0,0,0,0,0,0,0,0,0,0,0,0,0,0,0,0,0,0,0,0,0,0,0,0,0,0,0,0,0,1,0,0,0,1,0,1,1,1,0,0,1,1,1,1
2026-09-24T05:30:00Z,2026-09-24T06:00:00Z,30,,,,0,1,,,,0,1,4928.0,2026-09-24T01:50:10Z,219.83333333333334,1,0,783.0,2026-09-24T01:50:10Z,219.83333333333334,1,0,4145.0,2026-09-24T01:50:10Z,219.83333333333334,1,0,319.509,2026-09-24T01:00:35Z,269.4166666666667,1,1,0.0,2026-09-24T01:00:35Z,269.4166666666667,1,0,2679.511,2026-09-24T01:00:35Z,269.4166666666667,1,0,0.0,2026-09-24T01:00:35Z,269.4166666666667,1,0,1928.98,2026-09-24T01:00:35Z,269.4166666666667,1,0,4928.0,2026-09-24T01:00:35Z,269.4166666666667,1,0,500.0,2026-09-23T06:00:11Z,1409.8166666666666,1,0,530.0,2026-09-23T06:00:11Z,1409.8166666666666,1,0,513.0,2026-09-23T06:00:11Z,1409.8166666666666,1,0,500.0,2026-09-23T06:00:11Z,1409.8166666666666,1,0,500.0,2026-09-23T06:00:11Z,1409.8166666666666,1,0,504.0,2026-09-23T06:00:11Z,1409.8166666666666,1,0,,,,0,1,,,,0,1,,,,0,1,2700.952,2026-09-24T00:13:43Z,316.28333333333336,1,0,2700.952,2026-09-24T00:13:40Z,316.3333333333333,1,0,615.5184999999999,2026-09-24T00:13:40Z,316.3333333333333,1,0,2085.4335,2026-09-24T00:13:40Z,316.3333333333333,1,0,3245.221,2026-09-24T01:00:36Z,,269.4,1,1,-17.557,2026-09-24T01:47:45Z,2026-09-24T01:30:00Z,222.25,1,1,97.77,2026-09-24T01:47:45Z,2026-09-24T01:30:00Z,222.25,1,1,9799.771,2026-09-24T01:47:45Z,2026-09-24T01:30:00Z,222.25,1,1,4254.922,2026-09-24T01:47:45Z,2026-09-24T01:30:00Z,222.25,1,1,353.766,2026-09-24T01:47:45Z,2026-09-24T01:30:00Z,222.25,1,1,-37.505,2026-09-24T01:30:05Z,2026-09-24T01:00:00Z,239.91666666666666,1,1,105.91,2026-09-24T01:30:05Z,2026-09-24T01:00:00Z,239.91666666666666,1,1,0.024,2026-09-24T01:00:37Z,,269.3833333333333,1,1,0.0,2026-09-24T01:00:37Z,,269.3833333333333,1,1,3437.2105,254.74650000000003,204.605,372.545,2026-08-31T23:00:00Z,33510.0,1,,,,319.509,3901.1559999999995,,,,,1,1,1,1,1,1,0,0,0,0,0,0,0,0,0,0,0,0,0,0,0,0,0,0,0,0,0,0,0,0,0,0,0,0,0,0,0,0,0,0,0,0,0,0,0,0,0,0,0,0,0,1,1,1,1,1,1,1,1,1,0,0,0,0,0,0,0,0,0,0,0,0,0,0,1,0,0,0,0,0,0,0,0,0,0,0,0,0,0,0,0,0,0,0,0,0,0,0,0,0,0,0,0,0,0,0,1,0,0,0,1,0,1,1,1,0,0,1,1,1,1
2026-09-24T05:30:00Z,2026-09-24T06:30:00Z,60,,,,0,1,,,,0,1,5320.0,2026-09-24T01:50:10Z,219.83333333333334,1,0,884.0,2026-09-24T01:50:10Z,219.83333333333334,1,0,4436.0,2026-09-24T01:50:10Z,219.83333333333334,1,0,337.943,2026-09-24T01:00:35Z,269.4166666666667,1,1,274.0,2026-09-24T01:00:35Z,269.4166666666667,1,0,2772.277,2026-09-24T01:00:35Z,269.4166666666667,1,0,0.0,2026-09-24T01:00:35Z,269.4166666666667,1,0,1935.78,2026-09-24T01:00:35Z,269.4166666666667,1,0,5320.0,2026-09-24T01:00:35Z,269.4166666666667,1,0,500.0,2026-09-23T06:00:11Z,1409.8166666666666,1,0,530.0,2026-09-23T06:00:11Z,1409.8166666666666,1,0,513.0,2026-09-23T06:00:11Z,1409.8166666666666,1,0,500.0,2026-09-23T06:00:11Z,1409.8166666666666,1,0,500.0,2026-09-23T06:00:11Z,1409.8166666666666,1,0,504.0,2026-09-23T06:00:11Z,1409.8166666666666,1,0,,,,0,1,,,,0,1,,,,0,1,2790.6665000000003,2026-09-24T00:13:43Z,316.28333333333336,1,0,2790.6665000000003,2026-09-24T00:13:40Z,316.3333333333333,1,0,635.535,2026-09-24T00:13:40Z,316.3333333333333,1,0,2155.1315,2026-09-24T00:13:40Z,316.3333333333333,1,0,3245.221,2026-09-24T01:00:36Z,,269.4,1,1,-17.557,2026-09-24T01:47:45Z,2026-09-24T01:30:00Z,222.25,1,1,97.77,2026-09-24T01:47:45Z,2026-09-24T01:30:00Z,222.25,1,1,9799.771,2026-09-24T01:47:45Z,2026-09-24T01:30:00Z,222.25,1,1,4254.922,2026-09-24T01:47:45Z,2026-09-24T01:30:00Z,222.25,1,1,353.766,2026-09-24T01:47:45Z,2026-09-24T01:30:00Z,222.25,1,1,-37.505,2026-09-24T01:30:05Z,2026-09-24T01:00:00Z,239.91666666666666,1,1,105.91,2026-09-24T01:30:05Z,2026-09-24T01:00:00Z,239.91666666666666,1,1,0.024,2026-09-24T01:00:37Z,,269.3833333333333,1,1,0.0,2026-09-24T01:00:37Z,,269.3833333333333,1,1,3437.2105,254.74650000000003,204.605,372.545,2026-08-31T23:00:00Z,33510.0,1,,,,337.943,3901.1559999999995,,,,,1,1,1,1,1,1,0,0,0,0,0,0,0,0,0,0,0,0,0,0,0,0,0,0,0,0,0,0,0,0,0,0,0,0,0,0,0,0,0,0,0,0,0,0,0,0,0,0,0,0,0,1,1,1,1,1,1,1,1,1,0,0,0,0,0,0,0,0,0,0,0,0,0,0,1,0,0,0,0,0,0,0,0,0,0,0,0,0,0,0,0,0,0,0,0,0,0,0,0,0,0,0,0,0,0,0,1,0,0,0,1,0,1,1,1,0,0,1,1,1,1
2026-09-24T06:00:00Z,2026-09-24T06:30:00Z,30,,,,0,1,,,,0,1,5320.0,2026-09-24T01:50:10Z,249.83333333333334,1,0,884.0,2026-09-24T01:50:10Z,249.83333333333334,1,0,4436.0,2026-09-24T01:50:10Z,249.83333333333334,1,0,337.943,2026-09-24T01:00:35Z,299.4166666666667,1,1,274.0,2026-09-24T01:00:35Z,299.4166666666667,1,0,2772.277,2026-09-24T01:00:35Z,299.4166666666667,1,0,0.0,2026-09-24T01:00:35Z,299.4166666666667,1,0,1935.78,2026-09-24T01:00:35Z,299.4166666666667,1,0,5320.0,2026-09-24T01:00:35Z,299.4166666666667,1,0,500.0,2026-09-23T06:00:11Z,1439.8166666666666,1,0,530.0,2026-09-23T06:00:11Z,1439.8166666666666,1,0,513.0,2026-09-23T06:00:11Z,1439.8166666666666,1,0,500.0,2026-09-23T06:00:11Z,1439.8166666666666,1,0,500.0,2026-09-23T06:00:11Z,1439.8166666666666,1,0,504.0,2026-09-23T06:00:11Z,1439.8166666666666,1,0,,,,0,1,,,,0,1,,,,0,1,2790.6665000000003,2026-09-24T00:13:43Z,346.28333333333336,1,0,2790.6665000000003,2026-09-24T00:13:40Z,346.3333333333333,1,0,635.535,2026-09-24T00:13:40Z,346.3333333333333,1,0,2155.1315,2026-09-24T00:13:40Z,346.3333333333333,1,0,3245.221,2026-09-24T01:00:36Z,,299.4,1,1,-17.557,2026-09-24T01:47:45Z,2026-09-24T01:30:00Z,252.25,1,1,97.77,2026-09-24T01:47:45Z,2026-09-24T01:30:00Z,252.25,1,1,9799.771,2026-09-24T01:47:45Z,2026-09-24T01:30:00Z,252.25,1,1,4254.922,2026-09-24T01:47:45Z,2026-09-24T01:30:00Z,252.25,1,1,353.766,2026-09-24T01:47:45Z,2026-09-24T01:30:00Z,252.25,1,1,-37.505,2026-09-24T01:30:05Z,2026-09-24T01:00:00Z,269.9166666666667,1,1,105.91,2026-09-24T01:30:05Z,2026-09-24T01:00:00Z,269.9166666666667,1,1,0.024,2026-09-24T01:00:37Z,,299.3833333333333,1,1,0.0,2026-09-24T01:00:37Z,,299.3833333333333,1,1,3437.2105,254.74650000000003,204.605,372.545,2026-08-31T23:00:00Z,33540.0,1,,,,337.943,3901.1559999999995,,,,,1,1,1,1,1,1,0,0,0,0,0,0,0,0,0,0,0,0,0,0,0,0,0,0,0,0,0,0,0,0,0,0,0,0,0,0,0,0,0,0,0,0,0,0,0,0,0,0,0,0,0,1,1,1,1,1,1,1,1,1,0,0,0,0,0,0,0,0,0,0,0,0,0,0,1,0,0,0,0,0,0,0,0,0,0,0,0,0,0,0,0,0,0,0,0,0,0,0,0,0,0,0,0,0,0,0,1,0,0,0,1,0,1,1,1,0,0,1,1,1,1
2026-09-24T06:00:00Z,2026-09-24T07:00:00Z,60,,,,0,1,,,,0,1,5479.0,2026-09-24T01:50:10Z,249.83333333333334,1,0,932.0,2026-09-24T01:50:10Z,249.83333333333334,1,0,4547.0,2026-09-24T01:50:10Z,249.83333333333334,1,0,276.245,2026-09-24T01:00:35Z,299.4166666666667,1,1,389.0,2026-09-24T01:00:35Z,299.4166666666667,1,0,2862.405,2026-09-24T01:00:35Z,299.4166666666667,1,0,0.0,2026-09-24T01:00:35Z,299.4166666666667,1,0,1951.35,2026-09-24T01:00:35Z,299.4166666666667,1,0,5479.0,2026-09-24T01:00:35Z,299.4166666666667,1,0,500.0,2026-09-23T06:00:11Z,1439.8166666666666,1,0,530.0,2026-09-23T06:00:11Z,1439.8166666666666,1,0,513.0,2026-09-23T06:00:11Z,1439.8166666666666,1,0,500.0,2026-09-23T06:00:11Z,1439.8166666666666,1,0,500.0,2026-09-23T06:00:11Z,1439.8166666666666,1,0,504.0,2026-09-23T06:00:11Z,1439.8166666666666,1,0,,,,0,1,,,,0,1,,,,0,1,2889.857,2026-09-24T00:13:43Z,346.28333333333336,1,0,2889.857,2026-09-24T00:13:40Z,346.3333333333333,1,0,656.476,2026-09-24T00:13:40Z,346.3333333333333,1,0,2233.3810000000003,2026-09-24T00:13:40Z,346.3333333333333,1,0,3245.221,2026-09-24T01:00:36Z,,299.4,1,1,-17.557,2026-09-24T01:47:45Z,2026-09-24T01:30:00Z,252.25,1,1,97.77,2026-09-24T01:47:45Z,2026-09-24T01:30:00Z,252.25,1,1,9799.771,2026-09-24T01:47:45Z,2026-09-24T01:30:00Z,252.25,1,1,4254.922,2026-09-24T01:47:45Z,2026-09-24T01:30:00Z,252.25,1,1,353.766,2026-09-24T01:47:45Z,2026-09-24T01:30:00Z,252.25,1,1,-37.505,2026-09-24T01:30:05Z,2026-09-24T01:00:00Z,269.9166666666667,1,1,105.91,2026-09-24T01:30:05Z,2026-09-24T01:00:00Z,269.9166666666667,1,1,0.024,2026-09-24T01:00:37Z,,299.3833333333333,1,1,0.0,2026-09-24T01:00:37Z,,299.3833333333333,1,1,3437.2105,254.74650000000003,204.605,372.545,2026-08-31T23:00:00Z,33540.0,1,,,,276.245,3901.1559999999995,,,,,1,1,1,1,1,1,0,0,0,0,0,0,0,0,0,0,0,0,0,0,0,0,0,0,0,0,0,0,0,0,0,0,0,0,0,0,0,0,0,0,0,0,0,0,0,0,0,0,0,0,0,1,1,1,1,1,1,1,1,1,0,0,0,0,0,0,0,0,0,0,0,0,0,0,1,0,0,0,0,0,0,0,0,0,0,0,0,0,0,0,0,0,0,0,0,0,0,0,0,0,0,0,0,0,0,0,1,0,0,0,1,0,1,1,1,0,0,1,1,1,1
2026-09-24T06:30:00Z,2026-09-24T07:00:00Z,30,,,,0,1,,,,0,1,5479.0,2026-09-24T01:50:10Z,279.8333333333333,1,0,932.0,2026-09-24T01:50:10Z,279.8333333333333,1,0,4547.0,2026-09-24T01:50:10Z,279.8333333333333,1,0,276.245,2026-09-24T01:00:35Z,329.4166666666667,1,1,389.0,2026-09-24T01:00:35Z,329.4166666666667,1,0,2862.405,2026-09-24T01:00:35Z,329.4166666666667,1,0,0.0,2026-09-24T01:00:35Z,329.4166666666667,1,0,1951.35,2026-09-24T01:00:35Z,329.4166666666667,1,0,5479.0,2026-09-24T01:00:35Z,329.4166666666667,1,0,500.0,2026-09-23T06:00:11Z,1469.8166666666666,1,1,530.0,2026-09-23T06:00:11Z,1469.8166666666666,1,1,513.0,2026-09-23T06:00:11Z,1469.8166666666666,1,1,500.0,2026-09-23T06:00:11Z,1469.8166666666666,1,1,500.0,2026-09-23T06:00:11Z,1469.8166666666666,1,1,504.0,2026-09-23T06:00:11Z,1469.8166666666666,1,1,,,,0,1,,,,0,1,,,,0,1,2889.857,2026-09-24T00:13:43Z,376.28333333333336,1,0,2889.857,2026-09-24T00:13:40Z,376.3333333333333,1,0,656.476,2026-09-24T00:13:40Z,376.3333333333333,1,0,2233.3810000000003,2026-09-24T00:13:40Z,376.3333333333333,1,0,3245.221,2026-09-24T01:00:36Z,,329.4,1,1,-17.557,2026-09-24T01:47:45Z,2026-09-24T01:30:00Z,282.25,1,1,97.77,2026-09-24T01:47:45Z,2026-09-24T01:30:00Z,282.25,1,1,9799.771,2026-09-24T01:47:45Z,2026-09-24T01:30:00Z,282.25,1,1,4254.922,2026-09-24T01:47:45Z,2026-09-24T01:30:00Z,282.25,1,1,353.766,2026-09-24T01:47:45Z,2026-09-24T01:30:00Z,282.25,1,1,-37.505,2026-09-24T01:30:05Z,2026-09-24T01:00:00Z,299.9166666666667,1,1,105.91,2026-09-24T01:30:05Z,2026-09-24T01:00:00Z,299.9166666666667,1,1,0.024,2026-09-24T01:00:37Z,,329.3833333333333,1,1,0.0,2026-09-24T01:00:37Z,,329.3833333333333,1,1,3437.2105,254.74650000000003,204.605,372.545,2026-08-31T23:00:00Z,33570.0,1,,,,276.245,3901.1559999999995,,,,,1,1,1,1,1,1,0,0,0,0,0,0,0,0,0,0,0,0,0,0,0,0,0,0,0,0,0,0,0,0,0,0,0,0,0,0,0,0,0,0,0,0,0,0,0,0,0,0,0,0,0,1,1,1,1,1,1,1,1,1,0,0,0,0,0,0,0,0,0,0,0,0,0,0,1,0,0,0,0,0,0,0,0,0,0,0,0,0,0,0,0,0,0,0,0,0,0,0,0,0,0,0,0,0,0,0,1,0,0,0,1,0,1,1,1,0,0,1,1,1,1
2026-09-24T06:30:00Z,2026-09-24T07:30:00Z,60,,,,0,1,,,,0,1,5517.0,2026-09-24T01:50:10Z,279.8333333333333,1,0,947.0,2026-09-24T01:50:10Z,279.8333333333333,1,0,4570.0,2026-09-24T01:50:10Z,279.8333333333333,1,0,167.264,2026-09-24T01:00:35Z,329.4166666666667,1,1,362.0,2026-09-24T01:00:35Z,329.4166666666667,1,0,2990.447,2026-09-24T01:00:35Z,329.4166666666667,1,0,0.0,2026-09-24T01:00:35Z,329.4166666666667,1,0,1997.29,2026-09-24T01:00:35Z,329.4166666666667,1,0,5517.0,2026-09-24T01:00:35Z,329.4166666666667,1,0,500.0,2026-09-23T06:00:11Z,1469.8166666666666,1,1,530.0,2026-09-23T06:00:11Z,1469.8166666666666,1,1,513.0,2026-09-23T06:00:11Z,1469.8166666666666,1,1,500.0,2026-09-23T06:00:11Z,1469.8166666666666,1,1,500.0,2026-09-23T06:00:11Z,1469.8166666666666,1,1,504.0,2026-09-23T06:00:11Z,1469.8166666666666,1,1,,,,0,1,,,,0,1,,,,0,1,3017.491,2026-09-24T00:13:43Z,376.28333333333336,1,0,3017.491,2026-09-24T00:13:40Z,376.3333333333333,1,0,680.191,2026-09-24T00:13:40Z,376.3333333333333,1,0,2337.3,2026-09-24T00:13:40Z,376.3333333333333,1,0,3245.221,2026-09-24T01:00:36Z,,329.4,1,1,-17.557,2026-09-24T01:47:45Z,2026-09-24T01:30:00Z,282.25,1,1,97.77,2026-09-24T01:47:45Z,2026-09-24T01:30:00Z,282.25,1,1,9799.771,2026-09-24T01:47:45Z,2026-09-24T01:30:00Z,282.25,1,1,4254.922,2026-09-24T01:47:45Z,2026-09-24T01:30:00Z,282.25,1,1,353.766,2026-09-24T01:47:45Z,2026-09-24T01:30:00Z,282.25,1,1,-37.505,2026-09-24T01:30:05Z,2026-09-24T01:00:00Z,299.9166666666667,1,1,105.91,2026-09-24T01:30:05Z,2026-09-24T01:00:00Z,299.9166666666667,1,1,0.024,2026-09-24T01:00:37Z,,329.3833333333333,1,1,0.0,2026-09-24T01:00:37Z,,329.3833333333333,1,1,3437.2105,254.74650000000003,204.605,372.545,2026-08-31T23:00:00Z,33570.0,1,,,,167.264,3901.1559999999995,,,,,1,1,1,1,1,1,0,0,0,0,0,0,0,0,0,0,0,0,0,0,0,0,0,0,0,0,0,0,0,0,0,0,0,0,0,0,0,0,0,0,0,0,0,0,0,0,0,0,0,0,0,1,1,1,1,1,1,1,1,1,0,0,0,0,0,0,0,0,0,0,0,0,0,0,1,0,0,0,0,0,0,0,0,0,0,0,0,0,0,0,0,0,0,0,0,0,0,0,0,0,0,0,0,0,0,0,1,0,0,0,1,0,1,1,1,0,0,1,1,1,1
2026-09-24T07:00:00Z,2026-09-24T07:30:00Z,30,,,,0,1,,,,0,1,5517.0,2026-09-24T01:50:10Z,309.8333333333333,1,0,947.0,2026-09-24T01:50:10Z,309.8333333333333,1,0,4570.0,2026-09-24T01:50:10Z,309.8333333333333,1,0,167.264,2026-09-24T01:00:35Z,359.4166666666667,1,1,362.0,2026-09-24T01:00:35Z,359.4166666666667,1,0,2990.447,2026-09-24T01:00:35Z,359.4166666666667,1,0,0.0,2026-09-24T01:00:35Z,359.4166666666667,1,0,1997.29,2026-09-24T01:00:35Z,359.4166666666667,1,0,5517.0,2026-09-24T01:00:35Z,359.4166666666667,1,0,500.0,2026-09-23T06:00:11Z,1499.8166666666666,1,1,530.0,2026-09-23T06:00:11Z,1499.8166666666666,1,1,513.0,2026-09-23T06:00:11Z,1499.8166666666666,1,1,500.0,2026-09-23T06:00:11Z,1499.8166666666666,1,1,500.0,2026-09-23T06:00:11Z,1499.8166666666666,1,1,504.0,2026-09-23T06:00:11Z,1499.8166666666666,1,1,,,,0,1,,,,0,1,,,,0,1,3017.491,2026-09-24T00:13:43Z,406.28333333333336,1,0,3017.491,2026-09-24T00:13:40Z,406.3333333333333,1,0,680.191,2026-09-24T00:13:40Z,406.3333333333333,1,0,2337.3,2026-09-24T00:13:40Z,406.3333333333333,1,0,3245.221,2026-09-24T01:00:36Z,,359.4,1,1,-17.557,2026-09-24T01:47:45Z,2026-09-24T01:30:00Z,312.25,1,1,97.77,2026-09-24T01:47:45Z,2026-09-24T01:30:00Z,312.25,1,1,9799.771,2026-09-24T01:47:45Z,2026-09-24T01:30:00Z,312.25,1,1,4254.922,2026-09-24T01:47:45Z,2026-09-24T01:30:00Z,312.25,1,1,353.766,2026-09-24T01:47:45Z,2026-09-24T01:30:00Z,312.25,1,1,-37.505,2026-09-24T01:30:05Z,2026-09-24T01:00:00Z,329.9166666666667,1,1,105.91,2026-09-24T01:30:05Z,2026-09-24T01:00:00Z,329.9166666666667,1,1,0.024,2026-09-24T01:00:37Z,,359.3833333333333,1,1,0.0,2026-09-24T01:00:37Z,,359.3833333333333,1,1,3437.2105,254.74650000000003,204.605,372.545,2026-08-31T23:00:00Z,33600.0,1,,,,167.264,3901.1559999999995,,,,,1,1,1,1,1,1,0,0,0,0,0,0,0,0,0,0,0,0,0,0,0,0,0,0,0,0,0,0,0,0,0,0,0,0,0,0,0,0,0,0,0,0,0,0,0,0,0,0,0,0,0,1,1,1,1,1,1,1,1,1,0,0,0,0,0,0,0,0,0,0,0,0,0,0,1,0,0,0,0,0,0,0,0,0,0,0,0,0,0,0,0,0,0,0,0,0,0,0,0,0,0,0,0,0,0,0,1,0,0,0,1,0,1,1,1,0,0,1,1,1,1
2026-09-24T07:00:00Z,2026-09-24T08:00:00Z,60,,,,0,1,,,,0,1,5485.0,2026-09-24T01:50:10Z,309.8333333333333,1,0,955.0,2026-09-24T01:50:10Z,309.8333333333333,1,0,4530.0,2026-09-24T01:50:10Z,309.8333333333333,1,0,-204.388,2026-09-24T01:00:35Z,359.4166666666667,1,1,572.0,2026-09-24T01:00:35Z,359.4166666666667,1,0,3118.698,2026-09-24T01:00:35Z,359.4166666666667,1,0,0.0,2026-09-24T01:00:35Z,359.4166666666667,1,0,1998.69,2026-09-24T01:00:35Z,359.4166666666667,1,0,5485.0,2026-09-24T01:00:35Z,359.4166666666667,1,0,500.0,2026-09-23T06:00:11Z,1499.8166666666666,1,1,530.0,2026-09-23T06:00:11Z,1499.8166666666666,1,1,513.0,2026-09-23T06:00:11Z,1499.8166666666666,1,1,500.0,2026-09-23T06:00:11Z,1499.8166666666666,1,1,500.0,2026-09-23T06:00:11Z,1499.8166666666666,1,1,504.0,2026-09-23T06:00:11Z,1499.8166666666666,1,1,,,,0,1,,,,0,1,,,,0,1,3175.735,2026-09-24T00:13:43Z,406.28333333333336,1,0,3175.735,2026-09-24T00:13:40Z,406.3333333333333,1,0,704.1500000000001,2026-09-24T00:13:40Z,406.3333333333333,1,0,2471.585,2026-09-24T00:13:40Z,406.3333333333333,1,0,3245.221,2026-09-24T01:00:36Z,,359.4,1,1,-17.557,2026-09-24T01:47:45Z,2026-09-24T01:30:00Z,312.25,1,1,97.77,2026-09-24T01:47:45Z,2026-09-24T01:30:00Z,312.25,1,1,9799.771,2026-09-24T01:47:45Z,2026-09-24T01:30:00Z,312.25,1,1,4254.922,2026-09-24T01:47:45Z,2026-09-24T01:30:00Z,312.25,1,1,353.766,2026-09-24T01:47:45Z,2026-09-24T01:30:00Z,312.25,1,1,-37.505,2026-09-24T01:30:05Z,2026-09-24T01:00:00Z,329.9166666666667,1,1,105.91,2026-09-24T01:30:05Z,2026-09-24T01:00:00Z,329.9166666666667,1,1,0.024,2026-09-24T01:00:37Z,,359.3833333333333,1,1,0.0,2026-09-24T01:00:37Z,,359.3833333333333,1,1,3437.2105,254.74650000000003,204.605,372.545,2026-08-31T23:00:00Z,33600.0,1,,,,-204.388,3901.1559999999995,,,,,1,1,1,1,1,1,0,0,0,0,0,0,0,0,0,0,0,0,0,0,0,0,0,0,0,0,0,0,0,0,0,0,0,0,0,0,0,0,0,0,0,0,0,0,0,0,0,0,0,0,0,1,1,1,1,1,1,1,1,1,0,0,0,0,0,0,0,0,0,0,0,0,0,0,1,0,0,0,0,0,0,0,0,0,0,0,0,0,0,0,0,0,0,0,0,0,0,0,0,0,0,0,0,0,0,0,1,0,0,0,1,0,1,1,1,0,0,1,1,1,1
2026-09-24T07:30:00Z,2026-09-24T08:00:00Z,30,,,,0,1,,,,0,1,5485.0,2026-09-24T01:50:10Z,339.8333333333333,1,0,955.0,2026-09-24T01:50:10Z,339.8333333333333,1,0,4530.0,2026-09-24T01:50:10Z,339.8333333333333,1,0,-204.388,2026-09-24T01:00:35Z,389.4166666666667,1,1,572.0,2026-09-24T01:00:35Z,389.4166666666667,1,0,3118.698,2026-09-24T01:00:35Z,389.4166666666667,1,0,0.0,2026-09-24T01:00:35Z,389.4166666666667,1,0,1998.69,2026-09-24T01:00:35Z,389.4166666666667,1,0,5485.0,2026-09-24T01:00:35Z,389.4166666666667,1,0,500.0,2026-09-23T06:00:11Z,1529.8166666666666,1,1,530.0,2026-09-23T06:00:11Z,1529.8166666666666,1,1,513.0,2026-09-23T06:00:11Z,1529.8166666666666,1,1,500.0,2026-09-23T06:00:11Z,1529.8166666666666,1,1,500.0,2026-09-23T06:00:11Z,1529.8166666666666,1,1,504.0,2026-09-23T06:00:11Z,1529.8166666666666,1,1,,,,0,1,,,,0,1,,,,0,1,3175.735,2026-09-24T00:13:43Z,436.28333333333336,1,0,3175.735,2026-09-24T00:13:40Z,436.3333333333333,1,0,704.1500000000001,2026-09-24T00:13:40Z,436.3333333333333,1,0,2471.585,2026-09-24T00:13:40Z,436.3333333333333,1,0,3245.221,2026-09-24T01:00:36Z,,389.4,1,1,-17.557,2026-09-24T01:47:45Z,2026-09-24T01:30:00Z,342.25,1,1,97.77,2026-09-24T01:47:45Z,2026-09-24T01:30:00Z,342.25,1,1,9799.771,2026-09-24T01:47:45Z,2026-09-24T01:30:00Z,342.25,1,1,4254.922,2026-09-24T01:47:45Z,2026-09-24T01:30:00Z,342.25,1,1,353.766,2026-09-24T01:47:45Z,2026-09-24T01:30:00Z,342.25,1,1,-37.505,2026-09-24T01:30:05Z,2026-09-24T01:00:00Z,359.9166666666667,1,1,105.91,2026-09-24T01:30:05Z,2026-09-24T01:00:00Z,359.9166666666667,1,1,0.024,2026-09-24T01:00:37Z,,389.3833333333333,1,1,0.0,2026-09-24T01:00:37Z,,389.3833333333333,1,1,3437.2105,254.74650000000003,204.605,372.545,2026-08-31T23:00:00Z,33630.0,1,,,,-204.388,3901.1559999999995,,,,,1,1,1,1,1,1,0,0,0,0,0,0,0,0,0,0,0,0,0,0,0,0,0,0,0,0,0,0,0,0,0,0,0,0,0,0,0,0,0,0,0,0,0,0,0,0,0,0,0,0,0,1,1,1,1,1,1,1,1,1,0,0,0,0,0,0,0,0,0,0,0,0,0,0,1,0,0,0,0,0,0,0,0,0,0,0,0,0,0,0,0,0,0,0,0,0,0,0,0,0,0,0,0,0,0,0,1,0,0,0,1,0,1,1,1,0,0,1,1,1,1
2026-09-24T07:30:00Z,2026-09-24T08:30:00Z,60,,,,0,1,,,,0,1,5470.0,2026-09-24T01:50:10Z,339.8333333333333,1,0,960.0,2026-09-24T01:50:10Z,339.8333333333333,1,0,4510.0,2026-09-24T01:50:10Z,339.8333333333333,1,0,91.809,2026-09-24T01:00:35Z,389.4166666666667,1,1,715.0,2026-09-24T01:00:35Z,389.4166666666667,1,0,3368.101,2026-09-24T01:00:35Z,389.4166666666667,1,0,0.0,2026-09-24T01:00:35Z,389.4166666666667,1,0,1295.09,2026-09-24T01:00:35Z,389.4166666666667,1,0,5470.0,2026-09-24T01:00:35Z,389.4166666666667,1,0,500.0,2026-09-23T06:00:11Z,1529.8166666666666,1,1,530.0,2026-09-23T06:00:11Z,1529.8166666666666,1,1,513.0,2026-09-23T06:00:11Z,1529.8166666666666,1,1,500.0,2026-09-23T06:00:11Z,1529.8166666666666,1,1,500.0,2026-09-23T06:00:11Z,1529.8166666666666,1,1,504.0,2026-09-23T06:00:11Z,1529.8166666666666,1,1,,,,0,1,,,,0,1,,,,0,1,3425.812,2026-09-24T00:13:43Z,436.28333333333336,1,0,3425.812,2026-09-24T00:13:40Z,436.3333333333333,1,0,728.8299999999999,2026-09-24T00:13:40Z,436.3333333333333,1,0,2696.982,2026-09-24T00:13:40Z,436.3333333333333,1,0,3245.221,2026-09-24T01:00:36Z,,389.4,1,1,-17.557,2026-09-24T01:47:45Z,2026-09-24T01:30:00Z,342.25,1,1,97.77,2026-09-24T01:47:45Z,2026-09-24T01:30:00Z,342.25,1,1,9799.771,2026-09-24T01:47:45Z,2026-09-24T01:30:00Z,342.25,1,1,4254.922,2026-09-24T01:47:45Z,2026-09-24T01:30:00Z,342.25,1,1,353.766,2026-09-24T01:47:45Z,2026-09-24T01:30:00Z,342.25,1,1,-37.505,2026-09-24T01:30:05Z,2026-09-24T01:00:00Z,359.9166666666667,1,1,105.91,2026-09-24T01:30:05Z,2026-09-24T01:00:00Z,359.9166666666667,1,1,0.024,2026-09-24T01:00:37Z,,389.3833333333333,1,1,0.0,2026-09-24T01:00:37Z,,389.3833333333333,1,1,3437.2105,254.74650000000003,204.605,372.545,2026-08-31T23:00:00Z,33630.0,1,,,,91.809,3901.1559999999995,,,,,1,1,1,1,1,1,0,0,0,0,0,0,0,0,0,0,0,0,0,0,0,0,0,0,0,0,0,0,0,0,0,0,0,0,0,0,0,0,0,0,0,0,0,0,0,0,0,0,0,0,0,1,1,1,1,1,1,1,1,1,0,0,0,0,0,0,0,0,0,0,0,0,0,0,1,0,0,0,0,0,0,0,0,0,0,0,0,0,0,0,0,0,0,0,0,0,0,0,0,0,0,0,0,0,0,0,1,0,0,0,1,0,1,1,1,0,0,1,1,1,1
2026-09-24T08:00:00Z,2026-09-24T08:30:00Z,30,,,,0,1,,,,0,1,5470.0,2026-09-24T01:50:10Z,369.8333333333333,1,0,960.0,2026-09-24T01:50:10Z,369.8333333333333,1,0,4510.0,2026-09-24T01:50:10Z,369.8333333333333,1,0,91.809,2026-09-24T01:00:35Z,419.4166666666667,1,1,715.0,2026-09-24T01:00:35Z,419.4166666666667,1,0,3368.101,2026-09-24T01:00:35Z,419.4166666666667,1,0,0.0,2026-09-24T01:00:35Z,419.4166666666667,1,0,1295.09,2026-09-24T01:00:35Z,419.4166666666667,1,0,5470.0,2026-09-24T01:00:35Z,419.4166666666667,1,0,500.0,2026-09-23T06:00:11Z,1559.8166666666666,1,1,530.0,2026-09-23T06:00:11Z,1559.8166666666666,1,1,513.0,2026-09-23T06:00:11Z,1559.8166666666666,1,1,500.0,2026-09-23T06:00:11Z,1559.8166666666666,1,1,500.0,2026-09-23T06:00:11Z,1559.8166666666666,1,1,504.0,2026-09-23T06:00:11Z,1559.8166666666666,1,1,,,,0,1,,,,0,1,,,,0,1,3425.812,2026-09-24T00:13:43Z,466.28333333333336,1,0,3425.812,2026-09-24T00:13:40Z,466.3333333333333,1,0,728.8299999999999,2026-09-24T00:13:40Z,466.3333333333333,1,0,2696.982,2026-09-24T00:13:40Z,466.3333333333333,1,0,3245.221,2026-09-24T01:00:36Z,,419.4,1,1,-17.557,2026-09-24T01:47:45Z,2026-09-24T01:30:00Z,372.25,1,1,97.77,2026-09-24T01:47:45Z,2026-09-24T01:30:00Z,372.25,1,1,9799.771,2026-09-24T01:47:45Z,2026-09-24T01:30:00Z,372.25,1,1,4254.922,2026-09-24T01:47:45Z,2026-09-24T01:30:00Z,372.25,1,1,353.766,2026-09-24T01:47:45Z,2026-09-24T01:30:00Z,372.25,1,1,-37.505,2026-09-24T01:30:05Z,2026-09-24T01:00:00Z,389.9166666666667,1,1,105.91,2026-09-24T01:30:05Z,2026-09-24T01:00:00Z,389.9166666666667,1,1,0.024,2026-09-24T01:00:37Z,,419.3833333333333,1,1,0.0,2026-09-24T01:00:37Z,,419.3833333333333,1,1,3437.2105,254.74650000000003,204.605,372.545,2026-08-31T23:00:00Z,33660.0,1,,,,91.809,3901.1559999999995,,,,,1,1,1,1,1,1,0,0,0,0,0,0,0,0,0,0,0,0,0,0,0,0,0,0,0,0,0,0,0,0,0,0,0,0,0,0,0,0,0,0,0,0,0,0,0,0,0,0,0,0,0,1,1,1,1,1,1,1,1,1,0,0,0,0,0,0,0,0,0,0,0,0,0,0,1,0,0,0,0,0,0,0,0,0,0,0,0,0,0,0,0,0,0,0,0,0,0,0,0,0,0,0,0,0,0,0,1,0,0,0,1,0,1,1,1,0,0,1,1,1,1
2026-09-24T08:00:00Z,2026-09-24T09:00:00Z,60,,,,0,1,,,,0,1,5374.0,2026-09-24T01:50:10Z,369.8333333333333,1,0,936.0,2026-09-24T01:50:10Z,369.8333333333333,1,0,4438.0,2026-09-24T01:50:10Z,369.8333333333333,1,0,0.757,2026-09-24T01:00:35Z,419.4166666666667,1,1,472.0,2026-09-24T01:00:35Z,419.4166666666667,1,0,3617.503,2026-09-24T01:00:35Z,419.4166666666667,1,0,0.0,2026-09-24T01:00:35Z,419.4166666666667,1,0,1283.74,2026-09-24T01:00:35Z,419.4166666666667,1,0,5374.0,2026-09-24T01:00:35Z,419.4166666666667,1,0,500.0,2026-09-23T06:00:11Z,1559.8166666666666,1,1,530.0,2026-09-23T06:00:11Z,1559.8166666666666,1,1,513.0,2026-09-23T06:00:11Z,1559.8166666666666,1,1,500.0,2026-09-23T06:00:11Z,1559.8166666666666,1,1,500.0,2026-09-23T06:00:11Z,1559.8166666666666,1,1,504.0,2026-09-23T06:00:11Z,1559.8166666666666,1,1,,,,0,1,,,,0,1,,,,0,1,3664.3985000000002,2026-09-24T00:13:43Z,466.28333333333336,1,0,3664.3985000000002,2026-09-24T00:13:40Z,466.3333333333333,1,0,756.294,2026-09-24T00:13:40Z,466.3333333333333,1,0,2908.1045000000004,2026-09-24T00:13:40Z,466.3333333333333,1,0,3245.221,2026-09-24T01:00:36Z,,419.4,1,1,-17.557,2026-09-24T01:47:45Z,2026-09-24T01:30:00Z,372.25,1,1,97.77,2026-09-24T01:47:45Z,2026-09-24T01:30:00Z,372.25,1,1,9799.771,2026-09-24T01:47:45Z,2026-09-24T01:30:00Z,372.25,1,1,4254.922,2026-09-24T01:47:45Z,2026-09-24T01:30:00Z,372.25,1,1,353.766,2026-09-24T01:47:45Z,2026-09-24T01:30:00Z,372.25,1,1,-37.505,2026-09-24T01:30:05Z,2026-09-24T01:00:00Z,389.9166666666667,1,1,105.91,2026-09-24T01:30:05Z,2026-09-24T01:00:00Z,389.9166666666667,1,1,0.024,2026-09-24T01:00:37Z,,419.3833333333333,1,1,0.0,2026-09-24T01:00:37Z,,419.3833333333333,1,1,3437.2105,254.74650000000003,204.605,372.545,2026-08-31T23:00:00Z,33660.0,1,,,,0.757,3901.1559999999995,,,,,1,1,1,1,1,1,0,0,0,0,0,0,0,0,0,0,0,0,0,0,0,0,0,0,0,0,0,0,0,0,0,0,0,0,0,0,0,0,0,0,0,0,0,0,0,0,0,0,0,0,0,1,1,1,1,1,1,1,1,1,0,0,0,0,0,0,0,0,0,0,0,0,0,0,1,0,0,0,0,0,0,0,0,0,0,0,0,0,0,0,0,0,0,0,0,0,0,0,0,0,0,0,0,0,0,0,1,0,0,0,1,0,1,1,1,0,0,1,1,1,1
2026-09-24T08:30:00Z,2026-09-24T09:00:00Z,30,,,,0,1,,,,0,1,5374.0,2026-09-24T01:50:10Z,399.8333333333333,1,0,936.0,2026-09-24T01:50:10Z,399.8333333333333,1,0,4438.0,2026-09-24T01:50:10Z,399.8333333333333,1,0,0.757,2026-09-24T01:00:35Z,449.4166666666667,1,1,472.0,2026-09-24T01:00:35Z,449.4166666666667,1,0,3617.503,2026-09-24T01:00:35Z,449.4166666666667,1,0,0.0,2026-09-24T01:00:35Z,449.4166666666667,1,0,1283.74,2026-09-24T01:00:35Z,449.4166666666667,1,0,5374.0,2026-09-24T01:00:35Z,449.4166666666667,1,0,500.0,2026-09-23T06:00:11Z,1589.8166666666666,1,1,530.0,2026-09-23T06:00:11Z,1589.8166666666666,1,1,513.0,2026-09-23T06:00:11Z,1589.8166666666666,1,1,500.0,2026-09-23T06:00:11Z,1589.8166666666666,1,1,500.0,2026-09-23T06:00:11Z,1589.8166666666666,1,1,504.0,2026-09-23T06:00:11Z,1589.8166666666666,1,1,,,,0,1,,,,0,1,,,,0,1,3664.3985000000002,2026-09-24T00:13:43Z,496.28333333333336,1,0,3664.3985000000002,2026-09-24T00:13:40Z,496.3333333333333,1,0,756.294,2026-09-24T00:13:40Z,496.3333333333333,1,0,2908.1045000000004,2026-09-24T00:13:40Z,496.3333333333333,1,0,3245.221,2026-09-24T01:00:36Z,,449.4,1,1,-17.557,2026-09-24T01:47:45Z,2026-09-24T01:30:00Z,402.25,1,1,97.77,2026-09-24T01:47:45Z,2026-09-24T01:30:00Z,402.25,1,1,9799.771,2026-09-24T01:47:45Z,2026-09-24T01:30:00Z,402.25,1,1,4254.922,2026-09-24T01:47:45Z,2026-09-24T01:30:00Z,402.25,1,1,353.766,2026-09-24T01:47:45Z,2026-09-24T01:30:00Z,402.25,1,1,-37.505,2026-09-24T01:30:05Z,2026-09-24T01:00:00Z,419.9166666666667,1,1,105.91,2026-09-24T01:30:05Z,2026-09-24T01:00:00Z,419.9166666666667,1,1,0.024,2026-09-24T01:00:37Z,,449.3833333333333,1,1,0.0,2026-09-24T01:00:37Z,,449.3833333333333,1,1,3437.2105,254.74650000000003,204.605,372.545,2026-08-31T23:00:00Z,33690.0,1,,,,0.757,3901.1559999999995,,,,,1,1,1,1,1,1,0,0,0,0,0,0,0,0,0,0,0,0,0,0,0,0,0,0,0,0,0,0,0,0,0,0,0,0,0,0,0,0,0,0,0,0,0,0,0,0,0,0,0,0,0,1,1,1,1,1,1,1,1,1,0,0,0,0,0,0,0,0,0,0,0,0,0,0,1,0,0,0,0,0,0,0,0,0,0,0,0,0,0,0,0,0,0,0,0,0,0,0,0,0,0,0,0,0,0,0,1,0,0,0,1,0,1,1,1,0,0,1,1,1,1
2026-09-24T08:30:00Z,2026-09-24T09:30:00Z,60,,,,0,1,,,,0,1,5272.0,2026-09-24T01:50:10Z,399.8333333333333,1,0,932.0,2026-09-24T01:50:10Z,399.8333333333333,1,0,4340.0,2026-09-24T01:50:10Z,399.8333333333333,1,0,291.309,2026-09-24T01:00:35Z,449.4166666666667,1,1,323.0,2026-09-24T01:00:35Z,449.4166666666667,1,0,3821.141,2026-09-24T01:00:35Z,449.4166666666667,1,0,0.0,2026-09-24T01:00:35Z,449.4166666666667,1,0,836.55,2026-09-24T01:00:35Z,449.4166666666667,1,0,5272.0,2026-09-24T01:00:35Z,449.4166666666667,1,0,500.0,2026-09-23T06:00:11Z,1589.8166666666666,1,1,530.0,2026-09-23T06:00:11Z,1589.8166666666666,1,1,513.0,2026-09-23T06:00:11Z,1589.8166666666666,1,1,500.0,2026-09-23T06:00:11Z,1589.8166666666666,1,1,500.0,2026-09-23T06:00:11Z,1589.8166666666666,1,1,504.0,2026-09-23T06:00:11Z,1589.8166666666666,1,1,,,,0,1,,,,0,1,,,,0,1,3868.4745,2026-09-24T00:13:43Z,496.28333333333336,1,0,3868.4745,2026-09-24T00:13:40Z,496.3333333333333,1,0,792.1089999999999,2026-09-24T00:13:40Z,496.3333333333333,1,0,3076.3655,2026-09-24T00:13:40Z,496.3333333333333,1,0,3245.221,2026-09-24T01:00:36Z,,449.4,1,1,-17.557,2026-09-24T01:47:45Z,2026-09-24T01:30:00Z,402.25,1,1,97.77,2026-09-24T01:47:45Z,2026-09-24T01:30:00Z,402.25,1,1,9799.771,2026-09-24T01:47:45Z,2026-09-24T01:30:00Z,402.25,1,1,4254.922,2026-09-24T01:47:45Z,2026-09-24T01:30:00Z,402.25,1,1,353.766,2026-09-24T01:47:45Z,2026-09-24T01:30:00Z,402.25,1,1,-37.505,2026-09-24T01:30:05Z,2026-09-24T01:00:00Z,419.9166666666667,1,1,105.91,2026-09-24T01:30:05Z,2026-09-24T01:00:00Z,419.9166666666667,1,1,0.024,2026-09-24T01:00:37Z,,449.3833333333333,1,1,0.0,2026-09-24T01:00:37Z,,449.3833333333333,1,1,3437.2105,254.74650000000003,204.605,372.545,2026-08-31T23:00:00Z,33690.0,1,,,,291.309,3901.1559999999995,,,,,1,1,1,1,1,1,0,0,0,0,0,0,0,0,0,0,0,0,0,0,0,0,0,0,0,0,0,0,0,0,0,0,0,0,0,0,0,0,0,0,0,0,0,0,0,0,0,0,0,0,0,1,1,1,1,1,1,1,1,1,0,0,0,0,0,0,0,0,0,0,0,0,0,0,1,0,0,0,0,0,0,0,0,0,0,0,0,0,0,0,0,0,0,0,0,0,0,0,0,0,0,0,0,0,0,0,1,0,0,0,1,0,1,1,1,0,0,1,1,1,1
2026-09-24T09:00:00Z,2026-09-24T09:30:00Z,30,,,,0,1,,,,0,1,5272.0,2026-09-24T01:50:10Z,429.8333333333333,1,0,932.0,2026-09-24T01:50:10Z,429.8333333333333,1,0,4340.0,2026-09-24T01:50:10Z,429.8333333333333,1,0,291.309,2026-09-24T01:00:35Z,479.4166666666667,1,1,323.0,2026-09-24T01:00:35Z,479.4166666666667,1,0,3821.141,2026-09-24T01:00:35Z,479.4166666666667,1,0,0.0,2026-09-24T01:00:35Z,479.4166666666667,1,0,836.55,2026-09-24T01:00:35Z,479.4166666666667,1,0,5272.0,2026-09-24T01:00:35Z,479.4166666666667,1,0,500.0,2026-09-23T06:00:11Z,1619.8166666666666,1,1,530.0,2026-09-23T06:00:11Z,1619.8166666666666,1,1,513.0,2026-09-23T06:00:11Z,1619.8166666666666,1,1,500.0,2026-09-23T06:00:11Z,1619.8166666666666,1,1,500.0,2026-09-23T06:00:11Z,1619.8166666666666,1,1,504.0,2026-09-23T06:00:11Z,1619.8166666666666,1,1,,,,0,1,,,,0,1,,,,0,1,3868.4745,2026-09-24T00:13:43Z,526.2833333333333,1,0,3868.4745,2026-09-24T00:13:40Z,526.3333333333334,1,0,792.1089999999999,2026-09-24T00:13:40Z,526.3333333333334,1,0,3076.3655,2026-09-24T00:13:40Z,526.3333333333334,1,0,3245.221,2026-09-24T01:00:36Z,,479.4,1,1,-17.557,2026-09-24T01:47:45Z,2026-09-24T01:30:00Z,432.25,1,1,97.77,2026-09-24T01:47:45Z,2026-09-24T01:30:00Z,432.25,1,1,9799.771,2026-09-24T01:47:45Z,2026-09-24T01:30:00Z,432.25,1,1,4254.922,2026-09-24T01:47:45Z,2026-09-24T01:30:00Z,432.25,1,1,353.766,2026-09-24T01:47:45Z,2026-09-24T01:30:00Z,432.25,1,1,-37.505,2026-09-24T01:30:05Z,2026-09-24T01:00:00Z,449.9166666666667,1,1,105.91,2026-09-24T01:30:05Z,2026-09-24T01:00:00Z,449.9166666666667,1,1,0.024,2026-09-24T01:00:37Z,,479.3833333333333,1,1,0.0,2026-09-24T01:00:37Z,,479.3833333333333,1,1,3437.2105,254.74650000000003,204.605,372.545,2026-08-31T23:00:00Z,33720.0,1,,,,291.309,3901.1559999999995,,,,,1,1,1,1,1,1,0,0,0,0,0,0,0,0,0,0,0,0,0,0,0,0,0,0,0,0,0,0,0,0,0,0,0,0,0,0,0,0,0,0,0,0,0,0,0,0,0,0,0,0,0,1,1,1,1,1,1,1,1,1,0,0,0,0,0,0,0,0,0,0,0,0,0,0,1,0,0,0,0,0,0,0,0,0,0,0,0,0,0,0,0,0,0,0,0,0,0,0,0,0,0,0,0,0,0,0,1,0,0,0,1,0,1,1,1,0,0,1,1,1,1
2026-09-24T09:00:00Z,2026-09-24T10:00:00Z,60,,,,0,1,,,,0,1,5254.0,2026-09-24T01:50:10Z,429.8333333333333,1,0,933.0,2026-09-24T01:50:10Z,429.8333333333333,1,0,4321.0,2026-09-24T01:50:10Z,429.8333333333333,1,0,370.736,2026-09-24T01:00:35Z,479.4166666666667,1,1,389.0,2026-09-24T01:00:35Z,479.4166666666667,1,0,4024.524,2026-09-24T01:00:35Z,479.4166666666667,1,0,0.0,2026-09-24T01:00:35Z,479.4166666666667,1,0,469.74,2026-09-24T01:00:35Z,479.4166666666667,1,0,5254.0,2026-09-24T01:00:35Z,479.4166666666667,1,0,500.0,2026-09-23T06:00:11Z,1619.8166666666666,1,1,530.0,2026-09-23T06:00:11Z,1619.8166666666666,1,1,513.0,2026-09-23T06:00:11Z,1619.8166666666666,1,1,500.0,2026-09-23T06:00:11Z,1619.8166666666666,1,1,500.0,2026-09-23T06:00:11Z,1619.8166666666666,1,1,504.0,2026-09-23T06:00:11Z,1619.8166666666666,1,1,,,,0,1,,,,0,1,,,,0,1,4047.5645000000004,2026-09-24T00:13:43Z,526.2833333333333,1,0,4047.5645000000004,2026-09-24T00:13:40Z,526.3333333333334,1,0,821.0205,2026-09-24T00:13:40Z,526.3333333333334,1,0,3226.544,2026-09-24T00:13:40Z,526.3333333333334,1,0,3245.221,2026-09-24T01:00:36Z,,479.4,1,1,-17.557,2026-09-24T01:47:45Z,2026-09-24T01:30:00Z,432.25,1,1,97.77,2026-09-24T01:47:45Z,2026-09-24T01:30:00Z,432.25,1,1,9799.771,2026-09-24T01:47:45Z,2026-09-24T01:30:00Z,432.25,1,1,4254.922,2026-09-24T01:47:45Z,2026-09-24T01:30:00Z,432.25,1,1,353.766,2026-09-24T01:47:45Z,2026-09-24T01:30:00Z,432.25,1,1,-37.505,2026-09-24T01:30:05Z,2026-09-24T01:00:00Z,449.9166666666667,1,1,105.91,2026-09-24T01:30:05Z,2026-09-24T01:00:00Z,449.9166666666667,1,1,0.024,2026-09-24T01:00:37Z,,479.3833333333333,1,1,0.0,2026-09-24T01:00:37Z,,479.3833333333333,1,1,3437.2105,254.74650000000003,204.605,372.545,2026-08-31T23:00:00Z,33720.0,1,,,,370.736,3901.1559999999995,,,,,1,1,1,1,1,1,0,0,0,0,0,0,0,0,0,0,0,0,0,0,0,0,0,0,0,0,0,0,0,0,0,0,0,0,0,0,0,0,0,0,0,0,0,0,0,0,0,0,0,0,0,1,1,1,1,1,1,1,1,1,0,0,0,0,0,0,0,0,0,0,0,0,0,0,1,0,0,0,0,0,0,0,0,0,0,0,0,0,0,0,0,0,0,0,0,0,0,0,0,0,0,0,0,0,0,0,1,0,0,0,1,0,1,1,1,0,0,1,1,1,1
2026-09-24T09:30:00Z,2026-09-24T10:00:00Z,30,,,,0,1,,,,0,1,5254.0,2026-09-24T01:50:10Z,459.8333333333333,1,0,933.0,2026-09-24T01:50:10Z,459.8333333333333,1,0,4321.0,2026-09-24T01:50:10Z,459.8333333333333,1,0,370.736,2026-09-24T01:00:35Z,509.4166666666667,1,1,389.0,2026-09-24T01:00:35Z,509.4166666666667,1,0,4024.524,2026-09-24T01:00:35Z,509.4166666666667,1,0,0.0,2026-09-24T01:00:35Z,509.4166666666667,1,0,469.74,2026-09-24T01:00:35Z,509.4166666666667,1,0,5254.0,2026-09-24T01:00:35Z,509.4166666666667,1,0,500.0,2026-09-23T06:00:11Z,1649.8166666666666,1,1,530.0,2026-09-23T06:00:11Z,1649.8166666666666,1,1,513.0,2026-09-23T06:00:11Z,1649.8166666666666,1,1,500.0,2026-09-23T06:00:11Z,1649.8166666666666,1,1,500.0,2026-09-23T06:00:11Z,1649.8166666666666,1,1,504.0,2026-09-23T06:00:11Z,1649.8166666666666,1,1,,,,0,1,,,,0,1,,,,0,1,4047.5645000000004,2026-09-24T00:13:43Z,556.2833333333333,1,0,4047.5645000000004,2026-09-24T00:13:40Z,556.3333333333334,1,0,821.0205,2026-09-24T00:13:40Z,556.3333333333334,1,0,3226.544,2026-09-24T00:13:40Z,556.3333333333334,1,0,3245.221,2026-09-24T01:00:36Z,,509.4,1,1,-17.557,2026-09-24T01:47:45Z,2026-09-24T01:30:00Z,462.25,1,1,97.77,2026-09-24T01:47:45Z,2026-09-24T01:30:00Z,462.25,1,1,9799.771,2026-09-24T01:47:45Z,2026-09-24T01:30:00Z,462.25,1,1,4254.922,2026-09-24T01:47:45Z,2026-09-24T01:30:00Z,462.25,1,1,353.766,2026-09-24T01:47:45Z,2026-09-24T01:30:00Z,462.25,1,1,-37.505,2026-09-24T01:30:05Z,2026-09-24T01:00:00Z,479.9166666666667,1,1,105.91,2026-09-24T01:30:05Z,2026-09-24T01:00:00Z,479.9166666666667,1,1,0.024,2026-09-24T01:00:37Z,,509.3833333333333,1,1,0.0,2026-09-24T01:00:37Z,,509.3833333333333,1,1,3437.2105,254.74650000000003,204.605,372.545,2026-08-31T23:00:00Z,33750.0,1,,,,370.736,3901.1559999999995,,,,,1,1,1,1,1,1,0,0,0,0,0,0,0,0,0,0,0,0,0,0,0,0,0,0,0,0,0,0,0,0,0,0,0,0,0,0,0,0,0,0,0,0,0,0,0,0,0,0,0,0,0,1,1,1,1,1,1,1,1,1,0,0,0,0,0,0,0,0,0,0,0,0,0,0,1,0,0,0,0,0,0,0,0,0,0,0,0,0,0,0,0,0,0,0,0,0,0,0,0,0,0,0,0,0,0,0,1,0,0,0,1,0,1,1,1,0,0,1,1,1,1
2026-09-24T09:30:00Z,2026-09-24T10:30:00Z,60,,,,0,1,,,,0,1,5166.0,2026-09-24T01:50:10Z,459.8333333333333,1,0,936.0,2026-09-24T01:50:10Z,459.8333333333333,1,0,4230.0,2026-09-24T01:50:10Z,459.8333333333333,1,0,254.129,2026-09-24T01:00:35Z,509.4166666666667,1,1,499.0,2026-09-24T01:00:35Z,509.4166666666667,1,0,4128.98,2026-09-24T01:00:35Z,509.4166666666667,1,0,0.0,2026-09-24T01:00:35Z,509.4166666666667,1,0,283.89,2026-09-24T01:00:35Z,509.4166666666667,1,0,5166.0,2026-09-24T01:00:35Z,509.4166666666667,1,0,500.0,2026-09-23T06:00:11Z,1649.8166666666666,1,1,530.0,2026-09-23T06:00:11Z,1649.8166666666666,1,1,513.0,2026-09-23T06:00:11Z,1649.8166666666666,1,1,500.0,2026-09-23T06:00:11Z,1649.8166666666666,1,1,500.0,2026-09-23T06:00:11Z,1649.8166666666666,1,1,504.0,2026-09-23T06:00:11Z,1649.8166666666666,1,1,,,,0,1,,,,0,1,,,,0,1,4151.7315,2026-09-24T00:13:43Z,556.2833333333333,1,0,4151.7315,2026-09-24T00:13:40Z,556.3333333333334,1,0,829.233,2026-09-24T00:13:40Z,556.3333333333334,1,0,3322.4984999999997,2026-09-24T00:13:40Z,556.3333333333334,1,0,3245.221,2026-09-24T01:00:36Z,,509.4,1,1,-17.557,2026-09-24T01:47:45Z,2026-09-24T01:30:00Z,462.25,1,1,97.77,2026-09-24T01:47:45Z,2026-09-24T01:30:00Z,462.25,1,1,9799.771,2026-09-24T01:47:45Z,2026-09-24T01:30:00Z,462.25,1,1,4254.922,2026-09-24T01:47:45Z,2026-09-24T01:30:00Z,462.25,1,1,353.766,2026-09-24T01:47:45Z,2026-09-24T01:30:00Z,462.25,1,1,-37.505,2026-09-24T01:30:05Z,2026-09-24T01:00:00Z,479.9166666666667,1,1,105.91,2026-09-24T01:30:05Z,2026-09-24T01:00:00Z,479.9166666666667,1,1,0.024,2026-09-24T01:00:37Z,,509.3833333333333,1,1,0.0,2026-09-24T01:00:37Z,,509.3833333333333,1,1,3437.2105,254.74650000000003,204.605,372.545,2026-08-31T23:00:00Z,33750.0,1,,,,254.129,3901.1559999999995,,,,,1,1,1,1,1,1,0,0,0,0,0,0,0,0,0,0,0,0,0,0,0,0,0,0,0,0,0,0,0,0,0,0,0,0,0,0,0,0,0,0,0,0,0,0,0,0,0,0,0,0,0,1,1,1,1,1,1,1,1,1,0,0,0,0,0,0,0,0,0,0,0,0,0,0,1,0,0,0,0,0,0,0,0,0,0,0,0,0,0,0,0,0,0,0,0,0,0,0,0,0,0,0,0,0,0,0,1,0,0,0,1,0,1,1,1,0,0,1,1,1,1
2026-09-24T10:00:00Z,2026-09-24T10:30:00Z,30,,,,0,1,,,,0,1,5166.0,2026-09-24T01:50:10Z,489.8333333333333,1,0,936.0,2026-09-24T01:50:10Z,489.8333333333333,1,0,4230.0,2026-09-24T01:50:10Z,489.8333333333333,1,0,254.129,2026-09-24T01:00:35Z,539.4166666666666,1,1,499.0,2026-09-24T01:00:35Z,539.4166666666666,1,0,4128.98,2026-09-24T01:00:35Z,539.4166666666666,1,0,0.0,2026-09-24T01:00:35Z,539.4166666666666,1,0,283.89,2026-09-24T01:00:35Z,539.4166666666666,1,0,5166.0,2026-09-24T01:00:35Z,539.4166666666666,1,0,500.0,2026-09-23T06:00:11Z,1679.8166666666666,1,1,530.0,2026-09-23T06:00:11Z,1679.8166666666666,1,1,513.0,2026-09-23T06:00:11Z,1679.8166666666666,1,1,500.0,2026-09-23T06:00:11Z,1679.8166666666666,1,1,500.0,2026-09-23T06:00:11Z,1679.8166666666666,1,1,504.0,2026-09-23T06:00:11Z,1679.8166666666666,1,1,,,,0,1,,,,0,1,,,,0,1,4151.7315,2026-09-24T00:13:43Z,586.2833333333333,1,0,4151.7315,2026-09-24T00:13:40Z,586.3333333333334,1,0,829.233,2026-09-24T00:13:40Z,586.3333333333334,1,0,3322.4984999999997,2026-09-24T00:13:40Z,586.3333333333334,1,0,3245.221,2026-09-24T01:00:36Z,,539.4,1,1,-17.557,2026-09-24T01:47:45Z,2026-09-24T01:30:00Z,492.25,1,1,97.77,2026-09-24T01:47:45Z,2026-09-24T01:30:00Z,492.25,1,1,9799.771,2026-09-24T01:47:45Z,2026-09-24T01:30:00Z,492.25,1,1,4254.922,2026-09-24T01:47:45Z,2026-09-24T01:30:00Z,492.25,1,1,353.766,2026-09-24T01:47:45Z,2026-09-24T01:30:00Z,492.25,1,1,-37.505,2026-09-24T01:30:05Z,2026-09-24T01:00:00Z,509.9166666666667,1,1,105.91,2026-09-24T01:30:05Z,2026-09-24T01:00:00Z,509.9166666666667,1,1,0.024,2026-09-24T01:00:37Z,,539.3833333333333,1,1,0.0,2026-09-24T01:00:37Z,,539.3833333333333,1,1,3437.2105,254.74650000000003,204.605,372.545,2026-08-31T23:00:00Z,33780.0,1,,,,254.129,3901.1559999999995,,,,,1,1,1,1,1,1,0,0,0,0,0,0,0,0,0,0,0,0,0,0,0,0,0,0,0,0,0,0,0,0,0,0,0,0,0,0,0,0,0,0,0,0,0,0,0,0,0,0,0,0,0,1,1,1,1,1,1,1,1,1,0,0,0,0,0,0,0,0,0,0,0,0,0,0,1,0,0,0,0,0,0,0,0,0,0,0,0,0,0,0,0,0,0,0,0,0,0,0,0,0,0,0,0,0,0,0,1,0,0,0,1,0,1,1,1,0,0,1,1,1,1
2026-09-24T10:00:00Z,2026-09-24T11:00:00Z,60,,,,0,1,,,,0,1,5120.0,2026-09-24T01:50:10Z,489.8333333333333,1,0,921.0,2026-09-24T01:50:10Z,489.8333333333333,1,0,4199.0,2026-09-24T01:50:10Z,489.8333333333333,1,0,371.37,2026-09-24T01:00:35Z,539.4166666666666,1,1,461.0,2026-09-24T01:00:35Z,539.4166666666666,1,0,4233.0,2026-09-24T01:00:35Z,539.4166666666666,1,0,0.0,2026-09-24T01:00:35Z,539.4166666666666,1,0,54.63,2026-09-24T01:00:35Z,539.4166666666666,1,0,5120.0,2026-09-24T01:00:35Z,539.4166666666666,1,0,500.0,2026-09-23T06:00:11Z,1679.8166666666666,1,1,530.0,2026-09-23T06:00:11Z,1679.8166666666666,1,1,513.0,2026-09-23T06:00:11Z,1679.8166666666666,1,1,500.0,2026-09-23T06:00:11Z,1679.8166666666666,1,1,500.0,2026-09-23T06:00:11Z,1679.8166666666666,1,1,504.0,2026-09-23T06:00:11Z,1679.8166666666666,1,1,,,,0,1,,,,0,1,,,,0,1,4251.3595000000005,2026-09-24T00:13:43Z,586.2833333333333,1,0,4251.3595000000005,2026-09-24T00:13:40Z,586.3333333333334,1,0,836.3245,2026-09-24T00:13:40Z,586.3333333333334,1,0,3415.035,2026-09-24T00:13:40Z,586.3333333333334,1,0,3245.221,2026-09-24T01:00:36Z,,539.4,1,1,-17.557,2026-09-24T01:47:45Z,2026-09-24T01:30:00Z,492.25,1,1,97.77,2026-09-24T01:47:45Z,2026-09-24T01:30:00Z,492.25,1,1,9799.771,2026-09-24T01:47:45Z,2026-09-24T01:30:00Z,492.25,1,1,4254.922,2026-09-24T01:47:45Z,2026-09-24T01:30:00Z,492.25,1,1,353.766,2026-09-24T01:47:45Z,2026-09-24T01:30:00Z,492.25,1,1,-37.505,2026-09-24T01:30:05Z,2026-09-24T01:00:00Z,509.9166666666667,1,1,105.91,2026-09-24T01:30:05Z,2026-09-24T01:00:00Z,509.9166666666667,1,1,0.024,2026-09-24T01:00:37Z,,539.3833333333333,1,1,0.0,2026-09-24T01:00:37Z,,539.3833333333333,1,1,3437.2105,254.74650000000003,204.605,372.545,2026-08-31T23:00:00Z,33780.0,1,,,,371.37,3901.1559999999995,,,,,1,1,1,1,1,1,0,0,0,0,0,0,0,0,0,0,0,0,0,0,0,0,0,0,0,0,0,0,0,0,0,0,0,0,0,0,0,0,0,0,0,0,0,0,0,0,0,0,0,0,0,1,1,1,1,1,1,1,1,1,0,0,0,0,0,0,0,0,0,0,0,0,0,0,1,0,0,0,0,0,0,0,0,0,0,0,0,0,0,0,0,0,0,0,0,0,0,0,0,0,0,0,0,0,0,0,1,0,0,0,1,0,1,1,1,0,0,1,1,1,1
2026-09-24T10:30:00Z,2026-09-24T11:00:00Z,30,,,,0,1,,,,0,1,5120.0,2026-09-24T01:50:10Z,519.8333333333334,1,0,921.0,2026-09-24T01:50:10Z,519.8333333333334,1,0,4199.0,2026-09-24T01:50:10Z,519.8333333333334,1,0,371.37,2026-09-24T01:00:35Z,569.4166666666666,1,1,461.0,2026-09-24T01:00:35Z,569.4166666666666,1,0,4233.0,2026-09-24T01:00:35Z,569.4166666666666,1,0,0.0,2026-09-24T01:00:35Z,569.4166666666666,1,0,54.63,2026-09-24T01:00:35Z,569.4166666666666,1,0,5120.0,2026-09-24T01:00:35Z,569.4166666666666,1,0,500.0,2026-09-23T06:00:11Z,1709.8166666666666,1,1,530.0,2026-09-23T06:00:11Z,1709.8166666666666,1,1,513.0,2026-09-23T06:00:11Z,1709.8166666666666,1,1,500.0,2026-09-23T06:00:11Z,1709.8166666666666,1,1,500.0,2026-09-23T06:00:11Z,1709.8166666666666,1,1,504.0,2026-09-23T06:00:11Z,1709.8166666666666,1,1,,,,0,1,,,,0,1,,,,0,1,4251.3595000000005,2026-09-24T00:13:43Z,616.2833333333333,1,0,4251.3595000000005,2026-09-24T00:13:40Z,616.3333333333334,1,0,836.3245,2026-09-24T00:13:40Z,616.3333333333334,1,0,3415.035,2026-09-24T00:13:40Z,616.3333333333334,1,0,3245.221,2026-09-24T01:00:36Z,,569.4,1,1,-17.557,2026-09-24T01:47:45Z,2026-09-24T01:30:00Z,522.25,1,1,97.77,2026-09-24T01:47:45Z,2026-09-24T01:30:00Z,522.25,1,1,9799.771,2026-09-24T01:47:45Z,2026-09-24T01:30:00Z,522.25,1,1,4254.922,2026-09-24T01:47:45Z,2026-09-24T01:30:00Z,522.25,1,1,353.766,2026-09-24T01:47:45Z,2026-09-24T01:30:00Z,522.25,1,1,-37.505,2026-09-24T01:30:05Z,2026-09-24T01:00:00Z,539.9166666666666,1,1,105.91,2026-09-24T01:30:05Z,2026-09-24T01:00:00Z,539.9166666666666,1,1,0.024,2026-09-24T01:00:37Z,,569.3833333333333,1,1,0.0,2026-09-24T01:00:37Z,,569.3833333333333,1,1,3437.2105,254.74650000000003,204.605,372.545,2026-08-31T23:00:00Z,33810.0,1,,,,371.37,3901.1559999999995,,,,,1,1,1,1,1,1,0,0,0,0,0,0,0,0,0,0,0,0,0,0,0,0,0,0,0,0,0,0,0,0,0,0,0,0,0,0,0,0,0,0,0,0,0,0,0,0,0,0,0,0,0,1,1,1,1,1,1,1,1,1,0,0,0,0,0,0,0,0,0,0,0,0,0,0,1,0,0,0,0,0,0,0,0,0,0,0,0,0,0,0,0,0,0,0,0,0,0,0,0,0,0,0,0,0,0,0,1,0,0,0,1,0,1,1,1,0,0,1,1,1,1
2026-09-24T10:30:00Z,2026-09-24T11:30:00Z,60,,,,0,1,,,,0,1,5145.0,2026-09-24T01:50:10Z,519.8333333333334,1,0,917.0,2026-09-24T01:50:10Z,519.8333333333334,1,0,4228.0,2026-09-24T01:50:10Z,519.8333333333334,1,0,302.308,2026-09-24T01:00:35Z,569.4166666666666,1,1,458.0,2026-09-24T01:00:35Z,569.4166666666666,1,0,4318.912,2026-09-24T01:00:35Z,569.4166666666666,1,0,0.0,2026-09-24T01:00:35Z,569.4166666666666,1,0,65.78,2026-09-24T01:00:35Z,569.4166666666666,1,0,5145.0,2026-09-24T01:00:35Z,569.4166666666666,1,0,500.0,2026-09-23T06:00:11Z,1709.8166666666666,1,1,530.0,2026-09-23T06:00:11Z,1709.8166666666666,1,1,513.0,2026-09-23T06:00:11Z,1709.8166666666666,1,1,500.0,2026-09-23T06:00:11Z,1709.8166666666666,1,1,500.0,2026-09-23T06:00:11Z,1709.8166666666666,1,1,504.0,2026-09-23T06:00:11Z,1709.8166666666666,1,1,,,,0,1,,,,0,1,,,,0,1,4337.3235,2026-09-24T00:13:43Z,616.2833333333333,1,0,4337.3235,2026-09-24T00:13:40Z,616.3333333333334,1,0,840.0409999999999,2026-09-24T00:13:40Z,616.3333333333334,1,0,3497.2825000000003,2026-09-24T00:13:40Z,616.3333333333334,1,0,3245.221,2026-09-24T01:00:36Z,,569.4,1,1,-17.557,2026-09-24T01:47:45Z,2026-09-24T01:30:00Z,522.25,1,1,97.77,2026-09-24T01:47:45Z,2026-09-24T01:30:00Z,522.25,1,1,9799.771,2026-09-24T01:47:45Z,2026-09-24T01:30:00Z,522.25,1,1,4254.922,2026-09-24T01:47:45Z,2026-09-24T01:30:00Z,522.25,1,1,353.766,2026-09-24T01:47:45Z,2026-09-24T01:30:00Z,522.25,1,1,-37.505,2026-09-24T01:30:05Z,2026-09-24T01:00:00Z,539.9166666666666,1,1,105.91,2026-09-24T01:30:05Z,2026-09-24T01:00:00Z,539.9166666666666,1,1,0.024,2026-09-24T01:00:37Z,,569.3833333333333,1,1,0.0,2026-09-24T01:00:37Z,,569.3833333333333,1,1,3437.2105,254.74650000000003,204.605,372.545,2026-08-31T23:00:00Z,33810.0,1,,,,302.308,3901.1559999999995,,,,,1,1,1,1,1,1,0,0,0,0,0,0,0,0,0,0,0,0,0,0,0,0,0,0,0,0,0,0,0,0,0,0,0,0,0,0,0,0,0,0,0,0,0,0,0,0,0,0,0,0,0,1,1,1,1,1,1,1,1,1,0,0,0,0,0,0,0,0,0,0,0,0,0,0,1,0,0,0,0,0,0,0,0,0,0,0,0,0,0,0,0,0,0,0,0,0,0,0,0,0,0,0,0,0,0,0,1,0,0,0,1,0,1,1,1,0,0,1,1,1,1
2026-09-24T11:00:00Z,2026-09-24T11:30:00Z,30,,,,0,1,,,,0,1,5145.0,2026-09-24T01:50:10Z,549.8333333333334,1,0,917.0,2026-09-24T01:50:10Z,549.8333333333334,1,0,4228.0,2026-09-24T01:50:10Z,549.8333333333334,1,0,302.308,2026-09-24T01:00:35Z,599.4166666666666,1,1,458.0,2026-09-24T01:00:35Z,599.4166666666666,1,0,4318.912,2026-09-24T01:00:35Z,599.4166666666666,1,0,0.0,2026-09-24T01:00:35Z,599.4166666666666,1,0,65.78,2026-09-24T01:00:35Z,599.4166666666666,1,0,5145.0,2026-09-24T01:00:35Z,599.4166666666666,1,0,500.0,2026-09-23T06:00:11Z,1739.8166666666666,1,1,530.0,2026-09-23T06:00:11Z,1739.8166666666666,1,1,513.0,2026-09-23T06:00:11Z,1739.8166666666666,1,1,500.0,2026-09-23T06:00:11Z,1739.8166666666666,1,1,500.0,2026-09-23T06:00:11Z,1739.8166666666666,1,1,504.0,2026-09-23T06:00:11Z,1739.8166666666666,1,1,,,,0,1,,,,0,1,,,,0,1,4337.3235,2026-09-24T00:13:43Z,646.2833333333333,1,0,4337.3235,2026-09-24T00:13:40Z,646.3333333333334,1,0,840.0409999999999,2026-09-24T00:13:40Z,646.3333333333334,1,0,3497.2825000000003,2026-09-24T00:13:40Z,646.3333333333334,1,0,3245.221,2026-09-24T01:00:36Z,,599.4,1,1,-17.557,2026-09-24T01:47:45Z,2026-09-24T01:30:00Z,552.25,1,1,97.77,2026-09-24T01:47:45Z,2026-09-24T01:30:00Z,552.25,1,1,9799.771,2026-09-24T01:47:45Z,2026-09-24T01:30:00Z,552.25,1,1,4254.922,2026-09-24T01:47:45Z,2026-09-24T01:30:00Z,552.25,1,1,353.766,2026-09-24T01:47:45Z,2026-09-24T01:30:00Z,552.25,1,1,-37.505,2026-09-24T01:30:05Z,2026-09-24T01:00:00Z,569.9166666666666,1,1,105.91,2026-09-24T01:30:05Z,2026-09-24T01:00:00Z,569.9166666666666,1,1,0.024,2026-09-24T01:00:37Z,,599.3833333333333,1,1,0.0,2026-09-24T01:00:37Z,,599.3833333333333,1,1,3437.2105,254.74650000000003,204.605,372.545,2026-08-31T23:00:00Z,33840.0,1,,,,302.308,3901.1559999999995,,,,,1,1,1,1,1,1,0,0,0,0,0,0,0,0,0,0,0,0,0,0,0,0,0,0,0,0,0,0,0,0,0,0,0,0,0,0,0,0,0,0,0,0,0,0,0,0,0,0,0,0,0,1,1,1,1,1,1,1,1,1,0,0,0,0,0,0,0,0,0,0,0,0,0,0,1,0,0,0,0,0,0,0,0,0,0,0,0,0,0,0,0,0,0,0,0,0,0,0,0,0,0,0,0,0,0,0,1,0,0,0,1,0,1,1,1,0,0,1,1,1,1
2026-09-24T11:00:00Z,2026-09-24T12:00:00Z,60,,,,0,1,,,,0,1,5133.0,2026-09-24T01:50:10Z,549.8333333333334,1,0,915.0,2026-09-24T01:50:10Z,549.8333333333334,1,0,4218.0,2026-09-24T01:50:10Z,549.8333333333334,1,0,305.12,2026-09-24T01:00:35Z,599.4166666666666,1,1,446.0,2026-09-24T01:00:35Z,599.4166666666666,1,0,4404.45,2026-09-24T01:00:35Z,599.4166666666666,1,0,0.0,2026-09-24T01:00:35Z,599.4166666666666,1,0,-22.57,2026-09-24T01:00:35Z,599.4166666666666,1,0,5133.0,2026-09-24T01:00:35Z,599.4166666666666,1,0,500.0,2026-09-23T06:00:11Z,1739.8166666666666,1,1,530.0,2026-09-23T06:00:11Z,1739.8166666666666,1,1,513.0,2026-09-23T06:00:11Z,1739.8166666666666,1,1,500.0,2026-09-23T06:00:11Z,1739.8166666666666,1,1,500.0,2026-09-23T06:00:11Z,1739.8166666666666,1,1,504.0,2026-09-23T06:00:11Z,1739.8166666666666,1,1,,,,0,1,,,,0,1,,,,0,1,4402.571,2026-09-24T00:13:43Z,646.2833333333333,1,0,4402.571,2026-09-24T00:13:40Z,646.3333333333334,1,0,839.2280000000001,2026-09-24T00:13:40Z,646.3333333333334,1,0,3563.343,2026-09-24T00:13:40Z,646.3333333333334,1,0,3245.221,2026-09-24T01:00:36Z,,599.4,1,1,-17.557,2026-09-24T01:47:45Z,2026-09-24T01:30:00Z,552.25,1,1,97.77,2026-09-24T01:47:45Z,2026-09-24T01:30:00Z,552.25,1,1,9799.771,2026-09-24T01:47:45Z,2026-09-24T01:30:00Z,552.25,1,1,4254.922,2026-09-24T01:47:45Z,2026-09-24T01:30:00Z,552.25,1,1,353.766,2026-09-24T01:47:45Z,2026-09-24T01:30:00Z,552.25,1,1,-37.505,2026-09-24T01:30:05Z,2026-09-24T01:00:00Z,569.9166666666666,1,1,105.91,2026-09-24T01:30:05Z,2026-09-24T01:00:00Z,569.9166666666666,1,1,0.024,2026-09-24T01:00:37Z,,599.3833333333333,1,1,0.0,2026-09-24T01:00:37Z,,599.3833333333333,1,1,3437.2105,254.74650000000003,204.605,372.545,2026-08-31T23:00:00Z,33840.0,1,,,,305.12,3901.1559999999995,,,,,1,1,1,1,1,1,0,0,0,0,0,0,0,0,0,0,0,0,0,0,0,0,0,0,0,0,0,0,0,0,0,0,0,0,0,0,0,0,0,0,0,0,0,0,0,0,0,0,0,0,0,1,1,1,1,1,1,1,1,1,0,0,0,0,0,0,0,0,0,0,0,0,0,0,1,0,0,0,0,0,0,0,0,0,0,0,0,0,0,0,0,0,0,0,0,0,0,0,0,0,0,0,0,0,0,0,1,0,0,0,1,0,1,1,1,0,0,1,1,1,1
2026-09-24T11:30:00Z,2026-09-24T12:00:00Z,30,,,,0,1,,,,0,1,5133.0,2026-09-24T01:50:10Z,579.8333333333334,1,0,915.0,2026-09-24T01:50:10Z,579.8333333333334,1,0,4218.0,2026-09-24T01:50:10Z,579.8333333333334,1,0,305.12,2026-09-24T01:00:35Z,629.4166666666666,1,1,446.0,2026-09-24T01:00:35Z,629.4166666666666,1,0,4404.45,2026-09-24T01:00:35Z,629.4166666666666,1,0,0.0,2026-09-24T01:00:35Z,629.4166666666666,1,0,-22.57,2026-09-24T01:00:35Z,629.4166666666666,1,0,5133.0,2026-09-24T01:00:35Z,629.4166666666666,1,0,500.0,2026-09-23T06:00:11Z,1769.8166666666666,1,1,530.0,2026-09-23T06:00:11Z,1769.8166666666666,1,1,513.0,2026-09-23T06:00:11Z,1769.8166666666666,1,1,500.0,2026-09-23T06:00:11Z,1769.8166666666666,1,1,500.0,2026-09-23T06:00:11Z,1769.8166666666666,1,1,504.0,2026-09-23T06:00:11Z,1769.8166666666666,1,1,,,,0,1,,,,0,1,,,,0,1,4402.571,2026-09-24T00:13:43Z,676.2833333333333,1,0,4402.571,2026-09-24T00:13:40Z,676.3333333333334,1,0,839.2280000000001,2026-09-24T00:13:40Z,676.3333333333334,1,0,3563.343,2026-09-24T00:13:40Z,676.3333333333334,1,0,3245.221,2026-09-24T01:00:36Z,,629.4,1,1,-17.557,2026-09-24T01:47:45Z,2026-09-24T01:30:00Z,582.25,1,1,97.77,2026-09-24T01:47:45Z,2026-09-24T01:30:00Z,582.25,1,1,9799.771,2026-09-24T01:47:45Z,2026-09-24T01:30:00Z,582.25,1,1,4254.922,2026-09-24T01:47:45Z,2026-09-24T01:30:00Z,582.25,1,1,353.766,2026-09-24T01:47:45Z,2026-09-24T01:30:00Z,582.25,1,1,-37.505,2026-09-24T01:30:05Z,2026-09-24T01:00:00Z,599.9166666666666,1,1,105.91,2026-09-24T01:30:05Z,2026-09-24T01:00:00Z,599.9166666666666,1,1,0.024,2026-09-24T01:00:37Z,,629.3833333333333,1,1,0.0,2026-09-24T01:00:37Z,,629.3833333333333,1,1,3437.2105,254.74650000000003,204.605,372.545,2026-08-31T23:00:00Z,33870.0,1,,,,305.12,3901.1559999999995,,,,,1,1,1,1,1,1,0,0,0,0,0,0,0,0,0,0,0,0,0,0,0,0,0,0,0,0,0,0,0,0,0,0,0,0,0,0,0,0,0,0,0,0,0,0,0,0,0,0,0,0,0,1,1,1,1,1,1,1,1,1,0,0,0,0,0,0,0,0,0,0,0,0,0,0,1,0,0,0,0,0,0,0,0,0,0,0,0,0,0,0,0,0,0,0,0,0,0,0,0,0,0,0,0,0,0,0,1,0,0,0,1,0,1,1,1,0,0,1,1,1,1
2026-09-24T11:30:00Z,2026-09-24T12:30:00Z,60,,,,0,1,,,,0,1,5087.0,2026-09-24T01:50:10Z,579.8333333333334,1,0,896.0,2026-09-24T01:50:10Z,579.8333333333334,1,0,4191.0,2026-09-24T01:50:10Z,579.8333333333334,1,0,207.937,2026-09-24T01:00:35Z,629.4166666666666,1,1,470.0,2026-09-24T01:00:35Z,629.4166666666666,1,0,4407.533,2026-09-24T01:00:35Z,629.4166666666666,1,0,0.0,2026-09-24T01:00:35Z,629.4166666666666,1,0,1.53,2026-09-24T01:00:35Z,629.4166666666666,1,0,5087.0,2026-09-24T01:00:35Z,629.4166666666666,1,0,500.0,2026-09-23T06:00:11Z,1769.8166666666666,1,1,530.0,2026-09-23T06:00:11Z,1769.8166666666666,1,1,513.0,2026-09-23T06:00:11Z,1769.8166666666666,1,1,500.0,2026-09-23T06:00:11Z,1769.8166666666666,1,1,500.0,2026-09-23T06:00:11Z,1769.8166666666666,1,1,504.0,2026-09-23T06:00:11Z,1769.8166666666666,1,1,,,,0,1,,,,0,1,,,,0,1,4405.646,2026-09-24T00:13:43Z,676.2833333333333,1,0,4405.646,2026-09-24T00:13:40Z,676.3333333333334,1,0,824.8025,2026-09-24T00:13:40Z,676.3333333333334,1,0,3580.8435,2026-09-24T00:13:40Z,676.3333333333334,1,0,3245.221,2026-09-24T01:00:36Z,,629.4,1,1,-17.557,2026-09-24T01:47:45Z,2026-09-24T01:30:00Z,582.25,1,1,97.77,2026-09-24T01:47:45Z,2026-09-24T01:30:00Z,582.25,1,1,9799.771,2026-09-24T01:47:45Z,2026-09-24T01:30:00Z,582.25,1,1,4254.922,2026-09-24T01:47:45Z,2026-09-24T01:30:00Z,582.25,1,1,353.766,2026-09-24T01:47:45Z,2026-09-24T01:30:00Z,582.25,1,1,-37.505,2026-09-24T01:30:05Z,2026-09-24T01:00:00Z,599.9166666666666,1,1,105.91,2026-09-24T01:30:05Z,2026-09-24T01:00:00Z,599.9166666666666,1,1,0.024,2026-09-24T01:00:37Z,,629.3833333333333,1,1,0.0,2026-09-24T01:00:37Z,,629.3833333333333,1,1,3437.2105,254.74650000000003,204.605,372.545,2026-08-31T23:00:00Z,33870.0,1,,,,207.937,3901.1559999999995,,,,,1,1,1,1,1,1,0,0,0,0,0,0,0,0,0,0,0,0,0,0,0,0,0,0,0,0,0,0,0,0,0,0,0,0,0,0,0,0,0,0,0,0,0,0,0,0,0,0,0,0,0,1,1,1,1,1,1,1,1,1,0,0,0,0,0,0,0,0,0,0,0,0,0,0,1,0,0,0,0,0,0,0,0,0,0,0,0,0,0,0,0,0,0,0,0,0,0,0,0,0,0,0,0,0,0,0,1,0,0,0,1,0,1,1,1,0,0,1,1,1,1
2026-09-24T12:00:00Z,2026-09-24T12:30:00Z,30,,,,0,1,,,,0,1,5087.0,2026-09-24T01:50:10Z,609.8333333333334,1,0,896.0,2026-09-24T01:50:10Z,609.8333333333334,1,0,4191.0,2026-09-24T01:50:10Z,609.8333333333334,1,0,207.937,2026-09-24T01:00:35Z,659.4166666666666,1,1,470.0,2026-09-24T01:00:35Z,659.4166666666666,1,0,4407.533,2026-09-24T01:00:35Z,659.4166666666666,1,0,0.0,2026-09-24T01:00:35Z,659.4166666666666,1,0,1.53,2026-09-24T01:00:35Z,659.4166666666666,1,0,5087.0,2026-09-24T01:00:35Z,659.4166666666666,1,0,500.0,2026-09-23T06:00:11Z,1799.8166666666666,1,1,530.0,2026-09-23T06:00:11Z,1799.8166666666666,1,1,513.0,2026-09-23T06:00:11Z,1799.8166666666666,1,1,500.0,2026-09-23T06:00:11Z,1799.8166666666666,1,1,500.0,2026-09-23T06:00:11Z,1799.8166666666666,1,1,504.0,2026-09-23T06:00:11Z,1799.8166666666666,1,1,,,,0,1,,,,0,1,,,,0,1,4405.646,2026-09-24T00:13:43Z,706.2833333333333,1,0,4405.646,2026-09-24T00:13:40Z,706.3333333333334,1,0,824.8025,2026-09-24T00:13:40Z,706.3333333333334,1,0,3580.8435,2026-09-24T00:13:40Z,706.3333333333334,1,0,3245.221,2026-09-24T01:00:36Z,,659.4,1,1,-17.557,2026-09-24T01:47:45Z,2026-09-24T01:30:00Z,612.25,1,1,97.77,2026-09-24T01:47:45Z,2026-09-24T01:30:00Z,612.25,1,1,9799.771,2026-09-24T01:47:45Z,2026-09-24T01:30:00Z,612.25,1,1,4254.922,2026-09-24T01:47:45Z,2026-09-24T01:30:00Z,612.25,1,1,353.766,2026-09-24T01:47:45Z,2026-09-24T01:30:00Z,612.25,1,1,-37.505,2026-09-24T01:30:05Z,2026-09-24T01:00:00Z,629.9166666666666,1,1,105.91,2026-09-24T01:30:05Z,2026-09-24T01:00:00Z,629.9166666666666,1,1,0.024,2026-09-24T01:00:37Z,,659.3833333333333,1,1,0.0,2026-09-24T01:00:37Z,,659.3833333333333,1,1,3437.2105,254.74650000000003,204.605,372.545,2026-08-31T23:00:00Z,33900.0,1,,,,207.937,3901.1559999999995,,,,,1,1,1,1,1,1,0,0,0,0,0,0,0,0,0,0,0,0,0,0,0,0,0,0,0,0,0,0,0,0,0,0,0,0,0,0,0,0,0,0,0,0,0,0,0,0,0,0,0,0,0,1,1,1,1,1,1,1,1,1,0,0,0,0,0,0,0,0,0,0,0,0,0,0,1,0,0,0,0,0,0,0,0,0,0,0,0,0,0,0,0,0,0,0,0,0,0,0,0,0,0,0,0,0,0,0,1,0,0,0,1,0,1,1,1,0,0,1,1,1,1
2026-09-24T12:00:00Z,2026-09-24T13:00:00Z,60,,,,0,1,,,,0,1,5081.0,2026-09-24T01:50:10Z,609.8333333333334,1,0,902.0,2026-09-24T01:50:10Z,609.8333333333334,1,0,4179.0,2026-09-24T01:50:10Z,609.8333333333334,1,0,202.43,2026-09-24T01:00:35Z,659.4166666666666,1,1,477.0,2026-09-24T01:00:35Z,659.4166666666666,1,0,4410.54,2026-09-24T01:00:35Z,659.4166666666666,1,0,0.0,2026-09-24T01:00:35Z,659.4166666666666,1,0,-8.97,2026-09-24T01:00:35Z,659.4166666666666,1,0,5081.0,2026-09-24T01:00:35Z,659.4166666666666,1,0,500.0,2026-09-23T06:00:11Z,1799.8166666666666,1,1,530.0,2026-09-23T06:00:11Z,1799.8166666666666,1,1,513.0,2026-09-23T06:00:11Z,1799.8166666666666,1,1,500.0,2026-09-23T06:00:11Z,1799.8166666666666,1,1,500.0,2026-09-23T06:00:11Z,1799.8166666666666,1,1,504.0,2026-09-23T06:00:11Z,1799.8166666666666,1,1,,,,0,1,,,,0,1,,,,0,1,4400.321,2026-09-24T00:13:43Z,706.2833333333333,1,0,4400.321,2026-09-24T00:13:40Z,706.3333333333334,1,0,811.357,2026-09-24T00:13:40Z,706.3333333333334,1,0,3588.964,2026-09-24T00:13:40Z,706.3333333333334,1,0,3245.221,2026-09-24T01:00:36Z,,659.4,1,1,-17.557,2026-09-24T01:47:45Z,2026-09-24T01:30:00Z,612.25,1,1,97.77,2026-09-24T01:47:45Z,2026-09-24T01:30:00Z,612.25,1,1,9799.771,2026-09-24T01:47:45Z,2026-09-24T01:30:00Z,612.25,1,1,4254.922,2026-09-24T01:47:45Z,2026-09-24T01:30:00Z,612.25,1,1,353.766,2026-09-24T01:47:45Z,2026-09-24T01:30:00Z,612.25,1,1,-37.505,2026-09-24T01:30:05Z,2026-09-24T01:00:00Z,629.9166666666666,1,1,105.91,2026-09-24T01:30:05Z,2026-09-24T01:00:00Z,629.9166666666666,1,1,0.024,2026-09-24T01:00:37Z,,659.3833333333333,1,1,0.0,2026-09-24T01:00:37Z,,659.3833333333333,1,1,3437.2105,254.74650000000003,204.605,372.545,2026-08-31T23:00:00Z,33900.0,1,,,,202.43,3901.1559999999995,,,,,1,1,1,1,1,1,0,0,0,0,0,0,0,0,0,0,0,0,0,0,0,0,0,0,0,0,0,0,0,0,0,0,0,0,0,0,0,0,0,0,0,0,0,0,0,0,0,0,0,0,0,1,1,1,1,1,1,1,1,1,0,0,0,0,0,0,0,0,0,0,0,0,0,0,1,0,0,0,0,0,0,0,0,0,0,0,0,0,0,0,0,0,0,0,0,0,0,0,0,0,0,0,0,0,0,0,1,0,0,0,1,0,1,1,1,0,0,1,1,1,1
2026-09-24T12:30:00Z,2026-09-24T13:00:00Z,30,,,,0,1,,,,0,1,5081.0,2026-09-24T01:50:10Z,639.8333333333334,1,0,902.0,2026-09-24T01:50:10Z,639.8333333333334,1,0,4179.0,2026-09-24T01:50:10Z,639.8333333333334,1,0,202.43,2026-09-24T01:00:35Z,689.4166666666666,1,1,477.0,2026-09-24T01:00:35Z,689.4166666666666,1,0,4410.54,2026-09-24T01:00:35Z,689.4166666666666,1,0,0.0,2026-09-24T01:00:35Z,689.4166666666666,1,0,-8.97,2026-09-24T01:00:35Z,689.4166666666666,1,0,5081.0,2026-09-24T01:00:35Z,689.4166666666666,1,0,500.0,2026-09-23T06:00:11Z,1829.8166666666666,1,1,530.0,2026-09-23T06:00:11Z,1829.8166666666666,1,1,513.0,2026-09-23T06:00:11Z,1829.8166666666666,1,1,500.0,2026-09-23T06:00:11Z,1829.8166666666666,1,1,500.0,2026-09-23T06:00:11Z,1829.8166666666666,1,1,504.0,2026-09-23T06:00:11Z,1829.8166666666666,1,1,,,,0,1,,,,0,1,,,,0,1,4400.321,2026-09-24T00:13:43Z,736.2833333333333,1,0,4400.321,2026-09-24T00:13:40Z,736.3333333333334,1,0,811.357,2026-09-24T00:13:40Z,736.3333333333334,1,0,3588.964,2026-09-24T00:13:40Z,736.3333333333334,1,0,3245.221,2026-09-24T01:00:36Z,,689.4,1,1,-17.557,2026-09-24T01:47:45Z,2026-09-24T01:30:00Z,642.25,1,1,97.77,2026-09-24T01:47:45Z,2026-09-24T01:30:00Z,642.25,1,1,9799.771,2026-09-24T01:47:45Z,2026-09-24T01:30:00Z,642.25,1,1,4254.922,2026-09-24T01:47:45Z,2026-09-24T01:30:00Z,642.25,1,1,353.766,2026-09-24T01:47:45Z,2026-09-24T01:30:00Z,642.25,1,1,-37.505,2026-09-24T01:30:05Z,2026-09-24T01:00:00Z,659.9166666666666,1,1,105.91,2026-09-24T01:30:05Z,2026-09-24T01:00:00Z,659.9166666666666,1,1,0.024,2026-09-24T01:00:37Z,,689.3833333333333,1,1,0.0,2026-09-24T01:00:37Z,,689.3833333333333,1,1,3437.2105,254.74650000000003,204.605,372.545,2026-08-31T23:00:00Z,33930.0,1,,,,202.43,3901.1559999999995,,,,,1,1,1,1,1,1,0,0,0,0,0,0,0,0,0,0,0,0,0,0,0,0,0,0,0,0,0,0,0,0,0,0,0,0,0,0,0,0,0,0,0,0,0,0,0,0,0,0,0,0,0,1,1,1,1,1,1,1,1,1,0,0,0,0,0,0,0,0,0,0,0,0,0,0,1,0,0,0,0,0,0,0,0,0,0,0,0,0,0,0,0,0,0,0,0,0,0,0,0,0,0,0,0,0,0,0,1,0,0,0,1,0,1,1,1,0,0,1,1,1,1
2026-09-24T12:30:00Z,2026-09-24T13:30:00Z,60,,,,0,1,,,,0,1,5089.0,2026-09-24T01:50:10Z,639.8333333333334,1,0,895.0,2026-09-24T01:50:10Z,639.8333333333334,1,0,4194.0,2026-09-24T01:50:10Z,639.8333333333334,1,0,199.281,2026-09-24T01:00:35Z,689.4166666666666,1,1,513.0,2026-09-24T01:00:35Z,689.4166666666666,1,0,4379.639,2026-09-24T01:00:35Z,689.4166666666666,1,0,0.0,2026-09-24T01:00:35Z,689.4166666666666,1,0,-2.92,2026-09-24T01:00:35Z,689.4166666666666,1,0,5089.0,2026-09-24T01:00:35Z,689.4166666666666,1,0,500.0,2026-09-23T06:00:11Z,1829.8166666666666,1,1,530.0,2026-09-23T06:00:11Z,1829.8166666666666,1,1,513.0,2026-09-23T06:00:11Z,1829.8166666666666,1,1,500.0,2026-09-23T06:00:11Z,1829.8166666666666,1,1,500.0,2026-09-23T06:00:11Z,1829.8166666666666,1,1,504.0,2026-09-23T06:00:11Z,1829.8166666666666,1,1,,,,0,1,,,,0,1,,,,0,1,4369.8035,2026-09-24T00:13:43Z,736.2833333333333,1,0,4369.8035,2026-09-24T00:13:40Z,736.3333333333334,1,0,800.8475000000001,2026-09-24T00:13:40Z,736.3333333333334,1,0,3568.956,2026-09-24T00:13:40Z,736.3333333333334,1,0,3245.221,2026-09-24T01:00:36Z,,689.4,1,1,-17.557,2026-09-24T01:47:45Z,2026-09-24T01:30:00Z,642.25,1,1,97.77,2026-09-24T01:47:45Z,2026-09-24T01:30:00Z,642.25,1,1,9799.771,2026-09-24T01:47:45Z,2026-09-24T01:30:00Z,642.25,1,1,4254.922,2026-09-24T01:47:45Z,2026-09-24T01:30:00Z,642.25,1,1,353.766,2026-09-24T01:47:45Z,2026-09-24T01:30:00Z,642.25,1,1,-37.505,2026-09-24T01:30:05Z,2026-09-24T01:00:00Z,659.9166666666666,1,1,105.91,2026-09-24T01:30:05Z,2026-09-24T01:00:00Z,659.9166666666666,1,1,0.024,2026-09-24T01:00:37Z,,689.3833333333333,1,1,0.0,2026-09-24T01:00:37Z,,689.3833333333333,1,1,3437.2105,254.74650000000003,204.605,372.545,2026-08-31T23:00:00Z,33930.0,1,,,,199.281,3901.1559999999995,,,,,1,1,1,1,1,1,0,0,0,0,0,0,0,0,0,0,0,0,0,0,0,0,0,0,0,0,0,0,0,0,0,0,0,0,0,0,0,0,0,0,0,0,0,0,0,0,0,0,0,0,0,1,1,1,1,1,1,1,1,1,0,0,0,0,0,0,0,0,0,0,0,0,0,0,1,0,0,0,0,0,0,0,0,0,0,0,0,0,0,0,0,0,0,0,0,0,0,0,0,0,0,0,0,0,0,0,1,0,0,0,1,0,1,1,1,0,0,1,1,1,1
2026-09-24T13:00:00Z,2026-09-24T13:30:00Z,30,,,,0,1,,,,0,1,5089.0,2026-09-24T01:50:10Z,669.8333333333334,1,0,895.0,2026-09-24T01:50:10Z,669.8333333333334,1,0,4194.0,2026-09-24T01:50:10Z,669.8333333333334,1,0,199.281,2026-09-24T01:00:35Z,719.4166666666666,1,1,513.0,2026-09-24T01:00:35Z,719.4166666666666,1,0,4379.639,2026-09-24T01:00:35Z,719.4166666666666,1,0,0.0,2026-09-24T01:00:35Z,719.4166666666666,1,0,-2.92,2026-09-24T01:00:35Z,719.4166666666666,1,0,5089.0,2026-09-24T01:00:35Z,719.4166666666666,1,0,500.0,2026-09-23T06:00:11Z,1859.8166666666666,1,1,530.0,2026-09-23T06:00:11Z,1859.8166666666666,1,1,513.0,2026-09-23T06:00:11Z,1859.8166666666666,1,1,500.0,2026-09-23T06:00:11Z,1859.8166666666666,1,1,500.0,2026-09-23T06:00:11Z,1859.8166666666666,1,1,504.0,2026-09-23T06:00:11Z,1859.8166666666666,1,1,,,,0,1,,,,0,1,,,,0,1,4369.8035,2026-09-24T00:13:43Z,766.2833333333333,1,0,4369.8035,2026-09-24T00:13:40Z,766.3333333333334,1,0,800.8475000000001,2026-09-24T00:13:40Z,766.3333333333334,1,0,3568.956,2026-09-24T00:13:40Z,766.3333333333334,1,0,3245.221,2026-09-24T01:00:36Z,,719.4,1,1,-17.557,2026-09-24T01:47:45Z,2026-09-24T01:30:00Z,672.25,1,1,97.77,2026-09-24T01:47:45Z,2026-09-24T01:30:00Z,672.25,1,1,9799.771,2026-09-24T01:47:45Z,2026-09-24T01:30:00Z,672.25,1,1,4254.922,2026-09-24T01:47:45Z,2026-09-24T01:30:00Z,672.25,1,1,353.766,2026-09-24T01:47:45Z,2026-09-24T01:30:00Z,672.25,1,1,-37.505,2026-09-24T01:30:05Z,2026-09-24T01:00:00Z,689.9166666666666,1,1,105.91,2026-09-24T01:30:05Z,2026-09-24T01:00:00Z,689.9166666666666,1,1,0.024,2026-09-24T01:00:37Z,,719.3833333333333,1,1,0.0,2026-09-24T01:00:37Z,,719.3833333333333,1,1,3437.2105,254.74650000000003,204.605,372.545,2026-08-31T23:00:00Z,33960.0,1,,,,199.281,3901.1559999999995,,,,,1,1,1,1,1,1,0,0,0,0,0,0,0,0,0,0,0,0,0,0,0,0,0,0,0,0,0,0,0,0,0,0,0,0,0,0,0,0,0,0,0,0,0,0,0,0,0,0,0,0,0,1,1,1,1,1,1,1,1,1,0,0,0,0,0,0,0,0,0,0,0,0,0,0,1,0,0,0,0,0,0,0,0,0,0,0,0,0,0,0,0,0,0,0,0,0,0,0,0,0,0,0,0,0,0,0,1,0,0,0,1,0,1,1,1,0,0,1,1,1,1
2026-09-24T13:00:00Z,2026-09-24T14:00:00Z,60,,,,0,1,,,,0,1,5128.0,2026-09-24T01:50:10Z,669.8333333333334,1,0,898.0,2026-09-24T01:50:10Z,669.8333333333334,1,0,4230.0,2026-09-24T01:50:10Z,669.8333333333334,1,0,233.479,2026-09-24T01:00:35Z,719.4166666666666,1,1,401.0,2026-09-24T01:00:35Z,719.4166666666666,1,0,4351.581,2026-09-24T01:00:35Z,719.4166666666666,1,0,0.0,2026-09-24T01:00:35Z,719.4166666666666,1,0,141.94,2026-09-24T01:00:35Z,719.4166666666666,1,0,5128.0,2026-09-24T01:00:35Z,719.4166666666666,1,0,500.0,2026-09-23T06:00:11Z,1859.8166666666666,1,1,530.0,2026-09-23T06:00:11Z,1859.8166666666666,1,1,513.0,2026-09-23T06:00:11Z,1859.8166666666666,1,1,500.0,2026-09-23T06:00:11Z,1859.8166666666666,1,1,500.0,2026-09-23T06:00:11Z,1859.8166666666666,1,1,504.0,2026-09-23T06:00:11Z,1859.8166666666666,1,1,,,,0,1,,,,0,1,,,,0,1,4309.008,2026-09-24T00:13:43Z,766.2833333333333,1,0,4309.008,2026-09-24T00:13:40Z,766.3333333333334,1,0,787.7475,2026-09-24T00:13:40Z,766.3333333333334,1,0,3521.2605000000003,2026-09-24T00:13:40Z,766.3333333333334,1,0,3245.221,2026-09-24T01:00:36Z,,719.4,1,1,-17.557,2026-09-24T01:47:45Z,2026-09-24T01:30:00Z,672.25,1,1,97.77,2026-09-24T01:47:45Z,2026-09-24T01:30:00Z,672.25,1,1,9799.771,2026-09-24T01:47:45Z,2026-09-24T01:30:00Z,672.25,1,1,4254.922,2026-09-24T01:47:45Z,2026-09-24T01:30:00Z,672.25,1,1,353.766,2026-09-24T01:47:45Z,2026-09-24T01:30:00Z,672.25,1,1,-37.505,2026-09-24T01:30:05Z,2026-09-24T01:00:00Z,689.9166666666666,1,1,105.91,2026-09-24T01:30:05Z,2026-09-24T01:00:00Z,689.9166666666666,1,1,0.024,2026-09-24T01:00:37Z,,719.3833333333333,1,1,0.0,2026-09-24T01:00:37Z,,719.3833333333333,1,1,3437.2105,254.74650000000003,204.605,372.545,2026-08-31T23:00:00Z,33960.0,1,,,,233.479,3901.1559999999995,,,,,1,1,1,1,1,1,0,0,0,0,0,0,0,0,0,0,0,0,0,0,0,0,0,0,0,0,0,0,0,0,0,0,0,0,0,0,0,0,0,0,0,0,0,0,0,0,0,0,0,0,0,1,1,1,1,1,1,1,1,1,0,0,0,0,0,0,0,0,0,0,0,0,0,0,1,0,0,0,0,0,0,0,0,0,0,0,0,0,0,0,0,0,0,0,0,0,0,0,0,0,0,0,0,0,0,0,1,0,0,0,1,0,1,1,1,0,0,1,1,1,1
2026-09-24T13:30:00Z,2026-09-24T14:00:00Z,30,,,,0,1,,,,0,1,5128.0,2026-09-24T01:50:10Z,699.8333333333334,1,0,898.0,2026-09-24T01:50:10Z,699.8333333333334,1,0,4230.0,2026-09-24T01:50:10Z,699.8333333333334,1,0,233.479,2026-09-24T01:00:35Z,749.4166666666666,1,1,401.0,2026-09-24T01:00:35Z,749.4166666666666,1,0,4351.581,2026-09-24T01:00:35Z,749.4166666666666,1,0,0.0,2026-09-24T01:00:35Z,749.4166666666666,1,0,141.94,2026-09-24T01:00:35Z,749.4166666666666,1,0,5128.0,2026-09-24T01:00:35Z,749.4166666666666,1,0,500.0,2026-09-23T06:00:11Z,1889.8166666666666,1,1,530.0,2026-09-23T06:00:11Z,1889.8166666666666,1,1,513.0,2026-09-23T06:00:11Z,1889.8166666666666,1,1,500.0,2026-09-23T06:00:11Z,1889.8166666666666,1,1,500.0,2026-09-23T06:00:11Z,1889.8166666666666,1,1,504.0,2026-09-23T06:00:11Z,1889.8166666666666,1,1,,,,0,1,,,,0,1,,,,0,1,4309.008,2026-09-24T00:13:43Z,796.2833333333333,1,0,4309.008,2026-09-24T00:13:40Z,796.3333333333334,1,0,787.7475,2026-09-24T00:13:40Z,796.3333333333334,1,0,3521.2605000000003,2026-09-24T00:13:40Z,796.3333333333334,1,0,3245.221,2026-09-24T01:00:36Z,,749.4,1,1,-17.557,2026-09-24T01:47:45Z,2026-09-24T01:30:00Z,702.25,1,1,97.77,2026-09-24T01:47:45Z,2026-09-24T01:30:00Z,702.25,1,1,9799.771,2026-09-24T01:47:45Z,2026-09-24T01:30:00Z,702.25,1,1,4254.922,2026-09-24T01:47:45Z,2026-09-24T01:30:00Z,702.25,1,1,353.766,2026-09-24T01:47:45Z,2026-09-24T01:30:00Z,702.25,1,1,-37.505,2026-09-24T01:30:05Z,2026-09-24T01:00:00Z,719.9166666666666,1,1,105.91,2026-09-24T01:30:05Z,2026-09-24T01:00:00Z,719.9166666666666,1,1,0.024,2026-09-24T01:00:37Z,,749.3833333333333,1,1,0.0,2026-09-24T01:00:37Z,,749.3833333333333,1,1,3437.2105,254.74650000000003,204.605,372.545,2026-08-31T23:00:00Z,33990.0,1,,,,233.479,3901.1559999999995,,,,,1,1,1,1,1,1,0,0,0,0,0,0,0,0,0,0,0,0,0,0,0,0,0,0,0,0,0,0,0,0,0,0,0,0,0,0,0,0,0,0,0,0,0,0,0,0,0,0,0,0,0,1,1,1,1,1,1,1,1,1,0,0,0,0,0,0,0,0,0,0,0,0,0,0,1,0,0,0,0,0,0,0,0,0,0,0,0,0,0,0,0,0,0,0,0,0,0,0,0,0,0,0,0,0,0,0,1,0,0,0,1,0,1,1,1,0,0,1,1,1,1
2026-09-24T13:30:00Z,2026-09-24T14:30:00Z,60,,,,0,1,,,,0,1,5192.0,2026-09-24T01:50:10Z,699.8333333333334,1,0,897.0,2026-09-24T01:50:10Z,699.8333333333334,1,0,4295.0,2026-09-24T01:50:10Z,699.8333333333334,1,0,96.514,2026-09-24T01:00:35Z,749.4166666666666,1,1,266.0,2026-09-24T01:00:35Z,749.4166666666666,1,0,4196.896,2026-09-24T01:00:35Z,749.4166666666666,1,0,0.0,2026-09-24T01:00:35Z,749.4166666666666,1,0,632.59,2026-09-24T01:00:35Z,749.4166666666666,1,0,5192.0,2026-09-24T01:00:35Z,749.4166666666666,1,0,500.0,2026-09-23T06:00:11Z,1889.8166666666666,1,1,530.0,2026-09-23T06:00:11Z,1889.8166666666666,1,1,513.0,2026-09-23T06:00:11Z,1889.8166666666666,1,1,500.0,2026-09-23T06:00:11Z,1889.8166666666666,1,1,500.0,2026-09-23T06:00:11Z,1889.8166666666666,1,1,504.0,2026-09-23T06:00:11Z,1889.8166666666666,1,1,,,,0,1,,,,0,1,,,,0,1,4157.379,2026-09-24T00:13:43Z,796.2833333333333,1,0,4157.379,2026-09-24T00:13:40Z,796.3333333333334,1,0,766.879,2026-09-24T00:13:40Z,796.3333333333334,1,0,3390.5,2026-09-24T00:13:40Z,796.3333333333334,1,0,3245.221,2026-09-24T01:00:36Z,,749.4,1,1,-17.557,2026-09-24T01:47:45Z,2026-09-24T01:30:00Z,702.25,1,1,97.77,2026-09-24T01:47:45Z,2026-09-24T01:30:00Z,702.25,1,1,9799.771,2026-09-24T01:47:45Z,2026-09-24T01:30:00Z,702.25,1,1,4254.922,2026-09-24T01:47:45Z,2026-09-24T01:30:00Z,702.25,1,1,353.766,2026-09-24T01:47:45Z,2026-09-24T01:30:00Z,702.25,1,1,-37.505,2026-09-24T01:30:05Z,2026-09-24T01:00:00Z,719.9166666666666,1,1,105.91,2026-09-24T01:30:05Z,2026-09-24T01:00:00Z,719.9166666666666,1,1,0.024,2026-09-24T01:00:37Z,,749.3833333333333,1,1,0.0,2026-09-24T01:00:37Z,,749.3833333333333,1,1,3437.2105,254.74650000000003,204.605,372.545,2026-08-31T23:00:00Z,33990.0,1,,,,96.514,3901.1559999999995,,,,,1,1,1,1,1,1,0,0,0,0,0,0,0,0,0,0,0,0,0,0,0,0,0,0,0,0,0,0,0,0,0,0,0,0,0,0,0,0,0,0,0,0,0,0,0,0,0,0,0,0,0,1,1,1,1,1,1,1,1,1,0,0,0,0,0,0,0,0,0,0,0,0,0,0,1,0,0,0,0,0,0,0,0,0,0,0,0,0,0,0,0,0,0,0,0,0,0,0,0,0,0,0,0,0,0,0,1,0,0,0,1,0,1,1,1,0,0,1,1,1,1
2026-09-24T14:00:00Z,2026-09-24T14:30:00Z,30,,,,0,1,,,,0,1,5192.0,2026-09-24T01:50:10Z,729.8333333333334,1,0,897.0,2026-09-24T01:50:10Z,729.8333333333334,1,0,4295.0,2026-09-24T01:50:10Z,729.8333333333334,1,0,96.514,2026-09-24T01:00:35Z,779.4166666666666,1,1,266.0,2026-09-24T01:00:35Z,779.4166666666666,1,0,4196.896,2026-09-24T01:00:35Z,779.4166666666666,1,0,0.0,2026-09-24T01:00:35Z,779.4166666666666,1,0,632.59,2026-09-24T01:00:35Z,779.4166666666666,1,0,5192.0,2026-09-24T01:00:35Z,779.4166666666666,1,0,500.0,2026-09-23T06:00:11Z,1919.8166666666666,1,1,530.0,2026-09-23T06:00:11Z,1919.8166666666666,1,1,513.0,2026-09-23T06:00:11Z,1919.8166666666666,1,1,500.0,2026-09-23T06:00:11Z,1919.8166666666666,1,1,500.0,2026-09-23T06:00:11Z,1919.8166666666666,1,1,504.0,2026-09-23T06:00:11Z,1919.8166666666666,1,1,,,,0,1,,,,0,1,,,,0,1,4157.379,2026-09-24T00:13:43Z,826.2833333333333,1,0,4157.379,2026-09-24T00:13:40Z,826.3333333333334,1,0,766.879,2026-09-24T00:13:40Z,826.3333333333334,1,0,3390.5,2026-09-24T00:13:40Z,826.3333333333334,1,0,3245.221,2026-09-24T01:00:36Z,,779.4,1,1,-17.557,2026-09-24T01:47:45Z,2026-09-24T01:30:00Z,732.25,1,1,97.77,2026-09-24T01:47:45Z,2026-09-24T01:30:00Z,732.25,1,1,9799.771,2026-09-24T01:47:45Z,2026-09-24T01:30:00Z,732.25,1,1,4254.922,2026-09-24T01:47:45Z,2026-09-24T01:30:00Z,732.25,1,1,353.766,2026-09-24T01:47:45Z,2026-09-24T01:30:00Z,732.25,1,1,-37.505,2026-09-24T01:30:05Z,2026-09-24T01:00:00Z,749.9166666666666,1,1,105.91,2026-09-24T01:30:05Z,2026-09-24T01:00:00Z,749.9166666666666,1,1,0.024,2026-09-24T01:00:37Z,,779.3833333333333,1,1,0.0,2026-09-24T01:00:37Z,,779.3833333333333,1,1,3437.2105,254.74650000000003,204.605,372.545,2026-08-31T23:00:00Z,34020.0,1,,,,96.514,3901.1559999999995,,,,,1,1,1,1,1,1,0,0,0,0,0,0,0,0,0,0,0,0,0,0,0,0,0,0,0,0,0,0,0,0,0,0,0,0,0,0,0,0,0,0,0,0,0,0,0,0,0,0,0,0,0,1,1,1,1,1,1,1,1,1,0,0,0,0,0,0,0,0,0,0,0,0,0,0,1,0,0,0,0,0,0,0,0,0,0,0,0,0,0,0,0,0,0,0,0,0,0,0,0,0,0,0,0,0,0,0,1,0,0,0,1,0,1,1,1,0,0,1,1,1,1
2026-09-24T14:00:00Z,2026-09-24T15:00:00Z,60,,,,0,1,,,,0,1,5262.0,2026-09-24T01:50:10Z,729.8333333333334,1,0,924.0,2026-09-24T01:50:10Z,729.8333333333334,1,0,4338.0,2026-09-24T01:50:10Z,729.8333333333334,1,0,-57.891,2026-09-24T01:00:35Z,779.4166666666666,1,1,86.0,2026-09-24T01:00:35Z,779.4166666666666,1,0,4045.121,2026-09-24T01:00:35Z,779.4166666666666,1,0,0.0,2026-09-24T01:00:35Z,779.4166666666666,1,0,1188.77,2026-09-24T01:00:35Z,779.4166666666666,1,0,5262.0,2026-09-24T01:00:35Z,779.4166666666666,1,0,500.0,2026-09-23T06:00:11Z,1919.8166666666666,1,1,530.0,2026-09-23T06:00:11Z,1919.8166666666666,1,1,513.0,2026-09-23T06:00:11Z,1919.8166666666666,1,1,500.0,2026-09-23T06:00:11Z,1919.8166666666666,1,1,500.0,2026-09-23T06:00:11Z,1919.8166666666666,1,1,504.0,2026-09-23T06:00:11Z,1919.8166666666666,1,1,,,,0,1,,,,0,1,,,,0,1,3983.3895,2026-09-24T00:13:43Z,826.2833333333333,1,0,3983.3895,2026-09-24T00:13:40Z,826.3333333333334,1,0,742.5725,2026-09-24T00:13:40Z,826.3333333333334,1,0,3240.817,2026-09-24T00:13:40Z,826.3333333333334,1,0,3245.221,2026-09-24T01:00:36Z,,779.4,1,1,-17.557,2026-09-24T01:47:45Z,2026-09-24T01:30:00Z,732.25,1,1,97.77,2026-09-24T01:47:45Z,2026-09-24T01:30:00Z,732.25,1,1,9799.771,2026-09-24T01:47:45Z,2026-09-24T01:30:00Z,732.25,1,1,4254.922,2026-09-24T01:47:45Z,2026-09-24T01:30:00Z,732.25,1,1,353.766,2026-09-24T01:47:45Z,2026-09-24T01:30:00Z,732.25,1,1,-37.505,2026-09-24T01:30:05Z,2026-09-24T01:00:00Z,749.9166666666666,1,1,105.91,2026-09-24T01:30:05Z,2026-09-24T01:00:00Z,749.9166666666666,1,1,0.024,2026-09-24T01:00:37Z,,779.3833333333333,1,1,0.0,2026-09-24T01:00:37Z,,779.3833333333333,1,1,3437.2105,254.74650000000003,204.605,372.545,2026-08-31T23:00:00Z,34020.0,1,,,,-57.891,3901.1559999999995,,,,,1,1,1,1,1,1,0,0,0,0,0,0,0,0,0,0,0,0,0,0,0,0,0,0,0,0,0,0,0,0,0,0,0,0,0,0,0,0,0,0,0,0,0,0,0,0,0,0,0,0,0,1,1,1,1,1,1,1,1,1,0,0,0,0,0,0,0,0,0,0,0,0,0,0,1,0,0,0,0,0,0,0,0,0,0,0,0,0,0,0,0,0,0,0,0,0,0,0,0,0,0,0,0,0,0,0,1,0,0,0,1,0,1,1,1,0,0,1,1,1,1
2026-09-24T14:30:00Z,2026-09-24T15:00:00Z,30,,,,0,1,,,,0,1,5262.0,2026-09-24T01:50:10Z,759.8333333333334,1,0,924.0,2026-09-24T01:50:10Z,759.8333333333334,1,0,4338.0,2026-09-24T01:50:10Z,759.8333333333334,1,0,-57.891,2026-09-24T01:00:35Z,809.4166666666666,1,1,86.0,2026-09-24T01:00:35Z,809.4166666666666,1,0,4045.121,2026-09-24T01:00:35Z,809.4166666666666,1,0,0.0,2026-09-24T01:00:35Z,809.4166666666666,1,0,1188.77,2026-09-24T01:00:35Z,809.4166666666666,1,0,5262.0,2026-09-24T01:00:35Z,809.4166666666666,1,0,500.0,2026-09-23T06:00:11Z,1949.8166666666666,1,1,530.0,2026-09-23T06:00:11Z,1949.8166666666666,1,1,513.0,2026-09-23T06:00:11Z,1949.8166666666666,1,1,500.0,2026-09-23T06:00:11Z,1949.8166666666666,1,1,500.0,2026-09-23T06:00:11Z,1949.8166666666666,1,1,504.0,2026-09-23T06:00:11Z,1949.8166666666666,1,1,,,,0,1,,,,0,1,,,,0,1,3983.3895,2026-09-24T00:13:43Z,856.2833333333333,1,0,3983.3895,2026-09-24T00:13:40Z,856.3333333333334,1,0,742.5725,2026-09-24T00:13:40Z,856.3333333333334,1,0,3240.817,2026-09-24T00:13:40Z,856.3333333333334,1,0,3245.221,2026-09-24T01:00:36Z,,809.4,1,1,-17.557,2026-09-24T01:47:45Z,2026-09-24T01:30:00Z,762.25,1,1,97.77,2026-09-24T01:47:45Z,2026-09-24T01:30:00Z,762.25,1,1,9799.771,2026-09-24T01:47:45Z,2026-09-24T01:30:00Z,762.25,1,1,4254.922,2026-09-24T01:47:45Z,2026-09-24T01:30:00Z,762.25,1,1,353.766,2026-09-24T01:47:45Z,2026-09-24T01:30:00Z,762.25,1,1,-37.505,2026-09-24T01:30:05Z,2026-09-24T01:00:00Z,779.9166666666666,1,1,105.91,2026-09-24T01:30:05Z,2026-09-24T01:00:00Z,779.9166666666666,1,1,0.024,2026-09-24T01:00:37Z,,809.3833333333333,1,1,0.0,2026-09-24T01:00:37Z,,809.3833333333333,1,1,3437.2105,254.74650000000003,204.605,372.545,2026-08-31T23:00:00Z,34050.0,1,,,,-57.891,3901.1559999999995,,,,,1,1,1,1,1,1,0,0,0,0,0,0,0,0,0,0,0,0,0,0,0,0,0,0,0,0,0,0,0,0,0,0,0,0,0,0,0,0,0,0,0,0,0,0,0,0,0,0,0,0,0,1,1,1,1,1,1,1,1,1,0,0,0,0,0,0,0,0,0,0,0,0,0,0,1,0,0,0,0,0,0,0,0,0,0,0,0,0,0,0,0,0,0,0,0,0,0,0,0,0,0,0,0,0,0,0,1,0,0,0,1,0,1,1,1,0,0,1,1,1,1
2026-09-24T14:30:00Z,2026-09-24T15:30:00Z,60,,,,0,1,,,,0,1,5385.0,2026-09-24T01:50:10Z,759.8333333333334,1,0,953.0,2026-09-24T01:50:10Z,759.8333333333334,1,0,4432.0,2026-09-24T01:50:10Z,759.8333333333334,1,0,62.137,2026-09-24T01:00:35Z,809.4166666666666,1,1,100.0,2026-09-24T01:00:35Z,809.4166666666666,1,0,3804.113,2026-09-24T01:00:35Z,809.4166666666666,1,0,0.0,2026-09-24T01:00:35Z,809.4166666666666,1,0,1418.75,2026-09-24T01:00:35Z,809.4166666666666,1,0,5385.0,2026-09-24T01:00:35Z,809.4166666666666,1,0,500.0,2026-09-23T06:00:11Z,1949.8166666666666,1,1,530.0,2026-09-23T06:00:11Z,1949.8166666666666,1,1,513.0,2026-09-23T06:00:11Z,1949.8166666666666,1,1,500.0,2026-09-23T06:00:11Z,1949.8166666666666,1,1,500.0,2026-09-23T06:00:11Z,1949.8166666666666,1,1,504.0,2026-09-23T06:00:11Z,1949.8166666666666,1,1,,,,0,1,,,,0,1,,,,0,1,3742.3525,2026-09-24T00:13:43Z,856.2833333333333,1,0,3742.3525,2026-09-24T00:13:40Z,856.3333333333334,1,0,707.97,2026-09-24T00:13:40Z,856.3333333333334,1,0,3034.3824999999997,2026-09-24T00:13:40Z,856.3333333333334,1,0,3245.221,2026-09-24T01:00:36Z,,809.4,1,1,-17.557,2026-09-24T01:47:45Z,2026-09-24T01:30:00Z,762.25,1,1,97.77,2026-09-24T01:47:45Z,2026-09-24T01:30:00Z,762.25,1,1,9799.771,2026-09-24T01:47:45Z,2026-09-24T01:30:00Z,762.25,1,1,4254.922,2026-09-24T01:47:45Z,2026-09-24T01:30:00Z,762.25,1,1,353.766,2026-09-24T01:47:45Z,2026-09-24T01:30:00Z,762.25,1,1,-37.505,2026-09-24T01:30:05Z,2026-09-24T01:00:00Z,779.9166666666666,1,1,105.91,2026-09-24T01:30:05Z,2026-09-24T01:00:00Z,779.9166666666666,1,1,0.024,2026-09-24T01:00:37Z,,809.3833333333333,1,1,0.0,2026-09-24T01:00:37Z,,809.3833333333333,1,1,3437.2105,254.74650000000003,204.605,372.545,2026-08-31T23:00:00Z,34050.0,1,,,,62.137,3901.1559999999995,,,,,1,1,1,1,1,1,0,0,0,0,0,0,0,0,0,0,0,0,0,0,0,0,0,0,0,0,0,0,0,0,0,0,0,0,0,0,0,0,0,0,0,0,0,0,0,0,0,0,0,0,0,1,1,1,1,1,1,1,1,1,0,0,0,0,0,0,0,0,0,0,0,0,0,0,1,0,0,0,0,0,0,0,0,0,0,0,0,0,0,0,0,0,0,0,0,0,0,0,0,0,0,0,0,0,0,0,1,0,0,0,1,0,1,1,1,0,0,1,1,1,1
2026-09-24T15:00:00Z,2026-09-24T15:30:00Z,30,,,,0,1,,,,0,1,5385.0,2026-09-24T01:50:10Z,789.8333333333334,1,0,953.0,2026-09-24T01:50:10Z,789.8333333333334,1,0,4432.0,2026-09-24T01:50:10Z,789.8333333333334,1,0,62.137,2026-09-24T01:00:35Z,839.4166666666666,1,1,100.0,2026-09-24T01:00:35Z,839.4166666666666,1,0,3804.113,2026-09-24T01:00:35Z,839.4166666666666,1,0,0.0,2026-09-24T01:00:35Z,839.4166666666666,1,0,1418.75,2026-09-24T01:00:35Z,839.4166666666666,1,0,5385.0,2026-09-24T01:00:35Z,839.4166666666666,1,0,500.0,2026-09-23T06:00:11Z,1979.8166666666666,1,1,530.0,2026-09-23T06:00:11Z,1979.8166666666666,1,1,513.0,2026-09-23T06:00:11Z,1979.8166666666666,1,1,500.0,2026-09-23T06:00:11Z,1979.8166666666666,1,1,500.0,2026-09-23T06:00:11Z,1979.8166666666666,1,1,504.0,2026-09-23T06:00:11Z,1979.8166666666666,1,1,,,,0,1,,,,0,1,,,,0,1,3742.3525,2026-09-24T00:13:43Z,886.2833333333333,1,0,3742.3525,2026-09-24T00:13:40Z,886.3333333333334,1,0,707.97,2026-09-24T00:13:40Z,886.3333333333334,1,0,3034.3824999999997,2026-09-24T00:13:40Z,886.3333333333334,1,0,3245.221,2026-09-24T01:00:36Z,,839.4,1,1,-17.557,2026-09-24T01:47:45Z,2026-09-24T01:30:00Z,792.25,1,1,97.77,2026-09-24T01:47:45Z,2026-09-24T01:30:00Z,792.25,1,1,9799.771,2026-09-24T01:47:45Z,2026-09-24T01:30:00Z,792.25,1,1,4254.922,2026-09-24T01:47:45Z,2026-09-24T01:30:00Z,792.25,1,1,353.766,2026-09-24T01:47:45Z,2026-09-24T01:30:00Z,792.25,1,1,-37.505,2026-09-24T01:30:05Z,2026-09-24T01:00:00Z,809.9166666666666,1,1,105.91,2026-09-24T01:30:05Z,2026-09-24T01:00:00Z,809.9166666666666,1,1,0.024,2026-09-24T01:00:37Z,,839.3833333333333,1,1,0.0,2026-09-24T01:00:37Z,,839.3833333333333,1,1,3437.2105,254.74650000000003,204.605,372.545,2026-08-31T23:00:00Z,34080.0,1,,,,62.137,3901.1559999999995,,,,,1,1,1,1,1,1,0,0,0,0,0,0,0,0,0,0,0,0,0,0,0,0,0,0,0,0,0,0,0,0,0,0,0,0,0,0,0,0,0,0,0,0,0,0,0,0,0,0,0,0,0,1,1,1,1,1,1,1,1,1,0,0,0,0,0,0,0,0,0,0,0,0,0,0,1,0,0,0,0,0,0,0,0,0,0,0,0,0,0,0,0,0,0,0,0,0,0,0,0,0,0,0,0,0,0,0,1,0,0,0,1,0,1,1,1,0,0,1,1,1,1
2026-09-24T15:00:00Z,2026-09-24T16:00:00Z,60,,,,0,1,,,,0,1,5513.0,2026-09-24T01:50:10Z,789.8333333333334,1,0,999.0,2026-09-24T01:50:10Z,789.8333333333334,1,0,4514.0,2026-09-24T01:50:10Z,789.8333333333334,1,0,-455.924,2026-09-24T01:00:35Z,839.4166666666666,1,1,0.0,2026-09-24T01:00:35Z,839.4166666666666,1,0,3562.824,2026-09-24T01:00:35Z,839.4166666666666,1,0,0.0,2026-09-24T01:00:35Z,839.4166666666666,1,0,2406.1,2026-09-24T01:00:35Z,839.4166666666666,1,0,5513.0,2026-09-24T01:00:35Z,839.4166666666666,1,0,500.0,2026-09-23T06:00:11Z,1979.8166666666666,1,1,530.0,2026-09-23T06:00:11Z,1979.8166666666666,1,1,513.0,2026-09-23T06:00:11Z,1979.8166666666666,1,1,500.0,2026-09-23T06:00:11Z,1979.8166666666666,1,1,500.0,2026-09-23T06:00:11Z,1979.8166666666666,1,1,504.0,2026-09-23T06:00:11Z,1979.8166666666666,1,1,,,,0,1,,,,0,1,,,,0,1,3474.051,2026-09-24T00:13:43Z,886.2833333333333,1,0,3474.051,2026-09-24T00:13:40Z,886.3333333333334,1,0,670.0645,2026-09-24T00:13:40Z,886.3333333333334,1,0,2803.9865,2026-09-24T00:13:40Z,886.3333333333334,1,0,3245.221,2026-09-24T01:00:36Z,,839.4,1,1,-17.557,2026-09-24T01:47:45Z,2026-09-24T01:30:00Z,792.25,1,1,97.77,2026-09-24T01:47:45Z,2026-09-24T01:30:00Z,792.25,1,1,9799.771,2026-09-24T01:47:45Z,2026-09-24T01:30:00Z,792.25,1,1,4254.922,2026-09-24T01:47:45Z,2026-09-24T01:30:00Z,792.25,1,1,353.766,2026-09-24T01:47:45Z,2026-09-24T01:30:00Z,792.25,1,1,-37.505,2026-09-24T01:30:05Z,2026-09-24T01:00:00Z,809.9166666666666,1,1,105.91,2026-09-24T01:30:05Z,2026-09-24T01:00:00Z,809.9166666666666,1,1,0.024,2026-09-24T01:00:37Z,,839.3833333333333,1,1,0.0,2026-09-24T01:00:37Z,,839.3833333333333,1,1,3437.2105,254.74650000000003,204.605,372.545,2026-08-31T23:00:00Z,34080.0,1,,,,-455.924,3901.1559999999995,,,,,1,1,1,1,1,1,0,0,0,0,0,0,0,0,0,0,0,0,0,0,0,0,0,0,0,0,0,0,0,0,0,0,0,0,0,0,0,0,0,0,0,0,0,0,0,0,0,0,0,0,0,1,1,1,1,1,1,1,1,1,0,0,0,0,0,0,0,0,0,0,0,0,0,0,1,0,0,0,0,0,0,0,0,0,0,0,0,0,0,0,0,0,0,0,0,0,0,0,0,0,0,0,0,0,0,0,1,0,0,0,1,0,1,1,1,0,0,1,1,1,1
2026-09-24T15:30:00Z,2026-09-24T16:00:00Z,30,,,,0,1,,,,0,1,5513.0,2026-09-24T01:50:10Z,819.8333333333334,1,0,999.0,2026-09-24T01:50:10Z,819.8333333333334,1,0,4514.0,2026-09-24T01:50:10Z,819.8333333333334,1,0,-455.924,2026-09-24T01:00:35Z,869.4166666666666,1,1,0.0,2026-09-24T01:00:35Z,869.4166666666666,1,0,3562.824,2026-09-24T01:00:35Z,869.4166666666666,1,0,0.0,2026-09-24T01:00:35Z,869.4166666666666,1,0,2406.1,2026-09-24T01:00:35Z,869.4166666666666,1,0,5513.0,2026-09-24T01:00:35Z,869.4166666666666,1,0,500.0,2026-09-23T06:00:11Z,2009.8166666666666,1,1,530.0,2026-09-23T06:00:11Z,2009.8166666666666,1,1,513.0,2026-09-23T06:00:11Z,2009.8166666666666,1,1,500.0,2026-09-23T06:00:11Z,2009.8166666666666,1,1,500.0,2026-09-23T06:00:11Z,2009.8166666666666,1,1,504.0,2026-09-23T06:00:11Z,2009.8166666666666,1,1,,,,0,1,,,,0,1,,,,0,1,3474.051,2026-09-24T00:13:43Z,916.2833333333333,1,0,3474.051,2026-09-24T00:13:40Z,916.3333333333334,1,0,670.0645,2026-09-24T00:13:40Z,916.3333333333334,1,0,2803.9865,2026-09-24T00:13:40Z,916.3333333333334,1,0,3245.221,2026-09-24T01:00:36Z,,869.4,1,1,-17.557,2026-09-24T01:47:45Z,2026-09-24T01:30:00Z,822.25,1,1,97.77,2026-09-24T01:47:45Z,2026-09-24T01:30:00Z,822.25,1,1,9799.771,2026-09-24T01:47:45Z,2026-09-24T01:30:00Z,822.25,1,1,4254.922,2026-09-24T01:47:45Z,2026-09-24T01:30:00Z,822.25,1,1,353.766,2026-09-24T01:47:45Z,2026-09-24T01:30:00Z,822.25,1,1,-37.505,2026-09-24T01:30:05Z,2026-09-24T01:00:00Z,839.9166666666666,1,1,105.91,2026-09-24T01:30:05Z,2026-09-24T01:00:00Z,839.9166666666666,1,1,0.024,2026-09-24T01:00:37Z,,869.3833333333333,1,1,0.0,2026-09-24T01:00:37Z,,869.3833333333333,1,1,3437.2105,254.74650000000003,204.605,372.545,2026-08-31T23:00:00Z,34110.0,1,,,,-455.924,3901.1559999999995,,,,,1,1,1,1,1,1,0,0,0,0,0,0,0,0,0,0,0,0,0,0,0,0,0,0,0,0,0,0,0,0,0,0,0,0,0,0,0,0,0,0,0,0,0,0,0,0,0,0,0,0,0,1,1,1,1,1,1,1,1,1,0,0,0,0,0,0,0,0,0,0,0,0,0,0,1,0,0,0,0,0,0,0,0,0,0,0,0,0,0,0,0,0,0,0,0,0,0,0,0,0,0,0,0,0,0,0,1,0,0,0,1,0,1,1,1,0,0,1,1,1,1
2026-09-24T15:30:00Z,2026-09-24T16:30:00Z,60,,,,0,1,,,,0,1,5626.0,2026-09-24T01:50:10Z,819.8333333333334,1,0,1030.0,2026-09-24T01:50:10Z,819.8333333333334,1,0,4596.0,2026-09-24T01:50:10Z,819.8333333333334,1,0,-156.466,2026-09-24T01:00:35Z,869.4166666666666,1,1,-50.0,2026-09-24T01:00:35Z,869.4166666666666,1,0,3213.166,2026-09-24T01:00:35Z,869.4166666666666,1,0,0.0,2026-09-24T01:00:35Z,869.4166666666666,1,0,2619.3,2026-09-24T01:00:35Z,869.4166666666666,1,0,5626.0,2026-09-24T01:00:35Z,869.4166666666666,1,0,500.0,2026-09-23T06:00:11Z,2009.8166666666666,1,1,530.0,2026-09-23T06:00:11Z,2009.8166666666666,1,1,513.0,2026-09-23T06:00:11Z,2009.8166666666666,1,1,500.0,2026-09-23T06:00:11Z,2009.8166666666666,1,1,500.0,2026-09-23T06:00:11Z,2009.8166666666666,1,1,504.0,2026-09-23T06:00:11Z,2009.8166666666666,1,1,,,,0,1,,,,0,1,,,,0,1,3123.9645,2026-09-24T00:13:43Z,916.2833333333333,1,0,3123.9645,2026-09-24T00:13:40Z,916.3333333333334,1,0,622.2660000000001,2026-09-24T00:13:40Z,916.3333333333334,1,0,2501.6985000000004,2026-09-24T00:13:40Z,916.3333333333334,1,0,3245.221,2026-09-24T01:00:36Z,,869.4,1,1,-17.557,2026-09-24T01:47:45Z,2026-09-24T01:30:00Z,822.25,1,1,97.77,2026-09-24T01:47:45Z,2026-09-24T01:30:00Z,822.25,1,1,9799.771,2026-09-24T01:47:45Z,2026-09-24T01:30:00Z,822.25,1,1,4254.922,2026-09-24T01:47:45Z,2026-09-24T01:30:00Z,822.25,1,1,353.766,2026-09-24T01:47:45Z,2026-09-24T01:30:00Z,822.25,1,1,-37.505,2026-09-24T01:30:05Z,2026-09-24T01:00:00Z,839.9166666666666,1,1,105.91,2026-09-24T01:30:05Z,2026-09-24T01:00:00Z,839.9166666666666,1,1,0.024,2026-09-24T01:00:37Z,,869.3833333333333,1,1,0.0,2026-09-24T01:00:37Z,,869.3833333333333,1,1,3437.2105,254.74650000000003,204.605,372.545,2026-08-31T23:00:00Z,34110.0,1,,,,-156.466,3901.1559999999995,,,,,1,1,1,1,1,1,0,0,0,0,0,0,0,0,0,0,0,0,0,0,0,0,0,0,0,0,0,0,0,0,0,0,0,0,0,0,0,0,0,0,0,0,0,0,0,0,0,0,0,0,0,1,1,1,1,1,1,1,1,1,0,0,0,0,0,0,0,0,0,0,0,0,0,0,1,0,0,0,0,0,0,0,0,0,0,0,0,0,0,0,0,0,0,0,0,0,0,0,0,0,0,0,0,0,0,0,1,0,0,0,1,0,1,1,1,0,0,1,1,1,1
2026-09-24T16:00:00Z,2026-09-24T16:30:00Z,30,,,,0,1,,,,0,1,5626.0,2026-09-24T01:50:10Z,849.8333333333334,1,0,1030.0,2026-09-24T01:50:10Z,849.8333333333334,1,0,4596.0,2026-09-24T01:50:10Z,849.8333333333334,1,0,-156.466,2026-09-24T01:00:35Z,899.4166666666666,1,1,-50.0,2026-09-24T01:00:35Z,899.4166666666666,1,0,3213.166,2026-09-24T01:00:35Z,899.4166666666666,1,0,0.0,2026-09-24T01:00:35Z,899.4166666666666,1,0,2619.3,2026-09-24T01:00:35Z,899.4166666666666,1,0,5626.0,2026-09-24T01:00:35Z,899.4166666666666,1,0,500.0,2026-09-23T06:00:11Z,2039.8166666666666,1,1,530.0,2026-09-23T06:00:11Z,2039.8166666666666,1,1,513.0,2026-09-23T06:00:11Z,2039.8166666666666,1,1,500.0,2026-09-23T06:00:11Z,2039.8166666666666,1,1,500.0,2026-09-23T06:00:11Z,2039.8166666666666,1,1,504.0,2026-09-23T06:00:11Z,2039.8166666666666,1,1,,,,0,1,,,,0,1,,,,0,1,3123.9645,2026-09-24T00:13:43Z,946.2833333333333,1,0,3123.9645,2026-09-24T00:13:40Z,946.3333333333334,1,0,622.2660000000001,2026-09-24T00:13:40Z,946.3333333333334,1,0,2501.6985000000004,2026-09-24T00:13:40Z,946.3333333333334,1,0,3245.221,2026-09-24T01:00:36Z,,899.4,1,1,-17.557,2026-09-24T01:47:45Z,2026-09-24T01:30:00Z,852.25,1,1,97.77,2026-09-24T01:47:45Z,2026-09-24T01:30:00Z,852.25,1,1,9799.771,2026-09-24T01:47:45Z,2026-09-24T01:30:00Z,852.25,1,1,4254.922,2026-09-24T01:47:45Z,2026-09-24T01:30:00Z,852.25,1,1,353.766,2026-09-24T01:47:45Z,2026-09-24T01:30:00Z,852.25,1,1,-37.505,2026-09-24T01:30:05Z,2026-09-24T01:00:00Z,869.9166666666666,1,1,105.91,2026-09-24T01:30:05Z,2026-09-24T01:00:00Z,869.9166666666666,1,1,0.024,2026-09-24T01:00:37Z,,899.3833333333333,1,1,0.0,2026-09-24T01:00:37Z,,899.3833333333333,1,1,3437.2105,254.74650000000003,204.605,372.545,2026-08-31T23:00:00Z,34140.0,1,,,,-156.466,3901.1559999999995,,,,,1,1,1,1,1,1,0,0,0,0,0,0,0,0,0,0,0,0,0,0,0,0,0,0,0,0,0,0,0,0,0,0,0,0,0,0,0,0,0,0,0,0,0,0,0,0,0,0,0,0,0,1,1,1,1,1,1,1,1,1,0,0,0,0,0,0,0,0,0,0,0,0,0,0,1,0,0,0,0,0,0,0,0,0,0,0,0,0,0,0,0,0,0,0,0,0,0,0,0,0,0,0,0,0,0,0,1,0,0,0,1,0,1,1,1,0,0,1,1,1,1
2026-09-24T16:00:00Z,2026-09-24T17:00:00Z,60,,,,0,1,,,,0,1,5629.0,2026-09-24T01:50:10Z,849.8333333333334,1,0,1017.0,2026-09-24T01:50:10Z,849.8333333333334,1,0,4612.0,2026-09-24T01:50:10Z,849.8333333333334,1,0,-58.069,2026-09-24T01:00:35Z,899.4166666666666,1,1,88.0,2026-09-24T01:00:35Z,899.4166666666666,1,0,2863.449,2026-09-24T01:00:35Z,899.4166666666666,1,0,0.0,2026-09-24T01:00:35Z,899.4166666666666,1,0,2735.62,2026-09-24T01:00:35Z,899.4166666666666,1,0,5629.0,2026-09-24T01:00:35Z,899.4166666666666,1,0,500.0,2026-09-23T06:00:11Z,2039.8166666666666,1,1,530.0,2026-09-23T06:00:11Z,2039.8166666666666,1,1,513.0,2026-09-23T06:00:11Z,2039.8166666666666,1,1,500.0,2026-09-23T06:00:11Z,2039.8166666666666,1,1,500.0,2026-09-23T06:00:11Z,2039.8166666666666,1,1,504.0,2026-09-23T06:00:11Z,2039.8166666666666,1,1,,,,0,1,,,,0,1,,,,0,1,2787.9735,2026-09-24T00:13:43Z,946.2833333333333,1,0,2787.9735,2026-09-24T00:13:40Z,946.3333333333334,1,0,576.754,2026-09-24T00:13:40Z,946.3333333333334,1,0,2211.2195,2026-09-24T00:13:40Z,946.3333333333334,1,0,3245.221,2026-09-24T01:00:36Z,,899.4,1,1,-17.557,2026-09-24T01:47:45Z,2026-09-24T01:30:00Z,852.25,1,1,97.77,2026-09-24T01:47:45Z,2026-09-24T01:30:00Z,852.25,1,1,9799.771,2026-09-24T01:47:45Z,2026-09-24T01:30:00Z,852.25,1,1,4254.922,2026-09-24T01:47:45Z,2026-09-24T01:30:00Z,852.25,1,1,353.766,2026-09-24T01:47:45Z,2026-09-24T01:30:00Z,852.25,1,1,-37.505,2026-09-24T01:30:05Z,2026-09-24T01:00:00Z,869.9166666666666,1,1,105.91,2026-09-24T01:30:05Z,2026-09-24T01:00:00Z,869.9166666666666,1,1,0.024,2026-09-24T01:00:37Z,,899.3833333333333,1,1,0.0,2026-09-24T01:00:37Z,,899.3833333333333,1,1,3437.2105,254.74650000000003,204.605,372.545,2026-08-31T23:00:00Z,34140.0,1,,,,-58.069,3901.1559999999995,,,,,1,1,1,1,1,1,0,0,0,0,0,0,0,0,0,0,0,0,0,0,0,0,0,0,0,0,0,0,0,0,0,0,0,0,0,0,0,0,0,0,0,0,0,0,0,0,0,0,0,0,0,1,1,1,1,1,1,1,1,1,0,0,0,0,0,0,0,0,0,0,0,0,0,0,1,0,0,0,0,0,0,0,0,0,0,0,0,0,0,0,0,0,0,0,0,0,0,0,0,0,0,0,0,0,0,0,1,0,0,0,1,0,1,1,1,0,0,1,1,1,1
2026-09-24T16:30:00Z,2026-09-24T17:00:00Z,30,,,,0,1,,,,0,1,5629.0,2026-09-24T01:50:10Z,879.8333333333334,1,0,1017.0,2026-09-24T01:50:10Z,879.8333333333334,1,0,4612.0,2026-09-24T01:50:10Z,879.8333333333334,1,0,-58.069,2026-09-24T01:00:35Z,929.4166666666666,1,1,88.0,2026-09-24T01:00:35Z,929.4166666666666,1,0,2863.449,2026-09-24T01:00:35Z,929.4166666666666,1,0,0.0,2026-09-24T01:00:35Z,929.4166666666666,1,0,2735.62,2026-09-24T01:00:35Z,929.4166666666666,1,0,5629.0,2026-09-24T01:00:35Z,929.4166666666666,1,0,500.0,2026-09-23T06:00:11Z,2069.8166666666666,1,1,530.0,2026-09-23T06:00:11Z,2069.8166666666666,1,1,513.0,2026-09-23T06:00:11Z,2069.8166666666666,1,1,500.0,2026-09-23T06:00:11Z,2069.8166666666666,1,1,500.0,2026-09-23T06:00:11Z,2069.8166666666666,1,1,504.0,2026-09-23T06:00:11Z,2069.8166666666666,1,1,,,,0,1,,,,0,1,,,,0,1,2787.9735,2026-09-24T00:13:43Z,976.2833333333333,1,0,2787.9735,2026-09-24T00:13:40Z,976.3333333333334,1,0,576.754,2026-09-24T00:13:40Z,976.3333333333334,1,0,2211.2195,2026-09-24T00:13:40Z,976.3333333333334,1,0,3245.221,2026-09-24T01:00:36Z,,929.4,1,1,-17.557,2026-09-24T01:47:45Z,2026-09-24T01:30:00Z,882.25,1,1,97.77,2026-09-24T01:47:45Z,2026-09-24T01:30:00Z,882.25,1,1,9799.771,2026-09-24T01:47:45Z,2026-09-24T01:30:00Z,882.25,1,1,4254.922,2026-09-24T01:47:45Z,2026-09-24T01:30:00Z,882.25,1,1,353.766,2026-09-24T01:47:45Z,2026-09-24T01:30:00Z,882.25,1,1,-37.505,2026-09-24T01:30:05Z,2026-09-24T01:00:00Z,899.9166666666666,1,1,105.91,2026-09-24T01:30:05Z,2026-09-24T01:00:00Z,899.9166666666666,1,1,0.024,2026-09-24T01:00:37Z,,929.3833333333333,1,1,0.0,2026-09-24T01:00:37Z,,929.3833333333333,1,1,3437.2105,254.74650000000003,204.605,372.545,2026-08-31T23:00:00Z,34170.0,1,,,,-58.069,3901.1559999999995,,,,,1,1,1,1,1,1,0,0,0,0,0,0,0,0,0,0,0,0,0,0,0,0,0,0,0,0,0,0,0,0,0,0,0,0,0,0,0,0,0,0,0,0,0,0,0,0,0,0,0,0,0,1,1,1,1,1,1,1,1,1,0,0,0,0,0,0,0,0,0,0,0,0,0,0,1,0,0,0,0,0,0,0,0,0,0,0,0,0,0,0,0,0,0,0,0,0,0,0,0,0,0,0,0,0,0,0,1,0,0,0,1,0,1,1,1,0,0,1,1,1,1
2026-09-24T16:30:00Z,2026-09-24T17:30:00Z,60,,,,0,1,,,,0,1,5579.0,2026-09-24T01:50:10Z,879.8333333333334,1,0,979.0,2026-09-24T01:50:10Z,879.8333333333334,1,0,4600.0,2026-09-24T01:50:10Z,879.8333333333334,1,0,-64.804,2026-09-24T01:00:35Z,929.4166666666666,1,1,237.0,2026-09-24T01:00:35Z,929.4166666666666,1,0,2569.604,2026-09-24T01:00:35Z,929.4166666666666,1,0,0.0,2026-09-24T01:00:35Z,929.4166666666666,1,0,2837.2,2026-09-24T01:00:35Z,929.4166666666666,1,0,5579.0,2026-09-24T01:00:35Z,929.4166666666666,1,0,500.0,2026-09-23T06:00:11Z,2069.8166666666666,1,1,530.0,2026-09-23T06:00:11Z,2069.8166666666666,1,1,513.0,2026-09-23T06:00:11Z,2069.8166666666666,1,1,500.0,2026-09-23T06:00:11Z,2069.8166666666666,1,1,500.0,2026-09-23T06:00:11Z,2069.8166666666666,1,1,504.0,2026-09-23T06:00:11Z,2069.8166666666666,1,1,,,,0,1,,,,0,1,,,,0,1,2494.2075,2026-09-24T00:13:43Z,976.2833333333333,1,0,2494.2075,2026-09-24T00:13:40Z,976.3333333333334,1,0,538.0985,2026-09-24T00:13:40Z,976.3333333333334,1,0,1956.109,2026-09-24T00:13:40Z,976.3333333333334,1,0,3245.221,2026-09-24T01:00:36Z,,929.4,1,1,-17.557,2026-09-24T01:47:45Z,2026-09-24T01:30:00Z,882.25,1,1,97.77,2026-09-24T01:47:45Z,2026-09-24T01:30:00Z,882.25,1,1,9799.771,2026-09-24T01:47:45Z,2026-09-24T01:30:00Z,882.25,1,1,4254.922,2026-09-24T01:47:45Z,2026-09-24T01:30:00Z,882.25,1,1,353.766,2026-09-24T01:47:45Z,2026-09-24T01:30:00Z,882.25,1,1,-37.505,2026-09-24T01:30:05Z,2026-09-24T01:00:00Z,899.9166666666666,1,1,105.91,2026-09-24T01:30:05Z,2026-09-24T01:00:00Z,899.9166666666666,1,1,0.024,2026-09-24T01:00:37Z,,929.3833333333333,1,1,0.0,2026-09-24T01:00:37Z,,929.3833333333333,1,1,3437.2105,254.74650000000003,204.605,372.545,2026-08-31T23:00:00Z,34170.0,1,,,,-64.804,3901.1559999999995,,,,,1,1,1,1,1,1,0,0,0,0,0,0,0,0,0,0,0,0,0,0,0,0,0,0,0,0,0,0,0,0,0,0,0,0,0,0,0,0,0,0,0,0,0,0,0,0,0,0,0,0,0,1,1,1,1,1,1,1,1,1,0,0,0,0,0,0,0,0,0,0,0,0,0,0,1,0,0,0,0,0,0,0,0,0,0,0,0,0,0,0,0,0,0,0,0,0,0,0,0,0,0,0,0,0,0,0,1,0,0,0,1,0,1,1,1,0,0,1,1,1,1
2026-09-24T17:00:00Z,2026-09-24T17:30:00Z,30,,,,0,1,,,,0,1,5579.0,2026-09-24T01:50:10Z,909.8333333333334,1,0,979.0,2026-09-24T01:50:10Z,909.8333333333334,1,0,4600.0,2026-09-24T01:50:10Z,909.8333333333334,1,0,-64.804,2026-09-24T01:00:35Z,959.4166666666666,1,1,237.0,2026-09-24T01:00:35Z,959.4166666666666,1,0,2569.604,2026-09-24T01:00:35Z,959.4166666666666,1,0,0.0,2026-09-24T01:00:35Z,959.4166666666666,1,0,2837.2,2026-09-24T01:00:35Z,959.4166666666666,1,0,5579.0,2026-09-24T01:00:35Z,959.4166666666666,1,0,500.0,2026-09-23T06:00:11Z,2099.8166666666666,1,1,530.0,2026-09-23T06:00:11Z,2099.8166666666666,1,1,513.0,2026-09-23T06:00:11Z,2099.8166666666666,1,1,500.0,2026-09-23T06:00:11Z,2099.8166666666666,1,1,500.0,2026-09-23T06:00:11Z,2099.8166666666666,1,1,504.0,2026-09-23T06:00:11Z,2099.8166666666666,1,1,,,,0,1,,,,0,1,,,,0,1,2494.2075,2026-09-24T00:13:43Z,1006.2833333333333,1,0,2494.2075,2026-09-24T00:13:40Z,1006.3333333333334,1,0,538.0985,2026-09-24T00:13:40Z,1006.3333333333334,1,0,1956.109,2026-09-24T00:13:40Z,1006.3333333333334,1,0,3245.221,2026-09-24T01:00:36Z,,959.4,1,1,-17.557,2026-09-24T01:47:45Z,2026-09-24T01:30:00Z,912.25,1,1,97.77,2026-09-24T01:47:45Z,2026-09-24T01:30:00Z,912.25,1,1,9799.771,2026-09-24T01:47:45Z,2026-09-24T01:30:00Z,912.25,1,1,4254.922,2026-09-24T01:47:45Z,2026-09-24T01:30:00Z,912.25,1,1,353.766,2026-09-24T01:47:45Z,2026-09-24T01:30:00Z,912.25,1,1,-37.505,2026-09-24T01:30:05Z,2026-09-24T01:00:00Z,929.9166666666666,1,1,105.91,2026-09-24T01:30:05Z,2026-09-24T01:00:00Z,929.9166666666666,1,1,0.024,2026-09-24T01:00:37Z,,959.3833333333333,1,1,0.0,2026-09-24T01:00:37Z,,959.3833333333333,1,1,3437.2105,254.74650000000003,204.605,372.545,2026-08-31T23:00:00Z,34200.0,1,,,,-64.804,3901.1559999999995,,,,,1,1,1,1,1,1,0,0,0,0,0,0,0,0,0,0,0,0,0,0,0,0,0,0,0,0,0,0,0,0,0,0,0,0,0,0,0,0,0,0,0,0,0,0,0,0,0,0,0,0,0,1,1,1,1,1,1,1,1,1,0,0,0,0,0,0,0,0,0,0,0,0,0,0,1,0,0,0,0,0,0,0,0,0,0,0,0,0,0,0,0,0,0,0,0,0,0,0,0,0,0,0,0,0,0,0,1,0,0,0,1,0,1,1,1,0,0,1,1,1,1
2026-09-24T17:00:00Z,2026-09-24T18:00:00Z,60,,,,0,1,,,,0,1,5581.0,2026-09-24T01:50:10Z,909.8333333333334,1,0,983.0,2026-09-24T01:50:10Z,909.8333333333334,1,0,4598.0,2026-09-24T01:50:10Z,909.8333333333334,1,0,-14.63,2026-09-24T01:00:35Z,959.4166666666666,1,1,461.0,2026-09-24T01:00:35Z,959.4166666666666,1,0,2276.41,2026-09-24T01:00:35Z,959.4166666666666,1,0,0.0,2026-09-24T01:00:35Z,959.4166666666666,1,0,2858.22,2026-09-24T01:00:35Z,959.4166666666666,1,0,5581.0,2026-09-24T01:00:35Z,959.4166666666666,1,0,500.0,2026-09-23T06:00:11Z,2099.8166666666666,1,1,530.0,2026-09-23T06:00:11Z,2099.8166666666666,1,1,513.0,2026-09-23T06:00:11Z,2099.8166666666666,1,1,500.0,2026-09-23T06:00:11Z,2099.8166666666666,1,1,500.0,2026-09-23T06:00:11Z,2099.8166666666666,1,1,504.0,2026-09-23T06:00:11Z,2099.8166666666666,1,1,,,,0,1,,,,0,1,,,,0,1,2227.726,2026-09-24T00:13:43Z,1006.2833333333333,1,0,2227.726,2026-09-24T00:13:40Z,1006.3333333333334,1,0,498.139,2026-09-24T00:13:40Z,1006.3333333333334,1,0,1729.587,2026-09-24T00:13:40Z,1006.3333333333334,1,0,3245.221,2026-09-24T01:00:36Z,,959.4,1,1,-17.557,2026-09-24T01:47:45Z,2026-09-24T01:30:00Z,912.25,1,1,97.77,2026-09-24T01:47:45Z,2026-09-24T01:30:00Z,912.25,1,1,9799.771,2026-09-24T01:47:45Z,2026-09-24T01:30:00Z,912.25,1,1,4254.922,2026-09-24T01:47:45Z,2026-09-24T01:30:00Z,912.25,1,1,353.766,2026-09-24T01:47:45Z,2026-09-24T01:30:00Z,912.25,1,1,-37.505,2026-09-24T01:30:05Z,2026-09-24T01:00:00Z,929.9166666666666,1,1,105.91,2026-09-24T01:30:05Z,2026-09-24T01:00:00Z,929.9166666666666,1,1,0.024,2026-09-24T01:00:37Z,,959.3833333333333,1,1,0.0,2026-09-24T01:00:37Z,,959.3833333333333,1,1,3437.2105,254.74650000000003,204.605,372.545,2026-08-31T23:00:00Z,34200.0,1,,,,-14.63,3901.1559999999995,,,,,1,1,1,1,1,1,0,0,0,0,0,0,0,0,0,0,0,0,0,0,0,0,0,0,0,0,0,0,0,0,0,0,0,0,0,0,0,0,0,0,0,0,0,0,0,0,0,0,0,0,0,1,1,1,1,1,1,1,1,1,0,0,0,0,0,0,0,0,0,0,0,0,0,0,1,0,0,0,0,0,0,0,0,0,0,0,0,0,0,0,0,0,0,0,0,0,0,0,0,0,0,0,0,0,0,0,1,0,0,0,1,0,1,1,1,0,0,1,1,1,1
2026-09-24T17:30:00Z,2026-09-24T18:00:00Z,30,,,,0,1,,,,0,1,5581.0,2026-09-24T01:50:10Z,939.8333333333334,1,0,983.0,2026-09-24T01:50:10Z,939.8333333333334,1,0,4598.0,2026-09-24T01:50:10Z,939.8333333333334,1,0,-14.63,2026-09-24T01:00:35Z,989.4166666666666,1,1,461.0,2026-09-24T01:00:35Z,989.4166666666666,1,0,2276.41,2026-09-24T01:00:35Z,989.4166666666666,1,0,0.0,2026-09-24T01:00:35Z,989.4166666666666,1,0,2858.22,2026-09-24T01:00:35Z,989.4166666666666,1,0,5581.0,2026-09-24T01:00:35Z,989.4166666666666,1,0,500.0,2026-09-23T06:00:11Z,2129.8166666666666,1,1,530.0,2026-09-23T06:00:11Z,2129.8166666666666,1,1,513.0,2026-09-23T06:00:11Z,2129.8166666666666,1,1,500.0,2026-09-23T06:00:11Z,2129.8166666666666,1,1,500.0,2026-09-23T06:00:11Z,2129.8166666666666,1,1,504.0,2026-09-23T06:00:11Z,2129.8166666666666,1,1,,,,0,1,,,,0,1,,,,0,1,2227.726,2026-09-24T00:13:43Z,1036.2833333333333,1,0,2227.726,2026-09-24T00:13:40Z,1036.3333333333333,1,0,498.139,2026-09-24T00:13:40Z,1036.3333333333333,1,0,1729.587,2026-09-24T00:13:40Z,1036.3333333333333,1,0,3245.221,2026-09-24T01:00:36Z,,989.4,1,1,-17.557,2026-09-24T01:47:45Z,2026-09-24T01:30:00Z,942.25,1,1,97.77,2026-09-24T01:47:45Z,2026-09-24T01:30:00Z,942.25,1,1,9799.771,2026-09-24T01:47:45Z,2026-09-24T01:30:00Z,942.25,1,1,4254.922,2026-09-24T01:47:45Z,2026-09-24T01:30:00Z,942.25,1,1,353.766,2026-09-24T01:47:45Z,2026-09-24T01:30:00Z,942.25,1,1,-37.505,2026-09-24T01:30:05Z,2026-09-24T01:00:00Z,959.9166666666666,1,1,105.91,2026-09-24T01:30:05Z,2026-09-24T01:00:00Z,959.9166666666666,1,1,0.024,2026-09-24T01:00:37Z,,989.3833333333333,1,1,0.0,2026-09-24T01:00:37Z,,989.3833333333333,1,1,3437.2105,254.74650000000003,204.605,372.545,2026-08-31T23:00:00Z,34230.0,1,,,,-14.63,3901.1559999999995,,,,,1,1,1,1,1,1,0,0,0,0,0,0,0,0,0,0,0,0,0,0,0,0,0,0,0,0,0,0,0,0,0,0,0,0,0,0,0,0,0,0,0,0,0,0,0,0,0,0,0,0,0,1,1,1,1,1,1,1,1,1,0,0,0,0,0,0,0,0,0,0,0,0,0,0,1,0,0,0,0,0,0,0,0,0,0,0,0,0,0,0,0,0,0,0,0,0,0,0,0,0,0,0,0,0,0,0,1,0,0,0,1,0,1,1,1,0,0,1,1,1,1
2026-09-24T17:30:00Z,2026-09-24T18:30:00Z,60,,,,0,1,,,,0,1,5663.0,2026-09-24T01:50:10Z,939.8333333333334,1,0,985.0,2026-09-24T01:50:10Z,939.8333333333334,1,0,4678.0,2026-09-24T01:50:10Z,939.8333333333334,1,0,-49.572,2026-09-24T01:00:35Z,989.4166666666666,1,1,702.0,2026-09-24T01:00:35Z,989.4166666666666,1,0,2091.373,2026-09-24T01:00:35Z,989.4166666666666,1,0,0.0,2026-09-24T01:00:35Z,989.4166666666666,1,0,2919.2,2026-09-24T01:00:35Z,989.4166666666666,1,0,5663.0,2026-09-24T01:00:35Z,989.4166666666666,1,0,500.0,2026-09-23T06:00:11Z,2129.8166666666666,1,1,530.0,2026-09-23T06:00:11Z,2129.8166666666666,1,1,513.0,2026-09-23T06:00:11Z,2129.8166666666666,1,1,500.0,2026-09-23T06:00:11Z,2129.8166666666666,1,1,500.0,2026-09-23T06:00:11Z,2129.8166666666666,1,1,504.0,2026-09-23T06:00:11Z,2129.8166666666666,1,1,,,,0,1,,,,0,1,,,,0,1,2043.0605,2026-09-24T00:13:43Z,1036.2833333333333,1,0,2043.0605,2026-09-24T00:13:40Z,1036.3333333333333,1,0,454.259,2026-09-24T00:13:40Z,1036.3333333333333,1,0,1588.8015,2026-09-24T00:13:40Z,1036.3333333333333,1,0,3245.221,2026-09-24T01:00:36Z,,989.4,1,1,-17.557,2026-09-24T01:47:45Z,2026-09-24T01:30:00Z,942.25,1,1,97.77,2026-09-24T01:47:45Z,2026-09-24T01:30:00Z,942.25,1,1,9799.771,2026-09-24T01:47:45Z,2026-09-24T01:30:00Z,942.25,1,1,4254.922,2026-09-24T01:47:45Z,2026-09-24T01:30:00Z,942.25,1,1,353.766,2026-09-24T01:47:45Z,2026-09-24T01:30:00Z,942.25,1,1,-37.505,2026-09-24T01:30:05Z,2026-09-24T01:00:00Z,959.9166666666666,1,1,105.91,2026-09-24T01:30:05Z,2026-09-24T01:00:00Z,959.9166666666666,1,1,0.024,2026-09-24T01:00:37Z,,989.3833333333333,1,1,0.0,2026-09-24T01:00:37Z,,989.3833333333333,1,1,3437.2105,254.74650000000003,204.605,372.545,2026-08-31T23:00:00Z,34230.0,1,,,,-49.572,3901.1559999999995,,,,,1,1,1,1,1,1,0,0,0,0,0,0,0,0,0,0,0,0,0,0,0,0,0,0,0,0,0,0,0,0,0,0,0,0,0,0,0,0,0,0,0,0,0,0,0,0,0,0,0,0,0,1,1,1,1,1,1,1,1,1,0,0,0,0,0,0,0,0,0,0,0,0,0,0,1,0,0,0,0,0,0,0,0,0,0,0,0,0,0,0,0,0,0,0,0,0,0,0,0,0,0,0,0,0,0,0,1,0,0,0,1,0,1,1,1,0,0,1,1,1,1
2026-09-24T18:00:00Z,2026-09-24T18:30:00Z,30,,,,0,1,,,,0,1,5663.0,2026-09-24T01:50:10Z,969.8333333333334,1,0,985.0,2026-09-24T01:50:10Z,969.8333333333334,1,0,4678.0,2026-09-24T01:50:10Z,969.8333333333334,1,0,-49.572,2026-09-24T01:00:35Z,1019.4166666666666,1,1,702.0,2026-09-24T01:00:35Z,1019.4166666666666,1,0,2091.373,2026-09-24T01:00:35Z,1019.4166666666666,1,0,0.0,2026-09-24T01:00:35Z,1019.4166666666666,1,0,2919.2,2026-09-24T01:00:35Z,1019.4166666666666,1,0,5663.0,2026-09-24T01:00:35Z,1019.4166666666666,1,0,500.0,2026-09-23T06:00:11Z,2159.8166666666666,1,1,530.0,2026-09-23T06:00:11Z,2159.8166666666666,1,1,513.0,2026-09-23T06:00:11Z,2159.8166666666666,1,1,500.0,2026-09-23T06:00:11Z,2159.8166666666666,1,1,500.0,2026-09-23T06:00:11Z,2159.8166666666666,1,1,504.0,2026-09-23T06:00:11Z,2159.8166666666666,1,1,,,,0,1,,,,0,1,,,,0,1,2043.0605,2026-09-24T00:13:43Z,1066.2833333333333,1,0,2043.0605,2026-09-24T00:13:40Z,1066.3333333333333,1,0,454.259,2026-09-24T00:13:40Z,1066.3333333333333,1,0,1588.8015,2026-09-24T00:13:40Z,1066.3333333333333,1,0,3245.221,2026-09-24T01:00:36Z,,1019.4,1,1,-17.557,2026-09-24T01:47:45Z,2026-09-24T01:30:00Z,972.25,1,1,97.77,2026-09-24T01:47:45Z,2026-09-24T01:30:00Z,972.25,1,1,9799.771,2026-09-24T01:47:45Z,2026-09-24T01:30:00Z,972.25,1,1,4254.922,2026-09-24T01:47:45Z,2026-09-24T01:30:00Z,972.25,1,1,353.766,2026-09-24T01:47:45Z,2026-09-24T01:30:00Z,972.25,1,1,-37.505,2026-09-24T01:30:05Z,2026-09-24T01:00:00Z,989.9166666666666,1,1,105.91,2026-09-24T01:30:05Z,2026-09-24T01:00:00Z,989.9166666666666,1,1,0.024,2026-09-24T01:00:37Z,,1019.3833333333333,1,1,0.0,2026-09-24T01:00:37Z,,1019.3833333333333,1,1,3437.2105,254.74650000000003,204.605,372.545,2026-08-31T23:00:00Z,34260.0,1,,,,-49.572,3901.1559999999995,,,,,1,1,1,1,1,1,0,0,0,0,0,0,0,0,0,0,0,0,0,0,0,0,0,0,0,0,0,0,0,0,0,0,0,0,0,0,0,0,0,0,0,0,0,0,0,0,0,0,0,0,0,1,1,1,1,1,1,1,1,1,0,0,0,0,0,0,0,0,0,0,0,0,0,0,1,0,0,0,0,0,0,0,0,0,0,0,0,0,0,0,0,0,0,0,0,0,0,0,0,0,0,0,0,0,0,0,1,0,0,0,1,0,1,1,1,0,0,1,1,1,1
2026-09-24T18:00:00Z,2026-09-24T19:00:00Z,60,,,,0,1,,,,0,1,5718.0,2026-09-24T01:50:10Z,969.8333333333334,1,0,968.0,2026-09-24T01:50:10Z,969.8333333333334,1,0,4750.0,2026-09-24T01:50:10Z,969.8333333333334,1,0,68.023,2026-09-24T01:00:35Z,1019.4166666666666,1,1,851.0,2026-09-24T01:00:35Z,1019.4166666666666,1,0,1906.777,2026-09-24T01:00:35Z,1019.4166666666666,1,0,0.0,2026-09-24T01:00:35Z,1019.4166666666666,1,0,2892.199,2026-09-24T01:00:35Z,1019.4166666666666,1,0,5718.0,2026-09-24T01:00:35Z,1019.4166666666666,1,0,500.0,2026-09-23T06:00:11Z,2159.8166666666666,1,1,530.0,2026-09-23T06:00:11Z,2159.8166666666666,1,1,513.0,2026-09-23T06:00:11Z,2159.8166666666666,1,1,500.0,2026-09-23T06:00:11Z,2159.8166666666666,1,1,500.0,2026-09-23T06:00:11Z,2159.8166666666666,1,1,504.0,2026-09-23T06:00:11Z,2159.8166666666666,1,1,,,,0,1,,,,0,1,,,,0,1,1867.445,2026-09-24T00:13:43Z,1066.2833333333333,1,0,1867.445,2026-09-24T00:13:40Z,1066.3333333333333,1,0,412.28999999999996,2026-09-24T00:13:40Z,1066.3333333333333,1,0,1455.155,2026-09-24T00:13:40Z,1066.3333333333333,1,0,3245.221,2026-09-24T01:00:36Z,,1019.4,1,1,-17.557,2026-09-24T01:47:45Z,2026-09-24T01:30:00Z,972.25,1,1,97.77,2026-09-24T01:47:45Z,2026-09-24T01:30:00Z,972.25,1,1,9799.771,2026-09-24T01:47:45Z,2026-09-24T01:30:00Z,972.25,1,1,4254.922,2026-09-24T01:47:45Z,2026-09-24T01:30:00Z,972.25,1,1,353.766,2026-09-24T01:47:45Z,2026-09-24T01:30:00Z,972.25,1,1,-37.505,2026-09-24T01:30:05Z,2026-09-24T01:00:00Z,989.9166666666666,1,1,105.91,2026-09-24T01:30:05Z,2026-09-24T01:00:00Z,989.9166666666666,1,1,0.024,2026-09-24T01:00:37Z,,1019.3833333333333,1,1,0.0,2026-09-24T01:00:37Z,,1019.3833333333333,1,1,3437.2105,254.74650000000003,204.605,372.545,2026-08-31T23:00:00Z,34260.0,1,,,,68.023,3901.1559999999995,,,,,1,1,1,1,1,1,0,0,0,0,0,0,0,0,0,0,0,0,0,0,0,0,0,0,0,0,0,0,0,0,0,0,0,0,0,0,0,0,0,0,0,0,0,0,0,0,0,0,0,0,0,1,1,1,1,1,1,1,1,1,0,0,0,0,0,0,0,0,0,0,0,0,0,0,1,0,0,0,0,0,0,0,0,0,0,0,0,0,0,0,0,0,0,0,0,0,0,0,0,0,0,0,0,0,0,0,1,0,0,0,1,0,1,1,1,0,0,1,1,1,1
2026-09-24T18:30:00Z,2026-09-24T19:00:00Z,30,,,,0,1,,,,0,1,5718.0,2026-09-24T01:50:10Z,999.8333333333334,1,0,968.0,2026-09-24T01:50:10Z,999.8333333333334,1,0,4750.0,2026-09-24T01:50:10Z,999.8333333333334,1,0,68.023,2026-09-24T01:00:35Z,1049.4166666666667,1,1,851.0,2026-09-24T01:00:35Z,1049.4166666666667,1,0,1906.777,2026-09-24T01:00:35Z,1049.4166666666667,1,0,0.0,2026-09-24T01:00:35Z,1049.4166666666667,1,0,2892.199,2026-09-24T01:00:35Z,1049.4166666666667,1,0,5718.0,2026-09-24T01:00:35Z,1049.4166666666667,1,0,500.0,2026-09-23T06:00:11Z,2189.8166666666666,1,1,530.0,2026-09-23T06:00:11Z,2189.8166666666666,1,1,513.0,2026-09-23T06:00:11Z,2189.8166666666666,1,1,500.0,2026-09-23T06:00:11Z,2189.8166666666666,1,1,500.0,2026-09-23T06:00:11Z,2189.8166666666666,1,1,504.0,2026-09-23T06:00:11Z,2189.8166666666666,1,1,,,,0,1,,,,0,1,,,,0,1,1867.445,2026-09-24T00:13:43Z,1096.2833333333333,1,0,1867.445,2026-09-24T00:13:40Z,1096.3333333333333,1,0,412.28999999999996,2026-09-24T00:13:40Z,1096.3333333333333,1,0,1455.155,2026-09-24T00:13:40Z,1096.3333333333333,1,0,3245.221,2026-09-24T01:00:36Z,,1049.4,1,1,-17.557,2026-09-24T01:47:45Z,2026-09-24T01:30:00Z,1002.25,1,1,97.77,2026-09-24T01:47:45Z,2026-09-24T01:30:00Z,1002.25,1,1,9799.771,2026-09-24T01:47:45Z,2026-09-24T01:30:00Z,1002.25,1,1,4254.922,2026-09-24T01:47:45Z,2026-09-24T01:30:00Z,1002.25,1,1,353.766,2026-09-24T01:47:45Z,2026-09-24T01:30:00Z,1002.25,1,1,-37.505,2026-09-24T01:30:05Z,2026-09-24T01:00:00Z,1019.9166666666666,1,1,105.91,2026-09-24T01:30:05Z,2026-09-24T01:00:00Z,1019.9166666666666,1,1,0.024,2026-09-24T01:00:37Z,,1049.3833333333334,1,1,0.0,2026-09-24T01:00:37Z,,1049.3833333333334,1,1,3437.2105,254.74650000000003,204.605,372.545,2026-08-31T23:00:00Z,34290.0,1,,,,68.023,3901.1559999999995,,,,,1,1,1,1,1,1,0,0,0,0,0,0,0,0,0,0,0,0,0,0,0,0,0,0,0,0,0,0,0,0,0,0,0,0,0,0,0,0,0,0,0,0,0,0,0,0,0,0,0,0,0,1,1,1,1,1,1,1,1,1,0,0,0,0,0,0,0,0,0,0,0,0,0,0,1,0,0,0,0,0,0,0,0,0,0,0,0,0,0,0,0,0,0,0,0,0,0,0,0,0,0,0,0,0,0,0,1,0,0,0,1,0,1,1,1,0,0,1,1,1,1
2026-09-24T18:30:00Z,2026-09-24T19:30:00Z,60,,,,0,1,,,,0,1,5597.0,2026-09-24T01:50:10Z,999.8333333333334,1,0,938.0,2026-09-24T01:50:10Z,999.8333333333334,1,0,4659.0,2026-09-24T01:50:10Z,999.8333333333334,1,0,65.062,2026-09-24T01:00:35Z,1049.4166666666667,1,1,1113.0,2026-09-24T01:00:35Z,1049.4166666666667,1,0,1758.178,2026-09-24T01:00:35Z,1049.4166666666667,1,0,0.0,2026-09-24T01:00:35Z,1049.4166666666667,1,0,2660.76,2026-09-24T01:00:35Z,1049.4166666666667,1,0,5597.0,2026-09-24T01:00:35Z,1049.4166666666667,1,0,500.0,2026-09-23T06:00:11Z,2189.8166666666666,1,1,530.0,2026-09-23T06:00:11Z,2189.8166666666666,1,1,513.0,2026-09-23T06:00:11Z,2189.8166666666666,1,1,500.0,2026-09-23T06:00:11Z,2189.8166666666666,1,1,500.0,2026-09-23T06:00:11Z,2189.8166666666666,1,1,504.0,2026-09-23T06:00:11Z,2189.8166666666666,1,1,,,,0,1,,,,0,1,,,,0,1,1718.972,2026-09-24T00:13:43Z,1096.2833333333333,1,0,1718.972,2026-09-24T00:13:40Z,1096.3333333333333,1,0,376.0425,2026-09-24T00:13:40Z,1096.3333333333333,1,0,1342.9295,2026-09-24T00:13:40Z,1096.3333333333333,1,0,3245.221,2026-09-24T01:00:36Z,,1049.4,1,1,-17.557,2026-09-24T01:47:45Z,2026-09-24T01:30:00Z,1002.25,1,1,97.77,2026-09-24T01:47:45Z,2026-09-24T01:30:00Z,1002.25,1,1,9799.771,2026-09-24T01:47:45Z,2026-09-24T01:30:00Z,1002.25,1,1,4254.922,2026-09-24T01:47:45Z,2026-09-24T01:30:00Z,1002.25,1,1,353.766,2026-09-24T01:47:45Z,2026-09-24T01:30:00Z,1002.25,1,1,-37.505,2026-09-24T01:30:05Z,2026-09-24T01:00:00Z,1019.9166666666666,1,1,105.91,2026-09-24T01:30:05Z,2026-09-24T01:00:00Z,1019.9166666666666,1,1,0.024,2026-09-24T01:00:37Z,,1049.3833333333334,1,1,0.0,2026-09-24T01:00:37Z,,1049.3833333333334,1,1,3437.2105,254.74650000000003,204.605,372.545,2026-08-31T23:00:00Z,34290.0,1,,,,65.062,3901.1559999999995,,,,,1,1,1,1,1,1,0,0,0,0,0,0,0,0,0,0,0,0,0,0,0,0,0,0,0,0,0,0,0,0,0,0,0,0,0,0,0,0,0,0,0,0,0,0,0,0,0,0,0,0,0,1,1,1,1,1,1,1,1,1,0,0,0,0,0,0,0,0,0,0,0,0,0,0,1,0,0,0,0,0,0,0,0,0,0,0,0,0,0,0,0,0,0,0,0,0,0,0,0,0,0,0,0,0,0,0,1,0,0,0,1,0,1,1,1,0,0,1,1,1,1
2026-09-24T19:00:00Z,2026-09-24T19:30:00Z,30,,,,0,1,,,,0,1,5597.0,2026-09-24T01:50:10Z,1029.8333333333333,1,0,938.0,2026-09-24T01:50:10Z,1029.8333333333333,1,0,4659.0,2026-09-24T01:50:10Z,1029.8333333333333,1,0,65.062,2026-09-24T01:00:35Z,1079.4166666666667,1,1,1113.0,2026-09-24T01:00:35Z,1079.4166666666667,1,0,1758.178,2026-09-24T01:00:35Z,1079.4166666666667,1,0,0.0,2026-09-24T01:00:35Z,1079.4166666666667,1,0,2660.76,2026-09-24T01:00:35Z,1079.4166666666667,1,0,5597.0,2026-09-24T01:00:35Z,1079.4166666666667,1,0,500.0,2026-09-23T06:00:11Z,2219.8166666666666,1,1,530.0,2026-09-23T06:00:11Z,2219.8166666666666,1,1,513.0,2026-09-23T06:00:11Z,2219.8166666666666,1,1,500.0,2026-09-23T06:00:11Z,2219.8166666666666,1,1,500.0,2026-09-23T06:00:11Z,2219.8166666666666,1,1,504.0,2026-09-23T06:00:11Z,2219.8166666666666,1,1,,,,0,1,,,,0,1,,,,0,1,1718.972,2026-09-24T00:13:43Z,1126.2833333333333,1,0,1718.972,2026-09-24T00:13:40Z,1126.3333333333333,1,0,376.0425,2026-09-24T00:13:40Z,1126.3333333333333,1,0,1342.9295,2026-09-24T00:13:40Z,1126.3333333333333,1,0,3245.221,2026-09-24T01:00:36Z,,1079.4,1,1,-17.557,2026-09-24T01:47:45Z,2026-09-24T01:30:00Z,1032.25,1,1,97.77,2026-09-24T01:47:45Z,2026-09-24T01:30:00Z,1032.25,1,1,9799.771,2026-09-24T01:47:45Z,2026-09-24T01:30:00Z,1032.25,1,1,4254.922,2026-09-24T01:47:45Z,2026-09-24T01:30:00Z,1032.25,1,1,353.766,2026-09-24T01:47:45Z,2026-09-24T01:30:00Z,1032.25,1,1,-37.505,2026-09-24T01:30:05Z,2026-09-24T01:00:00Z,1049.9166666666667,1,1,105.91,2026-09-24T01:30:05Z,2026-09-24T01:00:00Z,1049.9166666666667,1,1,0.024,2026-09-24T01:00:37Z,,1079.3833333333334,1,1,0.0,2026-09-24T01:00:37Z,,1079.3833333333334,1,1,3437.2105,254.74650000000003,204.605,372.545,2026-08-31T23:00:00Z,34320.0,1,,,,65.062,3901.1559999999995,,,,,1,1,1,1,1,1,0,0,0,0,0,0,0,0,0,0,0,0,0,0,0,0,0,0,0,0,0,0,0,0,0,0,0,0,0,0,0,0,0,0,0,0,0,0,0,0,0,0,0,0,0,1,1,1,1,1,1,1,1,1,0,0,0,0,0,0,0,0,0,0,0,0,0,0,1,0,0,0,0,0,0,0,0,0,0,0,0,0,0,0,0,0,0,0,0,0,0,0,0,0,0,0,0,0,0,0,1,0,0,0,1,0,1,1,1,0,0,1,1,1,1
2026-09-24T19:00:00Z,2026-09-24T20:00:00Z,60,,,,0,1,,,,0,1,5437.0,2026-09-24T01:50:10Z,1029.8333333333333,1,0,899.0,2026-09-24T01:50:10Z,1029.8333333333333,1,0,4538.0,2026-09-24T01:50:10Z,1029.8333333333333,1,0,-39.346,2026-09-24T01:00:35Z,1079.4166666666667,1,1,1263.0,2026-09-24T01:00:35Z,1079.4166666666667,1,0,1609.826,2026-09-24T01:00:35Z,1079.4166666666667,1,0,0.0,2026-09-24T01:00:35Z,1079.4166666666667,1,0,2603.52,2026-09-24T01:00:35Z,1079.4166666666667,1,0,5437.0,2026-09-24T01:00:35Z,1079.4166666666667,1,0,500.0,2026-09-23T06:00:11Z,2219.8166666666666,1,1,530.0,2026-09-23T06:00:11Z,2219.8166666666666,1,1,513.0,2026-09-23T06:00:11Z,2219.8166666666666,1,1,500.0,2026-09-23T06:00:11Z,2219.8166666666666,1,1,500.0,2026-09-23T06:00:11Z,2219.8166666666666,1,1,504.0,2026-09-23T06:00:11Z,2219.8166666666666,1,1,,,,0,1,,,,0,1,,,,0,1,1587.6165,2026-09-24T00:13:43Z,1126.2833333333333,1,0,1587.6165,2026-09-24T00:13:40Z,1126.3333333333333,1,0,345.6515,2026-09-24T00:13:40Z,1126.3333333333333,1,0,1241.9650000000001,2026-09-24T00:13:40Z,1126.3333333333333,1,0,3245.221,2026-09-24T01:00:36Z,,1079.4,1,1,-17.557,2026-09-24T01:47:45Z,2026-09-24T01:30:00Z,1032.25,1,1,97.77,2026-09-24T01:47:45Z,2026-09-24T01:30:00Z,1032.25,1,1,9799.771,2026-09-24T01:47:45Z,2026-09-24T01:30:00Z,1032.25,1,1,4254.922,2026-09-24T01:47:45Z,2026-09-24T01:30:00Z,1032.25,1,1,353.766,2026-09-24T01:47:45Z,2026-09-24T01:30:00Z,1032.25,1,1,-37.505,2026-09-24T01:30:05Z,2026-09-24T01:00:00Z,1049.9166666666667,1,1,105.91,2026-09-24T01:30:05Z,2026-09-24T01:00:00Z,1049.9166666666667,1,1,0.024,2026-09-24T01:00:37Z,,1079.3833333333334,1,1,0.0,2026-09-24T01:00:37Z,,1079.3833333333334,1,1,3437.2105,254.74650000000003,204.605,372.545,2026-08-31T23:00:00Z,34320.0,1,,,,-39.346,3901.1559999999995,,,,,1,1,1,1,1,1,0,0,0,0,0,0,0,0,0,0,0,0,0,0,0,0,0,0,0,0,0,0,0,0,0,0,0,0,0,0,0,0,0,0,0,0,0,0,0,0,0,0,0,0,0,1,1,1,1,1,1,1,1,1,0,0,0,0,0,0,0,0,0,0,0,0,0,0,1,0,0,0,0,0,0,0,0,0,0,0,0,0,0,0,0,0,0,0,0,0,0,0,0,0,0,0,0,0,0,0,1,0,0,0,1,0,1,1,1,0,0,1,1,1,1
2026-09-24T19:30:00Z,2026-09-24T20:00:00Z,30,,,,0,1,,,,0,1,5437.0,2026-09-24T01:50:10Z,1059.8333333333333,1,0,899.0,2026-09-24T01:50:10Z,1059.8333333333333,1,0,4538.0,2026-09-24T01:50:10Z,1059.8333333333333,1,0,-39.346,2026-09-24T01:00:35Z,1109.4166666666667,1,1,1263.0,2026-09-24T01:00:35Z,1109.4166666666667,1,0,1609.826,2026-09-24T01:00:35Z,1109.4166666666667,1,0,0.0,2026-09-24T01:00:35Z,1109.4166666666667,1,0,2603.52,2026-09-24T01:00:35Z,1109.4166666666667,1,0,5437.0,2026-09-24T01:00:35Z,1109.4166666666667,1,0,500.0,2026-09-23T06:00:11Z,2249.8166666666666,1,1,530.0,2026-09-23T06:00:11Z,2249.8166666666666,1,1,513.0,2026-09-23T06:00:11Z,2249.8166666666666,1,1,500.0,2026-09-23T06:00:11Z,2249.8166666666666,1,1,500.0,2026-09-23T06:00:11Z,2249.8166666666666,1,1,504.0,2026-09-23T06:00:11Z,2249.8166666666666,1,1,,,,0,1,,,,0,1,,,,0,1,1587.6165,2026-09-24T00:13:43Z,1156.2833333333333,1,0,1587.6165,2026-09-24T00:13:40Z,1156.3333333333333,1,0,345.6515,2026-09-24T00:13:40Z,1156.3333333333333,1,0,1241.9650000000001,2026-09-24T00:13:40Z,1156.3333333333333,1,0,3245.221,2026-09-24T01:00:36Z,,1109.4,1,1,-17.557,2026-09-24T01:47:45Z,2026-09-24T01:30:00Z,1062.25,1,1,97.77,2026-09-24T01:47:45Z,2026-09-24T01:30:00Z,1062.25,1,1,9799.771,2026-09-24T01:47:45Z,2026-09-24T01:30:00Z,1062.25,1,1,4254.922,2026-09-24T01:47:45Z,2026-09-24T01:30:00Z,1062.25,1,1,353.766,2026-09-24T01:47:45Z,2026-09-24T01:30:00Z,1062.25,1,1,-37.505,2026-09-24T01:30:05Z,2026-09-24T01:00:00Z,1079.9166666666667,1,1,105.91,2026-09-24T01:30:05Z,2026-09-24T01:00:00Z,1079.9166666666667,1,1,0.024,2026-09-24T01:00:37Z,,1109.3833333333334,1,1,0.0,2026-09-24T01:00:37Z,,1109.3833333333334,1,1,3437.2105,254.74650000000003,204.605,372.545,2026-08-31T23:00:00Z,34350.0,1,,,,-39.346,3901.1559999999995,,,,,1,1,1,1,1,1,0,0,0,0,0,0,0,0,0,0,0,0,0,0,0,0,0,0,0,0,0,0,0,0,0,0,0,0,0,0,0,0,0,0,0,0,0,0,0,0,0,0,0,0,0,1,1,1,1,1,1,1,1,1,0,0,0,0,0,0,0,0,0,0,0,0,0,0,1,0,0,0,0,0,0,0,0,0,0,0,0,0,0,0,0,0,0,0,0,0,0,0,0,0,0,0,0,0,0,0,1,0,0,0,1,0,1,1,1,0,0,1,1,1,1
2026-09-24T19:30:00Z,2026-09-24T20:30:00Z,60,,,,0,1,,,,0,1,5224.0,2026-09-24T01:50:10Z,1059.8333333333333,1,0,849.0,2026-09-24T01:50:10Z,1059.8333333333333,1,0,4375.0,2026-09-24T01:50:10Z,1059.8333333333333,1,0,-76.519,2026-09-24T01:00:35Z,1109.4166666666667,1,1,1333.0,2026-09-24T01:00:35Z,1109.4166666666667,1,0,1529.539,2026-09-24T01:00:35Z,1109.4166666666667,1,0,0.0,2026-09-24T01:00:35Z,1109.4166666666667,1,0,2437.98,2026-09-24T01:00:35Z,1109.4166666666667,1,0,5224.0,2026-09-24T01:00:35Z,1109.4166666666667,1,0,500.0,2026-09-23T06:00:11Z,2249.8166666666666,1,1,530.0,2026-09-23T06:00:11Z,2249.8166666666666,1,1,513.0,2026-09-23T06:00:11Z,2249.8166666666666,1,1,500.0,2026-09-23T06:00:11Z,2249.8166666666666,1,1,500.0,2026-09-23T06:00:11Z,2249.8166666666666,1,1,504.0,2026-09-23T06:00:11Z,2249.8166666666666,1,1,,,,0,1,,,,0,1,,,,0,1,1507.6280000000002,2026-09-24T00:13:43Z,1156.2833333333333,1,0,1507.6280000000002,2026-09-24T00:13:40Z,1156.3333333333333,1,0,332.8225,2026-09-24T00:13:40Z,1156.3333333333333,1,0,1174.8055,2026-09-24T00:13:40Z,1156.3333333333333,1,0,3245.221,2026-09-24T01:00:36Z,,1109.4,1,1,-17.557,2026-09-24T01:47:45Z,2026-09-24T01:30:00Z,1062.25,1,1,97.77,2026-09-24T01:47:45Z,2026-09-24T01:30:00Z,1062.25,1,1,9799.771,2026-09-24T01:47:45Z,2026-09-24T01:30:00Z,1062.25,1,1,4254.922,2026-09-24T01:47:45Z,2026-09-24T01:30:00Z,1062.25,1,1,353.766,2026-09-24T01:47:45Z,2026-09-24T01:30:00Z,1062.25,1,1,-37.505,2026-09-24T01:30:05Z,2026-09-24T01:00:00Z,1079.9166666666667,1,1,105.91,2026-09-24T01:30:05Z,2026-09-24T01:00:00Z,1079.9166666666667,1,1,0.024,2026-09-24T01:00:37Z,,1109.3833333333334,1,1,0.0,2026-09-24T01:00:37Z,,1109.3833333333334,1,1,3437.2105,254.74650000000003,204.605,372.545,2026-08-31T23:00:00Z,34350.0,1,,,,-76.519,3901.1559999999995,,,,,1,1,1,1,1,1,0,0,0,0,0,0,0,0,0,0,0,0,0,0,0,0,0,0,0,0,0,0,0,0,0,0,0,0,0,0,0,0,0,0,0,0,0,0,0,0,0,0,0,0,0,1,1,1,1,1,1,1,1,1,0,0,0,0,0,0,0,0,0,0,0,0,0,0,1,0,0,0,0,0,0,0,0,0,0,0,0,0,0,0,0,0,0,0,0,0,0,0,0,0,0,0,0,0,0,0,1,0,0,0,1,0,1,1,1,0,0,1,1,1,1
2026-09-24T20:00:00Z,2026-09-24T20:30:00Z,30,,,,0,1,,,,0,1,5224.0,2026-09-24T01:50:10Z,1089.8333333333333,1,0,849.0,2026-09-24T01:50:10Z,1089.8333333333333,1,0,4375.0,2026-09-24T01:50:10Z,1089.8333333333333,1,0,-76.519,2026-09-24T01:00:35Z,1139.4166666666667,1,1,1333.0,2026-09-24T01:00:35Z,1139.4166666666667,1,0,1529.539,2026-09-24T01:00:35Z,1139.4166666666667,1,0,0.0,2026-09-24T01:00:35Z,1139.4166666666667,1,0,2437.98,2026-09-24T01:00:35Z,1139.4166666666667,1,0,5224.0,2026-09-24T01:00:35Z,1139.4166666666667,1,0,500.0,2026-09-23T06:00:11Z,2279.8166666666666,1,1,530.0,2026-09-23T06:00:11Z,2279.8166666666666,1,1,513.0,2026-09-23T06:00:11Z,2279.8166666666666,1,1,500.0,2026-09-23T06:00:11Z,2279.8166666666666,1,1,500.0,2026-09-23T06:00:11Z,2279.8166666666666,1,1,504.0,2026-09-23T06:00:11Z,2279.8166666666666,1,1,,,,0,1,,,,0,1,,,,0,1,1507.6280000000002,2026-09-24T00:13:43Z,1186.2833333333333,1,0,1507.6280000000002,2026-09-24T00:13:40Z,1186.3333333333333,1,0,332.8225,2026-09-24T00:13:40Z,1186.3333333333333,1,0,1174.8055,2026-09-24T00:13:40Z,1186.3333333333333,1,0,3245.221,2026-09-24T01:00:36Z,,1139.4,1,1,-17.557,2026-09-24T01:47:45Z,2026-09-24T01:30:00Z,1092.25,1,1,97.77,2026-09-24T01:47:45Z,2026-09-24T01:30:00Z,1092.25,1,1,9799.771,2026-09-24T01:47:45Z,2026-09-24T01:30:00Z,1092.25,1,1,4254.922,2026-09-24T01:47:45Z,2026-09-24T01:30:00Z,1092.25,1,1,353.766,2026-09-24T01:47:45Z,2026-09-24T01:30:00Z,1092.25,1,1,-37.505,2026-09-24T01:30:05Z,2026-09-24T01:00:00Z,1109.9166666666667,1,1,105.91,2026-09-24T01:30:05Z,2026-09-24T01:00:00Z,1109.9166666666667,1,1,0.024,2026-09-24T01:00:37Z,,1139.3833333333334,1,1,0.0,2026-09-24T01:00:37Z,,1139.3833333333334,1,1,3437.2105,254.74650000000003,204.605,372.545,2026-08-31T23:00:00Z,34380.0,1,,,,-76.519,3901.1559999999995,,,,,1,1,1,1,1,1,0,0,0,0,0,0,0,0,0,0,0,0,0,0,0,0,0,0,0,0,0,0,0,0,0,0,0,0,0,0,0,0,0,0,0,0,0,0,0,0,0,0,0,0,0,1,1,1,1,1,1,1,1,1,0,0,0,0,0,0,0,0,0,0,0,0,0,0,1,0,0,0,0,0,0,0,0,0,0,0,0,0,0,0,0,0,0,0,0,0,0,0,0,0,0,0,0,0,0,0,1,0,0,0,1,0,1,1,1,0,0,1,1,1,1
2026-09-24T20:00:00Z,2026-09-24T21:00:00Z,60,,,,0,1,,,,0,1,5009.0,2026-09-24T01:50:10Z,1089.8333333333333,1,0,797.0,2026-09-24T01:50:10Z,1089.8333333333333,1,0,4212.0,2026-09-24T01:50:10Z,1089.8333333333333,1,0,-144.62,2026-09-24T01:00:35Z,1139.4166666666667,1,1,1281.0,2026-09-24T01:00:35Z,1139.4166666666667,1,0,1449.49,2026-09-24T01:00:35Z,1139.4166666666667,1,0,0.0,2026-09-24T01:00:35Z,1139.4166666666667,1,0,2423.13,2026-09-24T01:00:35Z,1139.4166666666667,1,0,5009.0,2026-09-24T01:00:35Z,1139.4166666666667,1,0,500.0,2026-09-23T06:00:11Z,2279.8166666666666,1,1,530.0,2026-09-23T06:00:11Z,2279.8166666666666,1,1,513.0,2026-09-23T06:00:11Z,2279.8166666666666,1,1,500.0,2026-09-23T06:00:11Z,2279.8166666666666,1,1,500.0,2026-09-23T06:00:11Z,2279.8166666666666,1,1,504.0,2026-09-23T06:00:11Z,2279.8166666666666,1,1,,,,0,1,,,,0,1,,,,0,1,1437.6705000000002,2026-09-24T00:13:43Z,1186.2833333333333,1,0,1437.6705000000002,2026-09-24T00:13:40Z,1186.3333333333333,1,0,322.24649999999997,2026-09-24T00:13:40Z,1186.3333333333333,1,0,1115.424,2026-09-24T00:13:40Z,1186.3333333333333,1,0,3245.221,2026-09-24T01:00:36Z,,1139.4,1,1,-17.557,2026-09-24T01:47:45Z,2026-09-24T01:30:00Z,1092.25,1,1,97.77,2026-09-24T01:47:45Z,2026-09-24T01:30:00Z,1092.25,1,1,9799.771,2026-09-24T01:47:45Z,2026-09-24T01:30:00Z,1092.25,1,1,4254.922,2026-09-24T01:47:45Z,2026-09-24T01:30:00Z,1092.25,1,1,353.766,2026-09-24T01:47:45Z,2026-09-24T01:30:00Z,1092.25,1,1,-37.505,2026-09-24T01:30:05Z,2026-09-24T01:00:00Z,1109.9166666666667,1,1,105.91,2026-09-24T01:30:05Z,2026-09-24T01:00:00Z,1109.9166666666667,1,1,0.024,2026-09-24T01:00:37Z,,1139.3833333333334,1,1,0.0,2026-09-24T01:00:37Z,,1139.3833333333334,1,1,3437.2105,254.74650000000003,204.605,372.545,2026-08-31T23:00:00Z,34380.0,1,,,,-144.62,3901.1559999999995,,,,,1,1,1,1,1,1,0,0,0,0,0,0,0,0,0,0,0,0,0,0,0,0,0,0,0,0,0,0,0,0,0,0,0,0,0,0,0,0,0,0,0,0,0,0,0,0,0,0,0,0,0,1,1,1,1,1,1,1,1,1,0,0,0,0,0,0,0,0,0,0,0,0,0,0,1,0,0,0,0,0,0,0,0,0,0,0,0,0,0,0,0,0,0,0,0,0,0,0,0,0,0,0,0,0,0,0,1,0,0,0,1,0,1,1,1,0,0,1,1,1,1
2026-09-24T20:30:00Z,2026-09-24T21:00:00Z,30,,,,0,1,,,,0,1,5009.0,2026-09-24T01:50:10Z,1119.8333333333333,1,0,797.0,2026-09-24T01:50:10Z,1119.8333333333333,1,0,4212.0,2026-09-24T01:50:10Z,1119.8333333333333,1,0,-144.62,2026-09-24T01:00:35Z,1169.4166666666667,1,1,1281.0,2026-09-24T01:00:35Z,1169.4166666666667,1,0,1449.49,2026-09-24T01:00:35Z,1169.4166666666667,1,0,0.0,2026-09-24T01:00:35Z,1169.4166666666667,1,0,2423.13,2026-09-24T01:00:35Z,1169.4166666666667,1,0,5009.0,2026-09-24T01:00:35Z,1169.4166666666667,1,0,500.0,2026-09-23T06:00:11Z,2309.8166666666666,1,1,530.0,2026-09-23T06:00:11Z,2309.8166666666666,1,1,513.0,2026-09-23T06:00:11Z,2309.8166666666666,1,1,500.0,2026-09-23T06:00:11Z,2309.8166666666666,1,1,500.0,2026-09-23T06:00:11Z,2309.8166666666666,1,1,504.0,2026-09-23T06:00:11Z,2309.8166666666666,1,1,,,,0,1,,,,0,1,,,,0,1,1437.6705000000002,2026-09-24T00:13:43Z,1216.2833333333333,1,0,1437.6705000000002,2026-09-24T00:13:40Z,1216.3333333333333,1,0,322.24649999999997,2026-09-24T00:13:40Z,1216.3333333333333,1,0,1115.424,2026-09-24T00:13:40Z,1216.3333333333333,1,0,3245.221,2026-09-24T01:00:36Z,,1169.4,1,1,-17.557,2026-09-24T01:47:45Z,2026-09-24T01:30:00Z,1122.25,1,1,97.77,2026-09-24T01:47:45Z,2026-09-24T01:30:00Z,1122.25,1,1,9799.771,2026-09-24T01:47:45Z,2026-09-24T01:30:00Z,1122.25,1,1,4254.922,2026-09-24T01:47:45Z,2026-09-24T01:30:00Z,1122.25,1,1,353.766,2026-09-24T01:47:45Z,2026-09-24T01:30:00Z,1122.25,1,1,-37.505,2026-09-24T01:30:05Z,2026-09-24T01:00:00Z,1139.9166666666667,1,1,105.91,2026-09-24T01:30:05Z,2026-09-24T01:00:00Z,1139.9166666666667,1,1,0.024,2026-09-24T01:00:37Z,,1169.3833333333334,1,1,0.0,2026-09-24T01:00:37Z,,1169.3833333333334,1,1,3437.2105,254.74650000000003,204.605,372.545,2026-08-31T23:00:00Z,34410.0,1,,,,-144.62,3901.1559999999995,,,,,1,1,1,1,1,1,0,0,0,0,0,0,0,0,0,0,0,0,0,0,0,0,0,0,0,0,0,0,0,0,0,0,0,0,0,0,0,0,0,0,0,0,0,0,0,0,0,0,0,0,0,1,1,1,1,1,1,1,1,1,0,0,0,0,0,0,0,0,0,0,0,0,0,0,1,0,0,0,0,0,0,0,0,0,0,0,0,0,0,0,0,0,0,0,0,0,0,0,0,0,0,0,0,0,0,0,1,0,0,0,1,0,1,1,1,0,0,1,1,1,1
2026-09-24T20:30:00Z,2026-09-24T21:30:00Z,60,,,,0,1,,,,0,1,4771.0,2026-09-24T01:50:10Z,1119.8333333333333,1,0,740.0,2026-09-24T01:50:10Z,1119.8333333333333,1,0,4031.0,2026-09-24T01:50:10Z,1119.8333333333333,1,0,-181.44,2026-09-24T01:00:35Z,1169.4166666666667,1,1,1207.0,2026-09-24T01:00:35Z,1169.4166666666667,1,0,1409.43,2026-09-24T01:00:35Z,1169.4166666666667,1,0,0.0,2026-09-24T01:00:35Z,1169.4166666666667,1,0,2336.01,2026-09-24T01:00:35Z,1169.4166666666667,1,0,4771.0,2026-09-24T01:00:35Z,1169.4166666666667,1,0,500.0,2026-09-23T06:00:11Z,2309.8166666666666,1,1,530.0,2026-09-23T06:00:11Z,2309.8166666666666,1,1,513.0,2026-09-23T06:00:11Z,2309.8166666666666,1,1,500.0,2026-09-23T06:00:11Z,2309.8166666666666,1,1,500.0,2026-09-23T06:00:11Z,2309.8166666666666,1,1,504.0,2026-09-23T06:00:11Z,2309.8166666666666,1,1,,,,0,1,,,,0,1,,,,0,1,1397.81,2026-09-24T00:13:43Z,1216.2833333333333,1,0,1397.81,2026-09-24T00:13:40Z,1216.3333333333333,1,0,318.444,2026-09-24T00:13:40Z,1216.3333333333333,1,0,1079.366,2026-09-24T00:13:40Z,1216.3333333333333,1,0,3245.221,2026-09-24T01:00:36Z,,1169.4,1,1,-17.557,2026-09-24T01:47:45Z,2026-09-24T01:30:00Z,1122.25,1,1,97.77,2026-09-24T01:47:45Z,2026-09-24T01:30:00Z,1122.25,1,1,9799.771,2026-09-24T01:47:45Z,2026-09-24T01:30:00Z,1122.25,1,1,4254.922,2026-09-24T01:47:45Z,2026-09-24T01:30:00Z,1122.25,1,1,353.766,2026-09-24T01:47:45Z,2026-09-24T01:30:00Z,1122.25,1,1,-37.505,2026-09-24T01:30:05Z,2026-09-24T01:00:00Z,1139.9166666666667,1,1,105.91,2026-09-24T01:30:05Z,2026-09-24T01:00:00Z,1139.9166666666667,1,1,0.024,2026-09-24T01:00:37Z,,1169.3833333333334,1,1,0.0,2026-09-24T01:00:37Z,,1169.3833333333334,1,1,3437.2105,254.74650000000003,204.605,372.545,2026-08-31T23:00:00Z,34410.0,1,,,,-181.44,3901.1559999999995,,,,,1,1,1,1,1,1,0,0,0,0,0,0,0,0,0,0,0,0,0,0,0,0,0,0,0,0,0,0,0,0,0,0,0,0,0,0,0,0,0,0,0,0,0,0,0,0,0,0,0,0,0,1,1,1,1,1,1,1,1,1,0,0,0,0,0,0,0,0,0,0,0,0,0,0,1,0,0,0,0,0,0,0,0,0,0,0,0,0,0,0,0,0,0,0,0,0,0,0,0,0,0,0,0,0,0,0,1,0,0,0,1,0,1,1,1,0,0,1,1,1,1
2026-09-24T21:00:00Z,2026-09-24T21:30:00Z,30,,,,0,1,,,,0,1,4771.0,2026-09-24T01:50:10Z,1149.8333333333333,1,0,740.0,2026-09-24T01:50:10Z,1149.8333333333333,1,0,4031.0,2026-09-24T01:50:10Z,1149.8333333333333,1,0,-181.44,2026-09-24T01:00:35Z,1199.4166666666667,1,1,1207.0,2026-09-24T01:00:35Z,1199.4166666666667,1,0,1409.43,2026-09-24T01:00:35Z,1199.4166666666667,1,0,0.0,2026-09-24T01:00:35Z,1199.4166666666667,1,0,2336.01,2026-09-24T01:00:35Z,1199.4166666666667,1,0,4771.0,2026-09-24T01:00:35Z,1199.4166666666667,1,0,500.0,2026-09-23T06:00:11Z,2339.8166666666666,1,1,530.0,2026-09-23T06:00:11Z,2339.8166666666666,1,1,513.0,2026-09-23T06:00:11Z,2339.8166666666666,1,1,500.0,2026-09-23T06:00:11Z,2339.8166666666666,1,1,500.0,2026-09-23T06:00:11Z,2339.8166666666666,1,1,504.0,2026-09-23T06:00:11Z,2339.8166666666666,1,1,,,,0,1,,,,0,1,,,,0,1,1397.81,2026-09-24T00:13:43Z,1246.2833333333333,1,0,1397.81,2026-09-24T00:13:40Z,1246.3333333333333,1,0,318.444,2026-09-24T00:13:40Z,1246.3333333333333,1,0,1079.366,2026-09-24T00:13:40Z,1246.3333333333333,1,0,3245.221,2026-09-24T01:00:36Z,,1199.4,1,1,-17.557,2026-09-24T01:47:45Z,2026-09-24T01:30:00Z,1152.25,1,1,97.77,2026-09-24T01:47:45Z,2026-09-24T01:30:00Z,1152.25,1,1,9799.771,2026-09-24T01:47:45Z,2026-09-24T01:30:00Z,1152.25,1,1,4254.922,2026-09-24T01:47:45Z,2026-09-24T01:30:00Z,1152.25,1,1,353.766,2026-09-24T01:47:45Z,2026-09-24T01:30:00Z,1152.25,1,1,-37.505,2026-09-24T01:30:05Z,2026-09-24T01:00:00Z,1169.9166666666667,1,1,105.91,2026-09-24T01:30:05Z,2026-09-24T01:00:00Z,1169.9166666666667,1,1,0.024,2026-09-24T01:00:37Z,,1199.3833333333334,1,1,0.0,2026-09-24T01:00:37Z,,1199.3833333333334,1,1,3437.2105,254.74650000000003,204.605,372.545,2026-08-31T23:00:00Z,34440.0,1,,,,-181.44,3901.1559999999995,,,,,1,1,1,1,1,1,0,0,0,0,0,0,0,0,0,0,0,0,0,0,0,0,0,0,0,0,0,0,0,0,0,0,0,0,0,0,0,0,0,0,0,0,0,0,0,0,0,0,0,0,0,1,1,1,1,1,1,1,1,1,0,0,0,0,0,0,0,0,0,0,0,0,0,0,1,0,0,0,0,0,0,0,0,0,0,0,0,0,0,0,0,0,0,0,0,0,0,0,0,0,0,0,0,0,0,0,1,0,0,0,1,0,1,1,1,0,0,1,1,1,1
2026-09-24T21:00:00Z,2026-09-24T22:00:00Z,60,,,,0,1,,,,0,1,4549.0,2026-09-24T01:50:10Z,1149.8333333333333,1,0,690.0,2026-09-24T01:50:10Z,1149.8333333333333,1,0,3859.0,2026-09-24T01:50:10Z,1149.8333333333333,1,0,,,,0,1,,,,0,1,,,,0,1,,,,0,1,,,,0,1,,,,0,1,500.0,2026-09-23T06:00:11Z,2339.8166666666666,1,1,530.0,2026-09-23T06:00:11Z,2339.8166666666666,1,1,513.0,2026-09-23T06:00:11Z,2339.8166666666666,1,1,500.0,2026-09-23T06:00:11Z,2339.8166666666666,1,1,500.0,2026-09-23T06:00:11Z,2339.8166666666666,1,1,504.0,2026-09-23T06:00:11Z,2339.8166666666666,1,1,,,,0,1,,,,0,1,,,,0,1,1363.455,2026-09-24T00:13:43Z,1246.2833333333333,1,0,1363.455,2026-09-24T00:13:40Z,1246.3333333333333,1,0,314.0045,2026-09-24T00:13:40Z,1246.3333333333333,1,0,1049.4505,2026-09-24T00:13:40Z,1246.3333333333333,1,0,3245.221,2026-09-24T01:00:36Z,,1199.4,1,1,-17.557,2026-09-24T01:47:45Z,2026-09-24T01:30:00Z,1152.25,1,1,97.77,2026-09-24T01:47:45Z,2026-09-24T01:30:00Z,1152.25,1,1,9799.771,2026-09-24T01:47:45Z,2026-09-24T01:30:00Z,1152.25,1,1,4254.922,2026-09-24T01:47:45Z,2026-09-24T01:30:00Z,1152.25,1,1,353.766,2026-09-24T01:47:45Z,2026-09-24T01:30:00Z,1152.25,1,1,-37.505,2026-09-24T01:30:05Z,2026-09-24T01:00:00Z,1169.9166666666667,1,1,105.91,2026-09-24T01:30:05Z,2026-09-24T01:00:00Z,1169.9166666666667,1,1,0.024,2026-09-24T01:00:37Z,,1199.3833333333334,1,1,0.0,2026-09-24T01:00:37Z,,1199.3833333333334,1,1,3437.2105,254.74650000000003,204.605,372.545,2026-08-31T23:00:00Z,34440.0,1,,,,,3901.1559999999995,,,,,1,1,1,1,1,1,0,0,0,0,0,0,0,0,0,1,1,1,1,1,1,1,1,1,1,1,1,1,1,1,1,1,1,0,0,0,0,0,0,0,0,0,0,0,0,0,0,0,0,0,0,1,1,1,1,1,1,1,1,1,0,0,0,0,0,0,0,0,0,0,0,0,0,0,1,0,0,0,0,0,0,0,0,0,0,0,0,0,0,0,0,0,0,0,0,0,0,0,0,0,0,0,0,0,0,0,1,0,0,0,1,0,1,1,1,1,0,1,1,1,1
2026-09-24T21:30:00Z,2026-09-24T22:00:00Z,30,,,,0,1,,,,0,1,4549.0,2026-09-24T01:50:10Z,1179.8333333333333,1,0,690.0,2026-09-24T01:50:10Z,1179.8333333333333,1,0,3859.0,2026-09-24T01:50:10Z,1179.8333333333333,1,0,,,,0,1,,,,0,1,,,,0,1,,,,0,1,,,,0,1,,,,0,1,500.0,2026-09-23T06:00:11Z,2369.8166666666666,1,1,530.0,2026-09-23T06:00:11Z,2369.8166666666666,1,1,513.0,2026-09-23T06:00:11Z,2369.8166666666666,1,1,500.0,2026-09-23T06:00:11Z,2369.8166666666666,1,1,500.0,2026-09-23T06:00:11Z,2369.8166666666666,1,1,504.0,2026-09-23T06:00:11Z,2369.8166666666666,1,1,,,,0,1,,,,0,1,,,,0,1,1363.455,2026-09-24T00:13:43Z,1276.2833333333333,1,0,1363.455,2026-09-24T00:13:40Z,1276.3333333333333,1,0,314.0045,2026-09-24T00:13:40Z,1276.3333333333333,1,0,1049.4505,2026-09-24T00:13:40Z,1276.3333333333333,1,0,3245.221,2026-09-24T01:00:36Z,,1229.4,1,1,-17.557,2026-09-24T01:47:45Z,2026-09-24T01:30:00Z,1182.25,1,1,97.77,2026-09-24T01:47:45Z,2026-09-24T01:30:00Z,1182.25,1,1,9799.771,2026-09-24T01:47:45Z,2026-09-24T01:30:00Z,1182.25,1,1,4254.922,2026-09-24T01:47:45Z,2026-09-24T01:30:00Z,1182.25,1,1,353.766,2026-09-24T01:47:45Z,2026-09-24T01:30:00Z,1182.25,1,1,-37.505,2026-09-24T01:30:05Z,2026-09-24T01:00:00Z,1199.9166666666667,1,1,105.91,2026-09-24T01:30:05Z,2026-09-24T01:00:00Z,1199.9166666666667,1,1,0.024,2026-09-24T01:00:37Z,,1229.3833333333334,1,1,0.0,2026-09-24T01:00:37Z,,1229.3833333333334,1,1,3437.2105,254.74650000000003,204.605,372.545,2026-08-31T23:00:00Z,34470.0,1,,,,,3901.1559999999995,,,,,1,1,1,1,1,1,0,0,0,0,0,0,0,0,0,1,1,1,1,1,1,1,1,1,1,1,1,1,1,1,1,1,1,0,0,0,0,0,0,0,0,0,0,0,0,0,0,0,0,0,0,1,1,1,1,1,1,1,1,1,0,0,0,0,0,0,0,0,0,0,0,0,0,0,1,0,0,0,0,0,0,0,0,0,0,0,0,0,0,0,0,0,0,0,0,0,0,0,0,0,0,0,0,0,0,0,1,0,0,0,1,0,1,1,1,1,0,1,1,1,1
2026-09-24T21:30:00Z,2026-09-24T22:30:00Z,60,,,,0,1,,,,0,1,4424.0,2026-09-24T01:50:10Z,1179.8333333333333,1,0,656.0,2026-09-24T01:50:10Z,1179.8333333333333,1,0,3768.0,2026-09-24T01:50:10Z,1179.8333333333333,1,0,,,,0,1,,,,0,1,,,,0,1,,,,0,1,,,,0,1,,,,0,1,500.0,2026-09-23T06:00:11Z,2369.8166666666666,1,1,530.0,2026-09-23T06:00:11Z,2369.8166666666666,1,1,513.0,2026-09-23T06:00:11Z,2369.8166666666666,1,1,500.0,2026-09-23T06:00:11Z,2369.8166666666666,1,1,500.0,2026-09-23T06:00:11Z,2369.8166666666666,1,1,504.0,2026-09-23T06:00:11Z,2369.8166666666666,1,1,,,,0,1,,,,0,1,,,,0,1,1345.6525000000001,2026-09-24T00:13:43Z,1276.2833333333333,1,0,1345.6525000000001,2026-09-24T00:13:40Z,1276.3333333333333,1,0,307.668,2026-09-24T00:13:40Z,1276.3333333333333,1,0,1037.9845,2026-09-24T00:13:40Z,1276.3333333333333,1,0,3245.221,2026-09-24T01:00:36Z,,1229.4,1,1,-17.557,2026-09-24T01:47:45Z,2026-09-24T01:30:00Z,1182.25,1,1,97.77,2026-09-24T01:47:45Z,2026-09-24T01:30:00Z,1182.25,1,1,9799.771,2026-09-24T01:47:45Z,2026-09-24T01:30:00Z,1182.25,1,1,4254.922,2026-09-24T01:47:45Z,2026-09-24T01:30:00Z,1182.25,1,1,353.766,2026-09-24T01:47:45Z,2026-09-24T01:30:00Z,1182.25,1,1,-37.505,2026-09-24T01:30:05Z,2026-09-24T01:00:00Z,1199.9166666666667,1,1,105.91,2026-09-24T01:30:05Z,2026-09-24T01:00:00Z,1199.9166666666667,1,1,0.024,2026-09-24T01:00:37Z,,1229.3833333333334,1,1,0.0,2026-09-24T01:00:37Z,,1229.3833333333334,1,1,3437.2105,254.74650000000003,204.605,372.545,2026-08-31T23:00:00Z,34470.0,1,,,,,3901.1559999999995,,,,,1,1,1,1,1,1,0,0,0,0,0,0,0,0,0,1,1,1,1,1,1,1,1,1,1,1,1,1,1,1,1,1,1,0,0,0,0,0,0,0,0,0,0,0,0,0,0,0,0,0,0,1,1,1,1,1,1,1,1,1,0,0,0,0,0,0,0,0,0,0,0,0,0,0,1,0,0,0,0,0,0,0,0,0,0,0,0,0,0,0,0,0,0,0,0,0,0,0,0,0,0,0,0,0,0,0,1,0,0,0,1,0,1,1,1,1,0,1,1,1,1
2026-09-24T22:00:00Z,2026-09-24T22:30:00Z,30,,,,0,1,,,,0,1,4424.0,2026-09-24T01:50:10Z,1209.8333333333333,1,0,656.0,2026-09-24T01:50:10Z,1209.8333333333333,1,0,3768.0,2026-09-24T01:50:10Z,1209.8333333333333,1,0,,,,0,1,,,,0,1,,,,0,1,,,,0,1,,,,0,1,,,,0,1,500.0,2026-09-23T06:00:11Z,2399.8166666666666,1,1,530.0,2026-09-23T06:00:11Z,2399.8166666666666,1,1,513.0,2026-09-23T06:00:11Z,2399.8166666666666,1,1,500.0,2026-09-23T06:00:11Z,2399.8166666666666,1,1,500.0,2026-09-23T06:00:11Z,2399.8166666666666,1,1,504.0,2026-09-23T06:00:11Z,2399.8166666666666,1,1,,,,0,1,,,,0,1,,,,0,1,1345.6525000000001,2026-09-24T00:13:43Z,1306.2833333333333,1,0,1345.6525000000001,2026-09-24T00:13:40Z,1306.3333333333333,1,0,307.668,2026-09-24T00:13:40Z,1306.3333333333333,1,0,1037.9845,2026-09-24T00:13:40Z,1306.3333333333333,1,0,3245.221,2026-09-24T01:00:36Z,,1259.4,1,1,-17.557,2026-09-24T01:47:45Z,2026-09-24T01:30:00Z,1212.25,1,1,97.77,2026-09-24T01:47:45Z,2026-09-24T01:30:00Z,1212.25,1,1,9799.771,2026-09-24T01:47:45Z,2026-09-24T01:30:00Z,1212.25,1,1,4254.922,2026-09-24T01:47:45Z,2026-09-24T01:30:00Z,1212.25,1,1,353.766,2026-09-24T01:47:45Z,2026-09-24T01:30:00Z,1212.25,1,1,-37.505,2026-09-24T01:30:05Z,2026-09-24T01:00:00Z,1229.9166666666667,1,1,105.91,2026-09-24T01:30:05Z,2026-09-24T01:00:00Z,1229.9166666666667,1,1,0.024,2026-09-24T01:00:37Z,,1259.3833333333334,1,1,0.0,2026-09-24T01:00:37Z,,1259.3833333333334,1,1,3437.2105,254.74650000000003,204.605,372.545,2026-08-31T23:00:00Z,34500.0,1,,,,,3901.1559999999995,,,,,1,1,1,1,1,1,0,0,0,0,0,0,0,0,0,1,1,1,1,1,1,1,1,1,1,1,1,1,1,1,1,1,1,0,0,0,0,0,0,0,0,0,0,0,0,0,0,0,0,0,0,1,1,1,1,1,1,1,1,1,0,0,0,0,0,0,0,0,0,0,0,0,0,0,1,0,0,0,0,0,0,0,0,0,0,0,0,0,0,0,0,0,0,0,0,0,0,0,0,0,0,0,0,0,0,0,1,0,0,0,1,0,1,1,1,1,0,1,1,1,1
2026-09-24T22:00:00Z,2026-09-24T23:00:00Z,60,,,,0,1,,,,0,1,4787.0,2026-09-24T01:50:10Z,1209.8333333333333,1,0,638.0,2026-09-24T01:50:10Z,1209.8333333333333,1,0,4149.0,2026-09-24T01:50:10Z,1209.8333333333333,1,0,,,,0,1,,,,0,1,,,,0,1,,,,0,1,,,,0,1,,,,0,1,500.0,2026-09-23T06:00:11Z,2399.8166666666666,1,1,530.0,2026-09-23T06:00:11Z,2399.8166666666666,1,1,513.0,2026-09-23T06:00:11Z,2399.8166666666666,1,1,500.0,2026-09-23T06:00:11Z,2399.8166666666666,1,1,500.0,2026-09-23T06:00:11Z,2399.8166666666666,1,1,504.0,2026-09-23T06:00:11Z,2399.8166666666666,1,1,,,,0,1,,,,0,1,,,,0,1,1325.2404999999999,2026-09-24T00:13:43Z,1306.2833333333333,1,0,1325.2404999999999,2026-09-24T00:13:40Z,1306.3333333333333,1,0,301.1775,2026-09-24T00:13:40Z,1306.3333333333333,1,0,1024.063,2026-09-24T00:13:40Z,1306.3333333333333,1,0,3245.221,2026-09-24T01:00:36Z,,1259.4,1,1,-17.557,2026-09-24T01:47:45Z,2026-09-24T01:30:00Z,1212.25,1,1,97.77,2026-09-24T01:47:45Z,2026-09-24T01:30:00Z,1212.25,1,1,9799.771,2026-09-24T01:47:45Z,2026-09-24T01:30:00Z,1212.25,1,1,4254.922,2026-09-24T01:47:45Z,2026-09-24T01:30:00Z,1212.25,1,1,353.766,2026-09-24T01:47:45Z,2026-09-24T01:30:00Z,1212.25,1,1,-37.505,2026-09-24T01:30:05Z,2026-09-24T01:00:00Z,1229.9166666666667,1,1,105.91,2026-09-24T01:30:05Z,2026-09-24T01:00:00Z,1229.9166666666667,1,1,0.024,2026-09-24T01:00:37Z,,1259.3833333333334,1,1,0.0,2026-09-24T01:00:37Z,,1259.3833333333334,1,1,3437.2105,254.74650000000003,204.605,372.545,2026-08-31T23:00:00Z,34500.0,1,,,,,3901.1559999999995,,,,,1,1,1,1,1,1,0,0,0,0,0,0,0,0,0,1,1,1,1,1,1,1,1,1,1,1,1,1,1,1,1,1,1,0,0,0,0,0,0,0,0,0,0,0,0,0,0,0,0,0,0,1,1,1,1,1,1,1,1,1,0,0,0,0,0,0,0,0,0,0,0,0,0,0,1,0,0,0,0,0,0,0,0,0,0,0,0,0,0,0,0,0,0,0,0,0,0,0,0,0,0,0,0,0,0,0,1,0,0,0,1,0,1,1,1,1,0,1,1,1,1
2026-09-24T22:30:00Z,2026-09-24T23:00:00Z,30,,,,0,1,,,,0,1,4787.0,2026-09-24T01:50:10Z,1239.8333333333333,1,0,638.0,2026-09-24T01:50:10Z,1239.8333333333333,1,0,4149.0,2026-09-24T01:50:10Z,1239.8333333333333,1,0,,,,0,1,,,,0,1,,,,0,1,,,,0,1,,,,0,1,,,,0,1,500.0,2026-09-23T06:00:11Z,2429.8166666666666,1,1,530.0,2026-09-23T06:00:11Z,2429.8166666666666,1,1,513.0,2026-09-23T06:00:11Z,2429.8166666666666,1,1,500.0,2026-09-23T06:00:11Z,2429.8166666666666,1,1,500.0,2026-09-23T06:00:11Z,2429.8166666666666,1,1,504.0,2026-09-23T06:00:11Z,2429.8166666666666,1,1,,,,0,1,,,,0,1,,,,0,1,1325.2404999999999,2026-09-24T00:13:43Z,1336.2833333333333,1,0,1325.2404999999999,2026-09-24T00:13:40Z,1336.3333333333333,1,0,301.1775,2026-09-24T00:13:40Z,1336.3333333333333,1,0,1024.063,2026-09-24T00:13:40Z,1336.3333333333333,1,0,3245.221,2026-09-24T01:00:36Z,,1289.4,1,1,-17.557,2026-09-24T01:47:45Z,2026-09-24T01:30:00Z,1242.25,1,1,97.77,2026-09-24T01:47:45Z,2026-09-24T01:30:00Z,1242.25,1,1,9799.771,2026-09-24T01:47:45Z,2026-09-24T01:30:00Z,1242.25,1,1,4254.922,2026-09-24T01:47:45Z,2026-09-24T01:30:00Z,1242.25,1,1,353.766,2026-09-24T01:47:45Z,2026-09-24T01:30:00Z,1242.25,1,1,-37.505,2026-09-24T01:30:05Z,2026-09-24T01:00:00Z,1259.9166666666667,1,1,105.91,2026-09-24T01:30:05Z,2026-09-24T01:00:00Z,1259.9166666666667,1,1,0.024,2026-09-24T01:00:37Z,,1289.3833333333334,1,1,0.0,2026-09-24T01:00:37Z,,1289.3833333333334,1,1,3437.2105,254.74650000000003,204.605,372.545,2026-08-31T23:00:00Z,34530.0,1,,,,,3901.1559999999995,,,,,1,1,1,1,1,1,0,0,0,0,0,0,0,0,0,1,1,1,1,1,1,1,1,1,1,1,1,1,1,1,1,1,1,0,0,0,0,0,0,0,0,0,0,0,0,0,0,0,0,0,0,1,1,1,1,1,1,1,1,1,0,0,0,0,0,0,0,0,0,0,0,0,0,0,1,0,0,0,0,0,0,0,0,0,0,0,0,0,0,0,0,0,0,0,0,0,0,0,0,0,0,0,0,0,0,0,1,0,0,0,1,0,1,1,1,1,0,1,1,1,1
2026-09-24T22:30:00Z,2026-09-24T23:30:00Z,60,,,,0,1,,,,0,1,4591.0,2026-09-24T01:50:10Z,1239.8333333333333,1,0,613.0,2026-09-24T01:50:10Z,1239.8333333333333,1,0,3978.0,2026-09-24T01:50:10Z,1239.8333333333333,1,0,,,,0,1,,,,0,1,,,,0,1,,,,0,1,,,,0,1,,,,0,1,500.0,2026-09-23T06:00:11Z,2429.8166666666666,1,1,530.0,2026-09-23T06:00:11Z,2429.8166666666666,1,1,513.0,2026-09-23T06:00:11Z,2429.8166666666666,1,1,500.0,2026-09-23T06:00:11Z,2429.8166666666666,1,1,500.0,2026-09-23T06:00:11Z,2429.8166666666666,1,1,504.0,2026-09-23T06:00:11Z,2429.8166666666666,1,1,,,,0,1,,,,0,1,,,,0,1,1296.9875,2026-09-24T00:13:43Z,1336.2833333333333,1,0,1296.9875,2026-09-24T00:13:40Z,1336.3333333333333,1,0,294.231,2026-09-24T00:13:40Z,1336.3333333333333,1,0,1002.7565,2026-09-24T00:13:40Z,1336.3333333333333,1,0,3245.221,2026-09-24T01:00:36Z,,1289.4,1,1,-17.557,2026-09-24T01:47:45Z,2026-09-24T01:30:00Z,1242.25,1,1,97.77,2026-09-24T01:47:45Z,2026-09-24T01:30:00Z,1242.25,1,1,9799.771,2026-09-24T01:47:45Z,2026-09-24T01:30:00Z,1242.25,1,1,4254.922,2026-09-24T01:47:45Z,2026-09-24T01:30:00Z,1242.25,1,1,353.766,2026-09-24T01:47:45Z,2026-09-24T01:30:00Z,1242.25,1,1,-37.505,2026-09-24T01:30:05Z,2026-09-24T01:00:00Z,1259.9166666666667,1,1,105.91,2026-09-24T01:30:05Z,2026-09-24T01:00:00Z,1259.9166666666667,1,1,0.024,2026-09-24T01:00:37Z,,1289.3833333333334,1,1,0.0,2026-09-24T01:00:37Z,,1289.3833333333334,1,1,3437.2105,254.74650000000003,204.605,372.545,2026-08-31T23:00:00Z,34530.0,1,,,,,3901.1559999999995,,,,,1,1,1,1,1,1,0,0,0,0,0,0,0,0,0,1,1,1,1,1,1,1,1,1,1,1,1,1,1,1,1,1,1,0,0,0,0,0,0,0,0,0,0,0,0,0,0,0,0,0,0,1,1,1,1,1,1,1,1,1,0,0,0,0,0,0,0,0,0,0,0,0,0,0,1,0,0,0,0,0,0,0,0,0,0,0,0,0,0,0,0,0,0,0,0,0,0,0,0,0,0,0,0,0,0,0,1,0,0,0,1,0,1,1,1,1,0,1,1,1,1
2026-09-24T23:00:00Z,2026-09-24T23:30:00Z,30,,,,0,1,,,,0,1,4591.0,2026-09-24T01:50:10Z,1269.8333333333333,1,0,613.0,2026-09-24T01:50:10Z,1269.8333333333333,1,0,3978.0,2026-09-24T01:50:10Z,1269.8333333333333,1,0,,,,0,1,,,,0,1,,,,0,1,,,,0,1,,,,0,1,,,,0,1,500.0,2026-09-23T06:00:11Z,2459.8166666666666,1,1,530.0,2026-09-23T06:00:11Z,2459.8166666666666,1,1,513.0,2026-09-23T06:00:11Z,2459.8166666666666,1,1,500.0,2026-09-23T06:00:11Z,2459.8166666666666,1,1,500.0,2026-09-23T06:00:11Z,2459.8166666666666,1,1,504.0,2026-09-23T06:00:11Z,2459.8166666666666,1,1,,,,0,1,,,,0,1,,,,0,1,1296.9875,2026-09-24T00:13:43Z,1366.2833333333333,1,0,1296.9875,2026-09-24T00:13:40Z,1366.3333333333333,1,0,294.231,2026-09-24T00:13:40Z,1366.3333333333333,1,0,1002.7565,2026-09-24T00:13:40Z,1366.3333333333333,1,0,3245.221,2026-09-24T01:00:36Z,,1319.4,1,1,-17.557,2026-09-24T01:47:45Z,2026-09-24T01:30:00Z,1272.25,1,1,97.77,2026-09-24T01:47:45Z,2026-09-24T01:30:00Z,1272.25,1,1,9799.771,2026-09-24T01:47:45Z,2026-09-24T01:30:00Z,1272.25,1,1,4254.922,2026-09-24T01:47:45Z,2026-09-24T01:30:00Z,1272.25,1,1,353.766,2026-09-24T01:47:45Z,2026-09-24T01:30:00Z,1272.25,1,1,-37.505,2026-09-24T01:30:05Z,2026-09-24T01:00:00Z,1289.9166666666667,1,1,105.91,2026-09-24T01:30:05Z,2026-09-24T01:00:00Z,1289.9166666666667,1,1,0.024,2026-09-24T01:00:37Z,,1319.3833333333334,1,1,0.0,2026-09-24T01:00:37Z,,1319.3833333333334,1,1,3437.2105,254.74650000000003,204.605,372.545,2026-08-31T23:00:00Z,34560.0,1,,,,,3901.1559999999995,,,,,1,1,1,1,1,1,0,0,0,0,0,0,0,0,0,1,1,1,1,1,1,1,1,1,1,1,1,1,1,1,1,1,1,0,0,0,0,0,0,0,0,0,0,0,0,0,0,0,0,0,0,1,1,1,1,1,1,1,1,1,0,0,0,0,0,0,0,0,0,0,0,0,0,0,1,0,0,0,0,0,0,0,0,0,0,0,0,0,0,0,0,0,0,0,0,0,0,0,0,0,0,0,0,0,0,0,1,0,0,0,1,0,1,1,1,1,0,1,1,1,1
2026-09-24T23:00:00Z,2026-09-25T00:00:00Z,60,,,,0,1,,,,0,1,4494.0,2026-09-24T01:50:10Z,1269.8333333333333,1,0,601.0,2026-09-24T01:50:10Z,1269.8333333333333,1,0,3893.0,2026-09-24T01:50:10Z,1269.8333333333333,1,0,,,,0,1,,,,0,1,,,,0,1,,,,0,1,,,,0,1,,,,0,1,500.0,2026-09-23T06:00:11Z,2459.8166666666666,1,1,530.0,2026-09-23T06:00:11Z,2459.8166666666666,1,1,513.0,2026-09-23T06:00:11Z,2459.8166666666666,1,1,500.0,2026-09-23T06:00:11Z,2459.8166666666666,1,1,500.0,2026-09-23T06:00:11Z,2459.8166666666666,1,1,504.0,2026-09-23T06:00:11Z,2459.8166666666666,1,1,,,,0,1,,,,0,1,,,,0,1,1270.5445,2026-09-24T00:13:43Z,1366.2833333333333,1,0,1270.5445,2026-09-24T00:13:40Z,1366.3333333333333,1,0,288.1995,2026-09-24T00:13:40Z,1366.3333333333333,1,0,982.345,2026-09-24T00:13:40Z,1366.3333333333333,1,0,3245.221,2026-09-24T01:00:36Z,,1319.4,1,1,-17.557,2026-09-24T01:47:45Z,2026-09-24T01:30:00Z,1272.25,1,1,97.77,2026-09-24T01:47:45Z,2026-09-24T01:30:00Z,1272.25,1,1,9799.771,2026-09-24T01:47:45Z,2026-09-24T01:30:00Z,1272.25,1,1,4254.922,2026-09-24T01:47:45Z,2026-09-24T01:30:00Z,1272.25,1,1,353.766,2026-09-24T01:47:45Z,2026-09-24T01:30:00Z,1272.25,1,1,-37.505,2026-09-24T01:30:05Z,2026-09-24T01:00:00Z,1289.9166666666667,1,1,105.91,2026-09-24T01:30:05Z,2026-09-24T01:00:00Z,1289.9166666666667,1,1,0.024,2026-09-24T01:00:37Z,,1319.3833333333334,1,1,0.0,2026-09-24T01:00:37Z,,1319.3833333333334,1,1,3437.2105,254.74650000000003,204.605,372.545,2026-08-31T23:00:00Z,34560.0,1,,,,,3901.1559999999995,,,,,1,1,1,1,1,1,0,0,0,0,0,0,0,0,0,1,1,1,1,1,1,1,1,1,1,1,1,1,1,1,1,1,1,0,0,0,0,0,0,0,0,0,0,0,0,0,0,0,0,0,0,1,1,1,1,1,1,1,1,1,0,0,0,0,0,0,0,0,0,0,0,0,0,0,1,0,0,0,0,0,0,0,0,0,0,0,0,0,0,0,0,0,0,0,0,0,0,0,0,0,0,0,0,0,0,0,1,0,0,0,1,0,1,1,1,1,0,1,1,1,1
2026-09-24T23:30:00Z,2026-09-25T00:00:00Z,30,,,,0,1,,,,0,1,4494.0,2026-09-24T01:50:10Z,1299.8333333333333,1,0,601.0,2026-09-24T01:50:10Z,1299.8333333333333,1,0,3893.0,2026-09-24T01:50:10Z,1299.8333333333333,1,0,,,,0,1,,,,0,1,,,,0,1,,,,0,1,,,,0,1,,,,0,1,500.0,2026-09-23T06:00:11Z,2489.8166666666666,1,1,530.0,2026-09-23T06:00:11Z,2489.8166666666666,1,1,513.0,2026-09-23T06:00:11Z,2489.8166666666666,1,1,500.0,2026-09-23T06:00:11Z,2489.8166666666666,1,1,500.0,2026-09-23T06:00:11Z,2489.8166666666666,1,1,504.0,2026-09-23T06:00:11Z,2489.8166666666666,1,1,,,,0,1,,,,0,1,,,,0,1,1270.5445,2026-09-24T00:13:43Z,1396.2833333333333,1,0,1270.5445,2026-09-24T00:13:40Z,1396.3333333333333,1,0,288.1995,2026-09-24T00:13:40Z,1396.3333333333333,1,0,982.345,2026-09-24T00:13:40Z,1396.3333333333333,1,0,3245.221,2026-09-24T01:00:36Z,,1349.4,1,1,-17.557,2026-09-24T01:47:45Z,2026-09-24T01:30:00Z,1302.25,1,1,97.77,2026-09-24T01:47:45Z,2026-09-24T01:30:00Z,1302.25,1,1,9799.771,2026-09-24T01:47:45Z,2026-09-24T01:30:00Z,1302.25,1,1,4254.922,2026-09-24T01:47:45Z,2026-09-24T01:30:00Z,1302.25,1,1,353.766,2026-09-24T01:47:45Z,2026-09-24T01:30:00Z,1302.25,1,1,-37.505,2026-09-24T01:30:05Z,2026-09-24T01:00:00Z,1319.9166666666667,1,1,105.91,2026-09-24T01:30:05Z,2026-09-24T01:00:00Z,1319.9166666666667,1,1,0.024,2026-09-24T01:00:37Z,,1349.3833333333334,1,1,0.0,2026-09-24T01:00:37Z,,1349.3833333333334,1,1,3437.2105,254.74650000000003,204.605,372.545,2026-08-31T23:00:00Z,34590.0,1,,,,,3901.1559999999995,,,,,1,1,1,1,1,1,0,0,0,0,0,0,0,0,0,1,1,1,1,1,1,1,1,1,1,1,1,1,1,1,1,1,1,0,0,0,0,0,0,0,0,0,0,0,0,0,0,0,0,0,0,1,1,1,1,1,1,1,1,1,0,0,0,0,0,0,0,0,0,0,0,0,0,0,1,0,0,0,0,0,0,0,0,0,0,0,0,0,0,0,0,0,0,0,0,0,0,0,0,0,0,0,0,0,0,0,1,0,0,0,1,0,1,1,1,1,0,1,1,1,1
2026-09-24T23:30:00Z,2026-09-25T00:30:00Z,60,,,,0,1,,,,0,1,4422.0,2026-09-24T01:50:10Z,1299.8333333333333,1,0,587.0,2026-09-24T01:50:10Z,1299.8333333333333,1,0,3835.0,2026-09-24T01:50:10Z,1299.8333333333333,1,0,,,,0,1,,,,0,1,,,,0,1,,,,0,1,,,,0,1,,,,0,1,500.0,2026-09-23T06:00:11Z,2489.8166666666666,1,1,530.0,2026-09-23T06:00:11Z,2489.8166666666666,1,1,513.0,2026-09-23T06:00:11Z,2489.8166666666666,1,1,500.0,2026-09-23T06:00:11Z,2489.8166666666666,1,1,500.0,2026-09-23T06:00:11Z,2489.8166666666666,1,1,504.0,2026-09-23T06:00:11Z,2489.8166666666666,1,1,,,,0,1,,,,0,1,,,,0,1,1249.5175,2026-09-24T00:13:43Z,1396.2833333333333,1,0,1249.5175,2026-09-24T00:13:40Z,1396.3333333333333,1,0,284.909,2026-09-24T00:13:40Z,1396.3333333333333,1,0,964.6085,2026-09-24T00:13:40Z,1396.3333333333333,1,0,3245.221,2026-09-24T01:00:36Z,,1349.4,1,1,-17.557,2026-09-24T01:47:45Z,2026-09-24T01:30:00Z,1302.25,1,1,97.77,2026-09-24T01:47:45Z,2026-09-24T01:30:00Z,1302.25,1,1,9799.771,2026-09-24T01:47:45Z,2026-09-24T01:30:00Z,1302.25,1,1,4254.922,2026-09-24T01:47:45Z,2026-09-24T01:30:00Z,1302.25,1,1,353.766,2026-09-24T01:47:45Z,2026-09-24T01:30:00Z,1302.25,1,1,-37.505,2026-09-24T01:30:05Z,2026-09-24T01:00:00Z,1319.9166666666667,1,1,105.91,2026-09-24T01:30:05Z,2026-09-24T01:00:00Z,1319.9166666666667,1,1,0.024,2026-09-24T01:00:37Z,,1349.3833333333334,1,1,0.0,2026-09-24T01:00:37Z,,1349.3833333333334,1,1,3437.2105,254.74650000000003,204.605,372.545,2026-08-31T23:00:00Z,34590.0,1,,,,,3901.1559999999995,,,,,1,1,1,1,1,1,0,0,0,0,0,0,0,0,0,1,1,1,1,1,1,1,1,1,1,1,1,1,1,1,1,1,1,0,0,0,0,0,0,0,0,0,0,0,0,0,0,0,0,0,0,1,1,1,1,1,1,1,1,1,0,0,0,0,0,0,0,0,0,0,0,0,0,0,1,0,0,0,0,0,0,0,0,0,0,0,0,0,0,0,0,0,0,0,0,0,0,0,0,0,0,0,0,0,0,0,1,0,0,0,1,0,1,1,1,1,0,1,1,1,1
2026-09-25T00:00:00Z,2026-09-25T00:30:00Z,30,,,,0,1,,,,0,1,4422.0,2026-09-24T01:50:10Z,1329.8333333333333,1,0,587.0,2026-09-24T01:50:10Z,1329.8333333333333,1,0,3835.0,2026-09-24T01:50:10Z,1329.8333333333333,1,0,,,,0,1,,,,0,1,,,,0,1,,,,0,1,,,,0,1,,,,0,1,500.0,2026-09-23T06:00:11Z,2519.8166666666666,1,1,530.0,2026-09-23T06:00:11Z,2519.8166666666666,1,1,513.0,2026-09-23T06:00:11Z,2519.8166666666666,1,1,500.0,2026-09-23T06:00:11Z,2519.8166666666666,1,1,500.0,2026-09-23T06:00:11Z,2519.8166666666666,1,1,504.0,2026-09-23T06:00:11Z,2519.8166666666666,1,1,,,,0,1,,,,0,1,,,,0,1,1249.5175,2026-09-24T00:13:43Z,1426.2833333333333,1,0,1249.5175,2026-09-24T00:13:40Z,1426.3333333333333,1,0,284.909,2026-09-24T00:13:40Z,1426.3333333333333,1,0,964.6085,2026-09-24T00:13:40Z,1426.3333333333333,1,0,3245.221,2026-09-24T01:00:36Z,,1379.4,1,1,-17.557,2026-09-24T01:47:45Z,2026-09-24T01:30:00Z,1332.25,1,1,97.77,2026-09-24T01:47:45Z,2026-09-24T01:30:00Z,1332.25,1,1,9799.771,2026-09-24T01:47:45Z,2026-09-24T01:30:00Z,1332.25,1,1,4254.922,2026-09-24T01:47:45Z,2026-09-24T01:30:00Z,1332.25,1,1,353.766,2026-09-24T01:47:45Z,2026-09-24T01:30:00Z,1332.25,1,1,-37.505,2026-09-24T01:30:05Z,2026-09-24T01:00:00Z,1349.9166666666667,1,1,105.91,2026-09-24T01:30:05Z,2026-09-24T01:00:00Z,1349.9166666666667,1,1,0.024,2026-09-24T01:00:37Z,,1379.3833333333334,1,1,0.0,2026-09-24T01:00:37Z,,1379.3833333333334,1,1,3437.2105,254.74650000000003,204.605,372.545,2026-08-31T23:00:00Z,34620.0,1,,,,,3901.1559999999995,,,,,1,1,1,1,1,1,0,0,0,0,0,0,0,0,0,1,1,1,1,1,1,1,1,1,1,1,1,1,1,1,1,1,1,0,0,0,0,0,0,0,0,0,0,0,0,0,0,0,0,0,0,1,1,1,1,1,1,1,1,1,0,0,0,0,0,0,0,0,0,0,0,0,0,0,1,0,0,0,0,0,0,0,0,0,0,0,0,0,0,0,0,0,0,0,0,0,0,0,0,0,0,0,0,0,0,0,1,0,0,0,1,0,1,1,1,1,0,1,1,1,1
2026-09-25T00:00:00Z,2026-09-25T01:00:00Z,60,,,,0,1,,,,0,1,4359.0,2026-09-24T01:50:10Z,1329.8333333333333,1,0,589.0,2026-09-24T01:50:10Z,1329.8333333333333,1,0,3770.0,2026-09-24T01:50:10Z,1329.8333333333333,1,0,,,,0,1,,,,0,1,,,,0,1,,,,0,1,,,,0,1,,,,0,1,500.0,2026-09-23T06:00:11Z,2519.8166666666666,1,1,530.0,2026-09-23T06:00:11Z,2519.8166666666666,1,1,513.0,2026-09-23T06:00:11Z,2519.8166666666666,1,1,500.0,2026-09-23T06:00:11Z,2519.8166666666666,1,1,500.0,2026-09-23T06:00:11Z,2519.8166666666666,1,1,504.0,2026-09-23T06:00:11Z,2519.8166666666666,1,1,,,,0,1,,,,0,1,,,,0,1,1231.909,2026-09-24T00:13:43Z,1426.2833333333333,1,0,1231.909,2026-09-24T00:13:40Z,1426.3333333333333,1,0,282.21450000000004,2026-09-24T00:13:40Z,1426.3333333333333,1,0,949.6945000000001,2026-09-24T00:13:40Z,1426.3333333333333,1,0,3245.221,2026-09-24T01:00:36Z,,1379.4,1,1,-17.557,2026-09-24T01:47:45Z,2026-09-24T01:30:00Z,1332.25,1,1,97.77,2026-09-24T01:47:45Z,2026-09-24T01:30:00Z,1332.25,1,1,9799.771,2026-09-24T01:47:45Z,2026-09-24T01:30:00Z,1332.25,1,1,4254.922,2026-09-24T01:47:45Z,2026-09-24T01:30:00Z,1332.25,1,1,353.766,2026-09-24T01:47:45Z,2026-09-24T01:30:00Z,1332.25,1,1,-37.505,2026-09-24T01:30:05Z,2026-09-24T01:00:00Z,1349.9166666666667,1,1,105.91,2026-09-24T01:30:05Z,2026-09-24T01:00:00Z,1349.9166666666667,1,1,0.024,2026-09-24T01:00:37Z,,1379.3833333333334,1,1,0.0,2026-09-24T01:00:37Z,,1379.3833333333334,1,1,3437.2105,254.74650000000003,204.605,372.545,2026-08-31T23:00:00Z,34620.0,1,,,,,3901.1559999999995,,,,,1,1,1,1,1,1,0,0,0,0,0,0,0,0,0,1,1,1,1,1,1,1,1,1,1,1,1,1,1,1,1,1,1,0,0,0,0,0,0,0,0,0,0,0,0,0,0,0,0,0,0,1,1,1,1,1,1,1,1,1,0,0,0,0,0,0,0,0,0,0,0,0,0,0,1,0,0,0,0,0,0,0,0,0,0,0,0,0,0,0,0,0,0,0,0,0,0,0,0,0,0,0,0,0,0,0,1,0,0,0,1,0,1,1,1,1,0,1,1,1,1
2026-09-25T00:30:00Z,2026-09-25T01:00:00Z,30,,,,0,1,,,,0,1,4359.0,2026-09-24T01:50:10Z,1359.8333333333333,1,0,589.0,2026-09-24T01:50:10Z,1359.8333333333333,1,0,3770.0,2026-09-24T01:50:10Z,1359.8333333333333,1,0,,,,0,1,,,,0,1,,,,0,1,,,,0,1,,,,0,1,,,,0,1,500.0,2026-09-23T06:00:11Z,2549.8166666666666,1,1,530.0,2026-09-23T06:00:11Z,2549.8166666666666,1,1,513.0,2026-09-23T06:00:11Z,2549.8166666666666,1,1,500.0,2026-09-23T06:00:11Z,2549.8166666666666,1,1,500.0,2026-09-23T06:00:11Z,2549.8166666666666,1,1,504.0,2026-09-23T06:00:11Z,2549.8166666666666,1,1,,,,0,1,,,,0,1,,,,0,1,1231.909,2026-09-24T00:13:43Z,1456.2833333333333,1,1,1231.909,2026-09-24T00:13:40Z,1456.3333333333333,1,1,282.21450000000004,2026-09-24T00:13:40Z,1456.3333333333333,1,1,949.6945000000001,2026-09-24T00:13:40Z,1456.3333333333333,1,1,3245.221,2026-09-24T01:00:36Z,,1409.4,1,1,-17.557,2026-09-24T01:47:45Z,2026-09-24T01:30:00Z,1362.25,1,1,97.77,2026-09-24T01:47:45Z,2026-09-24T01:30:00Z,1362.25,1,1,9799.771,2026-09-24T01:47:45Z,2026-09-24T01:30:00Z,1362.25,1,1,4254.922,2026-09-24T01:47:45Z,2026-09-24T01:30:00Z,1362.25,1,1,353.766,2026-09-24T01:47:45Z,2026-09-24T01:30:00Z,1362.25,1,1,-37.505,2026-09-24T01:30:05Z,2026-09-24T01:00:00Z,1379.9166666666667,1,1,105.91,2026-09-24T01:30:05Z,2026-09-24T01:00:00Z,1379.9166666666667,1,1,0.024,2026-09-24T01:00:37Z,,1409.3833333333334,1,1,0.0,2026-09-24T01:00:37Z,,1409.3833333333334,1,1,3437.2105,254.74650000000003,204.605,372.545,2026-08-31T23:00:00Z,34650.0,1,,,,,3901.1559999999995,,,,,1,1,1,1,1,1,0,0,0,0,0,0,0,0,0,1,1,1,1,1,1,1,1,1,1,1,1,1,1,1,1,1,1,0,0,0,0,0,0,0,0,0,0,0,0,0,0,0,0,0,0,1,1,1,1,1,1,1,1,1,0,0,0,0,0,0,0,0,0,0,0,0,0,0,1,0,0,0,0,0,0,0,0,0,0,0,0,0,0,0,0,0,0,0,0,0,0,0,0,0,0,0,0,0,0,0,1,0,0,0,1,0,1,1,1,1,0,1,1,1,1
2026-09-25T00:30:00Z,2026-09-25T01:30:00Z,60,,,,0,1,,,,0,1,4424.0,2026-09-24T01:50:10Z,1359.8333333333333,1,0,613.0,2026-09-24T01:50:10Z,1359.8333333333333,1,0,3811.0,2026-09-24T01:50:10Z,1359.8333333333333,1,0,,,,0,1,,,,0,1,,,,0,1,,,,0,1,,,,0,1,,,,0,1,500.0,2026-09-23T06:00:11Z,2549.8166666666666,1,1,530.0,2026-09-23T06:00:11Z,2549.8166666666666,1,1,513.0,2026-09-23T06:00:11Z,2549.8166666666666,1,1,500.0,2026-09-23T06:00:11Z,2549.8166666666666,1,1,500.0,2026-09-23T06:00:11Z,2549.8166666666666,1,1,504.0,2026-09-23T06:00:11Z,2549.8166666666666,1,1,,,,0,1,,,,0,1,,,,0,1,1224.5955,2026-09-24T00:13:43Z,1456.2833333333333,1,1,1224.5955,2026-09-24T00:13:40Z,1456.3333333333333,1,1,281.3185,2026-09-24T00:13:40Z,1456.3333333333333,1,1,943.277,2026-09-24T00:13:40Z,1456.3333333333333,1,1,3245.221,2026-09-24T01:00:36Z,,1409.4,1,1,-17.557,2026-09-24T01:47:45Z,2026-09-24T01:30:00Z,1362.25,1,1,97.77,2026-09-24T01:47:45Z,2026-09-24T01:30:00Z,1362.25,1,1,9799.771,2026-09-24T01:47:45Z,2026-09-24T01:30:00Z,1362.25,1,1,4254.922,2026-09-24T01:47:45Z,2026-09-24T01:30:00Z,1362.25,1,1,353.766,2026-09-24T01:47:45Z,2026-09-24T01:30:00Z,1362.25,1,1,-37.505,2026-09-24T01:30:05Z,2026-09-24T01:00:00Z,1379.9166666666667,1,1,105.91,2026-09-24T01:30:05Z,2026-09-24T01:00:00Z,1379.9166666666667,1,1,0.024,2026-09-24T01:00:37Z,,1409.3833333333334,1,1,0.0,2026-09-24T01:00:37Z,,1409.3833333333334,1,1,3437.2105,254.74650000000003,204.605,372.545,2026-08-31T23:00:00Z,34650.0,1,,,,,3901.1559999999995,,,,,1,1,1,1,1,1,0,0,0,0,0,0,0,0,0,1,1,1,1,1,1,1,1,1,1,1,1,1,1,1,1,1,1,0,0,0,0,0,0,0,0,0,0,0,0,0,0,0,0,0,0,1,1,1,1,1,1,1,1,1,0,0,0,0,0,0,0,0,0,0,0,0,0,0,1,0,0,0,0,0,0,0,0,0,0,0,0,0,0,0,0,0,0,0,0,0,0,0,0,0,0,0,0,0,0,0,1,0,0,0,1,0,1,1,1,1,0,1,1,1,1
2026-09-25T01:00:00Z,2026-09-25T01:30:00Z,30,,,,0,1,,,,0,1,4424.0,2026-09-24T01:50:10Z,1389.8333333333333,1,0,613.0,2026-09-24T01:50:10Z,1389.8333333333333,1,0,3811.0,2026-09-24T01:50:10Z,1389.8333333333333,1,0,,,,0,1,,,,0,1,,,,0,1,,,,0,1,,,,0,1,,,,0,1,500.0,2026-09-23T06:00:11Z,2579.8166666666666,1,1,530.0,2026-09-23T06:00:11Z,2579.8166666666666,1,1,513.0,2026-09-23T06:00:11Z,2579.8166666666666,1,1,500.0,2026-09-23T06:00:11Z,2579.8166666666666,1,1,500.0,2026-09-23T06:00:11Z,2579.8166666666666,1,1,504.0,2026-09-23T06:00:11Z,2579.8166666666666,1,1,,,,0,1,,,,0,1,,,,0,1,1224.5955,2026-09-24T00:13:43Z,1486.2833333333333,1,1,1224.5955,2026-09-24T00:13:40Z,1486.3333333333333,1,1,281.3185,2026-09-24T00:13:40Z,1486.3333333333333,1,1,943.277,2026-09-24T00:13:40Z,1486.3333333333333,1,1,3245.221,2026-09-24T01:00:36Z,,1439.4,1,1,-17.557,2026-09-24T01:47:45Z,2026-09-24T01:30:00Z,1392.25,1,1,97.77,2026-09-24T01:47:45Z,2026-09-24T01:30:00Z,1392.25,1,1,9799.771,2026-09-24T01:47:45Z,2026-09-24T01:30:00Z,1392.25,1,1,4254.922,2026-09-24T01:47:45Z,2026-09-24T01:30:00Z,1392.25,1,1,353.766,2026-09-24T01:47:45Z,2026-09-24T01:30:00Z,1392.25,1,1,-37.505,2026-09-24T01:30:05Z,2026-09-24T01:00:00Z,1409.9166666666667,1,1,105.91,2026-09-24T01:30:05Z,2026-09-24T01:00:00Z,1409.9166666666667,1,1,0.024,2026-09-24T01:00:37Z,,1439.3833333333334,1,1,0.0,2026-09-24T01:00:37Z,,1439.3833333333334,1,1,3437.2105,254.74650000000003,204.605,372.545,2026-08-31T23:00:00Z,34680.0,1,,,,,3901.1559999999995,,,,,1,1,1,1,1,1,0,0,0,0,0,0,0,0,0,1,1,1,1,1,1,1,1,1,1,1,1,1,1,1,1,1,1,0,0,0,0,0,0,0,0,0,0,0,0,0,0,0,0,0,0,1,1,1,1,1,1,1,1,1,0,0,0,0,0,0,0,0,0,0,0,0,0,0,1,0,0,0,0,0,0,0,0,0,0,0,0,0,0,0,0,0,0,0,0,0,0,0,0,0,0,0,0,0,0,0,1,0,0,0,1,0,1,1,1,1,0,1,1,1,1
2026-09-25T01:00:00Z,2026-09-25T02:00:00Z,60,,,,0,1,,,,0,1,4468.0,2026-09-24T01:50:10Z,1389.8333333333333,1,0,581.0,2026-09-24T01:50:10Z,1389.8333333333333,1,0,3887.0,2026-09-24T01:50:10Z,1389.8333333333333,1,0,,,,0,1,,,,0,1,,,,0,1,,,,0,1,,,,0,1,,,,0,1,500.0,2026-09-23T06:00:11Z,2579.8166666666666,1,1,530.0,2026-09-23T06:00:11Z,2579.8166666666666,1,1,513.0,2026-09-23T06:00:11Z,2579.8166666666666,1,1,500.0,2026-09-23T06:00:11Z,2579.8166666666666,1,1,500.0,2026-09-23T06:00:11Z,2579.8166666666666,1,1,504.0,2026-09-23T06:00:11Z,2579.8166666666666,1,1,,,,0,1,,,,0,1,,,,0,1,1214.3274999999999,2026-09-24T00:13:43Z,1486.2833333333333,1,1,1214.3274999999999,2026-09-24T00:13:40Z,1486.3333333333333,1,1,281.4455,2026-09-24T00:13:40Z,1486.3333333333333,1,1,932.8820000000001,2026-09-24T00:13:40Z,1486.3333333333333,1,1,3245.221,2026-09-24T01:00:36Z,,1439.4,1,1,-17.557,2026-09-24T01:47:45Z,2026-09-24T01:30:00Z,1392.25,1,1,97.77,2026-09-24T01:47:45Z,2026-09-24T01:30:00Z,1392.25,1,1,9799.771,2026-09-24T01:47:45Z,2026-09-24T01:30:00Z,1392.25,1,1,4254.922,2026-09-24T01:47:45Z,2026-09-24T01:30:00Z,1392.25,1,1,353.766,2026-09-24T01:47:45Z,2026-09-24T01:30:00Z,1392.25,1,1,-37.505,2026-09-24T01:30:05Z,2026-09-24T01:00:00Z,1409.9166666666667,1,1,105.91,2026-09-24T01:30:05Z,2026-09-24T01:00:00Z,1409.9166666666667,1,1,0.024,2026-09-24T01:00:37Z,,1439.3833333333334,1,1,0.0,2026-09-24T01:00:37Z,,1439.3833333333334,1,1,3437.2105,254.74650000000003,204.605,372.545,2026-08-31T23:00:00Z,34680.0,1,,,,,3901.1559999999995,,,,,1,1,1,1,1,1,0,0,0,0,0,0,0,0,0,1,1,1,1,1,1,1,1,1,1,1,1,1,1,1,1,1,1,0,0,0,0,0,0,0,0,0,0,0,0,0,0,0,0,0,0,1,1,1,1,1,1,1,1,1,0,0,0,0,0,0,0,0,0,0,0,0,0,0,1,0,0,0,0,0,0,0,0,0,0,0,0,0,0,0,0,0,0,0,0,0,0,0,0,0,0,0,0,0,0,0,1,0,0,0,1,0,1,1,1,1,0,1,1,1,1
2026-09-25T01:30:00Z,2026-09-25T02:00:00Z,30,,,,0,1,,,,0,1,4468.0,2026-09-24T01:50:10Z,1419.8333333333333,1,0,581.0,2026-09-24T01:50:10Z,1419.8333333333333,1,0,3887.0,2026-09-24T01:50:10Z,1419.8333333333333,1,0,,,,0,1,,,,0,1,,,,0,1,,,,0,1,,,,0,1,,,,0,1,500.0,2026-09-23T06:00:11Z,2609.8166666666666,1,1,530.0,2026-09-23T06:00:11Z,2609.8166666666666,1,1,513.0,2026-09-23T06:00:11Z,2609.8166666666666,1,1,500.0,2026-09-23T06:00:11Z,2609.8166666666666,1,1,500.0,2026-09-23T06:00:11Z,2609.8166666666666,1,1,504.0,2026-09-23T06:00:11Z,2609.8166666666666,1,1,,,,0,1,,,,0,1,,,,0,1,1214.3274999999999,2026-09-24T00:13:43Z,1516.2833333333333,1,1,1214.3274999999999,2026-09-24T00:13:40Z,1516.3333333333333,1,1,281.4455,2026-09-24T00:13:40Z,1516.3333333333333,1,1,932.8820000000001,2026-09-24T00:13:40Z,1516.3333333333333,1,1,3245.221,2026-09-24T01:00:36Z,,1469.4,1,1,-17.557,2026-09-24T01:47:45Z,2026-09-24T01:30:00Z,1422.25,1,1,97.77,2026-09-24T01:47:45Z,2026-09-24T01:30:00Z,1422.25,1,1,9799.771,2026-09-24T01:47:45Z,2026-09-24T01:30:00Z,1422.25,1,1,4254.922,2026-09-24T01:47:45Z,2026-09-24T01:30:00Z,1422.25,1,1,353.766,2026-09-24T01:47:45Z,2026-09-24T01:30:00Z,1422.25,1,1,-37.505,2026-09-24T01:30:05Z,2026-09-24T01:00:00Z,1439.9166666666667,1,1,105.91,2026-09-24T01:30:05Z,2026-09-24T01:00:00Z,1439.9166666666667,1,1,0.024,2026-09-24T01:00:37Z,,1469.3833333333334,1,1,0.0,2026-09-24T01:00:37Z,,1469.3833333333334,1,1,3437.2105,254.74650000000003,204.605,372.545,2026-08-31T23:00:00Z,34710.0,1,,,,,3901.1559999999995,,,,,1,1,1,1,1,1,0,0,0,0,0,0,0,0,0,1,1,1,1,1,1,1,1,1,1,1,1,1,1,1,1,1,1,0,0,0,0,0,0,0,0,0,0,0,0,0,0,0,0,0,0,1,1,1,1,1,1,1,1,1,0,0,0,0,0,0,0,0,0,0,0,0,0,0,1,0,0,0,0,0,0,0,0,0,0,0,0,0,0,0,0,0,0,0,0,0,0,0,0,0,0,0,0,0,0,0,1,0,0,0,1,0,1,1,1,1,0,1,1,1,1
2026-09-25T01:30:00Z,2026-09-25T02:30:00Z,60,,,,0,1,,,,0,1,4279.0,2026-09-24T01:50:10Z,1419.8333333333333,1,0,574.0,2026-09-24T01:50:10Z,1419.8333333333333,1,0,3705.0,2026-09-24T01:50:10Z,1419.8333333333333,1,0,,,,0,1,,,,0,1,,,,0,1,,,,0,1,,,,0,1,,,,0,1,500.0,2026-09-23T06:00:11Z,2609.8166666666666,1,1,530.0,2026-09-23T06:00:11Z,2609.8166666666666,1,1,513.0,2026-09-23T06:00:11Z,2609.8166666666666,1,1,500.0,2026-09-23T06:00:11Z,2609.8166666666666,1,1,500.0,2026-09-23T06:00:11Z,2609.8166666666666,1,1,504.0,2026-09-23T06:00:11Z,2609.8166666666666,1,1,,,,0,1,,,,0,1,,,,0,1,1195.233,2026-09-24T00:13:43Z,1516.2833333333333,1,1,1195.233,2026-09-24T00:13:40Z,1516.3333333333333,1,1,284.65,2026-09-24T00:13:40Z,1516.3333333333333,1,1,910.583,2026-09-24T00:13:40Z,1516.3333333333333,1,1,3245.221,2026-09-24T01:00:36Z,,1469.4,1,1,-17.557,2026-09-24T01:47:45Z,2026-09-24T01:30:00Z,1422.25,1,1,97.77,2026-09-24T01:47:45Z,2026-09-24T01:30:00Z,1422.25,1,1,9799.771,2026-09-24T01:47:45Z,2026-09-24T01:30:00Z,1422.25,1,1,4254.922,2026-09-24T01:47:45Z,2026-09-24T01:30:00Z,1422.25,1,1,353.766,2026-09-24T01:47:45Z,2026-09-24T01:30:00Z,1422.25,1,1,-37.505,2026-09-24T01:30:05Z,2026-09-24T01:00:00Z,1439.9166666666667,1,1,105.91,2026-09-24T01:30:05Z,2026-09-24T01:00:00Z,1439.9166666666667,1,1,0.024,2026-09-24T01:00:37Z,,1469.3833333333334,1,1,0.0,2026-09-24T01:00:37Z,,1469.3833333333334,1,1,3437.2105,254.74650000000003,204.605,372.545,2026-08-31T23:00:00Z,34710.0,1,,,,,3901.1559999999995,,,,,1,1,1,1,1,1,0,0,0,0,0,0,0,0,0,1,1,1,1,1,1,1,1,1,1,1,1,1,1,1,1,1,1,0,0,0,0,0,0,0,0,0,0,0,0,0,0,0,0,0,0,1,1,1,1,1,1,1,1,1,0,0,0,0,0,0,0,0,0,0,0,0,0,0,1,0,0,0,0,0,0,0,0,0,0,0,0,0,0,0,0,0,0,0,0,0,0,0,0,0,0,0,0,0,0,0,1,0,0,0,1,0,1,1,1,1,0,1,1,1,1
2026-09-25T02:00:00Z,2026-09-25T02:30:00Z,30,,,,0,1,,,,0,1,4279.0,2026-09-24T01:50:10Z,1449.8333333333333,1,1,574.0,2026-09-24T01:50:10Z,1449.8333333333333,1,1,3705.0,2026-09-24T01:50:10Z,1449.8333333333333,1,1,,,,0,1,,,,0,1,,,,0,1,,,,0,1,,,,0,1,,,,0,1,500.0,2026-09-23T06:00:11Z,2639.8166666666666,1,1,530.0,2026-09-23T06:00:11Z,2639.8166666666666,1,1,513.0,2026-09-23T06:00:11Z,2639.8166666666666,1,1,500.0,2026-09-23T06:00:11Z,2639.8166666666666,1,1,500.0,2026-09-23T06:00:11Z,2639.8166666666666,1,1,504.0,2026-09-23T06:00:11Z,2639.8166666666666,1,1,,,,0,1,,,,0,1,,,,0,1,1195.233,2026-09-24T00:13:43Z,1546.2833333333333,1,1,1195.233,2026-09-24T00:13:40Z,1546.3333333333333,1,1,284.65,2026-09-24T00:13:40Z,1546.3333333333333,1,1,910.583,2026-09-24T00:13:40Z,1546.3333333333333,1,1,3245.221,2026-09-24T01:00:36Z,,1499.4,1,1,-17.557,2026-09-24T01:47:45Z,2026-09-24T01:30:00Z,1452.25,1,1,97.77,2026-09-24T01:47:45Z,2026-09-24T01:30:00Z,1452.25,1,1,9799.771,2026-09-24T01:47:45Z,2026-09-24T01:30:00Z,1452.25,1,1,4254.922,2026-09-24T01:47:45Z,2026-09-24T01:30:00Z,1452.25,1,1,353.766,2026-09-24T01:47:45Z,2026-09-24T01:30:00Z,1452.25,1,1,-37.505,2026-09-24T01:30:05Z,2026-09-24T01:00:00Z,1469.9166666666667,1,1,105.91,2026-09-24T01:30:05Z,2026-09-24T01:00:00Z,1469.9166666666667,1,1,0.024,2026-09-24T01:00:37Z,,1499.3833333333334,1,1,0.0,2026-09-24T01:00:37Z,,1499.3833333333334,1,1,3437.2105,254.74650000000003,204.605,372.545,2026-08-31T23:00:00Z,34740.0,1,,,,,3901.1559999999995,,,,,1,1,1,1,1,1,0,0,0,0,0,0,0,0,0,1,1,1,1,1,1,1,1,1,1,1,1,1,1,1,1,1,1,0,0,0,0,0,0,0,0,0,0,0,0,0,0,0,0,0,0,1,1,1,1,1,1,1,1,1,0,0,0,0,0,0,0,0,0,0,0,0,0,0,1,0,0,0,0,0,0,0,0,0,0,0,0,0,0,0,0,0,0,0,0,0,0,0,0,0,0,0,0,0,0,0,1,0,0,0,1,0,1,1,1,1,0,1,1,1,1
2026-09-25T02:00:00Z,2026-09-25T03:00:00Z,60,,,,0,1,,,,0,1,4234.0,2026-09-24T01:50:10Z,1449.8333333333333,1,1,574.0,2026-09-24T01:50:10Z,1449.8333333333333,1,1,3660.0,2026-09-24T01:50:10Z,1449.8333333333333,1,1,,,,0,1,,,,0,1,,,,0,1,,,,0,1,,,,0,1,,,,0,1,500.0,2026-09-23T06:00:11Z,2639.8166666666666,1,1,530.0,2026-09-23T06:00:11Z,2639.8166666666666,1,1,513.0,2026-09-23T06:00:11Z,2639.8166666666666,1,1,500.0,2026-09-23T06:00:11Z,2639.8166666666666,1,1,500.0,2026-09-23T06:00:11Z,2639.8166666666666,1,1,504.0,2026-09-23T06:00:11Z,2639.8166666666666,1,1,,,,0,1,,,,0,1,,,,0,1,1175.6245,2026-09-24T00:13:43Z,1546.2833333333333,1,1,1175.6245,2026-09-24T00:13:40Z,1546.3333333333333,1,1,287.2015,2026-09-24T00:13:40Z,1546.3333333333333,1,1,888.423,2026-09-24T00:13:40Z,1546.3333333333333,1,1,3245.221,2026-09-24T01:00:36Z,,1499.4,1,1,-17.557,2026-09-24T01:47:45Z,2026-09-24T01:30:00Z,1452.25,1,1,97.77,2026-09-24T01:47:45Z,2026-09-24T01:30:00Z,1452.25,1,1,9799.771,2026-09-24T01:47:45Z,2026-09-24T01:30:00Z,1452.25,1,1,4254.922,2026-09-24T01:47:45Z,2026-09-24T01:30:00Z,1452.25,1,1,353.766,2026-09-24T01:47:45Z,2026-09-24T01:30:00Z,1452.25,1,1,-37.505,2026-09-24T01:30:05Z,2026-09-24T01:00:00Z,1469.9166666666667,1,1,105.91,2026-09-24T01:30:05Z,2026-09-24T01:00:00Z,1469.9166666666667,1,1,0.024,2026-09-24T01:00:37Z,,1499.3833333333334,1,1,0.0,2026-09-24T01:00:37Z,,1499.3833333333334,1,1,3437.2105,254.74650000000003,204.605,372.545,2026-08-31T23:00:00Z,34740.0,1,,,,,3901.1559999999995,,,,,1,1,1,1,1,1,0,0,0,0,0,0,0,0,0,1,1,1,1,1,1,1,1,1,1,1,1,1,1,1,1,1,1,0,0,0,0,0,0,0,0,0,0,0,0,0,0,0,0,0,0,1,1,1,1,1,1,1,1,1,0,0,0,0,0,0,0,0,0,0,0,0,0,0,1,0,0,0,0,0,0,0,0,0,0,0,0,0,0,0,0,0,0,0,0,0,0,0,0,0,0,0,0,0,0,0,1,0,0,0,1,0,1,1,1,1,0,1,1,1,1
2026-09-25T02:30:00Z,2026-09-25T03:00:00Z,30,,,,0,1,,,,0,1,4234.0,2026-09-24T01:50:10Z,1479.8333333333333,1,1,574.0,2026-09-24T01:50:10Z,1479.8333333333333,1,1,3660.0,2026-09-24T01:50:10Z,1479.8333333333333,1,1,,,,0,1,,,,0,1,,,,0,1,,,,0,1,,,,0,1,,,,0,1,500.0,2026-09-23T06:00:11Z,2669.8166666666666,1,1,530.0,2026-09-23T06:00:11Z,2669.8166666666666,1,1,513.0,2026-09-23T06:00:11Z,2669.8166666666666,1,1,500.0,2026-09-23T06:00:11Z,2669.8166666666666,1,1,500.0,2026-09-23T06:00:11Z,2669.8166666666666,1,1,504.0,2026-09-23T06:00:11Z,2669.8166666666666,1,1,,,,0,1,,,,0,1,,,,0,1,1175.6245,2026-09-24T00:13:43Z,1576.2833333333333,1,1,1175.6245,2026-09-24T00:13:40Z,1576.3333333333333,1,1,287.2015,2026-09-24T00:13:40Z,1576.3333333333333,1,1,888.423,2026-09-24T00:13:40Z,1576.3333333333333,1,1,3245.221,2026-09-24T01:00:36Z,,1529.4,1,1,-17.557,2026-09-24T01:47:45Z,2026-09-24T01:30:00Z,1482.25,1,1,97.77,2026-09-24T01:47:45Z,2026-09-24T01:30:00Z,1482.25,1,1,9799.771,2026-09-24T01:47:45Z,2026-09-24T01:30:00Z,1482.25,1,1,4254.922,2026-09-24T01:47:45Z,2026-09-24T01:30:00Z,1482.25,1,1,353.766,2026-09-24T01:47:45Z,2026-09-24T01:30:00Z,1482.25,1,1,-37.505,2026-09-24T01:30:05Z,2026-09-24T01:00:00Z,1499.9166666666667,1,1,105.91,2026-09-24T01:30:05Z,2026-09-24T01:00:00Z,1499.9166666666667,1,1,0.024,2026-09-24T01:00:37Z,,1529.3833333333334,1,1,0.0,2026-09-24T01:00:37Z,,1529.3833333333334,1,1,3437.2105,254.74650000000003,204.605,372.545,2026-08-31T23:00:00Z,34770.0,1,,,,,3901.1559999999995,,,,,1,1,1,1,1,1,0,0,0,0,0,0,0,0,0,1,1,1,1,1,1,1,1,1,1,1,1,1,1,1,1,1,1,0,0,0,0,0,0,0,0,0,0,0,0,0,0,0,0,0,0,1,1,1,1,1,1,1,1,1,0,0,0,0,0,0,0,0,0,0,0,0,0,0,1,0,0,0,0,0,0,0,0,0,0,0,0,0,0,0,0,0,0,0,0,0,0,0,0,0,0,0,0,0,0,0,1,0,0,0,1,0,1,1,1,1,0,1,1,1,1
2026-09-25T02:30:00Z,2026-09-25T03:30:00Z,60,,,,0,1,,,,0,1,4190.0,2026-09-24T01:50:10Z,1479.8333333333333,1,1,574.0,2026-09-24T01:50:10Z,1479.8333333333333,1,1,3616.0,2026-09-24T01:50:10Z,1479.8333333333333,1,1,,,,0,1,,,,0,1,,,,0,1,,,,0,1,,,,0,1,,,,0,1,500.0,2026-09-23T06:00:11Z,2669.8166666666666,1,1,530.0,2026-09-23T06:00:11Z,2669.8166666666666,1,1,513.0,2026-09-23T06:00:11Z,2669.8166666666666,1,1,500.0,2026-09-23T06:00:11Z,2669.8166666666666,1,1,500.0,2026-09-23T06:00:11Z,2669.8166666666666,1,1,504.0,2026-09-23T06:00:11Z,2669.8166666666666,1,1,,,,0,1,,,,0,1,,,,0,1,1154.4834999999998,2026-09-24T00:13:43Z,1576.2833333333333,1,1,1154.4834999999998,2026-09-24T00:13:40Z,1576.3333333333333,1,1,287.812,2026-09-24T00:13:40Z,1576.3333333333333,1,1,866.6714999999999,2026-09-24T00:13:40Z,1576.3333333333333,1,1,3245.221,2026-09-24T01:00:36Z,,1529.4,1,1,-17.557,2026-09-24T01:47:45Z,2026-09-24T01:30:00Z,1482.25,1,1,97.77,2026-09-24T01:47:45Z,2026-09-24T01:30:00Z,1482.25,1,1,9799.771,2026-09-24T01:47:45Z,2026-09-24T01:30:00Z,1482.25,1,1,4254.922,2026-09-24T01:47:45Z,2026-09-24T01:30:00Z,1482.25,1,1,353.766,2026-09-24T01:47:45Z,2026-09-24T01:30:00Z,1482.25,1,1,-37.505,2026-09-24T01:30:05Z,2026-09-24T01:00:00Z,1499.9166666666667,1,1,105.91,2026-09-24T01:30:05Z,2026-09-24T01:00:00Z,1499.9166666666667,1,1,0.024,2026-09-24T01:00:37Z,,1529.3833333333334,1,1,0.0,2026-09-24T01:00:37Z,,1529.3833333333334,1,1,3437.2105,254.74650000000003,204.605,372.545,2026-08-31T23:00:00Z,34770.0,1,,,,,3901.1559999999995,,,,,1,1,1,1,1,1,0,0,0,0,0,0,0,0,0,1,1,1,1,1,1,1,1,1,1,1,1,1,1,1,1,1,1,0,0,0,0,0,0,0,0,0,0,0,0,0,0,0,0,0,0,1,1,1,1,1,1,1,1,1,0,0,0,0,0,0,0,0,0,0,0,0,0,0,1,0,0,0,0,0,0,0,0,0,0,0,0,0,0,0,0,0,0,0,0,0,0,0,0,0,0,0,0,0,0,0,1,0,0,0,1,0,1,1,1,1,0,1,1,1,1
2026-09-25T03:00:00Z,2026-09-25T03:30:00Z,30,,,,0,1,,,,0,1,4190.0,2026-09-24T01:50:10Z,1509.8333333333333,1,1,574.0,2026-09-24T01:50:10Z,1509.8333333333333,1,1,3616.0,2026-09-24T01:50:10Z,1509.8333333333333,1,1,,,,0,1,,,,0,1,,,,0,1,,,,0,1,,,,0,1,,,,0,1,500.0,2026-09-23T06:00:11Z,2699.8166666666666,1,1,530.0,2026-09-23T06:00:11Z,2699.8166666666666,1,1,513.0,2026-09-23T06:00:11Z,2699.8166666666666,1,1,500.0,2026-09-23T06:00:11Z,2699.8166666666666,1,1,500.0,2026-09-23T06:00:11Z,2699.8166666666666,1,1,504.0,2026-09-23T06:00:11Z,2699.8166666666666,1,1,,,,0,1,,,,0,1,,,,0,1,1154.4834999999998,2026-09-24T00:13:43Z,1606.2833333333333,1,1,1154.4834999999998,2026-09-24T00:13:40Z,1606.3333333333333,1,1,287.812,2026-09-24T00:13:40Z,1606.3333333333333,1,1,866.6714999999999,2026-09-24T00:13:40Z,1606.3333333333333,1,1,3245.221,2026-09-24T01:00:36Z,,1559.4,1,1,-17.557,2026-09-24T01:47:45Z,2026-09-24T01:30:00Z,1512.25,1,1,97.77,2026-09-24T01:47:45Z,2026-09-24T01:30:00Z,1512.25,1,1,9799.771,2026-09-24T01:47:45Z,2026-09-24T01:30:00Z,1512.25,1,1,4254.922,2026-09-24T01:47:45Z,2026-09-24T01:30:00Z,1512.25,1,1,353.766,2026-09-24T01:47:45Z,2026-09-24T01:30:00Z,1512.25,1,1,-37.505,2026-09-24T01:30:05Z,2026-09-24T01:00:00Z,1529.9166666666667,1,1,105.91,2026-09-24T01:30:05Z,2026-09-24T01:00:00Z,1529.9166666666667,1,1,0.024,2026-09-24T01:00:37Z,,1559.3833333333334,1,1,0.0,2026-09-24T01:00:37Z,,1559.3833333333334,1,1,3437.2105,254.74650000000003,204.605,372.545,2026-08-31T23:00:00Z,34800.0,1,,,,,3901.1559999999995,,,,,1,1,1,1,1,1,0,0,0,0,0,0,0,0,0,1,1,1,1,1,1,1,1,1,1,1,1,1,1,1,1,1,1,0,0,0,0,0,0,0,0,0,0,0,0,0,0,0,0,0,0,1,1,1,1,1,1,1,1,1,0,0,0,0,0,0,0,0,0,0,0,0,0,0,1,0,0,0,0,0,0,0,0,0,0,0,0,0,0,0,0,0,0,0,0,0,0,0,0,0,0,0,0,0,0,0,1,0,0,0,1,0,1,1,1,1,0,1,1,1,1
2026-09-25T03:00:00Z,2026-09-25T04:00:00Z,60,,,,0,1,,,,0,1,4188.0,2026-09-24T01:50:10Z,1509.8333333333333,1,1,573.0,2026-09-24T01:50:10Z,1509.8333333333333,1,1,3615.0,2026-09-24T01:50:10Z,1509.8333333333333,1,1,,,,0,1,,,,0,1,,,,0,1,,,,0,1,,,,0,1,,,,0,1,500.0,2026-09-23T06:00:11Z,2699.8166666666666,1,1,530.0,2026-09-23T06:00:11Z,2699.8166666666666,1,1,513.0,2026-09-23T06:00:11Z,2699.8166666666666,1,1,500.0,2026-09-23T06:00:11Z,2699.8166666666666,1,1,500.0,2026-09-23T06:00:11Z,2699.8166666666666,1,1,504.0,2026-09-23T06:00:11Z,2699.8166666666666,1,1,,,,0,1,,,,0,1,,,,0,1,1133.0575,2026-09-24T00:13:43Z,1606.2833333333333,1,1,1133.0575,2026-09-24T00:13:40Z,1606.3333333333333,1,1,289.148,2026-09-24T00:13:40Z,1606.3333333333333,1,1,843.9095,2026-09-24T00:13:40Z,1606.3333333333333,1,1,3245.221,2026-09-24T01:00:36Z,,1559.4,1,1,-17.557,2026-09-24T01:47:45Z,2026-09-24T01:30:00Z,1512.25,1,1,97.77,2026-09-24T01:47:45Z,2026-09-24T01:30:00Z,1512.25,1,1,9799.771,2026-09-24T01:47:45Z,2026-09-24T01:30:00Z,1512.25,1,1,4254.922,2026-09-24T01:47:45Z,2026-09-24T01:30:00Z,1512.25,1,1,353.766,2026-09-24T01:47:45Z,2026-09-24T01:30:00Z,1512.25,1,1,-37.505,2026-09-24T01:30:05Z,2026-09-24T01:00:00Z,1529.9166666666667,1,1,105.91,2026-09-24T01:30:05Z,2026-09-24T01:00:00Z,1529.9166666666667,1,1,0.024,2026-09-24T01:00:37Z,,1559.3833333333334,1,1,0.0,2026-09-24T01:00:37Z,,1559.3833333333334,1,1,3437.2105,254.74650000000003,204.605,372.545,2026-08-31T23:00:00Z,34800.0,1,,,,,3901.1559999999995,,,,,1,1,1,1,1,1,0,0,0,0,0,0,0,0,0,1,1,1,1,1,1,1,1,1,1,1,1,1,1,1,1,1,1,0,0,0,0,0,0,0,0,0,0,0,0,0,0,0,0,0,0,1,1,1,1,1,1,1,1,1,0,0,0,0,0,0,0,0,0,0,0,0,0,0,1,0,0,0,0,0,0,0,0,0,0,0,0,0,0,0,0,0,0,0,0,0,0,0,0,0,0,0,0,0,0,0,1,0,0,0,1,0,1,1,1,1,0,1,1,1,1
2026-09-25T03:30:00Z,2026-09-25T04:00:00Z,30,,,,0,1,,,,0,1,4188.0,2026-09-24T01:50:10Z,1539.8333333333333,1,1,573.0,2026-09-24T01:50:10Z,1539.8333333333333,1,1,3615.0,2026-09-24T01:50:10Z,1539.8333333333333,1,1,,,,0,1,,,,0,1,,,,0,1,,,,0,1,,,,0,1,,,,0,1,500.0,2026-09-23T06:00:11Z,2729.8166666666666,1,1,530.0,2026-09-23T06:00:11Z,2729.8166666666666,1,1,513.0,2026-09-23T06:00:11Z,2729.8166666666666,1,1,500.0,2026-09-23T06:00:11Z,2729.8166666666666,1,1,500.0,2026-09-23T06:00:11Z,2729.8166666666666,1,1,504.0,2026-09-23T06:00:11Z,2729.8166666666666,1,1,,,,0,1,,,,0,1,,,,0,1,1133.0575,2026-09-24T00:13:43Z,1636.2833333333333,1,1,1133.0575,2026-09-24T00:13:40Z,1636.3333333333333,1,1,289.148,2026-09-24T00:13:40Z,1636.3333333333333,1,1,843.9095,2026-09-24T00:13:40Z,1636.3333333333333,1,1,3245.221,2026-09-24T01:00:36Z,,1589.4,1,1,-17.557,2026-09-24T01:47:45Z,2026-09-24T01:30:00Z,1542.25,1,1,97.77,2026-09-24T01:47:45Z,2026-09-24T01:30:00Z,1542.25,1,1,9799.771,2026-09-24T01:47:45Z,2026-09-24T01:30:00Z,1542.25,1,1,4254.922,2026-09-24T01:47:45Z,2026-09-24T01:30:00Z,1542.25,1,1,353.766,2026-09-24T01:47:45Z,2026-09-24T01:30:00Z,1542.25,1,1,-37.505,2026-09-24T01:30:05Z,2026-09-24T01:00:00Z,1559.9166666666667,1,1,105.91,2026-09-24T01:30:05Z,2026-09-24T01:00:00Z,1559.9166666666667,1,1,0.024,2026-09-24T01:00:37Z,,1589.3833333333334,1,1,0.0,2026-09-24T01:00:37Z,,1589.3833333333334,1,1,3437.2105,254.74650000000003,204.605,372.545,2026-08-31T23:00:00Z,34830.0,1,,,,,3901.1559999999995,,,,,1,1,1,1,1,1,0,0,0,0,0,0,0,0,0,1,1,1,1,1,1,1,1,1,1,1,1,1,1,1,1,1,1,0,0,0,0,0,0,0,0,0,0,0,0,0,0,0,0,0,0,1,1,1,1,1,1,1,1,1,0,0,0,0,0,0,0,0,0,0,0,0,0,0,1,0,0,0,0,0,0,0,0,0,0,0,0,0,0,0,0,0,0,0,0,0,0,0,0,0,0,0,0,0,0,0,1,0,0,0,1,0,1,1,1,1,0,1,1,1,1
2026-09-25T03:30:00Z,2026-09-25T04:30:00Z,60,,,,0,1,,,,0,1,4245.0,2026-09-24T01:50:10Z,1539.8333333333333,1,1,592.0,2026-09-24T01:50:10Z,1539.8333333333333,1,1,3653.0,2026-09-24T01:50:10Z,1539.8333333333333,1,1,,,,0,1,,,,0,1,,,,0,1,,,,0,1,,,,0,1,,,,0,1,500.0,2026-09-23T06:00:11Z,2729.8166666666666,1,1,530.0,2026-09-23T06:00:11Z,2729.8166666666666,1,1,513.0,2026-09-23T06:00:11Z,2729.8166666666666,1,1,500.0,2026-09-23T06:00:11Z,2729.8166666666666,1,1,500.0,2026-09-23T06:00:11Z,2729.8166666666666,1,1,504.0,2026-09-23T06:00:11Z,2729.8166666666666,1,1,,,,0,1,,,,0,1,,,,0,1,1110.8069999999998,2026-09-24T00:13:43Z,1636.2833333333333,1,1,1110.8069999999998,2026-09-24T00:13:40Z,1636.3333333333333,1,1,292.683,2026-09-24T00:13:40Z,1636.3333333333333,1,1,818.124,2026-09-24T00:13:40Z,1636.3333333333333,1,1,3245.221,2026-09-24T01:00:36Z,,1589.4,1,1,-17.557,2026-09-24T01:47:45Z,2026-09-24T01:30:00Z,1542.25,1,1,97.77,2026-09-24T01:47:45Z,2026-09-24T01:30:00Z,1542.25,1,1,9799.771,2026-09-24T01:47:45Z,2026-09-24T01:30:00Z,1542.25,1,1,4254.922,2026-09-24T01:47:45Z,2026-09-24T01:30:00Z,1542.25,1,1,353.766,2026-09-24T01:47:45Z,2026-09-24T01:30:00Z,1542.25,1,1,-37.505,2026-09-24T01:30:05Z,2026-09-24T01:00:00Z,1559.9166666666667,1,1,105.91,2026-09-24T01:30:05Z,2026-09-24T01:00:00Z,1559.9166666666667,1,1,0.024,2026-09-24T01:00:37Z,,1589.3833333333334,1,1,0.0,2026-09-24T01:00:37Z,,1589.3833333333334,1,1,3437.2105,254.74650000000003,204.605,372.545,2026-08-31T23:00:00Z,34830.0,1,,,,,3901.1559999999995,,,,,1,1,1,1,1,1,0,0,0,0,0,0,0,0,0,1,1,1,1,1,1,1,1,1,1,1,1,1,1,1,1,1,1,0,0,0,0,0,0,0,0,0,0,0,0,0,0,0,0,0,0,1,1,1,1,1,1,1,1,1,0,0,0,0,0,0,0,0,0,0,0,0,0,0,1,0,0,0,0,0,0,0,0,0,0,0,0,0,0,0,0,0,0,0,0,0,0,0,0,0,0,0,0,0,0,0,1,0,0,0,1,0,1,1,1,1,0,1,1,1,1
2026-09-25T04:00:00Z,2026-09-25T04:30:00Z,30,,,,0,1,,,,0,1,4245.0,2026-09-24T01:50:10Z,1569.8333333333333,1,1,592.0,2026-09-24T01:50:10Z,1569.8333333333333,1,1,3653.0,2026-09-24T01:50:10Z,1569.8333333333333,1,1,,,,0,1,,,,0,1,,,,0,1,,,,0,1,,,,0,1,,,,0,1,500.0,2026-09-23T06:00:11Z,2759.8166666666666,1,1,530.0,2026-09-23T06:00:11Z,2759.8166666666666,1,1,513.0,2026-09-23T06:00:11Z,2759.8166666666666,1,1,500.0,2026-09-23T06:00:11Z,2759.8166666666666,1,1,500.0,2026-09-23T06:00:11Z,2759.8166666666666,1,1,504.0,2026-09-23T06:00:11Z,2759.8166666666666,1,1,,,,0,1,,,,0,1,,,,0,1,1110.8069999999998,2026-09-24T00:13:43Z,1666.2833333333333,1,1,1110.8069999999998,2026-09-24T00:13:40Z,1666.3333333333333,1,1,292.683,2026-09-24T00:13:40Z,1666.3333333333333,1,1,818.124,2026-09-24T00:13:40Z,1666.3333333333333,1,1,3245.221,2026-09-24T01:00:36Z,,1619.4,1,1,-17.557,2026-09-24T01:47:45Z,2026-09-24T01:30:00Z,1572.25,1,1,97.77,2026-09-24T01:47:45Z,2026-09-24T01:30:00Z,1572.25,1,1,9799.771,2026-09-24T01:47:45Z,2026-09-24T01:30:00Z,1572.25,1,1,4254.922,2026-09-24T01:47:45Z,2026-09-24T01:30:00Z,1572.25,1,1,353.766,2026-09-24T01:47:45Z,2026-09-24T01:30:00Z,1572.25,1,1,-37.505,2026-09-24T01:30:05Z,2026-09-24T01:00:00Z,1589.9166666666667,1,1,105.91,2026-09-24T01:30:05Z,2026-09-24T01:00:00Z,1589.9166666666667,1,1,0.024,2026-09-24T01:00:37Z,,1619.3833333333334,1,1,0.0,2026-09-24T01:00:37Z,,1619.3833333333334,1,1,3437.2105,254.74650000000003,204.605,372.545,2026-08-31T23:00:00Z,34860.0,1,,,,,3901.1559999999995,,,,,1,1,1,1,1,1,0,0,0,0,0,0,0,0,0,1,1,1,1,1,1,1,1,1,1,1,1,1,1,1,1,1,1,0,0,0,0,0,0,0,0,0,0,0,0,0,0,0,0,0,0,1,1,1,1,1,1,1,1,1,0,0,0,0,0,0,0,0,0,0,0,0,0,0,1,0,0,0,0,0,0,0,0,0,0,0,0,0,0,0,0,0,0,0,0,0,0,0,0,0,0,0,0,0,0,0,1,0,0,0,1,0,1,1,1,1,0,1,1,1,1
2026-09-25T04:00:00Z,2026-09-25T05:00:00Z,60,,,,0,1,,,,0,1,4514.0,2026-09-24T01:50:10Z,1569.8333333333333,1,1,629.0,2026-09-24T01:50:10Z,1569.8333333333333,1,1,3885.0,2026-09-24T01:50:10Z,1569.8333333333333,1,1,,,,0,1,,,,0,1,,,,0,1,,,,0,1,,,,0,1,,,,0,1,500.0,2026-09-23T06:00:11Z,2759.8166666666666,1,1,530.0,2026-09-23T06:00:11Z,2759.8166666666666,1,1,513.0,2026-09-23T06:00:11Z,2759.8166666666666,1,1,500.0,2026-09-23T06:00:11Z,2759.8166666666666,1,1,500.0,2026-09-23T06:00:11Z,2759.8166666666666,1,1,504.0,2026-09-23T06:00:11Z,2759.8166666666666,1,1,,,,0,1,,,,0,1,,,,0,1,1090.1979999999999,2026-09-24T00:13:43Z,1666.2833333333333,1,1,1090.1979999999999,2026-09-24T00:13:40Z,1666.3333333333333,1,1,296.15599999999995,2026-09-24T00:13:40Z,1666.3333333333333,1,1,794.0419999999999,2026-09-24T00:13:40Z,1666.3333333333333,1,1,3245.221,2026-09-24T01:00:36Z,,1619.4,1,1,-17.557,2026-09-24T01:47:45Z,2026-09-24T01:30:00Z,1572.25,1,1,97.77,2026-09-24T01:47:45Z,2026-09-24T01:30:00Z,1572.25,1,1,9799.771,2026-09-24T01:47:45Z,2026-09-24T01:30:00Z,1572.25,1,1,4254.922,2026-09-24T01:47:45Z,2026-09-24T01:30:00Z,1572.25,1,1,353.766,2026-09-24T01:47:45Z,2026-09-24T01:30:00Z,1572.25,1,1,-37.505,2026-09-24T01:30:05Z,2026-09-24T01:00:00Z,1589.9166666666667,1,1,105.91,2026-09-24T01:30:05Z,2026-09-24T01:00:00Z,1589.9166666666667,1,1,0.024,2026-09-24T01:00:37Z,,1619.3833333333334,1,1,0.0,2026-09-24T01:00:37Z,,1619.3833333333334,1,1,3437.2105,254.74650000000003,204.605,372.545,2026-08-31T23:00:00Z,34860.0,1,,,,,3901.1559999999995,,,,,1,1,1,1,1,1,0,0,0,0,0,0,0,0,0,1,1,1,1,1,1,1,1,1,1,1,1,1,1,1,1,1,1,0,0,0,0,0,0,0,0,0,0,0,0,0,0,0,0,0,0,1,1,1,1,1,1,1,1,1,0,0,0,0,0,0,0,0,0,0,0,0,0,0,1,0,0,0,0,0,0,0,0,0,0,0,0,0,0,0,0,0,0,0,0,0,0,0,0,0,0,0,0,0,0,0,1,0,0,0,1,0,1,1,1,1,0,1,1,1,1
2026-09-25T04:30:00Z,2026-09-25T05:00:00Z,30,,,,0,1,,,,0,1,4514.0,2026-09-24T01:50:10Z,1599.8333333333333,1,1,629.0,2026-09-24T01:50:10Z,1599.8333333333333,1,1,3885.0,2026-09-24T01:50:10Z,1599.8333333333333,1,1,,,,0,1,,,,0,1,,,,0,1,,,,0,1,,,,0,1,,,,0,1,500.0,2026-09-23T06:00:11Z,2789.8166666666666,1,1,530.0,2026-09-23T06:00:11Z,2789.8166666666666,1,1,513.0,2026-09-23T06:00:11Z,2789.8166666666666,1,1,500.0,2026-09-23T06:00:11Z,2789.8166666666666,1,1,500.0,2026-09-23T06:00:11Z,2789.8166666666666,1,1,504.0,2026-09-23T06:00:11Z,2789.8166666666666,1,1,,,,0,1,,,,0,1,,,,0,1,1090.1979999999999,2026-09-24T00:13:43Z,1696.2833333333333,1,1,1090.1979999999999,2026-09-24T00:13:40Z,1696.3333333333333,1,1,296.15599999999995,2026-09-24T00:13:40Z,1696.3333333333333,1,1,794.0419999999999,2026-09-24T00:13:40Z,1696.3333333333333,1,1,3245.221,2026-09-24T01:00:36Z,,1649.4,1,1,-17.557,2026-09-24T01:47:45Z,2026-09-24T01:30:00Z,1602.25,1,1,97.77,2026-09-24T01:47:45Z,2026-09-24T01:30:00Z,1602.25,1,1,9799.771,2026-09-24T01:47:45Z,2026-09-24T01:30:00Z,1602.25,1,1,4254.922,2026-09-24T01:47:45Z,2026-09-24T01:30:00Z,1602.25,1,1,353.766,2026-09-24T01:47:45Z,2026-09-24T01:30:00Z,1602.25,1,1,-37.505,2026-09-24T01:30:05Z,2026-09-24T01:00:00Z,1619.9166666666667,1,1,105.91,2026-09-24T01:30:05Z,2026-09-24T01:00:00Z,1619.9166666666667,1,1,0.024,2026-09-24T01:00:37Z,,1649.3833333333334,1,1,0.0,2026-09-24T01:00:37Z,,1649.3833333333334,1,1,3437.2105,254.74650000000003,204.605,372.545,2026-08-31T23:00:00Z,34890.0,1,,,,,3901.1559999999995,,,,,1,1,1,1,1,1,0,0,0,0,0,0,0,0,0,1,1,1,1,1,1,1,1,1,1,1,1,1,1,1,1,1,1,0,0,0,0,0,0,0,0,0,0,0,0,0,0,0,0,0,0,1,1,1,1,1,1,1,1,1,0,0,0,0,0,0,0,0,0,0,0,0,0,0,1,0,0,0,0,0,0,0,0,0,0,0,0,0,0,0,0,0,0,0,0,0,0,0,0,0,0,0,0,0,0,0,1,0,0,0,1,0,1,1,1,1,0,1,1,1,1
2026-09-25T04:30:00Z,2026-09-25T05:30:00Z,60,,,,0,1,,,,0,1,4712.0,2026-09-24T01:50:10Z,1599.8333333333333,1,1,708.0,2026-09-24T01:50:10Z,1599.8333333333333,1,1,4004.0,2026-09-24T01:50:10Z,1599.8333333333333,1,1,,,,0,1,,,,0,1,,,,0,1,,,,0,1,,,,0,1,,,,0,1,500.0,2026-09-23T06:00:11Z,2789.8166666666666,1,1,530.0,2026-09-23T06:00:11Z,2789.8166666666666,1,1,513.0,2026-09-23T06:00:11Z,2789.8166666666666,1,1,500.0,2026-09-23T06:00:11Z,2789.8166666666666,1,1,500.0,2026-09-23T06:00:11Z,2789.8166666666666,1,1,504.0,2026-09-23T06:00:11Z,2789.8166666666666,1,1,,,,0,1,,,,0,1,,,,0,1,1074.5259999999998,2026-09-24T00:13:43Z,1696.2833333333333,1,1,1074.5259999999998,2026-09-24T00:13:40Z,1696.3333333333333,1,1,299.4335,2026-09-24T00:13:40Z,1696.3333333333333,1,1,775.0925,2026-09-24T00:13:40Z,1696.3333333333333,1,1,3245.221,2026-09-24T01:00:36Z,,1649.4,1,1,-17.557,2026-09-24T01:47:45Z,2026-09-24T01:30:00Z,1602.25,1,1,97.77,2026-09-24T01:47:45Z,2026-09-24T01:30:00Z,1602.25,1,1,9799.771,2026-09-24T01:47:45Z,2026-09-24T01:30:00Z,1602.25,1,1,4254.922,2026-09-24T01:47:45Z,2026-09-24T01:30:00Z,1602.25,1,1,353.766,2026-09-24T01:47:45Z,2026-09-24T01:30:00Z,1602.25,1,1,-37.505,2026-09-24T01:30:05Z,2026-09-24T01:00:00Z,1619.9166666666667,1,1,105.91,2026-09-24T01:30:05Z,2026-09-24T01:00:00Z,1619.9166666666667,1,1,0.024,2026-09-24T01:00:37Z,,1649.3833333333334,1,1,0.0,2026-09-24T01:00:37Z,,1649.3833333333334,1,1,3437.2105,254.74650000000003,204.605,372.545,2026-08-31T23:00:00Z,34890.0,1,,,,,3901.1559999999995,,,,,1,1,1,1,1,1,0,0,0,0,0,0,0,0,0,1,1,1,1,1,1,1,1,1,1,1,1,1,1,1,1,1,1,0,0,0,0,0,0,0,0,0,0,0,0,0,0,0,0,0,0,1,1,1,1,1,1,1,1,1,0,0,0,0,0,0,0,0,0,0,0,0,0,0,1,0,0,0,0,0,0,0,0,0,0,0,0,0,0,0,0,0,0,0,0,0,0,0,0,0,0,0,0,0,0,0,1,0,0,0,1,0,1,1,1,1,0,1,1,1,1
2026-09-25T05:00:00Z,2026-09-25T05:30:00Z,30,,,,0,1,,,,0,1,4712.0,2026-09-24T01:50:10Z,1629.8333333333333,1,1,708.0,2026-09-24T01:50:10Z,1629.8333333333333,1,1,4004.0,2026-09-24T01:50:10Z,1629.8333333333333,1,1,,,,0,1,,,,0,1,,,,0,1,,,,0,1,,,,0,1,,,,0,1,500.0,2026-09-23T06:00:11Z,2819.8166666666666,1,1,530.0,2026-09-23T06:00:11Z,2819.8166666666666,1,1,513.0,2026-09-23T06:00:11Z,2819.8166666666666,1,1,500.0,2026-09-23T06:00:11Z,2819.8166666666666,1,1,500.0,2026-09-23T06:00:11Z,2819.8166666666666,1,1,504.0,2026-09-23T06:00:11Z,2819.8166666666666,1,1,,,,0,1,,,,0,1,,,,0,1,1074.5259999999998,2026-09-24T00:13:43Z,1726.2833333333333,1,1,1074.5259999999998,2026-09-24T00:13:40Z,1726.3333333333333,1,1,299.4335,2026-09-24T00:13:40Z,1726.3333333333333,1,1,775.0925,2026-09-24T00:13:40Z,1726.3333333333333,1,1,3245.221,2026-09-24T01:00:36Z,,1679.4,1,1,-17.557,2026-09-24T01:47:45Z,2026-09-24T01:30:00Z,1632.25,1,1,97.77,2026-09-24T01:47:45Z,2026-09-24T01:30:00Z,1632.25,1,1,9799.771,2026-09-24T01:47:45Z,2026-09-24T01:30:00Z,1632.25,1,1,4254.922,2026-09-24T01:47:45Z,2026-09-24T01:30:00Z,1632.25,1,1,353.766,2026-09-24T01:47:45Z,2026-09-24T01:30:00Z,1632.25,1,1,-37.505,2026-09-24T01:30:05Z,2026-09-24T01:00:00Z,1649.9166666666667,1,1,105.91,2026-09-24T01:30:05Z,2026-09-24T01:00:00Z,1649.9166666666667,1,1,0.024,2026-09-24T01:00:37Z,,1679.3833333333334,1,1,0.0,2026-09-24T01:00:37Z,,1679.3833333333334,1,1,3437.2105,254.74650000000003,204.605,372.545,2026-08-31T23:00:00Z,34920.0,1,,,,,3901.1559999999995,,,,,1,1,1,1,1,1,0,0,0,0,0,0,0,0,0,1,1,1,1,1,1,1,1,1,1,1,1,1,1,1,1,1,1,0,0,0,0,0,0,0,0,0,0,0,0,0,0,0,0,0,0,1,1,1,1,1,1,1,1,1,0,0,0,0,0,0,0,0,0,0,0,0,0,0,1,0,0,0,0,0,0,0,0,0,0,0,0,0,0,0,0,0,0,0,0,0,0,0,0,0,0,0,0,0,0,0,1,0,0,0,1,0,1,1,1,1,0,1,1,1,1
2026-09-25T05:00:00Z,2026-09-25T06:00:00Z,60,,,,0,1,,,,0,1,5079.0,2026-09-24T01:50:10Z,1629.8333333333333,1,1,805.0,2026-09-24T01:50:10Z,1629.8333333333333,1,1,4274.0,2026-09-24T01:50:10Z,1629.8333333333333,1,1,,,,0,1,,,,0,1,,,,0,1,,,,0,1,,,,0,1,,,,0,1,500.0,2026-09-23T06:00:11Z,2819.8166666666666,1,1,530.0,2026-09-23T06:00:11Z,2819.8166666666666,1,1,513.0,2026-09-23T06:00:11Z,2819.8166666666666,1,1,500.0,2026-09-23T06:00:11Z,2819.8166666666666,1,1,500.0,2026-09-23T06:00:11Z,2819.8166666666666,1,1,504.0,2026-09-23T06:00:11Z,2819.8166666666666,1,1,,,,0,1,,,,0,1,,,,0,1,1059.1785,2026-09-24T00:13:43Z,1726.2833333333333,1,1,1059.1785,2026-09-24T00:13:40Z,1726.3333333333333,1,1,301.7955,2026-09-24T00:13:40Z,1726.3333333333333,1,1,757.383,2026-09-24T00:13:40Z,1726.3333333333333,1,1,3245.221,2026-09-24T01:00:36Z,,1679.4,1,1,-17.557,2026-09-24T01:47:45Z,2026-09-24T01:30:00Z,1632.25,1,1,97.77,2026-09-24T01:47:45Z,2026-09-24T01:30:00Z,1632.25,1,1,9799.771,2026-09-24T01:47:45Z,2026-09-24T01:30:00Z,1632.25,1,1,4254.922,2026-09-24T01:47:45Z,2026-09-24T01:30:00Z,1632.25,1,1,353.766,2026-09-24T01:47:45Z,2026-09-24T01:30:00Z,1632.25,1,1,-37.505,2026-09-24T01:30:05Z,2026-09-24T01:00:00Z,1649.9166666666667,1,1,105.91,2026-09-24T01:30:05Z,2026-09-24T01:00:00Z,1649.9166666666667,1,1,0.024,2026-09-24T01:00:37Z,,1679.3833333333334,1,1,0.0,2026-09-24T01:00:37Z,,1679.3833333333334,1,1,3437.2105,254.74650000000003,204.605,372.545,2026-08-31T23:00:00Z,34920.0,1,,,,,3901.1559999999995,,,,,1,1,1,1,1,1,0,0,0,0,0,0,0,0,0,1,1,1,1,1,1,1,1,1,1,1,1,1,1,1,1,1,1,0,0,0,0,0,0,0,0,0,0,0,0,0,0,0,0,0,0,1,1,1,1,1,1,1,1,1,0,0,0,0,0,0,0,0,0,0,0,0,0,0,1,0,0,0,0,0,0,0,0,0,0,0,0,0,0,0,0,0,0,0,0,0,0,0,0,0,0,0,0,0,0,0,1,0,0,0,1,0,1,1,1,1,0,1,1,1,1
2026-09-25T05:30:00Z,2026-09-25T06:00:00Z,30,,,,0,1,,,,0,1,5079.0,2026-09-24T01:50:10Z,1659.8333333333333,1,1,805.0,2026-09-24T01:50:10Z,1659.8333333333333,1,1,4274.0,2026-09-24T01:50:10Z,1659.8333333333333,1,1,,,,0,1,,,,0,1,,,,0,1,,,,0,1,,,,0,1,,,,0,1,500.0,2026-09-23T06:00:11Z,2849.8166666666666,1,1,530.0,2026-09-23T06:00:11Z,2849.8166666666666,1,1,513.0,2026-09-23T06:00:11Z,2849.8166666666666,1,1,500.0,2026-09-23T06:00:11Z,2849.8166666666666,1,1,500.0,2026-09-23T06:00:11Z,2849.8166666666666,1,1,504.0,2026-09-23T06:00:11Z,2849.8166666666666,1,1,,,,0,1,,,,0,1,,,,0,1,1059.1785,2026-09-24T00:13:43Z,1756.2833333333333,1,1,1059.1785,2026-09-24T00:13:40Z,1756.3333333333333,1,1,301.7955,2026-09-24T00:13:40Z,1756.3333333333333,1,1,757.383,2026-09-24T00:13:40Z,1756.3333333333333,1,1,3245.221,2026-09-24T01:00:36Z,,1709.4,1,1,-17.557,2026-09-24T01:47:45Z,2026-09-24T01:30:00Z,1662.25,1,1,97.77,2026-09-24T01:47:45Z,2026-09-24T01:30:00Z,1662.25,1,1,9799.771,2026-09-24T01:47:45Z,2026-09-24T01:30:00Z,1662.25,1,1,4254.922,2026-09-24T01:47:45Z,2026-09-24T01:30:00Z,1662.25,1,1,353.766,2026-09-24T01:47:45Z,2026-09-24T01:30:00Z,1662.25,1,1,-37.505,2026-09-24T01:30:05Z,2026-09-24T01:00:00Z,1679.9166666666667,1,1,105.91,2026-09-24T01:30:05Z,2026-09-24T01:00:00Z,1679.9166666666667,1,1,0.024,2026-09-24T01:00:37Z,,1709.3833333333334,1,1,0.0,2026-09-24T01:00:37Z,,1709.3833333333334,1,1,3437.2105,254.74650000000003,204.605,372.545,2026-08-31T23:00:00Z,34950.0,1,,,,,3901.1559999999995,,,,,1,1,1,1,1,1,0,0,0,0,0,0,0,0,0,1,1,1,1,1,1,1,1,1,1,1,1,1,1,1,1,1,1,0,0,0,0,0,0,0,0,0,0,0,0,0,0,0,0,0,0,1,1,1,1,1,1,1,1,1,0,0,0,0,0,0,0,0,0,0,0,0,0,0,1,0,0,0,0,0,0,0,0,0,0,0,0,0,0,0,0,0,0,0,0,0,0,0,0,0,0,0,0,0,0,0,1,0,0,0,1,0,1,1,1,1,0,1,1,1,1
2026-09-25T05:30:00Z,2026-09-25T06:30:00Z,60,,,,0,1,,,,0,1,5482.0,2026-09-24T01:50:10Z,1659.8333333333333,1,1,906.0,2026-09-24T01:50:10Z,1659.8333333333333,1,1,4576.0,2026-09-24T01:50:10Z,1659.8333333333333,1,1,,,,0,1,,,,0,1,,,,0,1,,,,0,1,,,,0,1,,,,0,1,500.0,2026-09-23T06:00:11Z,2849.8166666666666,1,1,530.0,2026-09-23T06:00:11Z,2849.8166666666666,1,1,513.0,2026-09-23T06:00:11Z,2849.8166666666666,1,1,500.0,2026-09-23T06:00:11Z,2849.8166666666666,1,1,500.0,2026-09-23T06:00:11Z,2849.8166666666666,1,1,504.0,2026-09-23T06:00:11Z,2849.8166666666666,1,1,,,,0,1,,,,0,1,,,,0,1,1044.774,2026-09-24T00:13:43Z,1756.2833333333333,1,1,1044.774,2026-09-24T00:13:40Z,1756.3333333333333,1,1,301.404,2026-09-24T00:13:40Z,1756.3333333333333,1,1,743.37,2026-09-24T00:13:40Z,1756.3333333333333,1,1,3245.221,2026-09-24T01:00:36Z,,1709.4,1,1,-17.557,2026-09-24T01:47:45Z,2026-09-24T01:30:00Z,1662.25,1,1,97.77,2026-09-24T01:47:45Z,2026-09-24T01:30:00Z,1662.25,1,1,9799.771,2026-09-24T01:47:45Z,2026-09-24T01:30:00Z,1662.25,1,1,4254.922,2026-09-24T01:47:45Z,2026-09-24T01:30:00Z,1662.25,1,1,353.766,2026-09-24T01:47:45Z,2026-09-24T01:30:00Z,1662.25,1,1,-37.505,2026-09-24T01:30:05Z,2026-09-24T01:00:00Z,1679.9166666666667,1,1,105.91,2026-09-24T01:30:05Z,2026-09-24T01:00:00Z,1679.9166666666667,1,1,0.024,2026-09-24T01:00:37Z,,1709.3833333333334,1,1,0.0,2026-09-24T01:00:37Z,,1709.3833333333334,1,1,3437.2105,254.74650000000003,204.605,372.545,2026-08-31T23:00:00Z,34950.0,1,,,,,3901.1559999999995,,,,,1,1,1,1,1,1,0,0,0,0,0,0,0,0,0,1,1,1,1,1,1,1,1,1,1,1,1,1,1,1,1,1,1,0,0,0,0,0,0,0,0,0,0,0,0,0,0,0,0,0,0,1,1,1,1,1,1,1,1,1,0,0,0,0,0,0,0,0,0,0,0,0,0,0,1,0,0,0,0,0,0,0,0,0,0,0,0,0,0,0,0,0,0,0,0,0,0,0,0,0,0,0,0,0,0,0,1,0,0,0,1,0,1,1,1,1,0,1,1,1,1
2026-09-25T06:00:00Z,2026-09-25T06:30:00Z,30,,,,0,1,,,,0,1,5482.0,2026-09-24T01:50:10Z,1689.8333333333333,1,1,906.0,2026-09-24T01:50:10Z,1689.8333333333333,1,1,4576.0,2026-09-24T01:50:10Z,1689.8333333333333,1,1,,,,0,1,,,,0,1,,,,0,1,,,,0,1,,,,0,1,,,,0,1,500.0,2026-09-23T06:00:11Z,2879.8166666666666,1,1,530.0,2026-09-23T06:00:11Z,2879.8166666666666,1,1,513.0,2026-09-23T06:00:11Z,2879.8166666666666,1,1,500.0,2026-09-23T06:00:11Z,2879.8166666666666,1,1,500.0,2026-09-23T06:00:11Z,2879.8166666666666,1,1,504.0,2026-09-23T06:00:11Z,2879.8166666666666,1,1,,,,0,1,,,,0,1,,,,0,1,1044.774,2026-09-24T00:13:43Z,1786.2833333333333,1,1,1044.774,2026-09-24T00:13:40Z,1786.3333333333333,1,1,301.404,2026-09-24T00:13:40Z,1786.3333333333333,1,1,743.37,2026-09-24T00:13:40Z,1786.3333333333333,1,1,3245.221,2026-09-24T01:00:36Z,,1739.4,1,1,-17.557,2026-09-24T01:47:45Z,2026-09-24T01:30:00Z,1692.25,1,1,97.77,2026-09-24T01:47:45Z,2026-09-24T01:30:00Z,1692.25,1,1,9799.771,2026-09-24T01:47:45Z,2026-09-24T01:30:00Z,1692.25,1,1,4254.922,2026-09-24T01:47:45Z,2026-09-24T01:30:00Z,1692.25,1,1,353.766,2026-09-24T01:47:45Z,2026-09-24T01:30:00Z,1692.25,1,1,-37.505,2026-09-24T01:30:05Z,2026-09-24T01:00:00Z,1709.9166666666667,1,1,105.91,2026-09-24T01:30:05Z,2026-09-24T01:00:00Z,1709.9166666666667,1,1,0.024,2026-09-24T01:00:37Z,,1739.3833333333334,1,1,0.0,2026-09-24T01:00:37Z,,1739.3833333333334,1,1,3437.2105,254.74650000000003,204.605,372.545,2026-08-31T23:00:00Z,34980.0,1,,,,,3901.1559999999995,,,,,1,1,1,1,1,1,0,0,0,0,0,0,0,0,0,1,1,1,1,1,1,1,1,1,1,1,1,1,1,1,1,1,1,0,0,0,0,0,0,0,0,0,0,0,0,0,0,0,0,0,0,1,1,1,1,1,1,1,1,1,0,0,0,0,0,0,0,0,0,0,0,0,0,0,1,0,0,0,0,0,0,0,0,0,0,0,0,0,0,0,0,0,0,0,0,0,0,0,0,0,0,0,0,0,0,0,1,0,0,0,1,0,1,1,1,1,0,1,1,1,1
2026-09-25T06:00:00Z,2026-09-25T07:00:00Z,60,,,,0,1,,,,0,1,5632.0,2026-09-24T01:50:10Z,1689.8333333333333,1,1,940.0,2026-09-24T01:50:10Z,1689.8333333333333,1,1,4692.0,2026-09-24T01:50:10Z,1689.8333333333333,1,1,,,,0,1,,,,0,1,,,,0,1,,,,0,1,,,,0,1,,,,0,1,500.0,2026-09-23T06:00:11Z,2879.8166666666666,1,1,530.0,2026-09-23T06:00:11Z,2879.8166666666666,1,1,513.0,2026-09-23T06:00:11Z,2879.8166666666666,1,1,500.0,2026-09-23T06:00:11Z,2879.8166666666666,1,1,500.0,2026-09-23T06:00:11Z,2879.8166666666666,1,1,504.0,2026-09-23T06:00:11Z,2879.8166666666666,1,1,,,,0,1,,,,0,1,,,,0,1,1031.8865,2026-09-24T00:13:43Z,1786.2833333333333,1,1,1031.8865,2026-09-24T00:13:40Z,1786.3333333333333,1,1,300.428,2026-09-24T00:13:40Z,1786.3333333333333,1,1,731.4585,2026-09-24T00:13:40Z,1786.3333333333333,1,1,3245.221,2026-09-24T01:00:36Z,,1739.4,1,1,-17.557,2026-09-24T01:47:45Z,2026-09-24T01:30:00Z,1692.25,1,1,97.77,2026-09-24T01:47:45Z,2026-09-24T01:30:00Z,1692.25,1,1,9799.771,2026-09-24T01:47:45Z,2026-09-24T01:30:00Z,1692.25,1,1,4254.922,2026-09-24T01:47:45Z,2026-09-24T01:30:00Z,1692.25,1,1,353.766,2026-09-24T01:47:45Z,2026-09-24T01:30:00Z,1692.25,1,1,-37.505,2026-09-24T01:30:05Z,2026-09-24T01:00:00Z,1709.9166666666667,1,1,105.91,2026-09-24T01:30:05Z,2026-09-24T01:00:00Z,1709.9166666666667,1,1,0.024,2026-09-24T01:00:37Z,,1739.3833333333334,1,1,0.0,2026-09-24T01:00:37Z,,1739.3833333333334,1,1,3437.2105,254.74650000000003,204.605,372.545,2026-08-31T23:00:00Z,34980.0,1,,,,,3901.1559999999995,,,,,1,1,1,1,1,1,0,0,0,0,0,0,0,0,0,1,1,1,1,1,1,1,1,1,1,1,1,1,1,1,1,1,1,0,0,0,0,0,0,0,0,0,0,0,0,0,0,0,0,0,0,1,1,1,1,1,1,1,1,1,0,0,0,0,0,0,0,0,0,0,0,0,0,0,1,0,0,0,0,0,0,0,0,0,0,0,0,0,0,0,0,0,0,0,0,0,0,0,0,0,0,0,0,0,0,0,1,0,0,0,1,0,1,1,1,1,0,1,1,1,1
2026-09-25T06:30:00Z,2026-09-25T07:00:00Z,30,,,,0,1,,,,0,1,5632.0,2026-09-24T01:50:10Z,1719.8333333333333,1,1,940.0,2026-09-24T01:50:10Z,1719.8333333333333,1,1,4692.0,2026-09-24T01:50:10Z,1719.8333333333333,1,1,,,,0,1,,,,0,1,,,,0,1,,,,0,1,,,,0,1,,,,0,1,500.0,2026-09-23T06:00:11Z,2909.8166666666666,1,1,530.0,2026-09-23T06:00:11Z,2909.8166666666666,1,1,513.0,2026-09-23T06:00:11Z,2909.8166666666666,1,1,500.0,2026-09-23T06:00:11Z,2909.8166666666666,1,1,500.0,2026-09-23T06:00:11Z,2909.8166666666666,1,1,504.0,2026-09-23T06:00:11Z,2909.8166666666666,1,1,,,,0,1,,,,0,1,,,,0,1,1031.8865,2026-09-24T00:13:43Z,1816.2833333333333,1,1,1031.8865,2026-09-24T00:13:40Z,1816.3333333333333,1,1,300.428,2026-09-24T00:13:40Z,1816.3333333333333,1,1,731.4585,2026-09-24T00:13:40Z,1816.3333333333333,1,1,3245.221,2026-09-24T01:00:36Z,,1769.4,1,1,-17.557,2026-09-24T01:47:45Z,2026-09-24T01:30:00Z,1722.25,1,1,97.77,2026-09-24T01:47:45Z,2026-09-24T01:30:00Z,1722.25,1,1,9799.771,2026-09-24T01:47:45Z,2026-09-24T01:30:00Z,1722.25,1,1,4254.922,2026-09-24T01:47:45Z,2026-09-24T01:30:00Z,1722.25,1,1,353.766,2026-09-24T01:47:45Z,2026-09-24T01:30:00Z,1722.25,1,1,-37.505,2026-09-24T01:30:05Z,2026-09-24T01:00:00Z,1739.9166666666667,1,1,105.91,2026-09-24T01:30:05Z,2026-09-24T01:00:00Z,1739.9166666666667,1,1,0.024,2026-09-24T01:00:37Z,,1769.3833333333334,1,1,0.0,2026-09-24T01:00:37Z,,1769.3833333333334,1,1,3437.2105,254.74650000000003,204.605,372.545,2026-08-31T23:00:00Z,35010.0,1,,,,,3901.1559999999995,,,,,1,1,1,1,1,1,0,0,0,0,0,0,0,0,0,1,1,1,1,1,1,1,1,1,1,1,1,1,1,1,1,1,1,0,0,0,0,0,0,0,0,0,0,0,0,0,0,0,0,0,0,1,1,1,1,1,1,1,1,1,0,0,0,0,0,0,0,0,0,0,0,0,0,0,1,0,0,0,0,0,0,0,0,0,0,0,0,0,0,0,0,0,0,0,0,0,0,0,0,0,0,0,0,0,0,0,1,0,0,0,1,0,1,1,1,1,0,1,1,1,1
2026-09-25T06:30:00Z,2026-09-25T07:30:00Z,60,,,,0,1,,,,0,1,5645.0,2026-09-24T01:50:10Z,1719.8333333333333,1,1,961.0,2026-09-24T01:50:10Z,1719.8333333333333,1,1,4684.0,2026-09-24T01:50:10Z,1719.8333333333333,1,1,,,,0,1,,,,0,1,,,,0,1,,,,0,1,,,,0,1,,,,0,1,500.0,2026-09-23T06:00:11Z,2909.8166666666666,1,1,530.0,2026-09-23T06:00:11Z,2909.8166666666666,1,1,513.0,2026-09-23T06:00:11Z,2909.8166666666666,1,1,500.0,2026-09-23T06:00:11Z,2909.8166666666666,1,1,500.0,2026-09-23T06:00:11Z,2909.8166666666666,1,1,504.0,2026-09-23T06:00:11Z,2909.8166666666666,1,1,,,,0,1,,,,0,1,,,,0,1,1023.557,2026-09-24T00:13:43Z,1816.2833333333333,1,1,1023.557,2026-09-24T00:13:40Z,1816.3333333333333,1,1,297.6965,2026-09-24T00:13:40Z,1816.3333333333333,1,1,725.8605,2026-09-24T00:13:40Z,1816.3333333333333,1,1,3245.221,2026-09-24T01:00:36Z,,1769.4,1,1,-17.557,2026-09-24T01:47:45Z,2026-09-24T01:30:00Z,1722.25,1,1,97.77,2026-09-24T01:47:45Z,2026-09-24T01:30:00Z,1722.25,1,1,9799.771,2026-09-24T01:47:45Z,2026-09-24T01:30:00Z,1722.25,1,1,4254.922,2026-09-24T01:47:45Z,2026-09-24T01:30:00Z,1722.25,1,1,353.766,2026-09-24T01:47:45Z,2026-09-24T01:30:00Z,1722.25,1,1,-37.505,2026-09-24T01:30:05Z,2026-09-24T01:00:00Z,1739.9166666666667,1,1,105.91,2026-09-24T01:30:05Z,2026-09-24T01:00:00Z,1739.9166666666667,1,1,0.024,2026-09-24T01:00:37Z,,1769.3833333333334,1,1,0.0,2026-09-24T01:00:37Z,,1769.3833333333334,1,1,3437.2105,254.74650000000003,204.605,372.545,2026-08-31T23:00:00Z,35010.0,1,,,,,3901.1559999999995,,,,,1,1,1,1,1,1,0,0,0,0,0,0,0,0,0,1,1,1,1,1,1,1,1,1,1,1,1,1,1,1,1,1,1,0,0,0,0,0,0,0,0,0,0,0,0,0,0,0,0,0,0,1,1,1,1,1,1,1,1,1,0,0,0,0,0,0,0,0,0,0,0,0,0,0,1,0,0,0,0,0,0,0,0,0,0,0,0,0,0,0,0,0,0,0,0,0,0,0,0,0,0,0,0,0,0,0,1,0,0,0,1,0,1,1,1,1,0,1,1,1,1
2026-09-25T07:00:00Z,2026-09-25T07:30:00Z,30,,,,0,1,,,,0,1,5645.0,2026-09-24T01:50:10Z,1749.8333333333333,1,1,961.0,2026-09-24T01:50:10Z,1749.8333333333333,1,1,4684.0,2026-09-24T01:50:10Z,1749.8333333333333,1,1,,,,0,1,,,,0,1,,,,0,1,,,,0,1,,,,0,1,,,,0,1,500.0,2026-09-23T06:00:11Z,2939.8166666666666,1,1,530.0,2026-09-23T06:00:11Z,2939.8166666666666,1,1,513.0,2026-09-23T06:00:11Z,2939.8166666666666,1,1,500.0,2026-09-23T06:00:11Z,2939.8166666666666,1,1,500.0,2026-09-23T06:00:11Z,2939.8166666666666,1,1,504.0,2026-09-23T06:00:11Z,2939.8166666666666,1,1,,,,0,1,,,,0,1,,,,0,1,1023.557,2026-09-24T00:13:43Z,1846.2833333333333,1,1,1023.557,2026-09-24T00:13:40Z,1846.3333333333333,1,1,297.6965,2026-09-24T00:13:40Z,1846.3333333333333,1,1,725.8605,2026-09-24T00:13:40Z,1846.3333333333333,1,1,3245.221,2026-09-24T01:00:36Z,,1799.4,1,1,-17.557,2026-09-24T01:47:45Z,2026-09-24T01:30:00Z,1752.25,1,1,97.77,2026-09-24T01:47:45Z,2026-09-24T01:30:00Z,1752.25,1,1,9799.771,2026-09-24T01:47:45Z,2026-09-24T01:30:00Z,1752.25,1,1,4254.922,2026-09-24T01:47:45Z,2026-09-24T01:30:00Z,1752.25,1,1,353.766,2026-09-24T01:47:45Z,2026-09-24T01:30:00Z,1752.25,1,1,-37.505,2026-09-24T01:30:05Z,2026-09-24T01:00:00Z,1769.9166666666667,1,1,105.91,2026-09-24T01:30:05Z,2026-09-24T01:00:00Z,1769.9166666666667,1,1,0.024,2026-09-24T01:00:37Z,,1799.3833333333334,1,1,0.0,2026-09-24T01:00:37Z,,1799.3833333333334,1,1,3437.2105,254.74650000000003,204.605,372.545,2026-08-31T23:00:00Z,35040.0,1,,,,,3901.1559999999995,,,,,1,1,1,1,1,1,0,0,0,0,0,0,0,0,0,1,1,1,1,1,1,1,1,1,1,1,1,1,1,1,1,1,1,0,0,0,0,0,0,0,0,0,0,0,0,0,0,0,0,0,0,1,1,1,1,1,1,1,1,1,0,0,0,0,0,0,0,0,0,0,0,0,0,0,1,0,0,0,0,0,0,0,0,0,0,0,0,0,0,0,0,0,0,0,0,0,0,0,0,0,0,0,0,0,0,0,1,0,0,0,1,0,1,1,1,1,0,1,1,1,1
2026-09-25T07:00:00Z,2026-09-25T08:00:00Z,60,,,,0,1,,,,0,1,5768.0,2026-09-24T01:50:10Z,1749.8333333333333,1,1,985.0,2026-09-24T01:50:10Z,1749.8333333333333,1,1,4783.0,2026-09-24T01:50:10Z,1749.8333333333333,1,1,,,,0,1,,,,0,1,,,,0,1,,,,0,1,,,,0,1,,,,0,1,500.0,2026-09-23T06:00:11Z,2939.8166666666666,1,1,530.0,2026-09-23T06:00:11Z,2939.8166666666666,1,1,513.0,2026-09-23T06:00:11Z,2939.8166666666666,1,1,500.0,2026-09-23T06:00:11Z,2939.8166666666666,1,1,500.0,2026-09-23T06:00:11Z,2939.8166666666666,1,1,504.0,2026-09-23T06:00:11Z,2939.8166666666666,1,1,,,,0,1,,,,0,1,,,,0,1,1026.2695,2026-09-24T00:13:43Z,1846.2833333333333,1,1,1026.2695,2026-09-24T00:13:40Z,1846.3333333333333,1,1,297.0725,2026-09-24T00:13:40Z,1846.3333333333333,1,1,729.197,2026-09-24T00:13:40Z,1846.3333333333333,1,1,3245.221,2026-09-24T01:00:36Z,,1799.4,1,1,-17.557,2026-09-24T01:47:45Z,2026-09-24T01:30:00Z,1752.25,1,1,97.77,2026-09-24T01:47:45Z,2026-09-24T01:30:00Z,1752.25,1,1,9799.771,2026-09-24T01:47:45Z,2026-09-24T01:30:00Z,1752.25,1,1,4254.922,2026-09-24T01:47:45Z,2026-09-24T01:30:00Z,1752.25,1,1,353.766,2026-09-24T01:47:45Z,2026-09-24T01:30:00Z,1752.25,1,1,-37.505,2026-09-24T01:30:05Z,2026-09-24T01:00:00Z,1769.9166666666667,1,1,105.91,2026-09-24T01:30:05Z,2026-09-24T01:00:00Z,1769.9166666666667,1,1,0.024,2026-09-24T01:00:37Z,,1799.3833333333334,1,1,0.0,2026-09-24T01:00:37Z,,1799.3833333333334,1,1,3437.2105,254.74650000000003,204.605,372.545,2026-08-31T23:00:00Z,35040.0,1,,,,,3901.1559999999995,,,,,1,1,1,1,1,1,0,0,0,0,0,0,0,0,0,1,1,1,1,1,1,1,1,1,1,1,1,1,1,1,1,1,1,0,0,0,0,0,0,0,0,0,0,0,0,0,0,0,0,0,0,1,1,1,1,1,1,1,1,1,0,0,0,0,0,0,0,0,0,0,0,0,0,0,1,0,0,0,0,0,0,0,0,0,0,0,0,0,0,0,0,0,0,0,0,0,0,0,0,0,0,0,0,0,0,0,1,0,0,0,1,0,1,1,1,1,0,1,1,1,1
2026-09-25T07:30:00Z,2026-09-25T08:00:00Z,30,,,,0,1,,,,0,1,5768.0,2026-09-24T01:50:10Z,1779.8333333333333,1,1,985.0,2026-09-24T01:50:10Z,1779.8333333333333,1,1,4783.0,2026-09-24T01:50:10Z,1779.8333333333333,1,1,,,,0,1,,,,0,1,,,,0,1,,,,0,1,,,,0,1,,,,0,1,500.0,2026-09-23T06:00:11Z,2969.8166666666666,1,1,530.0,2026-09-23T06:00:11Z,2969.8166666666666,1,1,513.0,2026-09-23T06:00:11Z,2969.8166666666666,1,1,500.0,2026-09-23T06:00:11Z,2969.8166666666666,1,1,500.0,2026-09-23T06:00:11Z,2969.8166666666666,1,1,504.0,2026-09-23T06:00:11Z,2969.8166666666666,1,1,,,,0,1,,,,0,1,,,,0,1,1026.2695,2026-09-24T00:13:43Z,1876.2833333333333,1,1,1026.2695,2026-09-24T00:13:40Z,1876.3333333333333,1,1,297.0725,2026-09-24T00:13:40Z,1876.3333333333333,1,1,729.197,2026-09-24T00:13:40Z,1876.3333333333333,1,1,3245.221,2026-09-24T01:00:36Z,,1829.4,1,1,-17.557,2026-09-24T01:47:45Z,2026-09-24T01:30:00Z,1782.25,1,1,97.77,2026-09-24T01:47:45Z,2026-09-24T01:30:00Z,1782.25,1,1,9799.771,2026-09-24T01:47:45Z,2026-09-24T01:30:00Z,1782.25,1,1,4254.922,2026-09-24T01:47:45Z,2026-09-24T01:30:00Z,1782.25,1,1,353.766,2026-09-24T01:47:45Z,2026-09-24T01:30:00Z,1782.25,1,1,-37.505,2026-09-24T01:30:05Z,2026-09-24T01:00:00Z,1799.9166666666667,1,1,105.91,2026-09-24T01:30:05Z,2026-09-24T01:00:00Z,1799.9166666666667,1,1,0.024,2026-09-24T01:00:37Z,,1829.3833333333334,1,1,0.0,2026-09-24T01:00:37Z,,1829.3833333333334,1,1,3437.2105,254.74650000000003,204.605,372.545,2026-08-31T23:00:00Z,35070.0,1,,,,,3901.1559999999995,,,,,1,1,1,1,1,1,0,0,0,0,0,0,0,0,0,1,1,1,1,1,1,1,1,1,1,1,1,1,1,1,1,1,1,0,0,0,0,0,0,0,0,0,0,0,0,0,0,0,0,0,0,1,1,1,1,1,1,1,1,1,0,0,0,0,0,0,0,0,0,0,0,0,0,0,1,0,0,0,0,0,0,0,0,0,0,0,0,0,0,0,0,0,0,0,0,0,0,0,0,0,0,0,0,0,0,0,1,0,0,0,1,0,1,1,1,1,0,1,1,1,1
2026-09-25T07:30:00Z,2026-09-25T08:30:00Z,60,,,,0,1,,,,0,1,5663.0,2026-09-24T01:50:10Z,1779.8333333333333,1,1,983.0,2026-09-24T01:50:10Z,1779.8333333333333,1,1,4680.0,2026-09-24T01:50:10Z,1779.8333333333333,1,1,,,,0,1,,,,0,1,,,,0,1,,,,0,1,,,,0,1,,,,0,1,500.0,2026-09-23T06:00:11Z,2969.8166666666666,1,1,530.0,2026-09-23T06:00:11Z,2969.8166666666666,1,1,513.0,2026-09-23T06:00:11Z,2969.8166666666666,1,1,500.0,2026-09-23T06:00:11Z,2969.8166666666666,1,1,500.0,2026-09-23T06:00:11Z,2969.8166666666666,1,1,504.0,2026-09-23T06:00:11Z,2969.8166666666666,1,1,,,,0,1,,,,0,1,,,,0,1,1062.1685,2026-09-24T00:13:43Z,1876.2833333333333,1,1,1062.1685,2026-09-24T00:13:40Z,1876.3333333333333,1,1,302.7615,2026-09-24T00:13:40Z,1876.3333333333333,1,1,759.4069999999999,2026-09-24T00:13:40Z,1876.3333333333333,1,1,3245.221,2026-09-24T01:00:36Z,,1829.4,1,1,-17.557,2026-09-24T01:47:45Z,2026-09-24T01:30:00Z,1782.25,1,1,97.77,2026-09-24T01:47:45Z,2026-09-24T01:30:00Z,1782.25,1,1,9799.771,2026-09-24T01:47:45Z,2026-09-24T01:30:00Z,1782.25,1,1,4254.922,2026-09-24T01:47:45Z,2026-09-24T01:30:00Z,1782.25,1,1,353.766,2026-09-24T01:47:45Z,2026-09-24T01:30:00Z,1782.25,1,1,-37.505,2026-09-24T01:30:05Z,2026-09-24T01:00:00Z,1799.9166666666667,1,1,105.91,2026-09-24T01:30:05Z,2026-09-24T01:00:00Z,1799.9166666666667,1,1,0.024,2026-09-24T01:00:37Z,,1829.3833333333334,1,1,0.0,2026-09-24T01:00:37Z,,1829.3833333333334,1,1,3437.2105,254.74650000000003,204.605,372.545,2026-08-31T23:00:00Z,35070.0,1,,,,,3901.1559999999995,,,,,1,1,1,1,1,1,0,0,0,0,0,0,0,0,0,1,1,1,1,1,1,1,1,1,1,1,1,1,1,1,1,1,1,0,0,0,0,0,0,0,0,0,0,0,0,0,0,0,0,0,0,1,1,1,1,1,1,1,1,1,0,0,0,0,0,0,0,0,0,0,0,0,0,0,1,0,0,0,0,0,0,0,0,0,0,0,0,0,0,0,0,0,0,0,0,0,0,0,0,0,0,0,0,0,0,0,1,0,0,0,1,0,1,1,1,1,0,1,1,1,1
2026-09-25T08:00:00Z,2026-09-25T08:30:00Z,30,,,,0,1,,,,0,1,5663.0,2026-09-24T01:50:10Z,1809.8333333333333,1,1,983.0,2026-09-24T01:50:10Z,1809.8333333333333,1,1,4680.0,2026-09-24T01:50:10Z,1809.8333333333333,1,1,,,,0,1,,,,0,1,,,,0,1,,,,0,1,,,,0,1,,,,0,1,500.0,2026-09-23T06:00:11Z,2999.8166666666666,1,1,530.0,2026-09-23T06:00:11Z,2999.8166666666666,1,1,513.0,2026-09-23T06:00:11Z,2999.8166666666666,1,1,500.0,2026-09-23T06:00:11Z,2999.8166666666666,1,1,500.0,2026-09-23T06:00:11Z,2999.8166666666666,1,1,504.0,2026-09-23T06:00:11Z,2999.8166666666666,1,1,,,,0,1,,,,0,1,,,,0,1,1062.1685,2026-09-24T00:13:43Z,1906.2833333333333,1,1,1062.1685,2026-09-24T00:13:40Z,1906.3333333333333,1,1,302.7615,2026-09-24T00:13:40Z,1906.3333333333333,1,1,759.4069999999999,2026-09-24T00:13:40Z,1906.3333333333333,1,1,3245.221,2026-09-24T01:00:36Z,,1859.4,1,1,-17.557,2026-09-24T01:47:45Z,2026-09-24T01:30:00Z,1812.25,1,1,97.77,2026-09-24T01:47:45Z,2026-09-24T01:30:00Z,1812.25,1,1,9799.771,2026-09-24T01:47:45Z,2026-09-24T01:30:00Z,1812.25,1,1,4254.922,2026-09-24T01:47:45Z,2026-09-24T01:30:00Z,1812.25,1,1,353.766,2026-09-24T01:47:45Z,2026-09-24T01:30:00Z,1812.25,1,1,-37.505,2026-09-24T01:30:05Z,2026-09-24T01:00:00Z,1829.9166666666667,1,1,105.91,2026-09-24T01:30:05Z,2026-09-24T01:00:00Z,1829.9166666666667,1,1,0.024,2026-09-24T01:00:37Z,,1859.3833333333334,1,1,0.0,2026-09-24T01:00:37Z,,1859.3833333333334,1,1,3437.2105,254.74650000000003,204.605,372.545,2026-08-31T23:00:00Z,35100.0,1,,,,,3901.1559999999995,,,,,1,1,1,1,1,1,0,0,0,0,0,0,0,0,0,1,1,1,1,1,1,1,1,1,1,1,1,1,1,1,1,1,1,0,0,0,0,0,0,0,0,0,0,0,0,0,0,0,0,0,0,1,1,1,1,1,1,1,1,1,0,0,0,0,0,0,0,0,0,0,0,0,0,0,1,0,0,0,0,0,0,0,0,0,0,0,0,0,0,0,0,0,0,0,0,0,0,0,0,0,0,0,0,0,0,0,1,0,0,0,1,0,1,1,1,1,0,1,1,1,1
2026-09-25T08:00:00Z,2026-09-25T09:00:00Z,60,,,,0,1,,,,0,1,5561.0,2026-09-24T01:50:10Z,1809.8333333333333,1,1,955.0,2026-09-24T01:50:10Z,1809.8333333333333,1,1,4606.0,2026-09-24T01:50:10Z,1809.8333333333333,1,1,,,,0,1,,,,0,1,,,,0,1,,,,0,1,,,,0,1,,,,0,1,500.0,2026-09-23T06:00:11Z,2999.8166666666666,1,1,530.0,2026-09-23T06:00:11Z,2999.8166666666666,1,1,513.0,2026-09-23T06:00:11Z,2999.8166666666666,1,1,500.0,2026-09-23T06:00:11Z,2999.8166666666666,1,1,500.0,2026-09-23T06:00:11Z,2999.8166666666666,1,1,504.0,2026-09-23T06:00:11Z,2999.8166666666666,1,1,,,,0,1,,,,0,1,,,,0,1,1114.2150000000001,2026-09-24T00:13:43Z,1906.2833333333333,1,1,1114.2150000000001,2026-09-24T00:13:40Z,1906.3333333333333,1,1,311.1565,2026-09-24T00:13:40Z,1906.3333333333333,1,1,803.0585,2026-09-24T00:13:40Z,1906.3333333333333,1,1,3245.221,2026-09-24T01:00:36Z,,1859.4,1,1,-17.557,2026-09-24T01:47:45Z,2026-09-24T01:30:00Z,1812.25,1,1,97.77,2026-09-24T01:47:45Z,2026-09-24T01:30:00Z,1812.25,1,1,9799.771,2026-09-24T01:47:45Z,2026-09-24T01:30:00Z,1812.25,1,1,4254.922,2026-09-24T01:47:45Z,2026-09-24T01:30:00Z,1812.25,1,1,353.766,2026-09-24T01:47:45Z,2026-09-24T01:30:00Z,1812.25,1,1,-37.505,2026-09-24T01:30:05Z,2026-09-24T01:00:00Z,1829.9166666666667,1,1,105.91,2026-09-24T01:30:05Z,2026-09-24T01:00:00Z,1829.9166666666667,1,1,0.024,2026-09-24T01:00:37Z,,1859.3833333333334,1,1,0.0,2026-09-24T01:00:37Z,,1859.3833333333334,1,1,3437.2105,254.74650000000003,204.605,372.545,2026-08-31T23:00:00Z,35100.0,1,,,,,3901.1559999999995,,,,,1,1,1,1,1,1,0,0,0,0,0,0,0,0,0,1,1,1,1,1,1,1,1,1,1,1,1,1,1,1,1,1,1,0,0,0,0,0,0,0,0,0,0,0,0,0,0,0,0,0,0,1,1,1,1,1,1,1,1,1,0,0,0,0,0,0,0,0,0,0,0,0,0,0,1,0,0,0,0,0,0,0,0,0,0,0,0,0,0,0,0,0,0,0,0,0,0,0,0,0,0,0,0,0,0,0,1,0,0,0,1,0,1,1,1,1,0,1,1,1,1
2026-09-25T08:30:00Z,2026-09-25T09:00:00Z,30,,,,0,1,,,,0,1,5561.0,2026-09-24T01:50:10Z,1839.8333333333333,1,1,955.0,2026-09-24T01:50:10Z,1839.8333333333333,1,1,4606.0,2026-09-24T01:50:10Z,1839.8333333333333,1,1,,,,0,1,,,,0,1,,,,0,1,,,,0,1,,,,0,1,,,,0,1,500.0,2026-09-23T06:00:11Z,3029.8166666666666,1,1,530.0,2026-09-23T06:00:11Z,3029.8166666666666,1,1,513.0,2026-09-23T06:00:11Z,3029.8166666666666,1,1,500.0,2026-09-23T06:00:11Z,3029.8166666666666,1,1,500.0,2026-09-23T06:00:11Z,3029.8166666666666,1,1,504.0,2026-09-23T06:00:11Z,3029.8166666666666,1,1,,,,0,1,,,,0,1,,,,0,1,1114.2150000000001,2026-09-24T00:13:43Z,1936.2833333333333,1,1,1114.2150000000001,2026-09-24T00:13:40Z,1936.3333333333333,1,1,311.1565,2026-09-24T00:13:40Z,1936.3333333333333,1,1,803.0585,2026-09-24T00:13:40Z,1936.3333333333333,1,1,3245.221,2026-09-24T01:00:36Z,,1889.4,1,1,-17.557,2026-09-24T01:47:45Z,2026-09-24T01:30:00Z,1842.25,1,1,97.77,2026-09-24T01:47:45Z,2026-09-24T01:30:00Z,1842.25,1,1,9799.771,2026-09-24T01:47:45Z,2026-09-24T01:30:00Z,1842.25,1,1,4254.922,2026-09-24T01:47:45Z,2026-09-24T01:30:00Z,1842.25,1,1,353.766,2026-09-24T01:47:45Z,2026-09-24T01:30:00Z,1842.25,1,1,-37.505,2026-09-24T01:30:05Z,2026-09-24T01:00:00Z,1859.9166666666667,1,1,105.91,2026-09-24T01:30:05Z,2026-09-24T01:00:00Z,1859.9166666666667,1,1,0.024,2026-09-24T01:00:37Z,,1889.3833333333334,1,1,0.0,2026-09-24T01:00:37Z,,1889.3833333333334,1,1,3437.2105,254.74650000000003,204.605,372.545,2026-08-31T23:00:00Z,35130.0,1,,,,,3901.1559999999995,,,,,1,1,1,1,1,1,0,0,0,0,0,0,0,0,0,1,1,1,1,1,1,1,1,1,1,1,1,1,1,1,1,1,1,0,0,0,0,0,0,0,0,0,0,0,0,0,0,0,0,0,0,1,1,1,1,1,1,1,1,1,0,0,0,0,0,0,0,0,0,0,0,0,0,0,1,0,0,0,0,0,0,0,0,0,0,0,0,0,0,0,0,0,0,0,0,0,0,0,0,0,0,0,0,0,0,0,1,0,0,0,1,0,1,1,1,1,0,1,1,1,1
2026-09-25T08:30:00Z,2026-09-25T09:30:00Z,60,,,,0,1,,,,0,1,5481.0,2026-09-24T01:50:10Z,1839.8333333333333,1,1,932.0,2026-09-24T01:50:10Z,1839.8333333333333,1,1,4549.0,2026-09-24T01:50:10Z,1839.8333333333333,1,1,,,,0,1,,,,0,1,,,,0,1,,,,0,1,,,,0,1,,,,0,1,500.0,2026-09-23T06:00:11Z,3029.8166666666666,1,1,530.0,2026-09-23T06:00:11Z,3029.8166666666666,1,1,513.0,2026-09-23T06:00:11Z,3029.8166666666666,1,1,500.0,2026-09-23T06:00:11Z,3029.8166666666666,1,1,500.0,2026-09-23T06:00:11Z,3029.8166666666666,1,1,504.0,2026-09-23T06:00:11Z,3029.8166666666666,1,1,,,,0,1,,,,0,1,,,,0,1,1214.7185,2026-09-24T00:13:43Z,1936.2833333333333,1,1,1214.7185,2026-09-24T00:13:40Z,1936.3333333333333,1,1,327.658,2026-09-24T00:13:40Z,1936.3333333333333,1,1,887.0605,2026-09-24T00:13:40Z,1936.3333333333333,1,1,3245.221,2026-09-24T01:00:36Z,,1889.4,1,1,-17.557,2026-09-24T01:47:45Z,2026-09-24T01:30:00Z,1842.25,1,1,97.77,2026-09-24T01:47:45Z,2026-09-24T01:30:00Z,1842.25,1,1,9799.771,2026-09-24T01:47:45Z,2026-09-24T01:30:00Z,1842.25,1,1,4254.922,2026-09-24T01:47:45Z,2026-09-24T01:30:00Z,1842.25,1,1,353.766,2026-09-24T01:47:45Z,2026-09-24T01:30:00Z,1842.25,1,1,-37.505,2026-09-24T01:30:05Z,2026-09-24T01:00:00Z,1859.9166666666667,1,1,105.91,2026-09-24T01:30:05Z,2026-09-24T01:00:00Z,1859.9166666666667,1,1,0.024,2026-09-24T01:00:37Z,,1889.3833333333334,1,1,0.0,2026-09-24T01:00:37Z,,1889.3833333333334,1,1,3437.2105,254.74650000000003,204.605,372.545,2026-08-31T23:00:00Z,35130.0,1,,,,,3901.1559999999995,,,,,1,1,1,1,1,1,0,0,0,0,0,0,0,0,0,1,1,1,1,1,1,1,1,1,1,1,1,1,1,1,1,1,1,0,0,0,0,0,0,0,0,0,0,0,0,0,0,0,0,0,0,1,1,1,1,1,1,1,1,1,0,0,0,0,0,0,0,0,0,0,0,0,0,0,1,0,0,0,0,0,0,0,0,0,0,0,0,0,0,0,0,0,0,0,0,0,0,0,0,0,0,0,0,0,0,0,1,0,0,0,1,0,1,1,1,1,0,1,1,1,1
2026-09-25T09:00:00Z,2026-09-25T09:30:00Z,30,,,,0,1,,,,0,1,5481.0,2026-09-24T01:50:10Z,1869.8333333333333,1,1,932.0,2026-09-24T01:50:10Z,1869.8333333333333,1,1,4549.0,2026-09-24T01:50:10Z,1869.8333333333333,1,1,,,,0,1,,,,0,1,,,,0,1,,,,0,1,,,,0,1,,,,0,1,500.0,2026-09-23T06:00:11Z,3059.8166666666666,1,1,530.0,2026-09-23T06:00:11Z,3059.8166666666666,1,1,513.0,2026-09-23T06:00:11Z,3059.8166666666666,1,1,500.0,2026-09-23T06:00:11Z,3059.8166666666666,1,1,500.0,2026-09-23T06:00:11Z,3059.8166666666666,1,1,504.0,2026-09-23T06:00:11Z,3059.8166666666666,1,1,,,,0,1,,,,0,1,,,,0,1,1214.7185,2026-09-24T00:13:43Z,1966.2833333333333,1,1,1214.7185,2026-09-24T00:13:40Z,1966.3333333333333,1,1,327.658,2026-09-24T00:13:40Z,1966.3333333333333,1,1,887.0605,2026-09-24T00:13:40Z,1966.3333333333333,1,1,3245.221,2026-09-24T01:00:36Z,,1919.4,1,1,-17.557,2026-09-24T01:47:45Z,2026-09-24T01:30:00Z,1872.25,1,1,97.77,2026-09-24T01:47:45Z,2026-09-24T01:30:00Z,1872.25,1,1,9799.771,2026-09-24T01:47:45Z,2026-09-24T01:30:00Z,1872.25,1,1,4254.922,2026-09-24T01:47:45Z,2026-09-24T01:30:00Z,1872.25,1,1,353.766,2026-09-24T01:47:45Z,2026-09-24T01:30:00Z,1872.25,1,1,-37.505,2026-09-24T01:30:05Z,2026-09-24T01:00:00Z,1889.9166666666667,1,1,105.91,2026-09-24T01:30:05Z,2026-09-24T01:00:00Z,1889.9166666666667,1,1,0.024,2026-09-24T01:00:37Z,,1919.3833333333334,1,1,0.0,2026-09-24T01:00:37Z,,1919.3833333333334,1,1,3437.2105,254.74650000000003,204.605,372.545,2026-08-31T23:00:00Z,35160.0,1,,,,,3901.1559999999995,,,,,1,1,1,1,1,1,0,0,0,0,0,0,0,0,0,1,1,1,1,1,1,1,1,1,1,1,1,1,1,1,1,1,1,0,0,0,0,0,0,0,0,0,0,0,0,0,0,0,0,0,0,1,1,1,1,1,1,1,1,1,0,0,0,0,0,0,0,0,0,0,0,0,0,0,1,0,0,0,0,0,0,0,0,0,0,0,0,0,0,0,0,0,0,0,0,0,0,0,0,0,0,0,0,0,0,0,1,0,0,0,1,0,1,1,1,1,0,1,1,1,1
2026-09-25T09:00:00Z,2026-09-25T10:00:00Z,60,,,,0,1,,,,0,1,5492.0,2026-09-24T01:50:10Z,1869.8333333333333,1,1,928.0,2026-09-24T01:50:10Z,1869.8333333333333,1,1,4564.0,2026-09-24T01:50:10Z,1869.8333333333333,1,1,,,,0,1,,,,0,1,,,,0,1,,,,0,1,,,,0,1,,,,0,1,500.0,2026-09-23T06:00:11Z,3059.8166666666666,1,1,530.0,2026-09-23T06:00:11Z,3059.8166666666666,1,1,513.0,2026-09-23T06:00:11Z,3059.8166666666666,1,1,500.0,2026-09-23T06:00:11Z,3059.8166666666666,1,1,500.0,2026-09-23T06:00:11Z,3059.8166666666666,1,1,504.0,2026-09-23T06:00:11Z,3059.8166666666666,1,1,,,,0,1,,,,0,1,,,,0,1,1312.078,2026-09-24T00:13:43Z,1966.2833333333333,1,1,1312.078,2026-09-24T00:13:40Z,1966.3333333333333,1,1,342.05100000000004,2026-09-24T00:13:40Z,1966.3333333333333,1,1,970.027,2026-09-24T00:13:40Z,1966.3333333333333,1,1,3245.221,2026-09-24T01:00:36Z,,1919.4,1,1,-17.557,2026-09-24T01:47:45Z,2026-09-24T01:30:00Z,1872.25,1,1,97.77,2026-09-24T01:47:45Z,2026-09-24T01:30:00Z,1872.25,1,1,9799.771,2026-09-24T01:47:45Z,2026-09-24T01:30:00Z,1872.25,1,1,4254.922,2026-09-24T01:47:45Z,2026-09-24T01:30:00Z,1872.25,1,1,353.766,2026-09-24T01:47:45Z,2026-09-24T01:30:00Z,1872.25,1,1,-37.505,2026-09-24T01:30:05Z,2026-09-24T01:00:00Z,1889.9166666666667,1,1,105.91,2026-09-24T01:30:05Z,2026-09-24T01:00:00Z,1889.9166666666667,1,1,0.024,2026-09-24T01:00:37Z,,1919.3833333333334,1,1,0.0,2026-09-24T01:00:37Z,,1919.3833333333334,1,1,3437.2105,254.74650000000003,204.605,372.545,2026-08-31T23:00:00Z,35160.0,1,,,,,3901.1559999999995,,,,,1,1,1,1,1,1,0,0,0,0,0,0,0,0,0,1,1,1,1,1,1,1,1,1,1,1,1,1,1,1,1,1,1,0,0,0,0,0,0,0,0,0,0,0,0,0,0,0,0,0,0,1,1,1,1,1,1,1,1,1,0,0,0,0,0,0,0,0,0,0,0,0,0,0,1,0,0,0,0,0,0,0,0,0,0,0,0,0,0,0,0,0,0,0,0,0,0,0,0,0,0,0,0,0,0,0,1,0,0,0,1,0,1,1,1,1,0,1,1,1,1
2026-09-25T09:30:00Z,2026-09-25T10:00:00Z,30,,,,0,1,,,,0,1,5492.0,2026-09-24T01:50:10Z,1899.8333333333333,1,1,928.0,2026-09-24T01:50:10Z,1899.8333333333333,1,1,4564.0,2026-09-24T01:50:10Z,1899.8333333333333,1,1,,,,0,1,,,,0,1,,,,0,1,,,,0,1,,,,0,1,,,,0,1,500.0,2026-09-23T06:00:11Z,3089.8166666666666,1,1,530.0,2026-09-23T06:00:11Z,3089.8166666666666,1,1,513.0,2026-09-23T06:00:11Z,3089.8166666666666,1,1,500.0,2026-09-23T06:00:11Z,3089.8166666666666,1,1,500.0,2026-09-23T06:00:11Z,3089.8166666666666,1,1,504.0,2026-09-23T06:00:11Z,3089.8166666666666,1,1,,,,0,1,,,,0,1,,,,0,1,1312.078,2026-09-24T00:13:43Z,1996.2833333333333,1,1,1312.078,2026-09-24T00:13:40Z,1996.3333333333333,1,1,342.05100000000004,2026-09-24T00:13:40Z,1996.3333333333333,1,1,970.027,2026-09-24T00:13:40Z,1996.3333333333333,1,1,3245.221,2026-09-24T01:00:36Z,,1949.4,1,1,-17.557,2026-09-24T01:47:45Z,2026-09-24T01:30:00Z,1902.25,1,1,97.77,2026-09-24T01:47:45Z,2026-09-24T01:30:00Z,1902.25,1,1,9799.771,2026-09-24T01:47:45Z,2026-09-24T01:30:00Z,1902.25,1,1,4254.922,2026-09-24T01:47:45Z,2026-09-24T01:30:00Z,1902.25,1,1,353.766,2026-09-24T01:47:45Z,2026-09-24T01:30:00Z,1902.25,1,1,-37.505,2026-09-24T01:30:05Z,2026-09-24T01:00:00Z,1919.9166666666667,1,1,105.91,2026-09-24T01:30:05Z,2026-09-24T01:00:00Z,1919.9166666666667,1,1,0.024,2026-09-24T01:00:37Z,,1949.3833333333334,1,1,0.0,2026-09-24T01:00:37Z,,1949.3833333333334,1,1,3437.2105,254.74650000000003,204.605,372.545,2026-08-31T23:00:00Z,35190.0,1,,,,,3901.1559999999995,,,,,1,1,1,1,1,1,0,0,0,0,0,0,0,0,0,1,1,1,1,1,1,1,1,1,1,1,1,1,1,1,1,1,1,0,0,0,0,0,0,0,0,0,0,0,0,0,0,0,0,0,0,1,1,1,1,1,1,1,1,1,0,0,0,0,0,0,0,0,0,0,0,0,0,0,1,0,0,0,0,0,0,0,0,0,0,0,0,0,0,0,0,0,0,0,0,0,0,0,0,0,0,0,0,0,0,0,1,0,0,0,1,0,1,1,1,1,0,1,1,1,1
2026-09-25T09:30:00Z,2026-09-25T10:30:00Z,60,,,,0,1,,,,0,1,5484.0,2026-09-24T01:50:10Z,1899.8333333333333,1,1,918.0,2026-09-24T01:50:10Z,1899.8333333333333,1,1,4566.0,2026-09-24T01:50:10Z,1899.8333333333333,1,1,,,,0,1,,,,0,1,,,,0,1,,,,0,1,,,,0,1,,,,0,1,500.0,2026-09-23T06:00:11Z,3089.8166666666666,1,1,530.0,2026-09-23T06:00:11Z,3089.8166666666666,1,1,513.0,2026-09-23T06:00:11Z,3089.8166666666666,1,1,500.0,2026-09-23T06:00:11Z,3089.8166666666666,1,1,500.0,2026-09-23T06:00:11Z,3089.8166666666666,1,1,504.0,2026-09-23T06:00:11Z,3089.8166666666666,1,1,,,,0,1,,,,0,1,,,,0,1,1400.0605,2026-09-24T00:13:43Z,1996.2833333333333,1,1,1400.0605,2026-09-24T00:13:40Z,1996.3333333333333,1,1,350.1165,2026-09-24T00:13:40Z,1996.3333333333333,1,1,1049.944,2026-09-24T00:13:40Z,1996.3333333333333,1,1,3245.221,2026-09-24T01:00:36Z,,1949.4,1,1,-17.557,2026-09-24T01:47:45Z,2026-09-24T01:30:00Z,1902.25,1,1,97.77,2026-09-24T01:47:45Z,2026-09-24T01:30:00Z,1902.25,1,1,9799.771,2026-09-24T01:47:45Z,2026-09-24T01:30:00Z,1902.25,1,1,4254.922,2026-09-24T01:47:45Z,2026-09-24T01:30:00Z,1902.25,1,1,353.766,2026-09-24T01:47:45Z,2026-09-24T01:30:00Z,1902.25,1,1,-37.505,2026-09-24T01:30:05Z,2026-09-24T01:00:00Z,1919.9166666666667,1,1,105.91,2026-09-24T01:30:05Z,2026-09-24T01:00:00Z,1919.9166666666667,1,1,0.024,2026-09-24T01:00:37Z,,1949.3833333333334,1,1,0.0,2026-09-24T01:00:37Z,,1949.3833333333334,1,1,3437.2105,254.74650000000003,204.605,372.545,2026-08-31T23:00:00Z,35190.0,1,,,,,3901.1559999999995,,,,,1,1,1,1,1,1,0,0,0,0,0,0,0,0,0,1,1,1,1,1,1,1,1,1,1,1,1,1,1,1,1,1,1,0,0,0,0,0,0,0,0,0,0,0,0,0,0,0,0,0,0,1,1,1,1,1,1,1,1,1,0,0,0,0,0,0,0,0,0,0,0,0,0,0,1,0,0,0,0,0,0,0,0,0,0,0,0,0,0,0,0,0,0,0,0,0,0,0,0,0,0,0,0,0,0,0,1,0,0,0,1,0,1,1,1,1,0,1,1,1,1
2026-09-25T10:00:00Z,2026-09-25T10:30:00Z,30,,,,0,1,,,,0,1,5484.0,2026-09-24T01:50:10Z,1929.8333333333333,1,1,918.0,2026-09-24T01:50:10Z,1929.8333333333333,1,1,4566.0,2026-09-24T01:50:10Z,1929.8333333333333,1,1,,,,0,1,,,,0,1,,,,0,1,,,,0,1,,,,0,1,,,,0,1,500.0,2026-09-23T06:00:11Z,3119.8166666666666,1,1,530.0,2026-09-23T06:00:11Z,3119.8166666666666,1,1,513.0,2026-09-23T06:00:11Z,3119.8166666666666,1,1,500.0,2026-09-23T06:00:11Z,3119.8166666666666,1,1,500.0,2026-09-23T06:00:11Z,3119.8166666666666,1,1,504.0,2026-09-23T06:00:11Z,3119.8166666666666,1,1,,,,0,1,,,,0,1,,,,0,1,1400.0605,2026-09-24T00:13:43Z,2026.2833333333333,1,1,1400.0605,2026-09-24T00:13:40Z,2026.3333333333333,1,1,350.1165,2026-09-24T00:13:40Z,2026.3333333333333,1,1,1049.944,2026-09-24T00:13:40Z,2026.3333333333333,1,1,3245.221,2026-09-24T01:00:36Z,,1979.4,1,1,-17.557,2026-09-24T01:47:45Z,2026-09-24T01:30:00Z,1932.25,1,1,97.77,2026-09-24T01:47:45Z,2026-09-24T01:30:00Z,1932.25,1,1,9799.771,2026-09-24T01:47:45Z,2026-09-24T01:30:00Z,1932.25,1,1,4254.922,2026-09-24T01:47:45Z,2026-09-24T01:30:00Z,1932.25,1,1,353.766,2026-09-24T01:47:45Z,2026-09-24T01:30:00Z,1932.25,1,1,-37.505,2026-09-24T01:30:05Z,2026-09-24T01:00:00Z,1949.9166666666667,1,1,105.91,2026-09-24T01:30:05Z,2026-09-24T01:00:00Z,1949.9166666666667,1,1,0.024,2026-09-24T01:00:37Z,,1979.3833333333334,1,1,0.0,2026-09-24T01:00:37Z,,1979.3833333333334,1,1,3437.2105,254.74650000000003,204.605,372.545,2026-08-31T23:00:00Z,35220.0,1,,,,,3901.1559999999995,,,,,1,1,1,1,1,1,0,0,0,0,0,0,0,0,0,1,1,1,1,1,1,1,1,1,1,1,1,1,1,1,1,1,1,0,0,0,0,0,0,0,0,0,0,0,0,0,0,0,0,0,0,1,1,1,1,1,1,1,1,1,0,0,0,0,0,0,0,0,0,0,0,0,0,0,1,0,0,0,0,0,0,0,0,0,0,0,0,0,0,0,0,0,0,0,0,0,0,0,0,0,0,0,0,0,0,0,1,0,0,0,1,0,1,1,1,1,0,1,1,1,1
2026-09-25T10:00:00Z,2026-09-25T11:00:00Z,60,,,,0,1,,,,0,1,5480.0,2026-09-24T01:50:10Z,1929.8333333333333,1,1,876.0,2026-09-24T01:50:10Z,1929.8333333333333,1,1,4604.0,2026-09-24T01:50:10Z,1929.8333333333333,1,1,,,,0,1,,,,0,1,,,,0,1,,,,0,1,,,,0,1,,,,0,1,500.0,2026-09-23T06:00:11Z,3119.8166666666666,1,1,530.0,2026-09-23T06:00:11Z,3119.8166666666666,1,1,513.0,2026-09-23T06:00:11Z,3119.8166666666666,1,1,500.0,2026-09-23T06:00:11Z,3119.8166666666666,1,1,500.0,2026-09-23T06:00:11Z,3119.8166666666666,1,1,504.0,2026-09-23T06:00:11Z,3119.8166666666666,1,1,,,,0,1,,,,0,1,,,,0,1,1484.2525,2026-09-24T00:13:43Z,2026.2833333333333,1,1,1484.2525,2026-09-24T00:13:40Z,2026.3333333333333,1,1,356.02049999999997,2026-09-24T00:13:40Z,2026.3333333333333,1,1,1128.232,2026-09-24T00:13:40Z,2026.3333333333333,1,1,3245.221,2026-09-24T01:00:36Z,,1979.4,1,1,-17.557,2026-09-24T01:47:45Z,2026-09-24T01:30:00Z,1932.25,1,1,97.77,2026-09-24T01:47:45Z,2026-09-24T01:30:00Z,1932.25,1,1,9799.771,2026-09-24T01:47:45Z,2026-09-24T01:30:00Z,1932.25,1,1,4254.922,2026-09-24T01:47:45Z,2026-09-24T01:30:00Z,1932.25,1,1,353.766,2026-09-24T01:47:45Z,2026-09-24T01:30:00Z,1932.25,1,1,-37.505,2026-09-24T01:30:05Z,2026-09-24T01:00:00Z,1949.9166666666667,1,1,105.91,2026-09-24T01:30:05Z,2026-09-24T01:00:00Z,1949.9166666666667,1,1,0.024,2026-09-24T01:00:37Z,,1979.3833333333334,1,1,0.0,2026-09-24T01:00:37Z,,1979.3833333333334,1,1,3437.2105,254.74650000000003,204.605,372.545,2026-08-31T23:00:00Z,35220.0,1,,,,,3901.1559999999995,,,,,1,1,1,1,1,1,0,0,0,0,0,0,0,0,0,1,1,1,1,1,1,1,1,1,1,1,1,1,1,1,1,1,1,0,0,0,0,0,0,0,0,0,0,0,0,0,0,0,0,0,0,1,1,1,1,1,1,1,1,1,0,0,0,0,0,0,0,0,0,0,0,0,0,0,1,0,0,0,0,0,0,0,0,0,0,0,0,0,0,0,0,0,0,0,0,0,0,0,0,0,0,0,0,0,0,0,1,0,0,0,1,0,1,1,1,1,0,1,1,1,1
2026-09-25T10:30:00Z,2026-09-25T11:00:00Z,30,,,,0,1,,,,0,1,5480.0,2026-09-24T01:50:10Z,1959.8333333333333,1,1,876.0,2026-09-24T01:50:10Z,1959.8333333333333,1,1,4604.0,2026-09-24T01:50:10Z,1959.8333333333333,1,1,,,,0,1,,,,0,1,,,,0,1,,,,0,1,,,,0,1,,,,0,1,500.0,2026-09-23T06:00:11Z,3149.8166666666666,1,1,530.0,2026-09-23T06:00:11Z,3149.8166666666666,1,1,513.0,2026-09-23T06:00:11Z,3149.8166666666666,1,1,500.0,2026-09-23T06:00:11Z,3149.8166666666666,1,1,500.0,2026-09-23T06:00:11Z,3149.8166666666666,1,1,504.0,2026-09-23T06:00:11Z,3149.8166666666666,1,1,,,,0,1,,,,0,1,,,,0,1,1484.2525,2026-09-24T00:13:43Z,2056.2833333333333,1,1,1484.2525,2026-09-24T00:13:40Z,2056.3333333333335,1,1,356.02049999999997,2026-09-24T00:13:40Z,2056.3333333333335,1,1,1128.232,2026-09-24T00:13:40Z,2056.3333333333335,1,1,3245.221,2026-09-24T01:00:36Z,,2009.4,1,1,-17.557,2026-09-24T01:47:45Z,2026-09-24T01:30:00Z,1962.25,1,1,97.77,2026-09-24T01:47:45Z,2026-09-24T01:30:00Z,1962.25,1,1,9799.771,2026-09-24T01:47:45Z,2026-09-24T01:30:00Z,1962.25,1,1,4254.922,2026-09-24T01:47:45Z,2026-09-24T01:30:00Z,1962.25,1,1,353.766,2026-09-24T01:47:45Z,2026-09-24T01:30:00Z,1962.25,1,1,-37.505,2026-09-24T01:30:05Z,2026-09-24T01:00:00Z,1979.9166666666667,1,1,105.91,2026-09-24T01:30:05Z,2026-09-24T01:00:00Z,1979.9166666666667,1,1,0.024,2026-09-24T01:00:37Z,,2009.3833333333334,1,1,0.0,2026-09-24T01:00:37Z,,2009.3833333333334,1,1,3437.2105,254.74650000000003,204.605,372.545,2026-08-31T23:00:00Z,35250.0,1,,,,,3901.1559999999995,,,,,1,1,1,1,1,1,0,0,0,0,0,0,0,0,0,1,1,1,1,1,1,1,1,1,1,1,1,1,1,1,1,1,1,0,0,0,0,0,0,0,0,0,0,0,0,0,0,0,0,0,0,1,1,1,1,1,1,1,1,1,0,0,0,0,0,0,0,0,0,0,0,0,0,0,1,0,0,0,0,0,0,0,0,0,0,0,0,0,0,0,0,0,0,0,0,0,0,0,0,0,0,0,0,0,0,0,1,0,0,0,1,0,1,1,1,1,0,1,1,1,1
2026-09-25T10:30:00Z,2026-09-25T11:30:00Z,60,,,,0,1,,,,0,1,5461.0,2026-09-24T01:50:10Z,1959.8333333333333,1,1,877.0,2026-09-24T01:50:10Z,1959.8333333333333,1,1,4584.0,2026-09-24T01:50:10Z,1959.8333333333333,1,1,,,,0,1,,,,0,1,,,,0,1,,,,0,1,,,,0,1,,,,0,1,500.0,2026-09-23T06:00:11Z,3149.8166666666666,1,1,530.0,2026-09-23T06:00:11Z,3149.8166666666666,1,1,513.0,2026-09-23T06:00:11Z,3149.8166666666666,1,1,500.0,2026-09-23T06:00:11Z,3149.8166666666666,1,1,500.0,2026-09-23T06:00:11Z,3149.8166666666666,1,1,504.0,2026-09-23T06:00:11Z,3149.8166666666666,1,1,,,,0,1,,,,0,1,,,,0,1,1557.1005,2026-09-24T00:13:43Z,2056.2833333333333,1,1,1557.1005,2026-09-24T00:13:40Z,2056.3333333333335,1,1,355.4415,2026-09-24T00:13:40Z,2056.3333333333335,1,1,1201.659,2026-09-24T00:13:40Z,2056.3333333333335,1,1,3245.221,2026-09-24T01:00:36Z,,2009.4,1,1,-17.557,2026-09-24T01:47:45Z,2026-09-24T01:30:00Z,1962.25,1,1,97.77,2026-09-24T01:47:45Z,2026-09-24T01:30:00Z,1962.25,1,1,9799.771,2026-09-24T01:47:45Z,2026-09-24T01:30:00Z,1962.25,1,1,4254.922,2026-09-24T01:47:45Z,2026-09-24T01:30:00Z,1962.25,1,1,353.766,2026-09-24T01:47:45Z,2026-09-24T01:30:00Z,1962.25,1,1,-37.505,2026-09-24T01:30:05Z,2026-09-24T01:00:00Z,1979.9166666666667,1,1,105.91,2026-09-24T01:30:05Z,2026-09-24T01:00:00Z,1979.9166666666667,1,1,0.024,2026-09-24T01:00:37Z,,2009.3833333333334,1,1,0.0,2026-09-24T01:00:37Z,,2009.3833333333334,1,1,3437.2105,254.74650000000003,204.605,372.545,2026-08-31T23:00:00Z,35250.0,1,,,,,3901.1559999999995,,,,,1,1,1,1,1,1,0,0,0,0,0,0,0,0,0,1,1,1,1,1,1,1,1,1,1,1,1,1,1,1,1,1,1,0,0,0,0,0,0,0,0,0,0,0,0,0,0,0,0,0,0,1,1,1,1,1,1,1,1,1,0,0,0,0,0,0,0,0,0,0,0,0,0,0,1,0,0,0,0,0,0,0,0,0,0,0,0,0,0,0,0,0,0,0,0,0,0,0,0,0,0,0,0,0,0,0,1,0,0,0,1,0,1,1,1,1,0,1,1,1,1
2026-09-25T11:00:00Z,2026-09-25T11:30:00Z,30,,,,0,1,,,,0,1,5461.0,2026-09-24T01:50:10Z,1989.8333333333333,1,1,877.0,2026-09-24T01:50:10Z,1989.8333333333333,1,1,4584.0,2026-09-24T01:50:10Z,1989.8333333333333,1,1,,,,0,1,,,,0,1,,,,0,1,,,,0,1,,,,0,1,,,,0,1,500.0,2026-09-23T06:00:11Z,3179.8166666666666,1,1,530.0,2026-09-23T06:00:11Z,3179.8166666666666,1,1,513.0,2026-09-23T06:00:11Z,3179.8166666666666,1,1,500.0,2026-09-23T06:00:11Z,3179.8166666666666,1,1,500.0,2026-09-23T06:00:11Z,3179.8166666666666,1,1,504.0,2026-09-23T06:00:11Z,3179.8166666666666,1,1,,,,0,1,,,,0,1,,,,0,1,1557.1005,2026-09-24T00:13:43Z,2086.2833333333333,1,1,1557.1005,2026-09-24T00:13:40Z,2086.3333333333335,1,1,355.4415,2026-09-24T00:13:40Z,2086.3333333333335,1,1,1201.659,2026-09-24T00:13:40Z,2086.3333333333335,1,1,3245.221,2026-09-24T01:00:36Z,,2039.4,1,1,-17.557,2026-09-24T01:47:45Z,2026-09-24T01:30:00Z,1992.25,1,1,97.77,2026-09-24T01:47:45Z,2026-09-24T01:30:00Z,1992.25,1,1,9799.771,2026-09-24T01:47:45Z,2026-09-24T01:30:00Z,1992.25,1,1,4254.922,2026-09-24T01:47:45Z,2026-09-24T01:30:00Z,1992.25,1,1,353.766,2026-09-24T01:47:45Z,2026-09-24T01:30:00Z,1992.25,1,1,-37.505,2026-09-24T01:30:05Z,2026-09-24T01:00:00Z,2009.9166666666667,1,1,105.91,2026-09-24T01:30:05Z,2026-09-24T01:00:00Z,2009.9166666666667,1,1,0.024,2026-09-24T01:00:37Z,,2039.3833333333334,1,1,0.0,2026-09-24T01:00:37Z,,2039.3833333333334,1,1,3437.2105,254.74650000000003,204.605,372.545,2026-08-31T23:00:00Z,35280.0,1,,,,,3901.1559999999995,,,,,1,1,1,1,1,1,0,0,0,0,0,0,0,0,0,1,1,1,1,1,1,1,1,1,1,1,1,1,1,1,1,1,1,0,0,0,0,0,0,0,0,0,0,0,0,0,0,0,0,0,0,1,1,1,1,1,1,1,1,1,0,0,0,0,0,0,0,0,0,0,0,0,0,0,1,0,0,0,0,0,0,0,0,0,0,0,0,0,0,0,0,0,0,0,0,0,0,0,0,0,0,0,0,0,0,0,1,0,0,0,1,0,1,1,1,1,0,1,1,1,1
2026-09-25T11:00:00Z,2026-09-25T12:00:00Z,60,,,,0,1,,,,0,1,5425.0,2026-09-24T01:50:10Z,1989.8333333333333,1,1,885.0,2026-09-24T01:50:10Z,1989.8333333333333,1,1,4540.0,2026-09-24T01:50:10Z,1989.8333333333333,1,1,,,,0,1,,,,0,1,,,,0,1,,,,0,1,,,,0,1,,,,0,1,500.0,2026-09-23T06:00:11Z,3179.8166666666666,1,1,530.0,2026-09-23T06:00:11Z,3179.8166666666666,1,1,513.0,2026-09-23T06:00:11Z,3179.8166666666666,1,1,500.0,2026-09-23T06:00:11Z,3179.8166666666666,1,1,500.0,2026-09-23T06:00:11Z,3179.8166666666666,1,1,504.0,2026-09-23T06:00:11Z,3179.8166666666666,1,1,,,,0,1,,,,0,1,,,,0,1,1626.3535,2026-09-24T00:13:43Z,2086.2833333333333,1,1,1626.3535,2026-09-24T00:13:40Z,2086.3333333333335,1,1,354.904,2026-09-24T00:13:40Z,2086.3333333333335,1,1,1271.4495000000002,2026-09-24T00:13:40Z,2086.3333333333335,1,1,3245.221,2026-09-24T01:00:36Z,,2039.4,1,1,-17.557,2026-09-24T01:47:45Z,2026-09-24T01:30:00Z,1992.25,1,1,97.77,2026-09-24T01:47:45Z,2026-09-24T01:30:00Z,1992.25,1,1,9799.771,2026-09-24T01:47:45Z,2026-09-24T01:30:00Z,1992.25,1,1,4254.922,2026-09-24T01:47:45Z,2026-09-24T01:30:00Z,1992.25,1,1,353.766,2026-09-24T01:47:45Z,2026-09-24T01:30:00Z,1992.25,1,1,-37.505,2026-09-24T01:30:05Z,2026-09-24T01:00:00Z,2009.9166666666667,1,1,105.91,2026-09-24T01:30:05Z,2026-09-24T01:00:00Z,2009.9166666666667,1,1,0.024,2026-09-24T01:00:37Z,,2039.3833333333334,1,1,0.0,2026-09-24T01:00:37Z,,2039.3833333333334,1,1,3437.2105,254.74650000000003,204.605,372.545,2026-08-31T23:00:00Z,35280.0,1,,,,,3901.1559999999995,,,,,1,1,1,1,1,1,0,0,0,0,0,0,0,0,0,1,1,1,1,1,1,1,1,1,1,1,1,1,1,1,1,1,1,0,0,0,0,0,0,0,0,0,0,0,0,0,0,0,0,0,0,1,1,1,1,1,1,1,1,1,0,0,0,0,0,0,0,0,0,0,0,0,0,0,1,0,0,0,0,0,0,0,0,0,0,0,0,0,0,0,0,0,0,0,0,0,0,0,0,0,0,0,0,0,0,0,1,0,0,0,1,0,1,1,1,1,0,1,1,1,1
2026-09-25T11:30:00Z,2026-09-25T12:00:00Z,30,,,,0,1,,,,0,1,5425.0,2026-09-24T01:50:10Z,2019.8333333333333,1,1,885.0,2026-09-24T01:50:10Z,2019.8333333333333,1,1,4540.0,2026-09-24T01:50:10Z,2019.8333333333333,1,1,,,,0,1,,,,0,1,,,,0,1,,,,0,1,,,,0,1,,,,0,1,500.0,2026-09-23T06:00:11Z,3209.8166666666666,1,1,530.0,2026-09-23T06:00:11Z,3209.8166666666666,1,1,513.0,2026-09-23T06:00:11Z,3209.8166666666666,1,1,500.0,2026-09-23T06:00:11Z,3209.8166666666666,1,1,500.0,2026-09-23T06:00:11Z,3209.8166666666666,1,1,504.0,2026-09-23T06:00:11Z,3209.8166666666666,1,1,,,,0,1,,,,0,1,,,,0,1,1626.3535,2026-09-24T00:13:43Z,2116.2833333333333,1,1,1626.3535,2026-09-24T00:13:40Z,2116.3333333333335,1,1,354.904,2026-09-24T00:13:40Z,2116.3333333333335,1,1,1271.4495000000002,2026-09-24T00:13:40Z,2116.3333333333335,1,1,3245.221,2026-09-24T01:00:36Z,,2069.4,1,1,-17.557,2026-09-24T01:47:45Z,2026-09-24T01:30:00Z,2022.25,1,1,97.77,2026-09-24T01:47:45Z,2026-09-24T01:30:00Z,2022.25,1,1,9799.771,2026-09-24T01:47:45Z,2026-09-24T01:30:00Z,2022.25,1,1,4254.922,2026-09-24T01:47:45Z,2026-09-24T01:30:00Z,2022.25,1,1,353.766,2026-09-24T01:47:45Z,2026-09-24T01:30:00Z,2022.25,1,1,-37.505,2026-09-24T01:30:05Z,2026-09-24T01:00:00Z,2039.9166666666667,1,1,105.91,2026-09-24T01:30:05Z,2026-09-24T01:00:00Z,2039.9166666666667,1,1,0.024,2026-09-24T01:00:37Z,,2069.383333333333,1,1,0.0,2026-09-24T01:00:37Z,,2069.383333333333,1,1,3437.2105,254.74650000000003,204.605,372.545,2026-08-31T23:00:00Z,35310.0,1,,,,,3901.1559999999995,,,,,1,1,1,1,1,1,0,0,0,0,0,0,0,0,0,1,1,1,1,1,1,1,1,1,1,1,1,1,1,1,1,1,1,0,0,0,0,0,0,0,0,0,0,0,0,0,0,0,0,0,0,1,1,1,1,1,1,1,1,1,0,0,0,0,0,0,0,0,0,0,0,0,0,0,1,0,0,0,0,0,0,0,0,0,0,0,0,0,0,0,0,0,0,0,0,0,0,0,0,0,0,0,0,0,0,0,1,0,0,0,1,0,1,1,1,1,0,1,1,1,1
2026-09-25T11:30:00Z,2026-09-25T12:30:00Z,60,,,,0,1,,,,0,1,5393.0,2026-09-24T01:50:10Z,2019.8333333333333,1,1,850.0,2026-09-24T01:50:10Z,2019.8333333333333,1,1,4543.0,2026-09-24T01:50:10Z,2019.8333333333333,1,1,,,,0,1,,,,0,1,,,,0,1,,,,0,1,,,,0,1,,,,0,1,500.0,2026-09-23T06:00:11Z,3209.8166666666666,1,1,530.0,2026-09-23T06:00:11Z,3209.8166666666666,1,1,513.0,2026-09-23T06:00:11Z,3209.8166666666666,1,1,500.0,2026-09-23T06:00:11Z,3209.8166666666666,1,1,500.0,2026-09-23T06:00:11Z,3209.8166666666666,1,1,504.0,2026-09-23T06:00:11Z,3209.8166666666666,1,1,,,,0,1,,,,0,1,,,,0,1,1684.7730000000001,2026-09-24T00:13:43Z,2116.2833333333333,1,1,1684.7730000000001,2026-09-24T00:13:40Z,2116.3333333333335,1,1,354.47749999999996,2026-09-24T00:13:40Z,2116.3333333333335,1,1,1330.2955,2026-09-24T00:13:40Z,2116.3333333333335,1,1,3245.221,2026-09-24T01:00:36Z,,2069.4,1,1,-17.557,2026-09-24T01:47:45Z,2026-09-24T01:30:00Z,2022.25,1,1,97.77,2026-09-24T01:47:45Z,2026-09-24T01:30:00Z,2022.25,1,1,9799.771,2026-09-24T01:47:45Z,2026-09-24T01:30:00Z,2022.25,1,1,4254.922,2026-09-24T01:47:45Z,2026-09-24T01:30:00Z,2022.25,1,1,353.766,2026-09-24T01:47:45Z,2026-09-24T01:30:00Z,2022.25,1,1,-37.505,2026-09-24T01:30:05Z,2026-09-24T01:00:00Z,2039.9166666666667,1,1,105.91,2026-09-24T01:30:05Z,2026-09-24T01:00:00Z,2039.9166666666667,1,1,0.024,2026-09-24T01:00:37Z,,2069.383333333333,1,1,0.0,2026-09-24T01:00:37Z,,2069.383333333333,1,1,3437.2105,254.74650000000003,204.605,372.545,2026-08-31T23:00:00Z,35310.0,1,,,,,3901.1559999999995,,,,,1,1,1,1,1,1,0,0,0,0,0,0,0,0,0,1,1,1,1,1,1,1,1,1,1,1,1,1,1,1,1,1,1,0,0,0,0,0,0,0,0,0,0,0,0,0,0,0,0,0,0,1,1,1,1,1,1,1,1,1,0,0,0,0,0,0,0,0,0,0,0,0,0,0,1,0,0,0,0,0,0,0,0,0,0,0,0,0,0,0,0,0,0,0,0,0,0,0,0,0,0,0,0,0,0,0,1,0,0,0,1,0,1,1,1,1,0,1,1,1,1
2026-09-25T12:00:00Z,2026-09-25T12:30:00Z,30,,,,0,1,,,,0,1,5393.0,2026-09-24T01:50:10Z,2049.8333333333335,1,1,850.0,2026-09-24T01:50:10Z,2049.8333333333335,1,1,4543.0,2026-09-24T01:50:10Z,2049.8333333333335,1,1,,,,0,1,,,,0,1,,,,0,1,,,,0,1,,,,0,1,,,,0,1,500.0,2026-09-23T06:00:11Z,3239.8166666666666,1,1,530.0,2026-09-23T06:00:11Z,3239.8166666666666,1,1,513.0,2026-09-23T06:00:11Z,3239.8166666666666,1,1,500.0,2026-09-23T06:00:11Z,3239.8166666666666,1,1,500.0,2026-09-23T06:00:11Z,3239.8166666666666,1,1,504.0,2026-09-23T06:00:11Z,3239.8166666666666,1,1,,,,0,1,,,,0,1,,,,0,1,1684.7730000000001,2026-09-24T00:13:43Z,2146.2833333333333,1,1,1684.7730000000001,2026-09-24T00:13:40Z,2146.3333333333335,1,1,354.47749999999996,2026-09-24T00:13:40Z,2146.3333333333335,1,1,1330.2955,2026-09-24T00:13:40Z,2146.3333333333335,1,1,3245.221,2026-09-24T01:00:36Z,,2099.4,1,1,-17.557,2026-09-24T01:47:45Z,2026-09-24T01:30:00Z,2052.25,1,1,97.77,2026-09-24T01:47:45Z,2026-09-24T01:30:00Z,2052.25,1,1,9799.771,2026-09-24T01:47:45Z,2026-09-24T01:30:00Z,2052.25,1,1,4254.922,2026-09-24T01:47:45Z,2026-09-24T01:30:00Z,2052.25,1,1,353.766,2026-09-24T01:47:45Z,2026-09-24T01:30:00Z,2052.25,1,1,-37.505,2026-09-24T01:30:05Z,2026-09-24T01:00:00Z,2069.9166666666665,1,1,105.91,2026-09-24T01:30:05Z,2026-09-24T01:00:00Z,2069.9166666666665,1,1,0.024,2026-09-24T01:00:37Z,,2099.383333333333,1,1,0.0,2026-09-24T01:00:37Z,,2099.383333333333,1,1,3437.2105,254.74650000000003,204.605,372.545,2026-08-31T23:00:00Z,35340.0,1,,,,,3901.1559999999995,,,,,1,1,1,1,1,1,0,0,0,0,0,0,0,0,0,1,1,1,1,1,1,1,1,1,1,1,1,1,1,1,1,1,1,0,0,0,0,0,0,0,0,0,0,0,0,0,0,0,0,0,0,1,1,1,1,1,1,1,1,1,0,0,0,0,0,0,0,0,0,0,0,0,0,0,1,0,0,0,0,0,0,0,0,0,0,0,0,0,0,0,0,0,0,0,0,0,0,0,0,0,0,0,0,0,0,0,1,0,0,0,1,0,1,1,1,1,0,1,1,1,1
2026-09-25T12:00:00Z,2026-09-25T13:00:00Z,60,,,,0,1,,,,0,1,5291.0,2026-09-24T01:50:10Z,2049.8333333333335,1,1,830.0,2026-09-24T01:50:10Z,2049.8333333333335,1,1,4461.0,2026-09-24T01:50:10Z,2049.8333333333335,1,1,,,,0,1,,,,0,1,,,,0,1,,,,0,1,,,,0,1,,,,0,1,500.0,2026-09-23T06:00:11Z,3239.8166666666666,1,1,530.0,2026-09-23T06:00:11Z,3239.8166666666666,1,1,513.0,2026-09-23T06:00:11Z,3239.8166666666666,1,1,500.0,2026-09-23T06:00:11Z,3239.8166666666666,1,1,500.0,2026-09-23T06:00:11Z,3239.8166666666666,1,1,504.0,2026-09-23T06:00:11Z,3239.8166666666666,1,1,,,,0,1,,,,0,1,,,,0,1,1751.2820000000002,2026-09-24T00:13:43Z,2146.2833333333333,1,1,1751.2820000000002,2026-09-24T00:13:40Z,2146.3333333333335,1,1,356.8085,2026-09-24T00:13:40Z,2146.3333333333335,1,1,1394.4735,2026-09-24T00:13:40Z,2146.3333333333335,1,1,3245.221,2026-09-24T01:00:36Z,,2099.4,1,1,-17.557,2026-09-24T01:47:45Z,2026-09-24T01:30:00Z,2052.25,1,1,97.77,2026-09-24T01:47:45Z,2026-09-24T01:30:00Z,2052.25,1,1,9799.771,2026-09-24T01:47:45Z,2026-09-24T01:30:00Z,2052.25,1,1,4254.922,2026-09-24T01:47:45Z,2026-09-24T01:30:00Z,2052.25,1,1,353.766,2026-09-24T01:47:45Z,2026-09-24T01:30:00Z,2052.25,1,1,-37.505,2026-09-24T01:30:05Z,2026-09-24T01:00:00Z,2069.9166666666665,1,1,105.91,2026-09-24T01:30:05Z,2026-09-24T01:00:00Z,2069.9166666666665,1,1,0.024,2026-09-24T01:00:37Z,,2099.383333333333,1,1,0.0,2026-09-24T01:00:37Z,,2099.383333333333,1,1,3437.2105,254.74650000000003,204.605,372.545,2026-08-31T23:00:00Z,35340.0,1,,,,,3901.1559999999995,,,,,1,1,1,1,1,1,0,0,0,0,0,0,0,0,0,1,1,1,1,1,1,1,1,1,1,1,1,1,1,1,1,1,1,0,0,0,0,0,0,0,0,0,0,0,0,0,0,0,0,0,0,1,1,1,1,1,1,1,1,1,0,0,0,0,0,0,0,0,0,0,0,0,0,0,1,0,0,0,0,0,0,0,0,0,0,0,0,0,0,0,0,0,0,0,0,0,0,0,0,0,0,0,0,0,0,0,1,0,0,0,1,0,1,1,1,1,0,1,1,1,1
2026-09-25T12:30:00Z,2026-09-25T13:00:00Z,30,,,,0,1,,,,0,1,5291.0,2026-09-24T01:50:10Z,2079.8333333333335,1,1,830.0,2026-09-24T01:50:10Z,2079.8333333333335,1,1,4461.0,2026-09-24T01:50:10Z,2079.8333333333335,1,1,,,,0,1,,,,0,1,,,,0,1,,,,0,1,,,,0,1,,,,0,1,500.0,2026-09-23T06:00:11Z,3269.8166666666666,1,1,530.0,2026-09-23T06:00:11Z,3269.8166666666666,1,1,513.0,2026-09-23T06:00:11Z,3269.8166666666666,1,1,500.0,2026-09-23T06:00:11Z,3269.8166666666666,1,1,500.0,2026-09-23T06:00:11Z,3269.8166666666666,1,1,504.0,2026-09-23T06:00:11Z,3269.8166666666666,1,1,,,,0,1,,,,0,1,,,,0,1,1751.2820000000002,2026-09-24T00:13:43Z,2176.2833333333333,1,1,1751.2820000000002,2026-09-24T00:13:40Z,2176.3333333333335,1,1,356.8085,2026-09-24T00:13:40Z,2176.3333333333335,1,1,1394.4735,2026-09-24T00:13:40Z,2176.3333333333335,1,1,3245.221,2026-09-24T01:00:36Z,,2129.4,1,1,-17.557,2026-09-24T01:47:45Z,2026-09-24T01:30:00Z,2082.25,1,1,97.77,2026-09-24T01:47:45Z,2026-09-24T01:30:00Z,2082.25,1,1,9799.771,2026-09-24T01:47:45Z,2026-09-24T01:30:00Z,2082.25,1,1,4254.922,2026-09-24T01:47:45Z,2026-09-24T01:30:00Z,2082.25,1,1,353.766,2026-09-24T01:47:45Z,2026-09-24T01:30:00Z,2082.25,1,1,-37.505,2026-09-24T01:30:05Z,2026-09-24T01:00:00Z,2099.9166666666665,1,1,105.91,2026-09-24T01:30:05Z,2026-09-24T01:00:00Z,2099.9166666666665,1,1,0.024,2026-09-24T01:00:37Z,,2129.383333333333,1,1,0.0,2026-09-24T01:00:37Z,,2129.383333333333,1,1,3437.2105,254.74650000000003,204.605,372.545,2026-08-31T23:00:00Z,35370.0,1,,,,,3901.1559999999995,,,,,1,1,1,1,1,1,0,0,0,0,0,0,0,0,0,1,1,1,1,1,1,1,1,1,1,1,1,1,1,1,1,1,1,0,0,0,0,0,0,0,0,0,0,0,0,0,0,0,0,0,0,1,1,1,1,1,1,1,1,1,0,0,0,0,0,0,0,0,0,0,0,0,0,0,1,0,0,0,0,0,0,0,0,0,0,0,0,0,0,0,0,0,0,0,0,0,0,0,0,0,0,0,0,0,0,0,1,0,0,0,1,0,1,1,1,1,0,1,1,1,1
2026-09-25T12:30:00Z,2026-09-25T13:30:00Z,60,,,,0,1,,,,0,1,5276.0,2026-09-24T01:50:10Z,2079.8333333333335,1,1,805.0,2026-09-24T01:50:10Z,2079.8333333333335,1,1,4471.0,2026-09-24T01:50:10Z,2079.8333333333335,1,1,,,,0,1,,,,0,1,,,,0,1,,,,0,1,,,,0,1,,,,0,1,500.0,2026-09-23T06:00:11Z,3269.8166666666666,1,1,530.0,2026-09-23T06:00:11Z,3269.8166666666666,1,1,513.0,2026-09-23T06:00:11Z,3269.8166666666666,1,1,500.0,2026-09-23T06:00:11Z,3269.8166666666666,1,1,500.0,2026-09-23T06:00:11Z,3269.8166666666666,1,1,504.0,2026-09-23T06:00:11Z,3269.8166666666666,1,1,,,,0,1,,,,0,1,,,,0,1,1842.0245,2026-09-24T00:13:43Z,2176.2833333333333,1,1,1842.0245,2026-09-24T00:13:40Z,2176.3333333333335,1,1,367.4015,2026-09-24T00:13:40Z,2176.3333333333335,1,1,1474.623,2026-09-24T00:13:40Z,2176.3333333333335,1,1,3245.221,2026-09-24T01:00:36Z,,2129.4,1,1,-17.557,2026-09-24T01:47:45Z,2026-09-24T01:30:00Z,2082.25,1,1,97.77,2026-09-24T01:47:45Z,2026-09-24T01:30:00Z,2082.25,1,1,9799.771,2026-09-24T01:47:45Z,2026-09-24T01:30:00Z,2082.25,1,1,4254.922,2026-09-24T01:47:45Z,2026-09-24T01:30:00Z,2082.25,1,1,353.766,2026-09-24T01:47:45Z,2026-09-24T01:30:00Z,2082.25,1,1,-37.505,2026-09-24T01:30:05Z,2026-09-24T01:00:00Z,2099.9166666666665,1,1,105.91,2026-09-24T01:30:05Z,2026-09-24T01:00:00Z,2099.9166666666665,1,1,0.024,2026-09-24T01:00:37Z,,2129.383333333333,1,1,0.0,2026-09-24T01:00:37Z,,2129.383333333333,1,1,3437.2105,254.74650000000003,204.605,372.545,2026-08-31T23:00:00Z,35370.0,1,,,,,3901.1559999999995,,,,,1,1,1,1,1,1,0,0,0,0,0,0,0,0,0,1,1,1,1,1,1,1,1,1,1,1,1,1,1,1,1,1,1,0,0,0,0,0,0,0,0,0,0,0,0,0,0,0,0,0,0,1,1,1,1,1,1,1,1,1,0,0,0,0,0,0,0,0,0,0,0,0,0,0,1,0,0,0,0,0,0,0,0,0,0,0,0,0,0,0,0,0,0,0,0,0,0,0,0,0,0,0,0,0,0,0,1,0,0,0,1,0,1,1,1,1,0,1,1,1,1
2026-09-25T13:00:00Z,2026-09-25T13:30:00Z,30,,,,0,1,,,,0,1,5276.0,2026-09-24T01:50:10Z,2109.8333333333335,1,1,805.0,2026-09-24T01:50:10Z,2109.8333333333335,1,1,4471.0,2026-09-24T01:50:10Z,2109.8333333333335,1,1,,,,0,1,,,,0,1,,,,0,1,,,,0,1,,,,0,1,,,,0,1,500.0,2026-09-23T06:00:11Z,3299.8166666666666,1,1,530.0,2026-09-23T06:00:11Z,3299.8166666666666,1,1,513.0,2026-09-23T06:00:11Z,3299.8166666666666,1,1,500.0,2026-09-23T06:00:11Z,3299.8166666666666,1,1,500.0,2026-09-23T06:00:11Z,3299.8166666666666,1,1,504.0,2026-09-23T06:00:11Z,3299.8166666666666,1,1,,,,0,1,,,,0,1,,,,0,1,1842.0245,2026-09-24T00:13:43Z,2206.2833333333333,1,1,1842.0245,2026-09-24T00:13:40Z,2206.3333333333335,1,1,367.4015,2026-09-24T00:13:40Z,2206.3333333333335,1,1,1474.623,2026-09-24T00:13:40Z,2206.3333333333335,1,1,3245.221,2026-09-24T01:00:36Z,,2159.4,1,1,-17.557,2026-09-24T01:47:45Z,2026-09-24T01:30:00Z,2112.25,1,1,97.77,2026-09-24T01:47:45Z,2026-09-24T01:30:00Z,2112.25,1,1,9799.771,2026-09-24T01:47:45Z,2026-09-24T01:30:00Z,2112.25,1,1,4254.922,2026-09-24T01:47:45Z,2026-09-24T01:30:00Z,2112.25,1,1,353.766,2026-09-24T01:47:45Z,2026-09-24T01:30:00Z,2112.25,1,1,-37.505,2026-09-24T01:30:05Z,2026-09-24T01:00:00Z,2129.9166666666665,1,1,105.91,2026-09-24T01:30:05Z,2026-09-24T01:00:00Z,2129.9166666666665,1,1,0.024,2026-09-24T01:00:37Z,,2159.383333333333,1,1,0.0,2026-09-24T01:00:37Z,,2159.383333333333,1,1,3437.2105,254.74650000000003,204.605,372.545,2026-08-31T23:00:00Z,35400.0,1,,,,,3901.1559999999995,,,,,1,1,1,1,1,1,0,0,0,0,0,0,0,0,0,1,1,1,1,1,1,1,1,1,1,1,1,1,1,1,1,1,1,0,0,0,0,0,0,0,0,0,0,0,0,0,0,0,0,0,0,1,1,1,1,1,1,1,1,1,0,0,0,0,0,0,0,0,0,0,0,0,0,0,1,0,0,0,0,0,0,0,0,0,0,0,0,0,0,0,0,0,0,0,0,0,0,0,0,0,0,0,0,0,0,0,1,0,0,0,1,0,1,1,1,1,0,1,1,1,1
2026-09-25T13:00:00Z,2026-09-25T14:00:00Z,60,,,,0,1,,,,0,1,5192.0,2026-09-24T01:50:10Z,2109.8333333333335,1,1,821.0,2026-09-24T01:50:10Z,2109.8333333333335,1,1,4371.0,2026-09-24T01:50:10Z,2109.8333333333335,1,1,,,,0,1,,,,0,1,,,,0,1,,,,0,1,,,,0,1,,,,0,1,500.0,2026-09-23T06:00:11Z,3299.8166666666666,1,1,530.0,2026-09-23T06:00:11Z,3299.8166666666666,1,1,513.0,2026-09-23T06:00:11Z,3299.8166666666666,1,1,500.0,2026-09-23T06:00:11Z,3299.8166666666666,1,1,500.0,2026-09-23T06:00:11Z,3299.8166666666666,1,1,504.0,2026-09-23T06:00:11Z,3299.8166666666666,1,1,,,,0,1,,,,0,1,,,,0,1,1930.8455,2026-09-24T00:13:43Z,2206.2833333333333,1,1,1930.8455,2026-09-24T00:13:40Z,2206.3333333333335,1,1,379.22450000000003,2026-09-24T00:13:40Z,2206.3333333333335,1,1,1551.621,2026-09-24T00:13:40Z,2206.3333333333335,1,1,3245.221,2026-09-24T01:00:36Z,,2159.4,1,1,-17.557,2026-09-24T01:47:45Z,2026-09-24T01:30:00Z,2112.25,1,1,97.77,2026-09-24T01:47:45Z,2026-09-24T01:30:00Z,2112.25,1,1,9799.771,2026-09-24T01:47:45Z,2026-09-24T01:30:00Z,2112.25,1,1,4254.922,2026-09-24T01:47:45Z,2026-09-24T01:30:00Z,2112.25,1,1,353.766,2026-09-24T01:47:45Z,2026-09-24T01:30:00Z,2112.25,1,1,-37.505,2026-09-24T01:30:05Z,2026-09-24T01:00:00Z,2129.9166666666665,1,1,105.91,2026-09-24T01:30:05Z,2026-09-24T01:00:00Z,2129.9166666666665,1,1,0.024,2026-09-24T01:00:37Z,,2159.383333333333,1,1,0.0,2026-09-24T01:00:37Z,,2159.383333333333,1,1,3437.2105,254.74650000000003,204.605,372.545,2026-08-31T23:00:00Z,35400.0,1,,,,,3901.1559999999995,,,,,1,1,1,1,1,1,0,0,0,0,0,0,0,0,0,1,1,1,1,1,1,1,1,1,1,1,1,1,1,1,1,1,1,0,0,0,0,0,0,0,0,0,0,0,0,0,0,0,0,0,0,1,1,1,1,1,1,1,1,1,0,0,0,0,0,0,0,0,0,0,0,0,0,0,1,0,0,0,0,0,0,0,0,0,0,0,0,0,0,0,0,0,0,0,0,0,0,0,0,0,0,0,0,0,0,0,1,0,0,0,1,0,1,1,1,1,0,1,1,1,1
2026-09-25T13:30:00Z,2026-09-25T14:00:00Z,30,,,,0,1,,,,0,1,5192.0,2026-09-24T01:50:10Z,2139.8333333333335,1,1,821.0,2026-09-24T01:50:10Z,2139.8333333333335,1,1,4371.0,2026-09-24T01:50:10Z,2139.8333333333335,1,1,,,,0,1,,,,0,1,,,,0,1,,,,0,1,,,,0,1,,,,0,1,500.0,2026-09-23T06:00:11Z,3329.8166666666666,1,1,530.0,2026-09-23T06:00:11Z,3329.8166666666666,1,1,513.0,2026-09-23T06:00:11Z,3329.8166666666666,1,1,500.0,2026-09-23T06:00:11Z,3329.8166666666666,1,1,500.0,2026-09-23T06:00:11Z,3329.8166666666666,1,1,504.0,2026-09-23T06:00:11Z,3329.8166666666666,1,1,,,,0,1,,,,0,1,,,,0,1,1930.8455,2026-09-24T00:13:43Z,2236.2833333333333,1,1,1930.8455,2026-09-24T00:13:40Z,2236.3333333333335,1,1,379.22450000000003,2026-09-24T00:13:40Z,2236.3333333333335,1,1,1551.621,2026-09-24T00:13:40Z,2236.3333333333335,1,1,3245.221,2026-09-24T01:00:36Z,,2189.4,1,1,-17.557,2026-09-24T01:47:45Z,2026-09-24T01:30:00Z,2142.25,1,1,97.77,2026-09-24T01:47:45Z,2026-09-24T01:30:00Z,2142.25,1,1,9799.771,2026-09-24T01:47:45Z,2026-09-24T01:30:00Z,2142.25,1,1,4254.922,2026-09-24T01:47:45Z,2026-09-24T01:30:00Z,2142.25,1,1,353.766,2026-09-24T01:47:45Z,2026-09-24T01:30:00Z,2142.25,1,1,-37.505,2026-09-24T01:30:05Z,2026-09-24T01:00:00Z,2159.9166666666665,1,1,105.91,2026-09-24T01:30:05Z,2026-09-24T01:00:00Z,2159.9166666666665,1,1,0.024,2026-09-24T01:00:37Z,,2189.383333333333,1,1,0.0,2026-09-24T01:00:37Z,,2189.383333333333,1,1,3437.2105,254.74650000000003,204.605,372.545,2026-08-31T23:00:00Z,35430.0,1,,,,,3901.1559999999995,,,,,1,1,1,1,1,1,0,0,0,0,0,0,0,0,0,1,1,1,1,1,1,1,1,1,1,1,1,1,1,1,1,1,1,0,0,0,0,0,0,0,0,0,0,0,0,0,0,0,0,0,0,1,1,1,1,1,1,1,1,1,0,0,0,0,0,0,0,0,0,0,0,0,0,0,1,0,0,0,0,0,0,0,0,0,0,0,0,0,0,0,0,0,0,0,0,0,0,0,0,0,0,0,0,0,0,0,1,0,0,0,1,0,1,1,1,1,0,1,1,1,1
2026-09-25T13:30:00Z,2026-09-25T14:30:00Z,60,,,,0,1,,,,0,1,5416.0,2026-09-24T01:50:10Z,2139.8333333333335,1,1,822.0,2026-09-24T01:50:10Z,2139.8333333333335,1,1,4594.0,2026-09-24T01:50:10Z,2139.8333333333335,1,1,,,,0,1,,,,0,1,,,,0,1,,,,0,1,,,,0,1,,,,0,1,500.0,2026-09-23T06:00:11Z,3329.8166666666666,1,1,530.0,2026-09-23T06:00:11Z,3329.8166666666666,1,1,513.0,2026-09-23T06:00:11Z,3329.8166666666666,1,1,500.0,2026-09-23T06:00:11Z,3329.8166666666666,1,1,500.0,2026-09-23T06:00:11Z,3329.8166666666666,1,1,504.0,2026-09-23T06:00:11Z,3329.8166666666666,1,1,,,,0,1,,,,0,1,,,,0,1,2013.8809999999999,2026-09-24T00:13:43Z,2236.2833333333333,1,1,2013.8809999999999,2026-09-24T00:13:40Z,2236.3333333333335,1,1,394.743,2026-09-24T00:13:40Z,2236.3333333333335,1,1,1619.138,2026-09-24T00:13:40Z,2236.3333333333335,1,1,3245.221,2026-09-24T01:00:36Z,,2189.4,1,1,-17.557,2026-09-24T01:47:45Z,2026-09-24T01:30:00Z,2142.25,1,1,97.77,2026-09-24T01:47:45Z,2026-09-24T01:30:00Z,2142.25,1,1,9799.771,2026-09-24T01:47:45Z,2026-09-24T01:30:00Z,2142.25,1,1,4254.922,2026-09-24T01:47:45Z,2026-09-24T01:30:00Z,2142.25,1,1,353.766,2026-09-24T01:47:45Z,2026-09-24T01:30:00Z,2142.25,1,1,-37.505,2026-09-24T01:30:05Z,2026-09-24T01:00:00Z,2159.9166666666665,1,1,105.91,2026-09-24T01:30:05Z,2026-09-24T01:00:00Z,2159.9166666666665,1,1,0.024,2026-09-24T01:00:37Z,,2189.383333333333,1,1,0.0,2026-09-24T01:00:37Z,,2189.383333333333,1,1,3437.2105,254.74650000000003,204.605,372.545,2026-08-31T23:00:00Z,35430.0,1,,,,,3901.1559999999995,,,,,1,1,1,1,1,1,0,0,0,0,0,0,0,0,0,1,1,1,1,1,1,1,1,1,1,1,1,1,1,1,1,1,1,0,0,0,0,0,0,0,0,0,0,0,0,0,0,0,0,0,0,1,1,1,1,1,1,1,1,1,0,0,0,0,0,0,0,0,0,0,0,0,0,0,1,0,0,0,0,0,0,0,0,0,0,0,0,0,0,0,0,0,0,0,0,0,0,0,0,0,0,0,0,0,0,0,1,0,0,0,1,0,1,1,1,1,0,1,1,1,1
2026-09-25T14:00:00Z,2026-09-25T14:30:00Z,30,,,,0,1,,,,0,1,5416.0,2026-09-24T01:50:10Z,2169.8333333333335,1,1,822.0,2026-09-24T01:50:10Z,2169.8333333333335,1,1,4594.0,2026-09-24T01:50:10Z,2169.8333333333335,1,1,,,,0,1,,,,0,1,,,,0,1,,,,0,1,,,,0,1,,,,0,1,500.0,2026-09-23T06:00:11Z,3359.8166666666666,1,1,530.0,2026-09-23T06:00:11Z,3359.8166666666666,1,1,513.0,2026-09-23T06:00:11Z,3359.8166666666666,1,1,500.0,2026-09-23T06:00:11Z,3359.8166666666666,1,1,500.0,2026-09-23T06:00:11Z,3359.8166666666666,1,1,504.0,2026-09-23T06:00:11Z,3359.8166666666666,1,1,,,,0,1,,,,0,1,,,,0,1,2013.8809999999999,2026-09-24T00:13:43Z,2266.2833333333333,1,1,2013.8809999999999,2026-09-24T00:13:40Z,2266.3333333333335,1,1,394.743,2026-09-24T00:13:40Z,2266.3333333333335,1,1,1619.138,2026-09-24T00:13:40Z,2266.3333333333335,1,1,3245.221,2026-09-24T01:00:36Z,,2219.4,1,1,-17.557,2026-09-24T01:47:45Z,2026-09-24T01:30:00Z,2172.25,1,1,97.77,2026-09-24T01:47:45Z,2026-09-24T01:30:00Z,2172.25,1,1,9799.771,2026-09-24T01:47:45Z,2026-09-24T01:30:00Z,2172.25,1,1,4254.922,2026-09-24T01:47:45Z,2026-09-24T01:30:00Z,2172.25,1,1,353.766,2026-09-24T01:47:45Z,2026-09-24T01:30:00Z,2172.25,1,1,-37.505,2026-09-24T01:30:05Z,2026-09-24T01:00:00Z,2189.9166666666665,1,1,105.91,2026-09-24T01:30:05Z,2026-09-24T01:00:00Z,2189.9166666666665,1,1,0.024,2026-09-24T01:00:37Z,,2219.383333333333,1,1,0.0,2026-09-24T01:00:37Z,,2219.383333333333,1,1,3437.2105,254.74650000000003,204.605,372.545,2026-08-31T23:00:00Z,35460.0,1,,,,,3901.1559999999995,,,,,1,1,1,1,1,1,0,0,0,0,0,0,0,0,0,1,1,1,1,1,1,1,1,1,1,1,1,1,1,1,1,1,1,0,0,0,0,0,0,0,0,0,0,0,0,0,0,0,0,0,0,1,1,1,1,1,1,1,1,1,0,0,0,0,0,0,0,0,0,0,0,0,0,0,1,0,0,0,0,0,0,0,0,0,0,0,0,0,0,0,0,0,0,0,0,0,0,0,0,0,0,0,0,0,0,0,1,0,0,0,1,0,1,1,1,1,0,1,1,1,1
2026-09-25T14:00:00Z,2026-09-25T15:00:00Z,60,,,,0,1,,,,0,1,5549.0,2026-09-24T01:50:10Z,2169.8333333333335,1,1,820.0,2026-09-24T01:50:10Z,2169.8333333333335,1,1,4729.0,2026-09-24T01:50:10Z,2169.8333333333335,1,1,,,,0,1,,,,0,1,,,,0,1,,,,0,1,,,,0,1,,,,0,1,500.0,2026-09-23T06:00:11Z,3359.8166666666666,1,1,530.0,2026-09-23T06:00:11Z,3359.8166666666666,1,1,513.0,2026-09-23T06:00:11Z,3359.8166666666666,1,1,500.0,2026-09-23T06:00:11Z,3359.8166666666666,1,1,500.0,2026-09-23T06:00:11Z,3359.8166666666666,1,1,504.0,2026-09-23T06:00:11Z,3359.8166666666666,1,1,,,,0,1,,,,0,1,,,,0,1,2086.906,2026-09-24T00:13:43Z,2266.2833333333333,1,1,2086.906,2026-09-24T00:13:40Z,2266.3333333333335,1,1,409.0835,2026-09-24T00:13:40Z,2266.3333333333335,1,1,1677.8225,2026-09-24T00:13:40Z,2266.3333333333335,1,1,3245.221,2026-09-24T01:00:36Z,,2219.4,1,1,-17.557,2026-09-24T01:47:45Z,2026-09-24T01:30:00Z,2172.25,1,1,97.77,2026-09-24T01:47:45Z,2026-09-24T01:30:00Z,2172.25,1,1,9799.771,2026-09-24T01:47:45Z,2026-09-24T01:30:00Z,2172.25,1,1,4254.922,2026-09-24T01:47:45Z,2026-09-24T01:30:00Z,2172.25,1,1,353.766,2026-09-24T01:47:45Z,2026-09-24T01:30:00Z,2172.25,1,1,-37.505,2026-09-24T01:30:05Z,2026-09-24T01:00:00Z,2189.9166666666665,1,1,105.91,2026-09-24T01:30:05Z,2026-09-24T01:00:00Z,2189.9166666666665,1,1,0.024,2026-09-24T01:00:37Z,,2219.383333333333,1,1,0.0,2026-09-24T01:00:37Z,,2219.383333333333,1,1,3437.2105,254.74650000000003,204.605,372.545,2026-08-31T23:00:00Z,35460.0,1,,,,,3901.1559999999995,,,,,1,1,1,1,1,1,0,0,0,0,0,0,0,0,0,1,1,1,1,1,1,1,1,1,1,1,1,1,1,1,1,1,1,0,0,0,0,0,0,0,0,0,0,0,0,0,0,0,0,0,0,1,1,1,1,1,1,1,1,1,0,0,0,0,0,0,0,0,0,0,0,0,0,0,1,0,0,0,0,0,0,0,0,0,0,0,0,0,0,0,0,0,0,0,0,0,0,0,0,0,0,0,0,0,0,0,1,0,0,0,1,0,1,1,1,1,0,1,1,1,1
2026-09-25T14:30:00Z,2026-09-25T15:00:00Z,30,,,,0,1,,,,0,1,5549.0,2026-09-24T01:50:10Z,2199.8333333333335,1,1,820.0,2026-09-24T01:50:10Z,2199.8333333333335,1,1,4729.0,2026-09-24T01:50:10Z,2199.8333333333335,1,1,,,,0,1,,,,0,1,,,,0,1,,,,0,1,,,,0,1,,,,0,1,500.0,2026-09-23T06:00:11Z,3389.8166666666666,1,1,530.0,2026-09-23T06:00:11Z,3389.8166666666666,1,1,513.0,2026-09-23T06:00:11Z,3389.8166666666666,1,1,500.0,2026-09-23T06:00:11Z,3389.8166666666666,1,1,500.0,2026-09-23T06:00:11Z,3389.8166666666666,1,1,504.0,2026-09-23T06:00:11Z,3389.8166666666666,1,1,,,,0,1,,,,0,1,,,,0,1,2086.906,2026-09-24T00:13:43Z,2296.2833333333333,1,1,2086.906,2026-09-24T00:13:40Z,2296.3333333333335,1,1,409.0835,2026-09-24T00:13:40Z,2296.3333333333335,1,1,1677.8225,2026-09-24T00:13:40Z,2296.3333333333335,1,1,3245.221,2026-09-24T01:00:36Z,,2249.4,1,1,-17.557,2026-09-24T01:47:45Z,2026-09-24T01:30:00Z,2202.25,1,1,97.77,2026-09-24T01:47:45Z,2026-09-24T01:30:00Z,2202.25,1,1,9799.771,2026-09-24T01:47:45Z,2026-09-24T01:30:00Z,2202.25,1,1,4254.922,2026-09-24T01:47:45Z,2026-09-24T01:30:00Z,2202.25,1,1,353.766,2026-09-24T01:47:45Z,2026-09-24T01:30:00Z,2202.25,1,1,-37.505,2026-09-24T01:30:05Z,2026-09-24T01:00:00Z,2219.9166666666665,1,1,105.91,2026-09-24T01:30:05Z,2026-09-24T01:00:00Z,2219.9166666666665,1,1,0.024,2026-09-24T01:00:37Z,,2249.383333333333,1,1,0.0,2026-09-24T01:00:37Z,,2249.383333333333,1,1,3437.2105,254.74650000000003,204.605,372.545,2026-08-31T23:00:00Z,35490.0,1,,,,,3901.1559999999995,,,,,1,1,1,1,1,1,0,0,0,0,0,0,0,0,0,1,1,1,1,1,1,1,1,1,1,1,1,1,1,1,1,1,1,0,0,0,0,0,0,0,0,0,0,0,0,0,0,0,0,0,0,1,1,1,1,1,1,1,1,1,0,0,0,0,0,0,0,0,0,0,0,0,0,0,1,0,0,0,0,0,0,0,0,0,0,0,0,0,0,0,0,0,0,0,0,0,0,0,0,0,0,0,0,0,0,0,1,0,0,0,1,0,1,1,1,1,0,1,1,1,1
2026-09-25T14:30:00Z,2026-09-25T15:30:00Z,60,,,,0,1,,,,0,1,5638.0,2026-09-24T01:50:10Z,2199.8333333333335,1,1,858.0,2026-09-24T01:50:10Z,2199.8333333333335,1,1,4780.0,2026-09-24T01:50:10Z,2199.8333333333335,1,1,,,,0,1,,,,0,1,,,,0,1,,,,0,1,,,,0,1,,,,0,1,500.0,2026-09-23T06:00:11Z,3389.8166666666666,1,1,530.0,2026-09-23T06:00:11Z,3389.8166666666666,1,1,513.0,2026-09-23T06:00:11Z,3389.8166666666666,1,1,500.0,2026-09-23T06:00:11Z,3389.8166666666666,1,1,500.0,2026-09-23T06:00:11Z,3389.8166666666666,1,1,504.0,2026-09-23T06:00:11Z,3389.8166666666666,1,1,,,,0,1,,,,0,1,,,,0,1,2129.9445,2026-09-24T00:13:43Z,2296.2833333333333,1,1,2129.9445,2026-09-24T00:13:40Z,2296.3333333333335,1,1,419.915,2026-09-24T00:13:40Z,2296.3333333333335,1,1,1710.0295,2026-09-24T00:13:40Z,2296.3333333333335,1,1,3245.221,2026-09-24T01:00:36Z,,2249.4,1,1,-17.557,2026-09-24T01:47:45Z,2026-09-24T01:30:00Z,2202.25,1,1,97.77,2026-09-24T01:47:45Z,2026-09-24T01:30:00Z,2202.25,1,1,9799.771,2026-09-24T01:47:45Z,2026-09-24T01:30:00Z,2202.25,1,1,4254.922,2026-09-24T01:47:45Z,2026-09-24T01:30:00Z,2202.25,1,1,353.766,2026-09-24T01:47:45Z,2026-09-24T01:30:00Z,2202.25,1,1,-37.505,2026-09-24T01:30:05Z,2026-09-24T01:00:00Z,2219.9166666666665,1,1,105.91,2026-09-24T01:30:05Z,2026-09-24T01:00:00Z,2219.9166666666665,1,1,0.024,2026-09-24T01:00:37Z,,2249.383333333333,1,1,0.0,2026-09-24T01:00:37Z,,2249.383333333333,1,1,3437.2105,254.74650000000003,204.605,372.545,2026-08-31T23:00:00Z,35490.0,1,,,,,3901.1559999999995,,,,,1,1,1,1,1,1,0,0,0,0,0,0,0,0,0,1,1,1,1,1,1,1,1,1,1,1,1,1,1,1,1,1,1,0,0,0,0,0,0,0,0,0,0,0,0,0,0,0,0,0,0,1,1,1,1,1,1,1,1,1,0,0,0,0,0,0,0,0,0,0,0,0,0,0,1,0,0,0,0,0,0,0,0,0,0,0,0,0,0,0,0,0,0,0,0,0,0,0,0,0,0,0,0,0,0,0,1,0,0,0,1,0,1,1,1,1,0,1,1,1,1
2026-09-25T15:00:00Z,2026-09-25T15:30:00Z,30,,,,0,1,,,,0,1,5638.0,2026-09-24T01:50:10Z,2229.8333333333335,1,1,858.0,2026-09-24T01:50:10Z,2229.8333333333335,1,1,4780.0,2026-09-24T01:50:10Z,2229.8333333333335,1,1,,,,0,1,,,,0,1,,,,0,1,,,,0,1,,,,0,1,,,,0,1,500.0,2026-09-23T06:00:11Z,3419.8166666666666,1,1,530.0,2026-09-23T06:00:11Z,3419.8166666666666,1,1,513.0,2026-09-23T06:00:11Z,3419.8166666666666,1,1,500.0,2026-09-23T06:00:11Z,3419.8166666666666,1,1,500.0,2026-09-23T06:00:11Z,3419.8166666666666,1,1,504.0,2026-09-23T06:00:11Z,3419.8166666666666,1,1,,,,0,1,,,,0,1,,,,0,1,2129.9445,2026-09-24T00:13:43Z,2326.2833333333333,1,1,2129.9445,2026-09-24T00:13:40Z,2326.3333333333335,1,1,419.915,2026-09-24T00:13:40Z,2326.3333333333335,1,1,1710.0295,2026-09-24T00:13:40Z,2326.3333333333335,1,1,3245.221,2026-09-24T01:00:36Z,,2279.4,1,1,-17.557,2026-09-24T01:47:45Z,2026-09-24T01:30:00Z,2232.25,1,1,97.77,2026-09-24T01:47:45Z,2026-09-24T01:30:00Z,2232.25,1,1,9799.771,2026-09-24T01:47:45Z,2026-09-24T01:30:00Z,2232.25,1,1,4254.922,2026-09-24T01:47:45Z,2026-09-24T01:30:00Z,2232.25,1,1,353.766,2026-09-24T01:47:45Z,2026-09-24T01:30:00Z,2232.25,1,1,-37.505,2026-09-24T01:30:05Z,2026-09-24T01:00:00Z,2249.9166666666665,1,1,105.91,2026-09-24T01:30:05Z,2026-09-24T01:00:00Z,2249.9166666666665,1,1,0.024,2026-09-24T01:00:37Z,,2279.383333333333,1,1,0.0,2026-09-24T01:00:37Z,,2279.383333333333,1,1,3437.2105,254.74650000000003,204.605,372.545,2026-08-31T23:00:00Z,35520.0,1,,,,,3901.1559999999995,,,,,1,1,1,1,1,1,0,0,0,0,0,0,0,0,0,1,1,1,1,1,1,1,1,1,1,1,1,1,1,1,1,1,1,0,0,0,0,0,0,0,0,0,0,0,0,0,0,0,0,0,0,1,1,1,1,1,1,1,1,1,0,0,0,0,0,0,0,0,0,0,0,0,0,0,1,0,0,0,0,0,0,0,0,0,0,0,0,0,0,0,0,0,0,0,0,0,0,0,0,0,0,0,0,0,0,0,1,0,0,0,1,0,1,1,1,1,0,1,1,1,1
2026-09-25T15:00:00Z,2026-09-25T16:00:00Z,60,,,,0,1,,,,0,1,5909.0,2026-09-24T01:50:10Z,2229.8333333333335,1,1,877.0,2026-09-24T01:50:10Z,2229.8333333333335,1,1,5032.0,2026-09-24T01:50:10Z,2229.8333333333335,1,1,,,,0,1,,,,0,1,,,,0,1,,,,0,1,,,,0,1,,,,0,1,500.0,2026-09-23T06:00:11Z,3419.8166666666666,1,1,530.0,2026-09-23T06:00:11Z,3419.8166666666666,1,1,513.0,2026-09-23T06:00:11Z,3419.8166666666666,1,1,500.0,2026-09-23T06:00:11Z,3419.8166666666666,1,1,500.0,2026-09-23T06:00:11Z,3419.8166666666666,1,1,504.0,2026-09-23T06:00:11Z,3419.8166666666666,1,1,,,,0,1,,,,0,1,,,,0,1,2165.0375,2026-09-24T00:13:43Z,2326.2833333333333,1,1,2165.0375,2026-09-24T00:13:40Z,2326.3333333333335,1,1,428.9725,2026-09-24T00:13:40Z,2326.3333333333335,1,1,1736.065,2026-09-24T00:13:40Z,2326.3333333333335,1,1,3245.221,2026-09-24T01:00:36Z,,2279.4,1,1,-17.557,2026-09-24T01:47:45Z,2026-09-24T01:30:00Z,2232.25,1,1,97.77,2026-09-24T01:47:45Z,2026-09-24T01:30:00Z,2232.25,1,1,9799.771,2026-09-24T01:47:45Z,2026-09-24T01:30:00Z,2232.25,1,1,4254.922,2026-09-24T01:47:45Z,2026-09-24T01:30:00Z,2232.25,1,1,353.766,2026-09-24T01:47:45Z,2026-09-24T01:30:00Z,2232.25,1,1,-37.505,2026-09-24T01:30:05Z,2026-09-24T01:00:00Z,2249.9166666666665,1,1,105.91,2026-09-24T01:30:05Z,2026-09-24T01:00:00Z,2249.9166666666665,1,1,0.024,2026-09-24T01:00:37Z,,2279.383333333333,1,1,0.0,2026-09-24T01:00:37Z,,2279.383333333333,1,1,3437.2105,254.74650000000003,204.605,372.545,2026-08-31T23:00:00Z,35520.0,1,,,,,3901.1559999999995,,,,,1,1,1,1,1,1,0,0,0,0,0,0,0,0,0,1,1,1,1,1,1,1,1,1,1,1,1,1,1,1,1,1,1,0,0,0,0,0,0,0,0,0,0,0,0,0,0,0,0,0,0,1,1,1,1,1,1,1,1,1,0,0,0,0,0,0,0,0,0,0,0,0,0,0,1,0,0,0,0,0,0,0,0,0,0,0,0,0,0,0,0,0,0,0,0,0,0,0,0,0,0,0,0,0,0,0,1,0,0,0,1,0,1,1,1,1,0,1,1,1,1
2026-09-25T15:30:00Z,2026-09-25T16:00:00Z,30,,,,0,1,,,,0,1,5909.0,2026-09-24T01:50:10Z,2259.8333333333335,1,1,877.0,2026-09-24T01:50:10Z,2259.8333333333335,1,1,5032.0,2026-09-24T01:50:10Z,2259.8333333333335,1,1,,,,0,1,,,,0,1,,,,0,1,,,,0,1,,,,0,1,,,,0,1,500.0,2026-09-23T06:00:11Z,3449.8166666666666,1,1,530.0,2026-09-23T06:00:11Z,3449.8166666666666,1,1,513.0,2026-09-23T06:00:11Z,3449.8166666666666,1,1,500.0,2026-09-23T06:00:11Z,3449.8166666666666,1,1,500.0,2026-09-23T06:00:11Z,3449.8166666666666,1,1,504.0,2026-09-23T06:00:11Z,3449.8166666666666,1,1,,,,0,1,,,,0,1,,,,0,1,2165.0375,2026-09-24T00:13:43Z,2356.2833333333333,1,1,2165.0375,2026-09-24T00:13:40Z,2356.3333333333335,1,1,428.9725,2026-09-24T00:13:40Z,2356.3333333333335,1,1,1736.065,2026-09-24T00:13:40Z,2356.3333333333335,1,1,3245.221,2026-09-24T01:00:36Z,,2309.4,1,1,-17.557,2026-09-24T01:47:45Z,2026-09-24T01:30:00Z,2262.25,1,1,97.77,2026-09-24T01:47:45Z,2026-09-24T01:30:00Z,2262.25,1,1,9799.771,2026-09-24T01:47:45Z,2026-09-24T01:30:00Z,2262.25,1,1,4254.922,2026-09-24T01:47:45Z,2026-09-24T01:30:00Z,2262.25,1,1,353.766,2026-09-24T01:47:45Z,2026-09-24T01:30:00Z,2262.25,1,1,-37.505,2026-09-24T01:30:05Z,2026-09-24T01:00:00Z,2279.9166666666665,1,1,105.91,2026-09-24T01:30:05Z,2026-09-24T01:00:00Z,2279.9166666666665,1,1,0.024,2026-09-24T01:00:37Z,,2309.383333333333,1,1,0.0,2026-09-24T01:00:37Z,,2309.383333333333,1,1,3437.2105,254.74650000000003,204.605,372.545,2026-08-31T23:00:00Z,35550.0,1,,,,,3901.1559999999995,,,,,1,1,1,1,1,1,0,0,0,0,0,0,0,0,0,1,1,1,1,1,1,1,1,1,1,1,1,1,1,1,1,1,1,0,0,0,0,0,0,0,0,0,0,0,0,0,0,0,0,0,0,1,1,1,1,1,1,1,1,1,0,0,0,0,0,0,0,0,0,0,0,0,0,0,1,0,0,0,0,0,0,0,0,0,0,0,0,0,0,0,0,0,0,0,0,0,0,0,0,0,0,0,0,0,0,0,1,0,0,0,1,0,1,1,1,1,0,1,1,1,1
2026-09-25T15:30:00Z,2026-09-25T16:30:00Z,60,,,,0,1,,,,0,1,6016.0,2026-09-24T01:50:10Z,2259.8333333333335,1,1,908.0,2026-09-24T01:50:10Z,2259.8333333333335,1,1,5108.0,2026-09-24T01:50:10Z,2259.8333333333335,1,1,,,,0,1,,,,0,1,,,,0,1,,,,0,1,,,,0,1,,,,0,1,500.0,2026-09-23T06:00:11Z,3449.8166666666666,1,1,530.0,2026-09-23T06:00:11Z,3449.8166666666666,1,1,513.0,2026-09-23T06:00:11Z,3449.8166666666666,1,1,500.0,2026-09-23T06:00:11Z,3449.8166666666666,1,1,500.0,2026-09-23T06:00:11Z,3449.8166666666666,1,1,504.0,2026-09-23T06:00:11Z,3449.8166666666666,1,1,,,,0,1,,,,0,1,,,,0,1,2176.319,2026-09-24T00:13:43Z,2356.2833333333333,1,1,2176.319,2026-09-24T00:13:40Z,2356.3333333333335,1,1,432.7185,2026-09-24T00:13:40Z,2356.3333333333335,1,1,1743.6005,2026-09-24T00:13:40Z,2356.3333333333335,1,1,3245.221,2026-09-24T01:00:36Z,,2309.4,1,1,-17.557,2026-09-24T01:47:45Z,2026-09-24T01:30:00Z,2262.25,1,1,97.77,2026-09-24T01:47:45Z,2026-09-24T01:30:00Z,2262.25,1,1,9799.771,2026-09-24T01:47:45Z,2026-09-24T01:30:00Z,2262.25,1,1,4254.922,2026-09-24T01:47:45Z,2026-09-24T01:30:00Z,2262.25,1,1,353.766,2026-09-24T01:47:45Z,2026-09-24T01:30:00Z,2262.25,1,1,-37.505,2026-09-24T01:30:05Z,2026-09-24T01:00:00Z,2279.9166666666665,1,1,105.91,2026-09-24T01:30:05Z,2026-09-24T01:00:00Z,2279.9166666666665,1,1,0.024,2026-09-24T01:00:37Z,,2309.383333333333,1,1,0.0,2026-09-24T01:00:37Z,,2309.383333333333,1,1,3437.2105,254.74650000000003,204.605,372.545,2026-08-31T23:00:00Z,35550.0,1,,,,,3901.1559999999995,,,,,1,1,1,1,1,1,0,0,0,0,0,0,0,0,0,1,1,1,1,1,1,1,1,1,1,1,1,1,1,1,1,1,1,0,0,0,0,0,0,0,0,0,0,0,0,0,0,0,0,0,0,1,1,1,1,1,1,1,1,1,0,0,0,0,0,0,0,0,0,0,0,0,0,0,1,0,0,0,0,0,0,0,0,0,0,0,0,0,0,0,0,0,0,0,0,0,0,0,0,0,0,0,0,0,0,0,1,0,0,0,1,0,1,1,1,1,0,1,1,1,1
2026-09-25T16:00:00Z,2026-09-25T16:30:00Z,30,,,,0,1,,,,0,1,6016.0,2026-09-24T01:50:10Z,2289.8333333333335,1,1,908.0,2026-09-24T01:50:10Z,2289.8333333333335,1,1,5108.0,2026-09-24T01:50:10Z,2289.8333333333335,1,1,,,,0,1,,,,0,1,,,,0,1,,,,0,1,,,,0,1,,,,0,1,500.0,2026-09-23T06:00:11Z,3479.8166666666666,1,1,530.0,2026-09-23T06:00:11Z,3479.8166666666666,1,1,513.0,2026-09-23T06:00:11Z,3479.8166666666666,1,1,500.0,2026-09-23T06:00:11Z,3479.8166666666666,1,1,500.0,2026-09-23T06:00:11Z,3479.8166666666666,1,1,504.0,2026-09-23T06:00:11Z,3479.8166666666666,1,1,,,,0,1,,,,0,1,,,,0,1,2176.319,2026-09-24T00:13:43Z,2386.2833333333333,1,1,2176.319,2026-09-24T00:13:40Z,2386.3333333333335,1,1,432.7185,2026-09-24T00:13:40Z,2386.3333333333335,1,1,1743.6005,2026-09-24T00:13:40Z,2386.3333333333335,1,1,3245.221,2026-09-24T01:00:36Z,,2339.4,1,1,-17.557,2026-09-24T01:47:45Z,2026-09-24T01:30:00Z,2292.25,1,1,97.77,2026-09-24T01:47:45Z,2026-09-24T01:30:00Z,2292.25,1,1,9799.771,2026-09-24T01:47:45Z,2026-09-24T01:30:00Z,2292.25,1,1,4254.922,2026-09-24T01:47:45Z,2026-09-24T01:30:00Z,2292.25,1,1,353.766,2026-09-24T01:47:45Z,2026-09-24T01:30:00Z,2292.25,1,1,-37.505,2026-09-24T01:30:05Z,2026-09-24T01:00:00Z,2309.9166666666665,1,1,105.91,2026-09-24T01:30:05Z,2026-09-24T01:00:00Z,2309.9166666666665,1,1,0.024,2026-09-24T01:00:37Z,,2339.383333333333,1,1,0.0,2026-09-24T01:00:37Z,,2339.383333333333,1,1,3437.2105,254.74650000000003,204.605,372.545,2026-08-31T23:00:00Z,35580.0,1,,,,,3901.1559999999995,,,,,1,1,1,1,1,1,0,0,0,0,0,0,0,0,0,1,1,1,1,1,1,1,1,1,1,1,1,1,1,1,1,1,1,0,0,0,0,0,0,0,0,0,0,0,0,0,0,0,0,0,0,1,1,1,1,1,1,1,1,1,0,0,0,0,0,0,0,0,0,0,0,0,0,0,1,0,0,0,0,0,0,0,0,0,0,0,0,0,0,0,0,0,0,0,0,0,0,0,0,0,0,0,0,0,0,0,1,0,0,0,1,0,1,1,1,1,0,1,1,1,1
2026-09-25T16:00:00Z,2026-09-25T17:00:00Z,60,,,,0,1,,,,0,1,5797.0,2026-09-24T01:50:10Z,2289.8333333333335,1,1,924.0,2026-09-24T01:50:10Z,2289.8333333333335,1,1,4873.0,2026-09-24T01:50:10Z,2289.8333333333335,1,1,,,,0,1,,,,0,1,,,,0,1,,,,0,1,,,,0,1,,,,0,1,500.0,2026-09-23T06:00:11Z,3479.8166666666666,1,1,530.0,2026-09-23T06:00:11Z,3479.8166666666666,1,1,513.0,2026-09-23T06:00:11Z,3479.8166666666666,1,1,500.0,2026-09-23T06:00:11Z,3479.8166666666666,1,1,500.0,2026-09-23T06:00:11Z,3479.8166666666666,1,1,504.0,2026-09-23T06:00:11Z,3479.8166666666666,1,1,,,,0,1,,,,0,1,,,,0,1,2192.1800000000003,2026-09-24T00:13:43Z,2386.2833333333333,1,1,2192.1800000000003,2026-09-24T00:13:40Z,2386.3333333333335,1,1,439.2355,2026-09-24T00:13:40Z,2386.3333333333335,1,1,1752.9445,2026-09-24T00:13:40Z,2386.3333333333335,1,1,3245.221,2026-09-24T01:00:36Z,,2339.4,1,1,-17.557,2026-09-24T01:47:45Z,2026-09-24T01:30:00Z,2292.25,1,1,97.77,2026-09-24T01:47:45Z,2026-09-24T01:30:00Z,2292.25,1,1,9799.771,2026-09-24T01:47:45Z,2026-09-24T01:30:00Z,2292.25,1,1,4254.922,2026-09-24T01:47:45Z,2026-09-24T01:30:00Z,2292.25,1,1,353.766,2026-09-24T01:47:45Z,2026-09-24T01:30:00Z,2292.25,1,1,-37.505,2026-09-24T01:30:05Z,2026-09-24T01:00:00Z,2309.9166666666665,1,1,105.91,2026-09-24T01:30:05Z,2026-09-24T01:00:00Z,2309.9166666666665,1,1,0.024,2026-09-24T01:00:37Z,,2339.383333333333,1,1,0.0,2026-09-24T01:00:37Z,,2339.383333333333,1,1,3437.2105,254.74650000000003,204.605,372.545,2026-08-31T23:00:00Z,35580.0,1,,,,,3901.1559999999995,,,,,1,1,1,1,1,1,0,0,0,0,0,0,0,0,0,1,1,1,1,1,1,1,1,1,1,1,1,1,1,1,1,1,1,0,0,0,0,0,0,0,0,0,0,0,0,0,0,0,0,0,0,1,1,1,1,1,1,1,1,1,0,0,0,0,0,0,0,0,0,0,0,0,0,0,1,0,0,0,0,0,0,0,0,0,0,0,0,0,0,0,0,0,0,0,0,0,0,0,0,0,0,0,0,0,0,0,1,0,0,0,1,0,1,1,1,1,0,1,1,1,1
2026-09-25T16:30:00Z,2026-09-25T17:00:00Z,30,,,,0,1,,,,0,1,5797.0,2026-09-24T01:50:10Z,2319.8333333333335,1,1,924.0,2026-09-24T01:50:10Z,2319.8333333333335,1,1,4873.0,2026-09-24T01:50:10Z,2319.8333333333335,1,1,,,,0,1,,,,0,1,,,,0,1,,,,0,1,,,,0,1,,,,0,1,500.0,2026-09-23T06:00:11Z,3509.8166666666666,1,1,530.0,2026-09-23T06:00:11Z,3509.8166666666666,1,1,513.0,2026-09-23T06:00:11Z,3509.8166666666666,1,1,500.0,2026-09-23T06:00:11Z,3509.8166666666666,1,1,500.0,2026-09-23T06:00:11Z,3509.8166666666666,1,1,504.0,2026-09-23T06:00:11Z,3509.8166666666666,1,1,,,,0,1,,,,0,1,,,,0,1,2192.1800000000003,2026-09-24T00:13:43Z,2416.2833333333333,1,1,2192.1800000000003,2026-09-24T00:13:40Z,2416.3333333333335,1,1,439.2355,2026-09-24T00:13:40Z,2416.3333333333335,1,1,1752.9445,2026-09-24T00:13:40Z,2416.3333333333335,1,1,3245.221,2026-09-24T01:00:36Z,,2369.4,1,1,-17.557,2026-09-24T01:47:45Z,2026-09-24T01:30:00Z,2322.25,1,1,97.77,2026-09-24T01:47:45Z,2026-09-24T01:30:00Z,2322.25,1,1,9799.771,2026-09-24T01:47:45Z,2026-09-24T01:30:00Z,2322.25,1,1,4254.922,2026-09-24T01:47:45Z,2026-09-24T01:30:00Z,2322.25,1,1,353.766,2026-09-24T01:47:45Z,2026-09-24T01:30:00Z,2322.25,1,1,-37.505,2026-09-24T01:30:05Z,2026-09-24T01:00:00Z,2339.9166666666665,1,1,105.91,2026-09-24T01:30:05Z,2026-09-24T01:00:00Z,2339.9166666666665,1,1,0.024,2026-09-24T01:00:37Z,,2369.383333333333,1,1,0.0,2026-09-24T01:00:37Z,,2369.383333333333,1,1,3437.2105,254.74650000000003,204.605,372.545,2026-08-31T23:00:00Z,35610.0,1,,,,,3901.1559999999995,,,,,1,1,1,1,1,1,0,0,0,0,0,0,0,0,0,1,1,1,1,1,1,1,1,1,1,1,1,1,1,1,1,1,1,0,0,0,0,0,0,0,0,0,0,0,0,0,0,0,0,0,0,1,1,1,1,1,1,1,1,1,0,0,0,0,0,0,0,0,0,0,0,0,0,0,1,0,0,0,0,0,0,0,0,0,0,0,0,0,0,0,0,0,0,0,0,0,0,0,0,0,0,0,0,0,0,0,1,0,0,0,1,0,1,1,1,1,0,1,1,1,1
2026-09-25T16:30:00Z,2026-09-25T17:30:00Z,60,,,,0,1,,,,0,1,6102.0,2026-09-24T01:50:10Z,2319.8333333333335,1,1,920.0,2026-09-24T01:50:10Z,2319.8333333333335,1,1,5182.0,2026-09-24T01:50:10Z,2319.8333333333335,1,1,,,,0,1,,,,0,1,,,,0,1,,,,0,1,,,,0,1,,,,0,1,500.0,2026-09-23T06:00:11Z,3509.8166666666666,1,1,530.0,2026-09-23T06:00:11Z,3509.8166666666666,1,1,513.0,2026-09-23T06:00:11Z,3509.8166666666666,1,1,500.0,2026-09-23T06:00:11Z,3509.8166666666666,1,1,500.0,2026-09-23T06:00:11Z,3509.8166666666666,1,1,504.0,2026-09-23T06:00:11Z,3509.8166666666666,1,1,,,,0,1,,,,0,1,,,,0,1,2221.8329999999996,2026-09-24T00:13:43Z,2416.2833333333333,1,1,2221.8329999999996,2026-09-24T00:13:40Z,2416.3333333333335,1,1,454.04150000000004,2026-09-24T00:13:40Z,2416.3333333333335,1,1,1767.7914999999998,2026-09-24T00:13:40Z,2416.3333333333335,1,1,3245.221,2026-09-24T01:00:36Z,,2369.4,1,1,-17.557,2026-09-24T01:47:45Z,2026-09-24T01:30:00Z,2322.25,1,1,97.77,2026-09-24T01:47:45Z,2026-09-24T01:30:00Z,2322.25,1,1,9799.771,2026-09-24T01:47:45Z,2026-09-24T01:30:00Z,2322.25,1,1,4254.922,2026-09-24T01:47:45Z,2026-09-24T01:30:00Z,2322.25,1,1,353.766,2026-09-24T01:47:45Z,2026-09-24T01:30:00Z,2322.25,1,1,-37.505,2026-09-24T01:30:05Z,2026-09-24T01:00:00Z,2339.9166666666665,1,1,105.91,2026-09-24T01:30:05Z,2026-09-24T01:00:00Z,2339.9166666666665,1,1,0.024,2026-09-24T01:00:37Z,,2369.383333333333,1,1,0.0,2026-09-24T01:00:37Z,,2369.383333333333,1,1,3437.2105,254.74650000000003,204.605,372.545,2026-08-31T23:00:00Z,35610.0,1,,,,,3901.1559999999995,,,,,1,1,1,1,1,1,0,0,0,0,0,0,0,0,0,1,1,1,1,1,1,1,1,1,1,1,1,1,1,1,1,1,1,0,0,0,0,0,0,0,0,0,0,0,0,0,0,0,0,0,0,1,1,1,1,1,1,1,1,1,0,0,0,0,0,0,0,0,0,0,0,0,0,0,1,0,0,0,0,0,0,0,0,0,0,0,0,0,0,0,0,0,0,0,0,0,0,0,0,0,0,0,0,0,0,0,1,0,0,0,1,0,1,1,1,1,0,1,1,1,1
2026-09-25T17:00:00Z,2026-09-25T17:30:00Z,30,,,,0,1,,,,0,1,6102.0,2026-09-24T01:50:10Z,2349.8333333333335,1,1,920.0,2026-09-24T01:50:10Z,2349.8333333333335,1,1,5182.0,2026-09-24T01:50:10Z,2349.8333333333335,1,1,,,,0,1,,,,0,1,,,,0,1,,,,0,1,,,,0,1,,,,0,1,500.0,2026-09-23T06:00:11Z,3539.8166666666666,1,1,530.0,2026-09-23T06:00:11Z,3539.8166666666666,1,1,513.0,2026-09-23T06:00:11Z,3539.8166666666666,1,1,500.0,2026-09-23T06:00:11Z,3539.8166666666666,1,1,500.0,2026-09-23T06:00:11Z,3539.8166666666666,1,1,504.0,2026-09-23T06:00:11Z,3539.8166666666666,1,1,,,,0,1,,,,0,1,,,,0,1,2221.8329999999996,2026-09-24T00:13:43Z,2446.2833333333333,1,1,2221.8329999999996,2026-09-24T00:13:40Z,2446.3333333333335,1,1,454.04150000000004,2026-09-24T00:13:40Z,2446.3333333333335,1,1,1767.7914999999998,2026-09-24T00:13:40Z,2446.3333333333335,1,1,3245.221,2026-09-24T01:00:36Z,,2399.4,1,1,-17.557,2026-09-24T01:47:45Z,2026-09-24T01:30:00Z,2352.25,1,1,97.77,2026-09-24T01:47:45Z,2026-09-24T01:30:00Z,2352.25,1,1,9799.771,2026-09-24T01:47:45Z,2026-09-24T01:30:00Z,2352.25,1,1,4254.922,2026-09-24T01:47:45Z,2026-09-24T01:30:00Z,2352.25,1,1,353.766,2026-09-24T01:47:45Z,2026-09-24T01:30:00Z,2352.25,1,1,-37.505,2026-09-24T01:30:05Z,2026-09-24T01:00:00Z,2369.9166666666665,1,1,105.91,2026-09-24T01:30:05Z,2026-09-24T01:00:00Z,2369.9166666666665,1,1,0.024,2026-09-24T01:00:37Z,,2399.383333333333,1,1,0.0,2026-09-24T01:00:37Z,,2399.383333333333,1,1,3437.2105,254.74650000000003,204.605,372.545,2026-08-31T23:00:00Z,35640.0,1,,,,,3901.1559999999995,,,,,1,1,1,1,1,1,0,0,0,0,0,0,0,0,0,1,1,1,1,1,1,1,1,1,1,1,1,1,1,1,1,1,1,0,0,0,0,0,0,0,0,0,0,0,0,0,0,0,0,0,0,1,1,1,1,1,1,1,1,1,0,0,0,0,0,0,0,0,0,0,0,0,0,0,1,0,0,0,0,0,0,0,0,0,0,0,0,0,0,0,0,0,0,0,0,0,0,0,0,0,0,0,0,0,0,0,1,0,0,0,1,0,1,1,1,1,0,1,1,1,1
2026-09-25T17:00:00Z,2026-09-25T18:00:00Z,60,,,,0,1,,,,0,1,6109.0,2026-09-24T01:50:10Z,2349.8333333333335,1,1,909.0,2026-09-24T01:50:10Z,2349.8333333333335,1,1,5200.0,2026-09-24T01:50:10Z,2349.8333333333335,1,1,,,,0,1,,,,0,1,,,,0,1,,,,0,1,,,,0,1,,,,0,1,500.0,2026-09-23T06:00:11Z,3539.8166666666666,1,1,530.0,2026-09-23T06:00:11Z,3539.8166666666666,1,1,513.0,2026-09-23T06:00:11Z,3539.8166666666666,1,1,500.0,2026-09-23T06:00:11Z,3539.8166666666666,1,1,500.0,2026-09-23T06:00:11Z,3539.8166666666666,1,1,504.0,2026-09-23T06:00:11Z,3539.8166666666666,1,1,,,,0,1,,,,0,1,,,,0,1,2265.4049999999997,2026-09-24T00:13:43Z,2446.2833333333333,1,1,2265.4049999999997,2026-09-24T00:13:40Z,2446.3333333333335,1,1,471.8145,2026-09-24T00:13:40Z,2446.3333333333335,1,1,1793.5905,2026-09-24T00:13:40Z,2446.3333333333335,1,1,3245.221,2026-09-24T01:00:36Z,,2399.4,1,1,-17.557,2026-09-24T01:47:45Z,2026-09-24T01:30:00Z,2352.25,1,1,97.77,2026-09-24T01:47:45Z,2026-09-24T01:30:00Z,2352.25,1,1,9799.771,2026-09-24T01:47:45Z,2026-09-24T01:30:00Z,2352.25,1,1,4254.922,2026-09-24T01:47:45Z,2026-09-24T01:30:00Z,2352.25,1,1,353.766,2026-09-24T01:47:45Z,2026-09-24T01:30:00Z,2352.25,1,1,-37.505,2026-09-24T01:30:05Z,2026-09-24T01:00:00Z,2369.9166666666665,1,1,105.91,2026-09-24T01:30:05Z,2026-09-24T01:00:00Z,2369.9166666666665,1,1,0.024,2026-09-24T01:00:37Z,,2399.383333333333,1,1,0.0,2026-09-24T01:00:37Z,,2399.383333333333,1,1,3437.2105,254.74650000000003,204.605,372.545,2026-08-31T23:00:00Z,35640.0,1,,,,,3901.1559999999995,,,,,1,1,1,1,1,1,0,0,0,0,0,0,0,0,0,1,1,1,1,1,1,1,1,1,1,1,1,1,1,1,1,1,1,0,0,0,0,0,0,0,0,0,0,0,0,0,0,0,0,0,0,1,1,1,1,1,1,1,1,1,0,0,0,0,0,0,0,0,0,0,0,0,0,0,1,0,0,0,0,0,0,0,0,0,0,0,0,0,0,0,0,0,0,0,0,0,0,0,0,0,0,0,0,0,0,0,1,0,0,0,1,0,1,1,1,1,0,1,1,1,1
2026-09-25T17:30:00Z,2026-09-25T18:00:00Z,30,,,,0,1,,,,0,1,6109.0,2026-09-24T01:50:10Z,2379.8333333333335,1,1,909.0,2026-09-24T01:50:10Z,2379.8333333333335,1,1,5200.0,2026-09-24T01:50:10Z,2379.8333333333335,1,1,,,,0,1,,,,0,1,,,,0,1,,,,0,1,,,,0,1,,,,0,1,500.0,2026-09-23T06:00:11Z,3569.8166666666666,1,1,530.0,2026-09-23T06:00:11Z,3569.8166666666666,1,1,513.0,2026-09-23T06:00:11Z,3569.8166666666666,1,1,500.0,2026-09-23T06:00:11Z,3569.8166666666666,1,1,500.0,2026-09-23T06:00:11Z,3569.8166666666666,1,1,504.0,2026-09-23T06:00:11Z,3569.8166666666666,1,1,,,,0,1,,,,0,1,,,,0,1,2265.4049999999997,2026-09-24T00:13:43Z,2476.2833333333333,1,1,2265.4049999999997,2026-09-24T00:13:40Z,2476.3333333333335,1,1,471.8145,2026-09-24T00:13:40Z,2476.3333333333335,1,1,1793.5905,2026-09-24T00:13:40Z,2476.3333333333335,1,1,3245.221,2026-09-24T01:00:36Z,,2429.4,1,1,-17.557,2026-09-24T01:47:45Z,2026-09-24T01:30:00Z,2382.25,1,1,97.77,2026-09-24T01:47:45Z,2026-09-24T01:30:00Z,2382.25,1,1,9799.771,2026-09-24T01:47:45Z,2026-09-24T01:30:00Z,2382.25,1,1,4254.922,2026-09-24T01:47:45Z,2026-09-24T01:30:00Z,2382.25,1,1,353.766,2026-09-24T01:47:45Z,2026-09-24T01:30:00Z,2382.25,1,1,-37.505,2026-09-24T01:30:05Z,2026-09-24T01:00:00Z,2399.9166666666665,1,1,105.91,2026-09-24T01:30:05Z,2026-09-24T01:00:00Z,2399.9166666666665,1,1,0.024,2026-09-24T01:00:37Z,,2429.383333333333,1,1,0.0,2026-09-24T01:00:37Z,,2429.383333333333,1,1,3437.2105,254.74650000000003,204.605,372.545,2026-08-31T23:00:00Z,35670.0,1,,,,,3901.1559999999995,,,,,1,1,1,1,1,1,0,0,0,0,0,0,0,0,0,1,1,1,1,1,1,1,1,1,1,1,1,1,1,1,1,1,1,0,0,0,0,0,0,0,0,0,0,0,0,0,0,0,0,0,0,1,1,1,1,1,1,1,1,1,0,0,0,0,0,0,0,0,0,0,0,0,0,0,1,0,0,0,0,0,0,0,0,0,0,0,0,0,0,0,0,0,0,0,0,0,0,0,0,0,0,0,0,0,0,0,1,0,0,0,1,0,1,1,1,1,0,1,1,1,1
2026-09-25T17:30:00Z,2026-09-25T18:30:00Z,60,,,,0,1,,,,0,1,6055.0,2026-09-24T01:50:10Z,2379.8333333333335,1,1,912.0,2026-09-24T01:50:10Z,2379.8333333333335,1,1,5143.0,2026-09-24T01:50:10Z,2379.8333333333335,1,1,,,,0,1,,,,0,1,,,,0,1,,,,0,1,,,,0,1,,,,0,1,500.0,2026-09-23T06:00:11Z,3569.8166666666666,1,1,530.0,2026-09-23T06:00:11Z,3569.8166666666666,1,1,513.0,2026-09-23T06:00:11Z,3569.8166666666666,1,1,500.0,2026-09-23T06:00:11Z,3569.8166666666666,1,1,500.0,2026-09-23T06:00:11Z,3569.8166666666666,1,1,504.0,2026-09-23T06:00:11Z,3569.8166666666666,1,1,,,,0,1,,,,0,1,,,,0,1,2350.7884999999997,2026-09-24T00:13:43Z,2476.2833333333333,1,1,2350.7884999999997,2026-09-24T00:13:40Z,2476.3333333333335,1,1,498.497,2026-09-24T00:13:40Z,2476.3333333333335,1,1,1852.2915,2026-09-24T00:13:40Z,2476.3333333333335,1,1,3245.221,2026-09-24T01:00:36Z,,2429.4,1,1,-17.557,2026-09-24T01:47:45Z,2026-09-24T01:30:00Z,2382.25,1,1,97.77,2026-09-24T01:47:45Z,2026-09-24T01:30:00Z,2382.25,1,1,9799.771,2026-09-24T01:47:45Z,2026-09-24T01:30:00Z,2382.25,1,1,4254.922,2026-09-24T01:47:45Z,2026-09-24T01:30:00Z,2382.25,1,1,353.766,2026-09-24T01:47:45Z,2026-09-24T01:30:00Z,2382.25,1,1,-37.505,2026-09-24T01:30:05Z,2026-09-24T01:00:00Z,2399.9166666666665,1,1,105.91,2026-09-24T01:30:05Z,2026-09-24T01:00:00Z,2399.9166666666665,1,1,0.024,2026-09-24T01:00:37Z,,2429.383333333333,1,1,0.0,2026-09-24T01:00:37Z,,2429.383333333333,1,1,3437.2105,254.74650000000003,204.605,372.545,2026-08-31T23:00:00Z,35670.0,1,,,,,3901.1559999999995,,,,,1,1,1,1,1,1,0,0,0,0,0,0,0,0,0,1,1,1,1,1,1,1,1,1,1,1,1,1,1,1,1,1,1,0,0,0,0,0,0,0,0,0,0,0,0,0,0,0,0,0,0,1,1,1,1,1,1,1,1,1,0,0,0,0,0,0,0,0,0,0,0,0,0,0,1,0,0,0,0,0,0,0,0,0,0,0,0,0,0,0,0,0,0,0,0,0,0,0,0,0,0,0,0,0,0,0,1,0,0,0,1,0,1,1,1,1,0,1,1,1,1
2026-09-25T18:00:00Z,2026-09-25T18:30:00Z,30,,,,0,1,,,,0,1,6055.0,2026-09-24T01:50:10Z,2409.8333333333335,1,1,912.0,2026-09-24T01:50:10Z,2409.8333333333335,1,1,5143.0,2026-09-24T01:50:10Z,2409.8333333333335,1,1,,,,0,1,,,,0,1,,,,0,1,,,,0,1,,,,0,1,,,,0,1,500.0,2026-09-23T06:00:11Z,3599.8166666666666,1,1,530.0,2026-09-23T06:00:11Z,3599.8166666666666,1,1,513.0,2026-09-23T06:00:11Z,3599.8166666666666,1,1,500.0,2026-09-23T06:00:11Z,3599.8166666666666,1,1,500.0,2026-09-23T06:00:11Z,3599.8166666666666,1,1,504.0,2026-09-23T06:00:11Z,3599.8166666666666,1,1,,,,0,1,,,,0,1,,,,0,1,2350.7884999999997,2026-09-24T00:13:43Z,2506.2833333333333,1,1,2350.7884999999997,2026-09-24T00:13:40Z,2506.3333333333335,1,1,498.497,2026-09-24T00:13:40Z,2506.3333333333335,1,1,1852.2915,2026-09-24T00:13:40Z,2506.3333333333335,1,1,3245.221,2026-09-24T01:00:36Z,,2459.4,1,1,-17.557,2026-09-24T01:47:45Z,2026-09-24T01:30:00Z,2412.25,1,1,97.77,2026-09-24T01:47:45Z,2026-09-24T01:30:00Z,2412.25,1,1,9799.771,2026-09-24T01:47:45Z,2026-09-24T01:30:00Z,2412.25,1,1,4254.922,2026-09-24T01:47:45Z,2026-09-24T01:30:00Z,2412.25,1,1,353.766,2026-09-24T01:47:45Z,2026-09-24T01:30:00Z,2412.25,1,1,-37.505,2026-09-24T01:30:05Z,2026-09-24T01:00:00Z,2429.9166666666665,1,1,105.91,2026-09-24T01:30:05Z,2026-09-24T01:00:00Z,2429.9166666666665,1,1,0.024,2026-09-24T01:00:37Z,,2459.383333333333,1,1,0.0,2026-09-24T01:00:37Z,,2459.383333333333,1,1,3437.2105,254.74650000000003,204.605,372.545,2026-08-31T23:00:00Z,35700.0,1,,,,,3901.1559999999995,,,,,1,1,1,1,1,1,0,0,0,0,0,0,0,0,0,1,1,1,1,1,1,1,1,1,1,1,1,1,1,1,1,1,1,0,0,0,0,0,0,0,0,0,0,0,0,0,0,0,0,0,0,1,1,1,1,1,1,1,1,1,0,0,0,0,0,0,0,0,0,0,0,0,0,0,1,0,0,0,0,0,0,0,0,0,0,0,0,0,0,0,0,0,0,0,0,0,0,0,0,0,0,0,0,0,0,0,1,0,0,0,1,0,1,1,1,1,0,1,1,1,1
2026-09-25T18:00:00Z,2026-09-25T19:00:00Z,60,,,,0,1,,,,0,1,5951.0,2026-09-24T01:50:10Z,2409.8333333333335,1,1,915.0,2026-09-24T01:50:10Z,2409.8333333333335,1,1,5036.0,2026-09-24T01:50:10Z,2409.8333333333335,1,1,,,,0,1,,,,0,1,,,,0,1,,,,0,1,,,,0,1,,,,0,1,500.0,2026-09-23T06:00:11Z,3599.8166666666666,1,1,530.0,2026-09-23T06:00:11Z,3599.8166666666666,1,1,513.0,2026-09-23T06:00:11Z,3599.8166666666666,1,1,500.0,2026-09-23T06:00:11Z,3599.8166666666666,1,1,500.0,2026-09-23T06:00:11Z,3599.8166666666666,1,1,504.0,2026-09-23T06:00:11Z,3599.8166666666666,1,1,,,,0,1,,,,0,1,,,,0,1,2438.3355,2026-09-24T00:13:43Z,2506.2833333333333,1,1,2438.3355,2026-09-24T00:13:40Z,2506.3333333333335,1,1,526.412,2026-09-24T00:13:40Z,2506.3333333333335,1,1,1911.9234999999999,2026-09-24T00:13:40Z,2506.3333333333335,1,1,3245.221,2026-09-24T01:00:36Z,,2459.4,1,1,-17.557,2026-09-24T01:47:45Z,2026-09-24T01:30:00Z,2412.25,1,1,97.77,2026-09-24T01:47:45Z,2026-09-24T01:30:00Z,2412.25,1,1,9799.771,2026-09-24T01:47:45Z,2026-09-24T01:30:00Z,2412.25,1,1,4254.922,2026-09-24T01:47:45Z,2026-09-24T01:30:00Z,2412.25,1,1,353.766,2026-09-24T01:47:45Z,2026-09-24T01:30:00Z,2412.25,1,1,-37.505,2026-09-24T01:30:05Z,2026-09-24T01:00:00Z,2429.9166666666665,1,1,105.91,2026-09-24T01:30:05Z,2026-09-24T01:00:00Z,2429.9166666666665,1,1,0.024,2026-09-24T01:00:37Z,,2459.383333333333,1,1,0.0,2026-09-24T01:00:37Z,,2459.383333333333,1,1,3437.2105,254.74650000000003,204.605,372.545,2026-08-31T23:00:00Z,35700.0,1,,,,,3901.1559999999995,,,,,1,1,1,1,1,1,0,0,0,0,0,0,0,0,0,1,1,1,1,1,1,1,1,1,1,1,1,1,1,1,1,1,1,0,0,0,0,0,0,0,0,0,0,0,0,0,0,0,0,0,0,1,1,1,1,1,1,1,1,1,0,0,0,0,0,0,0,0,0,0,0,0,0,0,1,0,0,0,0,0,0,0,0,0,0,0,0,0,0,0,0,0,0,0,0,0,0,0,0,0,0,0,0,0,0,0,1,0,0,0,1,0,1,1,1,1,0,1,1,1,1
2026-09-25T18:30:00Z,2026-09-25T19:00:00Z,30,,,,0,1,,,,0,1,5951.0,2026-09-24T01:50:10Z,2439.8333333333335,1,1,915.0,2026-09-24T01:50:10Z,2439.8333333333335,1,1,5036.0,2026-09-24T01:50:10Z,2439.8333333333335,1,1,,,,0,1,,,,0,1,,,,0,1,,,,0,1,,,,0,1,,,,0,1,500.0,2026-09-23T06:00:11Z,3629.8166666666666,1,1,530.0,2026-09-23T06:00:11Z,3629.8166666666666,1,1,513.0,2026-09-23T06:00:11Z,3629.8166666666666,1,1,500.0,2026-09-23T06:00:11Z,3629.8166666666666,1,1,500.0,2026-09-23T06:00:11Z,3629.8166666666666,1,1,504.0,2026-09-23T06:00:11Z,3629.8166666666666,1,1,,,,0,1,,,,0,1,,,,0,1,2438.3355,2026-09-24T00:13:43Z,2536.2833333333333,1,1,2438.3355,2026-09-24T00:13:40Z,2536.3333333333335,1,1,526.412,2026-09-24T00:13:40Z,2536.3333333333335,1,1,1911.9234999999999,2026-09-24T00:13:40Z,2536.3333333333335,1,1,3245.221,2026-09-24T01:00:36Z,,2489.4,1,1,-17.557,2026-09-24T01:47:45Z,2026-09-24T01:30:00Z,2442.25,1,1,97.77,2026-09-24T01:47:45Z,2026-09-24T01:30:00Z,2442.25,1,1,9799.771,2026-09-24T01:47:45Z,2026-09-24T01:30:00Z,2442.25,1,1,4254.922,2026-09-24T01:47:45Z,2026-09-24T01:30:00Z,2442.25,1,1,353.766,2026-09-24T01:47:45Z,2026-09-24T01:30:00Z,2442.25,1,1,-37.505,2026-09-24T01:30:05Z,2026-09-24T01:00:00Z,2459.9166666666665,1,1,105.91,2026-09-24T01:30:05Z,2026-09-24T01:00:00Z,2459.9166666666665,1,1,0.024,2026-09-24T01:00:37Z,,2489.383333333333,1,1,0.0,2026-09-24T01:00:37Z,,2489.383333333333,1,1,3437.2105,254.74650000000003,204.605,372.545,2026-08-31T23:00:00Z,35730.0,1,,,,,3901.1559999999995,,,,,1,1,1,1,1,1,0,0,0,0,0,0,0,0,0,1,1,1,1,1,1,1,1,1,1,1,1,1,1,1,1,1,1,0,0,0,0,0,0,0,0,0,0,0,0,0,0,0,0,0,0,1,1,1,1,1,1,1,1,1,0,0,0,0,0,0,0,0,0,0,0,0,0,0,1,0,0,0,0,0,0,0,0,0,0,0,0,0,0,0,0,0,0,0,0,0,0,0,0,0,0,0,0,0,0,0,1,0,0,0,1,0,1,1,1,1,0,1,1,1,1
2026-09-25T18:30:00Z,2026-09-25T19:30:00Z,60,,,,0,1,,,,0,1,5806.0,2026-09-24T01:50:10Z,2439.8333333333335,1,1,891.0,2026-09-24T01:50:10Z,2439.8333333333335,1,1,4915.0,2026-09-24T01:50:10Z,2439.8333333333335,1,1,,,,0,1,,,,0,1,,,,0,1,,,,0,1,,,,0,1,,,,0,1,500.0,2026-09-23T06:00:11Z,3629.8166666666666,1,1,530.0,2026-09-23T06:00:11Z,3629.8166666666666,1,1,513.0,2026-09-23T06:00:11Z,3629.8166666666666,1,1,500.0,2026-09-23T06:00:11Z,3629.8166666666666,1,1,500.0,2026-09-23T06:00:11Z,3629.8166666666666,1,1,504.0,2026-09-23T06:00:11Z,3629.8166666666666,1,1,,,,0,1,,,,0,1,,,,0,1,2532.3605,2026-09-24T00:13:43Z,2536.2833333333333,1,1,2532.3605,2026-09-24T00:13:40Z,2536.3333333333335,1,1,558.0245,2026-09-24T00:13:40Z,2536.3333333333335,1,1,1974.336,2026-09-24T00:13:40Z,2536.3333333333335,1,1,3245.221,2026-09-24T01:00:36Z,,2489.4,1,1,-17.557,2026-09-24T01:47:45Z,2026-09-24T01:30:00Z,2442.25,1,1,97.77,2026-09-24T01:47:45Z,2026-09-24T01:30:00Z,2442.25,1,1,9799.771,2026-09-24T01:47:45Z,2026-09-24T01:30:00Z,2442.25,1,1,4254.922,2026-09-24T01:47:45Z,2026-09-24T01:30:00Z,2442.25,1,1,353.766,2026-09-24T01:47:45Z,2026-09-24T01:30:00Z,2442.25,1,1,-37.505,2026-09-24T01:30:05Z,2026-09-24T01:00:00Z,2459.9166666666665,1,1,105.91,2026-09-24T01:30:05Z,2026-09-24T01:00:00Z,2459.9166666666665,1,1,0.024,2026-09-24T01:00:37Z,,2489.383333333333,1,1,0.0,2026-09-24T01:00:37Z,,2489.383333333333,1,1,3437.2105,254.74650000000003,204.605,372.545,2026-08-31T23:00:00Z,35730.0,1,,,,,3901.1559999999995,,,,,1,1,1,1,1,1,0,0,0,0,0,0,0,0,0,1,1,1,1,1,1,1,1,1,1,1,1,1,1,1,1,1,1,0,0,0,0,0,0,0,0,0,0,0,0,0,0,0,0,0,0,1,1,1,1,1,1,1,1,1,0,0,0,0,0,0,0,0,0,0,0,0,0,0,1,0,0,0,0,0,0,0,0,0,0,0,0,0,0,0,0,0,0,0,0,0,0,0,0,0,0,0,0,0,0,0,1,0,0,0,1,0,1,1,1,1,0,1,1,1,1
2026-09-25T19:00:00Z,2026-09-25T19:30:00Z,30,,,,0,1,,,,0,1,5806.0,2026-09-24T01:50:10Z,2469.8333333333335,1,1,891.0,2026-09-24T01:50:10Z,2469.8333333333335,1,1,4915.0,2026-09-24T01:50:10Z,2469.8333333333335,1,1,,,,0,1,,,,0,1,,,,0,1,,,,0,1,,,,0,1,,,,0,1,500.0,2026-09-23T06:00:11Z,3659.8166666666666,1,1,530.0,2026-09-23T06:00:11Z,3659.8166666666666,1,1,513.0,2026-09-23T06:00:11Z,3659.8166666666666,1,1,500.0,2026-09-23T06:00:11Z,3659.8166666666666,1,1,500.0,2026-09-23T06:00:11Z,3659.8166666666666,1,1,504.0,2026-09-23T06:00:11Z,3659.8166666666666,1,1,,,,0,1,,,,0,1,,,,0,1,2532.3605,2026-09-24T00:13:43Z,2566.2833333333333,1,1,2532.3605,2026-09-24T00:13:40Z,2566.3333333333335,1,1,558.0245,2026-09-24T00:13:40Z,2566.3333333333335,1,1,1974.336,2026-09-24T00:13:40Z,2566.3333333333335,1,1,3245.221,2026-09-24T01:00:36Z,,2519.4,1,1,-17.557,2026-09-24T01:47:45Z,2026-09-24T01:30:00Z,2472.25,1,1,97.77,2026-09-24T01:47:45Z,2026-09-24T01:30:00Z,2472.25,1,1,9799.771,2026-09-24T01:47:45Z,2026-09-24T01:30:00Z,2472.25,1,1,4254.922,2026-09-24T01:47:45Z,2026-09-24T01:30:00Z,2472.25,1,1,353.766,2026-09-24T01:47:45Z,2026-09-24T01:30:00Z,2472.25,1,1,-37.505,2026-09-24T01:30:05Z,2026-09-24T01:00:00Z,2489.9166666666665,1,1,105.91,2026-09-24T01:30:05Z,2026-09-24T01:00:00Z,2489.9166666666665,1,1,0.024,2026-09-24T01:00:37Z,,2519.383333333333,1,1,0.0,2026-09-24T01:00:37Z,,2519.383333333333,1,1,3437.2105,254.74650000000003,204.605,372.545,2026-08-31T23:00:00Z,35760.0,1,,,,,3901.1559999999995,,,,,1,1,1,1,1,1,0,0,0,0,0,0,0,0,0,1,1,1,1,1,1,1,1,1,1,1,1,1,1,1,1,1,1,0,0,0,0,0,0,0,0,0,0,0,0,0,0,0,0,0,0,1,1,1,1,1,1,1,1,1,0,0,0,0,0,0,0,0,0,0,0,0,0,0,1,0,0,0,0,0,0,0,0,0,0,0,0,0,0,0,0,0,0,0,0,0,0,0,0,0,0,0,0,0,0,0,1,0,0,0,1,0,1,1,1,1,0,1,1,1,1
2026-09-25T19:00:00Z,2026-09-25T20:00:00Z,60,,,,0,1,,,,0,1,5607.0,2026-09-24T01:50:10Z,2469.8333333333335,1,1,857.0,2026-09-24T01:50:10Z,2469.8333333333335,1,1,4750.0,2026-09-24T01:50:10Z,2469.8333333333335,1,1,,,,0,1,,,,0,1,,,,0,1,,,,0,1,,,,0,1,,,,0,1,500.0,2026-09-23T06:00:11Z,3659.8166666666666,1,1,530.0,2026-09-23T06:00:11Z,3659.8166666666666,1,1,513.0,2026-09-23T06:00:11Z,3659.8166666666666,1,1,500.0,2026-09-23T06:00:11Z,3659.8166666666666,1,1,500.0,2026-09-23T06:00:11Z,3659.8166666666666,1,1,504.0,2026-09-23T06:00:11Z,3659.8166666666666,1,1,,,,0,1,,,,0,1,,,,0,1,2637.151,2026-09-24T00:13:43Z,2566.2833333333333,1,1,2637.151,2026-09-24T00:13:40Z,2566.3333333333335,1,1,591.729,2026-09-24T00:13:40Z,2566.3333333333335,1,1,2045.422,2026-09-24T00:13:40Z,2566.3333333333335,1,1,3245.221,2026-09-24T01:00:36Z,,2519.4,1,1,-17.557,2026-09-24T01:47:45Z,2026-09-24T01:30:00Z,2472.25,1,1,97.77,2026-09-24T01:47:45Z,2026-09-24T01:30:00Z,2472.25,1,1,9799.771,2026-09-24T01:47:45Z,2026-09-24T01:30:00Z,2472.25,1,1,4254.922,2026-09-24T01:47:45Z,2026-09-24T01:30:00Z,2472.25,1,1,353.766,2026-09-24T01:47:45Z,2026-09-24T01:30:00Z,2472.25,1,1,-37.505,2026-09-24T01:30:05Z,2026-09-24T01:00:00Z,2489.9166666666665,1,1,105.91,2026-09-24T01:30:05Z,2026-09-24T01:00:00Z,2489.9166666666665,1,1,0.024,2026-09-24T01:00:37Z,,2519.383333333333,1,1,0.0,2026-09-24T01:00:37Z,,2519.383333333333,1,1,3437.2105,254.74650000000003,204.605,372.545,2026-08-31T23:00:00Z,35760.0,1,,,,,3901.1559999999995,,,,,1,1,1,1,1,1,0,0,0,0,0,0,0,0,0,1,1,1,1,1,1,1,1,1,1,1,1,1,1,1,1,1,1,0,0,0,0,0,0,0,0,0,0,0,0,0,0,0,0,0,0,1,1,1,1,1,1,1,1,1,0,0,0,0,0,0,0,0,0,0,0,0,0,0,1,0,0,0,0,0,0,0,0,0,0,0,0,0,0,0,0,0,0,0,0,0,0,0,0,0,0,0,0,0,0,0,1,0,0,0,1,0,1,1,1,1,0,1,1,1,1
2026-09-25T19:30:00Z,2026-09-25T20:00:00Z,30,,,,0,1,,,,0,1,5607.0,2026-09-24T01:50:10Z,2499.8333333333335,1,1,857.0,2026-09-24T01:50:10Z,2499.8333333333335,1,1,4750.0,2026-09-24T01:50:10Z,2499.8333333333335,1,1,,,,0,1,,,,0,1,,,,0,1,,,,0,1,,,,0,1,,,,0,1,500.0,2026-09-23T06:00:11Z,3689.8166666666666,1,1,530.0,2026-09-23T06:00:11Z,3689.8166666666666,1,1,513.0,2026-09-23T06:00:11Z,3689.8166666666666,1,1,500.0,2026-09-23T06:00:11Z,3689.8166666666666,1,1,500.0,2026-09-23T06:00:11Z,3689.8166666666666,1,1,504.0,2026-09-23T06:00:11Z,3689.8166666666666,1,1,,,,0,1,,,,0,1,,,,0,1,2637.151,2026-09-24T00:13:43Z,2596.2833333333333,1,1,2637.151,2026-09-24T00:13:40Z,2596.3333333333335,1,1,591.729,2026-09-24T00:13:40Z,2596.3333333333335,1,1,2045.422,2026-09-24T00:13:40Z,2596.3333333333335,1,1,3245.221,2026-09-24T01:00:36Z,,2549.4,1,1,-17.557,2026-09-24T01:47:45Z,2026-09-24T01:30:00Z,2502.25,1,1,97.77,2026-09-24T01:47:45Z,2026-09-24T01:30:00Z,2502.25,1,1,9799.771,2026-09-24T01:47:45Z,2026-09-24T01:30:00Z,2502.25,1,1,4254.922,2026-09-24T01:47:45Z,2026-09-24T01:30:00Z,2502.25,1,1,353.766,2026-09-24T01:47:45Z,2026-09-24T01:30:00Z,2502.25,1,1,-37.505,2026-09-24T01:30:05Z,2026-09-24T01:00:00Z,2519.9166666666665,1,1,105.91,2026-09-24T01:30:05Z,2026-09-24T01:00:00Z,2519.9166666666665,1,1,0.024,2026-09-24T01:00:37Z,,2549.383333333333,1,1,0.0,2026-09-24T01:00:37Z,,2549.383333333333,1,1,3437.2105,254.74650000000003,204.605,372.545,2026-08-31T23:00:00Z,35790.0,1,,,,,3901.1559999999995,,,,,1,1,1,1,1,1,0,0,0,0,0,0,0,0,0,1,1,1,1,1,1,1,1,1,1,1,1,1,1,1,1,1,1,0,0,0,0,0,0,0,0,0,0,0,0,0,0,0,0,0,0,1,1,1,1,1,1,1,1,1,0,0,0,0,0,0,0,0,0,0,0,0,0,0,1,0,0,0,0,0,0,0,0,0,0,0,0,0,0,0,0,0,0,0,0,0,0,0,0,0,0,0,0,0,0,0,1,0,0,0,1,0,1,1,1,1,0,1,1,1,1
2026-09-25T19:30:00Z,2026-09-25T20:30:00Z,60,,,,0,1,,,,0,1,5427.0,2026-09-24T01:50:10Z,2499.8333333333335,1,1,809.0,2026-09-24T01:50:10Z,2499.8333333333335,1,1,4618.0,2026-09-24T01:50:10Z,2499.8333333333335,1,1,,,,0,1,,,,0,1,,,,0,1,,,,0,1,,,,0,1,,,,0,1,500.0,2026-09-23T06:00:11Z,3689.8166666666666,1,1,530.0,2026-09-23T06:00:11Z,3689.8166666666666,1,1,513.0,2026-09-23T06:00:11Z,3689.8166666666666,1,1,500.0,2026-09-23T06:00:11Z,3689.8166666666666,1,1,500.0,2026-09-23T06:00:11Z,3689.8166666666666,1,1,504.0,2026-09-23T06:00:11Z,3689.8166666666666,1,1,,,,0,1,,,,0,1,,,,0,1,2774.243,2026-09-24T00:13:43Z,2596.2833333333333,1,1,2774.243,2026-09-24T00:13:40Z,2596.3333333333335,1,1,631.7185,2026-09-24T00:13:40Z,2596.3333333333335,1,1,2142.5245,2026-09-24T00:13:40Z,2596.3333333333335,1,1,3245.221,2026-09-24T01:00:36Z,,2549.4,1,1,-17.557,2026-09-24T01:47:45Z,2026-09-24T01:30:00Z,2502.25,1,1,97.77,2026-09-24T01:47:45Z,2026-09-24T01:30:00Z,2502.25,1,1,9799.771,2026-09-24T01:47:45Z,2026-09-24T01:30:00Z,2502.25,1,1,4254.922,2026-09-24T01:47:45Z,2026-09-24T01:30:00Z,2502.25,1,1,353.766,2026-09-24T01:47:45Z,2026-09-24T01:30:00Z,2502.25,1,1,-37.505,2026-09-24T01:30:05Z,2026-09-24T01:00:00Z,2519.9166666666665,1,1,105.91,2026-09-24T01:30:05Z,2026-09-24T01:00:00Z,2519.9166666666665,1,1,0.024,2026-09-24T01:00:37Z,,2549.383333333333,1,1,0.0,2026-09-24T01:00:37Z,,2549.383333333333,1,1,3437.2105,254.74650000000003,204.605,372.545,2026-08-31T23:00:00Z,35790.0,1,,,,,3901.1559999999995,,,,,1,1,1,1,1,1,0,0,0,0,0,0,0,0,0,1,1,1,1,1,1,1,1,1,1,1,1,1,1,1,1,1,1,0,0,0,0,0,0,0,0,0,0,0,0,0,0,0,0,0,0,1,1,1,1,1,1,1,1,1,0,0,0,0,0,0,0,0,0,0,0,0,0,0,1,0,0,0,0,0,0,0,0,0,0,0,0,0,0,0,0,0,0,0,0,0,0,0,0,0,0,0,0,0,0,0,1,0,0,0,1,0,1,1,1,1,0,1,1,1,1
2026-09-25T20:00:00Z,2026-09-25T20:30:00Z,30,,,,0,1,,,,0,1,5427.0,2026-09-24T01:50:10Z,2529.8333333333335,1,1,809.0,2026-09-24T01:50:10Z,2529.8333333333335,1,1,4618.0,2026-09-24T01:50:10Z,2529.8333333333335,1,1,,,,0,1,,,,0,1,,,,0,1,,,,0,1,,,,0,1,,,,0,1,500.0,2026-09-23T06:00:11Z,3719.8166666666666,1,1,530.0,2026-09-23T06:00:11Z,3719.8166666666666,1,1,513.0,2026-09-23T06:00:11Z,3719.8166666666666,1,1,500.0,2026-09-23T06:00:11Z,3719.8166666666666,1,1,500.0,2026-09-23T06:00:11Z,3719.8166666666666,1,1,504.0,2026-09-23T06:00:11Z,3719.8166666666666,1,1,,,,0,1,,,,0,1,,,,0,1,2774.243,2026-09-24T00:13:43Z,2626.2833333333333,1,1,2774.243,2026-09-24T00:13:40Z,2626.3333333333335,1,1,631.7185,2026-09-24T00:13:40Z,2626.3333333333335,1,1,2142.5245,2026-09-24T00:13:40Z,2626.3333333333335,1,1,3245.221,2026-09-24T01:00:36Z,,2579.4,1,1,-17.557,2026-09-24T01:47:45Z,2026-09-24T01:30:00Z,2532.25,1,1,97.77,2026-09-24T01:47:45Z,2026-09-24T01:30:00Z,2532.25,1,1,9799.771,2026-09-24T01:47:45Z,2026-09-24T01:30:00Z,2532.25,1,1,4254.922,2026-09-24T01:47:45Z,2026-09-24T01:30:00Z,2532.25,1,1,353.766,2026-09-24T01:47:45Z,2026-09-24T01:30:00Z,2532.25,1,1,-37.505,2026-09-24T01:30:05Z,2026-09-24T01:00:00Z,2549.9166666666665,1,1,105.91,2026-09-24T01:30:05Z,2026-09-24T01:00:00Z,2549.9166666666665,1,1,0.024,2026-09-24T01:00:37Z,,2579.383333333333,1,1,0.0,2026-09-24T01:00:37Z,,2579.383333333333,1,1,3437.2105,254.74650000000003,204.605,372.545,2026-08-31T23:00:00Z,35820.0,1,,,,,3901.1559999999995,,,,,1,1,1,1,1,1,0,0,0,0,0,0,0,0,0,1,1,1,1,1,1,1,1,1,1,1,1,1,1,1,1,1,1,0,0,0,0,0,0,0,0,0,0,0,0,0,0,0,0,0,0,1,1,1,1,1,1,1,1,1,0,0,0,0,0,0,0,0,0,0,0,0,0,0,1,0,0,0,0,0,0,0,0,0,0,0,0,0,0,0,0,0,0,0,0,0,0,0,0,0,0,0,0,0,0,0,1,0,0,0,1,0,1,1,1,1,0,1,1,1,1
2026-09-25T20:00:00Z,2026-09-25T21:00:00Z,60,,,,0,1,,,,0,1,5236.0,2026-09-24T01:50:10Z,2529.8333333333335,1,1,773.0,2026-09-24T01:50:10Z,2529.8333333333335,1,1,4463.0,2026-09-24T01:50:10Z,2529.8333333333335,1,1,,,,0,1,,,,0,1,,,,0,1,,,,0,1,,,,0,1,,,,0,1,500.0,2026-09-23T06:00:11Z,3719.8166666666666,1,1,530.0,2026-09-23T06:00:11Z,3719.8166666666666,1,1,513.0,2026-09-23T06:00:11Z,3719.8166666666666,1,1,500.0,2026-09-23T06:00:11Z,3719.8166666666666,1,1,500.0,2026-09-23T06:00:11Z,3719.8166666666666,1,1,504.0,2026-09-23T06:00:11Z,3719.8166666666666,1,1,,,,0,1,,,,0,1,,,,0,1,2902.0475,2026-09-24T00:13:43Z,2626.2833333333333,1,1,2902.0475,2026-09-24T00:13:40Z,2626.3333333333335,1,1,667.5495,2026-09-24T00:13:40Z,2626.3333333333335,1,1,2234.498,2026-09-24T00:13:40Z,2626.3333333333335,1,1,3245.221,2026-09-24T01:00:36Z,,2579.4,1,1,-17.557,2026-09-24T01:47:45Z,2026-09-24T01:30:00Z,2532.25,1,1,97.77,2026-09-24T01:47:45Z,2026-09-24T01:30:00Z,2532.25,1,1,9799.771,2026-09-24T01:47:45Z,2026-09-24T01:30:00Z,2532.25,1,1,4254.922,2026-09-24T01:47:45Z,2026-09-24T01:30:00Z,2532.25,1,1,353.766,2026-09-24T01:47:45Z,2026-09-24T01:30:00Z,2532.25,1,1,-37.505,2026-09-24T01:30:05Z,2026-09-24T01:00:00Z,2549.9166666666665,1,1,105.91,2026-09-24T01:30:05Z,2026-09-24T01:00:00Z,2549.9166666666665,1,1,0.024,2026-09-24T01:00:37Z,,2579.383333333333,1,1,0.0,2026-09-24T01:00:37Z,,2579.383333333333,1,1,3437.2105,254.74650000000003,204.605,372.545,2026-08-31T23:00:00Z,35820.0,1,,,,,3901.1559999999995,,,,,1,1,1,1,1,1,0,0,0,0,0,0,0,0,0,1,1,1,1,1,1,1,1,1,1,1,1,1,1,1,1,1,1,0,0,0,0,0,0,0,0,0,0,0,0,0,0,0,0,0,0,1,1,1,1,1,1,1,1,1,0,0,0,0,0,0,0,0,0,0,0,0,0,0,1,0,0,0,0,0,0,0,0,0,0,0,0,0,0,0,0,0,0,0,0,0,0,0,0,0,0,0,0,0,0,0,1,0,0,0,1,0,1,1,1,1,0,1,1,1,1
2026-09-25T20:30:00Z,2026-09-25T21:00:00Z,30,,,,0,1,,,,0,1,5236.0,2026-09-24T01:50:10Z,2559.8333333333335,1,1,773.0,2026-09-24T01:50:10Z,2559.8333333333335,1,1,4463.0,2026-09-24T01:50:10Z,2559.8333333333335,1,1,,,,0,1,,,,0,1,,,,0,1,,,,0,1,,,,0,1,,,,0,1,500.0,2026-09-23T06:00:11Z,3749.8166666666666,1,1,530.0,2026-09-23T06:00:11Z,3749.8166666666666,1,1,513.0,2026-09-23T06:00:11Z,3749.8166666666666,1,1,500.0,2026-09-23T06:00:11Z,3749.8166666666666,1,1,500.0,2026-09-23T06:00:11Z,3749.8166666666666,1,1,504.0,2026-09-23T06:00:11Z,3749.8166666666666,1,1,,,,0,1,,,,0,1,,,,0,1,2902.0475,2026-09-24T00:13:43Z,2656.2833333333333,1,1,2902.0475,2026-09-24T00:13:40Z,2656.3333333333335,1,1,667.5495,2026-09-24T00:13:40Z,2656.3333333333335,1,1,2234.498,2026-09-24T00:13:40Z,2656.3333333333335,1,1,3245.221,2026-09-24T01:00:36Z,,2609.4,1,1,-17.557,2026-09-24T01:47:45Z,2026-09-24T01:30:00Z,2562.25,1,1,97.77,2026-09-24T01:47:45Z,2026-09-24T01:30:00Z,2562.25,1,1,9799.771,2026-09-24T01:47:45Z,2026-09-24T01:30:00Z,2562.25,1,1,4254.922,2026-09-24T01:47:45Z,2026-09-24T01:30:00Z,2562.25,1,1,353.766,2026-09-24T01:47:45Z,2026-09-24T01:30:00Z,2562.25,1,1,-37.505,2026-09-24T01:30:05Z,2026-09-24T01:00:00Z,2579.9166666666665,1,1,105.91,2026-09-24T01:30:05Z,2026-09-24T01:00:00Z,2579.9166666666665,1,1,0.024,2026-09-24T01:00:37Z,,2609.383333333333,1,1,0.0,2026-09-24T01:00:37Z,,2609.383333333333,1,1,3437.2105,254.74650000000003,204.605,372.545,2026-08-31T23:00:00Z,35850.0,1,,,,,3901.1559999999995,,,,,1,1,1,1,1,1,0,0,0,0,0,0,0,0,0,1,1,1,1,1,1,1,1,1,1,1,1,1,1,1,1,1,1,0,0,0,0,0,0,0,0,0,0,0,0,0,0,0,0,0,0,1,1,1,1,1,1,1,1,1,0,0,0,0,0,0,0,0,0,0,0,0,0,0,1,0,0,0,0,0,0,0,0,0,0,0,0,0,0,0,0,0,0,0,0,0,0,0,0,0,0,0,0,0,0,0,1,0,0,0,1,0,1,1,1,1,0,1,1,1,1
2026-09-25T20:30:00Z,2026-09-25T21:30:00Z,60,,,,0,1,,,,0,1,5018.0,2026-09-24T01:50:10Z,2559.8333333333335,1,1,729.0,2026-09-24T01:50:10Z,2559.8333333333335,1,1,4289.0,2026-09-24T01:50:10Z,2559.8333333333335,1,1,,,,0,1,,,,0,1,,,,0,1,,,,0,1,,,,0,1,,,,0,1,500.0,2026-09-23T06:00:11Z,3749.8166666666666,1,1,530.0,2026-09-23T06:00:11Z,3749.8166666666666,1,1,513.0,2026-09-23T06:00:11Z,3749.8166666666666,1,1,500.0,2026-09-23T06:00:11Z,3749.8166666666666,1,1,500.0,2026-09-23T06:00:11Z,3749.8166666666666,1,1,504.0,2026-09-23T06:00:11Z,3749.8166666666666,1,1,,,,0,1,,,,0,1,,,,0,1,3001.955,2026-09-24T00:13:43Z,2656.2833333333333,1,1,3001.955,2026-09-24T00:13:40Z,2656.3333333333335,1,1,690.9285,2026-09-24T00:13:40Z,2656.3333333333335,1,1,2311.0265,2026-09-24T00:13:40Z,2656.3333333333335,1,1,3245.221,2026-09-24T01:00:36Z,,2609.4,1,1,-17.557,2026-09-24T01:47:45Z,2026-09-24T01:30:00Z,2562.25,1,1,97.77,2026-09-24T01:47:45Z,2026-09-24T01:30:00Z,2562.25,1,1,9799.771,2026-09-24T01:47:45Z,2026-09-24T01:30:00Z,2562.25,1,1,4254.922,2026-09-24T01:47:45Z,2026-09-24T01:30:00Z,2562.25,1,1,353.766,2026-09-24T01:47:45Z,2026-09-24T01:30:00Z,2562.25,1,1,-37.505,2026-09-24T01:30:05Z,2026-09-24T01:00:00Z,2579.9166666666665,1,1,105.91,2026-09-24T01:30:05Z,2026-09-24T01:00:00Z,2579.9166666666665,1,1,0.024,2026-09-24T01:00:37Z,,2609.383333333333,1,1,0.0,2026-09-24T01:00:37Z,,2609.383333333333,1,1,3437.2105,254.74650000000003,204.605,372.545,2026-08-31T23:00:00Z,35850.0,1,,,,,3901.1559999999995,,,,,1,1,1,1,1,1,0,0,0,0,0,0,0,0,0,1,1,1,1,1,1,1,1,1,1,1,1,1,1,1,1,1,1,0,0,0,0,0,0,0,0,0,0,0,0,0,0,0,0,0,0,1,1,1,1,1,1,1,1,1,0,0,0,0,0,0,0,0,0,0,0,0,0,0,1,0,0,0,0,0,0,0,0,0,0,0,0,0,0,0,0,0,0,0,0,0,0,0,0,0,0,0,0,0,0,0,1,0,0,0,1,0,1,1,1,1,0,1,1,1,1
2026-09-25T21:00:00Z,2026-09-25T21:30:00Z,30,,,,0,1,,,,0,1,5018.0,2026-09-24T01:50:10Z,2589.8333333333335,1,1,729.0,2026-09-24T01:50:10Z,2589.8333333333335,1,1,4289.0,2026-09-24T01:50:10Z,2589.8333333333335,1,1,,,,0,1,,,,0,1,,,,0,1,,,,0,1,,,,0,1,,,,0,1,500.0,2026-09-23T06:00:11Z,3779.8166666666666,1,1,530.0,2026-09-23T06:00:11Z,3779.8166666666666,1,1,513.0,2026-09-23T06:00:11Z,3779.8166666666666,1,1,500.0,2026-09-23T06:00:11Z,3779.8166666666666,1,1,500.0,2026-09-23T06:00:11Z,3779.8166666666666,1,1,504.0,2026-09-23T06:00:11Z,3779.8166666666666,1,1,,,,0,1,,,,0,1,,,,0,1,3001.955,2026-09-24T00:13:43Z,2686.2833333333333,1,1,3001.955,2026-09-24T00:13:40Z,2686.3333333333335,1,1,690.9285,2026-09-24T00:13:40Z,2686.3333333333335,1,1,2311.0265,2026-09-24T00:13:40Z,2686.3333333333335,1,1,3245.221,2026-09-24T01:00:36Z,,2639.4,1,1,-17.557,2026-09-24T01:47:45Z,2026-09-24T01:30:00Z,2592.25,1,1,97.77,2026-09-24T01:47:45Z,2026-09-24T01:30:00Z,2592.25,1,1,9799.771,2026-09-24T01:47:45Z,2026-09-24T01:30:00Z,2592.25,1,1,4254.922,2026-09-24T01:47:45Z,2026-09-24T01:30:00Z,2592.25,1,1,353.766,2026-09-24T01:47:45Z,2026-09-24T01:30:00Z,2592.25,1,1,-37.505,2026-09-24T01:30:05Z,2026-09-24T01:00:00Z,2609.9166666666665,1,1,105.91,2026-09-24T01:30:05Z,2026-09-24T01:00:00Z,2609.9166666666665,1,1,0.024,2026-09-24T01:00:37Z,,2639.383333333333,1,1,0.0,2026-09-24T01:00:37Z,,2639.383333333333,1,1,3437.2105,254.74650000000003,204.605,372.545,2026-08-31T23:00:00Z,35880.0,1,,,,,3901.1559999999995,,,,,1,1,1,1,1,1,0,0,0,0,0,0,0,0,0,1,1,1,1,1,1,1,1,1,1,1,1,1,1,1,1,1,1,0,0,0,0,0,0,0,0,0,0,0,0,0,0,0,0,0,0,1,1,1,1,1,1,1,1,1,0,0,0,0,0,0,0,0,0,0,0,0,0,0,1,0,0,0,0,0,0,0,0,0,0,0,0,0,0,0,0,0,0,0,0,0,0,0,0,0,0,0,0,0,0,0,1,0,0,0,1,0,1,1,1,1,0,1,1,1,1
2026-09-25T21:00:00Z,2026-09-25T22:00:00Z,60,,,,0,1,,,,0,1,4809.0,2026-09-24T01:50:10Z,2589.8333333333335,1,1,659.0,2026-09-24T01:50:10Z,2589.8333333333335,1,1,4150.0,2026-09-24T01:50:10Z,2589.8333333333335,1,1,,,,0,1,,,,0,1,,,,0,1,,,,0,1,,,,0,1,,,,0,1,,,,0,1,,,,0,1,,,,0,1,,,,0,1,,,,0,1,,,,0,1,,,,0,1,,,,0,1,,,,0,1,3090.7925,2026-09-24T00:13:43Z,2686.2833333333333,1,1,3090.7925,2026-09-24T00:13:40Z,2686.3333333333335,1,1,711.8215,2026-09-24T00:13:40Z,2686.3333333333335,1,1,2378.9709999999995,2026-09-24T00:13:40Z,2686.3333333333335,1,1,3245.221,2026-09-24T01:00:36Z,,2639.4,1,1,-17.557,2026-09-24T01:47:45Z,2026-09-24T01:30:00Z,2592.25,1,1,97.77,2026-09-24T01:47:45Z,2026-09-24T01:30:00Z,2592.25,1,1,9799.771,2026-09-24T01:47:45Z,2026-09-24T01:30:00Z,2592.25,1,1,4254.922,2026-09-24T01:47:45Z,2026-09-24T01:30:00Z,2592.25,1,1,353.766,2026-09-24T01:47:45Z,2026-09-24T01:30:00Z,2592.25,1,1,-37.505,2026-09-24T01:30:05Z,2026-09-24T01:00:00Z,2609.9166666666665,1,1,105.91,2026-09-24T01:30:05Z,2026-09-24T01:00:00Z,2609.9166666666665,1,1,0.024,2026-09-24T01:00:37Z,,2639.383333333333,1,1,0.0,2026-09-24T01:00:37Z,,2639.383333333333,1,1,3437.2105,254.74650000000003,204.605,372.545,2026-08-31T23:00:00Z,35880.0,1,,,,,3901.1559999999995,,,,,1,1,1,1,1,1,0,0,0,0,0,0,0,0,0,1,1,1,1,1,1,1,1,1,1,1,1,1,1,1,1,1,1,1,1,1,1,1,1,1,1,1,1,1,1,1,1,1,1,1,1,1,1,1,1,1,1,1,1,1,0,0,0,0,0,0,0,0,0,0,0,0,0,0,1,0,0,0,0,0,0,0,0,0,0,0,0,0,0,0,0,0,0,0,0,0,0,0,0,0,0,0,0,0,0,0,1,0,0,0,1,0,1,1,1,1,0,1,1,1,1
2026-09-25T21:30:00Z,2026-09-25T22:00:00Z,30,,,,0,1,,,,0,1,4809.0,2026-09-24T01:50:10Z,2619.8333333333335,1,1,659.0,2026-09-24T01:50:10Z,2619.8333333333335,1,1,4150.0,2026-09-24T01:50:10Z,2619.8333333333335,1,1,,,,0,1,,,,0,1,,,,0,1,,,,0,1,,,,0,1,,,,0,1,,,,0,1,,,,0,1,,,,0,1,,,,0,1,,,,0,1,,,,0,1,,,,0,1,,,,0,1,,,,0,1,3090.7925,2026-09-24T00:13:43Z,2716.2833333333333,1,1,3090.7925,2026-09-24T00:13:40Z,2716.3333333333335,1,1,711.8215,2026-09-24T00:13:40Z,2716.3333333333335,1,1,2378.9709999999995,2026-09-24T00:13:40Z,2716.3333333333335,1,1,3245.221,2026-09-24T01:00:36Z,,2669.4,1,1,-17.557,2026-09-24T01:47:45Z,2026-09-24T01:30:00Z,2622.25,1,1,97.77,2026-09-24T01:47:45Z,2026-09-24T01:30:00Z,2622.25,1,1,9799.771,2026-09-24T01:47:45Z,2026-09-24T01:30:00Z,2622.25,1,1,4254.922,2026-09-24T01:47:45Z,2026-09-24T01:30:00Z,2622.25,1,1,353.766,2026-09-24T01:47:45Z,2026-09-24T01:30:00Z,2622.25,1,1,-37.505,2026-09-24T01:30:05Z,2026-09-24T01:00:00Z,2639.9166666666665,1,1,105.91,2026-09-24T01:30:05Z,2026-09-24T01:00:00Z,2639.9166666666665,1,1,0.024,2026-09-24T01:00:37Z,,2669.383333333333,1,1,0.0,2026-09-24T01:00:37Z,,2669.383333333333,1,1,3437.2105,254.74650000000003,204.605,372.545,2026-08-31T23:00:00Z,35910.0,1,,,,,3901.1559999999995,,,,,1,1,1,1,1,1,0,0,0,0,0,0,0,0,0,1,1,1,1,1,1,1,1,1,1,1,1,1,1,1,1,1,1,1,1,1,1,1,1,1,1,1,1,1,1,1,1,1,1,1,1,1,1,1,1,1,1,1,1,1,0,0,0,0,0,0,0,0,0,0,0,0,0,0,1,0,0,0,0,0,0,0,0,0,0,0,0,0,0,0,0,0,0,0,0,0,0,0,0,0,0,0,0,0,0,0,1,0,0,0,1,0,1,1,1,1,0,1,1,1,1
2026-09-25T21:30:00Z,2026-09-25T22:30:00Z,60,,,,0,1,,,,0,1,4807.0,2026-09-24T01:50:10Z,2619.8333333333335,1,1,618.0,2026-09-24T01:50:10Z,2619.8333333333335,1,1,4189.0,2026-09-24T01:50:10Z,2619.8333333333335,1,1,,,,0,1,,,,0,1,,,,0,1,,,,0,1,,,,0,1,,,,0,1,,,,0,1,,,,0,1,,,,0,1,,,,0,1,,,,0,1,,,,0,1,,,,0,1,,,,0,1,,,,0,1,3146.4505,2026-09-24T00:13:43Z,2716.2833333333333,1,1,3146.4505,2026-09-24T00:13:40Z,2716.3333333333335,1,1,725.288,2026-09-24T00:13:40Z,2716.3333333333335,1,1,2421.1625,2026-09-24T00:13:40Z,2716.3333333333335,1,1,3245.221,2026-09-24T01:00:36Z,,2669.4,1,1,-17.557,2026-09-24T01:47:45Z,2026-09-24T01:30:00Z,2622.25,1,1,97.77,2026-09-24T01:47:45Z,2026-09-24T01:30:00Z,2622.25,1,1,9799.771,2026-09-24T01:47:45Z,2026-09-24T01:30:00Z,2622.25,1,1,4254.922,2026-09-24T01:47:45Z,2026-09-24T01:30:00Z,2622.25,1,1,353.766,2026-09-24T01:47:45Z,2026-09-24T01:30:00Z,2622.25,1,1,-37.505,2026-09-24T01:30:05Z,2026-09-24T01:00:00Z,2639.9166666666665,1,1,105.91,2026-09-24T01:30:05Z,2026-09-24T01:00:00Z,2639.9166666666665,1,1,0.024,2026-09-24T01:00:37Z,,2669.383333333333,1,1,0.0,2026-09-24T01:00:37Z,,2669.383333333333,1,1,3437.2105,254.74650000000003,204.605,372.545,2026-08-31T23:00:00Z,35910.0,1,,,,,3901.1559999999995,,,,,1,1,1,1,1,1,0,0,0,0,0,0,0,0,0,1,1,1,1,1,1,1,1,1,1,1,1,1,1,1,1,1,1,1,1,1,1,1,1,1,1,1,1,1,1,1,1,1,1,1,1,1,1,1,1,1,1,1,1,1,0,0,0,0,0,0,0,0,0,0,0,0,0,0,1,0,0,0,0,0,0,0,0,0,0,0,0,0,0,0,0,0,0,0,0,0,0,0,0,0,0,0,0,0,0,0,1,0,0,0,1,0,1,1,1,1,0,1,1,1,1
2026-09-25T22:00:00Z,2026-09-25T22:30:00Z,30,,,,0,1,,,,0,1,4807.0,2026-09-24T01:50:10Z,2649.8333333333335,1,1,618.0,2026-09-24T01:50:10Z,2649.8333333333335,1,1,4189.0,2026-09-24T01:50:10Z,2649.8333333333335,1,1,,,,0,1,,,,0,1,,,,0,1,,,,0,1,,,,0,1,,,,0,1,,,,0,1,,,,0,1,,,,0,1,,,,0,1,,,,0,1,,,,0,1,,,,0,1,,,,0,1,,,,0,1,3146.4505,2026-09-24T00:13:43Z,2746.2833333333333,1,1,3146.4505,2026-09-24T00:13:40Z,2746.3333333333335,1,1,725.288,2026-09-24T00:13:40Z,2746.3333333333335,1,1,2421.1625,2026-09-24T00:13:40Z,2746.3333333333335,1,1,3245.221,2026-09-24T01:00:36Z,,2699.4,1,1,-17.557,2026-09-24T01:47:45Z,2026-09-24T01:30:00Z,2652.25,1,1,97.77,2026-09-24T01:47:45Z,2026-09-24T01:30:00Z,2652.25,1,1,9799.771,2026-09-24T01:47:45Z,2026-09-24T01:30:00Z,2652.25,1,1,4254.922,2026-09-24T01:47:45Z,2026-09-24T01:30:00Z,2652.25,1,1,353.766,2026-09-24T01:47:45Z,2026-09-24T01:30:00Z,2652.25,1,1,-37.505,2026-09-24T01:30:05Z,2026-09-24T01:00:00Z,2669.9166666666665,1,1,105.91,2026-09-24T01:30:05Z,2026-09-24T01:00:00Z,2669.9166666666665,1,1,0.024,2026-09-24T01:00:37Z,,2699.383333333333,1,1,0.0,2026-09-24T01:00:37Z,,2699.383333333333,1,1,3437.2105,254.74650000000003,204.605,372.545,2026-08-31T23:00:00Z,35940.0,1,,,,,3901.1559999999995,,,,,1,1,1,1,1,1,0,0,0,0,0,0,0,0,0,1,1,1,1,1,1,1,1,1,1,1,1,1,1,1,1,1,1,1,1,1,1,1,1,1,1,1,1,1,1,1,1,1,1,1,1,1,1,1,1,1,1,1,1,1,0,0,0,0,0,0,0,0,0,0,0,0,0,0,1,0,0,0,0,0,0,0,0,0,0,0,0,0,0,0,0,0,0,0,0,0,0,0,0,0,0,0,0,0,0,0,1,0,0,0,1,0,1,1,1,1,0,1,1,1,1
2026-09-25T22:00:00Z,2026-09-25T23:00:00Z,60,,,,0,1,,,,0,1,4704.0,2026-09-24T01:50:10Z,2649.8333333333335,1,1,565.0,2026-09-24T01:50:10Z,2649.8333333333335,1,1,4139.0,2026-09-24T01:50:10Z,2649.8333333333335,1,1,,,,0,1,,,,0,1,,,,0,1,,,,0,1,,,,0,1,,,,0,1,,,,0,1,,,,0,1,,,,0,1,,,,0,1,,,,0,1,,,,0,1,,,,0,1,,,,0,1,,,,0,1,3188.103,2026-09-24T00:13:43Z,2746.2833333333333,1,1,3188.103,2026-09-24T00:13:40Z,2746.3333333333335,1,1,734.873,2026-09-24T00:13:40Z,2746.3333333333335,1,1,2453.23,2026-09-24T00:13:40Z,2746.3333333333335,1,1,3245.221,2026-09-24T01:00:36Z,,2699.4,1,1,-17.557,2026-09-24T01:47:45Z,2026-09-24T01:30:00Z,2652.25,1,1,97.77,2026-09-24T01:47:45Z,2026-09-24T01:30:00Z,2652.25,1,1,9799.771,2026-09-24T01:47:45Z,2026-09-24T01:30:00Z,2652.25,1,1,4254.922,2026-09-24T01:47:45Z,2026-09-24T01:30:00Z,2652.25,1,1,353.766,2026-09-24T01:47:45Z,2026-09-24T01:30:00Z,2652.25,1,1,-37.505,2026-09-24T01:30:05Z,2026-09-24T01:00:00Z,2669.9166666666665,1,1,105.91,2026-09-24T01:30:05Z,2026-09-24T01:00:00Z,2669.9166666666665,1,1,0.024,2026-09-24T01:00:37Z,,2699.383333333333,1,1,0.0,2026-09-24T01:00:37Z,,2699.383333333333,1,1,3437.2105,254.74650000000003,204.605,372.545,2026-08-31T23:00:00Z,35940.0,1,,,,,3901.1559999999995,,,,,1,1,1,1,1,1,0,0,0,0,0,0,0,0,0,1,1,1,1,1,1,1,1,1,1,1,1,1,1,1,1,1,1,1,1,1,1,1,1,1,1,1,1,1,1,1,1,1,1,1,1,1,1,1,1,1,1,1,1,1,0,0,0,0,0,0,0,0,0,0,0,0,0,0,1,0,0,0,0,0,0,0,0,0,0,0,0,0,0,0,0,0,0,0,0,0,0,0,0,0,0,0,0,0,0,0,1,0,0,0,1,0,1,1,1,1,0,1,1,1,1
2026-09-25T22:30:00Z,2026-09-25T23:00:00Z,30,,,,0,1,,,,0,1,4704.0,2026-09-24T01:50:10Z,2679.8333333333335,1,1,565.0,2026-09-24T01:50:10Z,2679.8333333333335,1,1,4139.0,2026-09-24T01:50:10Z,2679.8333333333335,1,1,,,,0,1,,,,0,1,,,,0,1,,,,0,1,,,,0,1,,,,0,1,,,,0,1,,,,0,1,,,,0,1,,,,0,1,,,,0,1,,,,0,1,,,,0,1,,,,0,1,,,,0,1,3188.103,2026-09-24T00:13:43Z,2776.2833333333333,1,1,3188.103,2026-09-24T00:13:40Z,2776.3333333333335,1,1,734.873,2026-09-24T00:13:40Z,2776.3333333333335,1,1,2453.23,2026-09-24T00:13:40Z,2776.3333333333335,1,1,3245.221,2026-09-24T01:00:36Z,,2729.4,1,1,-17.557,2026-09-24T01:47:45Z,2026-09-24T01:30:00Z,2682.25,1,1,97.77,2026-09-24T01:47:45Z,2026-09-24T01:30:00Z,2682.25,1,1,9799.771,2026-09-24T01:47:45Z,2026-09-24T01:30:00Z,2682.25,1,1,4254.922,2026-09-24T01:47:45Z,2026-09-24T01:30:00Z,2682.25,1,1,353.766,2026-09-24T01:47:45Z,2026-09-24T01:30:00Z,2682.25,1,1,-37.505,2026-09-24T01:30:05Z,2026-09-24T01:00:00Z,2699.9166666666665,1,1,105.91,2026-09-24T01:30:05Z,2026-09-24T01:00:00Z,2699.9166666666665,1,1,0.024,2026-09-24T01:00:37Z,,2729.383333333333,1,1,0.0,2026-09-24T01:00:37Z,,2729.383333333333,1,1,3437.2105,254.74650000000003,204.605,372.545,2026-08-31T23:00:00Z,35970.0,1,,,,,3901.1559999999995,,,,,1,1,1,1,1,1,0,0,0,0,0,0,0,0,0,1,1,1,1,1,1,1,1,1,1,1,1,1,1,1,1,1,1,1,1,1,1,1,1,1,1,1,1,1,1,1,1,1,1,1,1,1,1,1,1,1,1,1,1,1,0,0,0,0,0,0,0,0,0,0,0,0,0,0,1,0,0,0,0,0,0,0,0,0,0,0,0,0,0,0,0,0,0,0,0,0,0,0,0,0,0,0,0,0,0,0,1,0,0,0,1,0,1,1,1,1,0,1,1,1,1
2026-09-25T22:30:00Z,2026-09-25T23:30:00Z,60,,,,0,1,,,,0,1,4522.0,2026-09-24T01:50:10Z,2679.8333333333335,1,1,541.0,2026-09-24T01:50:10Z,2679.8333333333335,1,1,3981.0,2026-09-24T01:50:10Z,2679.8333333333335,1,1,,,,0,1,,,,0,1,,,,0,1,,,,0,1,,,,0,1,,,,0,1,,,,0,1,,,,0,1,,,,0,1,,,,0,1,,,,0,1,,,,0,1,,,,0,1,,,,0,1,,,,0,1,3187.726,2026-09-24T00:13:43Z,2776.2833333333333,1,1,3187.726,2026-09-24T00:13:40Z,2776.3333333333335,1,1,732.806,2026-09-24T00:13:40Z,2776.3333333333335,1,1,2454.92,2026-09-24T00:13:40Z,2776.3333333333335,1,1,3245.221,2026-09-24T01:00:36Z,,2729.4,1,1,-17.557,2026-09-24T01:47:45Z,2026-09-24T01:30:00Z,2682.25,1,1,97.77,2026-09-24T01:47:45Z,2026-09-24T01:30:00Z,2682.25,1,1,9799.771,2026-09-24T01:47:45Z,2026-09-24T01:30:00Z,2682.25,1,1,4254.922,2026-09-24T01:47:45Z,2026-09-24T01:30:00Z,2682.25,1,1,353.766,2026-09-24T01:47:45Z,2026-09-24T01:30:00Z,2682.25,1,1,-37.505,2026-09-24T01:30:05Z,2026-09-24T01:00:00Z,2699.9166666666665,1,1,105.91,2026-09-24T01:30:05Z,2026-09-24T01:00:00Z,2699.9166666666665,1,1,0.024,2026-09-24T01:00:37Z,,2729.383333333333,1,1,0.0,2026-09-24T01:00:37Z,,2729.383333333333,1,1,3437.2105,254.74650000000003,204.605,372.545,2026-08-31T23:00:00Z,35970.0,1,,,,,3901.1559999999995,,,,,1,1,1,1,1,1,0,0,0,0,0,0,0,0,0,1,1,1,1,1,1,1,1,1,1,1,1,1,1,1,1,1,1,1,1,1,1,1,1,1,1,1,1,1,1,1,1,1,1,1,1,1,1,1,1,1,1,1,1,1,0,0,0,0,0,0,0,0,0,0,0,0,0,0,1,0,0,0,0,0,0,0,0,0,0,0,0,0,0,0,0,0,0,0,0,0,0,0,0,0,0,0,0,0,0,0,1,0,0,0,1,0,1,1,1,1,0,1,1,1,1
2026-09-25T23:00:00Z,2026-09-25T23:30:00Z,30,,,,0,1,,,,0,1,4522.0,2026-09-24T01:50:10Z,2709.8333333333335,1,1,541.0,2026-09-24T01:50:10Z,2709.8333333333335,1,1,3981.0,2026-09-24T01:50:10Z,2709.8333333333335,1,1,,,,0,1,,,,0,1,,,,0,1,,,,0,1,,,,0,1,,,,0,1,,,,0,1,,,,0,1,,,,0,1,,,,0,1,,,,0,1,,,,0,1,,,,0,1,,,,0,1,,,,0,1,3187.726,2026-09-24T00:13:43Z,2806.2833333333333,1,1,3187.726,2026-09-24T00:13:40Z,2806.3333333333335,1,1,732.806,2026-09-24T00:13:40Z,2806.3333333333335,1,1,2454.92,2026-09-24T00:13:40Z,2806.3333333333335,1,1,3245.221,2026-09-24T01:00:36Z,,2759.4,1,1,-17.557,2026-09-24T01:47:45Z,2026-09-24T01:30:00Z,2712.25,1,1,97.77,2026-09-24T01:47:45Z,2026-09-24T01:30:00Z,2712.25,1,1,9799.771,2026-09-24T01:47:45Z,2026-09-24T01:30:00Z,2712.25,1,1,4254.922,2026-09-24T01:47:45Z,2026-09-24T01:30:00Z,2712.25,1,1,353.766,2026-09-24T01:47:45Z,2026-09-24T01:30:00Z,2712.25,1,1,-37.505,2026-09-24T01:30:05Z,2026-09-24T01:00:00Z,2729.9166666666665,1,1,105.91,2026-09-24T01:30:05Z,2026-09-24T01:00:00Z,2729.9166666666665,1,1,0.024,2026-09-24T01:00:37Z,,2759.383333333333,1,1,0.0,2026-09-24T01:00:37Z,,2759.383333333333,1,1,3437.2105,254.74650000000003,204.605,372.545,2026-08-31T23:00:00Z,36000.0,1,,,,,3901.1559999999995,,,,,1,1,1,1,1,1,0,0,0,0,0,0,0,0,0,1,1,1,1,1,1,1,1,1,1,1,1,1,1,1,1,1,1,1,1,1,1,1,1,1,1,1,1,1,1,1,1,1,1,1,1,1,1,1,1,1,1,1,1,1,0,0,0,0,0,0,0,0,0,0,0,0,0,0,1,0,0,0,0,0,0,0,0,0,0,0,0,0,0,0,0,0,0,0,0,0,0,0,0,0,0,0,0,0,0,0,1,0,0,0,1,0,1,1,1,1,0,1,1,1,1
2026-09-25T23:00:00Z,2026-09-26T00:00:00Z,60,,,,0,1,,,,0,1,4431.0,2026-09-24T01:50:10Z,2709.8333333333335,1,1,533.0,2026-09-24T01:50:10Z,2709.8333333333335,1,1,3898.0,2026-09-24T01:50:10Z,2709.8333333333335,1,1,,,,0,1,,,,0,1,,,,0,1,,,,0,1,,,,0,1,,,,0,1,,,,0,1,,,,0,1,,,,0,1,,,,0,1,,,,0,1,,,,0,1,,,,0,1,,,,0,1,,,,0,1,3178.9695,2026-09-24T00:13:43Z,2806.2833333333333,1,1,3178.9695,2026-09-24T00:13:40Z,2806.3333333333335,1,1,729.2415000000001,2026-09-24T00:13:40Z,2806.3333333333335,1,1,2449.728,2026-09-24T00:13:40Z,2806.3333333333335,1,1,3245.221,2026-09-24T01:00:36Z,,2759.4,1,1,-17.557,2026-09-24T01:47:45Z,2026-09-24T01:30:00Z,2712.25,1,1,97.77,2026-09-24T01:47:45Z,2026-09-24T01:30:00Z,2712.25,1,1,9799.771,2026-09-24T01:47:45Z,2026-09-24T01:30:00Z,2712.25,1,1,4254.922,2026-09-24T01:47:45Z,2026-09-24T01:30:00Z,2712.25,1,1,353.766,2026-09-24T01:47:45Z,2026-09-24T01:30:00Z,2712.25,1,1,-37.505,2026-09-24T01:30:05Z,2026-09-24T01:00:00Z,2729.9166666666665,1,1,105.91,2026-09-24T01:30:05Z,2026-09-24T01:00:00Z,2729.9166666666665,1,1,0.024,2026-09-24T01:00:37Z,,2759.383333333333,1,1,0.0,2026-09-24T01:00:37Z,,2759.383333333333,1,1,3437.2105,254.74650000000003,204.605,372.545,2026-08-31T23:00:00Z,36000.0,1,,,,,3901.1559999999995,,,,,1,1,1,1,1,1,0,0,0,0,0,0,0,0,0,1,1,1,1,1,1,1,1,1,1,1,1,1,1,1,1,1,1,1,1,1,1,1,1,1,1,1,1,1,1,1,1,1,1,1,1,1,1,1,1,1,1,1,1,1,0,0,0,0,0,0,0,0,0,0,0,0,0,0,1,0,0,0,0,0,0,0,0,0,0,0,0,0,0,0,0,0,0,0,0,0,0,0,0,0,0,0,0,0,0,0,1,0,0,0,1,0,1,1,1,1,0,1,1,1,1
2026-09-25T23:30:00Z,2026-09-26T00:00:00Z,30,,,,0,1,,,,0,1,4431.0,2026-09-24T01:50:10Z,2739.8333333333335,1,1,533.0,2026-09-24T01:50:10Z,2739.8333333333335,1,1,3898.0,2026-09-24T01:50:10Z,2739.8333333333335,1,1,,,,0,1,,,,0,1,,,,0,1,,,,0,1,,,,0,1,,,,0,1,,,,0,1,,,,0,1,,,,0,1,,,,0,1,,,,0,1,,,,0,1,,,,0,1,,,,0,1,,,,0,1,3178.9695,2026-09-24T00:13:43Z,2836.2833333333333,1,1,3178.9695,2026-09-24T00:13:40Z,2836.3333333333335,1,1,729.2415000000001,2026-09-24T00:13:40Z,2836.3333333333335,1,1,2449.728,2026-09-24T00:13:40Z,2836.3333333333335,1,1,3245.221,2026-09-24T01:00:36Z,,2789.4,1,1,-17.557,2026-09-24T01:47:45Z,2026-09-24T01:30:00Z,2742.25,1,1,97.77,2026-09-24T01:47:45Z,2026-09-24T01:30:00Z,2742.25,1,1,9799.771,2026-09-24T01:47:45Z,2026-09-24T01:30:00Z,2742.25,1,1,4254.922,2026-09-24T01:47:45Z,2026-09-24T01:30:00Z,2742.25,1,1,353.766,2026-09-24T01:47:45Z,2026-09-24T01:30:00Z,2742.25,1,1,-37.505,2026-09-24T01:30:05Z,2026-09-24T01:00:00Z,2759.9166666666665,1,1,105.91,2026-09-24T01:30:05Z,2026-09-24T01:00:00Z,2759.9166666666665,1,1,0.024,2026-09-24T01:00:37Z,,2789.383333333333,1,1,0.0,2026-09-24T01:00:37Z,,2789.383333333333,1,1,3437.2105,254.74650000000003,204.605,372.545,2026-08-31T23:00:00Z,36030.0,1,,,,,3901.1559999999995,,,,,1,1,1,1,1,1,0,0,0,0,0,0,0,0,0,1,1,1,1,1,1,1,1,1,1,1,1,1,1,1,1,1,1,1,1,1,1,1,1,1,1,1,1,1,1,1,1,1,1,1,1,1,1,1,1,1,1,1,1,1,0,0,0,0,0,0,0,0,0,0,0,0,0,0,1,0,0,0,0,0,0,0,0,0,0,0,0,0,0,0,0,0,0,0,0,0,0,0,0,0,0,0,0,0,0,0,1,0,0,0,1,0,1,1,1,1,0,1,1,1,1
2026-09-25T23:30:00Z,2026-09-26T00:30:00Z,60,,,,0,1,,,,0,1,4311.0,2026-09-24T01:50:10Z,2739.8333333333335,1,1,519.0,2026-09-24T01:50:10Z,2739.8333333333335,1,1,3792.0,2026-09-24T01:50:10Z,2739.8333333333335,1,1,,,,0,1,,,,0,1,,,,0,1,,,,0,1,,,,0,1,,,,0,1,,,,0,1,,,,0,1,,,,0,1,,,,0,1,,,,0,1,,,,0,1,,,,0,1,,,,0,1,,,,0,1,3145.049,2026-09-24T00:13:43Z,2836.2833333333333,1,1,3145.049,2026-09-24T00:13:40Z,2836.3333333333335,1,1,721.1700000000001,2026-09-24T00:13:40Z,2836.3333333333335,1,1,2423.879,2026-09-24T00:13:40Z,2836.3333333333335,1,1,3245.221,2026-09-24T01:00:36Z,,2789.4,1,1,-17.557,2026-09-24T01:47:45Z,2026-09-24T01:30:00Z,2742.25,1,1,97.77,2026-09-24T01:47:45Z,2026-09-24T01:30:00Z,2742.25,1,1,9799.771,2026-09-24T01:47:45Z,2026-09-24T01:30:00Z,2742.25,1,1,4254.922,2026-09-24T01:47:45Z,2026-09-24T01:30:00Z,2742.25,1,1,353.766,2026-09-24T01:47:45Z,2026-09-24T01:30:00Z,2742.25,1,1,-37.505,2026-09-24T01:30:05Z,2026-09-24T01:00:00Z,2759.9166666666665,1,1,105.91,2026-09-24T01:30:05Z,2026-09-24T01:00:00Z,2759.9166666666665,1,1,0.024,2026-09-24T01:00:37Z,,2789.383333333333,1,1,0.0,2026-09-24T01:00:37Z,,2789.383333333333,1,1,3437.2105,254.74650000000003,204.605,372.545,2026-08-31T23:00:00Z,36030.0,1,,,,,3901.1559999999995,,,,,1,1,1,1,1,1,0,0,0,0,0,0,0,0,0,1,1,1,1,1,1,1,1,1,1,1,1,1,1,1,1,1,1,1,1,1,1,1,1,1,1,1,1,1,1,1,1,1,1,1,1,1,1,1,1,1,1,1,1,1,0,0,0,0,0,0,0,0,0,0,0,0,0,0,1,0,0,0,0,0,0,0,0,0,0,0,0,0,0,0,0,0,0,0,0,0,0,0,0,0,0,0,0,0,0,0,1,0,0,0,1,0,1,1,1,1,0,1,1,1,1
2026-09-26T00:00:00Z,2026-09-26T00:30:00Z,30,,,,0,1,,,,0,1,4311.0,2026-09-24T01:50:10Z,2769.8333333333335,1,1,519.0,2026-09-24T01:50:10Z,2769.8333333333335,1,1,3792.0,2026-09-24T01:50:10Z,2769.8333333333335,1,1,,,,0,1,,,,0,1,,,,0,1,,,,0,1,,,,0,1,,,,0,1,,,,0,1,,,,0,1,,,,0,1,,,,0,1,,,,0,1,,,,0,1,,,,0,1,,,,0,1,,,,0,1,3145.049,2026-09-24T00:13:43Z,2866.2833333333333,1,1,3145.049,2026-09-24T00:13:40Z,2866.3333333333335,1,1,721.1700000000001,2026-09-24T00:13:40Z,2866.3333333333335,1,1,2423.879,2026-09-24T00:13:40Z,2866.3333333333335,1,1,3245.221,2026-09-24T01:00:36Z,,2819.4,1,1,-17.557,2026-09-24T01:47:45Z,2026-09-24T01:30:00Z,2772.25,1,1,97.77,2026-09-24T01:47:45Z,2026-09-24T01:30:00Z,2772.25,1,1,9799.771,2026-09-24T01:47:45Z,2026-09-24T01:30:00Z,2772.25,1,1,4254.922,2026-09-24T01:47:45Z,2026-09-24T01:30:00Z,2772.25,1,1,353.766,2026-09-24T01:47:45Z,2026-09-24T01:30:00Z,2772.25,1,1,-37.505,2026-09-24T01:30:05Z,2026-09-24T01:00:00Z,2789.9166666666665,1,1,105.91,2026-09-24T01:30:05Z,2026-09-24T01:00:00Z,2789.9166666666665,1,1,0.024,2026-09-24T01:00:37Z,,2819.383333333333,1,1,0.0,2026-09-24T01:00:37Z,,2819.383333333333,1,1,3437.2105,254.74650000000003,204.605,372.545,2026-08-31T23:00:00Z,36060.0,1,,,,,3901.1559999999995,,,,,1,1,1,1,1,1,0,0,0,0,0,0,0,0,0,1,1,1,1,1,1,1,1,1,1,1,1,1,1,1,1,1,1,1,1,1,1,1,1,1,1,1,1,1,1,1,1,1,1,1,1,1,1,1,1,1,1,1,1,1,0,0,0,0,0,0,0,0,0,0,0,0,0,0,1,0,0,0,0,0,0,0,0,0,0,0,0,0,0,0,0,0,0,0,0,0,0,0,0,0,0,0,0,0,0,0,1,0,0,0,1,0,1,1,1,1,0,1,1,1,1
2026-09-26T00:00:00Z,2026-09-26T01:00:00Z,60,,,,0,1,,,,0,1,4263.0,2026-09-24T01:50:10Z,2769.8333333333335,1,1,528.0,2026-09-24T01:50:10Z,2769.8333333333335,1,1,3735.0,2026-09-24T01:50:10Z,2769.8333333333335,1,1,,,,0,1,,,,0,1,,,,0,1,,,,0,1,,,,0,1,,,,0,1,,,,0,1,,,,0,1,,,,0,1,,,,0,1,,,,0,1,,,,0,1,,,,0,1,,,,0,1,,,,0,1,3104.621,2026-09-24T00:13:43Z,2866.2833333333333,1,1,3104.621,2026-09-24T00:13:40Z,2866.3333333333335,1,1,709.293,2026-09-24T00:13:40Z,2866.3333333333335,1,1,2395.328,2026-09-24T00:13:40Z,2866.3333333333335,1,1,3245.221,2026-09-24T01:00:36Z,,2819.4,1,1,-17.557,2026-09-24T01:47:45Z,2026-09-24T01:30:00Z,2772.25,1,1,97.77,2026-09-24T01:47:45Z,2026-09-24T01:30:00Z,2772.25,1,1,9799.771,2026-09-24T01:47:45Z,2026-09-24T01:30:00Z,2772.25,1,1,4254.922,2026-09-24T01:47:45Z,2026-09-24T01:30:00Z,2772.25,1,1,353.766,2026-09-24T01:47:45Z,2026-09-24T01:30:00Z,2772.25,1,1,-37.505,2026-09-24T01:30:05Z,2026-09-24T01:00:00Z,2789.9166666666665,1,1,105.91,2026-09-24T01:30:05Z,2026-09-24T01:00:00Z,2789.9166666666665,1,1,0.024,2026-09-24T01:00:37Z,,2819.383333333333,1,1,0.0,2026-09-24T01:00:37Z,,2819.383333333333,1,1,3437.2105,254.74650000000003,204.605,372.545,2026-08-31T23:00:00Z,36060.0,1,,,,,3901.1559999999995,,,,,1,1,1,1,1,1,0,0,0,0,0,0,0,0,0,1,1,1,1,1,1,1,1,1,1,1,1,1,1,1,1,1,1,1,1,1,1,1,1,1,1,1,1,1,1,1,1,1,1,1,1,1,1,1,1,1,1,1,1,1,0,0,0,0,0,0,0,0,0,0,0,0,0,0,1,0,0,0,0,0,0,0,0,0,0,0,0,0,0,0,0,0,0,0,0,0,0,0,0,0,0,0,0,0,0,0,1,0,0,0,1,0,1,1,1,1,0,1,1,1,1
2026-09-26T00:30:00Z,2026-09-26T01:00:00Z,30,,,,0,1,,,,0,1,4263.0,2026-09-24T01:50:10Z,2799.8333333333335,1,1,528.0,2026-09-24T01:50:10Z,2799.8333333333335,1,1,3735.0,2026-09-24T01:50:10Z,2799.8333333333335,1,1,,,,0,1,,,,0,1,,,,0,1,,,,0,1,,,,0,1,,,,0,1,,,,0,1,,,,0,1,,,,0,1,,,,0,1,,,,0,1,,,,0,1,,,,0,1,,,,0,1,,,,0,1,3104.621,2026-09-24T00:13:43Z,2896.2833333333333,1,1,3104.621,2026-09-24T00:13:40Z,2896.3333333333335,1,1,709.293,2026-09-24T00:13:40Z,2896.3333333333335,1,1,2395.328,2026-09-24T00:13:40Z,2896.3333333333335,1,1,3245.221,2026-09-24T01:00:36Z,,2849.4,1,1,-17.557,2026-09-24T01:47:45Z,2026-09-24T01:30:00Z,2802.25,1,1,97.77,2026-09-24T01:47:45Z,2026-09-24T01:30:00Z,2802.25,1,1,9799.771,2026-09-24T01:47:45Z,2026-09-24T01:30:00Z,2802.25,1,1,4254.922,2026-09-24T01:47:45Z,2026-09-24T01:30:00Z,2802.25,1,1,353.766,2026-09-24T01:47:45Z,2026-09-24T01:30:00Z,2802.25,1,1,-37.505,2026-09-24T01:30:05Z,2026-09-24T01:00:00Z,2819.9166666666665,1,1,105.91,2026-09-24T01:30:05Z,2026-09-24T01:00:00Z,2819.9166666666665,1,1,0.024,2026-09-24T01:00:37Z,,2849.383333333333,1,1,0.0,2026-09-24T01:00:37Z,,2849.383333333333,1,1,3437.2105,254.74650000000003,204.605,372.545,2026-08-31T23:00:00Z,36090.0,1,,,,,3901.1559999999995,,,,,1,1,1,1,1,1,0,0,0,0,0,0,0,0,0,1,1,1,1,1,1,1,1,1,1,1,1,1,1,1,1,1,1,1,1,1,1,1,1,1,1,1,1,1,1,1,1,1,1,1,1,1,1,1,1,1,1,1,1,1,0,0,0,0,0,0,0,0,0,0,0,0,0,0,1,0,0,0,0,0,0,0,0,0,0,0,0,0,0,0,0,0,0,0,0,0,0,0,0,0,0,0,0,0,0,0,1,0,0,0,1,0,1,1,1,1,0,1,1,1,1
2026-09-26T00:30:00Z,2026-09-26T01:30:00Z,60,,,,0,1,,,,0,1,4331.0,2026-09-24T01:50:10Z,2799.8333333333335,1,1,551.0,2026-09-24T01:50:10Z,2799.8333333333335,1,1,3780.0,2026-09-24T01:50:10Z,2799.8333333333335,1,1,,,,0,1,,,,0,1,,,,0,1,,,,0,1,,,,0,1,,,,0,1,,,,0,1,,,,0,1,,,,0,1,,,,0,1,,,,0,1,,,,0,1,,,,0,1,,,,0,1,,,,0,1,3044.6675,2026-09-24T00:13:43Z,2896.2833333333333,1,1,3044.6675,2026-09-24T00:13:40Z,2896.3333333333335,1,1,686.015,2026-09-24T00:13:40Z,2896.3333333333335,1,1,2358.6525,2026-09-24T00:13:40Z,2896.3333333333335,1,1,3245.221,2026-09-24T01:00:36Z,,2849.4,1,1,-17.557,2026-09-24T01:47:45Z,2026-09-24T01:30:00Z,2802.25,1,1,97.77,2026-09-24T01:47:45Z,2026-09-24T01:30:00Z,2802.25,1,1,9799.771,2026-09-24T01:47:45Z,2026-09-24T01:30:00Z,2802.25,1,1,4254.922,2026-09-24T01:47:45Z,2026-09-24T01:30:00Z,2802.25,1,1,353.766,2026-09-24T01:47:45Z,2026-09-24T01:30:00Z,2802.25,1,1,-37.505,2026-09-24T01:30:05Z,2026-09-24T01:00:00Z,2819.9166666666665,1,1,105.91,2026-09-24T01:30:05Z,2026-09-24T01:00:00Z,2819.9166666666665,1,1,0.024,2026-09-24T01:00:37Z,,2849.383333333333,1,1,0.0,2026-09-24T01:00:37Z,,2849.383333333333,1,1,3437.2105,254.74650000000003,204.605,372.545,2026-08-31T23:00:00Z,36090.0,1,,,,,3901.1559999999995,,,,,1,1,1,1,1,1,0,0,0,0,0,0,0,0,0,1,1,1,1,1,1,1,1,1,1,1,1,1,1,1,1,1,1,1,1,1,1,1,1,1,1,1,1,1,1,1,1,1,1,1,1,1,1,1,1,1,1,1,1,1,0,0,0,0,0,0,0,0,0,0,0,0,0,0,1,0,0,0,0,0,0,0,0,0,0,0,0,0,0,0,0,0,0,0,0,0,0,0,0,0,0,0,0,0,0,0,1,0,0,0,1,0,1,1,1,1,0,1,1,1,1
2026-09-26T01:00:00Z,2026-09-26T01:30:00Z,30,,,,0,1,,,,0,1,4331.0,2026-09-24T01:50:10Z,2829.8333333333335,1,1,551.0,2026-09-24T01:50:10Z,2829.8333333333335,1,1,3780.0,2026-09-24T01:50:10Z,2829.8333333333335,1,1,,,,0,1,,,,0,1,,,,0,1,,,,0,1,,,,0,1,,,,0,1,,,,0,1,,,,0,1,,,,0,1,,,,0,1,,,,0,1,,,,0,1,,,,0,1,,,,0,1,,,,0,1,3044.6675,2026-09-24T00:13:43Z,2926.2833333333333,1,1,3044.6675,2026-09-24T00:13:40Z,2926.3333333333335,1,1,686.015,2026-09-24T00:13:40Z,2926.3333333333335,1,1,2358.6525,2026-09-24T00:13:40Z,2926.3333333333335,1,1,3245.221,2026-09-24T01:00:36Z,,2879.4,1,1,-17.557,2026-09-24T01:47:45Z,2026-09-24T01:30:00Z,2832.25,1,1,97.77,2026-09-24T01:47:45Z,2026-09-24T01:30:00Z,2832.25,1,1,9799.771,2026-09-24T01:47:45Z,2026-09-24T01:30:00Z,2832.25,1,1,4254.922,2026-09-24T01:47:45Z,2026-09-24T01:30:00Z,2832.25,1,1,353.766,2026-09-24T01:47:45Z,2026-09-24T01:30:00Z,2832.25,1,1,-37.505,2026-09-24T01:30:05Z,2026-09-24T01:00:00Z,2849.9166666666665,1,1,105.91,2026-09-24T01:30:05Z,2026-09-24T01:00:00Z,2849.9166666666665,1,1,0.024,2026-09-24T01:00:37Z,,2879.383333333333,1,1,0.0,2026-09-24T01:00:37Z,,2879.383333333333,1,1,3437.2105,254.74650000000003,204.605,372.545,2026-08-31T23:00:00Z,36120.0,1,,,,,3901.1559999999995,,,,,1,1,1,1,1,1,0,0,0,0,0,0,0,0,0,1,1,1,1,1,1,1,1,1,1,1,1,1,1,1,1,1,1,1,1,1,1,1,1,1,1,1,1,1,1,1,1,1,1,1,1,1,1,1,1,1,1,1,1,1,0,0,0,0,0,0,0,0,0,0,0,0,0,0,1,0,0,0,0,0,0,0,0,0,0,0,0,0,0,0,0,0,0,0,0,0,0,0,0,0,0,0,0,0,0,0,1,0,0,0,1,0,1,1,1,1,0,1,1,1,1
2026-09-26T01:00:00Z,2026-09-26T02:00:00Z,60,,,,0,1,,,,0,1,4351.0,2026-09-24T01:50:10Z,2829.8333333333335,1,1,531.0,2026-09-24T01:50:10Z,2829.8333333333335,1,1,3820.0,2026-09-24T01:50:10Z,2829.8333333333335,1,1,,,,0,1,,,,0,1,,,,0,1,,,,0,1,,,,0,1,,,,0,1,,,,0,1,,,,0,1,,,,0,1,,,,0,1,,,,0,1,,,,0,1,,,,0,1,,,,0,1,,,,0,1,2988.5375000000004,2026-09-24T00:13:43Z,2926.2833333333333,1,1,2988.5375000000004,2026-09-24T00:13:40Z,2926.3333333333335,1,1,663.356,2026-09-24T00:13:40Z,2926.3333333333335,1,1,2325.1814999999997,2026-09-24T00:13:40Z,2926.3333333333335,1,1,3245.221,2026-09-24T01:00:36Z,,2879.4,1,1,-17.557,2026-09-24T01:47:45Z,2026-09-24T01:30:00Z,2832.25,1,1,97.77,2026-09-24T01:47:45Z,2026-09-24T01:30:00Z,2832.25,1,1,9799.771,2026-09-24T01:47:45Z,2026-09-24T01:30:00Z,2832.25,1,1,4254.922,2026-09-24T01:47:45Z,2026-09-24T01:30:00Z,2832.25,1,1,353.766,2026-09-24T01:47:45Z,2026-09-24T01:30:00Z,2832.25,1,1,-37.505,2026-09-24T01:30:05Z,2026-09-24T01:00:00Z,2849.9166666666665,1,1,105.91,2026-09-24T01:30:05Z,2026-09-24T01:00:00Z,2849.9166666666665,1,1,0.024,2026-09-24T01:00:37Z,,2879.383333333333,1,1,0.0,2026-09-24T01:00:37Z,,2879.383333333333,1,1,3437.2105,254.74650000000003,204.605,372.545,2026-08-31T23:00:00Z,36120.0,1,,,,,3901.1559999999995,,,,,1,1,1,1,1,1,0,0,0,0,0,0,0,0,0,1,1,1,1,1,1,1,1,1,1,1,1,1,1,1,1,1,1,1,1,1,1,1,1,1,1,1,1,1,1,1,1,1,1,1,1,1,1,1,1,1,1,1,1,1,0,0,0,0,0,0,0,0,0,0,0,0,0,0,1,0,0,0,0,0,0,0,0,0,0,0,0,0,0,0,0,0,0,0,0,0,0,0,0,0,0,0,0,0,0,0,1,0,0,0,1,0,1,1,1,1,0,1,1,1,1
2026-09-26T01:30:00Z,2026-09-26T02:00:00Z,30,,,,0,1,,,,0,1,4351.0,2026-09-24T01:50:10Z,2859.8333333333335,1,1,531.0,2026-09-24T01:50:10Z,2859.8333333333335,1,1,3820.0,2026-09-24T01:50:10Z,2859.8333333333335,1,1,,,,0,1,,,,0,1,,,,0,1,,,,0,1,,,,0,1,,,,0,1,,,,0,1,,,,0,1,,,,0,1,,,,0,1,,,,0,1,,,,0,1,,,,0,1,,,,0,1,,,,0,1,2988.5375000000004,2026-09-24T00:13:43Z,2956.2833333333333,1,1,2988.5375000000004,2026-09-24T00:13:40Z,2956.3333333333335,1,1,663.356,2026-09-24T00:13:40Z,2956.3333333333335,1,1,2325.1814999999997,2026-09-24T00:13:40Z,2956.3333333333335,1,1,3245.221,2026-09-24T01:00:36Z,,2909.4,1,1,-17.557,2026-09-24T01:47:45Z,2026-09-24T01:30:00Z,2862.25,1,1,97.77,2026-09-24T01:47:45Z,2026-09-24T01:30:00Z,2862.25,1,1,9799.771,2026-09-24T01:47:45Z,2026-09-24T01:30:00Z,2862.25,1,1,4254.922,2026-09-24T01:47:45Z,2026-09-24T01:30:00Z,2862.25,1,1,353.766,2026-09-24T01:47:45Z,2026-09-24T01:30:00Z,2862.25,1,1,-37.505,2026-09-24T01:30:05Z,2026-09-24T01:00:00Z,2879.9166666666665,1,1,105.91,2026-09-24T01:30:05Z,2026-09-24T01:00:00Z,2879.9166666666665,1,1,0.024,2026-09-24T01:00:37Z,,2909.383333333333,1,1,0.0,2026-09-24T01:00:37Z,,2909.383333333333,1,1,3437.2105,254.74650000000003,204.605,372.545,2026-08-31T23:00:00Z,36150.0,1,,,,,3901.1559999999995,,,,,1,1,1,1,1,1,0,0,0,0,0,0,0,0,0,1,1,1,1,1,1,1,1,1,1,1,1,1,1,1,1,1,1,1,1,1,1,1,1,1,1,1,1,1,1,1,1,1,1,1,1,1,1,1,1,1,1,1,1,1,0,0,0,0,0,0,0,0,0,0,0,0,0,0,1,0,0,0,0,0,0,0,0,0,0,0,0,0,0,0,0,0,0,0,0,0,0,0,0,0,0,0,0,0,0,0,1,0,0,0,1,0,1,1,1,1,0,1,1,1,1
2026-09-26T01:30:00Z,2026-09-26T02:30:00Z,60,,,,0,1,,,,0,1,4184.0,2026-09-24T01:50:10Z,2859.8333333333335,1,1,522.0,2026-09-24T01:50:10Z,2859.8333333333335,1,1,3662.0,2026-09-24T01:50:10Z,2859.8333333333335,1,1,,,,0,1,,,,0,1,,,,0,1,,,,0,1,,,,0,1,,,,0,1,,,,0,1,,,,0,1,,,,0,1,,,,0,1,,,,0,1,,,,0,1,,,,0,1,,,,0,1,,,,0,1,2943.8855000000003,2026-09-24T00:13:43Z,2956.2833333333333,1,1,2943.8855000000003,2026-09-24T00:13:40Z,2956.3333333333335,1,1,642.5550000000001,2026-09-24T00:13:40Z,2956.3333333333335,1,1,2301.3305,2026-09-24T00:13:40Z,2956.3333333333335,1,1,3245.221,2026-09-24T01:00:36Z,,2909.4,1,1,-17.557,2026-09-24T01:47:45Z,2026-09-24T01:30:00Z,2862.25,1,1,97.77,2026-09-24T01:47:45Z,2026-09-24T01:30:00Z,2862.25,1,1,9799.771,2026-09-24T01:47:45Z,2026-09-24T01:30:00Z,2862.25,1,1,4254.922,2026-09-24T01:47:45Z,2026-09-24T01:30:00Z,2862.25,1,1,353.766,2026-09-24T01:47:45Z,2026-09-24T01:30:00Z,2862.25,1,1,-37.505,2026-09-24T01:30:05Z,2026-09-24T01:00:00Z,2879.9166666666665,1,1,105.91,2026-09-24T01:30:05Z,2026-09-24T01:00:00Z,2879.9166666666665,1,1,0.024,2026-09-24T01:00:37Z,,2909.383333333333,1,1,0.0,2026-09-24T01:00:37Z,,2909.383333333333,1,1,3437.2105,254.74650000000003,204.605,372.545,2026-08-31T23:00:00Z,36150.0,1,,,,,3901.1559999999995,,,,,1,1,1,1,1,1,0,0,0,0,0,0,0,0,0,1,1,1,1,1,1,1,1,1,1,1,1,1,1,1,1,1,1,1,1,1,1,1,1,1,1,1,1,1,1,1,1,1,1,1,1,1,1,1,1,1,1,1,1,1,0,0,0,0,0,0,0,0,0,0,0,0,0,0,1,0,0,0,0,0,0,0,0,0,0,0,0,0,0,0,0,0,0,0,0,0,0,0,0,0,0,0,0,0,0,0,1,0,0,0,1,0,1,1,1,1,0,1,1,1,1
2026-09-26T02:00:00Z,2026-09-26T02:30:00Z,30,,,,0,1,,,,0,1,4184.0,2026-09-24T01:50:10Z,2889.8333333333335,1,1,522.0,2026-09-24T01:50:10Z,2889.8333333333335,1,1,3662.0,2026-09-24T01:50:10Z,2889.8333333333335,1,1,,,,0,1,,,,0,1,,,,0,1,,,,0,1,,,,0,1,,,,0,1,,,,0,1,,,,0,1,,,,0,1,,,,0,1,,,,0,1,,,,0,1,,,,0,1,,,,0,1,,,,0,1,2943.8855000000003,2026-09-24T00:13:43Z,2986.2833333333333,1,1,2943.8855000000003,2026-09-24T00:13:40Z,2986.3333333333335,1,1,642.5550000000001,2026-09-24T00:13:40Z,2986.3333333333335,1,1,2301.3305,2026-09-24T00:13:40Z,2986.3333333333335,1,1,3245.221,2026-09-24T01:00:36Z,,2939.4,1,1,-17.557,2026-09-24T01:47:45Z,2026-09-24T01:30:00Z,2892.25,1,1,97.77,2026-09-24T01:47:45Z,2026-09-24T01:30:00Z,2892.25,1,1,9799.771,2026-09-24T01:47:45Z,2026-09-24T01:30:00Z,2892.25,1,1,4254.922,2026-09-24T01:47:45Z,2026-09-24T01:30:00Z,2892.25,1,1,353.766,2026-09-24T01:47:45Z,2026-09-24T01:30:00Z,2892.25,1,1,-37.505,2026-09-24T01:30:05Z,2026-09-24T01:00:00Z,2909.9166666666665,1,1,105.91,2026-09-24T01:30:05Z,2026-09-24T01:00:00Z,2909.9166666666665,1,1,0.024,2026-09-24T01:00:37Z,,2939.383333333333,1,1,0.0,2026-09-24T01:00:37Z,,2939.383333333333,1,1,3437.2105,254.74650000000003,204.605,372.545,2026-08-31T23:00:00Z,36180.0,1,,,,,3901.1559999999995,,,,,1,1,1,1,1,1,0,0,0,0,0,0,0,0,0,1,1,1,1,1,1,1,1,1,1,1,1,1,1,1,1,1,1,1,1,1,1,1,1,1,1,1,1,1,1,1,1,1,1,1,1,1,1,1,1,1,1,1,1,1,0,0,0,0,0,0,0,0,0,0,0,0,0,0,1,0,0,0,0,0,0,0,0,0,0,0,0,0,0,0,0,0,0,0,0,0,0,0,0,0,0,0,0,0,0,0,1,0,0,0,1,0,1,1,1,1,0,1,1,1,1
2026-09-26T02:00:00Z,2026-09-26T03:00:00Z,60,,,,0,1,,,,0,1,4136.0,2026-09-24T01:50:10Z,2889.8333333333335,1,1,520.0,2026-09-24T01:50:10Z,2889.8333333333335,1,1,3616.0,2026-09-24T01:50:10Z,2889.8333333333335,1,1,,,,0,1,,,,0,1,,,,0,1,,,,0,1,,,,0,1,,,,0,1,,,,0,1,,,,0,1,,,,0,1,,,,0,1,,,,0,1,,,,0,1,,,,0,1,,,,0,1,,,,0,1,2889.6385,2026-09-24T00:13:43Z,2986.2833333333333,1,1,2889.6385,2026-09-24T00:13:40Z,2986.3333333333335,1,1,621.269,2026-09-24T00:13:40Z,2986.3333333333335,1,1,2268.3695,2026-09-24T00:13:40Z,2986.3333333333335,1,1,3245.221,2026-09-24T01:00:36Z,,2939.4,1,1,-17.557,2026-09-24T01:47:45Z,2026-09-24T01:30:00Z,2892.25,1,1,97.77,2026-09-24T01:47:45Z,2026-09-24T01:30:00Z,2892.25,1,1,9799.771,2026-09-24T01:47:45Z,2026-09-24T01:30:00Z,2892.25,1,1,4254.922,2026-09-24T01:47:45Z,2026-09-24T01:30:00Z,2892.25,1,1,353.766,2026-09-24T01:47:45Z,2026-09-24T01:30:00Z,2892.25,1,1,-37.505,2026-09-24T01:30:05Z,2026-09-24T01:00:00Z,2909.9166666666665,1,1,105.91,2026-09-24T01:30:05Z,2026-09-24T01:00:00Z,2909.9166666666665,1,1,0.024,2026-09-24T01:00:37Z,,2939.383333333333,1,1,0.0,2026-09-24T01:00:37Z,,2939.383333333333,1,1,3437.2105,254.74650000000003,204.605,372.545,2026-08-31T23:00:00Z,36180.0,1,,,,,3901.1559999999995,,,,,1,1,1,1,1,1,0,0,0,0,0,0,0,0,0,1,1,1,1,1,1,1,1,1,1,1,1,1,1,1,1,1,1,1,1,1,1,1,1,1,1,1,1,1,1,1,1,1,1,1,1,1,1,1,1,1,1,1,1,1,0,0,0,0,0,0,0,0,0,0,0,0,0,0,1,0,0,0,0,0,0,0,0,0,0,0,0,0,0,0,0,0,0,0,0,0,0,0,0,0,0,0,0,0,0,0,1,0,0,0,1,0,1,1,1,1,0,1,1,1,1
2026-09-26T02:30:00Z,2026-09-26T03:00:00Z,30,,,,0,1,,,,0,1,4136.0,2026-09-24T01:50:10Z,2919.8333333333335,1,1,520.0,2026-09-24T01:50:10Z,2919.8333333333335,1,1,3616.0,2026-09-24T01:50:10Z,2919.8333333333335,1,1,,,,0,1,,,,0,1,,,,0,1,,,,0,1,,,,0,1,,,,0,1,,,,0,1,,,,0,1,,,,0,1,,,,0,1,,,,0,1,,,,0,1,,,,0,1,,,,0,1,,,,0,1,2889.6385,2026-09-24T00:13:43Z,3016.2833333333333,1,1,2889.6385,2026-09-24T00:13:40Z,3016.3333333333335,1,1,621.269,2026-09-24T00:13:40Z,3016.3333333333335,1,1,2268.3695,2026-09-24T00:13:40Z,3016.3333333333335,1,1,3245.221,2026-09-24T01:00:36Z,,2969.4,1,1,-17.557,2026-09-24T01:47:45Z,2026-09-24T01:30:00Z,2922.25,1,1,97.77,2026-09-24T01:47:45Z,2026-09-24T01:30:00Z,2922.25,1,1,9799.771,2026-09-24T01:47:45Z,2026-09-24T01:30:00Z,2922.25,1,1,4254.922,2026-09-24T01:47:45Z,2026-09-24T01:30:00Z,2922.25,1,1,353.766,2026-09-24T01:47:45Z,2026-09-24T01:30:00Z,2922.25,1,1,-37.505,2026-09-24T01:30:05Z,2026-09-24T01:00:00Z,2939.9166666666665,1,1,105.91,2026-09-24T01:30:05Z,2026-09-24T01:00:00Z,2939.9166666666665,1,1,0.024,2026-09-24T01:00:37Z,,2969.383333333333,1,1,0.0,2026-09-24T01:00:37Z,,2969.383333333333,1,1,3437.2105,254.74650000000003,204.605,372.545,2026-08-31T23:00:00Z,36210.0,1,,,,,3901.1559999999995,,,,,1,1,1,1,1,1,0,0,0,0,0,0,0,0,0,1,1,1,1,1,1,1,1,1,1,1,1,1,1,1,1,1,1,1,1,1,1,1,1,1,1,1,1,1,1,1,1,1,1,1,1,1,1,1,1,1,1,1,1,1,0,0,0,0,0,0,0,0,0,0,0,0,0,0,1,0,0,0,0,0,0,0,0,0,0,0,0,0,0,0,0,0,0,0,0,0,0,0,0,0,0,0,0,0,0,0,1,0,0,0,1,0,1,1,1,1,0,1,1,1,1
2026-09-26T02:30:00Z,2026-09-26T03:30:00Z,60,,,,0,1,,,,0,1,4086.0,2026-09-24T01:50:10Z,2919.8333333333335,1,1,517.0,2026-09-24T01:50:10Z,2919.8333333333335,1,1,3569.0,2026-09-24T01:50:10Z,2919.8333333333335,1,1,,,,0,1,,,,0,1,,,,0,1,,,,0,1,,,,0,1,,,,0,1,,,,0,1,,,,0,1,,,,0,1,,,,0,1,,,,0,1,,,,0,1,,,,0,1,,,,0,1,,,,0,1,2806.615,2026-09-24T00:13:43Z,3016.2833333333333,1,1,2806.615,2026-09-24T00:13:40Z,3016.3333333333335,1,1,598.5335,2026-09-24T00:13:40Z,3016.3333333333335,1,1,2208.0815000000002,2026-09-24T00:13:40Z,3016.3333333333335,1,1,3245.221,2026-09-24T01:00:36Z,,2969.4,1,1,-17.557,2026-09-24T01:47:45Z,2026-09-24T01:30:00Z,2922.25,1,1,97.77,2026-09-24T01:47:45Z,2026-09-24T01:30:00Z,2922.25,1,1,9799.771,2026-09-24T01:47:45Z,2026-09-24T01:30:00Z,2922.25,1,1,4254.922,2026-09-24T01:47:45Z,2026-09-24T01:30:00Z,2922.25,1,1,353.766,2026-09-24T01:47:45Z,2026-09-24T01:30:00Z,2922.25,1,1,-37.505,2026-09-24T01:30:05Z,2026-09-24T01:00:00Z,2939.9166666666665,1,1,105.91,2026-09-24T01:30:05Z,2026-09-24T01:00:00Z,2939.9166666666665,1,1,0.024,2026-09-24T01:00:37Z,,2969.383333333333,1,1,0.0,2026-09-24T01:00:37Z,,2969.383333333333,1,1,3437.2105,254.74650000000003,204.605,372.545,2026-08-31T23:00:00Z,36210.0,1,,,,,3901.1559999999995,,,,,1,1,1,1,1,1,0,0,0,0,0,0,0,0,0,1,1,1,1,1,1,1,1,1,1,1,1,1,1,1,1,1,1,1,1,1,1,1,1,1,1,1,1,1,1,1,1,1,1,1,1,1,1,1,1,1,1,1,1,1,0,0,0,0,0,0,0,0,0,0,0,0,0,0,1,0,0,0,0,0,0,0,0,0,0,0,0,0,0,0,0,0,0,0,0,0,0,0,0,0,0,0,0,0,0,0,1,0,0,0,1,0,1,1,1,1,0,1,1,1,1
2026-09-26T03:00:00Z,2026-09-26T03:30:00Z,30,,,,0,1,,,,0,1,4086.0,2026-09-24T01:50:10Z,2949.8333333333335,1,1,517.0,2026-09-24T01:50:10Z,2949.8333333333335,1,1,3569.0,2026-09-24T01:50:10Z,2949.8333333333335,1,1,,,,0,1,,,,0,1,,,,0,1,,,,0,1,,,,0,1,,,,0,1,,,,0,1,,,,0,1,,,,0,1,,,,0,1,,,,0,1,,,,0,1,,,,0,1,,,,0,1,,,,0,1,2806.615,2026-09-24T00:13:43Z,3046.2833333333333,1,1,2806.615,2026-09-24T00:13:40Z,3046.3333333333335,1,1,598.5335,2026-09-24T00:13:40Z,3046.3333333333335,1,1,2208.0815000000002,2026-09-24T00:13:40Z,3046.3333333333335,1,1,3245.221,2026-09-24T01:00:36Z,,2999.4,1,1,-17.557,2026-09-24T01:47:45Z,2026-09-24T01:30:00Z,2952.25,1,1,97.77,2026-09-24T01:47:45Z,2026-09-24T01:30:00Z,2952.25,1,1,9799.771,2026-09-24T01:47:45Z,2026-09-24T01:30:00Z,2952.25,1,1,4254.922,2026-09-24T01:47:45Z,2026-09-24T01:30:00Z,2952.25,1,1,353.766,2026-09-24T01:47:45Z,2026-09-24T01:30:00Z,2952.25,1,1,-37.505,2026-09-24T01:30:05Z,2026-09-24T01:00:00Z,2969.9166666666665,1,1,105.91,2026-09-24T01:30:05Z,2026-09-24T01:00:00Z,2969.9166666666665,1,1,0.024,2026-09-24T01:00:37Z,,2999.383333333333,1,1,0.0,2026-09-24T01:00:37Z,,2999.383333333333,1,1,3437.2105,254.74650000000003,204.605,372.545,2026-08-31T23:00:00Z,36240.0,1,,,,,3901.1559999999995,,,,,1,1,1,1,1,1,0,0,0,0,0,0,0,0,0,1,1,1,1,1,1,1,1,1,1,1,1,1,1,1,1,1,1,1,1,1,1,1,1,1,1,1,1,1,1,1,1,1,1,1,1,1,1,1,1,1,1,1,1,1,0,0,0,0,0,0,0,0,0,0,0,0,0,0,1,0,0,0,0,0,0,0,0,0,0,0,0,0,0,0,0,0,0,0,0,0,0,0,0,0,0,0,0,0,0,0,1,0,0,0,1,0,1,1,1,1,0,1,1,1,1
2026-09-26T03:00:00Z,2026-09-26T04:00:00Z,60,,,,0,1,,,,0,1,4062.0,2026-09-24T01:50:10Z,2949.8333333333335,1,1,509.0,2026-09-24T01:50:10Z,2949.8333333333335,1,1,3553.0,2026-09-24T01:50:10Z,2949.8333333333335,1,1,,,,0,1,,,,0,1,,,,0,1,,,,0,1,,,,0,1,,,,0,1,,,,0,1,,,,0,1,,,,0,1,,,,0,1,,,,0,1,,,,0,1,,,,0,1,,,,0,1,,,,0,1,2720.5254999999997,2026-09-24T00:13:43Z,3046.2833333333333,1,1,2720.5254999999997,2026-09-24T00:13:40Z,3046.3333333333335,1,1,574.5285,2026-09-24T00:13:40Z,3046.3333333333335,1,1,2145.997,2026-09-24T00:13:40Z,3046.3333333333335,1,1,3245.221,2026-09-24T01:00:36Z,,2999.4,1,1,-17.557,2026-09-24T01:47:45Z,2026-09-24T01:30:00Z,2952.25,1,1,97.77,2026-09-24T01:47:45Z,2026-09-24T01:30:00Z,2952.25,1,1,9799.771,2026-09-24T01:47:45Z,2026-09-24T01:30:00Z,2952.25,1,1,4254.922,2026-09-24T01:47:45Z,2026-09-24T01:30:00Z,2952.25,1,1,353.766,2026-09-24T01:47:45Z,2026-09-24T01:30:00Z,2952.25,1,1,-37.505,2026-09-24T01:30:05Z,2026-09-24T01:00:00Z,2969.9166666666665,1,1,105.91,2026-09-24T01:30:05Z,2026-09-24T01:00:00Z,2969.9166666666665,1,1,0.024,2026-09-24T01:00:37Z,,2999.383333333333,1,1,0.0,2026-09-24T01:00:37Z,,2999.383333333333,1,1,3437.2105,254.74650000000003,204.605,372.545,2026-08-31T23:00:00Z,36240.0,1,,,,,3901.1559999999995,,,,,1,1,1,1,1,1,0,0,0,0,0,0,0,0,0,1,1,1,1,1,1,1,1,1,1,1,1,1,1,1,1,1,1,1,1,1,1,1,1,1,1,1,1,1,1,1,1,1,1,1,1,1,1,1,1,1,1,1,1,1,0,0,0,0,0,0,0,0,0,0,0,0,0,0,1,0,0,0,0,0,0,0,0,0,0,0,0,0,0,0,0,0,0,0,0,0,0,0,0,0,0,0,0,0,0,0,1,0,0,0,1,0,1,1,1,1,0,1,1,1,1
2026-09-26T03:30:00Z,2026-09-26T04:00:00Z,30,,,,0,1,,,,0,1,4062.0,2026-09-24T01:50:10Z,2979.8333333333335,1,1,509.0,2026-09-24T01:50:10Z,2979.8333333333335,1,1,3553.0,2026-09-24T01:50:10Z,2979.8333333333335,1,1,,,,0,1,,,,0,1,,,,0,1,,,,0,1,,,,0,1,,,,0,1,,,,0,1,,,,0,1,,,,0,1,,,,0,1,,,,0,1,,,,0,1,,,,0,1,,,,0,1,,,,0,1,2720.5254999999997,2026-09-24T00:13:43Z,3076.2833333333333,1,1,2720.5254999999997,2026-09-24T00:13:40Z,3076.3333333333335,1,1,574.5285,2026-09-24T00:13:40Z,3076.3333333333335,1,1,2145.997,2026-09-24T00:13:40Z,3076.3333333333335,1,1,3245.221,2026-09-24T01:00:36Z,,3029.4,1,1,-17.557,2026-09-24T01:47:45Z,2026-09-24T01:30:00Z,2982.25,1,1,97.77,2026-09-24T01:47:45Z,2026-09-24T01:30:00Z,2982.25,1,1,9799.771,2026-09-24T01:47:45Z,2026-09-24T01:30:00Z,2982.25,1,1,4254.922,2026-09-24T01:47:45Z,2026-09-24T01:30:00Z,2982.25,1,1,353.766,2026-09-24T01:47:45Z,2026-09-24T01:30:00Z,2982.25,1,1,-37.505,2026-09-24T01:30:05Z,2026-09-24T01:00:00Z,2999.9166666666665,1,1,105.91,2026-09-24T01:30:05Z,2026-09-24T01:00:00Z,2999.9166666666665,1,1,0.024,2026-09-24T01:00:37Z,,3029.383333333333,1,1,0.0,2026-09-24T01:00:37Z,,3029.383333333333,1,1,3437.2105,254.74650000000003,204.605,372.545,2026-08-31T23:00:00Z,36270.0,1,,,,,3901.1559999999995,,,,,1,1,1,1,1,1,0,0,0,0,0,0,0,0,0,1,1,1,1,1,1,1,1,1,1,1,1,1,1,1,1,1,1,1,1,1,1,1,1,1,1,1,1,1,1,1,1,1,1,1,1,1,1,1,1,1,1,1,1,1,0,0,0,0,0,0,0,0,0,0,0,0,0,0,1,0,0,0,0,0,0,0,0,0,0,0,0,0,0,0,0,0,0,0,0,0,0,0,0,0,0,0,0,0,0,0,1,0,0,0,1,0,1,1,1,1,0,1,1,1,1
2026-09-26T03:30:00Z,2026-09-26T04:30:00Z,60,,,,0,1,,,,0,1,4057.0,2026-09-24T01:50:10Z,2979.8333333333335,1,1,517.0,2026-09-24T01:50:10Z,2979.8333333333335,1,1,3540.0,2026-09-24T01:50:10Z,2979.8333333333335,1,1,,,,0,1,,,,0,1,,,,0,1,,,,0,1,,,,0,1,,,,0,1,,,,0,1,,,,0,1,,,,0,1,,,,0,1,,,,0,1,,,,0,1,,,,0,1,,,,0,1,,,,0,1,2625.2555,2026-09-24T00:13:43Z,3076.2833333333333,1,1,2625.2555,2026-09-24T00:13:40Z,3076.3333333333335,1,1,546.7255,2026-09-24T00:13:40Z,3076.3333333333335,1,1,2078.5299999999997,2026-09-24T00:13:40Z,3076.3333333333335,1,1,3245.221,2026-09-24T01:00:36Z,,3029.4,1,1,-17.557,2026-09-24T01:47:45Z,2026-09-24T01:30:00Z,2982.25,1,1,97.77,2026-09-24T01:47:45Z,2026-09-24T01:30:00Z,2982.25,1,1,9799.771,2026-09-24T01:47:45Z,2026-09-24T01:30:00Z,2982.25,1,1,4254.922,2026-09-24T01:47:45Z,2026-09-24T01:30:00Z,2982.25,1,1,353.766,2026-09-24T01:47:45Z,2026-09-24T01:30:00Z,2982.25,1,1,-37.505,2026-09-24T01:30:05Z,2026-09-24T01:00:00Z,2999.9166666666665,1,1,105.91,2026-09-24T01:30:05Z,2026-09-24T01:00:00Z,2999.9166666666665,1,1,0.024,2026-09-24T01:00:37Z,,3029.383333333333,1,1,0.0,2026-09-24T01:00:37Z,,3029.383333333333,1,1,3437.2105,254.74650000000003,204.605,372.545,2026-08-31T23:00:00Z,36270.0,1,,,,,3901.1559999999995,,,,,1,1,1,1,1,1,0,0,0,0,0,0,0,0,0,1,1,1,1,1,1,1,1,1,1,1,1,1,1,1,1,1,1,1,1,1,1,1,1,1,1,1,1,1,1,1,1,1,1,1,1,1,1,1,1,1,1,1,1,1,0,0,0,0,0,0,0,0,0,0,0,0,0,0,1,0,0,0,0,0,0,0,0,0,0,0,0,0,0,0,0,0,0,0,0,0,0,0,0,0,0,0,0,0,0,0,1,0,0,0,1,0,1,1,1,1,0,1,1,1,1
2026-09-26T04:00:00Z,2026-09-26T04:30:00Z,30,,,,0,1,,,,0,1,4057.0,2026-09-24T01:50:10Z,3009.8333333333335,1,1,517.0,2026-09-24T01:50:10Z,3009.8333333333335,1,1,3540.0,2026-09-24T01:50:10Z,3009.8333333333335,1,1,,,,0,1,,,,0,1,,,,0,1,,,,0,1,,,,0,1,,,,0,1,,,,0,1,,,,0,1,,,,0,1,,,,0,1,,,,0,1,,,,0,1,,,,0,1,,,,0,1,,,,0,1,2625.2555,2026-09-24T00:13:43Z,3106.2833333333333,1,1,2625.2555,2026-09-24T00:13:40Z,3106.3333333333335,1,1,546.7255,2026-09-24T00:13:40Z,3106.3333333333335,1,1,2078.5299999999997,2026-09-24T00:13:40Z,3106.3333333333335,1,1,3245.221,2026-09-24T01:00:36Z,,3059.4,1,1,-17.557,2026-09-24T01:47:45Z,2026-09-24T01:30:00Z,3012.25,1,1,97.77,2026-09-24T01:47:45Z,2026-09-24T01:30:00Z,3012.25,1,1,9799.771,2026-09-24T01:47:45Z,2026-09-24T01:30:00Z,3012.25,1,1,4254.922,2026-09-24T01:47:45Z,2026-09-24T01:30:00Z,3012.25,1,1,353.766,2026-09-24T01:47:45Z,2026-09-24T01:30:00Z,3012.25,1,1,-37.505,2026-09-24T01:30:05Z,2026-09-24T01:00:00Z,3029.9166666666665,1,1,105.91,2026-09-24T01:30:05Z,2026-09-24T01:00:00Z,3029.9166666666665,1,1,0.024,2026-09-24T01:00:37Z,,3059.383333333333,1,1,0.0,2026-09-24T01:00:37Z,,3059.383333333333,1,1,3437.2105,254.74650000000003,204.605,372.545,2026-08-31T23:00:00Z,36300.0,1,,,,,3901.1559999999995,,,,,1,1,1,1,1,1,0,0,0,0,0,0,0,0,0,1,1,1,1,1,1,1,1,1,1,1,1,1,1,1,1,1,1,1,1,1,1,1,1,1,1,1,1,1,1,1,1,1,1,1,1,1,1,1,1,1,1,1,1,1,0,0,0,0,0,0,0,0,0,0,0,0,0,0,1,0,0,0,0,0,0,0,0,0,0,0,0,0,0,0,0,0,0,0,0,0,0,0,0,0,0,0,0,0,0,0,1,0,0,0,1,0,1,1,1,1,0,1,1,1,1
2026-09-26T04:00:00Z,2026-09-26T05:00:00Z,60,,,,0,1,,,,0,1,4243.0,2026-09-24T01:50:10Z,3009.8333333333335,1,1,542.0,2026-09-24T01:50:10Z,3009.8333333333335,1,1,3701.0,2026-09-24T01:50:10Z,3009.8333333333335,1,1,,,,0,1,,,,0,1,,,,0,1,,,,0,1,,,,0,1,,,,0,1,,,,0,1,,,,0,1,,,,0,1,,,,0,1,,,,0,1,,,,0,1,,,,0,1,,,,0,1,,,,0,1,2534.233,2026-09-24T00:13:43Z,3106.2833333333333,1,1,2534.233,2026-09-24T00:13:40Z,3106.3333333333335,1,1,518.125,2026-09-24T00:13:40Z,3106.3333333333335,1,1,2016.108,2026-09-24T00:13:40Z,3106.3333333333335,1,1,3245.221,2026-09-24T01:00:36Z,,3059.4,1,1,-17.557,2026-09-24T01:47:45Z,2026-09-24T01:30:00Z,3012.25,1,1,97.77,2026-09-24T01:47:45Z,2026-09-24T01:30:00Z,3012.25,1,1,9799.771,2026-09-24T01:47:45Z,2026-09-24T01:30:00Z,3012.25,1,1,4254.922,2026-09-24T01:47:45Z,2026-09-24T01:30:00Z,3012.25,1,1,353.766,2026-09-24T01:47:45Z,2026-09-24T01:30:00Z,3012.25,1,1,-37.505,2026-09-24T01:30:05Z,2026-09-24T01:00:00Z,3029.9166666666665,1,1,105.91,2026-09-24T01:30:05Z,2026-09-24T01:00:00Z,3029.9166666666665,1,1,0.024,2026-09-24T01:00:37Z,,3059.383333333333,1,1,0.0,2026-09-24T01:00:37Z,,3059.383333333333,1,1,3437.2105,254.74650000000003,204.605,372.545,2026-08-31T23:00:00Z,36300.0,1,,,,,3901.1559999999995,,,,,1,1,1,1,1,1,0,0,0,0,0,0,0,0,0,1,1,1,1,1,1,1,1,1,1,1,1,1,1,1,1,1,1,1,1,1,1,1,1,1,1,1,1,1,1,1,1,1,1,1,1,1,1,1,1,1,1,1,1,1,0,0,0,0,0,0,0,0,0,0,0,0,0,0,1,0,0,0,0,0,0,0,0,0,0,0,0,0,0,0,0,0,0,0,0,0,0,0,0,0,0,0,0,0,0,0,1,0,0,0,1,0,1,1,1,1,0,1,1,1,1
2026-09-26T04:30:00Z,2026-09-26T05:00:00Z,30,,,,0,1,,,,0,1,4243.0,2026-09-24T01:50:10Z,3039.8333333333335,1,1,542.0,2026-09-24T01:50:10Z,3039.8333333333335,1,1,3701.0,2026-09-24T01:50:10Z,3039.8333333333335,1,1,,,,0,1,,,,0,1,,,,0,1,,,,0,1,,,,0,1,,,,0,1,,,,0,1,,,,0,1,,,,0,1,,,,0,1,,,,0,1,,,,0,1,,,,0,1,,,,0,1,,,,0,1,2534.233,2026-09-24T00:13:43Z,3136.2833333333333,1,1,2534.233,2026-09-24T00:13:40Z,3136.3333333333335,1,1,518.125,2026-09-24T00:13:40Z,3136.3333333333335,1,1,2016.108,2026-09-24T00:13:40Z,3136.3333333333335,1,1,3245.221,2026-09-24T01:00:36Z,,3089.4,1,1,-17.557,2026-09-24T01:47:45Z,2026-09-24T01:30:00Z,3042.25,1,1,97.77,2026-09-24T01:47:45Z,2026-09-24T01:30:00Z,3042.25,1,1,9799.771,2026-09-24T01:47:45Z,2026-09-24T01:30:00Z,3042.25,1,1,4254.922,2026-09-24T01:47:45Z,2026-09-24T01:30:00Z,3042.25,1,1,353.766,2026-09-24T01:47:45Z,2026-09-24T01:30:00Z,3042.25,1,1,-37.505,2026-09-24T01:30:05Z,2026-09-24T01:00:00Z,3059.9166666666665,1,1,105.91,2026-09-24T01:30:05Z,2026-09-24T01:00:00Z,3059.9166666666665,1,1,0.024,2026-09-24T01:00:37Z,,3089.383333333333,1,1,0.0,2026-09-24T01:00:37Z,,3089.383333333333,1,1,3437.2105,254.74650000000003,204.605,372.545,2026-08-31T23:00:00Z,36330.0,1,,,,,3901.1559999999995,,,,,1,1,1,1,1,1,0,0,0,0,0,0,0,0,0,1,1,1,1,1,1,1,1,1,1,1,1,1,1,1,1,1,1,1,1,1,1,1,1,1,1,1,1,1,1,1,1,1,1,1,1,1,1,1,1,1,1,1,1,1,0,0,0,0,0,0,0,0,0,0,0,0,0,0,1,0,0,0,0,0,0,0,0,0,0,0,0,0,0,0,0,0,0,0,0,0,0,0,0,0,0,0,0,0,0,0,1,0,0,0,1,0,1,1,1,1,0,1,1,1,1
2026-09-26T04:30:00Z,2026-09-26T05:30:00Z,60,,,,0,1,,,,0,1,4278.0,2026-09-24T01:50:10Z,3039.8333333333335,1,1,587.0,2026-09-24T01:50:10Z,3039.8333333333335,1,1,3691.0,2026-09-24T01:50:10Z,3039.8333333333335,1,1,,,,0,1,,,,0,1,,,,0,1,,,,0,1,,,,0,1,,,,0,1,,,,0,1,,,,0,1,,,,0,1,,,,0,1,,,,0,1,,,,0,1,,,,0,1,,,,0,1,,,,0,1,2455.9300000000003,2026-09-24T00:13:43Z,3136.2833333333333,1,1,2455.9300000000003,2026-09-24T00:13:40Z,3136.3333333333335,1,1,487.13800000000003,2026-09-24T00:13:40Z,3136.3333333333335,1,1,1968.792,2026-09-24T00:13:40Z,3136.3333333333335,1,1,3245.221,2026-09-24T01:00:36Z,,3089.4,1,1,-17.557,2026-09-24T01:47:45Z,2026-09-24T01:30:00Z,3042.25,1,1,97.77,2026-09-24T01:47:45Z,2026-09-24T01:30:00Z,3042.25,1,1,9799.771,2026-09-24T01:47:45Z,2026-09-24T01:30:00Z,3042.25,1,1,4254.922,2026-09-24T01:47:45Z,2026-09-24T01:30:00Z,3042.25,1,1,353.766,2026-09-24T01:47:45Z,2026-09-24T01:30:00Z,3042.25,1,1,-37.505,2026-09-24T01:30:05Z,2026-09-24T01:00:00Z,3059.9166666666665,1,1,105.91,2026-09-24T01:30:05Z,2026-09-24T01:00:00Z,3059.9166666666665,1,1,0.024,2026-09-24T01:00:37Z,,3089.383333333333,1,1,0.0,2026-09-24T01:00:37Z,,3089.383333333333,1,1,3437.2105,254.74650000000003,204.605,372.545,2026-08-31T23:00:00Z,36330.0,1,,,,,3901.1559999999995,,,,,1,1,1,1,1,1,0,0,0,0,0,0,0,0,0,1,1,1,1,1,1,1,1,1,1,1,1,1,1,1,1,1,1,1,1,1,1,1,1,1,1,1,1,1,1,1,1,1,1,1,1,1,1,1,1,1,1,1,1,1,0,0,0,0,0,0,0,0,0,0,0,0,0,0,1,0,0,0,0,0,0,0,0,0,0,0,0,0,0,0,0,0,0,0,0,0,0,0,0,0,0,0,0,0,0,0,1,0,0,0,1,0,1,1,1,1,0,1,1,1,1
2026-09-26T05:00:00Z,2026-09-26T05:30:00Z,30,,,,0,1,,,,0,1,4278.0,2026-09-24T01:50:10Z,3069.8333333333335,1,1,587.0,2026-09-24T01:50:10Z,3069.8333333333335,1,1,3691.0,2026-09-24T01:50:10Z,3069.8333333333335,1,1,,,,0,1,,,,0,1,,,,0,1,,,,0,1,,,,0,1,,,,0,1,,,,0,1,,,,0,1,,,,0,1,,,,0,1,,,,0,1,,,,0,1,,,,0,1,,,,0,1,,,,0,1,2455.9300000000003,2026-09-24T00:13:43Z,3166.2833333333333,1,1,2455.9300000000003,2026-09-24T00:13:40Z,3166.3333333333335,1,1,487.13800000000003,2026-09-24T00:13:40Z,3166.3333333333335,1,1,1968.792,2026-09-24T00:13:40Z,3166.3333333333335,1,1,3245.221,2026-09-24T01:00:36Z,,3119.4,1,1,-17.557,2026-09-24T01:47:45Z,2026-09-24T01:30:00Z,3072.25,1,1,97.77,2026-09-24T01:47:45Z,2026-09-24T01:30:00Z,3072.25,1,1,9799.771,2026-09-24T01:47:45Z,2026-09-24T01:30:00Z,3072.25,1,1,4254.922,2026-09-24T01:47:45Z,2026-09-24T01:30:00Z,3072.25,1,1,353.766,2026-09-24T01:47:45Z,2026-09-24T01:30:00Z,3072.25,1,1,-37.505,2026-09-24T01:30:05Z,2026-09-24T01:00:00Z,3089.9166666666665,1,1,105.91,2026-09-24T01:30:05Z,2026-09-24T01:00:00Z,3089.9166666666665,1,1,0.024,2026-09-24T01:00:37Z,,3119.383333333333,1,1,0.0,2026-09-24T01:00:37Z,,3119.383333333333,1,1,3437.2105,254.74650000000003,204.605,372.545,2026-08-31T23:00:00Z,36360.0,1,,,,,3901.1559999999995,,,,,1,1,1,1,1,1,0,0,0,0,0,0,0,0,0,1,1,1,1,1,1,1,1,1,1,1,1,1,1,1,1,1,1,1,1,1,1,1,1,1,1,1,1,1,1,1,1,1,1,1,1,1,1,1,1,1,1,1,1,1,0,0,0,0,0,0,0,0,0,0,0,0,0,0,1,0,0,0,0,0,0,0,0,0,0,0,0,0,0,0,0,0,0,0,0,0,0,0,0,0,0,0,0,0,0,0,1,0,0,0,1,0,1,1,1,1,0,1,1,1,1
2026-09-26T05:00:00Z,2026-09-26T06:00:00Z,60,,,,0,1,,,,0,1,4425.0,2026-09-24T01:50:10Z,3069.8333333333335,1,1,644.0,2026-09-24T01:50:10Z,3069.8333333333335,1,1,3781.0,2026-09-24T01:50:10Z,3069.8333333333335,1,1,,,,0,1,,,,0,1,,,,0,1,,,,0,1,,,,0,1,,,,0,1,,,,0,1,,,,0,1,,,,0,1,,,,0,1,,,,0,1,,,,0,1,,,,0,1,,,,0,1,,,,0,1,2394.1935000000003,2026-09-24T00:13:43Z,3166.2833333333333,1,1,2394.1935000000003,2026-09-24T00:13:40Z,3166.3333333333335,1,1,461.7475,2026-09-24T00:13:40Z,3166.3333333333335,1,1,1932.446,2026-09-24T00:13:40Z,3166.3333333333335,1,1,3245.221,2026-09-24T01:00:36Z,,3119.4,1,1,-17.557,2026-09-24T01:47:45Z,2026-09-24T01:30:00Z,3072.25,1,1,97.77,2026-09-24T01:47:45Z,2026-09-24T01:30:00Z,3072.25,1,1,9799.771,2026-09-24T01:47:45Z,2026-09-24T01:30:00Z,3072.25,1,1,4254.922,2026-09-24T01:47:45Z,2026-09-24T01:30:00Z,3072.25,1,1,353.766,2026-09-24T01:47:45Z,2026-09-24T01:30:00Z,3072.25,1,1,-37.505,2026-09-24T01:30:05Z,2026-09-24T01:00:00Z,3089.9166666666665,1,1,105.91,2026-09-24T01:30:05Z,2026-09-24T01:00:00Z,3089.9166666666665,1,1,0.024,2026-09-24T01:00:37Z,,3119.383333333333,1,1,0.0,2026-09-24T01:00:37Z,,3119.383333333333,1,1,3437.2105,254.74650000000003,204.605,372.545,2026-08-31T23:00:00Z,36360.0,1,,,,,3901.1559999999995,,,,,1,1,1,1,1,1,0,0,0,0,0,0,0,0,0,1,1,1,1,1,1,1,1,1,1,1,1,1,1,1,1,1,1,1,1,1,1,1,1,1,1,1,1,1,1,1,1,1,1,1,1,1,1,1,1,1,1,1,1,1,0,0,0,0,0,0,0,0,0,0,0,0,0,0,1,0,0,0,0,0,0,0,0,0,0,0,0,0,0,0,0,0,0,0,0,0,0,0,0,0,0,0,0,0,0,0,1,0,0,0,1,0,1,1,1,1,0,1,1,1,1
2026-09-26T05:30:00Z,2026-09-26T06:00:00Z,30,,,,0,1,,,,0,1,4425.0,2026-09-24T01:50:10Z,3099.8333333333335,1,1,644.0,2026-09-24T01:50:10Z,3099.8333333333335,1,1,3781.0,2026-09-24T01:50:10Z,3099.8333333333335,1,1,,,,0,1,,,,0,1,,,,0,1,,,,0,1,,,,0,1,,,,0,1,,,,0,1,,,,0,1,,,,0,1,,,,0,1,,,,0,1,,,,0,1,,,,0,1,,,,0,1,,,,0,1,2394.1935000000003,2026-09-24T00:13:43Z,3196.2833333333333,1,1,2394.1935000000003,2026-09-24T00:13:40Z,3196.3333333333335,1,1,461.7475,2026-09-24T00:13:40Z,3196.3333333333335,1,1,1932.446,2026-09-24T00:13:40Z,3196.3333333333335,1,1,3245.221,2026-09-24T01:00:36Z,,3149.4,1,1,-17.557,2026-09-24T01:47:45Z,2026-09-24T01:30:00Z,3102.25,1,1,97.77,2026-09-24T01:47:45Z,2026-09-24T01:30:00Z,3102.25,1,1,9799.771,2026-09-24T01:47:45Z,2026-09-24T01:30:00Z,3102.25,1,1,4254.922,2026-09-24T01:47:45Z,2026-09-24T01:30:00Z,3102.25,1,1,353.766,2026-09-24T01:47:45Z,2026-09-24T01:30:00Z,3102.25,1,1,-37.505,2026-09-24T01:30:05Z,2026-09-24T01:00:00Z,3119.9166666666665,1,1,105.91,2026-09-24T01:30:05Z,2026-09-24T01:00:00Z,3119.9166666666665,1,1,0.024,2026-09-24T01:00:37Z,,3149.383333333333,1,1,0.0,2026-09-24T01:00:37Z,,3149.383333333333,1,1,3437.2105,254.74650000000003,204.605,372.545,2026-08-31T23:00:00Z,36390.0,1,,,,,3901.1559999999995,,,,,1,1,1,1,1,1,0,0,0,0,0,0,0,0,0,1,1,1,1,1,1,1,1,1,1,1,1,1,1,1,1,1,1,1,1,1,1,1,1,1,1,1,1,1,1,1,1,1,1,1,1,1,1,1,1,1,1,1,1,1,0,0,0,0,0,0,0,0,0,0,0,0,0,0,1,0,0,0,0,0,0,0,0,0,0,0,0,0,0,0,0,0,0,0,0,0,0,0,0,0,0,0,0,0,0,0,1,0,0,0,1,0,1,1,1,1,0,1,1,1,1
2026-09-26T05:30:00Z,2026-09-26T06:30:00Z,60,,,,0,1,,,,0,1,4629.0,2026-09-24T01:50:10Z,3099.8333333333335,1,1,703.0,2026-09-24T01:50:10Z,3099.8333333333335,1,1,3926.0,2026-09-24T01:50:10Z,3099.8333333333335,1,1,,,,0,1,,,,0,1,,,,0,1,,,,0,1,,,,0,1,,,,0,1,,,,0,1,,,,0,1,,,,0,1,,,,0,1,,,,0,1,,,,0,1,,,,0,1,,,,0,1,,,,0,1,2382.1310000000003,2026-09-24T00:13:43Z,3196.2833333333333,1,1,2382.1310000000003,2026-09-24T00:13:40Z,3196.3333333333335,1,1,453.1405,2026-09-24T00:13:40Z,3196.3333333333335,1,1,1928.9904999999999,2026-09-24T00:13:40Z,3196.3333333333335,1,1,3245.221,2026-09-24T01:00:36Z,,3149.4,1,1,-17.557,2026-09-24T01:47:45Z,2026-09-24T01:30:00Z,3102.25,1,1,97.77,2026-09-24T01:47:45Z,2026-09-24T01:30:00Z,3102.25,1,1,9799.771,2026-09-24T01:47:45Z,2026-09-24T01:30:00Z,3102.25,1,1,4254.922,2026-09-24T01:47:45Z,2026-09-24T01:30:00Z,3102.25,1,1,353.766,2026-09-24T01:47:45Z,2026-09-24T01:30:00Z,3102.25,1,1,-37.505,2026-09-24T01:30:05Z,2026-09-24T01:00:00Z,3119.9166666666665,1,1,105.91,2026-09-24T01:30:05Z,2026-09-24T01:00:00Z,3119.9166666666665,1,1,0.024,2026-09-24T01:00:37Z,,3149.383333333333,1,1,0.0,2026-09-24T01:00:37Z,,3149.383333333333,1,1,3437.2105,254.74650000000003,204.605,372.545,2026-08-31T23:00:00Z,36390.0,1,,,,,3901.1559999999995,,,,,1,1,1,1,1,1,0,0,0,0,0,0,0,0,0,1,1,1,1,1,1,1,1,1,1,1,1,1,1,1,1,1,1,1,1,1,1,1,1,1,1,1,1,1,1,1,1,1,1,1,1,1,1,1,1,1,1,1,1,1,0,0,0,0,0,0,0,0,0,0,0,0,0,0,1,0,0,0,0,0,0,0,0,0,0,0,0,0,0,0,0,0,0,0,0,0,0,0,0,0,0,0,0,0,0,0,1,0,0,0,1,0,1,1,1,1,0,1,1,1,1
2026-09-26T06:00:00Z,2026-09-26T06:30:00Z,30,,,,0,1,,,,0,1,4629.0,2026-09-24T01:50:10Z,3129.8333333333335,1,1,703.0,2026-09-24T01:50:10Z,3129.8333333333335,1,1,3926.0,2026-09-24T01:50:10Z,3129.8333333333335,1,1,,,,0,1,,,,0,1,,,,0,1,,,,0,1,,,,0,1,,,,0,1,,,,0,1,,,,0,1,,,,0,1,,,,0,1,,,,0,1,,,,0,1,,,,0,1,,,,0,1,,,,0,1,2382.1310000000003,2026-09-24T00:13:43Z,3226.2833333333333,1,1,2382.1310000000003,2026-09-24T00:13:40Z,3226.3333333333335,1,1,453.1405,2026-09-24T00:13:40Z,3226.3333333333335,1,1,1928.9904999999999,2026-09-24T00:13:40Z,3226.3333333333335,1,1,3245.221,2026-09-24T01:00:36Z,,3179.4,1,1,-17.557,2026-09-24T01:47:45Z,2026-09-24T01:30:00Z,3132.25,1,1,97.77,2026-09-24T01:47:45Z,2026-09-24T01:30:00Z,3132.25,1,1,9799.771,2026-09-24T01:47:45Z,2026-09-24T01:30:00Z,3132.25,1,1,4254.922,2026-09-24T01:47:45Z,2026-09-24T01:30:00Z,3132.25,1,1,353.766,2026-09-24T01:47:45Z,2026-09-24T01:30:00Z,3132.25,1,1,-37.505,2026-09-24T01:30:05Z,2026-09-24T01:00:00Z,3149.9166666666665,1,1,105.91,2026-09-24T01:30:05Z,2026-09-24T01:00:00Z,3149.9166666666665,1,1,0.024,2026-09-24T01:00:37Z,,3179.383333333333,1,1,0.0,2026-09-24T01:00:37Z,,3179.383333333333,1,1,3437.2105,254.74650000000003,204.605,372.545,2026-08-31T23:00:00Z,36420.0,1,,,,,3901.1559999999995,,,,,1,1,1,1,1,1,0,0,0,0,0,0,0,0,0,1,1,1,1,1,1,1,1,1,1,1,1,1,1,1,1,1,1,1,1,1,1,1,1,1,1,1,1,1,1,1,1,1,1,1,1,1,1,1,1,1,1,1,1,1,0,0,0,0,0,0,0,0,0,0,0,0,0,0,1,0,0,0,0,0,0,0,0,0,0,0,0,0,0,0,0,0,0,0,0,0,0,0,0,0,0,0,0,0,0,0,1,0,0,0,1,0,1,1,1,1,0,1,1,1,1
2026-09-26T06:00:00Z,2026-09-26T07:00:00Z,60,,,,0,1,,,,0,1,4726.0,2026-09-24T01:50:10Z,3129.8333333333335,1,1,739.0,2026-09-24T01:50:10Z,3129.8333333333335,1,1,3987.0,2026-09-24T01:50:10Z,3129.8333333333335,1,1,,,,0,1,,,,0,1,,,,0,1,,,,0,1,,,,0,1,,,,0,1,,,,0,1,,,,0,1,,,,0,1,,,,0,1,,,,0,1,,,,0,1,,,,0,1,,,,0,1,,,,0,1,2410.427,2026-09-24T00:13:43Z,3226.2833333333333,1,1,2410.427,2026-09-24T00:13:40Z,3226.3333333333335,1,1,450.72950000000003,2026-09-24T00:13:40Z,3226.3333333333335,1,1,1959.6975,2026-09-24T00:13:40Z,3226.3333333333335,1,1,3245.221,2026-09-24T01:00:36Z,,3179.4,1,1,-17.557,2026-09-24T01:47:45Z,2026-09-24T01:30:00Z,3132.25,1,1,97.77,2026-09-24T01:47:45Z,2026-09-24T01:30:00Z,3132.25,1,1,9799.771,2026-09-24T01:47:45Z,2026-09-24T01:30:00Z,3132.25,1,1,4254.922,2026-09-24T01:47:45Z,2026-09-24T01:30:00Z,3132.25,1,1,353.766,2026-09-24T01:47:45Z,2026-09-24T01:30:00Z,3132.25,1,1,-37.505,2026-09-24T01:30:05Z,2026-09-24T01:00:00Z,3149.9166666666665,1,1,105.91,2026-09-24T01:30:05Z,2026-09-24T01:00:00Z,3149.9166666666665,1,1,0.024,2026-09-24T01:00:37Z,,3179.383333333333,1,1,0.0,2026-09-24T01:00:37Z,,3179.383333333333,1,1,3437.2105,254.74650000000003,204.605,372.545,2026-08-31T23:00:00Z,36420.0,1,,,,,3901.1559999999995,,,,,1,1,1,1,1,1,0,0,0,0,0,0,0,0,0,1,1,1,1,1,1,1,1,1,1,1,1,1,1,1,1,1,1,1,1,1,1,1,1,1,1,1,1,1,1,1,1,1,1,1,1,1,1,1,1,1,1,1,1,1,0,0,0,0,0,0,0,0,0,0,0,0,0,0,1,0,0,0,0,0,0,0,0,0,0,0,0,0,0,0,0,0,0,0,0,0,0,0,0,0,0,0,0,0,0,0,1,0,0,0,1,0,1,1,1,1,0,1,1,1,1
2026-09-26T06:30:00Z,2026-09-26T07:00:00Z,30,,,,0,1,,,,0,1,4726.0,2026-09-24T01:50:10Z,3159.8333333333335,1,1,739.0,2026-09-24T01:50:10Z,3159.8333333333335,1,1,3987.0,2026-09-24T01:50:10Z,3159.8333333333335,1,1,,,,0,1,,,,0,1,,,,0,1,,,,0,1,,,,0,1,,,,0,1,,,,0,1,,,,0,1,,,,0,1,,,,0,1,,,,0,1,,,,0,1,,,,0,1,,,,0,1,,,,0,1,2410.427,2026-09-24T00:13:43Z,3256.2833333333333,1,1,2410.427,2026-09-24T00:13:40Z,3256.3333333333335,1,1,450.72950000000003,2026-09-24T00:13:40Z,3256.3333333333335,1,1,1959.6975,2026-09-24T00:13:40Z,3256.3333333333335,1,1,3245.221,2026-09-24T01:00:36Z,,3209.4,1,1,-17.557,2026-09-24T01:47:45Z,2026-09-24T01:30:00Z,3162.25,1,1,97.77,2026-09-24T01:47:45Z,2026-09-24T01:30:00Z,3162.25,1,1,9799.771,2026-09-24T01:47:45Z,2026-09-24T01:30:00Z,3162.25,1,1,4254.922,2026-09-24T01:47:45Z,2026-09-24T01:30:00Z,3162.25,1,1,353.766,2026-09-24T01:47:45Z,2026-09-24T01:30:00Z,3162.25,1,1,-37.505,2026-09-24T01:30:05Z,2026-09-24T01:00:00Z,3179.9166666666665,1,1,105.91,2026-09-24T01:30:05Z,2026-09-24T01:00:00Z,3179.9166666666665,1,1,0.024,2026-09-24T01:00:37Z,,3209.383333333333,1,1,0.0,2026-09-24T01:00:37Z,,3209.383333333333,1,1,3437.2105,254.74650000000003,204.605,372.545,2026-08-31T23:00:00Z,36450.0,1,,,,,3901.1559999999995,,,,,1,1,1,1,1,1,0,0,0,0,0,0,0,0,0,1,1,1,1,1,1,1,1,1,1,1,1,1,1,1,1,1,1,1,1,1,1,1,1,1,1,1,1,1,1,1,1,1,1,1,1,1,1,1,1,1,1,1,1,1,0,0,0,0,0,0,0,0,0,0,0,0,0,0,1,0,0,0,0,0,0,0,0,0,0,0,0,0,0,0,0,0,0,0,0,0,0,0,0,0,0,0,0,0,0,0,1,0,0,0,1,0,1,1,1,1,0,1,1,1,1
2026-09-26T06:30:00Z,2026-09-26T07:30:00Z,60,,,,0,1,,,,0,1,4802.0,2026-09-24T01:50:10Z,3159.8333333333335,1,1,769.0,2026-09-24T01:50:10Z,3159.8333333333335,1,1,4033.0,2026-09-24T01:50:10Z,3159.8333333333335,1,1,,,,0,1,,,,0,1,,,,0,1,,,,0,1,,,,0,1,,,,0,1,,,,0,1,,,,0,1,,,,0,1,,,,0,1,,,,0,1,,,,0,1,,,,0,1,,,,0,1,,,,0,1,2559.786,2026-09-24T00:13:43Z,3256.2833333333333,1,1,2559.786,2026-09-24T00:13:40Z,3256.3333333333335,1,1,466.8975,2026-09-24T00:13:40Z,3256.3333333333335,1,1,2092.8885,2026-09-24T00:13:40Z,3256.3333333333335,1,1,3245.221,2026-09-24T01:00:36Z,,3209.4,1,1,-17.557,2026-09-24T01:47:45Z,2026-09-24T01:30:00Z,3162.25,1,1,97.77,2026-09-24T01:47:45Z,2026-09-24T01:30:00Z,3162.25,1,1,9799.771,2026-09-24T01:47:45Z,2026-09-24T01:30:00Z,3162.25,1,1,4254.922,2026-09-24T01:47:45Z,2026-09-24T01:30:00Z,3162.25,1,1,353.766,2026-09-24T01:47:45Z,2026-09-24T01:30:00Z,3162.25,1,1,-37.505,2026-09-24T01:30:05Z,2026-09-24T01:00:00Z,3179.9166666666665,1,1,105.91,2026-09-24T01:30:05Z,2026-09-24T01:00:00Z,3179.9166666666665,1,1,0.024,2026-09-24T01:00:37Z,,3209.383333333333,1,1,0.0,2026-09-24T01:00:37Z,,3209.383333333333,1,1,3437.2105,254.74650000000003,204.605,372.545,2026-08-31T23:00:00Z,36450.0,1,,,,,3901.1559999999995,,,,,1,1,1,1,1,1,0,0,0,0,0,0,0,0,0,1,1,1,1,1,1,1,1,1,1,1,1,1,1,1,1,1,1,1,1,1,1,1,1,1,1,1,1,1,1,1,1,1,1,1,1,1,1,1,1,1,1,1,1,1,0,0,0,0,0,0,0,0,0,0,0,0,0,0,1,0,0,0,0,0,0,0,0,0,0,0,0,0,0,0,0,0,0,0,0,0,0,0,0,0,0,0,0,0,0,0,1,0,0,0,1,0,1,1,1,1,0,1,1,1,1
2026-09-26T07:00:00Z,2026-09-26T07:30:00Z,30,,,,0,1,,,,0,1,4802.0,2026-09-24T01:50:10Z,3189.8333333333335,1,1,769.0,2026-09-24T01:50:10Z,3189.8333333333335,1,1,4033.0,2026-09-24T01:50:10Z,3189.8333333333335,1,1,,,,0,1,,,,0,1,,,,0,1,,,,0,1,,,,0,1,,,,0,1,,,,0,1,,,,0,1,,,,0,1,,,,0,1,,,,0,1,,,,0,1,,,,0,1,,,,0,1,,,,0,1,2559.786,2026-09-24T00:13:43Z,3286.2833333333333,1,1,2559.786,2026-09-24T00:13:40Z,3286.3333333333335,1,1,466.8975,2026-09-24T00:13:40Z,3286.3333333333335,1,1,2092.8885,2026-09-24T00:13:40Z,3286.3333333333335,1,1,3245.221,2026-09-24T01:00:36Z,,3239.4,1,1,-17.557,2026-09-24T01:47:45Z,2026-09-24T01:30:00Z,3192.25,1,1,97.77,2026-09-24T01:47:45Z,2026-09-24T01:30:00Z,3192.25,1,1,9799.771,2026-09-24T01:47:45Z,2026-09-24T01:30:00Z,3192.25,1,1,4254.922,2026-09-24T01:47:45Z,2026-09-24T01:30:00Z,3192.25,1,1,353.766,2026-09-24T01:47:45Z,2026-09-24T01:30:00Z,3192.25,1,1,-37.505,2026-09-24T01:30:05Z,2026-09-24T01:00:00Z,3209.9166666666665,1,1,105.91,2026-09-24T01:30:05Z,2026-09-24T01:00:00Z,3209.9166666666665,1,1,0.024,2026-09-24T01:00:37Z,,3239.383333333333,1,1,0.0,2026-09-24T01:00:37Z,,3239.383333333333,1,1,3437.2105,254.74650000000003,204.605,372.545,2026-08-31T23:00:00Z,36480.0,1,,,,,3901.1559999999995,,,,,1,1,1,1,1,1,0,0,0,0,0,0,0,0,0,1,1,1,1,1,1,1,1,1,1,1,1,1,1,1,1,1,1,1,1,1,1,1,1,1,1,1,1,1,1,1,1,1,1,1,1,1,1,1,1,1,1,1,1,1,0,0,0,0,0,0,0,0,0,0,0,0,0,0,1,0,0,0,0,0,0,0,0,0,0,0,0,0,0,0,0,0,0,0,0,0,0,0,0,0,0,0,0,0,0,0,1,0,0,0,1,0,1,1,1,1,0,1,1,1,1
2026-09-26T07:00:00Z,2026-09-26T08:00:00Z,60,,,,0,1,,,,0,1,4965.0,2026-09-24T01:50:10Z,3189.8333333333335,1,1,797.0,2026-09-24T01:50:10Z,3189.8333333333335,1,1,4168.0,2026-09-24T01:50:10Z,3189.8333333333335,1,1,,,,0,1,,,,0,1,,,,0,1,,,,0,1,,,,0,1,,,,0,1,,,,0,1,,,,0,1,,,,0,1,,,,0,1,,,,0,1,,,,0,1,,,,0,1,,,,0,1,,,,0,1,2731.2255,2026-09-24T00:13:43Z,3286.2833333333333,1,1,2731.2255,2026-09-24T00:13:40Z,3286.3333333333335,1,1,486.644,2026-09-24T00:13:40Z,3286.3333333333335,1,1,2244.5815000000002,2026-09-24T00:13:40Z,3286.3333333333335,1,1,3245.221,2026-09-24T01:00:36Z,,3239.4,1,1,-17.557,2026-09-24T01:47:45Z,2026-09-24T01:30:00Z,3192.25,1,1,97.77,2026-09-24T01:47:45Z,2026-09-24T01:30:00Z,3192.25,1,1,9799.771,2026-09-24T01:47:45Z,2026-09-24T01:30:00Z,3192.25,1,1,4254.922,2026-09-24T01:47:45Z,2026-09-24T01:30:00Z,3192.25,1,1,353.766,2026-09-24T01:47:45Z,2026-09-24T01:30:00Z,3192.25,1,1,-37.505,2026-09-24T01:30:05Z,2026-09-24T01:00:00Z,3209.9166666666665,1,1,105.91,2026-09-24T01:30:05Z,2026-09-24T01:00:00Z,3209.9166666666665,1,1,0.024,2026-09-24T01:00:37Z,,3239.383333333333,1,1,0.0,2026-09-24T01:00:37Z,,3239.383333333333,1,1,3437.2105,254.74650000000003,204.605,372.545,2026-08-31T23:00:00Z,36480.0,1,,,,,3901.1559999999995,,,,,1,1,1,1,1,1,0,0,0,0,0,0,0,0,0,1,1,1,1,1,1,1,1,1,1,1,1,1,1,1,1,1,1,1,1,1,1,1,1,1,1,1,1,1,1,1,1,1,1,1,1,1,1,1,1,1,1,1,1,1,0,0,0,0,0,0,0,0,0,0,0,0,0,0,1,0,0,0,0,0,0,0,0,0,0,0,0,0,0,0,0,0,0,0,0,0,0,0,0,0,0,0,0,0,0,0,1,0,0,0,1,0,1,1,1,1,0,1,1,1,1
2026-09-26T07:30:00Z,2026-09-26T08:00:00Z,30,,,,0,1,,,,0,1,4965.0,2026-09-24T01:50:10Z,3219.8333333333335,1,1,797.0,2026-09-24T01:50:10Z,3219.8333333333335,1,1,4168.0,2026-09-24T01:50:10Z,3219.8333333333335,1,1,,,,0,1,,,,0,1,,,,0,1,,,,0,1,,,,0,1,,,,0,1,,,,0,1,,,,0,1,,,,0,1,,,,0,1,,,,0,1,,,,0,1,,,,0,1,,,,0,1,,,,0,1,2731.2255,2026-09-24T00:13:43Z,3316.2833333333333,1,1,2731.2255,2026-09-24T00:13:40Z,3316.3333333333335,1,1,486.644,2026-09-24T00:13:40Z,3316.3333333333335,1,1,2244.5815000000002,2026-09-24T00:13:40Z,3316.3333333333335,1,1,3245.221,2026-09-24T01:00:36Z,,3269.4,1,1,-17.557,2026-09-24T01:47:45Z,2026-09-24T01:30:00Z,3222.25,1,1,97.77,2026-09-24T01:47:45Z,2026-09-24T01:30:00Z,3222.25,1,1,9799.771,2026-09-24T01:47:45Z,2026-09-24T01:30:00Z,3222.25,1,1,4254.922,2026-09-24T01:47:45Z,2026-09-24T01:30:00Z,3222.25,1,1,353.766,2026-09-24T01:47:45Z,2026-09-24T01:30:00Z,3222.25,1,1,-37.505,2026-09-24T01:30:05Z,2026-09-24T01:00:00Z,3239.9166666666665,1,1,105.91,2026-09-24T01:30:05Z,2026-09-24T01:00:00Z,3239.9166666666665,1,1,0.024,2026-09-24T01:00:37Z,,3269.383333333333,1,1,0.0,2026-09-24T01:00:37Z,,3269.383333333333,1,1,3437.2105,254.74650000000003,204.605,372.545,2026-08-31T23:00:00Z,36510.0,1,,,,,3901.1559999999995,,,,,1,1,1,1,1,1,0,0,0,0,0,0,0,0,0,1,1,1,1,1,1,1,1,1,1,1,1,1,1,1,1,1,1,1,1,1,1,1,1,1,1,1,1,1,1,1,1,1,1,1,1,1,1,1,1,1,1,1,1,1,0,0,0,0,0,0,0,0,0,0,0,0,0,0,1,0,0,0,0,0,0,0,0,0,0,0,0,0,0,0,0,0,0,0,0,0,0,0,0,0,0,0,0,0,0,0,1,0,0,0,1,0,1,1,1,1,0,1,1,1,1
2026-09-26T07:30:00Z,2026-09-26T08:30:00Z,60,,,,0,1,,,,0,1,4995.0,2026-09-24T01:50:10Z,3219.8333333333335,1,1,808.0,2026-09-24T01:50:10Z,3219.8333333333335,1,1,4187.0,2026-09-24T01:50:10Z,3219.8333333333335,1,1,,,,0,1,,,,0,1,,,,0,1,,,,0,1,,,,0,1,,,,0,1,,,,0,1,,,,0,1,,,,0,1,,,,0,1,,,,0,1,,,,0,1,,,,0,1,,,,0,1,,,,0,1,2968.8855000000003,2026-09-24T00:13:43Z,3316.2833333333333,1,1,2968.8855000000003,2026-09-24T00:13:40Z,3316.3333333333335,1,1,517.1279999999999,2026-09-24T00:13:40Z,3316.3333333333335,1,1,2451.7574999999997,2026-09-24T00:13:40Z,3316.3333333333335,1,1,3245.221,2026-09-24T01:00:36Z,,3269.4,1,1,-17.557,2026-09-24T01:47:45Z,2026-09-24T01:30:00Z,3222.25,1,1,97.77,2026-09-24T01:47:45Z,2026-09-24T01:30:00Z,3222.25,1,1,9799.771,2026-09-24T01:47:45Z,2026-09-24T01:30:00Z,3222.25,1,1,4254.922,2026-09-24T01:47:45Z,2026-09-24T01:30:00Z,3222.25,1,1,353.766,2026-09-24T01:47:45Z,2026-09-24T01:30:00Z,3222.25,1,1,-37.505,2026-09-24T01:30:05Z,2026-09-24T01:00:00Z,3239.9166666666665,1,1,105.91,2026-09-24T01:30:05Z,2026-09-24T01:00:00Z,3239.9166666666665,1,1,0.024,2026-09-24T01:00:37Z,,3269.383333333333,1,1,0.0,2026-09-24T01:00:37Z,,3269.383333333333,1,1,3437.2105,254.74650000000003,204.605,372.545,2026-08-31T23:00:00Z,36510.0,1,,,,,3901.1559999999995,,,,,1,1,1,1,1,1,0,0,0,0,0,0,0,0,0,1,1,1,1,1,1,1,1,1,1,1,1,1,1,1,1,1,1,1,1,1,1,1,1,1,1,1,1,1,1,1,1,1,1,1,1,1,1,1,1,1,1,1,1,1,0,0,0,0,0,0,0,0,0,0,0,0,0,0,1,0,0,0,0,0,0,0,0,0,0,0,0,0,0,0,0,0,0,0,0,0,0,0,0,0,0,0,0,0,0,0,1,0,0,0,1,0,1,1,1,1,0,1,1,1,1
2026-09-26T08:00:00Z,2026-09-26T08:30:00Z,30,,,,0,1,,,,0,1,4995.0,2026-09-24T01:50:10Z,3249.8333333333335,1,1,808.0,2026-09-24T01:50:10Z,3249.8333333333335,1,1,4187.0,2026-09-24T01:50:10Z,3249.8333333333335,1,1,,,,0,1,,,,0,1,,,,0,1,,,,0,1,,,,0,1,,,,0,1,,,,0,1,,,,0,1,,,,0,1,,,,0,1,,,,0,1,,,,0,1,,,,0,1,,,,0,1,,,,0,1,2968.8855000000003,2026-09-24T00:13:43Z,3346.2833333333333,1,1,2968.8855000000003,2026-09-24T00:13:40Z,3346.3333333333335,1,1,517.1279999999999,2026-09-24T00:13:40Z,3346.3333333333335,1,1,2451.7574999999997,2026-09-24T00:13:40Z,3346.3333333333335,1,1,3245.221,2026-09-24T01:00:36Z,,3299.4,1,1,-17.557,2026-09-24T01:47:45Z,2026-09-24T01:30:00Z,3252.25,1,1,97.77,2026-09-24T01:47:45Z,2026-09-24T01:30:00Z,3252.25,1,1,9799.771,2026-09-24T01:47:45Z,2026-09-24T01:30:00Z,3252.25,1,1,4254.922,2026-09-24T01:47:45Z,2026-09-24T01:30:00Z,3252.25,1,1,353.766,2026-09-24T01:47:45Z,2026-09-24T01:30:00Z,3252.25,1,1,-37.505,2026-09-24T01:30:05Z,2026-09-24T01:00:00Z,3269.9166666666665,1,1,105.91,2026-09-24T01:30:05Z,2026-09-24T01:00:00Z,3269.9166666666665,1,1,0.024,2026-09-24T01:00:37Z,,3299.383333333333,1,1,0.0,2026-09-24T01:00:37Z,,3299.383333333333,1,1,3437.2105,254.74650000000003,204.605,372.545,2026-08-31T23:00:00Z,36540.0,1,,,,,3901.1559999999995,,,,,1,1,1,1,1,1,0,0,0,0,0,0,0,0,0,1,1,1,1,1,1,1,1,1,1,1,1,1,1,1,1,1,1,1,1,1,1,1,1,1,1,1,1,1,1,1,1,1,1,1,1,1,1,1,1,1,1,1,1,1,0,0,0,0,0,0,0,0,0,0,0,0,0,0,1,0,0,0,0,0,0,0,0,0,0,0,0,0,0,0,0,0,0,0,0,0,0,0,0,0,0,0,0,0,0,0,1,0,0,0,1,0,1,1,1,1,0,1,1,1,1
2026-09-26T08:00:00Z,2026-09-26T09:00:00Z,60,,,,0,1,,,,0,1,4972.0,2026-09-24T01:50:10Z,3249.8333333333335,1,1,778.0,2026-09-24T01:50:10Z,3249.8333333333335,1,1,4194.0,2026-09-24T01:50:10Z,3249.8333333333335,1,1,,,,0,1,,,,0,1,,,,0,1,,,,0,1,,,,0,1,,,,0,1,,,,0,1,,,,0,1,,,,0,1,,,,0,1,,,,0,1,,,,0,1,,,,0,1,,,,0,1,,,,0,1,3206.6885,2026-09-24T00:13:43Z,3346.2833333333333,1,1,3206.6885,2026-09-24T00:13:40Z,3346.3333333333335,1,1,549.0060000000001,2026-09-24T00:13:40Z,3346.3333333333335,1,1,2657.6825,2026-09-24T00:13:40Z,3346.3333333333335,1,1,3245.221,2026-09-24T01:00:36Z,,3299.4,1,1,-17.557,2026-09-24T01:47:45Z,2026-09-24T01:30:00Z,3252.25,1,1,97.77,2026-09-24T01:47:45Z,2026-09-24T01:30:00Z,3252.25,1,1,9799.771,2026-09-24T01:47:45Z,2026-09-24T01:30:00Z,3252.25,1,1,4254.922,2026-09-24T01:47:45Z,2026-09-24T01:30:00Z,3252.25,1,1,353.766,2026-09-24T01:47:45Z,2026-09-24T01:30:00Z,3252.25,1,1,-37.505,2026-09-24T01:30:05Z,2026-09-24T01:00:00Z,3269.9166666666665,1,1,105.91,2026-09-24T01:30:05Z,2026-09-24T01:00:00Z,3269.9166666666665,1,1,0.024,2026-09-24T01:00:37Z,,3299.383333333333,1,1,0.0,2026-09-24T01:00:37Z,,3299.383333333333,1,1,3437.2105,254.74650000000003,204.605,372.545,2026-08-31T23:00:00Z,36540.0,1,,,,,3901.1559999999995,,,,,1,1,1,1,1,1,0,0,0,0,0,0,0,0,0,1,1,1,1,1,1,1,1,1,1,1,1,1,1,1,1,1,1,1,1,1,1,1,1,1,1,1,1,1,1,1,1,1,1,1,1,1,1,1,1,1,1,1,1,1,0,0,0,0,0,0,0,0,0,0,0,0,0,0,1,0,0,0,0,0,0,0,0,0,0,0,0,0,0,0,0,0,0,0,0,0,0,0,0,0,0,0,0,0,0,0,1,0,0,0,1,0,1,1,1,1,0,1,1,1,1
2026-09-26T08:30:00Z,2026-09-26T09:00:00Z,30,,,,0,1,,,,0,1,4972.0,2026-09-24T01:50:10Z,3279.8333333333335,1,1,778.0,2026-09-24T01:50:10Z,3279.8333333333335,1,1,4194.0,2026-09-24T01:50:10Z,3279.8333333333335,1,1,,,,0,1,,,,0,1,,,,0,1,,,,0,1,,,,0,1,,,,0,1,,,,0,1,,,,0,1,,,,0,1,,,,0,1,,,,0,1,,,,0,1,,,,0,1,,,,0,1,,,,0,1,3206.6885,2026-09-24T00:13:43Z,3376.2833333333333,1,1,3206.6885,2026-09-24T00:13:40Z,3376.3333333333335,1,1,549.0060000000001,2026-09-24T00:13:40Z,3376.3333333333335,1,1,2657.6825,2026-09-24T00:13:40Z,3376.3333333333335,1,1,3245.221,2026-09-24T01:00:36Z,,3329.4,1,1,-17.557,2026-09-24T01:47:45Z,2026-09-24T01:30:00Z,3282.25,1,1,97.77,2026-09-24T01:47:45Z,2026-09-24T01:30:00Z,3282.25,1,1,9799.771,2026-09-24T01:47:45Z,2026-09-24T01:30:00Z,3282.25,1,1,4254.922,2026-09-24T01:47:45Z,2026-09-24T01:30:00Z,3282.25,1,1,353.766,2026-09-24T01:47:45Z,2026-09-24T01:30:00Z,3282.25,1,1,-37.505,2026-09-24T01:30:05Z,2026-09-24T01:00:00Z,3299.9166666666665,1,1,105.91,2026-09-24T01:30:05Z,2026-09-24T01:00:00Z,3299.9166666666665,1,1,0.024,2026-09-24T01:00:37Z,,3329.383333333333,1,1,0.0,2026-09-24T01:00:37Z,,3329.383333333333,1,1,3437.2105,254.74650000000003,204.605,372.545,2026-08-31T23:00:00Z,36570.0,1,,,,,3901.1559999999995,,,,,1,1,1,1,1,1,0,0,0,0,0,0,0,0,0,1,1,1,1,1,1,1,1,1,1,1,1,1,1,1,1,1,1,1,1,1,1,1,1,1,1,1,1,1,1,1,1,1,1,1,1,1,1,1,1,1,1,1,1,1,0,0,0,0,0,0,0,0,0,0,0,0,0,0,1,0,0,0,0,0,0,0,0,0,0,0,0,0,0,0,0,0,0,0,0,0,0,0,0,0,0,0,0,0,0,0,1,0,0,0,1,0,1,1,1,1,0,1,1,1,1
2026-09-26T08:30:00Z,2026-09-26T09:30:00Z,60,,,,0,1,,,,0,1,4995.0,2026-09-24T01:50:10Z,3279.8333333333335,1,1,783.0,2026-09-24T01:50:10Z,3279.8333333333335,1,1,4212.0,2026-09-24T01:50:10Z,3279.8333333333335,1,1,,,,0,1,,,,0,1,,,,0,1,,,,0,1,,,,0,1,,,,0,1,,,,0,1,,,,0,1,,,,0,1,,,,0,1,,,,0,1,,,,0,1,,,,0,1,,,,0,1,,,,0,1,3444.9139999999998,2026-09-24T00:13:43Z,3376.2833333333333,1,1,3444.9139999999998,2026-09-24T00:13:40Z,3376.3333333333335,1,1,585.075,2026-09-24T00:13:40Z,3376.3333333333335,1,1,2859.839,2026-09-24T00:13:40Z,3376.3333333333335,1,1,3245.221,2026-09-24T01:00:36Z,,3329.4,1,1,-17.557,2026-09-24T01:47:45Z,2026-09-24T01:30:00Z,3282.25,1,1,97.77,2026-09-24T01:47:45Z,2026-09-24T01:30:00Z,3282.25,1,1,9799.771,2026-09-24T01:47:45Z,2026-09-24T01:30:00Z,3282.25,1,1,4254.922,2026-09-24T01:47:45Z,2026-09-24T01:30:00Z,3282.25,1,1,353.766,2026-09-24T01:47:45Z,2026-09-24T01:30:00Z,3282.25,1,1,-37.505,2026-09-24T01:30:05Z,2026-09-24T01:00:00Z,3299.9166666666665,1,1,105.91,2026-09-24T01:30:05Z,2026-09-24T01:00:00Z,3299.9166666666665,1,1,0.024,2026-09-24T01:00:37Z,,3329.383333333333,1,1,0.0,2026-09-24T01:00:37Z,,3329.383333333333,1,1,3437.2105,254.74650000000003,204.605,372.545,2026-08-31T23:00:00Z,36570.0,1,,,,,3901.1559999999995,,,,,1,1,1,1,1,1,0,0,0,0,0,0,0,0,0,1,1,1,1,1,1,1,1,1,1,1,1,1,1,1,1,1,1,1,1,1,1,1,1,1,1,1,1,1,1,1,1,1,1,1,1,1,1,1,1,1,1,1,1,1,0,0,0,0,0,0,0,0,0,0,0,0,0,0,1,0,0,0,0,0,0,0,0,0,0,0,0,0,0,0,0,0,0,0,0,0,0,0,0,0,0,0,0,0,0,0,1,0,0,0,1,0,1,1,1,1,0,1,1,1,1
2026-09-26T09:00:00Z,2026-09-26T09:30:00Z,30,,,,0,1,,,,0,1,4995.0,2026-09-24T01:50:10Z,3309.8333333333335,1,1,783.0,2026-09-24T01:50:10Z,3309.8333333333335,1,1,4212.0,2026-09-24T01:50:10Z,3309.8333333333335,1,1,,,,0,1,,,,0,1,,,,0,1,,,,0,1,,,,0,1,,,,0,1,,,,0,1,,,,0,1,,,,0,1,,,,0,1,,,,0,1,,,,0,1,,,,0,1,,,,0,1,,,,0,1,3444.9139999999998,2026-09-24T00:13:43Z,3406.2833333333333,1,1,3444.9139999999998,2026-09-24T00:13:40Z,3406.3333333333335,1,1,585.075,2026-09-24T00:13:40Z,3406.3333333333335,1,1,2859.839,2026-09-24T00:13:40Z,3406.3333333333335,1,1,3245.221,2026-09-24T01:00:36Z,,3359.4,1,1,-17.557,2026-09-24T01:47:45Z,2026-09-24T01:30:00Z,3312.25,1,1,97.77,2026-09-24T01:47:45Z,2026-09-24T01:30:00Z,3312.25,1,1,9799.771,2026-09-24T01:47:45Z,2026-09-24T01:30:00Z,3312.25,1,1,4254.922,2026-09-24T01:47:45Z,2026-09-24T01:30:00Z,3312.25,1,1,353.766,2026-09-24T01:47:45Z,2026-09-24T01:30:00Z,3312.25,1,1,-37.505,2026-09-24T01:30:05Z,2026-09-24T01:00:00Z,3329.9166666666665,1,1,105.91,2026-09-24T01:30:05Z,2026-09-24T01:00:00Z,3329.9166666666665,1,1,0.024,2026-09-24T01:00:37Z,,3359.383333333333,1,1,0.0,2026-09-24T01:00:37Z,,3359.383333333333,1,1,3437.2105,254.74650000000003,204.605,372.545,2026-08-31T23:00:00Z,36600.0,1,,,,,3901.1559999999995,,,,,1,1,1,1,1,1,0,0,0,0,0,0,0,0,0,1,1,1,1,1,1,1,1,1,1,1,1,1,1,1,1,1,1,1,1,1,1,1,1,1,1,1,1,1,1,1,1,1,1,1,1,1,1,1,1,1,1,1,1,1,0,0,0,0,0,0,0,0,0,0,0,0,0,0,1,0,0,0,0,0,0,0,0,0,0,0,0,0,0,0,0,0,0,0,0,0,0,0,0,0,0,0,0,0,0,0,1,0,0,0,1,0,1,1,1,1,0,1,1,1,1
2026-09-26T09:00:00Z,2026-09-26T10:00:00Z,60,,,,0,1,,,,0,1,5021.0,2026-09-24T01:50:10Z,3309.8333333333335,1,1,768.0,2026-09-24T01:50:10Z,3309.8333333333335,1,1,4253.0,2026-09-24T01:50:10Z,3309.8333333333335,1,1,,,,0,1,,,,0,1,,,,0,1,,,,0,1,,,,0,1,,,,0,1,,,,0,1,,,,0,1,,,,0,1,,,,0,1,,,,0,1,,,,0,1,,,,0,1,,,,0,1,,,,0,1,3671.5895,2026-09-24T00:13:43Z,3406.2833333333333,1,1,3671.5895,2026-09-24T00:13:40Z,3406.3333333333335,1,1,618.3119999999999,2026-09-24T00:13:40Z,3406.3333333333335,1,1,3053.2775,2026-09-24T00:13:40Z,3406.3333333333335,1,1,3245.221,2026-09-24T01:00:36Z,,3359.4,1,1,-17.557,2026-09-24T01:47:45Z,2026-09-24T01:30:00Z,3312.25,1,1,97.77,2026-09-24T01:47:45Z,2026-09-24T01:30:00Z,3312.25,1,1,9799.771,2026-09-24T01:47:45Z,2026-09-24T01:30:00Z,3312.25,1,1,4254.922,2026-09-24T01:47:45Z,2026-09-24T01:30:00Z,3312.25,1,1,353.766,2026-09-24T01:47:45Z,2026-09-24T01:30:00Z,3312.25,1,1,-37.505,2026-09-24T01:30:05Z,2026-09-24T01:00:00Z,3329.9166666666665,1,1,105.91,2026-09-24T01:30:05Z,2026-09-24T01:00:00Z,3329.9166666666665,1,1,0.024,2026-09-24T01:00:37Z,,3359.383333333333,1,1,0.0,2026-09-24T01:00:37Z,,3359.383333333333,1,1,3437.2105,254.74650000000003,204.605,372.545,2026-08-31T23:00:00Z,36600.0,1,,,,,3901.1559999999995,,,,,1,1,1,1,1,1,0,0,0,0,0,0,0,0,0,1,1,1,1,1,1,1,1,1,1,1,1,1,1,1,1,1,1,1,1,1,1,1,1,1,1,1,1,1,1,1,1,1,1,1,1,1,1,1,1,1,1,1,1,1,0,0,0,0,0,0,0,0,0,0,0,0,0,0,1,0,0,0,0,0,0,0,0,0,0,0,0,0,0,0,0,0,0,0,0,0,0,0,0,0,0,0,0,0,0,0,1,0,0,0,1,0,1,1,1,1,0,1,1,1,1
2026-09-26T09:30:00Z,2026-09-26T10:00:00Z,30,,,,0,1,,,,0,1,5021.0,2026-09-24T01:50:10Z,3339.8333333333335,1,1,768.0,2026-09-24T01:50:10Z,3339.8333333333335,1,1,4253.0,2026-09-24T01:50:10Z,3339.8333333333335,1,1,,,,0,1,,,,0,1,,,,0,1,,,,0,1,,,,0,1,,,,0,1,,,,0,1,,,,0,1,,,,0,1,,,,0,1,,,,0,1,,,,0,1,,,,0,1,,,,0,1,,,,0,1,3671.5895,2026-09-24T00:13:43Z,3436.2833333333333,1,1,3671.5895,2026-09-24T00:13:40Z,3436.3333333333335,1,1,618.3119999999999,2026-09-24T00:13:40Z,3436.3333333333335,1,1,3053.2775,2026-09-24T00:13:40Z,3436.3333333333335,1,1,3245.221,2026-09-24T01:00:36Z,,3389.4,1,1,-17.557,2026-09-24T01:47:45Z,2026-09-24T01:30:00Z,3342.25,1,1,97.77,2026-09-24T01:47:45Z,2026-09-24T01:30:00Z,3342.25,1,1,9799.771,2026-09-24T01:47:45Z,2026-09-24T01:30:00Z,3342.25,1,1,4254.922,2026-09-24T01:47:45Z,2026-09-24T01:30:00Z,3342.25,1,1,353.766,2026-09-24T01:47:45Z,2026-09-24T01:30:00Z,3342.25,1,1,-37.505,2026-09-24T01:30:05Z,2026-09-24T01:00:00Z,3359.9166666666665,1,1,105.91,2026-09-24T01:30:05Z,2026-09-24T01:00:00Z,3359.9166666666665,1,1,0.024,2026-09-24T01:00:37Z,,3389.383333333333,1,1,0.0,2026-09-24T01:00:37Z,,3389.383333333333,1,1,3437.2105,254.74650000000003,204.605,372.545,2026-08-31T23:00:00Z,36630.0,1,,,,,3901.1559999999995,,,,,1,1,1,1,1,1,0,0,0,0,0,0,0,0,0,1,1,1,1,1,1,1,1,1,1,1,1,1,1,1,1,1,1,1,1,1,1,1,1,1,1,1,1,1,1,1,1,1,1,1,1,1,1,1,1,1,1,1,1,1,0,0,0,0,0,0,0,0,0,0,0,0,0,0,1,0,0,0,0,0,0,0,0,0,0,0,0,0,0,0,0,0,0,0,0,0,0,0,0,0,0,0,0,0,0,0,1,0,0,0,1,0,1,1,1,1,0,1,1,1,1
2026-09-26T09:30:00Z,2026-09-26T10:30:00Z,60,,,,0,1,,,,0,1,5035.0,2026-09-24T01:50:10Z,3339.8333333333335,1,1,762.0,2026-09-24T01:50:10Z,3339.8333333333335,1,1,4273.0,2026-09-24T01:50:10Z,3339.8333333333335,1,1,,,,0,1,,,,0,1,,,,0,1,,,,0,1,,,,0,1,,,,0,1,,,,0,1,,,,0,1,,,,0,1,,,,0,1,,,,0,1,,,,0,1,,,,0,1,,,,0,1,,,,0,1,3863.6054999999997,2026-09-24T00:13:43Z,3436.2833333333333,1,1,3863.6054999999997,2026-09-24T00:13:40Z,3436.3333333333335,1,1,643.049,2026-09-24T00:13:40Z,3436.3333333333335,1,1,3220.5564999999997,2026-09-24T00:13:40Z,3436.3333333333335,1,1,3245.221,2026-09-24T01:00:36Z,,3389.4,1,1,-17.557,2026-09-24T01:47:45Z,2026-09-24T01:30:00Z,3342.25,1,1,97.77,2026-09-24T01:47:45Z,2026-09-24T01:30:00Z,3342.25,1,1,9799.771,2026-09-24T01:47:45Z,2026-09-24T01:30:00Z,3342.25,1,1,4254.922,2026-09-24T01:47:45Z,2026-09-24T01:30:00Z,3342.25,1,1,353.766,2026-09-24T01:47:45Z,2026-09-24T01:30:00Z,3342.25,1,1,-37.505,2026-09-24T01:30:05Z,2026-09-24T01:00:00Z,3359.9166666666665,1,1,105.91,2026-09-24T01:30:05Z,2026-09-24T01:00:00Z,3359.9166666666665,1,1,0.024,2026-09-24T01:00:37Z,,3389.383333333333,1,1,0.0,2026-09-24T01:00:37Z,,3389.383333333333,1,1,3437.2105,254.74650000000003,204.605,372.545,2026-08-31T23:00:00Z,36630.0,1,,,,,3901.1559999999995,,,,,1,1,1,1,1,1,0,0,0,0,0,0,0,0,0,1,1,1,1,1,1,1,1,1,1,1,1,1,1,1,1,1,1,1,1,1,1,1,1,1,1,1,1,1,1,1,1,1,1,1,1,1,1,1,1,1,1,1,1,1,0,0,0,0,0,0,0,0,0,0,0,0,0,0,1,0,0,0,0,0,0,0,0,0,0,0,0,0,0,0,0,0,0,0,0,0,0,0,0,0,0,0,0,0,0,0,1,0,0,0,1,0,1,1,1,1,0,1,1,1,1
2026-09-26T10:00:00Z,2026-09-26T10:30:00Z,30,,,,0,1,,,,0,1,5035.0,2026-09-24T01:50:10Z,3369.8333333333335,1,1,762.0,2026-09-24T01:50:10Z,3369.8333333333335,1,1,4273.0,2026-09-24T01:50:10Z,3369.8333333333335,1,1,,,,0,1,,,,0,1,,,,0,1,,,,0,1,,,,0,1,,,,0,1,,,,0,1,,,,0,1,,,,0,1,,,,0,1,,,,0,1,,,,0,1,,,,0,1,,,,0,1,,,,0,1,3863.6054999999997,2026-09-24T00:13:43Z,3466.2833333333333,1,1,3863.6054999999997,2026-09-24T00:13:40Z,3466.3333333333335,1,1,643.049,2026-09-24T00:13:40Z,3466.3333333333335,1,1,3220.5564999999997,2026-09-24T00:13:40Z,3466.3333333333335,1,1,3245.221,2026-09-24T01:00:36Z,,3419.4,1,1,-17.557,2026-09-24T01:47:45Z,2026-09-24T01:30:00Z,3372.25,1,1,97.77,2026-09-24T01:47:45Z,2026-09-24T01:30:00Z,3372.25,1,1,9799.771,2026-09-24T01:47:45Z,2026-09-24T01:30:00Z,3372.25,1,1,4254.922,2026-09-24T01:47:45Z,2026-09-24T01:30:00Z,3372.25,1,1,353.766,2026-09-24T01:47:45Z,2026-09-24T01:30:00Z,3372.25,1,1,-37.505,2026-09-24T01:30:05Z,2026-09-24T01:00:00Z,3389.9166666666665,1,1,105.91,2026-09-24T01:30:05Z,2026-09-24T01:00:00Z,3389.9166666666665,1,1,0.024,2026-09-24T01:00:37Z,,3419.383333333333,1,1,0.0,2026-09-24T01:00:37Z,,3419.383333333333,1,1,3437.2105,254.74650000000003,204.605,372.545,2026-08-31T23:00:00Z,36660.0,1,,,,,3901.1559999999995,,,,,1,1,1,1,1,1,0,0,0,0,0,0,0,0,0,1,1,1,1,1,1,1,1,1,1,1,1,1,1,1,1,1,1,1,1,1,1,1,1,1,1,1,1,1,1,1,1,1,1,1,1,1,1,1,1,1,1,1,1,1,0,0,0,0,0,0,0,0,0,0,0,0,0,0,1,0,0,0,0,0,0,0,0,0,0,0,0,0,0,0,0,0,0,0,0,0,0,0,0,0,0,0,0,0,0,0,1,0,0,0,1,0,1,1,1,1,0,1,1,1,1
2026-09-26T10:00:00Z,2026-09-26T11:00:00Z,60,,,,0,1,,,,0,1,4931.0,2026-09-24T01:50:10Z,3369.8333333333335,1,1,751.0,2026-09-24T01:50:10Z,3369.8333333333335,1,1,4180.0,2026-09-24T01:50:10Z,3369.8333333333335,1,1,,,,0,1,,,,0,1,,,,0,1,,,,0,1,,,,0,1,,,,0,1,,,,0,1,,,,0,1,,,,0,1,,,,0,1,,,,0,1,,,,0,1,,,,0,1,,,,0,1,,,,0,1,4047.8885,2026-09-24T00:13:43Z,3466.2833333333333,1,1,4047.8885,2026-09-24T00:13:40Z,3466.3333333333335,1,1,666.89,2026-09-24T00:13:40Z,3466.3333333333335,1,1,3380.9984999999997,2026-09-24T00:13:40Z,3466.3333333333335,1,1,3245.221,2026-09-24T01:00:36Z,,3419.4,1,1,-17.557,2026-09-24T01:47:45Z,2026-09-24T01:30:00Z,3372.25,1,1,97.77,2026-09-24T01:47:45Z,2026-09-24T01:30:00Z,3372.25,1,1,9799.771,2026-09-24T01:47:45Z,2026-09-24T01:30:00Z,3372.25,1,1,4254.922,2026-09-24T01:47:45Z,2026-09-24T01:30:00Z,3372.25,1,1,353.766,2026-09-24T01:47:45Z,2026-09-24T01:30:00Z,3372.25,1,1,-37.505,2026-09-24T01:30:05Z,2026-09-24T01:00:00Z,3389.9166666666665,1,1,105.91,2026-09-24T01:30:05Z,2026-09-24T01:00:00Z,3389.9166666666665,1,1,0.024,2026-09-24T01:00:37Z,,3419.383333333333,1,1,0.0,2026-09-24T01:00:37Z,,3419.383333333333,1,1,3437.2105,254.74650000000003,204.605,372.545,2026-08-31T23:00:00Z,36660.0,1,,,,,3901.1559999999995,,,,,1,1,1,1,1,1,0,0,0,0,0,0,0,0,0,1,1,1,1,1,1,1,1,1,1,1,1,1,1,1,1,1,1,1,1,1,1,1,1,1,1,1,1,1,1,1,1,1,1,1,1,1,1,1,1,1,1,1,1,1,0,0,0,0,0,0,0,0,0,0,0,0,0,0,1,0,0,0,0,0,0,0,0,0,0,0,0,0,0,0,0,0,0,0,0,0,0,0,0,0,0,0,0,0,0,0,1,0,0,0,1,0,1,1,1,1,0,1,1,1,1
2026-09-26T10:30:00Z,2026-09-26T11:00:00Z,30,,,,0,1,,,,0,1,4931.0,2026-09-24T01:50:10Z,3399.8333333333335,1,1,751.0,2026-09-24T01:50:10Z,3399.8333333333335,1,1,4180.0,2026-09-24T01:50:10Z,3399.8333333333335,1,1,,,,0,1,,,,0,1,,,,0,1,,,,0,1,,,,0,1,,,,0,1,,,,0,1,,,,0,1,,,,0,1,,,,0,1,,,,0,1,,,,0,1,,,,0,1,,,,0,1,,,,0,1,4047.8885,2026-09-24T00:13:43Z,3496.2833333333333,1,1,4047.8885,2026-09-24T00:13:40Z,3496.3333333333335,1,1,666.89,2026-09-24T00:13:40Z,3496.3333333333335,1,1,3380.9984999999997,2026-09-24T00:13:40Z,3496.3333333333335,1,1,3245.221,2026-09-24T01:00:36Z,,3449.4,1,1,-17.557,2026-09-24T01:47:45Z,2026-09-24T01:30:00Z,3402.25,1,1,97.77,2026-09-24T01:47:45Z,2026-09-24T01:30:00Z,3402.25,1,1,9799.771,2026-09-24T01:47:45Z,2026-09-24T01:30:00Z,3402.25,1,1,4254.922,2026-09-24T01:47:45Z,2026-09-24T01:30:00Z,3402.25,1,1,353.766,2026-09-24T01:47:45Z,2026-09-24T01:30:00Z,3402.25,1,1,-37.505,2026-09-24T01:30:05Z,2026-09-24T01:00:00Z,3419.9166666666665,1,1,105.91,2026-09-24T01:30:05Z,2026-09-24T01:00:00Z,3419.9166666666665,1,1,0.024,2026-09-24T01:00:37Z,,3449.383333333333,1,1,0.0,2026-09-24T01:00:37Z,,3449.383333333333,1,1,3437.2105,254.74650000000003,204.605,372.545,2026-08-31T23:00:00Z,36690.0,1,,,,,3901.1559999999995,,,,,1,1,1,1,1,1,0,0,0,0,0,0,0,0,0,1,1,1,1,1,1,1,1,1,1,1,1,1,1,1,1,1,1,1,1,1,1,1,1,1,1,1,1,1,1,1,1,1,1,1,1,1,1,1,1,1,1,1,1,1,0,0,0,0,0,0,0,0,0,0,0,0,0,0,1,0,0,0,0,0,0,0,0,0,0,0,0,0,0,0,0,0,0,0,0,0,0,0,0,0,0,0,0,0,0,0,1,0,0,0,1,0,1,1,1,1,0,1,1,1,1
2026-09-26T10:30:00Z,2026-09-26T11:30:00Z,60,,,,0,1,,,,0,1,5091.0,2026-09-24T01:50:10Z,3399.8333333333335,1,1,753.0,2026-09-24T01:50:10Z,3399.8333333333335,1,1,4338.0,2026-09-24T01:50:10Z,3399.8333333333335,1,1,,,,0,1,,,,0,1,,,,0,1,,,,0,1,,,,0,1,,,,0,1,,,,0,1,,,,0,1,,,,0,1,,,,0,1,,,,0,1,,,,0,1,,,,0,1,,,,0,1,,,,0,1,4208.9385,2026-09-24T00:13:43Z,3496.2833333333333,1,1,4208.9385,2026-09-24T00:13:40Z,3496.3333333333335,1,1,688.052,2026-09-24T00:13:40Z,3496.3333333333335,1,1,3520.8864999999996,2026-09-24T00:13:40Z,3496.3333333333335,1,1,3245.221,2026-09-24T01:00:36Z,,3449.4,1,1,-17.557,2026-09-24T01:47:45Z,2026-09-24T01:30:00Z,3402.25,1,1,97.77,2026-09-24T01:47:45Z,2026-09-24T01:30:00Z,3402.25,1,1,9799.771,2026-09-24T01:47:45Z,2026-09-24T01:30:00Z,3402.25,1,1,4254.922,2026-09-24T01:47:45Z,2026-09-24T01:30:00Z,3402.25,1,1,353.766,2026-09-24T01:47:45Z,2026-09-24T01:30:00Z,3402.25,1,1,-37.505,2026-09-24T01:30:05Z,2026-09-24T01:00:00Z,3419.9166666666665,1,1,105.91,2026-09-24T01:30:05Z,2026-09-24T01:00:00Z,3419.9166666666665,1,1,0.024,2026-09-24T01:00:37Z,,3449.383333333333,1,1,0.0,2026-09-24T01:00:37Z,,3449.383333333333,1,1,3437.2105,254.74650000000003,204.605,372.545,2026-08-31T23:00:00Z,36690.0,1,,,,,3901.1559999999995,,,,,1,1,1,1,1,1,0,0,0,0,0,0,0,0,0,1,1,1,1,1,1,1,1,1,1,1,1,1,1,1,1,1,1,1,1,1,1,1,1,1,1,1,1,1,1,1,1,1,1,1,1,1,1,1,1,1,1,1,1,1,0,0,0,0,0,0,0,0,0,0,0,0,0,0,1,0,0,0,0,0,0,0,0,0,0,0,0,0,0,0,0,0,0,0,0,0,0,0,0,0,0,0,0,0,0,0,1,0,0,0,1,0,1,1,1,1,0,1,1,1,1
2026-09-26T11:00:00Z,2026-09-26T11:30:00Z,30,,,,0,1,,,,0,1,5091.0,2026-09-24T01:50:10Z,3429.8333333333335,1,1,753.0,2026-09-24T01:50:10Z,3429.8333333333335,1,1,4338.0,2026-09-24T01:50:10Z,3429.8333333333335,1,1,,,,0,1,,,,0,1,,,,0,1,,,,0,1,,,,0,1,,,,0,1,,,,0,1,,,,0,1,,,,0,1,,,,0,1,,,,0,1,,,,0,1,,,,0,1,,,,0,1,,,,0,1,4208.9385,2026-09-24T00:13:43Z,3526.2833333333333,1,1,4208.9385,2026-09-24T00:13:40Z,3526.3333333333335,1,1,688.052,2026-09-24T00:13:40Z,3526.3333333333335,1,1,3520.8864999999996,2026-09-24T00:13:40Z,3526.3333333333335,1,1,3245.221,2026-09-24T01:00:36Z,,3479.4,1,1,-17.557,2026-09-24T01:47:45Z,2026-09-24T01:30:00Z,3432.25,1,1,97.77,2026-09-24T01:47:45Z,2026-09-24T01:30:00Z,3432.25,1,1,9799.771,2026-09-24T01:47:45Z,2026-09-24T01:30:00Z,3432.25,1,1,4254.922,2026-09-24T01:47:45Z,2026-09-24T01:30:00Z,3432.25,1,1,353.766,2026-09-24T01:47:45Z,2026-09-24T01:30:00Z,3432.25,1,1,-37.505,2026-09-24T01:30:05Z,2026-09-24T01:00:00Z,3449.9166666666665,1,1,105.91,2026-09-24T01:30:05Z,2026-09-24T01:00:00Z,3449.9166666666665,1,1,0.024,2026-09-24T01:00:37Z,,3479.383333333333,1,1,0.0,2026-09-24T01:00:37Z,,3479.383333333333,1,1,3437.2105,254.74650000000003,204.605,372.545,2026-08-31T23:00:00Z,36720.0,1,,,,,3901.1559999999995,,,,,1,1,1,1,1,1,0,0,0,0,0,0,0,0,0,1,1,1,1,1,1,1,1,1,1,1,1,1,1,1,1,1,1,1,1,1,1,1,1,1,1,1,1,1,1,1,1,1,1,1,1,1,1,1,1,1,1,1,1,1,0,0,0,0,0,0,0,0,0,0,0,0,0,0,1,0,0,0,0,0,0,0,0,0,0,0,0,0,0,0,0,0,0,0,0,0,0,0,0,0,0,0,0,0,0,0,1,0,0,0,1,0,1,1,1,1,0,1,1,1,1
2026-09-26T11:00:00Z,2026-09-26T12:00:00Z,60,,,,0,1,,,,0,1,5097.0,2026-09-24T01:50:10Z,3429.8333333333335,1,1,745.0,2026-09-24T01:50:10Z,3429.8333333333335,1,1,4352.0,2026-09-24T01:50:10Z,3429.8333333333335,1,1,,,,0,1,,,,0,1,,,,0,1,,,,0,1,,,,0,1,,,,0,1,,,,0,1,,,,0,1,,,,0,1,,,,0,1,,,,0,1,,,,0,1,,,,0,1,,,,0,1,,,,0,1,4360.7155,2026-09-24T00:13:43Z,3526.2833333333333,1,1,4360.7155,2026-09-24T00:13:40Z,3526.3333333333335,1,1,707.3355,2026-09-24T00:13:40Z,3526.3333333333335,1,1,3653.38,2026-09-24T00:13:40Z,3526.3333333333335,1,1,3245.221,2026-09-24T01:00:36Z,,3479.4,1,1,-17.557,2026-09-24T01:47:45Z,2026-09-24T01:30:00Z,3432.25,1,1,97.77,2026-09-24T01:47:45Z,2026-09-24T01:30:00Z,3432.25,1,1,9799.771,2026-09-24T01:47:45Z,2026-09-24T01:30:00Z,3432.25,1,1,4254.922,2026-09-24T01:47:45Z,2026-09-24T01:30:00Z,3432.25,1,1,353.766,2026-09-24T01:47:45Z,2026-09-24T01:30:00Z,3432.25,1,1,-37.505,2026-09-24T01:30:05Z,2026-09-24T01:00:00Z,3449.9166666666665,1,1,105.91,2026-09-24T01:30:05Z,2026-09-24T01:00:00Z,3449.9166666666665,1,1,0.024,2026-09-24T01:00:37Z,,3479.383333333333,1,1,0.0,2026-09-24T01:00:37Z,,3479.383333333333,1,1,3437.2105,254.74650000000003,204.605,372.545,2026-08-31T23:00:00Z,36720.0,1,,,,,3901.1559999999995,,,,,1,1,1,1,1,1,0,0,0,0,0,0,0,0,0,1,1,1,1,1,1,1,1,1,1,1,1,1,1,1,1,1,1,1,1,1,1,1,1,1,1,1,1,1,1,1,1,1,1,1,1,1,1,1,1,1,1,1,1,1,0,0,0,0,0,0,0,0,0,0,0,0,0,0,1,0,0,0,0,0,0,0,0,0,0,0,0,0,0,0,0,0,0,0,0,0,0,0,0,0,0,0,0,0,0,0,1,0,0,0,1,0,1,1,1,1,0,1,1,1,1
2026-09-26T11:30:00Z,2026-09-26T12:00:00Z,30,,,,0,1,,,,0,1,5097.0,2026-09-24T01:50:10Z,3459.8333333333335,1,1,745.0,2026-09-24T01:50:10Z,3459.8333333333335,1,1,4352.0,2026-09-24T01:50:10Z,3459.8333333333335,1,1,,,,0,1,,,,0,1,,,,0,1,,,,0,1,,,,0,1,,,,0,1,,,,0,1,,,,0,1,,,,0,1,,,,0,1,,,,0,1,,,,0,1,,,,0,1,,,,0,1,,,,0,1,4360.7155,2026-09-24T00:13:43Z,3556.2833333333333,1,1,4360.7155,2026-09-24T00:13:40Z,3556.3333333333335,1,1,707.3355,2026-09-24T00:13:40Z,3556.3333333333335,1,1,3653.38,2026-09-24T00:13:40Z,3556.3333333333335,1,1,3245.221,2026-09-24T01:00:36Z,,3509.4,1,1,-17.557,2026-09-24T01:47:45Z,2026-09-24T01:30:00Z,3462.25,1,1,97.77,2026-09-24T01:47:45Z,2026-09-24T01:30:00Z,3462.25,1,1,9799.771,2026-09-24T01:47:45Z,2026-09-24T01:30:00Z,3462.25,1,1,4254.922,2026-09-24T01:47:45Z,2026-09-24T01:30:00Z,3462.25,1,1,353.766,2026-09-24T01:47:45Z,2026-09-24T01:30:00Z,3462.25,1,1,-37.505,2026-09-24T01:30:05Z,2026-09-24T01:00:00Z,3479.9166666666665,1,1,105.91,2026-09-24T01:30:05Z,2026-09-24T01:00:00Z,3479.9166666666665,1,1,0.024,2026-09-24T01:00:37Z,,3509.383333333333,1,1,0.0,2026-09-24T01:00:37Z,,3509.383333333333,1,1,3437.2105,254.74650000000003,204.605,372.545,2026-08-31T23:00:00Z,36750.0,1,,,,,3901.1559999999995,,,,,1,1,1,1,1,1,0,0,0,0,0,0,0,0,0,1,1,1,1,1,1,1,1,1,1,1,1,1,1,1,1,1,1,1,1,1,1,1,1,1,1,1,1,1,1,1,1,1,1,1,1,1,1,1,1,1,1,1,1,1,0,0,0,0,0,0,0,0,0,0,0,0,0,0,1,0,0,0,0,0,0,0,0,0,0,0,0,0,0,0,0,0,0,0,0,0,0,0,0,0,0,0,0,0,0,0,1,0,0,0,1,0,1,1,1,1,0,1,1,1,1
2026-09-26T11:30:00Z,2026-09-26T12:30:00Z,60,,,,0,1,,,,0,1,5119.0,2026-09-24T01:50:10Z,3459.8333333333335,1,1,728.0,2026-09-24T01:50:10Z,3459.8333333333335,1,1,4391.0,2026-09-24T01:50:10Z,3459.8333333333335,1,1,,,,0,1,,,,0,1,,,,0,1,,,,0,1,,,,0,1,,,,0,1,,,,0,1,,,,0,1,,,,0,1,,,,0,1,,,,0,1,,,,0,1,,,,0,1,,,,0,1,,,,0,1,4484.6655,2026-09-24T00:13:43Z,3556.2833333333333,1,1,4484.6655,2026-09-24T00:13:40Z,3556.3333333333335,1,1,720.977,2026-09-24T00:13:40Z,3556.3333333333335,1,1,3763.6885,2026-09-24T00:13:40Z,3556.3333333333335,1,1,3245.221,2026-09-24T01:00:36Z,,3509.4,1,1,-17.557,2026-09-24T01:47:45Z,2026-09-24T01:30:00Z,3462.25,1,1,97.77,2026-09-24T01:47:45Z,2026-09-24T01:30:00Z,3462.25,1,1,9799.771,2026-09-24T01:47:45Z,2026-09-24T01:30:00Z,3462.25,1,1,4254.922,2026-09-24T01:47:45Z,2026-09-24T01:30:00Z,3462.25,1,1,353.766,2026-09-24T01:47:45Z,2026-09-24T01:30:00Z,3462.25,1,1,-37.505,2026-09-24T01:30:05Z,2026-09-24T01:00:00Z,3479.9166666666665,1,1,105.91,2026-09-24T01:30:05Z,2026-09-24T01:00:00Z,3479.9166666666665,1,1,0.024,2026-09-24T01:00:37Z,,3509.383333333333,1,1,0.0,2026-09-24T01:00:37Z,,3509.383333333333,1,1,3437.2105,254.74650000000003,204.605,372.545,2026-08-31T23:00:00Z,36750.0,1,,,,,3901.1559999999995,,,,,1,1,1,1,1,1,0,0,0,0,0,0,0,0,0,1,1,1,1,1,1,1,1,1,1,1,1,1,1,1,1,1,1,1,1,1,1,1,1,1,1,1,1,1,1,1,1,1,1,1,1,1,1,1,1,1,1,1,1,1,0,0,0,0,0,0,0,0,0,0,0,0,0,0,1,0,0,0,0,0,0,0,0,0,0,0,0,0,0,0,0,0,0,0,0,0,0,0,0,0,0,0,0,0,0,0,1,0,0,0,1,0,1,1,1,1,0,1,1,1,1
2026-09-26T12:00:00Z,2026-09-26T12:30:00Z,30,,,,0,1,,,,0,1,5119.0,2026-09-24T01:50:10Z,3489.8333333333335,1,1,728.0,2026-09-24T01:50:10Z,3489.8333333333335,1,1,4391.0,2026-09-24T01:50:10Z,3489.8333333333335,1,1,,,,0,1,,,,0,1,,,,0,1,,,,0,1,,,,0,1,,,,0,1,,,,0,1,,,,0,1,,,,0,1,,,,0,1,,,,0,1,,,,0,1,,,,0,1,,,,0,1,,,,0,1,4484.6655,2026-09-24T00:13:43Z,3586.2833333333333,1,1,4484.6655,2026-09-24T00:13:40Z,3586.3333333333335,1,1,720.977,2026-09-24T00:13:40Z,3586.3333333333335,1,1,3763.6885,2026-09-24T00:13:40Z,3586.3333333333335,1,1,3245.221,2026-09-24T01:00:36Z,,3539.4,1,1,-17.557,2026-09-24T01:47:45Z,2026-09-24T01:30:00Z,3492.25,1,1,97.77,2026-09-24T01:47:45Z,2026-09-24T01:30:00Z,3492.25,1,1,9799.771,2026-09-24T01:47:45Z,2026-09-24T01:30:00Z,3492.25,1,1,4254.922,2026-09-24T01:47:45Z,2026-09-24T01:30:00Z,3492.25,1,1,353.766,2026-09-24T01:47:45Z,2026-09-24T01:30:00Z,3492.25,1,1,-37.505,2026-09-24T01:30:05Z,2026-09-24T01:00:00Z,3509.9166666666665,1,1,105.91,2026-09-24T01:30:05Z,2026-09-24T01:00:00Z,3509.9166666666665,1,1,0.024,2026-09-24T01:00:37Z,,3539.383333333333,1,1,0.0,2026-09-24T01:00:37Z,,3539.383333333333,1,1,3437.2105,254.74650000000003,204.605,372.545,2026-08-31T23:00:00Z,36780.0,1,,,,,3901.1559999999995,,,,,1,1,1,1,1,1,0,0,0,0,0,0,0,0,0,1,1,1,1,1,1,1,1,1,1,1,1,1,1,1,1,1,1,1,1,1,1,1,1,1,1,1,1,1,1,1,1,1,1,1,1,1,1,1,1,1,1,1,1,1,0,0,0,0,0,0,0,0,0,0,0,0,0,0,1,0,0,0,0,0,0,0,0,0,0,0,0,0,0,0,0,0,0,0,0,0,0,0,0,0,0,0,0,0,0,0,1,0,0,0,1,0,1,1,1,1,0,1,1,1,1
2026-09-26T12:00:00Z,2026-09-26T13:00:00Z,60,,,,0,1,,,,0,1,5068.0,2026-09-24T01:50:10Z,3489.8333333333335,1,1,686.0,2026-09-24T01:50:10Z,3489.8333333333335,1,1,4382.0,2026-09-24T01:50:10Z,3489.8333333333335,1,1,,,,0,1,,,,0,1,,,,0,1,,,,0,1,,,,0,1,,,,0,1,,,,0,1,,,,0,1,,,,0,1,,,,0,1,,,,0,1,,,,0,1,,,,0,1,,,,0,1,,,,0,1,4593.5695,2026-09-24T00:13:43Z,3586.2833333333333,1,1,4593.5695,2026-09-24T00:13:40Z,3586.3333333333335,1,1,735.573,2026-09-24T00:13:40Z,3586.3333333333335,1,1,3857.9965,2026-09-24T00:13:40Z,3586.3333333333335,1,1,3245.221,2026-09-24T01:00:36Z,,3539.4,1,1,-17.557,2026-09-24T01:47:45Z,2026-09-24T01:30:00Z,3492.25,1,1,97.77,2026-09-24T01:47:45Z,2026-09-24T01:30:00Z,3492.25,1,1,9799.771,2026-09-24T01:47:45Z,2026-09-24T01:30:00Z,3492.25,1,1,4254.922,2026-09-24T01:47:45Z,2026-09-24T01:30:00Z,3492.25,1,1,353.766,2026-09-24T01:47:45Z,2026-09-24T01:30:00Z,3492.25,1,1,-37.505,2026-09-24T01:30:05Z,2026-09-24T01:00:00Z,3509.9166666666665,1,1,105.91,2026-09-24T01:30:05Z,2026-09-24T01:00:00Z,3509.9166666666665,1,1,0.024,2026-09-24T01:00:37Z,,3539.383333333333,1,1,0.0,2026-09-24T01:00:37Z,,3539.383333333333,1,1,3437.2105,254.74650000000003,204.605,372.545,2026-08-31T23:00:00Z,36780.0,1,,,,,3901.1559999999995,,,,,1,1,1,1,1,1,0,0,0,0,0,0,0,0,0,1,1,1,1,1,1,1,1,1,1,1,1,1,1,1,1,1,1,1,1,1,1,1,1,1,1,1,1,1,1,1,1,1,1,1,1,1,1,1,1,1,1,1,1,1,0,0,0,0,0,0,0,0,0,0,0,0,0,0,1,0,0,0,0,0,0,0,0,0,0,0,0,0,0,0,0,0,0,0,0,0,0,0,0,0,0,0,0,0,0,0,1,0,0,0,1,0,1,1,1,1,0,1,1,1,1
2026-09-26T12:30:00Z,2026-09-26T13:00:00Z,30,,,,0,1,,,,0,1,5068.0,2026-09-24T01:50:10Z,3519.8333333333335,1,1,686.0,2026-09-24T01:50:10Z,3519.8333333333335,1,1,4382.0,2026-09-24T01:50:10Z,3519.8333333333335,1,1,,,,0,1,,,,0,1,,,,0,1,,,,0,1,,,,0,1,,,,0,1,,,,0,1,,,,0,1,,,,0,1,,,,0,1,,,,0,1,,,,0,1,,,,0,1,,,,0,1,,,,0,1,4593.5695,2026-09-24T00:13:43Z,3616.2833333333333,1,1,4593.5695,2026-09-24T00:13:40Z,3616.3333333333335,1,1,735.573,2026-09-24T00:13:40Z,3616.3333333333335,1,1,3857.9965,2026-09-24T00:13:40Z,3616.3333333333335,1,1,3245.221,2026-09-24T01:00:36Z,,3569.4,1,1,-17.557,2026-09-24T01:47:45Z,2026-09-24T01:30:00Z,3522.25,1,1,97.77,2026-09-24T01:47:45Z,2026-09-24T01:30:00Z,3522.25,1,1,9799.771,2026-09-24T01:47:45Z,2026-09-24T01:30:00Z,3522.25,1,1,4254.922,2026-09-24T01:47:45Z,2026-09-24T01:30:00Z,3522.25,1,1,353.766,2026-09-24T01:47:45Z,2026-09-24T01:30:00Z,3522.25,1,1,-37.505,2026-09-24T01:30:05Z,2026-09-24T01:00:00Z,3539.9166666666665,1,1,105.91,2026-09-24T01:30:05Z,2026-09-24T01:00:00Z,3539.9166666666665,1,1,0.024,2026-09-24T01:00:37Z,,3569.383333333333,1,1,0.0,2026-09-24T01:00:37Z,,3569.383333333333,1,1,3437.2105,254.74650000000003,204.605,372.545,2026-08-31T23:00:00Z,36810.0,1,,,,,3901.1559999999995,,,,,1,1,1,1,1,1,0,0,0,0,0,0,0,0,0,1,1,1,1,1,1,1,1,1,1,1,1,1,1,1,1,1,1,1,1,1,1,1,1,1,1,1,1,1,1,1,1,1,1,1,1,1,1,1,1,1,1,1,1,1,0,0,0,0,0,0,0,0,0,0,0,0,0,0,1,0,0,0,0,0,0,0,0,0,0,0,0,0,0,0,0,0,0,0,0,0,0,0,0,0,0,0,0,0,0,0,1,0,0,0,1,0,1,1,1,1,0,1,1,1,1
2026-09-26T12:30:00Z,2026-09-26T13:30:00Z,60,,,,0,1,,,,0,1,5019.0,2026-09-24T01:50:10Z,3519.8333333333335,1,1,664.0,2026-09-24T01:50:10Z,3519.8333333333335,1,1,4355.0,2026-09-24T01:50:10Z,3519.8333333333335,1,1,,,,0,1,,,,0,1,,,,0,1,,,,0,1,,,,0,1,,,,0,1,,,,0,1,,,,0,1,,,,0,1,,,,0,1,,,,0,1,,,,0,1,,,,0,1,,,,0,1,,,,0,1,4657.3955,2026-09-24T00:13:43Z,3616.2833333333333,1,1,4657.3955,2026-09-24T00:13:40Z,3616.3333333333335,1,1,753.0605,2026-09-24T00:13:40Z,3616.3333333333335,1,1,3904.335,2026-09-24T00:13:40Z,3616.3333333333335,1,1,3245.221,2026-09-24T01:00:36Z,,3569.4,1,1,-17.557,2026-09-24T01:47:45Z,2026-09-24T01:30:00Z,3522.25,1,1,97.77,2026-09-24T01:47:45Z,2026-09-24T01:30:00Z,3522.25,1,1,9799.771,2026-09-24T01:47:45Z,2026-09-24T01:30:00Z,3522.25,1,1,4254.922,2026-09-24T01:47:45Z,2026-09-24T01:30:00Z,3522.25,1,1,353.766,2026-09-24T01:47:45Z,2026-09-24T01:30:00Z,3522.25,1,1,-37.505,2026-09-24T01:30:05Z,2026-09-24T01:00:00Z,3539.9166666666665,1,1,105.91,2026-09-24T01:30:05Z,2026-09-24T01:00:00Z,3539.9166666666665,1,1,0.024,2026-09-24T01:00:37Z,,3569.383333333333,1,1,0.0,2026-09-24T01:00:37Z,,3569.383333333333,1,1,3437.2105,254.74650000000003,204.605,372.545,2026-08-31T23:00:00Z,36810.0,1,,,,,3901.1559999999995,,,,,1,1,1,1,1,1,0,0,0,0,0,0,0,0,0,1,1,1,1,1,1,1,1,1,1,1,1,1,1,1,1,1,1,1,1,1,1,1,1,1,1,1,1,1,1,1,1,1,1,1,1,1,1,1,1,1,1,1,1,1,0,0,0,0,0,0,0,0,0,0,0,0,0,0,1,0,0,0,0,0,0,0,0,0,0,0,0,0,0,0,0,0,0,0,0,0,0,0,0,0,0,0,0,0,0,0,1,0,0,0,1,0,1,1,1,1,0,1,1,1,1
2026-09-26T13:00:00Z,2026-09-26T13:30:00Z,30,,,,0,1,,,,0,1,5019.0,2026-09-24T01:50:10Z,3549.8333333333335,1,1,664.0,2026-09-24T01:50:10Z,3549.8333333333335,1,1,4355.0,2026-09-24T01:50:10Z,3549.8333333333335,1,1,,,,0,1,,,,0,1,,,,0,1,,,,0,1,,,,0,1,,,,0,1,,,,0,1,,,,0,1,,,,0,1,,,,0,1,,,,0,1,,,,0,1,,,,0,1,,,,0,1,,,,0,1,4657.3955,2026-09-24T00:13:43Z,3646.2833333333333,1,1,4657.3955,2026-09-24T00:13:40Z,3646.3333333333335,1,1,753.0605,2026-09-24T00:13:40Z,3646.3333333333335,1,1,3904.335,2026-09-24T00:13:40Z,3646.3333333333335,1,1,3245.221,2026-09-24T01:00:36Z,,3599.4,1,1,-17.557,2026-09-24T01:47:45Z,2026-09-24T01:30:00Z,3552.25,1,1,97.77,2026-09-24T01:47:45Z,2026-09-24T01:30:00Z,3552.25,1,1,9799.771,2026-09-24T01:47:45Z,2026-09-24T01:30:00Z,3552.25,1,1,4254.922,2026-09-24T01:47:45Z,2026-09-24T01:30:00Z,3552.25,1,1,353.766,2026-09-24T01:47:45Z,2026-09-24T01:30:00Z,3552.25,1,1,-37.505,2026-09-24T01:30:05Z,2026-09-24T01:00:00Z,3569.9166666666665,1,1,105.91,2026-09-24T01:30:05Z,2026-09-24T01:00:00Z,3569.9166666666665,1,1,0.024,2026-09-24T01:00:37Z,,3599.383333333333,1,1,0.0,2026-09-24T01:00:37Z,,3599.383333333333,1,1,3437.2105,254.74650000000003,204.605,372.545,2026-08-31T23:00:00Z,36840.0,1,,,,,3901.1559999999995,,,,,1,1,1,1,1,1,0,0,0,0,0,0,0,0,0,1,1,1,1,1,1,1,1,1,1,1,1,1,1,1,1,1,1,1,1,1,1,1,1,1,1,1,1,1,1,1,1,1,1,1,1,1,1,1,1,1,1,1,1,1,0,0,0,0,0,0,0,0,0,0,0,0,0,0,1,0,0,0,0,0,0,0,0,0,0,0,0,0,0,0,0,0,0,0,0,0,0,0,0,0,0,0,0,0,0,0,1,0,0,0,1,0,1,1,1,1,0,1,1,1,1
2026-09-26T13:00:00Z,2026-09-26T14:00:00Z,60,,,,0,1,,,,0,1,4826.0,2026-09-24T01:50:10Z,3549.8333333333335,1,1,691.0,2026-09-24T01:50:10Z,3549.8333333333335,1,1,4135.0,2026-09-24T01:50:10Z,3549.8333333333335,1,1,,,,0,1,,,,0,1,,,,0,1,,,,0,1,,,,0,1,,,,0,1,,,,0,1,,,,0,1,,,,0,1,,,,0,1,,,,0,1,,,,0,1,,,,0,1,,,,0,1,,,,0,1,4701.7075,2026-09-24T00:13:43Z,3646.2833333333333,1,1,4701.7075,2026-09-24T00:13:40Z,3646.3333333333335,1,1,769.355,2026-09-24T00:13:40Z,3646.3333333333335,1,1,3932.3525,2026-09-24T00:13:40Z,3646.3333333333335,1,1,3245.221,2026-09-24T01:00:36Z,,3599.4,1,1,-17.557,2026-09-24T01:47:45Z,2026-09-24T01:30:00Z,3552.25,1,1,97.77,2026-09-24T01:47:45Z,2026-09-24T01:30:00Z,3552.25,1,1,9799.771,2026-09-24T01:47:45Z,2026-09-24T01:30:00Z,3552.25,1,1,4254.922,2026-09-24T01:47:45Z,2026-09-24T01:30:00Z,3552.25,1,1,353.766,2026-09-24T01:47:45Z,2026-09-24T01:30:00Z,3552.25,1,1,-37.505,2026-09-24T01:30:05Z,2026-09-24T01:00:00Z,3569.9166666666665,1,1,105.91,2026-09-24T01:30:05Z,2026-09-24T01:00:00Z,3569.9166666666665,1,1,0.024,2026-09-24T01:00:37Z,,3599.383333333333,1,1,0.0,2026-09-24T01:00:37Z,,3599.383333333333,1,1,3437.2105,254.74650000000003,204.605,372.545,2026-08-31T23:00:00Z,36840.0,1,,,,,3901.1559999999995,,,,,1,1,1,1,1,1,0,0,0,0,0,0,0,0,0,1,1,1,1,1,1,1,1,1,1,1,1,1,1,1,1,1,1,1,1,1,1,1,1,1,1,1,1,1,1,1,1,1,1,1,1,1,1,1,1,1,1,1,1,1,0,0,0,0,0,0,0,0,0,0,0,0,0,0,1,0,0,0,0,0,0,0,0,0,0,0,0,0,0,0,0,0,0,0,0,0,0,0,0,0,0,0,0,0,0,0,1,0,0,0,1,0,1,1,1,1,0,1,1,1,1
2026-09-26T13:30:00Z,2026-09-26T14:00:00Z,30,,,,0,1,,,,0,1,4826.0,2026-09-24T01:50:10Z,3579.8333333333335,1,1,691.0,2026-09-24T01:50:10Z,3579.8333333333335,1,1,4135.0,2026-09-24T01:50:10Z,3579.8333333333335,1,1,,,,0,1,,,,0,1,,,,0,1,,,,0,1,,,,0,1,,,,0,1,,,,0,1,,,,0,1,,,,0,1,,,,0,1,,,,0,1,,,,0,1,,,,0,1,,,,0,1,,,,0,1,4701.7075,2026-09-24T00:13:43Z,3676.2833333333333,1,1,4701.7075,2026-09-24T00:13:40Z,3676.3333333333335,1,1,769.355,2026-09-24T00:13:40Z,3676.3333333333335,1,1,3932.3525,2026-09-24T00:13:40Z,3676.3333333333335,1,1,3245.221,2026-09-24T01:00:36Z,,3629.4,1,1,-17.557,2026-09-24T01:47:45Z,2026-09-24T01:30:00Z,3582.25,1,1,97.77,2026-09-24T01:47:45Z,2026-09-24T01:30:00Z,3582.25,1,1,9799.771,2026-09-24T01:47:45Z,2026-09-24T01:30:00Z,3582.25,1,1,4254.922,2026-09-24T01:47:45Z,2026-09-24T01:30:00Z,3582.25,1,1,353.766,2026-09-24T01:47:45Z,2026-09-24T01:30:00Z,3582.25,1,1,-37.505,2026-09-24T01:30:05Z,2026-09-24T01:00:00Z,3599.9166666666665,1,1,105.91,2026-09-24T01:30:05Z,2026-09-24T01:00:00Z,3599.9166666666665,1,1,0.024,2026-09-24T01:00:37Z,,3629.383333333333,1,1,0.0,2026-09-24T01:00:37Z,,3629.383333333333,1,1,3437.2105,254.74650000000003,204.605,372.545,2026-08-31T23:00:00Z,36870.0,1,,,,,3901.1559999999995,,,,,1,1,1,1,1,1,0,0,0,0,0,0,0,0,0,1,1,1,1,1,1,1,1,1,1,1,1,1,1,1,1,1,1,1,1,1,1,1,1,1,1,1,1,1,1,1,1,1,1,1,1,1,1,1,1,1,1,1,1,1,0,0,0,0,0,0,0,0,0,0,0,0,0,0,1,0,0,0,0,0,0,0,0,0,0,0,0,0,0,0,0,0,0,0,0,0,0,0,0,0,0,0,0,0,0,0,1,0,0,0,1,0,1,1,1,1,0,1,1,1,1
2026-09-26T13:30:00Z,2026-09-26T14:30:00Z,60,,,,0,1,,,,0,1,5107.0,2026-09-24T01:50:10Z,3579.8333333333335,1,1,697.0,2026-09-24T01:50:10Z,3579.8333333333335,1,1,4410.0,2026-09-24T01:50:10Z,3579.8333333333335,1,1,,,,0,1,,,,0,1,,,,0,1,,,,0,1,,,,0,1,,,,0,1,,,,0,1,,,,0,1,,,,0,1,,,,0,1,,,,0,1,,,,0,1,,,,0,1,,,,0,1,,,,0,1,4687.5015,2026-09-24T00:13:43Z,3676.2833333333333,1,1,4687.5015,2026-09-24T00:13:40Z,3676.3333333333335,1,1,782.073,2026-09-24T00:13:40Z,3676.3333333333335,1,1,3905.4285,2026-09-24T00:13:40Z,3676.3333333333335,1,1,3245.221,2026-09-24T01:00:36Z,,3629.4,1,1,-17.557,2026-09-24T01:47:45Z,2026-09-24T01:30:00Z,3582.25,1,1,97.77,2026-09-24T01:47:45Z,2026-09-24T01:30:00Z,3582.25,1,1,9799.771,2026-09-24T01:47:45Z,2026-09-24T01:30:00Z,3582.25,1,1,4254.922,2026-09-24T01:47:45Z,2026-09-24T01:30:00Z,3582.25,1,1,353.766,2026-09-24T01:47:45Z,2026-09-24T01:30:00Z,3582.25,1,1,-37.505,2026-09-24T01:30:05Z,2026-09-24T01:00:00Z,3599.9166666666665,1,1,105.91,2026-09-24T01:30:05Z,2026-09-24T01:00:00Z,3599.9166666666665,1,1,0.024,2026-09-24T01:00:37Z,,3629.383333333333,1,1,0.0,2026-09-24T01:00:37Z,,3629.383333333333,1,1,3437.2105,254.74650000000003,204.605,372.545,2026-08-31T23:00:00Z,36870.0,1,,,,,3901.1559999999995,,,,,1,1,1,1,1,1,0,0,0,0,0,0,0,0,0,1,1,1,1,1,1,1,1,1,1,1,1,1,1,1,1,1,1,1,1,1,1,1,1,1,1,1,1,1,1,1,1,1,1,1,1,1,1,1,1,1,1,1,1,1,0,0,0,0,0,0,0,0,0,0,0,0,0,0,1,0,0,0,0,0,0,0,0,0,0,0,0,0,0,0,0,0,0,0,0,0,0,0,0,0,0,0,0,0,0,0,1,0,0,0,1,0,1,1,1,1,0,1,1,1,1
2026-09-26T14:00:00Z,2026-09-26T14:30:00Z,30,,,,0,1,,,,0,1,5107.0,2026-09-24T01:50:10Z,3609.8333333333335,1,1,697.0,2026-09-24T01:50:10Z,3609.8333333333335,1,1,4410.0,2026-09-24T01:50:10Z,3609.8333333333335,1,1,,,,0,1,,,,0,1,,,,0,1,,,,0,1,,,,0,1,,,,0,1,,,,0,1,,,,0,1,,,,0,1,,,,0,1,,,,0,1,,,,0,1,,,,0,1,,,,0,1,,,,0,1,4687.5015,2026-09-24T00:13:43Z,3706.2833333333333,1,1,4687.5015,2026-09-24T00:13:40Z,3706.3333333333335,1,1,782.073,2026-09-24T00:13:40Z,3706.3333333333335,1,1,3905.4285,2026-09-24T00:13:40Z,3706.3333333333335,1,1,3245.221,2026-09-24T01:00:36Z,,3659.4,1,1,-17.557,2026-09-24T01:47:45Z,2026-09-24T01:30:00Z,3612.25,1,1,97.77,2026-09-24T01:47:45Z,2026-09-24T01:30:00Z,3612.25,1,1,9799.771,2026-09-24T01:47:45Z,2026-09-24T01:30:00Z,3612.25,1,1,4254.922,2026-09-24T01:47:45Z,2026-09-24T01:30:00Z,3612.25,1,1,353.766,2026-09-24T01:47:45Z,2026-09-24T01:30:00Z,3612.25,1,1,-37.505,2026-09-24T01:30:05Z,2026-09-24T01:00:00Z,3629.9166666666665,1,1,105.91,2026-09-24T01:30:05Z,2026-09-24T01:00:00Z,3629.9166666666665,1,1,0.024,2026-09-24T01:00:37Z,,3659.383333333333,1,1,0.0,2026-09-24T01:00:37Z,,3659.383333333333,1,1,3437.2105,254.74650000000003,204.605,372.545,2026-08-31T23:00:00Z,36900.0,1,,,,,3901.1559999999995,,,,,1,1,1,1,1,1,0,0,0,0,0,0,0,0,0,1,1,1,1,1,1,1,1,1,1,1,1,1,1,1,1,1,1,1,1,1,1,1,1,1,1,1,1,1,1,1,1,1,1,1,1,1,1,1,1,1,1,1,1,1,0,0,0,0,0,0,0,0,0,0,0,0,0,0,1,0,0,0,0,0,0,0,0,0,0,0,0,0,0,0,0,0,0,0,0,0,0,0,0,0,0,0,0,0,0,0,1,0,0,0,1,0,1,1,1,1,0,1,1,1,1
2026-09-26T14:00:00Z,2026-09-26T15:00:00Z,60,,,,0,1,,,,0,1,5219.0,2026-09-24T01:50:10Z,3609.8333333333335,1,1,699.0,2026-09-24T01:50:10Z,3609.8333333333335,1,1,4520.0,2026-09-24T01:50:10Z,3609.8333333333335,1,1,,,,0,1,,,,0,1,,,,0,1,,,,0,1,,,,0,1,,,,0,1,,,,0,1,,,,0,1,,,,0,1,,,,0,1,,,,0,1,,,,0,1,,,,0,1,,,,0,1,,,,0,1,4648.84,2026-09-24T00:13:43Z,3706.2833333333333,1,1,4648.84,2026-09-24T00:13:40Z,3706.3333333333335,1,1,790.7235000000001,2026-09-24T00:13:40Z,3706.3333333333335,1,1,3858.1165,2026-09-24T00:13:40Z,3706.3333333333335,1,1,3245.221,2026-09-24T01:00:36Z,,3659.4,1,1,-17.557,2026-09-24T01:47:45Z,2026-09-24T01:30:00Z,3612.25,1,1,97.77,2026-09-24T01:47:45Z,2026-09-24T01:30:00Z,3612.25,1,1,9799.771,2026-09-24T01:47:45Z,2026-09-24T01:30:00Z,3612.25,1,1,4254.922,2026-09-24T01:47:45Z,2026-09-24T01:30:00Z,3612.25,1,1,353.766,2026-09-24T01:47:45Z,2026-09-24T01:30:00Z,3612.25,1,1,-37.505,2026-09-24T01:30:05Z,2026-09-24T01:00:00Z,3629.9166666666665,1,1,105.91,2026-09-24T01:30:05Z,2026-09-24T01:00:00Z,3629.9166666666665,1,1,0.024,2026-09-24T01:00:37Z,,3659.383333333333,1,1,0.0,2026-09-24T01:00:37Z,,3659.383333333333,1,1,3437.2105,254.74650000000003,204.605,372.545,2026-08-31T23:00:00Z,36900.0,1,,,,,3901.1559999999995,,,,,1,1,1,1,1,1,0,0,0,0,0,0,0,0,0,1,1,1,1,1,1,1,1,1,1,1,1,1,1,1,1,1,1,1,1,1,1,1,1,1,1,1,1,1,1,1,1,1,1,1,1,1,1,1,1,1,1,1,1,1,0,0,0,0,0,0,0,0,0,0,0,0,0,0,1,0,0,0,0,0,0,0,0,0,0,0,0,0,0,0,0,0,0,0,0,0,0,0,0,0,0,0,0,0,0,0,1,0,0,0,1,0,1,1,1,1,0,1,1,1,1
2026-09-26T14:30:00Z,2026-09-26T15:00:00Z,30,,,,0,1,,,,0,1,5219.0,2026-09-24T01:50:10Z,3639.8333333333335,1,1,699.0,2026-09-24T01:50:10Z,3639.8333333333335,1,1,4520.0,2026-09-24T01:50:10Z,3639.8333333333335,1,1,,,,0,1,,,,0,1,,,,0,1,,,,0,1,,,,0,1,,,,0,1,,,,0,1,,,,0,1,,,,0,1,,,,0,1,,,,0,1,,,,0,1,,,,0,1,,,,0,1,,,,0,1,4648.84,2026-09-24T00:13:43Z,3736.2833333333333,1,1,4648.84,2026-09-24T00:13:40Z,3736.3333333333335,1,1,790.7235000000001,2026-09-24T00:13:40Z,3736.3333333333335,1,1,3858.1165,2026-09-24T00:13:40Z,3736.3333333333335,1,1,3245.221,2026-09-24T01:00:36Z,,3689.4,1,1,-17.557,2026-09-24T01:47:45Z,2026-09-24T01:30:00Z,3642.25,1,1,97.77,2026-09-24T01:47:45Z,2026-09-24T01:30:00Z,3642.25,1,1,9799.771,2026-09-24T01:47:45Z,2026-09-24T01:30:00Z,3642.25,1,1,4254.922,2026-09-24T01:47:45Z,2026-09-24T01:30:00Z,3642.25,1,1,353.766,2026-09-24T01:47:45Z,2026-09-24T01:30:00Z,3642.25,1,1,-37.505,2026-09-24T01:30:05Z,2026-09-24T01:00:00Z,3659.9166666666665,1,1,105.91,2026-09-24T01:30:05Z,2026-09-24T01:00:00Z,3659.9166666666665,1,1,0.024,2026-09-24T01:00:37Z,,3689.383333333333,1,1,0.0,2026-09-24T01:00:37Z,,3689.383333333333,1,1,3437.2105,254.74650000000003,204.605,372.545,2026-08-31T23:00:00Z,36930.0,1,,,,,3901.1559999999995,,,,,1,1,1,1,1,1,0,0,0,0,0,0,0,0,0,1,1,1,1,1,1,1,1,1,1,1,1,1,1,1,1,1,1,1,1,1,1,1,1,1,1,1,1,1,1,1,1,1,1,1,1,1,1,1,1,1,1,1,1,1,0,0,0,0,0,0,0,0,0,0,0,0,0,0,1,0,0,0,0,0,0,0,0,0,0,0,0,0,0,0,0,0,0,0,0,0,0,0,0,0,0,0,0,0,0,0,1,0,0,0,1,0,1,1,1,1,0,1,1,1,1
2026-09-26T14:30:00Z,2026-09-26T15:30:00Z,60,,,,0,1,,,,0,1,5311.0,2026-09-24T01:50:10Z,3639.8333333333335,1,1,736.0,2026-09-24T01:50:10Z,3639.8333333333335,1,1,4575.0,2026-09-24T01:50:10Z,3639.8333333333335,1,1,,,,0,1,,,,0,1,,,,0,1,,,,0,1,,,,0,1,,,,0,1,,,,0,1,,,,0,1,,,,0,1,,,,0,1,,,,0,1,,,,0,1,,,,0,1,,,,0,1,,,,0,1,4536.8315,2026-09-24T00:13:43Z,3736.2833333333333,1,1,4536.8315,2026-09-24T00:13:40Z,3736.3333333333335,1,1,787.1655000000001,2026-09-24T00:13:40Z,3736.3333333333335,1,1,3749.666,2026-09-24T00:13:40Z,3736.3333333333335,1,1,3245.221,2026-09-24T01:00:36Z,,3689.4,1,1,-17.557,2026-09-24T01:47:45Z,2026-09-24T01:30:00Z,3642.25,1,1,97.77,2026-09-24T01:47:45Z,2026-09-24T01:30:00Z,3642.25,1,1,9799.771,2026-09-24T01:47:45Z,2026-09-24T01:30:00Z,3642.25,1,1,4254.922,2026-09-24T01:47:45Z,2026-09-24T01:30:00Z,3642.25,1,1,353.766,2026-09-24T01:47:45Z,2026-09-24T01:30:00Z,3642.25,1,1,-37.505,2026-09-24T01:30:05Z,2026-09-24T01:00:00Z,3659.9166666666665,1,1,105.91,2026-09-24T01:30:05Z,2026-09-24T01:00:00Z,3659.9166666666665,1,1,0.024,2026-09-24T01:00:37Z,,3689.383333333333,1,1,0.0,2026-09-24T01:00:37Z,,3689.383333333333,1,1,3437.2105,254.74650000000003,204.605,372.545,2026-08-31T23:00:00Z,36930.0,1,,,,,3901.1559999999995,,,,,1,1,1,1,1,1,0,0,0,0,0,0,0,0,0,1,1,1,1,1,1,1,1,1,1,1,1,1,1,1,1,1,1,1,1,1,1,1,1,1,1,1,1,1,1,1,1,1,1,1,1,1,1,1,1,1,1,1,1,1,0,0,0,0,0,0,0,0,0,0,0,0,0,0,1,0,0,0,0,0,0,0,0,0,0,0,0,0,0,0,0,0,0,0,0,0,0,0,0,0,0,0,0,0,0,0,1,0,0,0,1,0,1,1,1,1,0,1,1,1,1
2026-09-26T15:00:00Z,2026-09-26T15:30:00Z,30,,,,0,1,,,,0,1,5311.0,2026-09-24T01:50:10Z,3669.8333333333335,1,1,736.0,2026-09-24T01:50:10Z,3669.8333333333335,1,1,4575.0,2026-09-24T01:50:10Z,3669.8333333333335,1,1,,,,0,1,,,,0,1,,,,0,1,,,,0,1,,,,0,1,,,,0,1,,,,0,1,,,,0,1,,,,0,1,,,,0,1,,,,0,1,,,,0,1,,,,0,1,,,,0,1,,,,0,1,4536.8315,2026-09-24T00:13:43Z,3766.2833333333333,1,1,4536.8315,2026-09-24T00:13:40Z,3766.3333333333335,1,1,787.1655000000001,2026-09-24T00:13:40Z,3766.3333333333335,1,1,3749.666,2026-09-24T00:13:40Z,3766.3333333333335,1,1,3245.221,2026-09-24T01:00:36Z,,3719.4,1,1,-17.557,2026-09-24T01:47:45Z,2026-09-24T01:30:00Z,3672.25,1,1,97.77,2026-09-24T01:47:45Z,2026-09-24T01:30:00Z,3672.25,1,1,9799.771,2026-09-24T01:47:45Z,2026-09-24T01:30:00Z,3672.25,1,1,4254.922,2026-09-24T01:47:45Z,2026-09-24T01:30:00Z,3672.25,1,1,353.766,2026-09-24T01:47:45Z,2026-09-24T01:30:00Z,3672.25,1,1,-37.505,2026-09-24T01:30:05Z,2026-09-24T01:00:00Z,3689.9166666666665,1,1,105.91,2026-09-24T01:30:05Z,2026-09-24T01:00:00Z,3689.9166666666665,1,1,0.024,2026-09-24T01:00:37Z,,3719.383333333333,1,1,0.0,2026-09-24T01:00:37Z,,3719.383333333333,1,1,3437.2105,254.74650000000003,204.605,372.545,2026-08-31T23:00:00Z,36960.0,1,,,,,3901.1559999999995,,,,,1,1,1,1,1,1,0,0,0,0,0,0,0,0,0,1,1,1,1,1,1,1,1,1,1,1,1,1,1,1,1,1,1,1,1,1,1,1,1,1,1,1,1,1,1,1,1,1,1,1,1,1,1,1,1,1,1,1,1,1,0,0,0,0,0,0,0,0,0,0,0,0,0,0,1,0,0,0,0,0,0,0,0,0,0,0,0,0,0,0,0,0,0,0,0,0,0,0,0,0,0,0,0,0,0,0,1,0,0,0,1,0,1,1,1,1,0,1,1,1,1
2026-09-26T15:00:00Z,2026-09-26T16:00:00Z,60,,,,0,1,,,,0,1,5510.0,2026-09-24T01:50:10Z,3669.8333333333335,1,1,791.0,2026-09-24T01:50:10Z,3669.8333333333335,1,1,4719.0,2026-09-24T01:50:10Z,3669.8333333333335,1,1,,,,0,1,,,,0,1,,,,0,1,,,,0,1,,,,0,1,,,,0,1,,,,0,1,,,,0,1,,,,0,1,,,,0,1,,,,0,1,,,,0,1,,,,0,1,,,,0,1,,,,0,1,4393.691,2026-09-24T00:13:43Z,3766.2833333333333,1,1,4393.691,2026-09-24T00:13:40Z,3766.3333333333335,1,1,775.397,2026-09-24T00:13:40Z,3766.3333333333335,1,1,3618.294,2026-09-24T00:13:40Z,3766.3333333333335,1,1,3245.221,2026-09-24T01:00:36Z,,3719.4,1,1,-17.557,2026-09-24T01:47:45Z,2026-09-24T01:30:00Z,3672.25,1,1,97.77,2026-09-24T01:47:45Z,2026-09-24T01:30:00Z,3672.25,1,1,9799.771,2026-09-24T01:47:45Z,2026-09-24T01:30:00Z,3672.25,1,1,4254.922,2026-09-24T01:47:45Z,2026-09-24T01:30:00Z,3672.25,1,1,353.766,2026-09-24T01:47:45Z,2026-09-24T01:30:00Z,3672.25,1,1,-37.505,2026-09-24T01:30:05Z,2026-09-24T01:00:00Z,3689.9166666666665,1,1,105.91,2026-09-24T01:30:05Z,2026-09-24T01:00:00Z,3689.9166666666665,1,1,0.024,2026-09-24T01:00:37Z,,3719.383333333333,1,1,0.0,2026-09-24T01:00:37Z,,3719.383333333333,1,1,3437.2105,254.74650000000003,204.605,372.545,2026-08-31T23:00:00Z,36960.0,1,,,,,3901.1559999999995,,,,,1,1,1,1,1,1,0,0,0,0,0,0,0,0,0,1,1,1,1,1,1,1,1,1,1,1,1,1,1,1,1,1,1,1,1,1,1,1,1,1,1,1,1,1,1,1,1,1,1,1,1,1,1,1,1,1,1,1,1,1,0,0,0,0,0,0,0,0,0,0,0,0,0,0,1,0,0,0,0,0,0,0,0,0,0,0,0,0,0,0,0,0,0,0,0,0,0,0,0,0,0,0,0,0,0,0,1,0,0,0,1,0,1,1,1,1,0,1,1,1,1
2026-09-26T15:30:00Z,2026-09-26T16:00:00Z,30,,,,0,1,,,,0,1,5510.0,2026-09-24T01:50:10Z,3699.8333333333335,1,1,791.0,2026-09-24T01:50:10Z,3699.8333333333335,1,1,4719.0,2026-09-24T01:50:10Z,3699.8333333333335,1,1,,,,0,1,,,,0,1,,,,0,1,,,,0,1,,,,0,1,,,,0,1,,,,0,1,,,,0,1,,,,0,1,,,,0,1,,,,0,1,,,,0,1,,,,0,1,,,,0,1,,,,0,1,4393.691,2026-09-24T00:13:43Z,3796.2833333333333,1,1,4393.691,2026-09-24T00:13:40Z,3796.3333333333335,1,1,775.397,2026-09-24T00:13:40Z,3796.3333333333335,1,1,3618.294,2026-09-24T00:13:40Z,3796.3333333333335,1,1,3245.221,2026-09-24T01:00:36Z,,3749.4,1,1,-17.557,2026-09-24T01:47:45Z,2026-09-24T01:30:00Z,3702.25,1,1,97.77,2026-09-24T01:47:45Z,2026-09-24T01:30:00Z,3702.25,1,1,9799.771,2026-09-24T01:47:45Z,2026-09-24T01:30:00Z,3702.25,1,1,4254.922,2026-09-24T01:47:45Z,2026-09-24T01:30:00Z,3702.25,1,1,353.766,2026-09-24T01:47:45Z,2026-09-24T01:30:00Z,3702.25,1,1,-37.505,2026-09-24T01:30:05Z,2026-09-24T01:00:00Z,3719.9166666666665,1,1,105.91,2026-09-24T01:30:05Z,2026-09-24T01:00:00Z,3719.9166666666665,1,1,0.024,2026-09-24T01:00:37Z,,3749.383333333333,1,1,0.0,2026-09-24T01:00:37Z,,3749.383333333333,1,1,3437.2105,254.74650000000003,204.605,372.545,2026-08-31T23:00:00Z,36990.0,1,,,,,3901.1559999999995,,,,,1,1,1,1,1,1,0,0,0,0,0,0,0,0,0,1,1,1,1,1,1,1,1,1,1,1,1,1,1,1,1,1,1,1,1,1,1,1,1,1,1,1,1,1,1,1,1,1,1,1,1,1,1,1,1,1,1,1,1,1,0,0,0,0,0,0,0,0,0,0,0,0,0,0,1,0,0,0,0,0,0,0,0,0,0,0,0,0,0,0,0,0,0,0,0,0,0,0,0,0,0,0,0,0,0,0,1,0,0,0,1,0,1,1,1,1,0,1,1,1,1
2026-09-26T15:30:00Z,2026-09-26T16:30:00Z,60,,,,0,1,,,,0,1,5664.0,2026-09-24T01:50:10Z,3699.8333333333335,1,1,838.0,2026-09-24T01:50:10Z,3699.8333333333335,1,1,4826.0,2026-09-24T01:50:10Z,3699.8333333333335,1,1,,,,0,1,,,,0,1,,,,0,1,,,,0,1,,,,0,1,,,,0,1,,,,0,1,,,,0,1,,,,0,1,,,,0,1,,,,0,1,,,,0,1,,,,0,1,,,,0,1,,,,0,1,4157.1485,2026-09-24T00:13:43Z,3796.2833333333333,1,1,4157.1485,2026-09-24T00:13:40Z,3796.3333333333335,1,1,739.012,2026-09-24T00:13:40Z,3796.3333333333335,1,1,3418.1365,2026-09-24T00:13:40Z,3796.3333333333335,1,1,3245.221,2026-09-24T01:00:36Z,,3749.4,1,1,-17.557,2026-09-24T01:47:45Z,2026-09-24T01:30:00Z,3702.25,1,1,97.77,2026-09-24T01:47:45Z,2026-09-24T01:30:00Z,3702.25,1,1,9799.771,2026-09-24T01:47:45Z,2026-09-24T01:30:00Z,3702.25,1,1,4254.922,2026-09-24T01:47:45Z,2026-09-24T01:30:00Z,3702.25,1,1,353.766,2026-09-24T01:47:45Z,2026-09-24T01:30:00Z,3702.25,1,1,-37.505,2026-09-24T01:30:05Z,2026-09-24T01:00:00Z,3719.9166666666665,1,1,105.91,2026-09-24T01:30:05Z,2026-09-24T01:00:00Z,3719.9166666666665,1,1,0.024,2026-09-24T01:00:37Z,,3749.383333333333,1,1,0.0,2026-09-24T01:00:37Z,,3749.383333333333,1,1,3437.2105,254.74650000000003,204.605,372.545,2026-08-31T23:00:00Z,36990.0,1,,,,,3901.1559999999995,,,,,1,1,1,1,1,1,0,0,0,0,0,0,0,0,0,1,1,1,1,1,1,1,1,1,1,1,1,1,1,1,1,1,1,1,1,1,1,1,1,1,1,1,1,1,1,1,1,1,1,1,1,1,1,1,1,1,1,1,1,1,0,0,0,0,0,0,0,0,0,0,0,0,0,0,1,0,0,0,0,0,0,0,0,0,0,0,0,0,0,0,0,0,0,0,0,0,0,0,0,0,0,0,0,0,0,0,1,0,0,0,1,0,1,1,1,1,0,1,1,1,1
2026-09-26T16:00:00Z,2026-09-26T16:30:00Z,30,,,,0,1,,,,0,1,5664.0,2026-09-24T01:50:10Z,3729.8333333333335,1,1,838.0,2026-09-24T01:50:10Z,3729.8333333333335,1,1,4826.0,2026-09-24T01:50:10Z,3729.8333333333335,1,1,,,,0,1,,,,0,1,,,,0,1,,,,0,1,,,,0,1,,,,0,1,,,,0,1,,,,0,1,,,,0,1,,,,0,1,,,,0,1,,,,0,1,,,,0,1,,,,0,1,,,,0,1,4157.1485,2026-09-24T00:13:43Z,3826.2833333333333,1,1,4157.1485,2026-09-24T00:13:40Z,3826.3333333333335,1,1,739.012,2026-09-24T00:13:40Z,3826.3333333333335,1,1,3418.1365,2026-09-24T00:13:40Z,3826.3333333333335,1,1,3245.221,2026-09-24T01:00:36Z,,3779.4,1,1,-17.557,2026-09-24T01:47:45Z,2026-09-24T01:30:00Z,3732.25,1,1,97.77,2026-09-24T01:47:45Z,2026-09-24T01:30:00Z,3732.25,1,1,9799.771,2026-09-24T01:47:45Z,2026-09-24T01:30:00Z,3732.25,1,1,4254.922,2026-09-24T01:47:45Z,2026-09-24T01:30:00Z,3732.25,1,1,353.766,2026-09-24T01:47:45Z,2026-09-24T01:30:00Z,3732.25,1,1,-37.505,2026-09-24T01:30:05Z,2026-09-24T01:00:00Z,3749.9166666666665,1,1,105.91,2026-09-24T01:30:05Z,2026-09-24T01:00:00Z,3749.9166666666665,1,1,0.024,2026-09-24T01:00:37Z,,3779.383333333333,1,1,0.0,2026-09-24T01:00:37Z,,3779.383333333333,1,1,3437.2105,254.74650000000003,204.605,372.545,2026-08-31T23:00:00Z,37020.0,1,,,,,3901.1559999999995,,,,,1,1,1,1,1,1,0,0,0,0,0,0,0,0,0,1,1,1,1,1,1,1,1,1,1,1,1,1,1,1,1,1,1,1,1,1,1,1,1,1,1,1,1,1,1,1,1,1,1,1,1,1,1,1,1,1,1,1,1,1,0,0,0,0,0,0,0,0,0,0,0,0,0,0,1,0,0,0,0,0,0,0,0,0,0,0,0,0,0,0,0,0,0,0,0,0,0,0,0,0,0,0,0,0,0,0,1,0,0,0,1,0,1,1,1,1,0,1,1,1,1
2026-09-26T16:00:00Z,2026-09-26T17:00:00Z,60,,,,0,1,,,,0,1,5530.0,2026-09-24T01:50:10Z,3729.8333333333335,1,1,850.0,2026-09-24T01:50:10Z,3729.8333333333335,1,1,4680.0,2026-09-24T01:50:10Z,3729.8333333333335,1,1,,,,0,1,,,,0,1,,,,0,1,,,,0,1,,,,0,1,,,,0,1,,,,0,1,,,,0,1,,,,0,1,,,,0,1,,,,0,1,,,,0,1,,,,0,1,,,,0,1,,,,0,1,3932.5225,2026-09-24T00:13:43Z,3826.2833333333333,1,1,3932.5225,2026-09-24T00:13:40Z,3826.3333333333335,1,1,705.6179999999999,2026-09-24T00:13:40Z,3826.3333333333335,1,1,3226.9044999999996,2026-09-24T00:13:40Z,3826.3333333333335,1,1,3245.221,2026-09-24T01:00:36Z,,3779.4,1,1,-17.557,2026-09-24T01:47:45Z,2026-09-24T01:30:00Z,3732.25,1,1,97.77,2026-09-24T01:47:45Z,2026-09-24T01:30:00Z,3732.25,1,1,9799.771,2026-09-24T01:47:45Z,2026-09-24T01:30:00Z,3732.25,1,1,4254.922,2026-09-24T01:47:45Z,2026-09-24T01:30:00Z,3732.25,1,1,353.766,2026-09-24T01:47:45Z,2026-09-24T01:30:00Z,3732.25,1,1,-37.505,2026-09-24T01:30:05Z,2026-09-24T01:00:00Z,3749.9166666666665,1,1,105.91,2026-09-24T01:30:05Z,2026-09-24T01:00:00Z,3749.9166666666665,1,1,0.024,2026-09-24T01:00:37Z,,3779.383333333333,1,1,0.0,2026-09-24T01:00:37Z,,3779.383333333333,1,1,3437.2105,254.74650000000003,204.605,372.545,2026-08-31T23:00:00Z,37020.0,1,,,,,3901.1559999999995,,,,,1,1,1,1,1,1,0,0,0,0,0,0,0,0,0,1,1,1,1,1,1,1,1,1,1,1,1,1,1,1,1,1,1,1,1,1,1,1,1,1,1,1,1,1,1,1,1,1,1,1,1,1,1,1,1,1,1,1,1,1,0,0,0,0,0,0,0,0,0,0,0,0,0,0,1,0,0,0,0,0,0,0,0,0,0,0,0,0,0,0,0,0,0,0,0,0,0,0,0,0,0,0,0,0,0,0,1,0,0,0,1,0,1,1,1,1,0,1,1,1,1
2026-09-26T16:30:00Z,2026-09-26T17:00:00Z,30,,,,0,1,,,,0,1,5530.0,2026-09-24T01:50:10Z,3759.8333333333335,1,1,850.0,2026-09-24T01:50:10Z,3759.8333333333335,1,1,4680.0,2026-09-24T01:50:10Z,3759.8333333333335,1,1,,,,0,1,,,,0,1,,,,0,1,,,,0,1,,,,0,1,,,,0,1,,,,0,1,,,,0,1,,,,0,1,,,,0,1,,,,0,1,,,,0,1,,,,0,1,,,,0,1,,,,0,1,3932.5225,2026-09-24T00:13:43Z,3856.2833333333333,1,1,3932.5225,2026-09-24T00:13:40Z,3856.3333333333335,1,1,705.6179999999999,2026-09-24T00:13:40Z,3856.3333333333335,1,1,3226.9044999999996,2026-09-24T00:13:40Z,3856.3333333333335,1,1,3245.221,2026-09-24T01:00:36Z,,3809.4,1,1,-17.557,2026-09-24T01:47:45Z,2026-09-24T01:30:00Z,3762.25,1,1,97.77,2026-09-24T01:47:45Z,2026-09-24T01:30:00Z,3762.25,1,1,9799.771,2026-09-24T01:47:45Z,2026-09-24T01:30:00Z,3762.25,1,1,4254.922,2026-09-24T01:47:45Z,2026-09-24T01:30:00Z,3762.25,1,1,353.766,2026-09-24T01:47:45Z,2026-09-24T01:30:00Z,3762.25,1,1,-37.505,2026-09-24T01:30:05Z,2026-09-24T01:00:00Z,3779.9166666666665,1,1,105.91,2026-09-24T01:30:05Z,2026-09-24T01:00:00Z,3779.9166666666665,1,1,0.024,2026-09-24T01:00:37Z,,3809.383333333333,1,1,0.0,2026-09-24T01:00:37Z,,3809.383333333333,1,1,3437.2105,254.74650000000003,204.605,372.545,2026-08-31T23:00:00Z,37050.0,1,,,,,3901.1559999999995,,,,,1,1,1,1,1,1,0,0,0,0,0,0,0,0,0,1,1,1,1,1,1,1,1,1,1,1,1,1,1,1,1,1,1,1,1,1,1,1,1,1,1,1,1,1,1,1,1,1,1,1,1,1,1,1,1,1,1,1,1,1,0,0,0,0,0,0,0,0,0,0,0,0,0,0,1,0,0,0,0,0,0,0,0,0,0,0,0,0,0,0,0,0,0,0,0,0,0,0,0,0,0,0,0,0,0,0,1,0,0,0,1,0,1,1,1,1,0,1,1,1,1
2026-09-26T16:30:00Z,2026-09-26T17:30:00Z,60,,,,0,1,,,,0,1,5813.0,2026-09-24T01:50:10Z,3759.8333333333335,1,1,847.0,2026-09-24T01:50:10Z,3759.8333333333335,1,1,4966.0,2026-09-24T01:50:10Z,3759.8333333333335,1,1,,,,0,1,,,,0,1,,,,0,1,,,,0,1,,,,0,1,,,,0,1,,,,0,1,,,,0,1,,,,0,1,,,,0,1,,,,0,1,,,,0,1,,,,0,1,,,,0,1,,,,0,1,3743.696,2026-09-24T00:13:43Z,3856.2833333333333,1,1,3743.696,2026-09-24T00:13:40Z,3856.3333333333335,1,1,681.2365,2026-09-24T00:13:40Z,3856.3333333333335,1,1,3062.4595,2026-09-24T00:13:40Z,3856.3333333333335,1,1,3245.221,2026-09-24T01:00:36Z,,3809.4,1,1,-17.557,2026-09-24T01:47:45Z,2026-09-24T01:30:00Z,3762.25,1,1,97.77,2026-09-24T01:47:45Z,2026-09-24T01:30:00Z,3762.25,1,1,9799.771,2026-09-24T01:47:45Z,2026-09-24T01:30:00Z,3762.25,1,1,4254.922,2026-09-24T01:47:45Z,2026-09-24T01:30:00Z,3762.25,1,1,353.766,2026-09-24T01:47:45Z,2026-09-24T01:30:00Z,3762.25,1,1,-37.505,2026-09-24T01:30:05Z,2026-09-24T01:00:00Z,3779.9166666666665,1,1,105.91,2026-09-24T01:30:05Z,2026-09-24T01:00:00Z,3779.9166666666665,1,1,0.024,2026-09-24T01:00:37Z,,3809.383333333333,1,1,0.0,2026-09-24T01:00:37Z,,3809.383333333333,1,1,3437.2105,254.74650000000003,204.605,372.545,2026-08-31T23:00:00Z,37050.0,1,,,,,3901.1559999999995,,,,,1,1,1,1,1,1,0,0,0,0,0,0,0,0,0,1,1,1,1,1,1,1,1,1,1,1,1,1,1,1,1,1,1,1,1,1,1,1,1,1,1,1,1,1,1,1,1,1,1,1,1,1,1,1,1,1,1,1,1,1,0,0,0,0,0,0,0,0,0,0,0,0,0,0,1,0,0,0,0,0,0,0,0,0,0,0,0,0,0,0,0,0,0,0,0,0,0,0,0,0,0,0,0,0,0,0,1,0,0,0,1,0,1,1,1,1,0,1,1,1,1
2026-09-26T17:00:00Z,2026-09-26T17:30:00Z,30,,,,0,1,,,,0,1,5813.0,2026-09-24T01:50:10Z,3789.8333333333335,1,1,847.0,2026-09-24T01:50:10Z,3789.8333333333335,1,1,4966.0,2026-09-24T01:50:10Z,3789.8333333333335,1,1,,,,0,1,,,,0,1,,,,0,1,,,,0,1,,,,0,1,,,,0,1,,,,0,1,,,,0,1,,,,0,1,,,,0,1,,,,0,1,,,,0,1,,,,0,1,,,,0,1,,,,0,1,3743.696,2026-09-24T00:13:43Z,3886.2833333333333,1,1,3743.696,2026-09-24T00:13:40Z,3886.3333333333335,1,1,681.2365,2026-09-24T00:13:40Z,3886.3333333333335,1,1,3062.4595,2026-09-24T00:13:40Z,3886.3333333333335,1,1,3245.221,2026-09-24T01:00:36Z,,3839.4,1,1,-17.557,2026-09-24T01:47:45Z,2026-09-24T01:30:00Z,3792.25,1,1,97.77,2026-09-24T01:47:45Z,2026-09-24T01:30:00Z,3792.25,1,1,9799.771,2026-09-24T01:47:45Z,2026-09-24T01:30:00Z,3792.25,1,1,4254.922,2026-09-24T01:47:45Z,2026-09-24T01:30:00Z,3792.25,1,1,353.766,2026-09-24T01:47:45Z,2026-09-24T01:30:00Z,3792.25,1,1,-37.505,2026-09-24T01:30:05Z,2026-09-24T01:00:00Z,3809.9166666666665,1,1,105.91,2026-09-24T01:30:05Z,2026-09-24T01:00:00Z,3809.9166666666665,1,1,0.024,2026-09-24T01:00:37Z,,3839.383333333333,1,1,0.0,2026-09-24T01:00:37Z,,3839.383333333333,1,1,3437.2105,254.74650000000003,204.605,372.545,2026-08-31T23:00:00Z,37080.0,1,,,,,3901.1559999999995,,,,,1,1,1,1,1,1,0,0,0,0,0,0,0,0,0,1,1,1,1,1,1,1,1,1,1,1,1,1,1,1,1,1,1,1,1,1,1,1,1,1,1,1,1,1,1,1,1,1,1,1,1,1,1,1,1,1,1,1,1,1,0,0,0,0,0,0,0,0,0,0,0,0,0,0,1,0,0,0,0,0,0,0,0,0,0,0,0,0,0,0,0,0,0,0,0,0,0,0,0,0,0,0,0,0,0,0,1,0,0,0,1,0,1,1,1,1,0,1,1,1,1
2026-09-26T17:00:00Z,2026-09-26T18:00:00Z,60,,,,0,1,,,,0,1,5836.0,2026-09-24T01:50:10Z,3789.8333333333335,1,1,837.0,2026-09-24T01:50:10Z,3789.8333333333335,1,1,4999.0,2026-09-24T01:50:10Z,3789.8333333333335,1,1,,,,0,1,,,,0,1,,,,0,1,,,,0,1,,,,0,1,,,,0,1,,,,0,1,,,,0,1,,,,0,1,,,,0,1,,,,0,1,,,,0,1,,,,0,1,,,,0,1,,,,0,1,3599.574,2026-09-24T00:13:43Z,3886.2833333333333,1,1,3599.574,2026-09-24T00:13:40Z,3886.3333333333335,1,1,663.1510000000001,2026-09-24T00:13:40Z,3886.3333333333335,1,1,2936.423,2026-09-24T00:13:40Z,3886.3333333333335,1,1,3245.221,2026-09-24T01:00:36Z,,3839.4,1,1,-17.557,2026-09-24T01:47:45Z,2026-09-24T01:30:00Z,3792.25,1,1,97.77,2026-09-24T01:47:45Z,2026-09-24T01:30:00Z,3792.25,1,1,9799.771,2026-09-24T01:47:45Z,2026-09-24T01:30:00Z,3792.25,1,1,4254.922,2026-09-24T01:47:45Z,2026-09-24T01:30:00Z,3792.25,1,1,353.766,2026-09-24T01:47:45Z,2026-09-24T01:30:00Z,3792.25,1,1,-37.505,2026-09-24T01:30:05Z,2026-09-24T01:00:00Z,3809.9166666666665,1,1,105.91,2026-09-24T01:30:05Z,2026-09-24T01:00:00Z,3809.9166666666665,1,1,0.024,2026-09-24T01:00:37Z,,3839.383333333333,1,1,0.0,2026-09-24T01:00:37Z,,3839.383333333333,1,1,3437.2105,254.74650000000003,204.605,372.545,2026-08-31T23:00:00Z,37080.0,1,,,,,3901.1559999999995,,,,,1,1,1,1,1,1,0,0,0,0,0,0,0,0,0,1,1,1,1,1,1,1,1,1,1,1,1,1,1,1,1,1,1,1,1,1,1,1,1,1,1,1,1,1,1,1,1,1,1,1,1,1,1,1,1,1,1,1,1,1,0,0,0,0,0,0,0,0,0,0,0,0,0,0,1,0,0,0,0,0,0,0,0,0,0,0,0,0,0,0,0,0,0,0,0,0,0,0,0,0,0,0,0,0,0,0,1,0,0,0,1,0,1,1,1,1,0,1,1,1,1
2026-09-26T17:30:00Z,2026-09-26T18:00:00Z,30,,,,0,1,,,,0,1,5836.0,2026-09-24T01:50:10Z,3819.8333333333335,1,1,837.0,2026-09-24T01:50:10Z,3819.8333333333335,1,1,4999.0,2026-09-24T01:50:10Z,3819.8333333333335,1,1,,,,0,1,,,,0,1,,,,0,1,,,,0,1,,,,0,1,,,,0,1,,,,0,1,,,,0,1,,,,0,1,,,,0,1,,,,0,1,,,,0,1,,,,0,1,,,,0,1,,,,0,1,3599.574,2026-09-24T00:13:43Z,3916.2833333333333,1,1,3599.574,2026-09-24T00:13:40Z,3916.3333333333335,1,1,663.1510000000001,2026-09-24T00:13:40Z,3916.3333333333335,1,1,2936.423,2026-09-24T00:13:40Z,3916.3333333333335,1,1,3245.221,2026-09-24T01:00:36Z,,3869.4,1,1,-17.557,2026-09-24T01:47:45Z,2026-09-24T01:30:00Z,3822.25,1,1,97.77,2026-09-24T01:47:45Z,2026-09-24T01:30:00Z,3822.25,1,1,9799.771,2026-09-24T01:47:45Z,2026-09-24T01:30:00Z,3822.25,1,1,4254.922,2026-09-24T01:47:45Z,2026-09-24T01:30:00Z,3822.25,1,1,353.766,2026-09-24T01:47:45Z,2026-09-24T01:30:00Z,3822.25,1,1,-37.505,2026-09-24T01:30:05Z,2026-09-24T01:00:00Z,3839.9166666666665,1,1,105.91,2026-09-24T01:30:05Z,2026-09-24T01:00:00Z,3839.9166666666665,1,1,0.024,2026-09-24T01:00:37Z,,3869.383333333333,1,1,0.0,2026-09-24T01:00:37Z,,3869.383333333333,1,1,3437.2105,254.74650000000003,204.605,372.545,2026-08-31T23:00:00Z,37110.0,1,,,,,3901.1559999999995,,,,,1,1,1,1,1,1,0,0,0,0,0,0,0,0,0,1,1,1,1,1,1,1,1,1,1,1,1,1,1,1,1,1,1,1,1,1,1,1,1,1,1,1,1,1,1,1,1,1,1,1,1,1,1,1,1,1,1,1,1,1,0,0,0,0,0,0,0,0,0,0,0,0,0,0,1,0,0,0,0,0,0,0,0,0,0,0,0,0,0,0,0,0,0,0,0,0,0,0,0,0,0,0,0,0,0,0,1,0,0,0,1,0,1,1,1,1,0,1,1,1,1
2026-09-26T17:30:00Z,2026-09-26T18:30:00Z,60,,,,0,1,,,,0,1,5735.0,2026-09-24T01:50:10Z,3819.8333333333335,1,1,838.0,2026-09-24T01:50:10Z,3819.8333333333335,1,1,4897.0,2026-09-24T01:50:10Z,3819.8333333333335,1,1,,,,0,1,,,,0,1,,,,0,1,,,,0,1,,,,0,1,,,,0,1,,,,0,1,,,,0,1,,,,0,1,,,,0,1,,,,0,1,,,,0,1,,,,0,1,,,,0,1,,,,0,1,3589.6220000000003,2026-09-24T00:13:43Z,3916.2833333333333,1,1,3589.6220000000003,2026-09-24T00:13:40Z,3916.3333333333335,1,1,663.9765,2026-09-24T00:13:40Z,3916.3333333333335,1,1,2925.6454999999996,2026-09-24T00:13:40Z,3916.3333333333335,1,1,3245.221,2026-09-24T01:00:36Z,,3869.4,1,1,-17.557,2026-09-24T01:47:45Z,2026-09-24T01:30:00Z,3822.25,1,1,97.77,2026-09-24T01:47:45Z,2026-09-24T01:30:00Z,3822.25,1,1,9799.771,2026-09-24T01:47:45Z,2026-09-24T01:30:00Z,3822.25,1,1,4254.922,2026-09-24T01:47:45Z,2026-09-24T01:30:00Z,3822.25,1,1,353.766,2026-09-24T01:47:45Z,2026-09-24T01:30:00Z,3822.25,1,1,-37.505,2026-09-24T01:30:05Z,2026-09-24T01:00:00Z,3839.9166666666665,1,1,105.91,2026-09-24T01:30:05Z,2026-09-24T01:00:00Z,3839.9166666666665,1,1,0.024,2026-09-24T01:00:37Z,,3869.383333333333,1,1,0.0,2026-09-24T01:00:37Z,,3869.383333333333,1,1,3437.2105,254.74650000000003,204.605,372.545,2026-08-31T23:00:00Z,37110.0,1,,,,,3901.1559999999995,,,,,1,1,1,1,1,1,0,0,0,0,0,0,0,0,0,1,1,1,1,1,1,1,1,1,1,1,1,1,1,1,1,1,1,1,1,1,1,1,1,1,1,1,1,1,1,1,1,1,1,1,1,1,1,1,1,1,1,1,1,1,0,0,0,0,0,0,0,0,0,0,0,0,0,0,1,0,0,0,0,0,0,0,0,0,0,0,0,0,0,0,0,0,0,0,0,0,0,0,0,0,0,0,0,0,0,0,1,0,0,0,1,0,1,1,1,1,0,1,1,1,1
2026-09-26T18:00:00Z,2026-09-26T18:30:00Z,30,,,,0,1,,,,0,1,5735.0,2026-09-24T01:50:10Z,3849.8333333333335,1,1,838.0,2026-09-24T01:50:10Z,3849.8333333333335,1,1,4897.0,2026-09-24T01:50:10Z,3849.8333333333335,1,1,,,,0,1,,,,0,1,,,,0,1,,,,0,1,,,,0,1,,,,0,1,,,,0,1,,,,0,1,,,,0,1,,,,0,1,,,,0,1,,,,0,1,,,,0,1,,,,0,1,,,,0,1,3589.6220000000003,2026-09-24T00:13:43Z,3946.2833333333333,1,1,3589.6220000000003,2026-09-24T00:13:40Z,3946.3333333333335,1,1,663.9765,2026-09-24T00:13:40Z,3946.3333333333335,1,1,2925.6454999999996,2026-09-24T00:13:40Z,3946.3333333333335,1,1,3245.221,2026-09-24T01:00:36Z,,3899.4,1,1,-17.557,2026-09-24T01:47:45Z,2026-09-24T01:30:00Z,3852.25,1,1,97.77,2026-09-24T01:47:45Z,2026-09-24T01:30:00Z,3852.25,1,1,9799.771,2026-09-24T01:47:45Z,2026-09-24T01:30:00Z,3852.25,1,1,4254.922,2026-09-24T01:47:45Z,2026-09-24T01:30:00Z,3852.25,1,1,353.766,2026-09-24T01:47:45Z,2026-09-24T01:30:00Z,3852.25,1,1,-37.505,2026-09-24T01:30:05Z,2026-09-24T01:00:00Z,3869.9166666666665,1,1,105.91,2026-09-24T01:30:05Z,2026-09-24T01:00:00Z,3869.9166666666665,1,1,0.024,2026-09-24T01:00:37Z,,3899.383333333333,1,1,0.0,2026-09-24T01:00:37Z,,3899.383333333333,1,1,3437.2105,254.74650000000003,204.605,372.545,2026-08-31T23:00:00Z,37140.0,1,,,,,3901.1559999999995,,,,,1,1,1,1,1,1,0,0,0,0,0,0,0,0,0,1,1,1,1,1,1,1,1,1,1,1,1,1,1,1,1,1,1,1,1,1,1,1,1,1,1,1,1,1,1,1,1,1,1,1,1,1,1,1,1,1,1,1,1,1,0,0,0,0,0,0,0,0,0,0,0,0,0,0,1,0,0,0,0,0,0,0,0,0,0,0,0,0,0,0,0,0,0,0,0,0,0,0,0,0,0,0,0,0,0,0,1,0,0,0,1,0,1,1,1,1,0,1,1,1,1
2026-09-26T18:00:00Z,2026-09-26T19:00:00Z,60,,,,0,1,,,,0,1,5636.0,2026-09-24T01:50:10Z,3849.8333333333335,1,1,851.0,2026-09-24T01:50:10Z,3849.8333333333335,1,1,4785.0,2026-09-24T01:50:10Z,3849.8333333333335,1,1,,,,0,1,,,,0,1,,,,0,1,,,,0,1,,,,0,1,,,,0,1,,,,0,1,,,,0,1,,,,0,1,,,,0,1,,,,0,1,,,,0,1,,,,0,1,,,,0,1,,,,0,1,3591.62,2026-09-24T00:13:43Z,3946.2833333333333,1,1,3591.62,2026-09-24T00:13:40Z,3946.3333333333335,1,1,667.9895,2026-09-24T00:13:40Z,3946.3333333333335,1,1,2923.6305,2026-09-24T00:13:40Z,3946.3333333333335,1,1,3245.221,2026-09-24T01:00:36Z,,3899.4,1,1,-17.557,2026-09-24T01:47:45Z,2026-09-24T01:30:00Z,3852.25,1,1,97.77,2026-09-24T01:47:45Z,2026-09-24T01:30:00Z,3852.25,1,1,9799.771,2026-09-24T01:47:45Z,2026-09-24T01:30:00Z,3852.25,1,1,4254.922,2026-09-24T01:47:45Z,2026-09-24T01:30:00Z,3852.25,1,1,353.766,2026-09-24T01:47:45Z,2026-09-24T01:30:00Z,3852.25,1,1,-37.505,2026-09-24T01:30:05Z,2026-09-24T01:00:00Z,3869.9166666666665,1,1,105.91,2026-09-24T01:30:05Z,2026-09-24T01:00:00Z,3869.9166666666665,1,1,0.024,2026-09-24T01:00:37Z,,3899.383333333333,1,1,0.0,2026-09-24T01:00:37Z,,3899.383333333333,1,1,3437.2105,254.74650000000003,204.605,372.545,2026-08-31T23:00:00Z,37140.0,1,,,,,3901.1559999999995,,,,,1,1,1,1,1,1,0,0,0,0,0,0,0,0,0,1,1,1,1,1,1,1,1,1,1,1,1,1,1,1,1,1,1,1,1,1,1,1,1,1,1,1,1,1,1,1,1,1,1,1,1,1,1,1,1,1,1,1,1,1,0,0,0,0,0,0,0,0,0,0,0,0,0,0,1,0,0,0,0,0,0,0,0,0,0,0,0,0,0,0,0,0,0,0,0,0,0,0,0,0,0,0,0,0,0,0,1,0,0,0,1,0,1,1,1,1,0,1,1,1,1
2026-09-26T18:30:00Z,2026-09-26T19:00:00Z,30,,,,0,1,,,,0,1,5636.0,2026-09-24T01:50:10Z,3879.8333333333335,1,1,851.0,2026-09-24T01:50:10Z,3879.8333333333335,1,1,4785.0,2026-09-24T01:50:10Z,3879.8333333333335,1,1,,,,0,1,,,,0,1,,,,0,1,,,,0,1,,,,0,1,,,,0,1,,,,0,1,,,,0,1,,,,0,1,,,,0,1,,,,0,1,,,,0,1,,,,0,1,,,,0,1,,,,0,1,3591.62,2026-09-24T00:13:43Z,3976.2833333333333,1,1,3591.62,2026-09-24T00:13:40Z,3976.3333333333335,1,1,667.9895,2026-09-24T00:13:40Z,3976.3333333333335,1,1,2923.6305,2026-09-24T00:13:40Z,3976.3333333333335,1,1,3245.221,2026-09-24T01:00:36Z,,3929.4,1,1,-17.557,2026-09-24T01:47:45Z,2026-09-24T01:30:00Z,3882.25,1,1,97.77,2026-09-24T01:47:45Z,2026-09-24T01:30:00Z,3882.25,1,1,9799.771,2026-09-24T01:47:45Z,2026-09-24T01:30:00Z,3882.25,1,1,4254.922,2026-09-24T01:47:45Z,2026-09-24T01:30:00Z,3882.25,1,1,353.766,2026-09-24T01:47:45Z,2026-09-24T01:30:00Z,3882.25,1,1,-37.505,2026-09-24T01:30:05Z,2026-09-24T01:00:00Z,3899.9166666666665,1,1,105.91,2026-09-24T01:30:05Z,2026-09-24T01:00:00Z,3899.9166666666665,1,1,0.024,2026-09-24T01:00:37Z,,3929.383333333333,1,1,0.0,2026-09-24T01:00:37Z,,3929.383333333333,1,1,3437.2105,254.74650000000003,204.605,372.545,2026-08-31T23:00:00Z,37170.0,1,,,,,3901.1559999999995,,,,,1,1,1,1,1,1,0,0,0,0,0,0,0,0,0,1,1,1,1,1,1,1,1,1,1,1,1,1,1,1,1,1,1,1,1,1,1,1,1,1,1,1,1,1,1,1,1,1,1,1,1,1,1,1,1,1,1,1,1,1,0,0,0,0,0,0,0,0,0,0,0,0,0,0,1,0,0,0,0,0,0,0,0,0,0,0,0,0,0,0,0,0,0,0,0,0,0,0,0,0,0,0,0,0,0,0,1,0,0,0,1,0,1,1,1,1,0,1,1,1,1
2026-09-26T18:30:00Z,2026-09-26T19:30:00Z,60,,,,0,1,,,,0,1,5487.0,2026-09-24T01:50:10Z,3879.8333333333335,1,1,826.0,2026-09-24T01:50:10Z,3879.8333333333335,1,1,4661.0,2026-09-24T01:50:10Z,3879.8333333333335,1,1,,,,0,1,,,,0,1,,,,0,1,,,,0,1,,,,0,1,,,,0,1,,,,0,1,,,,0,1,,,,0,1,,,,0,1,,,,0,1,,,,0,1,,,,0,1,,,,0,1,,,,0,1,3629.487,2026-09-24T00:13:43Z,3976.2833333333333,1,1,3629.487,2026-09-24T00:13:40Z,3976.3333333333335,1,1,681.5844999999999,2026-09-24T00:13:40Z,3976.3333333333335,1,1,2947.9025,2026-09-24T00:13:40Z,3976.3333333333335,1,1,3245.221,2026-09-24T01:00:36Z,,3929.4,1,1,-17.557,2026-09-24T01:47:45Z,2026-09-24T01:30:00Z,3882.25,1,1,97.77,2026-09-24T01:47:45Z,2026-09-24T01:30:00Z,3882.25,1,1,9799.771,2026-09-24T01:47:45Z,2026-09-24T01:30:00Z,3882.25,1,1,4254.922,2026-09-24T01:47:45Z,2026-09-24T01:30:00Z,3882.25,1,1,353.766,2026-09-24T01:47:45Z,2026-09-24T01:30:00Z,3882.25,1,1,-37.505,2026-09-24T01:30:05Z,2026-09-24T01:00:00Z,3899.9166666666665,1,1,105.91,2026-09-24T01:30:05Z,2026-09-24T01:00:00Z,3899.9166666666665,1,1,0.024,2026-09-24T01:00:37Z,,3929.383333333333,1,1,0.0,2026-09-24T01:00:37Z,,3929.383333333333,1,1,3437.2105,254.74650000000003,204.605,372.545,2026-08-31T23:00:00Z,37170.0,1,,,,,3901.1559999999995,,,,,1,1,1,1,1,1,0,0,0,0,0,0,0,0,0,1,1,1,1,1,1,1,1,1,1,1,1,1,1,1,1,1,1,1,1,1,1,1,1,1,1,1,1,1,1,1,1,1,1,1,1,1,1,1,1,1,1,1,1,1,0,0,0,0,0,0,0,0,0,0,0,0,0,0,1,0,0,0,0,0,0,0,0,0,0,0,0,0,0,0,0,0,0,0,0,0,0,0,0,0,0,0,0,0,0,0,1,0,0,0,1,0,1,1,1,1,0,1,1,1,1
2026-09-26T19:00:00Z,2026-09-26T19:30:00Z,30,,,,0,1,,,,0,1,5487.0,2026-09-24T01:50:10Z,3909.8333333333335,1,1,826.0,2026-09-24T01:50:10Z,3909.8333333333335,1,1,4661.0,2026-09-24T01:50:10Z,3909.8333333333335,1,1,,,,0,1,,,,0,1,,,,0,1,,,,0,1,,,,0,1,,,,0,1,,,,0,1,,,,0,1,,,,0,1,,,,0,1,,,,0,1,,,,0,1,,,,0,1,,,,0,1,,,,0,1,3629.487,2026-09-24T00:13:43Z,4006.2833333333333,1,1,3629.487,2026-09-24T00:13:40Z,4006.3333333333335,1,1,681.5844999999999,2026-09-24T00:13:40Z,4006.3333333333335,1,1,2947.9025,2026-09-24T00:13:40Z,4006.3333333333335,1,1,3245.221,2026-09-24T01:00:36Z,,3959.4,1,1,-17.557,2026-09-24T01:47:45Z,2026-09-24T01:30:00Z,3912.25,1,1,97.77,2026-09-24T01:47:45Z,2026-09-24T01:30:00Z,3912.25,1,1,9799.771,2026-09-24T01:47:45Z,2026-09-24T01:30:00Z,3912.25,1,1,4254.922,2026-09-24T01:47:45Z,2026-09-24T01:30:00Z,3912.25,1,1,353.766,2026-09-24T01:47:45Z,2026-09-24T01:30:00Z,3912.25,1,1,-37.505,2026-09-24T01:30:05Z,2026-09-24T01:00:00Z,3929.9166666666665,1,1,105.91,2026-09-24T01:30:05Z,2026-09-24T01:00:00Z,3929.9166666666665,1,1,0.024,2026-09-24T01:00:37Z,,3959.383333333333,1,1,0.0,2026-09-24T01:00:37Z,,3959.383333333333,1,1,3437.2105,254.74650000000003,204.605,372.545,2026-08-31T23:00:00Z,37200.0,1,,,,,3901.1559999999995,,,,,1,1,1,1,1,1,0,0,0,0,0,0,0,0,0,1,1,1,1,1,1,1,1,1,1,1,1,1,1,1,1,1,1,1,1,1,1,1,1,1,1,1,1,1,1,1,1,1,1,1,1,1,1,1,1,1,1,1,1,1,0,0,0,0,0,0,0,0,0,0,0,0,0,0,1,0,0,0,0,0,0,0,0,0,0,0,0,0,0,0,0,0,0,0,0,0,0,0,0,0,0,0,0,0,0,0,1,0,0,0,1,0,1,1,1,1,0,1,1,1,1
2026-09-26T19:00:00Z,2026-09-26T20:00:00Z,60,,,,0,1,,,,0,1,5261.0,2026-09-24T01:50:10Z,3909.8333333333335,1,1,780.0,2026-09-24T01:50:10Z,3909.8333333333335,1,1,4481.0,2026-09-24T01:50:10Z,3909.8333333333335,1,1,,,,0,1,,,,0,1,,,,0,1,,,,0,1,,,,0,1,,,,0,1,,,,0,1,,,,0,1,,,,0,1,,,,0,1,,,,0,1,,,,0,1,,,,0,1,,,,0,1,,,,0,1,3680.64,2026-09-24T00:13:43Z,4006.2833333333333,1,1,3680.64,2026-09-24T00:13:40Z,4006.3333333333335,1,1,697.5409999999999,2026-09-24T00:13:40Z,4006.3333333333335,1,1,2983.099,2026-09-24T00:13:40Z,4006.3333333333335,1,1,3245.221,2026-09-24T01:00:36Z,,3959.4,1,1,-17.557,2026-09-24T01:47:45Z,2026-09-24T01:30:00Z,3912.25,1,1,97.77,2026-09-24T01:47:45Z,2026-09-24T01:30:00Z,3912.25,1,1,9799.771,2026-09-24T01:47:45Z,2026-09-24T01:30:00Z,3912.25,1,1,4254.922,2026-09-24T01:47:45Z,2026-09-24T01:30:00Z,3912.25,1,1,353.766,2026-09-24T01:47:45Z,2026-09-24T01:30:00Z,3912.25,1,1,-37.505,2026-09-24T01:30:05Z,2026-09-24T01:00:00Z,3929.9166666666665,1,1,105.91,2026-09-24T01:30:05Z,2026-09-24T01:00:00Z,3929.9166666666665,1,1,0.024,2026-09-24T01:00:37Z,,3959.383333333333,1,1,0.0,2026-09-24T01:00:37Z,,3959.383333333333,1,1,3437.2105,254.74650000000003,204.605,372.545,2026-08-31T23:00:00Z,37200.0,1,,,,,3901.1559999999995,,,,,1,1,1,1,1,1,0,0,0,0,0,0,0,0,0,1,1,1,1,1,1,1,1,1,1,1,1,1,1,1,1,1,1,1,1,1,1,1,1,1,1,1,1,1,1,1,1,1,1,1,1,1,1,1,1,1,1,1,1,1,0,0,0,0,0,0,0,0,0,0,0,0,0,0,1,0,0,0,0,0,0,0,0,0,0,0,0,0,0,0,0,0,0,0,0,0,0,0,0,0,0,0,0,0,0,0,1,0,0,0,1,0,1,1,1,1,0,1,1,1,1
2026-09-26T19:30:00Z,2026-09-26T20:00:00Z,30,,,,0,1,,,,0,1,5261.0,2026-09-24T01:50:10Z,3939.8333333333335,1,1,780.0,2026-09-24T01:50:10Z,3939.8333333333335,1,1,4481.0,2026-09-24T01:50:10Z,3939.8333333333335,1,1,,,,0,1,,,,0,1,,,,0,1,,,,0,1,,,,0,1,,,,0,1,,,,0,1,,,,0,1,,,,0,1,,,,0,1,,,,0,1,,,,0,1,,,,0,1,,,,0,1,,,,0,1,3680.64,2026-09-24T00:13:43Z,4036.2833333333333,1,1,3680.64,2026-09-24T00:13:40Z,4036.3333333333335,1,1,697.5409999999999,2026-09-24T00:13:40Z,4036.3333333333335,1,1,2983.099,2026-09-24T00:13:40Z,4036.3333333333335,1,1,3245.221,2026-09-24T01:00:36Z,,3989.4,1,1,-17.557,2026-09-24T01:47:45Z,2026-09-24T01:30:00Z,3942.25,1,1,97.77,2026-09-24T01:47:45Z,2026-09-24T01:30:00Z,3942.25,1,1,9799.771,2026-09-24T01:47:45Z,2026-09-24T01:30:00Z,3942.25,1,1,4254.922,2026-09-24T01:47:45Z,2026-09-24T01:30:00Z,3942.25,1,1,353.766,2026-09-24T01:47:45Z,2026-09-24T01:30:00Z,3942.25,1,1,-37.505,2026-09-24T01:30:05Z,2026-09-24T01:00:00Z,3959.9166666666665,1,1,105.91,2026-09-24T01:30:05Z,2026-09-24T01:00:00Z,3959.9166666666665,1,1,0.024,2026-09-24T01:00:37Z,,3989.383333333333,1,1,0.0,2026-09-24T01:00:37Z,,3989.383333333333,1,1,3437.2105,254.74650000000003,204.605,372.545,2026-08-31T23:00:00Z,37230.0,1,,,,,3901.1559999999995,,,,,1,1,1,1,1,1,0,0,0,0,0,0,0,0,0,1,1,1,1,1,1,1,1,1,1,1,1,1,1,1,1,1,1,1,1,1,1,1,1,1,1,1,1,1,1,1,1,1,1,1,1,1,1,1,1,1,1,1,1,1,0,0,0,0,0,0,0,0,0,0,0,0,0,0,1,0,0,0,0,0,0,0,0,0,0,0,0,0,0,0,0,0,0,0,0,0,0,0,0,0,0,0,0,0,0,0,1,0,0,0,1,0,1,1,1,1,0,1,1,1,1
2026-09-26T19:30:00Z,2026-09-26T20:30:00Z,60,,,,0,1,,,,0,1,5170.0,2026-09-24T01:50:10Z,3939.8333333333335,1,1,740.0,2026-09-24T01:50:10Z,3939.8333333333335,1,1,4430.0,2026-09-24T01:50:10Z,3939.8333333333335,1,1,,,,0,1,,,,0,1,,,,0,1,,,,0,1,,,,0,1,,,,0,1,,,,0,1,,,,0,1,,,,0,1,,,,0,1,,,,0,1,,,,0,1,,,,0,1,,,,0,1,,,,0,1,3771.639,2026-09-24T00:13:43Z,4036.2833333333333,1,1,3771.639,2026-09-24T00:13:40Z,4036.3333333333335,1,1,720.5705,2026-09-24T00:13:40Z,4036.3333333333335,1,1,3051.0685000000003,2026-09-24T00:13:40Z,4036.3333333333335,1,1,3245.221,2026-09-24T01:00:36Z,,3989.4,1,1,-17.557,2026-09-24T01:47:45Z,2026-09-24T01:30:00Z,3942.25,1,1,97.77,2026-09-24T01:47:45Z,2026-09-24T01:30:00Z,3942.25,1,1,9799.771,2026-09-24T01:47:45Z,2026-09-24T01:30:00Z,3942.25,1,1,4254.922,2026-09-24T01:47:45Z,2026-09-24T01:30:00Z,3942.25,1,1,353.766,2026-09-24T01:47:45Z,2026-09-24T01:30:00Z,3942.25,1,1,-37.505,2026-09-24T01:30:05Z,2026-09-24T01:00:00Z,3959.9166666666665,1,1,105.91,2026-09-24T01:30:05Z,2026-09-24T01:00:00Z,3959.9166666666665,1,1,0.024,2026-09-24T01:00:37Z,,3989.383333333333,1,1,0.0,2026-09-24T01:00:37Z,,3989.383333333333,1,1,3437.2105,254.74650000000003,204.605,372.545,2026-08-31T23:00:00Z,37230.0,1,,,,,3901.1559999999995,,,,,1,1,1,1,1,1,0,0,0,0,0,0,0,0,0,1,1,1,1,1,1,1,1,1,1,1,1,1,1,1,1,1,1,1,1,1,1,1,1,1,1,1,1,1,1,1,1,1,1,1,1,1,1,1,1,1,1,1,1,1,0,0,0,0,0,0,0,0,0,0,0,0,0,0,1,0,0,0,0,0,0,0,0,0,0,0,0,0,0,0,0,0,0,0,0,0,0,0,0,0,0,0,0,0,0,0,1,0,0,0,1,0,1,1,1,1,0,1,1,1,1
2026-09-26T20:00:00Z,2026-09-26T20:30:00Z,30,,,,0,1,,,,0,1,5170.0,2026-09-24T01:50:10Z,3969.8333333333335,1,1,740.0,2026-09-24T01:50:10Z,3969.8333333333335,1,1,4430.0,2026-09-24T01:50:10Z,3969.8333333333335,1,1,,,,0,1,,,,0,1,,,,0,1,,,,0,1,,,,0,1,,,,0,1,,,,0,1,,,,0,1,,,,0,1,,,,0,1,,,,0,1,,,,0,1,,,,0,1,,,,0,1,,,,0,1,3771.639,2026-09-24T00:13:43Z,4066.2833333333333,1,1,3771.639,2026-09-24T00:13:40Z,4066.3333333333335,1,1,720.5705,2026-09-24T00:13:40Z,4066.3333333333335,1,1,3051.0685000000003,2026-09-24T00:13:40Z,4066.3333333333335,1,1,3245.221,2026-09-24T01:00:36Z,,4019.4,1,1,-17.557,2026-09-24T01:47:45Z,2026-09-24T01:30:00Z,3972.25,1,1,97.77,2026-09-24T01:47:45Z,2026-09-24T01:30:00Z,3972.25,1,1,9799.771,2026-09-24T01:47:45Z,2026-09-24T01:30:00Z,3972.25,1,1,4254.922,2026-09-24T01:47:45Z,2026-09-24T01:30:00Z,3972.25,1,1,353.766,2026-09-24T01:47:45Z,2026-09-24T01:30:00Z,3972.25,1,1,-37.505,2026-09-24T01:30:05Z,2026-09-24T01:00:00Z,3989.9166666666665,1,1,105.91,2026-09-24T01:30:05Z,2026-09-24T01:00:00Z,3989.9166666666665,1,1,0.024,2026-09-24T01:00:37Z,,4019.383333333333,1,1,0.0,2026-09-24T01:00:37Z,,4019.383333333333,1,1,3437.2105,254.74650000000003,204.605,372.545,2026-08-31T23:00:00Z,37260.0,1,,,,,3901.1559999999995,,,,,1,1,1,1,1,1,0,0,0,0,0,0,0,0,0,1,1,1,1,1,1,1,1,1,1,1,1,1,1,1,1,1,1,1,1,1,1,1,1,1,1,1,1,1,1,1,1,1,1,1,1,1,1,1,1,1,1,1,1,1,0,0,0,0,0,0,0,0,0,0,0,0,0,0,1,0,0,0,0,0,0,0,0,0,0,0,0,0,0,0,0,0,0,0,0,0,0,0,0,0,0,0,0,0,0,0,1,0,0,0,1,0,1,1,1,1,0,1,1,1,1
2026-09-26T20:00:00Z,2026-09-26T21:00:00Z,60,,,,0,1,,,,0,1,5012.0,2026-09-24T01:50:10Z,3969.8333333333335,1,1,703.0,2026-09-24T01:50:10Z,3969.8333333333335,1,1,4309.0,2026-09-24T01:50:10Z,3969.8333333333335,1,1,,,,0,1,,,,0,1,,,,0,1,,,,0,1,,,,0,1,,,,0,1,,,,0,1,,,,0,1,,,,0,1,,,,0,1,,,,0,1,,,,0,1,,,,0,1,,,,0,1,,,,0,1,3859.108,2026-09-24T00:13:43Z,4066.2833333333333,1,1,3859.108,2026-09-24T00:13:40Z,4066.3333333333335,1,1,743.3019999999999,2026-09-24T00:13:40Z,4066.3333333333335,1,1,3115.806,2026-09-24T00:13:40Z,4066.3333333333335,1,1,3245.221,2026-09-24T01:00:36Z,,4019.4,1,1,-17.557,2026-09-24T01:47:45Z,2026-09-24T01:30:00Z,3972.25,1,1,97.77,2026-09-24T01:47:45Z,2026-09-24T01:30:00Z,3972.25,1,1,9799.771,2026-09-24T01:47:45Z,2026-09-24T01:30:00Z,3972.25,1,1,4254.922,2026-09-24T01:47:45Z,2026-09-24T01:30:00Z,3972.25,1,1,353.766,2026-09-24T01:47:45Z,2026-09-24T01:30:00Z,3972.25,1,1,-37.505,2026-09-24T01:30:05Z,2026-09-24T01:00:00Z,3989.9166666666665,1,1,105.91,2026-09-24T01:30:05Z,2026-09-24T01:00:00Z,3989.9166666666665,1,1,0.024,2026-09-24T01:00:37Z,,4019.383333333333,1,1,0.0,2026-09-24T01:00:37Z,,4019.383333333333,1,1,3437.2105,254.74650000000003,204.605,372.545,2026-08-31T23:00:00Z,37260.0,1,,,,,3901.1559999999995,,,,,1,1,1,1,1,1,0,0,0,0,0,0,0,0,0,1,1,1,1,1,1,1,1,1,1,1,1,1,1,1,1,1,1,1,1,1,1,1,1,1,1,1,1,1,1,1,1,1,1,1,1,1,1,1,1,1,1,1,1,1,0,0,0,0,0,0,0,0,0,0,0,0,0,0,1,0,0,0,0,0,0,0,0,0,0,0,0,0,0,0,0,0,0,0,0,0,0,0,0,0,0,0,0,0,0,0,1,0,0,0,1,0,1,1,1,1,0,1,1,1,1
2026-09-26T20:30:00Z,2026-09-26T21:00:00Z,30,,,,0,1,,,,0,1,5012.0,2026-09-24T01:50:10Z,3999.8333333333335,1,1,703.0,2026-09-24T01:50:10Z,3999.8333333333335,1,1,4309.0,2026-09-24T01:50:10Z,3999.8333333333335,1,1,,,,0,1,,,,0,1,,,,0,1,,,,0,1,,,,0,1,,,,0,1,,,,0,1,,,,0,1,,,,0,1,,,,0,1,,,,0,1,,,,0,1,,,,0,1,,,,0,1,,,,0,1,3859.108,2026-09-24T00:13:43Z,4096.283333333334,1,1,3859.108,2026-09-24T00:13:40Z,4096.333333333333,1,1,743.3019999999999,2026-09-24T00:13:40Z,4096.333333333333,1,1,3115.806,2026-09-24T00:13:40Z,4096.333333333333,1,1,3245.221,2026-09-24T01:00:36Z,,4049.4,1,1,-17.557,2026-09-24T01:47:45Z,2026-09-24T01:30:00Z,4002.25,1,1,97.77,2026-09-24T01:47:45Z,2026-09-24T01:30:00Z,4002.25,1,1,9799.771,2026-09-24T01:47:45Z,2026-09-24T01:30:00Z,4002.25,1,1,4254.922,2026-09-24T01:47:45Z,2026-09-24T01:30:00Z,4002.25,1,1,353.766,2026-09-24T01:47:45Z,2026-09-24T01:30:00Z,4002.25,1,1,-37.505,2026-09-24T01:30:05Z,2026-09-24T01:00:00Z,4019.9166666666665,1,1,105.91,2026-09-24T01:30:05Z,2026-09-24T01:00:00Z,4019.9166666666665,1,1,0.024,2026-09-24T01:00:37Z,,4049.383333333333,1,1,0.0,2026-09-24T01:00:37Z,,4049.383333333333,1,1,3437.2105,254.74650000000003,204.605,372.545,2026-08-31T23:00:00Z,37290.0,1,,,,,3901.1559999999995,,,,,1,1,1,1,1,1,0,0,0,0,0,0,0,0,0,1,1,1,1,1,1,1,1,1,1,1,1,1,1,1,1,1,1,1,1,1,1,1,1,1,1,1,1,1,1,1,1,1,1,1,1,1,1,1,1,1,1,1,1,1,0,0,0,0,0,0,0,0,0,0,0,0,0,0,1,0,0,0,0,0,0,0,0,0,0,0,0,0,0,0,0,0,0,0,0,0,0,0,0,0,0,0,0,0,0,0,1,0,0,0,1,0,1,1,1,1,0,1,1,1,1
2026-09-26T20:30:00Z,2026-09-26T21:30:00Z,60,,,,0,1,,,,0,1,4816.0,2026-09-24T01:50:10Z,3999.8333333333335,1,1,662.0,2026-09-24T01:50:10Z,3999.8333333333335,1,1,4154.0,2026-09-24T01:50:10Z,3999.8333333333335,1,1,,,,0,1,,,,0,1,,,,0,1,,,,0,1,,,,0,1,,,,0,1,,,,0,1,,,,0,1,,,,0,1,,,,0,1,,,,0,1,,,,0,1,,,,0,1,,,,0,1,,,,0,1,3935.9365,2026-09-24T00:13:43Z,4096.283333333334,1,1,3935.9365,2026-09-24T00:13:40Z,4096.333333333333,1,1,765.1175000000001,2026-09-24T00:13:40Z,4096.333333333333,1,1,3170.819,2026-09-24T00:13:40Z,4096.333333333333,1,1,3245.221,2026-09-24T01:00:36Z,,4049.4,1,1,-17.557,2026-09-24T01:47:45Z,2026-09-24T01:30:00Z,4002.25,1,1,97.77,2026-09-24T01:47:45Z,2026-09-24T01:30:00Z,4002.25,1,1,9799.771,2026-09-24T01:47:45Z,2026-09-24T01:30:00Z,4002.25,1,1,4254.922,2026-09-24T01:47:45Z,2026-09-24T01:30:00Z,4002.25,1,1,353.766,2026-09-24T01:47:45Z,2026-09-24T01:30:00Z,4002.25,1,1,-37.505,2026-09-24T01:30:05Z,2026-09-24T01:00:00Z,4019.9166666666665,1,1,105.91,2026-09-24T01:30:05Z,2026-09-24T01:00:00Z,4019.9166666666665,1,1,0.024,2026-09-24T01:00:37Z,,4049.383333333333,1,1,0.0,2026-09-24T01:00:37Z,,4049.383333333333,1,1,3437.2105,254.74650000000003,204.605,372.545,2026-08-31T23:00:00Z,37290.0,1,,,,,3901.1559999999995,,,,,1,1,1,1,1,1,0,0,0,0,0,0,0,0,0,1,1,1,1,1,1,1,1,1,1,1,1,1,1,1,1,1,1,1,1,1,1,1,1,1,1,1,1,1,1,1,1,1,1,1,1,1,1,1,1,1,1,1,1,1,0,0,0,0,0,0,0,0,0,0,0,0,0,0,1,0,0,0,0,0,0,0,0,0,0,0,0,0,0,0,0,0,0,0,0,0,0,0,0,0,0,0,0,0,0,0,1,0,0,0,1,0,1,1,1,1,0,1,1,1,1
2026-09-26T21:00:00Z,2026-09-26T21:30:00Z,30,,,,0,1,,,,0,1,4816.0,2026-09-24T01:50:10Z,4029.8333333333335,1,1,662.0,2026-09-24T01:50:10Z,4029.8333333333335,1,1,4154.0,2026-09-24T01:50:10Z,4029.8333333333335,1,1,,,,0,1,,,,0,1,,,,0,1,,,,0,1,,,,0,1,,,,0,1,,,,0,1,,,,0,1,,,,0,1,,,,0,1,,,,0,1,,,,0,1,,,,0,1,,,,0,1,,,,0,1,3935.9365,2026-09-24T00:13:43Z,4126.283333333334,1,1,3935.9365,2026-09-24T00:13:40Z,4126.333333333333,1,1,765.1175000000001,2026-09-24T00:13:40Z,4126.333333333333,1,1,3170.819,2026-09-24T00:13:40Z,4126.333333333333,1,1,3245.221,2026-09-24T01:00:36Z,,4079.4,1,1,-17.557,2026-09-24T01:47:45Z,2026-09-24T01:30:00Z,4032.25,1,1,97.77,2026-09-24T01:47:45Z,2026-09-24T01:30:00Z,4032.25,1,1,9799.771,2026-09-24T01:47:45Z,2026-09-24T01:30:00Z,4032.25,1,1,4254.922,2026-09-24T01:47:45Z,2026-09-24T01:30:00Z,4032.25,1,1,353.766,2026-09-24T01:47:45Z,2026-09-24T01:30:00Z,4032.25,1,1,-37.505,2026-09-24T01:30:05Z,2026-09-24T01:00:00Z,4049.9166666666665,1,1,105.91,2026-09-24T01:30:05Z,2026-09-24T01:00:00Z,4049.9166666666665,1,1,0.024,2026-09-24T01:00:37Z,,4079.383333333333,1,1,0.0,2026-09-24T01:00:37Z,,4079.383333333333,1,1,3437.2105,254.74650000000003,204.605,372.545,2026-08-31T23:00:00Z,37320.0,1,,,,,3901.1559999999995,,,,,1,1,1,1,1,1,0,0,0,0,0,0,0,0,0,1,1,1,1,1,1,1,1,1,1,1,1,1,1,1,1,1,1,1,1,1,1,1,1,1,1,1,1,1,1,1,1,1,1,1,1,1,1,1,1,1,1,1,1,1,0,0,0,0,0,0,0,0,0,0,0,0,0,0,1,0,0,0,0,0,0,0,0,0,0,0,0,0,0,0,0,0,0,0,0,0,0,0,0,0,0,0,0,0,0,0,1,0,0,0,1,0,1,1,1,1,0,1,1,1,1
2026-09-26T21:00:00Z,2026-09-26T22:00:00Z,60,,,,0,1,,,,0,1,4662.0,2026-09-24T01:50:10Z,4029.8333333333335,1,1,628.0,2026-09-24T01:50:10Z,4029.8333333333335,1,1,4034.0,2026-09-24T01:50:10Z,4029.8333333333335,1,1,,,,0,1,,,,0,1,,,,0,1,,,,0,1,,,,0,1,,,,0,1,,,,0,1,,,,0,1,,,,0,1,,,,0,1,,,,0,1,,,,0,1,,,,0,1,,,,0,1,,,,0,1,4013.0950000000003,2026-09-24T00:13:43Z,4126.283333333334,1,1,4013.0950000000003,2026-09-24T00:13:40Z,4126.333333333333,1,1,787.9580000000001,2026-09-24T00:13:40Z,4126.333333333333,1,1,3225.137,2026-09-24T00:13:40Z,4126.333333333333,1,1,3245.221,2026-09-24T01:00:36Z,,4079.4,1,1,-17.557,2026-09-24T01:47:45Z,2026-09-24T01:30:00Z,4032.25,1,1,97.77,2026-09-24T01:47:45Z,2026-09-24T01:30:00Z,4032.25,1,1,9799.771,2026-09-24T01:47:45Z,2026-09-24T01:30:00Z,4032.25,1,1,4254.922,2026-09-24T01:47:45Z,2026-09-24T01:30:00Z,4032.25,1,1,353.766,2026-09-24T01:47:45Z,2026-09-24T01:30:00Z,4032.25,1,1,-37.505,2026-09-24T01:30:05Z,2026-09-24T01:00:00Z,4049.9166666666665,1,1,105.91,2026-09-24T01:30:05Z,2026-09-24T01:00:00Z,4049.9166666666665,1,1,0.024,2026-09-24T01:00:37Z,,4079.383333333333,1,1,0.0,2026-09-24T01:00:37Z,,4079.383333333333,1,1,3437.2105,254.74650000000003,204.605,372.545,2026-08-31T23:00:00Z,37320.0,1,,,,,3901.1559999999995,,,,,1,1,1,1,1,1,0,0,0,0,0,0,0,0,0,1,1,1,1,1,1,1,1,1,1,1,1,1,1,1,1,1,1,1,1,1,1,1,1,1,1,1,1,1,1,1,1,1,1,1,1,1,1,1,1,1,1,1,1,1,0,0,0,0,0,0,0,0,0,0,0,0,0,0,1,0,0,0,0,0,0,0,0,0,0,0,0,0,0,0,0,0,0,0,0,0,0,0,0,0,0,0,0,0,0,0,1,0,0,0,1,0,1,1,1,1,0,1,1,1,1
2026-09-26T21:30:00Z,2026-09-26T22:00:00Z,30,,,,0,1,,,,0,1,4662.0,2026-09-24T01:50:10Z,4059.8333333333335,1,1,628.0,2026-09-24T01:50:10Z,4059.8333333333335,1,1,4034.0,2026-09-24T01:50:10Z,4059.8333333333335,1,1,,,,0,1,,,,0,1,,,,0,1,,,,0,1,,,,0,1,,,,0,1,,,,0,1,,,,0,1,,,,0,1,,,,0,1,,,,0,1,,,,0,1,,,,0,1,,,,0,1,,,,0,1,4013.0950000000003,2026-09-24T00:13:43Z,4156.283333333334,1,1,4013.0950000000003,2026-09-24T00:13:40Z,4156.333333333333,1,1,787.9580000000001,2026-09-24T00:13:40Z,4156.333333333333,1,1,3225.137,2026-09-24T00:13:40Z,4156.333333333333,1,1,3245.221,2026-09-24T01:00:36Z,,4109.4,1,1,-17.557,2026-09-24T01:47:45Z,2026-09-24T01:30:00Z,4062.25,1,1,97.77,2026-09-24T01:47:45Z,2026-09-24T01:30:00Z,4062.25,1,1,9799.771,2026-09-24T01:47:45Z,2026-09-24T01:30:00Z,4062.25,1,1,4254.922,2026-09-24T01:47:45Z,2026-09-24T01:30:00Z,4062.25,1,1,353.766,2026-09-24T01:47:45Z,2026-09-24T01:30:00Z,4062.25,1,1,-37.505,2026-09-24T01:30:05Z,2026-09-24T01:00:00Z,4079.9166666666665,1,1,105.91,2026-09-24T01:30:05Z,2026-09-24T01:00:00Z,4079.9166666666665,1,1,0.024,2026-09-24T01:00:37Z,,4109.383333333333,1,1,0.0,2026-09-24T01:00:37Z,,4109.383333333333,1,1,3437.2105,254.74650000000003,204.605,372.545,2026-08-31T23:00:00Z,37350.0,1,,,,,3901.1559999999995,,,,,1,1,1,1,1,1,0,0,0,0,0,0,0,0,0,1,1,1,1,1,1,1,1,1,1,1,1,1,1,1,1,1,1,1,1,1,1,1,1,1,1,1,1,1,1,1,1,1,1,1,1,1,1,1,1,1,1,1,1,1,0,0,0,0,0,0,0,0,0,0,0,0,0,0,1,0,0,0,0,0,0,0,0,0,0,0,0,0,0,0,0,0,0,0,0,0,0,0,0,0,0,0,0,0,0,0,1,0,0,0,1,0,1,1,1,1,0,1,1,1,1
2026-09-26T21:30:00Z,2026-09-26T22:30:00Z,60,,,,0,1,,,,0,1,4656.0,2026-09-24T01:50:10Z,4059.8333333333335,1,1,593.0,2026-09-24T01:50:10Z,4059.8333333333335,1,1,4063.0,2026-09-24T01:50:10Z,4059.8333333333335,1,1,,,,0,1,,,,0,1,,,,0,1,,,,0,1,,,,0,1,,,,0,1,,,,0,1,,,,0,1,,,,0,1,,,,0,1,,,,0,1,,,,0,1,,,,0,1,,,,0,1,,,,0,1,4091.205,2026-09-24T00:13:43Z,4156.283333333334,1,1,4091.205,2026-09-24T00:13:40Z,4156.333333333333,1,1,813.864,2026-09-24T00:13:40Z,4156.333333333333,1,1,3277.3410000000003,2026-09-24T00:13:40Z,4156.333333333333,1,1,3245.221,2026-09-24T01:00:36Z,,4109.4,1,1,-17.557,2026-09-24T01:47:45Z,2026-09-24T01:30:00Z,4062.25,1,1,97.77,2026-09-24T01:47:45Z,2026-09-24T01:30:00Z,4062.25,1,1,9799.771,2026-09-24T01:47:45Z,2026-09-24T01:30:00Z,4062.25,1,1,4254.922,2026-09-24T01:47:45Z,2026-09-24T01:30:00Z,4062.25,1,1,353.766,2026-09-24T01:47:45Z,2026-09-24T01:30:00Z,4062.25,1,1,-37.505,2026-09-24T01:30:05Z,2026-09-24T01:00:00Z,4079.9166666666665,1,1,105.91,2026-09-24T01:30:05Z,2026-09-24T01:00:00Z,4079.9166666666665,1,1,0.024,2026-09-24T01:00:37Z,,4109.383333333333,1,1,0.0,2026-09-24T01:00:37Z,,4109.383333333333,1,1,3437.2105,254.74650000000003,204.605,372.545,2026-08-31T23:00:00Z,37350.0,1,,,,,3901.1559999999995,,,,,1,1,1,1,1,1,0,0,0,0,0,0,0,0,0,1,1,1,1,1,1,1,1,1,1,1,1,1,1,1,1,1,1,1,1,1,1,1,1,1,1,1,1,1,1,1,1,1,1,1,1,1,1,1,1,1,1,1,1,1,0,0,0,0,0,0,0,0,0,0,0,0,0,0,1,0,0,0,0,0,0,0,0,0,0,0,0,0,0,0,0,0,0,0,0,0,0,0,0,0,0,0,0,0,0,0,1,0,0,0,1,0,1,1,1,1,0,1,1,1,1
2026-09-26T22:00:00Z,2026-09-26T22:30:00Z,30,,,,0,1,,,,0,1,4656.0,2026-09-24T01:50:10Z,4089.8333333333335,1,1,593.0,2026-09-24T01:50:10Z,4089.8333333333335,1,1,4063.0,2026-09-24T01:50:10Z,4089.8333333333335,1,1,,,,0,1,,,,0,1,,,,0,1,,,,0,1,,,,0,1,,,,0,1,,,,0,1,,,,0,1,,,,0,1,,,,0,1,,,,0,1,,,,0,1,,,,0,1,,,,0,1,,,,0,1,4091.205,2026-09-24T00:13:43Z,4186.283333333334,1,1,4091.205,2026-09-24T00:13:40Z,4186.333333333333,1,1,813.864,2026-09-24T00:13:40Z,4186.333333333333,1,1,3277.3410000000003,2026-09-24T00:13:40Z,4186.333333333333,1,1,3245.221,2026-09-24T01:00:36Z,,4139.4,1,1,-17.557,2026-09-24T01:47:45Z,2026-09-24T01:30:00Z,4092.25,1,1,97.77,2026-09-24T01:47:45Z,2026-09-24T01:30:00Z,4092.25,1,1,9799.771,2026-09-24T01:47:45Z,2026-09-24T01:30:00Z,4092.25,1,1,4254.922,2026-09-24T01:47:45Z,2026-09-24T01:30:00Z,4092.25,1,1,353.766,2026-09-24T01:47:45Z,2026-09-24T01:30:00Z,4092.25,1,1,-37.505,2026-09-24T01:30:05Z,2026-09-24T01:00:00Z,4109.916666666667,1,1,105.91,2026-09-24T01:30:05Z,2026-09-24T01:00:00Z,4109.916666666667,1,1,0.024,2026-09-24T01:00:37Z,,4139.383333333333,1,1,0.0,2026-09-24T01:00:37Z,,4139.383333333333,1,1,3437.2105,254.74650000000003,204.605,372.545,2026-08-31T23:00:00Z,37380.0,1,,,,,3901.1559999999995,,,,,1,1,1,1,1,1,0,0,0,0,0,0,0,0,0,1,1,1,1,1,1,1,1,1,1,1,1,1,1,1,1,1,1,1,1,1,1,1,1,1,1,1,1,1,1,1,1,1,1,1,1,1,1,1,1,1,1,1,1,1,0,0,0,0,0,0,0,0,0,0,0,0,0,0,1,0,0,0,0,0,0,0,0,0,0,0,0,0,0,0,0,0,0,0,0,0,0,0,0,0,0,0,0,0,0,0,1,0,0,0,1,0,1,1,1,1,0,1,1,1,1
2026-09-26T22:00:00Z,2026-09-26T23:00:00Z,60,,,,0,1,,,,0,1,4385.0,2026-09-24T01:50:10Z,4089.8333333333335,1,1,557.0,2026-09-24T01:50:10Z,4089.8333333333335,1,1,3828.0,2026-09-24T01:50:10Z,4089.8333333333335,1,1,,,,0,1,,,,0,1,,,,0,1,,,,0,1,,,,0,1,,,,0,1,,,,0,1,,,,0,1,,,,0,1,,,,0,1,,,,0,1,,,,0,1,,,,0,1,,,,0,1,,,,0,1,4161.0995,2026-09-24T00:13:43Z,4186.283333333334,1,1,4161.0995,2026-09-24T00:13:40Z,4186.333333333333,1,1,836.0515,2026-09-24T00:13:40Z,4186.333333333333,1,1,3325.048,2026-09-24T00:13:40Z,4186.333333333333,1,1,3245.221,2026-09-24T01:00:36Z,,4139.4,1,1,-17.557,2026-09-24T01:47:45Z,2026-09-24T01:30:00Z,4092.25,1,1,97.77,2026-09-24T01:47:45Z,2026-09-24T01:30:00Z,4092.25,1,1,9799.771,2026-09-24T01:47:45Z,2026-09-24T01:30:00Z,4092.25,1,1,4254.922,2026-09-24T01:47:45Z,2026-09-24T01:30:00Z,4092.25,1,1,353.766,2026-09-24T01:47:45Z,2026-09-24T01:30:00Z,4092.25,1,1,-37.505,2026-09-24T01:30:05Z,2026-09-24T01:00:00Z,4109.916666666667,1,1,105.91,2026-09-24T01:30:05Z,2026-09-24T01:00:00Z,4109.916666666667,1,1,0.024,2026-09-24T01:00:37Z,,4139.383333333333,1,1,0.0,2026-09-24T01:00:37Z,,4139.383333333333,1,1,3437.2105,254.74650000000003,204.605,372.545,2026-08-31T23:00:00Z,37380.0,1,,,,,3901.1559999999995,,,,,1,1,1,1,1,1,0,0,0,0,0,0,0,0,0,1,1,1,1,1,1,1,1,1,1,1,1,1,1,1,1,1,1,1,1,1,1,1,1,1,1,1,1,1,1,1,1,1,1,1,1,1,1,1,1,1,1,1,1,1,0,0,0,0,0,0,0,0,0,0,0,0,0,0,1,0,0,0,0,0,0,0,0,0,0,0,0,0,0,0,0,0,0,0,0,0,0,0,0,0,0,0,0,0,0,0,1,0,0,0,1,0,1,1,1,1,0,1,1,1,1
2026-09-26T22:30:00Z,2026-09-26T23:00:00Z,30,,,,0,1,,,,0,1,4385.0,2026-09-24T01:50:10Z,4119.833333333333,1,1,557.0,2026-09-24T01:50:10Z,4119.833333333333,1,1,3828.0,2026-09-24T01:50:10Z,4119.833333333333,1,1,,,,0,1,,,,0,1,,,,0,1,,,,0,1,,,,0,1,,,,0,1,,,,0,1,,,,0,1,,,,0,1,,,,0,1,,,,0,1,,,,0,1,,,,0,1,,,,0,1,,,,0,1,4161.0995,2026-09-24T00:13:43Z,4216.283333333334,1,1,4161.0995,2026-09-24T00:13:40Z,4216.333333333333,1,1,836.0515,2026-09-24T00:13:40Z,4216.333333333333,1,1,3325.048,2026-09-24T00:13:40Z,4216.333333333333,1,1,3245.221,2026-09-24T01:00:36Z,,4169.4,1,1,-17.557,2026-09-24T01:47:45Z,2026-09-24T01:30:00Z,4122.25,1,1,97.77,2026-09-24T01:47:45Z,2026-09-24T01:30:00Z,4122.25,1,1,9799.771,2026-09-24T01:47:45Z,2026-09-24T01:30:00Z,4122.25,1,1,4254.922,2026-09-24T01:47:45Z,2026-09-24T01:30:00Z,4122.25,1,1,353.766,2026-09-24T01:47:45Z,2026-09-24T01:30:00Z,4122.25,1,1,-37.505,2026-09-24T01:30:05Z,2026-09-24T01:00:00Z,4139.916666666667,1,1,105.91,2026-09-24T01:30:05Z,2026-09-24T01:00:00Z,4139.916666666667,1,1,0.024,2026-09-24T01:00:37Z,,4169.383333333333,1,1,0.0,2026-09-24T01:00:37Z,,4169.383333333333,1,1,3437.2105,254.74650000000003,204.605,372.545,2026-08-31T23:00:00Z,37410.0,1,,,,,3901.1559999999995,,,,,1,1,1,1,1,1,0,0,0,0,0,0,0,0,0,1,1,1,1,1,1,1,1,1,1,1,1,1,1,1,1,1,1,1,1,1,1,1,1,1,1,1,1,1,1,1,1,1,1,1,1,1,1,1,1,1,1,1,1,1,0,0,0,0,0,0,0,0,0,0,0,0,0,0,1,0,0,0,0,0,0,0,0,0,0,0,0,0,0,0,0,0,0,0,0,0,0,0,0,0,0,0,0,0,0,0,1,0,0,0,1,0,1,1,1,1,0,1,1,1,1
2026-09-26T22:30:00Z,2026-09-26T23:30:00Z,60,,,,0,1,,,,0,1,4487.0,2026-09-24T01:50:10Z,4119.833333333333,1,1,538.0,2026-09-24T01:50:10Z,4119.833333333333,1,1,3949.0,2026-09-24T01:50:10Z,4119.833333333333,1,1,,,,0,1,,,,0,1,,,,0,1,,,,0,1,,,,0,1,,,,0,1,,,,0,1,,,,0,1,,,,0,1,,,,0,1,,,,0,1,,,,0,1,,,,0,1,,,,0,1,,,,0,1,4206.325,2026-09-24T00:13:43Z,4216.283333333334,1,1,4206.325,2026-09-24T00:13:40Z,4216.333333333333,1,1,847.0885000000001,2026-09-24T00:13:40Z,4216.333333333333,1,1,3359.2365,2026-09-24T00:13:40Z,4216.333333333333,1,1,3245.221,2026-09-24T01:00:36Z,,4169.4,1,1,-17.557,2026-09-24T01:47:45Z,2026-09-24T01:30:00Z,4122.25,1,1,97.77,2026-09-24T01:47:45Z,2026-09-24T01:30:00Z,4122.25,1,1,9799.771,2026-09-24T01:47:45Z,2026-09-24T01:30:00Z,4122.25,1,1,4254.922,2026-09-24T01:47:45Z,2026-09-24T01:30:00Z,4122.25,1,1,353.766,2026-09-24T01:47:45Z,2026-09-24T01:30:00Z,4122.25,1,1,-37.505,2026-09-24T01:30:05Z,2026-09-24T01:00:00Z,4139.916666666667,1,1,105.91,2026-09-24T01:30:05Z,2026-09-24T01:00:00Z,4139.916666666667,1,1,0.024,2026-09-24T01:00:37Z,,4169.383333333333,1,1,0.0,2026-09-24T01:00:37Z,,4169.383333333333,1,1,3437.2105,254.74650000000003,204.605,372.545,2026-08-31T23:00:00Z,37410.0,1,,,,,3901.1559999999995,,,,,1,1,1,1,1,1,0,0,0,0,0,0,0,0,0,1,1,1,1,1,1,1,1,1,1,1,1,1,1,1,1,1,1,1,1,1,1,1,1,1,1,1,1,1,1,1,1,1,1,1,1,1,1,1,1,1,1,1,1,1,0,0,0,0,0,0,0,0,0,0,0,0,0,0,1,0,0,0,0,0,0,0,0,0,0,0,0,0,0,0,0,0,0,0,0,0,0,0,0,0,0,0,0,0,0,0,1,0,0,0,1,0,1,1,1,1,0,1,1,1,1
2026-09-26T23:00:00Z,2026-09-26T23:30:00Z,30,,,,0,1,,,,0,1,4487.0,2026-09-24T01:50:10Z,4149.833333333333,1,1,538.0,2026-09-24T01:50:10Z,4149.833333333333,1,1,3949.0,2026-09-24T01:50:10Z,4149.833333333333,1,1,,,,0,1,,,,0,1,,,,0,1,,,,0,1,,,,0,1,,,,0,1,,,,0,1,,,,0,1,,,,0,1,,,,0,1,,,,0,1,,,,0,1,,,,0,1,,,,0,1,,,,0,1,4206.325,2026-09-24T00:13:43Z,4246.283333333334,1,1,4206.325,2026-09-24T00:13:40Z,4246.333333333333,1,1,847.0885000000001,2026-09-24T00:13:40Z,4246.333333333333,1,1,3359.2365,2026-09-24T00:13:40Z,4246.333333333333,1,1,3245.221,2026-09-24T01:00:36Z,,4199.4,1,1,-17.557,2026-09-24T01:47:45Z,2026-09-24T01:30:00Z,4152.25,1,1,97.77,2026-09-24T01:47:45Z,2026-09-24T01:30:00Z,4152.25,1,1,9799.771,2026-09-24T01:47:45Z,2026-09-24T01:30:00Z,4152.25,1,1,4254.922,2026-09-24T01:47:45Z,2026-09-24T01:30:00Z,4152.25,1,1,353.766,2026-09-24T01:47:45Z,2026-09-24T01:30:00Z,4152.25,1,1,-37.505,2026-09-24T01:30:05Z,2026-09-24T01:00:00Z,4169.916666666667,1,1,105.91,2026-09-24T01:30:05Z,2026-09-24T01:00:00Z,4169.916666666667,1,1,0.024,2026-09-24T01:00:37Z,,4199.383333333333,1,1,0.0,2026-09-24T01:00:37Z,,4199.383333333333,1,1,3437.2105,254.74650000000003,204.605,372.545,2026-08-31T23:00:00Z,37440.0,1,,,,,3901.1559999999995,,,,,1,1,1,1,1,1,0,0,0,0,0,0,0,0,0,1,1,1,1,1,1,1,1,1,1,1,1,1,1,1,1,1,1,1,1,1,1,1,1,1,1,1,1,1,1,1,1,1,1,1,1,1,1,1,1,1,1,1,1,1,0,0,0,0,0,0,0,0,0,0,0,0,0,0,1,0,0,0,0,0,0,0,0,0,0,0,0,0,0,0,0,0,0,0,0,0,0,0,0,0,0,0,0,0,0,0,1,0,0,0,1,0,1,1,1,1,0,1,1,1,1
2026-09-26T23:00:00Z,2026-09-27T00:00:00Z,60,,,,0,1,,,,0,1,4403.0,2026-09-24T01:50:10Z,4149.833333333333,1,1,536.0,2026-09-24T01:50:10Z,4149.833333333333,1,1,3867.0,2026-09-24T01:50:10Z,4149.833333333333,1,1,,,,0,1,,,,0,1,,,,0,1,,,,0,1,,,,0,1,,,,0,1,,,,0,1,,,,0,1,,,,0,1,,,,0,1,,,,0,1,,,,0,1,,,,0,1,,,,0,1,,,,0,1,4252.218,2026-09-24T00:13:43Z,4246.283333333334,1,1,4252.218,2026-09-24T00:13:40Z,4246.333333333333,1,1,857.6949999999999,2026-09-24T00:13:40Z,4246.333333333333,1,1,3394.523,2026-09-24T00:13:40Z,4246.333333333333,1,1,3245.221,2026-09-24T01:00:36Z,,4199.4,1,1,-17.557,2026-09-24T01:47:45Z,2026-09-24T01:30:00Z,4152.25,1,1,97.77,2026-09-24T01:47:45Z,2026-09-24T01:30:00Z,4152.25,1,1,9799.771,2026-09-24T01:47:45Z,2026-09-24T01:30:00Z,4152.25,1,1,4254.922,2026-09-24T01:47:45Z,2026-09-24T01:30:00Z,4152.25,1,1,353.766,2026-09-24T01:47:45Z,2026-09-24T01:30:00Z,4152.25,1,1,-37.505,2026-09-24T01:30:05Z,2026-09-24T01:00:00Z,4169.916666666667,1,1,105.91,2026-09-24T01:30:05Z,2026-09-24T01:00:00Z,4169.916666666667,1,1,0.024,2026-09-24T01:00:37Z,,4199.383333333333,1,1,0.0,2026-09-24T01:00:37Z,,4199.383333333333,1,1,3437.2105,254.74650000000003,204.605,372.545,2026-08-31T23:00:00Z,37440.0,1,,,,,3901.1559999999995,,,,,1,1,1,1,1,1,0,0,0,0,0,0,0,0,0,1,1,1,1,1,1,1,1,1,1,1,1,1,1,1,1,1,1,1,1,1,1,1,1,1,1,1,1,1,1,1,1,1,1,1,1,1,1,1,1,1,1,1,1,1,0,0,0,0,0,0,0,0,0,0,0,0,0,0,1,0,0,0,0,0,0,0,0,0,0,0,0,0,0,0,0,0,0,0,0,0,0,0,0,0,0,0,0,0,0,0,1,0,0,0,1,0,1,1,1,1,0,1,1,1,1
2026-09-26T23:30:00Z,2026-09-27T00:00:00Z,30,,,,0,1,,,,0,1,4403.0,2026-09-24T01:50:10Z,4179.833333333333,1,1,536.0,2026-09-24T01:50:10Z,4179.833333333333,1,1,3867.0,2026-09-24T01:50:10Z,4179.833333333333,1,1,,,,0,1,,,,0,1,,,,0,1,,,,0,1,,,,0,1,,,,0,1,,,,0,1,,,,0,1,,,,0,1,,,,0,1,,,,0,1,,,,0,1,,,,0,1,,,,0,1,,,,0,1,4252.218,2026-09-24T00:13:43Z,4276.283333333334,1,1,4252.218,2026-09-24T00:13:40Z,4276.333333333333,1,1,857.6949999999999,2026-09-24T00:13:40Z,4276.333333333333,1,1,3394.523,2026-09-24T00:13:40Z,4276.333333333333,1,1,3245.221,2026-09-24T01:00:36Z,,4229.4,1,1,-17.557,2026-09-24T01:47:45Z,2026-09-24T01:30:00Z,4182.25,1,1,97.77,2026-09-24T01:47:45Z,2026-09-24T01:30:00Z,4182.25,1,1,9799.771,2026-09-24T01:47:45Z,2026-09-24T01:30:00Z,4182.25,1,1,4254.922,2026-09-24T01:47:45Z,2026-09-24T01:30:00Z,4182.25,1,1,353.766,2026-09-24T01:47:45Z,2026-09-24T01:30:00Z,4182.25,1,1,-37.505,2026-09-24T01:30:05Z,2026-09-24T01:00:00Z,4199.916666666667,1,1,105.91,2026-09-24T01:30:05Z,2026-09-24T01:00:00Z,4199.916666666667,1,1,0.024,2026-09-24T01:00:37Z,,4229.383333333333,1,1,0.0,2026-09-24T01:00:37Z,,4229.383333333333,1,1,3437.2105,254.74650000000003,204.605,372.545,2026-08-31T23:00:00Z,37470.0,1,,,,,3901.1559999999995,,,,,1,1,1,1,1,1,0,0,0,0,0,0,0,0,0,1,1,1,1,1,1,1,1,1,1,1,1,1,1,1,1,1,1,1,1,1,1,1,1,1,1,1,1,1,1,1,1,1,1,1,1,1,1,1,1,1,1,1,1,1,0,0,0,0,0,0,0,0,0,0,0,0,0,0,1,0,0,0,0,0,0,0,0,0,0,0,0,0,0,0,0,0,0,0,0,0,0,0,0,0,0,0,0,0,0,0,1,0,0,0,1,0,1,1,1,1,0,1,1,1,1
2026-09-26T23:30:00Z,2026-09-27T00:30:00Z,60,,,,0,1,,,,0,1,4299.0,2026-09-24T01:50:10Z,4179.833333333333,1,1,518.0,2026-09-24T01:50:10Z,4179.833333333333,1,1,3781.0,2026-09-24T01:50:10Z,4179.833333333333,1,1,,,,0,1,,,,0,1,,,,0,1,,,,0,1,,,,0,1,,,,0,1,,,,0,1,,,,0,1,,,,0,1,,,,0,1,,,,0,1,,,,0,1,,,,0,1,,,,0,1,,,,0,1,4300.1044999999995,2026-09-24T00:13:43Z,4276.283333333334,1,1,4300.1044999999995,2026-09-24T00:13:40Z,4276.333333333333,1,1,866.9995,2026-09-24T00:13:40Z,4276.333333333333,1,1,3433.105,2026-09-24T00:13:40Z,4276.333333333333,1,1,3245.221,2026-09-24T01:00:36Z,,4229.4,1,1,-17.557,2026-09-24T01:47:45Z,2026-09-24T01:30:00Z,4182.25,1,1,97.77,2026-09-24T01:47:45Z,2026-09-24T01:30:00Z,4182.25,1,1,9799.771,2026-09-24T01:47:45Z,2026-09-24T01:30:00Z,4182.25,1,1,4254.922,2026-09-24T01:47:45Z,2026-09-24T01:30:00Z,4182.25,1,1,353.766,2026-09-24T01:47:45Z,2026-09-24T01:30:00Z,4182.25,1,1,-37.505,2026-09-24T01:30:05Z,2026-09-24T01:00:00Z,4199.916666666667,1,1,105.91,2026-09-24T01:30:05Z,2026-09-24T01:00:00Z,4199.916666666667,1,1,0.024,2026-09-24T01:00:37Z,,4229.383333333333,1,1,0.0,2026-09-24T01:00:37Z,,4229.383333333333,1,1,3437.2105,254.74650000000003,204.605,372.545,2026-08-31T23:00:00Z,37470.0,1,,,,,3901.1559999999995,,,,,1,1,1,1,1,1,0,0,0,0,0,0,0,0,0,1,1,1,1,1,1,1,1,1,1,1,1,1,1,1,1,1,1,1,1,1,1,1,1,1,1,1,1,1,1,1,1,1,1,1,1,1,1,1,1,1,1,1,1,1,0,0,0,0,0,0,0,0,0,0,0,0,0,0,1,0,0,0,0,0,0,0,0,0,0,0,0,0,0,0,0,0,0,0,0,0,0,0,0,0,0,0,0,0,0,0,1,0,0,0,1,0,1,1,1,1,0,1,1,1,1
2026-09-27T00:00:00Z,2026-09-27T00:30:00Z,30,,,,0,1,,,,0,1,4299.0,2026-09-24T01:50:10Z,4209.833333333333,1,1,518.0,2026-09-24T01:50:10Z,4209.833333333333,1,1,3781.0,2026-09-24T01:50:10Z,4209.833333333333,1,1,,,,0,1,,,,0,1,,,,0,1,,,,0,1,,,,0,1,,,,0,1,,,,0,1,,,,0,1,,,,0,1,,,,0,1,,,,0,1,,,,0,1,,,,0,1,,,,0,1,,,,0,1,4300.1044999999995,2026-09-24T00:13:43Z,4306.283333333334,1,1,4300.1044999999995,2026-09-24T00:13:40Z,4306.333333333333,1,1,866.9995,2026-09-24T00:13:40Z,4306.333333333333,1,1,3433.105,2026-09-24T00:13:40Z,4306.333333333333,1,1,3245.221,2026-09-24T01:00:36Z,,4259.4,1,1,-17.557,2026-09-24T01:47:45Z,2026-09-24T01:30:00Z,4212.25,1,1,97.77,2026-09-24T01:47:45Z,2026-09-24T01:30:00Z,4212.25,1,1,9799.771,2026-09-24T01:47:45Z,2026-09-24T01:30:00Z,4212.25,1,1,4254.922,2026-09-24T01:47:45Z,2026-09-24T01:30:00Z,4212.25,1,1,353.766,2026-09-24T01:47:45Z,2026-09-24T01:30:00Z,4212.25,1,1,-37.505,2026-09-24T01:30:05Z,2026-09-24T01:00:00Z,4229.916666666667,1,1,105.91,2026-09-24T01:30:05Z,2026-09-24T01:00:00Z,4229.916666666667,1,1,0.024,2026-09-24T01:00:37Z,,4259.383333333333,1,1,0.0,2026-09-24T01:00:37Z,,4259.383333333333,1,1,3437.2105,254.74650000000003,204.605,372.545,2026-08-31T23:00:00Z,37500.0,1,,,,,3901.1559999999995,,,,,1,1,1,1,1,1,0,0,0,0,0,0,0,0,0,1,1,1,1,1,1,1,1,1,1,1,1,1,1,1,1,1,1,1,1,1,1,1,1,1,1,1,1,1,1,1,1,1,1,1,1,1,1,1,1,1,1,1,1,1,0,0,0,0,0,0,0,0,0,0,0,0,0,0,1,0,0,0,0,0,0,0,0,0,0,0,0,0,0,0,0,0,0,0,0,0,0,0,0,0,0,0,0,0,0,0,1,0,0,0,1,0,1,1,1,1,0,1,1,1,1
2026-09-27T00:00:00Z,2026-09-27T01:00:00Z,60,,,,0,1,,,,0,1,4265.0,2026-09-24T01:50:10Z,4209.833333333333,1,1,529.0,2026-09-24T01:50:10Z,4209.833333333333,1,1,3736.0,2026-09-24T01:50:10Z,4209.833333333333,1,1,,,,0,1,,,,0,1,,,,0,1,,,,0,1,,,,0,1,,,,0,1,,,,0,1,,,,0,1,,,,0,1,,,,0,1,,,,0,1,,,,0,1,,,,0,1,,,,0,1,,,,0,1,4346.0115000000005,2026-09-24T00:13:43Z,4306.283333333334,1,1,4346.0115000000005,2026-09-24T00:13:40Z,4306.333333333333,1,1,876.403,2026-09-24T00:13:40Z,4306.333333333333,1,1,3469.6085000000003,2026-09-24T00:13:40Z,4306.333333333333,1,1,3245.221,2026-09-24T01:00:36Z,,4259.4,1,1,-17.557,2026-09-24T01:47:45Z,2026-09-24T01:30:00Z,4212.25,1,1,97.77,2026-09-24T01:47:45Z,2026-09-24T01:30:00Z,4212.25,1,1,9799.771,2026-09-24T01:47:45Z,2026-09-24T01:30:00Z,4212.25,1,1,4254.922,2026-09-24T01:47:45Z,2026-09-24T01:30:00Z,4212.25,1,1,353.766,2026-09-24T01:47:45Z,2026-09-24T01:30:00Z,4212.25,1,1,-37.505,2026-09-24T01:30:05Z,2026-09-24T01:00:00Z,4229.916666666667,1,1,105.91,2026-09-24T01:30:05Z,2026-09-24T01:00:00Z,4229.916666666667,1,1,0.024,2026-09-24T01:00:37Z,,4259.383333333333,1,1,0.0,2026-09-24T01:00:37Z,,4259.383333333333,1,1,3437.2105,254.74650000000003,204.605,372.545,2026-08-31T23:00:00Z,37500.0,1,,,,,3901.1559999999995,,,,,1,1,1,1,1,1,0,0,0,0,0,0,0,0,0,1,1,1,1,1,1,1,1,1,1,1,1,1,1,1,1,1,1,1,1,1,1,1,1,1,1,1,1,1,1,1,1,1,1,1,1,1,1,1,1,1,1,1,1,1,0,0,0,0,0,0,0,0,0,0,0,0,0,0,1,0,0,0,0,0,0,0,0,0,0,0,0,0,0,0,0,0,0,0,0,0,0,0,0,0,0,0,0,0,0,0,1,0,0,0,1,0,1,1,1,1,0,1,1,1,1
2026-09-27T00:30:00Z,2026-09-27T01:00:00Z,30,,,,0,1,,,,0,1,4265.0,2026-09-24T01:50:10Z,4239.833333333333,1,1,529.0,2026-09-24T01:50:10Z,4239.833333333333,1,1,3736.0,2026-09-24T01:50:10Z,4239.833333333333,1,1,,,,0,1,,,,0,1,,,,0,1,,,,0,1,,,,0,1,,,,0,1,,,,0,1,,,,0,1,,,,0,1,,,,0,1,,,,0,1,,,,0,1,,,,0,1,,,,0,1,,,,0,1,4346.0115000000005,2026-09-24T00:13:43Z,4336.283333333334,1,1,4346.0115000000005,2026-09-24T00:13:40Z,4336.333333333333,1,1,876.403,2026-09-24T00:13:40Z,4336.333333333333,1,1,3469.6085000000003,2026-09-24T00:13:40Z,4336.333333333333,1,1,3245.221,2026-09-24T01:00:36Z,,4289.4,1,1,-17.557,2026-09-24T01:47:45Z,2026-09-24T01:30:00Z,4242.25,1,1,97.77,2026-09-24T01:47:45Z,2026-09-24T01:30:00Z,4242.25,1,1,9799.771,2026-09-24T01:47:45Z,2026-09-24T01:30:00Z,4242.25,1,1,4254.922,2026-09-24T01:47:45Z,2026-09-24T01:30:00Z,4242.25,1,1,353.766,2026-09-24T01:47:45Z,2026-09-24T01:30:00Z,4242.25,1,1,-37.505,2026-09-24T01:30:05Z,2026-09-24T01:00:00Z,4259.916666666667,1,1,105.91,2026-09-24T01:30:05Z,2026-09-24T01:00:00Z,4259.916666666667,1,1,0.024,2026-09-24T01:00:37Z,,4289.383333333333,1,1,0.0,2026-09-24T01:00:37Z,,4289.383333333333,1,1,3437.2105,254.74650000000003,204.605,372.545,2026-08-31T23:00:00Z,37530.0,1,,,,,3901.1559999999995,,,,,1,1,1,1,1,1,0,0,0,0,0,0,0,0,0,1,1,1,1,1,1,1,1,1,1,1,1,1,1,1,1,1,1,1,1,1,1,1,1,1,1,1,1,1,1,1,1,1,1,1,1,1,1,1,1,1,1,1,1,1,0,0,0,0,0,0,0,0,0,0,0,0,0,0,1,0,0,0,0,0,0,0,0,0,0,0,0,0,0,0,0,0,0,0,0,0,0,0,0,0,0,0,0,0,0,0,1,0,0,0,1,0,1,1,1,1,0,1,1,1,1
2026-09-27T00:30:00Z,2026-09-27T01:30:00Z,60,,,,0,1,,,,0,1,4312.0,2026-09-24T01:50:10Z,4239.833333333333,1,1,554.0,2026-09-24T01:50:10Z,4239.833333333333,1,1,3758.0,2026-09-24T01:50:10Z,4239.833333333333,1,1,,,,0,1,,,,0,1,,,,0,1,,,,0,1,,,,0,1,,,,0,1,,,,0,1,,,,0,1,,,,0,1,,,,0,1,,,,0,1,,,,0,1,,,,0,1,,,,0,1,,,,0,1,4385.995,2026-09-24T00:13:43Z,4336.283333333334,1,1,4385.995,2026-09-24T00:13:40Z,4336.333333333333,1,1,886.1030000000001,2026-09-24T00:13:40Z,4336.333333333333,1,1,3499.892,2026-09-24T00:13:40Z,4336.333333333333,1,1,3245.221,2026-09-24T01:00:36Z,,4289.4,1,1,-17.557,2026-09-24T01:47:45Z,2026-09-24T01:30:00Z,4242.25,1,1,97.77,2026-09-24T01:47:45Z,2026-09-24T01:30:00Z,4242.25,1,1,9799.771,2026-09-24T01:47:45Z,2026-09-24T01:30:00Z,4242.25,1,1,4254.922,2026-09-24T01:47:45Z,2026-09-24T01:30:00Z,4242.25,1,1,353.766,2026-09-24T01:47:45Z,2026-09-24T01:30:00Z,4242.25,1,1,-37.505,2026-09-24T01:30:05Z,2026-09-24T01:00:00Z,4259.916666666667,1,1,105.91,2026-09-24T01:30:05Z,2026-09-24T01:00:00Z,4259.916666666667,1,1,0.024,2026-09-24T01:00:37Z,,4289.383333333333,1,1,0.0,2026-09-24T01:00:37Z,,4289.383333333333,1,1,3437.2105,254.74650000000003,204.605,372.545,2026-08-31T23:00:00Z,37530.0,1,,,,,3901.1559999999995,,,,,1,1,1,1,1,1,0,0,0,0,0,0,0,0,0,1,1,1,1,1,1,1,1,1,1,1,1,1,1,1,1,1,1,1,1,1,1,1,1,1,1,1,1,1,1,1,1,1,1,1,1,1,1,1,1,1,1,1,1,1,0,0,0,0,0,0,0,0,0,0,0,0,0,0,1,0,0,0,0,0,0,0,0,0,0,0,0,0,0,0,0,0,0,0,0,0,0,0,0,0,0,0,0,0,0,0,1,0,0,0,1,0,1,1,1,1,0,1,1,1,1
2026-09-27T01:00:00Z,2026-09-27T01:30:00Z,30,,,,0,1,,,,0,1,4312.0,2026-09-24T01:50:10Z,4269.833333333333,1,1,554.0,2026-09-24T01:50:10Z,4269.833333333333,1,1,3758.0,2026-09-24T01:50:10Z,4269.833333333333,1,1,,,,0,1,,,,0,1,,,,0,1,,,,0,1,,,,0,1,,,,0,1,,,,0,1,,,,0,1,,,,0,1,,,,0,1,,,,0,1,,,,0,1,,,,0,1,,,,0,1,,,,0,1,4385.995,2026-09-24T00:13:43Z,4366.283333333334,1,1,4385.995,2026-09-24T00:13:40Z,4366.333333333333,1,1,886.1030000000001,2026-09-24T00:13:40Z,4366.333333333333,1,1,3499.892,2026-09-24T00:13:40Z,4366.333333333333,1,1,3245.221,2026-09-24T01:00:36Z,,4319.4,1,1,-17.557,2026-09-24T01:47:45Z,2026-09-24T01:30:00Z,4272.25,1,1,97.77,2026-09-24T01:47:45Z,2026-09-24T01:30:00Z,4272.25,1,1,9799.771,2026-09-24T01:47:45Z,2026-09-24T01:30:00Z,4272.25,1,1,4254.922,2026-09-24T01:47:45Z,2026-09-24T01:30:00Z,4272.25,1,1,353.766,2026-09-24T01:47:45Z,2026-09-24T01:30:00Z,4272.25,1,1,-37.505,2026-09-24T01:30:05Z,2026-09-24T01:00:00Z,4289.916666666667,1,1,105.91,2026-09-24T01:30:05Z,2026-09-24T01:00:00Z,4289.916666666667,1,1,0.024,2026-09-24T01:00:37Z,,4319.383333333333,1,1,0.0,2026-09-24T01:00:37Z,,4319.383333333333,1,1,3437.2105,254.74650000000003,204.605,372.545,2026-08-31T23:00:00Z,37560.0,1,,,,,3901.1559999999995,,,,,1,1,1,1,1,1,0,0,0,0,0,0,0,0,0,1,1,1,1,1,1,1,1,1,1,1,1,1,1,1,1,1,1,1,1,1,1,1,1,1,1,1,1,1,1,1,1,1,1,1,1,1,1,1,1,1,1,1,1,1,0,0,0,0,0,0,0,0,0,0,0,0,0,0,1,0,0,0,0,0,0,0,0,0,0,0,0,0,0,0,0,0,0,0,0,0,0,0,0,0,0,0,0,0,0,0,1,0,0,0,1,0,1,1,1,1,0,1,1,1,1
2026-09-27T01:00:00Z,2026-09-27T02:00:00Z,60,,,,0,1,,,,0,1,4061.0,2026-09-24T01:50:10Z,4269.833333333333,1,1,533.0,2026-09-24T01:50:10Z,4269.833333333333,1,1,3528.0,2026-09-24T01:50:10Z,4269.833333333333,1,1,,,,0,1,,,,0,1,,,,0,1,,,,0,1,,,,0,1,,,,0,1,,,,0,1,,,,0,1,,,,0,1,,,,0,1,,,,0,1,,,,0,1,,,,0,1,,,,0,1,,,,0,1,4425.258,2026-09-24T00:13:43Z,4366.283333333334,1,1,4425.258,2026-09-24T00:13:40Z,4366.333333333333,1,1,895.427,2026-09-24T00:13:40Z,4366.333333333333,1,1,3529.831,2026-09-24T00:13:40Z,4366.333333333333,1,1,3245.221,2026-09-24T01:00:36Z,,4319.4,1,1,-17.557,2026-09-24T01:47:45Z,2026-09-24T01:30:00Z,4272.25,1,1,97.77,2026-09-24T01:47:45Z,2026-09-24T01:30:00Z,4272.25,1,1,9799.771,2026-09-24T01:47:45Z,2026-09-24T01:30:00Z,4272.25,1,1,4254.922,2026-09-24T01:47:45Z,2026-09-24T01:30:00Z,4272.25,1,1,353.766,2026-09-24T01:47:45Z,2026-09-24T01:30:00Z,4272.25,1,1,-37.505,2026-09-24T01:30:05Z,2026-09-24T01:00:00Z,4289.916666666667,1,1,105.91,2026-09-24T01:30:05Z,2026-09-24T01:00:00Z,4289.916666666667,1,1,0.024,2026-09-24T01:00:37Z,,4319.383333333333,1,1,0.0,2026-09-24T01:00:37Z,,4319.383333333333,1,1,3437.2105,254.74650000000003,204.605,372.545,2026-08-31T23:00:00Z,37560.0,1,,,,,3901.1559999999995,,,,,1,1,1,1,1,1,0,0,0,0,0,0,0,0,0,1,1,1,1,1,1,1,1,1,1,1,1,1,1,1,1,1,1,1,1,1,1,1,1,1,1,1,1,1,1,1,1,1,1,1,1,1,1,1,1,1,1,1,1,1,0,0,0,0,0,0,0,0,0,0,0,0,0,0,1,0,0,0,0,0,0,0,0,0,0,0,0,0,0,0,0,0,0,0,0,0,0,0,0,0,0,0,0,0,0,0,1,0,0,0,1,0,1,1,1,1,0,1,1,1,1
2026-09-27T01:30:00Z,2026-09-27T02:00:00Z,30,,,,0,1,,,,0,1,4061.0,2026-09-24T01:50:10Z,4299.833333333333,1,1,533.0,2026-09-24T01:50:10Z,4299.833333333333,1,1,3528.0,2026-09-24T01:50:10Z,4299.833333333333,1,1,,,,0,1,,,,0,1,,,,0,1,,,,0,1,,,,0,1,,,,0,1,,,,0,1,,,,0,1,,,,0,1,,,,0,1,,,,0,1,,,,0,1,,,,0,1,,,,0,1,,,,0,1,4425.258,2026-09-24T00:13:43Z,4396.283333333334,1,1,4425.258,2026-09-24T00:13:40Z,4396.333333333333,1,1,895.427,2026-09-24T00:13:40Z,4396.333333333333,1,1,3529.831,2026-09-24T00:13:40Z,4396.333333333333,1,1,3245.221,2026-09-24T01:00:36Z,,4349.4,1,1,-17.557,2026-09-24T01:47:45Z,2026-09-24T01:30:00Z,4302.25,1,1,97.77,2026-09-24T01:47:45Z,2026-09-24T01:30:00Z,4302.25,1,1,9799.771,2026-09-24T01:47:45Z,2026-09-24T01:30:00Z,4302.25,1,1,4254.922,2026-09-24T01:47:45Z,2026-09-24T01:30:00Z,4302.25,1,1,353.766,2026-09-24T01:47:45Z,2026-09-24T01:30:00Z,4302.25,1,1,-37.505,2026-09-24T01:30:05Z,2026-09-24T01:00:00Z,4319.916666666667,1,1,105.91,2026-09-24T01:30:05Z,2026-09-24T01:00:00Z,4319.916666666667,1,1,0.024,2026-09-24T01:00:37Z,,4349.383333333333,1,1,0.0,2026-09-24T01:00:37Z,,4349.383333333333,1,1,3437.2105,254.74650000000003,204.605,372.545,2026-08-31T23:00:00Z,37590.0,1,,,,,3901.1559999999995,,,,,1,1,1,1,1,1,0,0,0,0,0,0,0,0,0,1,1,1,1,1,1,1,1,1,1,1,1,1,1,1,1,1,1,1,1,1,1,1,1,1,1,1,1,1,1,1,1,1,1,1,1,1,1,1,1,1,1,1,1,1,0,0,0,0,0,0,0,0,0,0,0,0,0,0,1,0,0,0,0,0,0,0,0,0,0,0,0,0,0,0,0,0,0,0,0,0,0,0,0,0,0,0,0,0,0,0,1,0,0,0,1,0,1,1,1,1,0,1,1,1,1
2026-09-27T01:30:00Z,2026-09-27T02:30:00Z,60,,,,0,1,,,,0,1,4160.0,2026-09-24T01:50:10Z,4299.833333333333,1,1,521.0,2026-09-24T01:50:10Z,4299.833333333333,1,1,3639.0,2026-09-24T01:50:10Z,4299.833333333333,1,1,,,,0,1,,,,0,1,,,,0,1,,,,0,1,,,,0,1,,,,0,1,,,,0,1,,,,0,1,,,,0,1,,,,0,1,,,,0,1,,,,0,1,,,,0,1,,,,0,1,,,,0,1,4462.3330000000005,2026-09-24T00:13:43Z,4396.283333333334,1,1,4462.3330000000005,2026-09-24T00:13:40Z,4396.333333333333,1,1,903.6310000000001,2026-09-24T00:13:40Z,4396.333333333333,1,1,3558.702,2026-09-24T00:13:40Z,4396.333333333333,1,1,3245.221,2026-09-24T01:00:36Z,,4349.4,1,1,-17.557,2026-09-24T01:47:45Z,2026-09-24T01:30:00Z,4302.25,1,1,97.77,2026-09-24T01:47:45Z,2026-09-24T01:30:00Z,4302.25,1,1,9799.771,2026-09-24T01:47:45Z,2026-09-24T01:30:00Z,4302.25,1,1,4254.922,2026-09-24T01:47:45Z,2026-09-24T01:30:00Z,4302.25,1,1,353.766,2026-09-24T01:47:45Z,2026-09-24T01:30:00Z,4302.25,1,1,-37.505,2026-09-24T01:30:05Z,2026-09-24T01:00:00Z,4319.916666666667,1,1,105.91,2026-09-24T01:30:05Z,2026-09-24T01:00:00Z,4319.916666666667,1,1,0.024,2026-09-24T01:00:37Z,,4349.383333333333,1,1,0.0,2026-09-24T01:00:37Z,,4349.383333333333,1,1,3437.2105,254.74650000000003,204.605,372.545,2026-08-31T23:00:00Z,37590.0,1,,,,,3901.1559999999995,,,,,1,1,1,1,1,1,0,0,0,0,0,0,0,0,0,1,1,1,1,1,1,1,1,1,1,1,1,1,1,1,1,1,1,1,1,1,1,1,1,1,1,1,1,1,1,1,1,1,1,1,1,1,1,1,1,1,1,1,1,1,0,0,0,0,0,0,0,0,0,0,0,0,0,0,1,0,0,0,0,0,0,0,0,0,0,0,0,0,0,0,0,0,0,0,0,0,0,0,0,0,0,0,0,0,0,0,1,0,0,0,1,0,1,1,1,1,0,1,1,1,1
2026-09-27T02:00:00Z,2026-09-27T02:30:00Z,30,,,,0,1,,,,0,1,4160.0,2026-09-24T01:50:10Z,4329.833333333333,1,1,521.0,2026-09-24T01:50:10Z,4329.833333333333,1,1,3639.0,2026-09-24T01:50:10Z,4329.833333333333,1,1,,,,0,1,,,,0,1,,,,0,1,,,,0,1,,,,0,1,,,,0,1,,,,0,1,,,,0,1,,,,0,1,,,,0,1,,,,0,1,,,,0,1,,,,0,1,,,,0,1,,,,0,1,4462.3330000000005,2026-09-24T00:13:43Z,4426.283333333334,1,1,4462.3330000000005,2026-09-24T00:13:40Z,4426.333333333333,1,1,903.6310000000001,2026-09-24T00:13:40Z,4426.333333333333,1,1,3558.702,2026-09-24T00:13:40Z,4426.333333333333,1,1,3245.221,2026-09-24T01:00:36Z,,4379.4,1,1,-17.557,2026-09-24T01:47:45Z,2026-09-24T01:30:00Z,4332.25,1,1,97.77,2026-09-24T01:47:45Z,2026-09-24T01:30:00Z,4332.25,1,1,9799.771,2026-09-24T01:47:45Z,2026-09-24T01:30:00Z,4332.25,1,1,4254.922,2026-09-24T01:47:45Z,2026-09-24T01:30:00Z,4332.25,1,1,353.766,2026-09-24T01:47:45Z,2026-09-24T01:30:00Z,4332.25,1,1,-37.505,2026-09-24T01:30:05Z,2026-09-24T01:00:00Z,4349.916666666667,1,1,105.91,2026-09-24T01:30:05Z,2026-09-24T01:00:00Z,4349.916666666667,1,1,0.024,2026-09-24T01:00:37Z,,4379.383333333333,1,1,0.0,2026-09-24T01:00:37Z,,4379.383333333333,1,1,3437.2105,254.74650000000003,204.605,372.545,2026-08-31T23:00:00Z,37620.0,1,,,,,3901.1559999999995,,,,,1,1,1,1,1,1,0,0,0,0,0,0,0,0,0,1,1,1,1,1,1,1,1,1,1,1,1,1,1,1,1,1,1,1,1,1,1,1,1,1,1,1,1,1,1,1,1,1,1,1,1,1,1,1,1,1,1,1,1,1,0,0,0,0,0,0,0,0,0,0,0,0,0,0,1,0,0,0,0,0,0,0,0,0,0,0,0,0,0,0,0,0,0,0,0,0,0,0,0,0,0,0,0,0,0,0,1,0,0,0,1,0,1,1,1,1,0,1,1,1,1
2026-09-27T02:00:00Z,2026-09-27T03:00:00Z,60,,,,0,1,,,,0,1,4099.0,2026-09-24T01:50:10Z,4329.833333333333,1,1,503.0,2026-09-24T01:50:10Z,4329.833333333333,1,1,3596.0,2026-09-24T01:50:10Z,4329.833333333333,1,1,,,,0,1,,,,0,1,,,,0,1,,,,0,1,,,,0,1,,,,0,1,,,,0,1,,,,0,1,,,,0,1,,,,0,1,,,,0,1,,,,0,1,,,,0,1,,,,0,1,,,,0,1,4492.362499999999,2026-09-24T00:13:43Z,4426.283333333334,1,1,4492.362499999999,2026-09-24T00:13:40Z,4426.333333333333,1,1,910.6845000000001,2026-09-24T00:13:40Z,4426.333333333333,1,1,3581.678,2026-09-24T00:13:40Z,4426.333333333333,1,1,3245.221,2026-09-24T01:00:36Z,,4379.4,1,1,-17.557,2026-09-24T01:47:45Z,2026-09-24T01:30:00Z,4332.25,1,1,97.77,2026-09-24T01:47:45Z,2026-09-24T01:30:00Z,4332.25,1,1,9799.771,2026-09-24T01:47:45Z,2026-09-24T01:30:00Z,4332.25,1,1,4254.922,2026-09-24T01:47:45Z,2026-09-24T01:30:00Z,4332.25,1,1,353.766,2026-09-24T01:47:45Z,2026-09-24T01:30:00Z,4332.25,1,1,-37.505,2026-09-24T01:30:05Z,2026-09-24T01:00:00Z,4349.916666666667,1,1,105.91,2026-09-24T01:30:05Z,2026-09-24T01:00:00Z,4349.916666666667,1,1,0.024,2026-09-24T01:00:37Z,,4379.383333333333,1,1,0.0,2026-09-24T01:00:37Z,,4379.383333333333,1,1,3437.2105,254.74650000000003,204.605,372.545,2026-08-31T23:00:00Z,37620.0,1,,,,,3901.1559999999995,,,,,1,1,1,1,1,1,0,0,0,0,0,0,0,0,0,1,1,1,1,1,1,1,1,1,1,1,1,1,1,1,1,1,1,1,1,1,1,1,1,1,1,1,1,1,1,1,1,1,1,1,1,1,1,1,1,1,1,1,1,1,0,0,0,0,0,0,0,0,0,0,0,0,0,0,1,0,0,0,0,0,0,0,0,0,0,0,0,0,0,0,0,0,0,0,0,0,0,0,0,0,0,0,0,0,0,0,1,0,0,0,1,0,1,1,1,1,0,1,1,1,1
2026-09-27T02:30:00Z,2026-09-27T03:00:00Z,30,,,,0,1,,,,0,1,4099.0,2026-09-24T01:50:10Z,4359.833333333333,1,1,503.0,2026-09-24T01:50:10Z,4359.833333333333,1,1,3596.0,2026-09-24T01:50:10Z,4359.833333333333,1,1,,,,0,1,,,,0,1,,,,0,1,,,,0,1,,,,0,1,,,,0,1,,,,0,1,,,,0,1,,,,0,1,,,,0,1,,,,0,1,,,,0,1,,,,0,1,,,,0,1,,,,0,1,4492.362499999999,2026-09-24T00:13:43Z,4456.283333333334,1,1,4492.362499999999,2026-09-24T00:13:40Z,4456.333333333333,1,1,910.6845000000001,2026-09-24T00:13:40Z,4456.333333333333,1,1,3581.678,2026-09-24T00:13:40Z,4456.333333333333,1,1,3245.221,2026-09-24T01:00:36Z,,4409.4,1,1,-17.557,2026-09-24T01:47:45Z,2026-09-24T01:30:00Z,4362.25,1,1,97.77,2026-09-24T01:47:45Z,2026-09-24T01:30:00Z,4362.25,1,1,9799.771,2026-09-24T01:47:45Z,2026-09-24T01:30:00Z,4362.25,1,1,4254.922,2026-09-24T01:47:45Z,2026-09-24T01:30:00Z,4362.25,1,1,353.766,2026-09-24T01:47:45Z,2026-09-24T01:30:00Z,4362.25,1,1,-37.505,2026-09-24T01:30:05Z,2026-09-24T01:00:00Z,4379.916666666667,1,1,105.91,2026-09-24T01:30:05Z,2026-09-24T01:00:00Z,4379.916666666667,1,1,0.024,2026-09-24T01:00:37Z,,4409.383333333333,1,1,0.0,2026-09-24T01:00:37Z,,4409.383333333333,1,1,3437.2105,254.74650000000003,204.605,372.545,2026-08-31T23:00:00Z,37650.0,1,,,,,3901.1559999999995,,,,,1,1,1,1,1,1,0,0,0,0,0,0,0,0,0,1,1,1,1,1,1,1,1,1,1,1,1,1,1,1,1,1,1,1,1,1,1,1,1,1,1,1,1,1,1,1,1,1,1,1,1,1,1,1,1,1,1,1,1,1,0,0,0,0,0,0,0,0,0,0,0,0,0,0,1,0,0,0,0,0,0,0,0,0,0,0,0,0,0,0,0,0,0,0,0,0,0,0,0,0,0,0,0,0,0,0,1,0,0,0,1,0,1,1,1,1,0,1,1,1,1
2026-09-27T02:30:00Z,2026-09-27T03:30:00Z,60,,,,0,1,,,,0,1,4033.0,2026-09-24T01:50:10Z,4359.833333333333,1,1,502.0,2026-09-24T01:50:10Z,4359.833333333333,1,1,3531.0,2026-09-24T01:50:10Z,4359.833333333333,1,1,,,,0,1,,,,0,1,,,,0,1,,,,0,1,,,,0,1,,,,0,1,,,,0,1,,,,0,1,,,,0,1,,,,0,1,,,,0,1,,,,0,1,,,,0,1,,,,0,1,,,,0,1,4501.244000000001,2026-09-24T00:13:43Z,4456.283333333334,1,1,4501.244000000001,2026-09-24T00:13:40Z,4456.333333333333,1,1,914.296,2026-09-24T00:13:40Z,4456.333333333333,1,1,3586.9480000000003,2026-09-24T00:13:40Z,4456.333333333333,1,1,3245.221,2026-09-24T01:00:36Z,,4409.4,1,1,-17.557,2026-09-24T01:47:45Z,2026-09-24T01:30:00Z,4362.25,1,1,97.77,2026-09-24T01:47:45Z,2026-09-24T01:30:00Z,4362.25,1,1,9799.771,2026-09-24T01:47:45Z,2026-09-24T01:30:00Z,4362.25,1,1,4254.922,2026-09-24T01:47:45Z,2026-09-24T01:30:00Z,4362.25,1,1,353.766,2026-09-24T01:47:45Z,2026-09-24T01:30:00Z,4362.25,1,1,-37.505,2026-09-24T01:30:05Z,2026-09-24T01:00:00Z,4379.916666666667,1,1,105.91,2026-09-24T01:30:05Z,2026-09-24T01:00:00Z,4379.916666666667,1,1,0.024,2026-09-24T01:00:37Z,,4409.383333333333,1,1,0.0,2026-09-24T01:00:37Z,,4409.383333333333,1,1,3437.2105,254.74650000000003,204.605,372.545,2026-08-31T23:00:00Z,37650.0,1,,,,,3901.1559999999995,,,,,1,1,1,1,1,1,0,0,0,0,0,0,0,0,0,1,1,1,1,1,1,1,1,1,1,1,1,1,1,1,1,1,1,1,1,1,1,1,1,1,1,1,1,1,1,1,1,1,1,1,1,1,1,1,1,1,1,1,1,1,0,0,0,0,0,0,0,0,0,0,0,0,0,0,1,0,0,0,0,0,0,0,0,0,0,0,0,0,0,0,0,0,0,0,0,0,0,0,0,0,0,0,0,0,0,0,1,0,0,0,1,0,1,1,1,1,0,1,1,1,1
2026-09-27T03:00:00Z,2026-09-27T03:30:00Z,30,,,,0,1,,,,0,1,4033.0,2026-09-24T01:50:10Z,4389.833333333333,1,1,502.0,2026-09-24T01:50:10Z,4389.833333333333,1,1,3531.0,2026-09-24T01:50:10Z,4389.833333333333,1,1,,,,0,1,,,,0,1,,,,0,1,,,,0,1,,,,0,1,,,,0,1,,,,0,1,,,,0,1,,,,0,1,,,,0,1,,,,0,1,,,,0,1,,,,0,1,,,,0,1,,,,0,1,4501.244000000001,2026-09-24T00:13:43Z,4486.283333333334,1,1,4501.244000000001,2026-09-24T00:13:40Z,4486.333333333333,1,1,914.296,2026-09-24T00:13:40Z,4486.333333333333,1,1,3586.9480000000003,2026-09-24T00:13:40Z,4486.333333333333,1,1,3245.221,2026-09-24T01:00:36Z,,4439.4,1,1,-17.557,2026-09-24T01:47:45Z,2026-09-24T01:30:00Z,4392.25,1,1,97.77,2026-09-24T01:47:45Z,2026-09-24T01:30:00Z,4392.25,1,1,9799.771,2026-09-24T01:47:45Z,2026-09-24T01:30:00Z,4392.25,1,1,4254.922,2026-09-24T01:47:45Z,2026-09-24T01:30:00Z,4392.25,1,1,353.766,2026-09-24T01:47:45Z,2026-09-24T01:30:00Z,4392.25,1,1,-37.505,2026-09-24T01:30:05Z,2026-09-24T01:00:00Z,4409.916666666667,1,1,105.91,2026-09-24T01:30:05Z,2026-09-24T01:00:00Z,4409.916666666667,1,1,0.024,2026-09-24T01:00:37Z,,4439.383333333333,1,1,0.0,2026-09-24T01:00:37Z,,4439.383333333333,1,1,3437.2105,254.74650000000003,204.605,372.545,2026-08-31T23:00:00Z,37680.0,1,,,,,3901.1559999999995,,,,,1,1,1,1,1,1,0,0,0,0,0,0,0,0,0,1,1,1,1,1,1,1,1,1,1,1,1,1,1,1,1,1,1,1,1,1,1,1,1,1,1,1,1,1,1,1,1,1,1,1,1,1,1,1,1,1,1,1,1,1,0,0,0,0,0,0,0,0,0,0,0,0,0,0,1,0,0,0,0,0,0,0,0,0,0,0,0,0,0,0,0,0,0,0,0,0,0,0,0,0,0,0,0,0,0,0,1,0,0,0,1,0,1,1,1,1,0,1,1,1,1
2026-09-27T03:00:00Z,2026-09-27T04:00:00Z,60,,,,0,1,,,,0,1,3977.0,2026-09-24T01:50:10Z,4389.833333333333,1,1,476.0,2026-09-24T01:50:10Z,4389.833333333333,1,1,3501.0,2026-09-24T01:50:10Z,4389.833333333333,1,1,,,,0,1,,,,0,1,,,,0,1,,,,0,1,,,,0,1,,,,0,1,,,,0,1,,,,0,1,,,,0,1,,,,0,1,,,,0,1,,,,0,1,,,,0,1,,,,0,1,,,,0,1,4508.6314999999995,2026-09-24T00:13:43Z,4486.283333333334,1,1,4508.6314999999995,2026-09-24T00:13:40Z,4486.333333333333,1,1,919.056,2026-09-24T00:13:40Z,4486.333333333333,1,1,3589.5755,2026-09-24T00:13:40Z,4486.333333333333,1,1,3245.221,2026-09-24T01:00:36Z,,4439.4,1,1,-17.557,2026-09-24T01:47:45Z,2026-09-24T01:30:00Z,4392.25,1,1,97.77,2026-09-24T01:47:45Z,2026-09-24T01:30:00Z,4392.25,1,1,9799.771,2026-09-24T01:47:45Z,2026-09-24T01:30:00Z,4392.25,1,1,4254.922,2026-09-24T01:47:45Z,2026-09-24T01:30:00Z,4392.25,1,1,353.766,2026-09-24T01:47:45Z,2026-09-24T01:30:00Z,4392.25,1,1,-37.505,2026-09-24T01:30:05Z,2026-09-24T01:00:00Z,4409.916666666667,1,1,105.91,2026-09-24T01:30:05Z,2026-09-24T01:00:00Z,4409.916666666667,1,1,0.024,2026-09-24T01:00:37Z,,4439.383333333333,1,1,0.0,2026-09-24T01:00:37Z,,4439.383333333333,1,1,3437.2105,254.74650000000003,204.605,372.545,2026-08-31T23:00:00Z,37680.0,1,,,,,3901.1559999999995,,,,,1,1,1,1,1,1,0,0,0,0,0,0,0,0,0,1,1,1,1,1,1,1,1,1,1,1,1,1,1,1,1,1,1,1,1,1,1,1,1,1,1,1,1,1,1,1,1,1,1,1,1,1,1,1,1,1,1,1,1,1,0,0,0,0,0,0,0,0,0,0,0,0,0,0,1,0,0,0,0,0,0,0,0,0,0,0,0,0,0,0,0,0,0,0,0,0,0,0,0,0,0,0,0,0,0,0,1,0,0,0,1,0,1,1,1,1,0,1,1,1,1
2026-09-27T03:30:00Z,2026-09-27T04:00:00Z,30,,,,0,1,,,,0,1,3977.0,2026-09-24T01:50:10Z,4419.833333333333,1,1,476.0,2026-09-24T01:50:10Z,4419.833333333333,1,1,3501.0,2026-09-24T01:50:10Z,4419.833333333333,1,1,,,,0,1,,,,0,1,,,,0,1,,,,0,1,,,,0,1,,,,0,1,,,,0,1,,,,0,1,,,,0,1,,,,0,1,,,,0,1,,,,0,1,,,,0,1,,,,0,1,,,,0,1,4508.6314999999995,2026-09-24T00:13:43Z,4516.283333333334,1,1,4508.6314999999995,2026-09-24T00:13:40Z,4516.333333333333,1,1,919.056,2026-09-24T00:13:40Z,4516.333333333333,1,1,3589.5755,2026-09-24T00:13:40Z,4516.333333333333,1,1,3245.221,2026-09-24T01:00:36Z,,4469.4,1,1,-17.557,2026-09-24T01:47:45Z,2026-09-24T01:30:00Z,4422.25,1,1,97.77,2026-09-24T01:47:45Z,2026-09-24T01:30:00Z,4422.25,1,1,9799.771,2026-09-24T01:47:45Z,2026-09-24T01:30:00Z,4422.25,1,1,4254.922,2026-09-24T01:47:45Z,2026-09-24T01:30:00Z,4422.25,1,1,353.766,2026-09-24T01:47:45Z,2026-09-24T01:30:00Z,4422.25,1,1,-37.505,2026-09-24T01:30:05Z,2026-09-24T01:00:00Z,4439.916666666667,1,1,105.91,2026-09-24T01:30:05Z,2026-09-24T01:00:00Z,4439.916666666667,1,1,0.024,2026-09-24T01:00:37Z,,4469.383333333333,1,1,0.0,2026-09-24T01:00:37Z,,4469.383333333333,1,1,3437.2105,254.74650000000003,204.605,372.545,2026-08-31T23:00:00Z,37710.0,1,,,,,3901.1559999999995,,,,,1,1,1,1,1,1,0,0,0,0,0,0,0,0,0,1,1,1,1,1,1,1,1,1,1,1,1,1,1,1,1,1,1,1,1,1,1,1,1,1,1,1,1,1,1,1,1,1,1,1,1,1,1,1,1,1,1,1,1,1,0,0,0,0,0,0,0,0,0,0,0,0,0,0,1,0,0,0,0,0,0,0,0,0,0,0,0,0,0,0,0,0,0,0,0,0,0,0,0,0,0,0,0,0,0,0,1,0,0,0,1,0,1,1,1,1,0,1,1,1,1
2026-09-27T03:30:00Z,2026-09-27T04:30:00Z,60,,,,0,1,,,,0,1,3969.0,2026-09-24T01:50:10Z,4419.833333333333,1,1,487.0,2026-09-24T01:50:10Z,4419.833333333333,1,1,3482.0,2026-09-24T01:50:10Z,4419.833333333333,1,1,,,,0,1,,,,0,1,,,,0,1,,,,0,1,,,,0,1,,,,0,1,,,,0,1,,,,0,1,,,,0,1,,,,0,1,,,,0,1,,,,0,1,,,,0,1,,,,0,1,,,,0,1,4511.527,2026-09-24T00:13:43Z,4516.283333333334,1,1,4511.527,2026-09-24T00:13:40Z,4516.333333333333,1,1,927.2645,2026-09-24T00:13:40Z,4516.333333333333,1,1,3584.2625,2026-09-24T00:13:40Z,4516.333333333333,1,1,3245.221,2026-09-24T01:00:36Z,,4469.4,1,1,-17.557,2026-09-24T01:47:45Z,2026-09-24T01:30:00Z,4422.25,1,1,97.77,2026-09-24T01:47:45Z,2026-09-24T01:30:00Z,4422.25,1,1,9799.771,2026-09-24T01:47:45Z,2026-09-24T01:30:00Z,4422.25,1,1,4254.922,2026-09-24T01:47:45Z,2026-09-24T01:30:00Z,4422.25,1,1,353.766,2026-09-24T01:47:45Z,2026-09-24T01:30:00Z,4422.25,1,1,-37.505,2026-09-24T01:30:05Z,2026-09-24T01:00:00Z,4439.916666666667,1,1,105.91,2026-09-24T01:30:05Z,2026-09-24T01:00:00Z,4439.916666666667,1,1,0.024,2026-09-24T01:00:37Z,,4469.383333333333,1,1,0.0,2026-09-24T01:00:37Z,,4469.383333333333,1,1,3437.2105,254.74650000000003,204.605,372.545,2026-08-31T23:00:00Z,37710.0,1,,,,,3901.1559999999995,,,,,1,1,1,1,1,1,0,0,0,0,0,0,0,0,0,1,1,1,1,1,1,1,1,1,1,1,1,1,1,1,1,1,1,1,1,1,1,1,1,1,1,1,1,1,1,1,1,1,1,1,1,1,1,1,1,1,1,1,1,1,0,0,0,0,0,0,0,0,0,0,0,0,0,0,1,0,0,0,0,0,0,0,0,0,0,0,0,0,0,0,0,0,0,0,0,0,0,0,0,0,0,0,0,0,0,0,1,0,0,0,1,0,1,1,1,1,0,1,1,1,1
2026-09-27T04:00:00Z,2026-09-27T04:30:00Z,30,,,,0,1,,,,0,1,3969.0,2026-09-24T01:50:10Z,4449.833333333333,1,1,487.0,2026-09-24T01:50:10Z,4449.833333333333,1,1,3482.0,2026-09-24T01:50:10Z,4449.833333333333,1,1,,,,0,1,,,,0,1,,,,0,1,,,,0,1,,,,0,1,,,,0,1,,,,0,1,,,,0,1,,,,0,1,,,,0,1,,,,0,1,,,,0,1,,,,0,1,,,,0,1,,,,0,1,4511.527,2026-09-24T00:13:43Z,4546.283333333334,1,1,4511.527,2026-09-24T00:13:40Z,4546.333333333333,1,1,927.2645,2026-09-24T00:13:40Z,4546.333333333333,1,1,3584.2625,2026-09-24T00:13:40Z,4546.333333333333,1,1,3245.221,2026-09-24T01:00:36Z,,4499.4,1,1,-17.557,2026-09-24T01:47:45Z,2026-09-24T01:30:00Z,4452.25,1,1,97.77,2026-09-24T01:47:45Z,2026-09-24T01:30:00Z,4452.25,1,1,9799.771,2026-09-24T01:47:45Z,2026-09-24T01:30:00Z,4452.25,1,1,4254.922,2026-09-24T01:47:45Z,2026-09-24T01:30:00Z,4452.25,1,1,353.766,2026-09-24T01:47:45Z,2026-09-24T01:30:00Z,4452.25,1,1,-37.505,2026-09-24T01:30:05Z,2026-09-24T01:00:00Z,4469.916666666667,1,1,105.91,2026-09-24T01:30:05Z,2026-09-24T01:00:00Z,4469.916666666667,1,1,0.024,2026-09-24T01:00:37Z,,4499.383333333333,1,1,0.0,2026-09-24T01:00:37Z,,4499.383333333333,1,1,3437.2105,254.74650000000003,204.605,372.545,2026-08-31T23:00:00Z,37740.0,1,,,,,3901.1559999999995,,,,,1,1,1,1,1,1,0,0,0,0,0,0,0,0,0,1,1,1,1,1,1,1,1,1,1,1,1,1,1,1,1,1,1,1,1,1,1,1,1,1,1,1,1,1,1,1,1,1,1,1,1,1,1,1,1,1,1,1,1,1,0,0,0,0,0,0,0,0,0,0,0,0,0,0,1,0,0,0,0,0,0,0,0,0,0,0,0,0,0,0,0,0,0,0,0,0,0,0,0,0,0,0,0,0,0,0,1,0,0,0,1,0,1,1,1,1,0,1,1,1,1
2026-09-27T04:00:00Z,2026-09-27T05:00:00Z,60,,,,0,1,,,,0,1,3959.0,2026-09-24T01:50:10Z,4449.833333333333,1,1,518.0,2026-09-24T01:50:10Z,4449.833333333333,1,1,3441.0,2026-09-24T01:50:10Z,4449.833333333333,1,1,,,,0,1,,,,0,1,,,,0,1,,,,0,1,,,,0,1,,,,0,1,,,,0,1,,,,0,1,,,,0,1,,,,0,1,,,,0,1,,,,0,1,,,,0,1,,,,0,1,,,,0,1,4506.0064999999995,2026-09-24T00:13:43Z,4546.283333333334,1,1,4506.0064999999995,2026-09-24T00:13:40Z,4546.333333333333,1,1,933.6455,2026-09-24T00:13:40Z,4546.333333333333,1,1,3572.361,2026-09-24T00:13:40Z,4546.333333333333,1,1,3245.221,2026-09-24T01:00:36Z,,4499.4,1,1,-17.557,2026-09-24T01:47:45Z,2026-09-24T01:30:00Z,4452.25,1,1,97.77,2026-09-24T01:47:45Z,2026-09-24T01:30:00Z,4452.25,1,1,9799.771,2026-09-24T01:47:45Z,2026-09-24T01:30:00Z,4452.25,1,1,4254.922,2026-09-24T01:47:45Z,2026-09-24T01:30:00Z,4452.25,1,1,353.766,2026-09-24T01:47:45Z,2026-09-24T01:30:00Z,4452.25,1,1,-37.505,2026-09-24T01:30:05Z,2026-09-24T01:00:00Z,4469.916666666667,1,1,105.91,2026-09-24T01:30:05Z,2026-09-24T01:00:00Z,4469.916666666667,1,1,0.024,2026-09-24T01:00:37Z,,4499.383333333333,1,1,0.0,2026-09-24T01:00:37Z,,4499.383333333333,1,1,3437.2105,254.74650000000003,204.605,372.545,2026-08-31T23:00:00Z,37740.0,1,,,,,3901.1559999999995,,,,,1,1,1,1,1,1,0,0,0,0,0,0,0,0,0,1,1,1,1,1,1,1,1,1,1,1,1,1,1,1,1,1,1,1,1,1,1,1,1,1,1,1,1,1,1,1,1,1,1,1,1,1,1,1,1,1,1,1,1,1,0,0,0,0,0,0,0,0,0,0,0,0,0,0,1,0,0,0,0,0,0,0,0,0,0,0,0,0,0,0,0,0,0,0,0,0,0,0,0,0,0,0,0,0,0,0,1,0,0,0,1,0,1,1,1,1,0,1,1,1,1
2026-09-27T04:30:00Z,2026-09-27T05:00:00Z,30,,,,0,1,,,,0,1,3959.0,2026-09-24T01:50:10Z,4479.833333333333,1,1,518.0,2026-09-24T01:50:10Z,4479.833333333333,1,1,3441.0,2026-09-24T01:50:10Z,4479.833333333333,1,1,,,,0,1,,,,0,1,,,,0,1,,,,0,1,,,,0,1,,,,0,1,,,,0,1,,,,0,1,,,,0,1,,,,0,1,,,,0,1,,,,0,1,,,,0,1,,,,0,1,,,,0,1,4506.0064999999995,2026-09-24T00:13:43Z,4576.283333333334,1,1,4506.0064999999995,2026-09-24T00:13:40Z,4576.333333333333,1,1,933.6455,2026-09-24T00:13:40Z,4576.333333333333,1,1,3572.361,2026-09-24T00:13:40Z,4576.333333333333,1,1,3245.221,2026-09-24T01:00:36Z,,4529.4,1,1,-17.557,2026-09-24T01:47:45Z,2026-09-24T01:30:00Z,4482.25,1,1,97.77,2026-09-24T01:47:45Z,2026-09-24T01:30:00Z,4482.25,1,1,9799.771,2026-09-24T01:47:45Z,2026-09-24T01:30:00Z,4482.25,1,1,4254.922,2026-09-24T01:47:45Z,2026-09-24T01:30:00Z,4482.25,1,1,353.766,2026-09-24T01:47:45Z,2026-09-24T01:30:00Z,4482.25,1,1,-37.505,2026-09-24T01:30:05Z,2026-09-24T01:00:00Z,4499.916666666667,1,1,105.91,2026-09-24T01:30:05Z,2026-09-24T01:00:00Z,4499.916666666667,1,1,0.024,2026-09-24T01:00:37Z,,4529.383333333333,1,1,0.0,2026-09-24T01:00:37Z,,4529.383333333333,1,1,3437.2105,254.74650000000003,204.605,372.545,2026-08-31T23:00:00Z,37770.0,1,,,,,3901.1559999999995,,,,,1,1,1,1,1,1,0,0,0,0,0,0,0,0,0,1,1,1,1,1,1,1,1,1,1,1,1,1,1,1,1,1,1,1,1,1,1,1,1,1,1,1,1,1,1,1,1,1,1,1,1,1,1,1,1,1,1,1,1,1,0,0,0,0,0,0,0,0,0,0,0,0,0,0,1,0,0,0,0,0,0,0,0,0,0,0,0,0,0,0,0,0,0,0,0,0,0,0,0,0,0,0,0,0,0,0,1,0,0,0,1,0,1,1,1,1,0,1,1,1,1
2026-09-27T04:30:00Z,2026-09-27T05:30:00Z,60,,,,0,1,,,,0,1,4114.0,2026-09-24T01:50:10Z,4479.833333333333,1,1,565.0,2026-09-24T01:50:10Z,4479.833333333333,1,1,3549.0,2026-09-24T01:50:10Z,4479.833333333333,1,1,,,,0,1,,,,0,1,,,,0,1,,,,0,1,,,,0,1,,,,0,1,,,,0,1,,,,0,1,,,,0,1,,,,0,1,,,,0,1,,,,0,1,,,,0,1,,,,0,1,,,,0,1,4475.246,2026-09-24T00:13:43Z,4576.283333333334,1,1,4475.246,2026-09-24T00:13:40Z,4576.333333333333,1,1,934.5474999999999,2026-09-24T00:13:40Z,4576.333333333333,1,1,3540.6985,2026-09-24T00:13:40Z,4576.333333333333,1,1,3245.221,2026-09-24T01:00:36Z,,4529.4,1,1,-17.557,2026-09-24T01:47:45Z,2026-09-24T01:30:00Z,4482.25,1,1,97.77,2026-09-24T01:47:45Z,2026-09-24T01:30:00Z,4482.25,1,1,9799.771,2026-09-24T01:47:45Z,2026-09-24T01:30:00Z,4482.25,1,1,4254.922,2026-09-24T01:47:45Z,2026-09-24T01:30:00Z,4482.25,1,1,353.766,2026-09-24T01:47:45Z,2026-09-24T01:30:00Z,4482.25,1,1,-37.505,2026-09-24T01:30:05Z,2026-09-24T01:00:00Z,4499.916666666667,1,1,105.91,2026-09-24T01:30:05Z,2026-09-24T01:00:00Z,4499.916666666667,1,1,0.024,2026-09-24T01:00:37Z,,4529.383333333333,1,1,0.0,2026-09-24T01:00:37Z,,4529.383333333333,1,1,3437.2105,254.74650000000003,204.605,372.545,2026-08-31T23:00:00Z,37770.0,1,,,,,3901.1559999999995,,,,,1,1,1,1,1,1,0,0,0,0,0,0,0,0,0,1,1,1,1,1,1,1,1,1,1,1,1,1,1,1,1,1,1,1,1,1,1,1,1,1,1,1,1,1,1,1,1,1,1,1,1,1,1,1,1,1,1,1,1,1,0,0,0,0,0,0,0,0,0,0,0,0,0,0,1,0,0,0,0,0,0,0,0,0,0,0,0,0,0,0,0,0,0,0,0,0,0,0,0,0,0,0,0,0,0,0,1,0,0,0,1,0,1,1,1,1,0,1,1,1,1
2026-09-27T05:00:00Z,2026-09-27T05:30:00Z,30,,,,0,1,,,,0,1,4114.0,2026-09-24T01:50:10Z,4509.833333333333,1,1,565.0,2026-09-24T01:50:10Z,4509.833333333333,1,1,3549.0,2026-09-24T01:50:10Z,4509.833333333333,1,1,,,,0,1,,,,0,1,,,,0,1,,,,0,1,,,,0,1,,,,0,1,,,,0,1,,,,0,1,,,,0,1,,,,0,1,,,,0,1,,,,0,1,,,,0,1,,,,0,1,,,,0,1,4475.246,2026-09-24T00:13:43Z,4606.283333333334,1,1,4475.246,2026-09-24T00:13:40Z,4606.333333333333,1,1,934.5474999999999,2026-09-24T00:13:40Z,4606.333333333333,1,1,3540.6985,2026-09-24T00:13:40Z,4606.333333333333,1,1,3245.221,2026-09-24T01:00:36Z,,4559.4,1,1,-17.557,2026-09-24T01:47:45Z,2026-09-24T01:30:00Z,4512.25,1,1,97.77,2026-09-24T01:47:45Z,2026-09-24T01:30:00Z,4512.25,1,1,9799.771,2026-09-24T01:47:45Z,2026-09-24T01:30:00Z,4512.25,1,1,4254.922,2026-09-24T01:47:45Z,2026-09-24T01:30:00Z,4512.25,1,1,353.766,2026-09-24T01:47:45Z,2026-09-24T01:30:00Z,4512.25,1,1,-37.505,2026-09-24T01:30:05Z,2026-09-24T01:00:00Z,4529.916666666667,1,1,105.91,2026-09-24T01:30:05Z,2026-09-24T01:00:00Z,4529.916666666667,1,1,0.024,2026-09-24T01:00:37Z,,4559.383333333333,1,1,0.0,2026-09-24T01:00:37Z,,4559.383333333333,1,1,3437.2105,254.74650000000003,204.605,372.545,2026-08-31T23:00:00Z,37800.0,1,,,,,3901.1559999999995,,,,,1,1,1,1,1,1,0,0,0,0,0,0,0,0,0,1,1,1,1,1,1,1,1,1,1,1,1,1,1,1,1,1,1,1,1,1,1,1,1,1,1,1,1,1,1,1,1,1,1,1,1,1,1,1,1,1,1,1,1,1,0,0,0,0,0,0,0,0,0,0,0,0,0,0,1,0,0,0,0,0,0,0,0,0,0,0,0,0,0,0,0,0,0,0,0,0,0,0,0,0,0,0,0,0,0,0,1,0,0,0,1,0,1,1,1,1,0,1,1,1,1
2026-09-27T05:00:00Z,2026-09-27T06:00:00Z,60,,,,0,1,,,,0,1,4226.0,2026-09-24T01:50:10Z,4509.833333333333,1,1,626.0,2026-09-24T01:50:10Z,4509.833333333333,1,1,3600.0,2026-09-24T01:50:10Z,4509.833333333333,1,1,,,,0,1,,,,0,1,,,,0,1,,,,0,1,,,,0,1,,,,0,1,,,,0,1,,,,0,1,,,,0,1,,,,0,1,,,,0,1,,,,0,1,,,,0,1,,,,0,1,,,,0,1,4435.1835,2026-09-24T00:13:43Z,4606.283333333334,1,1,4435.1835,2026-09-24T00:13:40Z,4606.333333333333,1,1,934.0305000000001,2026-09-24T00:13:40Z,4606.333333333333,1,1,3501.1530000000002,2026-09-24T00:13:40Z,4606.333333333333,1,1,3245.221,2026-09-24T01:00:36Z,,4559.4,1,1,-17.557,2026-09-24T01:47:45Z,2026-09-24T01:30:00Z,4512.25,1,1,97.77,2026-09-24T01:47:45Z,2026-09-24T01:30:00Z,4512.25,1,1,9799.771,2026-09-24T01:47:45Z,2026-09-24T01:30:00Z,4512.25,1,1,4254.922,2026-09-24T01:47:45Z,2026-09-24T01:30:00Z,4512.25,1,1,353.766,2026-09-24T01:47:45Z,2026-09-24T01:30:00Z,4512.25,1,1,-37.505,2026-09-24T01:30:05Z,2026-09-24T01:00:00Z,4529.916666666667,1,1,105.91,2026-09-24T01:30:05Z,2026-09-24T01:00:00Z,4529.916666666667,1,1,0.024,2026-09-24T01:00:37Z,,4559.383333333333,1,1,0.0,2026-09-24T01:00:37Z,,4559.383333333333,1,1,3437.2105,254.74650000000003,204.605,372.545,2026-08-31T23:00:00Z,37800.0,1,,,,,3901.1559999999995,,,,,1,1,1,1,1,1,0,0,0,0,0,0,0,0,0,1,1,1,1,1,1,1,1,1,1,1,1,1,1,1,1,1,1,1,1,1,1,1,1,1,1,1,1,1,1,1,1,1,1,1,1,1,1,1,1,1,1,1,1,1,0,0,0,0,0,0,0,0,0,0,0,0,0,0,1,0,0,0,0,0,0,0,0,0,0,0,0,0,0,0,0,0,0,0,0,0,0,0,0,0,0,0,0,0,0,0,1,0,0,0,1,0,1,1,1,1,0,1,1,1,1
2026-09-27T05:30:00Z,2026-09-27T06:00:00Z,30,,,,0,1,,,,0,1,4226.0,2026-09-24T01:50:10Z,4539.833333333333,1,1,626.0,2026-09-24T01:50:10Z,4539.833333333333,1,1,3600.0,2026-09-24T01:50:10Z,4539.833333333333,1,1,,,,0,1,,,,0,1,,,,0,1,,,,0,1,,,,0,1,,,,0,1,,,,0,1,,,,0,1,,,,0,1,,,,0,1,,,,0,1,,,,0,1,,,,0,1,,,,0,1,,,,0,1,4435.1835,2026-09-24T00:13:43Z,4636.283333333334,1,1,4435.1835,2026-09-24T00:13:40Z,4636.333333333333,1,1,934.0305000000001,2026-09-24T00:13:40Z,4636.333333333333,1,1,3501.1530000000002,2026-09-24T00:13:40Z,4636.333333333333,1,1,3245.221,2026-09-24T01:00:36Z,,4589.4,1,1,-17.557,2026-09-24T01:47:45Z,2026-09-24T01:30:00Z,4542.25,1,1,97.77,2026-09-24T01:47:45Z,2026-09-24T01:30:00Z,4542.25,1,1,9799.771,2026-09-24T01:47:45Z,2026-09-24T01:30:00Z,4542.25,1,1,4254.922,2026-09-24T01:47:45Z,2026-09-24T01:30:00Z,4542.25,1,1,353.766,2026-09-24T01:47:45Z,2026-09-24T01:30:00Z,4542.25,1,1,-37.505,2026-09-24T01:30:05Z,2026-09-24T01:00:00Z,4559.916666666667,1,1,105.91,2026-09-24T01:30:05Z,2026-09-24T01:00:00Z,4559.916666666667,1,1,0.024,2026-09-24T01:00:37Z,,4589.383333333333,1,1,0.0,2026-09-24T01:00:37Z,,4589.383333333333,1,1,3437.2105,254.74650000000003,204.605,372.545,2026-08-31T23:00:00Z,37830.0,1,,,,,3901.1559999999995,,,,,1,1,1,1,1,1,0,0,0,0,0,0,0,0,0,1,1,1,1,1,1,1,1,1,1,1,1,1,1,1,1,1,1,1,1,1,1,1,1,1,1,1,1,1,1,1,1,1,1,1,1,1,1,1,1,1,1,1,1,1,0,0,0,0,0,0,0,0,0,0,0,0,0,0,1,0,0,0,0,0,0,0,0,0,0,0,0,0,0,0,0,0,0,0,0,0,0,0,0,0,0,0,0,0,0,0,1,0,0,0,1,0,1,1,1,1,0,1,1,1,1
2026-09-27T05:30:00Z,2026-09-27T06:30:00Z,60,,,,0,1,,,,0,1,4387.0,2026-09-24T01:50:10Z,4539.833333333333,1,1,687.0,2026-09-24T01:50:10Z,4539.833333333333,1,1,3700.0,2026-09-24T01:50:10Z,4539.833333333333,1,1,,,,0,1,,,,0,1,,,,0,1,,,,0,1,,,,0,1,,,,0,1,,,,0,1,,,,0,1,,,,0,1,,,,0,1,,,,0,1,,,,0,1,,,,0,1,,,,0,1,,,,0,1,4367.2235,2026-09-24T00:13:43Z,4636.283333333334,1,1,4367.2235,2026-09-24T00:13:40Z,4636.333333333333,1,1,929.268,2026-09-24T00:13:40Z,4636.333333333333,1,1,3437.9555,2026-09-24T00:13:40Z,4636.333333333333,1,1,3245.221,2026-09-24T01:00:36Z,,4589.4,1,1,-17.557,2026-09-24T01:47:45Z,2026-09-24T01:30:00Z,4542.25,1,1,97.77,2026-09-24T01:47:45Z,2026-09-24T01:30:00Z,4542.25,1,1,9799.771,2026-09-24T01:47:45Z,2026-09-24T01:30:00Z,4542.25,1,1,4254.922,2026-09-24T01:47:45Z,2026-09-24T01:30:00Z,4542.25,1,1,353.766,2026-09-24T01:47:45Z,2026-09-24T01:30:00Z,4542.25,1,1,-37.505,2026-09-24T01:30:05Z,2026-09-24T01:00:00Z,4559.916666666667,1,1,105.91,2026-09-24T01:30:05Z,2026-09-24T01:00:00Z,4559.916666666667,1,1,0.024,2026-09-24T01:00:37Z,,4589.383333333333,1,1,0.0,2026-09-24T01:00:37Z,,4589.383333333333,1,1,3437.2105,254.74650000000003,204.605,372.545,2026-08-31T23:00:00Z,37830.0,1,,,,,3901.1559999999995,,,,,1,1,1,1,1,1,0,0,0,0,0,0,0,0,0,1,1,1,1,1,1,1,1,1,1,1,1,1,1,1,1,1,1,1,1,1,1,1,1,1,1,1,1,1,1,1,1,1,1,1,1,1,1,1,1,1,1,1,1,1,0,0,0,0,0,0,0,0,0,0,0,0,0,0,1,0,0,0,0,0,0,0,0,0,0,0,0,0,0,0,0,0,0,0,0,0,0,0,0,0,0,0,0,0,0,0,1,0,0,0,1,0,1,1,1,1,0,1,1,1,1
2026-09-27T06:00:00Z,2026-09-27T06:30:00Z,30,,,,0,1,,,,0,1,4387.0,2026-09-24T01:50:10Z,4569.833333333333,1,1,687.0,2026-09-24T01:50:10Z,4569.833333333333,1,1,3700.0,2026-09-24T01:50:10Z,4569.833333333333,1,1,,,,0,1,,,,0,1,,,,0,1,,,,0,1,,,,0,1,,,,0,1,,,,0,1,,,,0,1,,,,0,1,,,,0,1,,,,0,1,,,,0,1,,,,0,1,,,,0,1,,,,0,1,4367.2235,2026-09-24T00:13:43Z,4666.283333333334,1,1,4367.2235,2026-09-24T00:13:40Z,4666.333333333333,1,1,929.268,2026-09-24T00:13:40Z,4666.333333333333,1,1,3437.9555,2026-09-24T00:13:40Z,4666.333333333333,1,1,3245.221,2026-09-24T01:00:36Z,,4619.4,1,1,-17.557,2026-09-24T01:47:45Z,2026-09-24T01:30:00Z,4572.25,1,1,97.77,2026-09-24T01:47:45Z,2026-09-24T01:30:00Z,4572.25,1,1,9799.771,2026-09-24T01:47:45Z,2026-09-24T01:30:00Z,4572.25,1,1,4254.922,2026-09-24T01:47:45Z,2026-09-24T01:30:00Z,4572.25,1,1,353.766,2026-09-24T01:47:45Z,2026-09-24T01:30:00Z,4572.25,1,1,-37.505,2026-09-24T01:30:05Z,2026-09-24T01:00:00Z,4589.916666666667,1,1,105.91,2026-09-24T01:30:05Z,2026-09-24T01:00:00Z,4589.916666666667,1,1,0.024,2026-09-24T01:00:37Z,,4619.383333333333,1,1,0.0,2026-09-24T01:00:37Z,,4619.383333333333,1,1,3437.2105,254.74650000000003,204.605,372.545,2026-08-31T23:00:00Z,37860.0,1,,,,,3901.1559999999995,,,,,1,1,1,1,1,1,0,0,0,0,0,0,0,0,0,1,1,1,1,1,1,1,1,1,1,1,1,1,1,1,1,1,1,1,1,1,1,1,1,1,1,1,1,1,1,1,1,1,1,1,1,1,1,1,1,1,1,1,1,1,0,0,0,0,0,0,0,0,0,0,0,0,0,0,1,0,0,0,0,0,0,0,0,0,0,0,0,0,0,0,0,0,0,0,0,0,0,0,0,0,0,0,0,0,0,0,1,0,0,0,1,0,1,1,1,1,0,1,1,1,1
2026-09-27T06:00:00Z,2026-09-27T07:00:00Z,60,,,,0,1,,,,0,1,4458.0,2026-09-24T01:50:10Z,4569.833333333333,1,1,707.0,2026-09-24T01:50:10Z,4569.833333333333,1,1,3751.0,2026-09-24T01:50:10Z,4569.833333333333,1,1,,,,0,1,,,,0,1,,,,0,1,,,,0,1,,,,0,1,,,,0,1,,,,0,1,,,,0,1,,,,0,1,,,,0,1,,,,0,1,,,,0,1,,,,0,1,,,,0,1,,,,0,1,4305.196,2026-09-24T00:13:43Z,4666.283333333334,1,1,4305.196,2026-09-24T00:13:40Z,4666.333333333333,1,1,924.8485000000001,2026-09-24T00:13:40Z,4666.333333333333,1,1,3380.3475,2026-09-24T00:13:40Z,4666.333333333333,1,1,3245.221,2026-09-24T01:00:36Z,,4619.4,1,1,-17.557,2026-09-24T01:47:45Z,2026-09-24T01:30:00Z,4572.25,1,1,97.77,2026-09-24T01:47:45Z,2026-09-24T01:30:00Z,4572.25,1,1,9799.771,2026-09-24T01:47:45Z,2026-09-24T01:30:00Z,4572.25,1,1,4254.922,2026-09-24T01:47:45Z,2026-09-24T01:30:00Z,4572.25,1,1,353.766,2026-09-24T01:47:45Z,2026-09-24T01:30:00Z,4572.25,1,1,-37.505,2026-09-24T01:30:05Z,2026-09-24T01:00:00Z,4589.916666666667,1,1,105.91,2026-09-24T01:30:05Z,2026-09-24T01:00:00Z,4589.916666666667,1,1,0.024,2026-09-24T01:00:37Z,,4619.383333333333,1,1,0.0,2026-09-24T01:00:37Z,,4619.383333333333,1,1,3437.2105,254.74650000000003,204.605,372.545,2026-08-31T23:00:00Z,37860.0,1,,,,,3901.1559999999995,,,,,1,1,1,1,1,1,0,0,0,0,0,0,0,0,0,1,1,1,1,1,1,1,1,1,1,1,1,1,1,1,1,1,1,1,1,1,1,1,1,1,1,1,1,1,1,1,1,1,1,1,1,1,1,1,1,1,1,1,1,1,0,0,0,0,0,0,0,0,0,0,0,0,0,0,1,0,0,0,0,0,0,0,0,0,0,0,0,0,0,0,0,0,0,0,0,0,0,0,0,0,0,0,0,0,0,0,1,0,0,0,1,0,1,1,1,1,0,1,1,1,1
2026-09-27T06:30:00Z,2026-09-27T07:00:00Z,30,,,,0,1,,,,0,1,4458.0,2026-09-24T01:50:10Z,4599.833333333333,1,1,707.0,2026-09-24T01:50:10Z,4599.833333333333,1,1,3751.0,2026-09-24T01:50:10Z,4599.833333333333,1,1,,,,0,1,,,,0,1,,,,0,1,,,,0,1,,,,0,1,,,,0,1,,,,0,1,,,,0,1,,,,0,1,,,,0,1,,,,0,1,,,,0,1,,,,0,1,,,,0,1,,,,0,1,4305.196,2026-09-24T00:13:43Z,4696.283333333334,1,1,4305.196,2026-09-24T00:13:40Z,4696.333333333333,1,1,924.8485000000001,2026-09-24T00:13:40Z,4696.333333333333,1,1,3380.3475,2026-09-24T00:13:40Z,4696.333333333333,1,1,3245.221,2026-09-24T01:00:36Z,,4649.4,1,1,-17.557,2026-09-24T01:47:45Z,2026-09-24T01:30:00Z,4602.25,1,1,97.77,2026-09-24T01:47:45Z,2026-09-24T01:30:00Z,4602.25,1,1,9799.771,2026-09-24T01:47:45Z,2026-09-24T01:30:00Z,4602.25,1,1,4254.922,2026-09-24T01:47:45Z,2026-09-24T01:30:00Z,4602.25,1,1,353.766,2026-09-24T01:47:45Z,2026-09-24T01:30:00Z,4602.25,1,1,-37.505,2026-09-24T01:30:05Z,2026-09-24T01:00:00Z,4619.916666666667,1,1,105.91,2026-09-24T01:30:05Z,2026-09-24T01:00:00Z,4619.916666666667,1,1,0.024,2026-09-24T01:00:37Z,,4649.383333333333,1,1,0.0,2026-09-24T01:00:37Z,,4649.383333333333,1,1,3437.2105,254.74650000000003,204.605,372.545,2026-08-31T23:00:00Z,37890.0,1,,,,,3901.1559999999995,,,,,1,1,1,1,1,1,0,0,0,0,0,0,0,0,0,1,1,1,1,1,1,1,1,1,1,1,1,1,1,1,1,1,1,1,1,1,1,1,1,1,1,1,1,1,1,1,1,1,1,1,1,1,1,1,1,1,1,1,1,1,0,0,0,0,0,0,0,0,0,0,0,0,0,0,1,0,0,0,0,0,0,0,0,0,0,0,0,0,0,0,0,0,0,0,0,0,0,0,0,0,0,0,0,0,0,0,1,0,0,0,1,0,1,1,1,1,0,1,1,1,1
2026-09-27T06:30:00Z,2026-09-27T07:30:00Z,60,,,,0,1,,,,0,1,4514.0,2026-09-24T01:50:10Z,4599.833333333333,1,1,724.0,2026-09-24T01:50:10Z,4599.833333333333,1,1,3790.0,2026-09-24T01:50:10Z,4599.833333333333,1,1,,,,0,1,,,,0,1,,,,0,1,,,,0,1,,,,0,1,,,,0,1,,,,0,1,,,,0,1,,,,0,1,,,,0,1,,,,0,1,,,,0,1,,,,0,1,,,,0,1,,,,0,1,4260.9905,2026-09-24T00:13:43Z,4696.283333333334,1,1,4260.9905,2026-09-24T00:13:40Z,4696.333333333333,1,1,921.477,2026-09-24T00:13:40Z,4696.333333333333,1,1,3339.5135,2026-09-24T00:13:40Z,4696.333333333333,1,1,3245.221,2026-09-24T01:00:36Z,,4649.4,1,1,-17.557,2026-09-24T01:47:45Z,2026-09-24T01:30:00Z,4602.25,1,1,97.77,2026-09-24T01:47:45Z,2026-09-24T01:30:00Z,4602.25,1,1,9799.771,2026-09-24T01:47:45Z,2026-09-24T01:30:00Z,4602.25,1,1,4254.922,2026-09-24T01:47:45Z,2026-09-24T01:30:00Z,4602.25,1,1,353.766,2026-09-24T01:47:45Z,2026-09-24T01:30:00Z,4602.25,1,1,-37.505,2026-09-24T01:30:05Z,2026-09-24T01:00:00Z,4619.916666666667,1,1,105.91,2026-09-24T01:30:05Z,2026-09-24T01:00:00Z,4619.916666666667,1,1,0.024,2026-09-24T01:00:37Z,,4649.383333333333,1,1,0.0,2026-09-24T01:00:37Z,,4649.383333333333,1,1,3437.2105,254.74650000000003,204.605,372.545,2026-08-31T23:00:00Z,37890.0,1,,,,,3901.1559999999995,,,,,1,1,1,1,1,1,0,0,0,0,0,0,0,0,0,1,1,1,1,1,1,1,1,1,1,1,1,1,1,1,1,1,1,1,1,1,1,1,1,1,1,1,1,1,1,1,1,1,1,1,1,1,1,1,1,1,1,1,1,1,0,0,0,0,0,0,0,0,0,0,0,0,0,0,1,0,0,0,0,0,0,0,0,0,0,0,0,0,0,0,0,0,0,0,0,0,0,0,0,0,0,0,0,0,0,0,1,0,0,0,1,0,1,1,1,1,0,1,1,1,1
2026-09-27T07:00:00Z,2026-09-27T07:30:00Z,30,,,,0,1,,,,0,1,4514.0,2026-09-24T01:50:10Z,4629.833333333333,1,1,724.0,2026-09-24T01:50:10Z,4629.833333333333,1,1,3790.0,2026-09-24T01:50:10Z,4629.833333333333,1,1,,,,0,1,,,,0,1,,,,0,1,,,,0,1,,,,0,1,,,,0,1,,,,0,1,,,,0,1,,,,0,1,,,,0,1,,,,0,1,,,,0,1,,,,0,1,,,,0,1,,,,0,1,4260.9905,2026-09-24T00:13:43Z,4726.283333333334,1,1,4260.9905,2026-09-24T00:13:40Z,4726.333333333333,1,1,921.477,2026-09-24T00:13:40Z,4726.333333333333,1,1,3339.5135,2026-09-24T00:13:40Z,4726.333333333333,1,1,3245.221,2026-09-24T01:00:36Z,,4679.4,1,1,-17.557,2026-09-24T01:47:45Z,2026-09-24T01:30:00Z,4632.25,1,1,97.77,2026-09-24T01:47:45Z,2026-09-24T01:30:00Z,4632.25,1,1,9799.771,2026-09-24T01:47:45Z,2026-09-24T01:30:00Z,4632.25,1,1,4254.922,2026-09-24T01:47:45Z,2026-09-24T01:30:00Z,4632.25,1,1,353.766,2026-09-24T01:47:45Z,2026-09-24T01:30:00Z,4632.25,1,1,-37.505,2026-09-24T01:30:05Z,2026-09-24T01:00:00Z,4649.916666666667,1,1,105.91,2026-09-24T01:30:05Z,2026-09-24T01:00:00Z,4649.916666666667,1,1,0.024,2026-09-24T01:00:37Z,,4679.383333333333,1,1,0.0,2026-09-24T01:00:37Z,,4679.383333333333,1,1,3437.2105,254.74650000000003,204.605,372.545,2026-08-31T23:00:00Z,37920.0,1,,,,,3901.1559999999995,,,,,1,1,1,1,1,1,0,0,0,0,0,0,0,0,0,1,1,1,1,1,1,1,1,1,1,1,1,1,1,1,1,1,1,1,1,1,1,1,1,1,1,1,1,1,1,1,1,1,1,1,1,1,1,1,1,1,1,1,1,1,0,0,0,0,0,0,0,0,0,0,0,0,0,0,1,0,0,0,0,0,0,0,0,0,0,0,0,0,0,0,0,0,0,0,0,0,0,0,0,0,0,0,0,0,0,0,1,0,0,0,1,0,1,1,1,1,0,1,1,1,1
2026-09-27T07:00:00Z,2026-09-27T08:00:00Z,60,,,,0,1,,,,0,1,4750.0,2026-09-24T01:50:10Z,4629.833333333333,1,1,751.0,2026-09-24T01:50:10Z,4629.833333333333,1,1,3999.0,2026-09-24T01:50:10Z,4629.833333333333,1,1,,,,0,1,,,,0,1,,,,0,1,,,,0,1,,,,0,1,,,,0,1,,,,0,1,,,,0,1,,,,0,1,,,,0,1,,,,0,1,,,,0,1,,,,0,1,,,,0,1,,,,0,1,4214.3505000000005,2026-09-24T00:13:43Z,4726.283333333334,1,1,4214.3505000000005,2026-09-24T00:13:40Z,4726.333333333333,1,1,916.4110000000001,2026-09-24T00:13:40Z,4726.333333333333,1,1,3297.9395000000004,2026-09-24T00:13:40Z,4726.333333333333,1,1,3245.221,2026-09-24T01:00:36Z,,4679.4,1,1,-17.557,2026-09-24T01:47:45Z,2026-09-24T01:30:00Z,4632.25,1,1,97.77,2026-09-24T01:47:45Z,2026-09-24T01:30:00Z,4632.25,1,1,9799.771,2026-09-24T01:47:45Z,2026-09-24T01:30:00Z,4632.25,1,1,4254.922,2026-09-24T01:47:45Z,2026-09-24T01:30:00Z,4632.25,1,1,353.766,2026-09-24T01:47:45Z,2026-09-24T01:30:00Z,4632.25,1,1,-37.505,2026-09-24T01:30:05Z,2026-09-24T01:00:00Z,4649.916666666667,1,1,105.91,2026-09-24T01:30:05Z,2026-09-24T01:00:00Z,4649.916666666667,1,1,0.024,2026-09-24T01:00:37Z,,4679.383333333333,1,1,0.0,2026-09-24T01:00:37Z,,4679.383333333333,1,1,3437.2105,254.74650000000003,204.605,372.545,2026-08-31T23:00:00Z,37920.0,1,,,,,3901.1559999999995,,,,,1,1,1,1,1,1,0,0,0,0,0,0,0,0,0,1,1,1,1,1,1,1,1,1,1,1,1,1,1,1,1,1,1,1,1,1,1,1,1,1,1,1,1,1,1,1,1,1,1,1,1,1,1,1,1,1,1,1,1,1,0,0,0,0,0,0,0,0,0,0,0,0,0,0,1,0,0,0,0,0,0,0,0,0,0,0,0,0,0,0,0,0,0,0,0,0,0,0,0,0,0,0,0,0,0,0,1,0,0,0,1,0,1,1,1,1,0,1,1,1,1
2026-09-27T07:30:00Z,2026-09-27T08:00:00Z,30,,,,0,1,,,,0,1,4750.0,2026-09-24T01:50:10Z,4659.833333333333,1,1,751.0,2026-09-24T01:50:10Z,4659.833333333333,1,1,3999.0,2026-09-24T01:50:10Z,4659.833333333333,1,1,,,,0,1,,,,0,1,,,,0,1,,,,0,1,,,,0,1,,,,0,1,,,,0,1,,,,0,1,,,,0,1,,,,0,1,,,,0,1,,,,0,1,,,,0,1,,,,0,1,,,,0,1,4214.3505000000005,2026-09-24T00:13:43Z,4756.283333333334,1,1,4214.3505000000005,2026-09-24T00:13:40Z,4756.333333333333,1,1,916.4110000000001,2026-09-24T00:13:40Z,4756.333333333333,1,1,3297.9395000000004,2026-09-24T00:13:40Z,4756.333333333333,1,1,3245.221,2026-09-24T01:00:36Z,,4709.4,1,1,-17.557,2026-09-24T01:47:45Z,2026-09-24T01:30:00Z,4662.25,1,1,97.77,2026-09-24T01:47:45Z,2026-09-24T01:30:00Z,4662.25,1,1,9799.771,2026-09-24T01:47:45Z,2026-09-24T01:30:00Z,4662.25,1,1,4254.922,2026-09-24T01:47:45Z,2026-09-24T01:30:00Z,4662.25,1,1,353.766,2026-09-24T01:47:45Z,2026-09-24T01:30:00Z,4662.25,1,1,-37.505,2026-09-24T01:30:05Z,2026-09-24T01:00:00Z,4679.916666666667,1,1,105.91,2026-09-24T01:30:05Z,2026-09-24T01:00:00Z,4679.916666666667,1,1,0.024,2026-09-24T01:00:37Z,,4709.383333333333,1,1,0.0,2026-09-24T01:00:37Z,,4709.383333333333,1,1,3437.2105,254.74650000000003,204.605,372.545,2026-08-31T23:00:00Z,37950.0,1,,,,,3901.1559999999995,,,,,1,1,1,1,1,1,0,0,0,0,0,0,0,0,0,1,1,1,1,1,1,1,1,1,1,1,1,1,1,1,1,1,1,1,1,1,1,1,1,1,1,1,1,1,1,1,1,1,1,1,1,1,1,1,1,1,1,1,1,1,0,0,0,0,0,0,0,0,0,0,0,0,0,0,1,0,0,0,0,0,0,0,0,0,0,0,0,0,0,0,0,0,0,0,0,0,0,0,0,0,0,0,0,0,0,0,1,0,0,0,1,0,1,1,1,1,0,1,1,1,1
2026-09-27T07:30:00Z,2026-09-27T08:30:00Z,60,,,,0,1,,,,0,1,4702.0,2026-09-24T01:50:10Z,4659.833333333333,1,1,761.0,2026-09-24T01:50:10Z,4659.833333333333,1,1,3941.0,2026-09-24T01:50:10Z,4659.833333333333,1,1,,,,0,1,,,,0,1,,,,0,1,,,,0,1,,,,0,1,,,,0,1,,,,0,1,,,,0,1,,,,0,1,,,,0,1,,,,0,1,,,,0,1,,,,0,1,,,,0,1,,,,0,1,4160.4785,2026-09-24T00:13:43Z,4756.283333333334,1,1,4160.4785,2026-09-24T00:13:40Z,4756.333333333333,1,1,906.2885,2026-09-24T00:13:40Z,4756.333333333333,1,1,3254.19,2026-09-24T00:13:40Z,4756.333333333333,1,1,3245.221,2026-09-24T01:00:36Z,,4709.4,1,1,-17.557,2026-09-24T01:47:45Z,2026-09-24T01:30:00Z,4662.25,1,1,97.77,2026-09-24T01:47:45Z,2026-09-24T01:30:00Z,4662.25,1,1,9799.771,2026-09-24T01:47:45Z,2026-09-24T01:30:00Z,4662.25,1,1,4254.922,2026-09-24T01:47:45Z,2026-09-24T01:30:00Z,4662.25,1,1,353.766,2026-09-24T01:47:45Z,2026-09-24T01:30:00Z,4662.25,1,1,-37.505,2026-09-24T01:30:05Z,2026-09-24T01:00:00Z,4679.916666666667,1,1,105.91,2026-09-24T01:30:05Z,2026-09-24T01:00:00Z,4679.916666666667,1,1,0.024,2026-09-24T01:00:37Z,,4709.383333333333,1,1,0.0,2026-09-24T01:00:37Z,,4709.383333333333,1,1,3437.2105,254.74650000000003,204.605,372.545,2026-08-31T23:00:00Z,37950.0,1,,,,,3901.1559999999995,,,,,1,1,1,1,1,1,0,0,0,0,0,0,0,0,0,1,1,1,1,1,1,1,1,1,1,1,1,1,1,1,1,1,1,1,1,1,1,1,1,1,1,1,1,1,1,1,1,1,1,1,1,1,1,1,1,1,1,1,1,1,0,0,0,0,0,0,0,0,0,0,0,0,0,0,1,0,0,0,0,0,0,0,0,0,0,0,0,0,0,0,0,0,0,0,0,0,0,0,0,0,0,0,0,0,0,0,1,0,0,0,1,0,1,1,1,1,0,1,1,1,1
2026-09-27T08:00:00Z,2026-09-27T08:30:00Z,30,,,,0,1,,,,0,1,4702.0,2026-09-24T01:50:10Z,4689.833333333333,1,1,761.0,2026-09-24T01:50:10Z,4689.833333333333,1,1,3941.0,2026-09-24T01:50:10Z,4689.833333333333,1,1,,,,0,1,,,,0,1,,,,0,1,,,,0,1,,,,0,1,,,,0,1,,,,0,1,,,,0,1,,,,0,1,,,,0,1,,,,0,1,,,,0,1,,,,0,1,,,,0,1,,,,0,1,4160.4785,2026-09-24T00:13:43Z,4786.283333333334,1,1,4160.4785,2026-09-24T00:13:40Z,4786.333333333333,1,1,906.2885,2026-09-24T00:13:40Z,4786.333333333333,1,1,3254.19,2026-09-24T00:13:40Z,4786.333333333333,1,1,3245.221,2026-09-24T01:00:36Z,,4739.4,1,1,-17.557,2026-09-24T01:47:45Z,2026-09-24T01:30:00Z,4692.25,1,1,97.77,2026-09-24T01:47:45Z,2026-09-24T01:30:00Z,4692.25,1,1,9799.771,2026-09-24T01:47:45Z,2026-09-24T01:30:00Z,4692.25,1,1,4254.922,2026-09-24T01:47:45Z,2026-09-24T01:30:00Z,4692.25,1,1,353.766,2026-09-24T01:47:45Z,2026-09-24T01:30:00Z,4692.25,1,1,-37.505,2026-09-24T01:30:05Z,2026-09-24T01:00:00Z,4709.916666666667,1,1,105.91,2026-09-24T01:30:05Z,2026-09-24T01:00:00Z,4709.916666666667,1,1,0.024,2026-09-24T01:00:37Z,,4739.383333333333,1,1,0.0,2026-09-24T01:00:37Z,,4739.383333333333,1,1,3437.2105,254.74650000000003,204.605,372.545,2026-08-31T23:00:00Z,37980.0,1,,,,,3901.1559999999995,,,,,1,1,1,1,1,1,0,0,0,0,0,0,0,0,0,1,1,1,1,1,1,1,1,1,1,1,1,1,1,1,1,1,1,1,1,1,1,1,1,1,1,1,1,1,1,1,1,1,1,1,1,1,1,1,1,1,1,1,1,1,0,0,0,0,0,0,0,0,0,0,0,0,0,0,1,0,0,0,0,0,0,0,0,0,0,0,0,0,0,0,0,0,0,0,0,0,0,0,0,0,0,0,0,0,0,0,1,0,0,0,1,0,1,1,1,1,0,1,1,1,1
2026-09-27T08:00:00Z,2026-09-27T09:00:00Z,60,,,,0,1,,,,0,1,4652.0,2026-09-24T01:50:10Z,4689.833333333333,1,1,697.0,2026-09-24T01:50:10Z,4689.833333333333,1,1,3955.0,2026-09-24T01:50:10Z,4689.833333333333,1,1,,,,0,1,,,,0,1,,,,0,1,,,,0,1,,,,0,1,,,,0,1,,,,0,1,,,,0,1,,,,0,1,,,,0,1,,,,0,1,,,,0,1,,,,0,1,,,,0,1,,,,0,1,4098.271500000001,2026-09-24T00:13:43Z,4786.283333333334,1,1,4098.271500000001,2026-09-24T00:13:40Z,4786.333333333333,1,1,891.0060000000001,2026-09-24T00:13:40Z,4786.333333333333,1,1,3207.2655,2026-09-24T00:13:40Z,4786.333333333333,1,1,3245.221,2026-09-24T01:00:36Z,,4739.4,1,1,-17.557,2026-09-24T01:47:45Z,2026-09-24T01:30:00Z,4692.25,1,1,97.77,2026-09-24T01:47:45Z,2026-09-24T01:30:00Z,4692.25,1,1,9799.771,2026-09-24T01:47:45Z,2026-09-24T01:30:00Z,4692.25,1,1,4254.922,2026-09-24T01:47:45Z,2026-09-24T01:30:00Z,4692.25,1,1,353.766,2026-09-24T01:47:45Z,2026-09-24T01:30:00Z,4692.25,1,1,-37.505,2026-09-24T01:30:05Z,2026-09-24T01:00:00Z,4709.916666666667,1,1,105.91,2026-09-24T01:30:05Z,2026-09-24T01:00:00Z,4709.916666666667,1,1,0.024,2026-09-24T01:00:37Z,,4739.383333333333,1,1,0.0,2026-09-24T01:00:37Z,,4739.383333333333,1,1,3437.2105,254.74650000000003,204.605,372.545,2026-08-31T23:00:00Z,37980.0,1,,,,,3901.1559999999995,,,,,1,1,1,1,1,1,0,0,0,0,0,0,0,0,0,1,1,1,1,1,1,1,1,1,1,1,1,1,1,1,1,1,1,1,1,1,1,1,1,1,1,1,1,1,1,1,1,1,1,1,1,1,1,1,1,1,1,1,1,1,0,0,0,0,0,0,0,0,0,0,0,0,0,0,1,0,0,0,0,0,0,0,0,0,0,0,0,0,0,0,0,0,0,0,0,0,0,0,0,0,0,0,0,0,0,0,1,0,0,0,1,0,1,1,1,1,0,1,1,1,1
2026-09-27T08:30:00Z,2026-09-27T09:00:00Z,30,,,,0,1,,,,0,1,4652.0,2026-09-24T01:50:10Z,4719.833333333333,1,1,697.0,2026-09-24T01:50:10Z,4719.833333333333,1,1,3955.0,2026-09-24T01:50:10Z,4719.833333333333,1,1,,,,0,1,,,,0,1,,,,0,1,,,,0,1,,,,0,1,,,,0,1,,,,0,1,,,,0,1,,,,0,1,,,,0,1,,,,0,1,,,,0,1,,,,0,1,,,,0,1,,,,0,1,4098.271500000001,2026-09-24T00:13:43Z,4816.283333333334,1,1,4098.271500000001,2026-09-24T00:13:40Z,4816.333333333333,1,1,891.0060000000001,2026-09-24T00:13:40Z,4816.333333333333,1,1,3207.2655,2026-09-24T00:13:40Z,4816.333333333333,1,1,3245.221,2026-09-24T01:00:36Z,,4769.4,1,1,-17.557,2026-09-24T01:47:45Z,2026-09-24T01:30:00Z,4722.25,1,1,97.77,2026-09-24T01:47:45Z,2026-09-24T01:30:00Z,4722.25,1,1,9799.771,2026-09-24T01:47:45Z,2026-09-24T01:30:00Z,4722.25,1,1,4254.922,2026-09-24T01:47:45Z,2026-09-24T01:30:00Z,4722.25,1,1,353.766,2026-09-24T01:47:45Z,2026-09-24T01:30:00Z,4722.25,1,1,-37.505,2026-09-24T01:30:05Z,2026-09-24T01:00:00Z,4739.916666666667,1,1,105.91,2026-09-24T01:30:05Z,2026-09-24T01:00:00Z,4739.916666666667,1,1,0.024,2026-09-24T01:00:37Z,,4769.383333333333,1,1,0.0,2026-09-24T01:00:37Z,,4769.383333333333,1,1,3437.2105,254.74650000000003,204.605,372.545,2026-08-31T23:00:00Z,38010.0,1,,,,,3901.1559999999995,,,,,1,1,1,1,1,1,0,0,0,0,0,0,0,0,0,1,1,1,1,1,1,1,1,1,1,1,1,1,1,1,1,1,1,1,1,1,1,1,1,1,1,1,1,1,1,1,1,1,1,1,1,1,1,1,1,1,1,1,1,1,0,0,0,0,0,0,0,0,0,0,0,0,0,0,1,0,0,0,0,0,0,0,0,0,0,0,0,0,0,0,0,0,0,0,0,0,0,0,0,0,0,0,0,0,0,0,1,0,0,0,1,0,1,1,1,1,0,1,1,1,1
2026-09-27T08:30:00Z,2026-09-27T09:30:00Z,60,,,,0,1,,,,0,1,4675.0,2026-09-24T01:50:10Z,4719.833333333333,1,1,692.0,2026-09-24T01:50:10Z,4719.833333333333,1,1,3983.0,2026-09-24T01:50:10Z,4719.833333333333,1,1,,,,0,1,,,,0,1,,,,0,1,,,,0,1,,,,0,1,,,,0,1,,,,0,1,,,,0,1,,,,0,1,,,,0,1,,,,0,1,,,,0,1,,,,0,1,,,,0,1,,,,0,1,4011.135,2026-09-24T00:13:43Z,4816.283333333334,1,1,4011.135,2026-09-24T00:13:40Z,4816.333333333333,1,1,860.2605,2026-09-24T00:13:40Z,4816.333333333333,1,1,3150.8745,2026-09-24T00:13:40Z,4816.333333333333,1,1,3245.221,2026-09-24T01:00:36Z,,4769.4,1,1,-17.557,2026-09-24T01:47:45Z,2026-09-24T01:30:00Z,4722.25,1,1,97.77,2026-09-24T01:47:45Z,2026-09-24T01:30:00Z,4722.25,1,1,9799.771,2026-09-24T01:47:45Z,2026-09-24T01:30:00Z,4722.25,1,1,4254.922,2026-09-24T01:47:45Z,2026-09-24T01:30:00Z,4722.25,1,1,353.766,2026-09-24T01:47:45Z,2026-09-24T01:30:00Z,4722.25,1,1,-37.505,2026-09-24T01:30:05Z,2026-09-24T01:00:00Z,4739.916666666667,1,1,105.91,2026-09-24T01:30:05Z,2026-09-24T01:00:00Z,4739.916666666667,1,1,0.024,2026-09-24T01:00:37Z,,4769.383333333333,1,1,0.0,2026-09-24T01:00:37Z,,4769.383333333333,1,1,3437.2105,254.74650000000003,204.605,372.545,2026-08-31T23:00:00Z,38010.0,1,,,,,3901.1559999999995,,,,,1,1,1,1,1,1,0,0,0,0,0,0,0,0,0,1,1,1,1,1,1,1,1,1,1,1,1,1,1,1,1,1,1,1,1,1,1,1,1,1,1,1,1,1,1,1,1,1,1,1,1,1,1,1,1,1,1,1,1,1,0,0,0,0,0,0,0,0,0,0,0,0,0,0,1,0,0,0,0,0,0,0,0,0,0,0,0,0,0,0,0,0,0,0,0,0,0,0,0,0,0,0,0,0,0,0,1,0,0,0,1,0,1,1,1,1,0,1,1,1,1
2026-09-27T09:00:00Z,2026-09-27T09:30:00Z,30,,,,0,1,,,,0,1,4675.0,2026-09-24T01:50:10Z,4749.833333333333,1,1,692.0,2026-09-24T01:50:10Z,4749.833333333333,1,1,3983.0,2026-09-24T01:50:10Z,4749.833333333333,1,1,,,,0,1,,,,0,1,,,,0,1,,,,0,1,,,,0,1,,,,0,1,,,,0,1,,,,0,1,,,,0,1,,,,0,1,,,,0,1,,,,0,1,,,,0,1,,,,0,1,,,,0,1,4011.135,2026-09-24T00:13:43Z,4846.283333333334,1,1,4011.135,2026-09-24T00:13:40Z,4846.333333333333,1,1,860.2605,2026-09-24T00:13:40Z,4846.333333333333,1,1,3150.8745,2026-09-24T00:13:40Z,4846.333333333333,1,1,3245.221,2026-09-24T01:00:36Z,,4799.4,1,1,-17.557,2026-09-24T01:47:45Z,2026-09-24T01:30:00Z,4752.25,1,1,97.77,2026-09-24T01:47:45Z,2026-09-24T01:30:00Z,4752.25,1,1,9799.771,2026-09-24T01:47:45Z,2026-09-24T01:30:00Z,4752.25,1,1,4254.922,2026-09-24T01:47:45Z,2026-09-24T01:30:00Z,4752.25,1,1,353.766,2026-09-24T01:47:45Z,2026-09-24T01:30:00Z,4752.25,1,1,-37.505,2026-09-24T01:30:05Z,2026-09-24T01:00:00Z,4769.916666666667,1,1,105.91,2026-09-24T01:30:05Z,2026-09-24T01:00:00Z,4769.916666666667,1,1,0.024,2026-09-24T01:00:37Z,,4799.383333333333,1,1,0.0,2026-09-24T01:00:37Z,,4799.383333333333,1,1,3437.2105,254.74650000000003,204.605,372.545,2026-08-31T23:00:00Z,38040.0,1,,,,,3901.1559999999995,,,,,1,1,1,1,1,1,0,0,0,0,0,0,0,0,0,1,1,1,1,1,1,1,1,1,1,1,1,1,1,1,1,1,1,1,1,1,1,1,1,1,1,1,1,1,1,1,1,1,1,1,1,1,1,1,1,1,1,1,1,1,0,0,0,0,0,0,0,0,0,0,0,0,0,0,1,0,0,0,0,0,0,0,0,0,0,0,0,0,0,0,0,0,0,0,0,0,0,0,0,0,0,0,0,0,0,0,1,0,0,0,1,0,1,1,1,1,0,1,1,1,1
2026-09-27T09:00:00Z,2026-09-27T10:00:00Z,60,,,,0,1,,,,0,1,4728.0,2026-09-24T01:50:10Z,4749.833333333333,1,1,663.0,2026-09-24T01:50:10Z,4749.833333333333,1,1,4065.0,2026-09-24T01:50:10Z,4749.833333333333,1,1,,,,0,1,,,,0,1,,,,0,1,,,,0,1,,,,0,1,,,,0,1,,,,0,1,,,,0,1,,,,0,1,,,,0,1,,,,0,1,,,,0,1,,,,0,1,,,,0,1,,,,0,1,3922.4475,2026-09-24T00:13:43Z,4846.283333333334,1,1,3922.4475,2026-09-24T00:13:40Z,4846.333333333333,1,1,827.644,2026-09-24T00:13:40Z,4846.333333333333,1,1,3094.8035,2026-09-24T00:13:40Z,4846.333333333333,1,1,3245.221,2026-09-24T01:00:36Z,,4799.4,1,1,-17.557,2026-09-24T01:47:45Z,2026-09-24T01:30:00Z,4752.25,1,1,97.77,2026-09-24T01:47:45Z,2026-09-24T01:30:00Z,4752.25,1,1,9799.771,2026-09-24T01:47:45Z,2026-09-24T01:30:00Z,4752.25,1,1,4254.922,2026-09-24T01:47:45Z,2026-09-24T01:30:00Z,4752.25,1,1,353.766,2026-09-24T01:47:45Z,2026-09-24T01:30:00Z,4752.25,1,1,-37.505,2026-09-24T01:30:05Z,2026-09-24T01:00:00Z,4769.916666666667,1,1,105.91,2026-09-24T01:30:05Z,2026-09-24T01:00:00Z,4769.916666666667,1,1,0.024,2026-09-24T01:00:37Z,,4799.383333333333,1,1,0.0,2026-09-24T01:00:37Z,,4799.383333333333,1,1,3437.2105,254.74650000000003,204.605,372.545,2026-08-31T23:00:00Z,38040.0,1,,,,,3901.1559999999995,,,,,1,1,1,1,1,1,0,0,0,0,0,0,0,0,0,1,1,1,1,1,1,1,1,1,1,1,1,1,1,1,1,1,1,1,1,1,1,1,1,1,1,1,1,1,1,1,1,1,1,1,1,1,1,1,1,1,1,1,1,1,0,0,0,0,0,0,0,0,0,0,0,0,0,0,1,0,0,0,0,0,0,0,0,0,0,0,0,0,0,0,0,0,0,0,0,0,0,0,0,0,0,0,0,0,0,0,1,0,0,0,1,0,1,1,1,1,0,1,1,1,1
2026-09-27T09:30:00Z,2026-09-27T10:00:00Z,30,,,,0,1,,,,0,1,4728.0,2026-09-24T01:50:10Z,4779.833333333333,1,1,663.0,2026-09-24T01:50:10Z,4779.833333333333,1,1,4065.0,2026-09-24T01:50:10Z,4779.833333333333,1,1,,,,0,1,,,,0,1,,,,0,1,,,,0,1,,,,0,1,,,,0,1,,,,0,1,,,,0,1,,,,0,1,,,,0,1,,,,0,1,,,,0,1,,,,0,1,,,,0,1,,,,0,1,3922.4475,2026-09-24T00:13:43Z,4876.283333333334,1,1,3922.4475,2026-09-24T00:13:40Z,4876.333333333333,1,1,827.644,2026-09-24T00:13:40Z,4876.333333333333,1,1,3094.8035,2026-09-24T00:13:40Z,4876.333333333333,1,1,3245.221,2026-09-24T01:00:36Z,,4829.4,1,1,-17.557,2026-09-24T01:47:45Z,2026-09-24T01:30:00Z,4782.25,1,1,97.77,2026-09-24T01:47:45Z,2026-09-24T01:30:00Z,4782.25,1,1,9799.771,2026-09-24T01:47:45Z,2026-09-24T01:30:00Z,4782.25,1,1,4254.922,2026-09-24T01:47:45Z,2026-09-24T01:30:00Z,4782.25,1,1,353.766,2026-09-24T01:47:45Z,2026-09-24T01:30:00Z,4782.25,1,1,-37.505,2026-09-24T01:30:05Z,2026-09-24T01:00:00Z,4799.916666666667,1,1,105.91,2026-09-24T01:30:05Z,2026-09-24T01:00:00Z,4799.916666666667,1,1,0.024,2026-09-24T01:00:37Z,,4829.383333333333,1,1,0.0,2026-09-24T01:00:37Z,,4829.383333333333,1,1,3437.2105,254.74650000000003,204.605,372.545,2026-08-31T23:00:00Z,38070.0,1,,,,,3901.1559999999995,,,,,1,1,1,1,1,1,0,0,0,0,0,0,0,0,0,1,1,1,1,1,1,1,1,1,1,1,1,1,1,1,1,1,1,1,1,1,1,1,1,1,1,1,1,1,1,1,1,1,1,1,1,1,1,1,1,1,1,1,1,1,0,0,0,0,0,0,0,0,0,0,0,0,0,0,1,0,0,0,0,0,0,0,0,0,0,0,0,0,0,0,0,0,0,0,0,0,0,0,0,0,0,0,0,0,0,0,1,0,0,0,1,0,1,1,1,1,0,1,1,1,1
2026-09-27T09:30:00Z,2026-09-27T10:30:00Z,60,,,,0,1,,,,0,1,4768.0,2026-09-24T01:50:10Z,4779.833333333333,1,1,672.0,2026-09-24T01:50:10Z,4779.833333333333,1,1,4096.0,2026-09-24T01:50:10Z,4779.833333333333,1,1,,,,0,1,,,,0,1,,,,0,1,,,,0,1,,,,0,1,,,,0,1,,,,0,1,,,,0,1,,,,0,1,,,,0,1,,,,0,1,,,,0,1,,,,0,1,,,,0,1,,,,0,1,3829.0955000000004,2026-09-24T00:13:43Z,4876.283333333334,1,1,3829.0955000000004,2026-09-24T00:13:40Z,4876.333333333333,1,1,789.3934999999999,2026-09-24T00:13:40Z,4876.333333333333,1,1,3039.702,2026-09-24T00:13:40Z,4876.333333333333,1,1,3245.221,2026-09-24T01:00:36Z,,4829.4,1,1,-17.557,2026-09-24T01:47:45Z,2026-09-24T01:30:00Z,4782.25,1,1,97.77,2026-09-24T01:47:45Z,2026-09-24T01:30:00Z,4782.25,1,1,9799.771,2026-09-24T01:47:45Z,2026-09-24T01:30:00Z,4782.25,1,1,4254.922,2026-09-24T01:47:45Z,2026-09-24T01:30:00Z,4782.25,1,1,353.766,2026-09-24T01:47:45Z,2026-09-24T01:30:00Z,4782.25,1,1,-37.505,2026-09-24T01:30:05Z,2026-09-24T01:00:00Z,4799.916666666667,1,1,105.91,2026-09-24T01:30:05Z,2026-09-24T01:00:00Z,4799.916666666667,1,1,0.024,2026-09-24T01:00:37Z,,4829.383333333333,1,1,0.0,2026-09-24T01:00:37Z,,4829.383333333333,1,1,3437.2105,254.74650000000003,204.605,372.545,2026-08-31T23:00:00Z,38070.0,1,,,,,3901.1559999999995,,,,,1,1,1,1,1,1,0,0,0,0,0,0,0,0,0,1,1,1,1,1,1,1,1,1,1,1,1,1,1,1,1,1,1,1,1,1,1,1,1,1,1,1,1,1,1,1,1,1,1,1,1,1,1,1,1,1,1,1,1,1,0,0,0,0,0,0,0,0,0,0,0,0,0,0,1,0,0,0,0,0,0,0,0,0,0,0,0,0,0,0,0,0,0,0,0,0,0,0,0,0,0,0,0,0,0,0,1,0,0,0,1,0,1,1,1,1,0,1,1,1,1
2026-09-27T10:00:00Z,2026-09-27T10:30:00Z,30,,,,0,1,,,,0,1,4768.0,2026-09-24T01:50:10Z,4809.833333333333,1,1,672.0,2026-09-24T01:50:10Z,4809.833333333333,1,1,4096.0,2026-09-24T01:50:10Z,4809.833333333333,1,1,,,,0,1,,,,0,1,,,,0,1,,,,0,1,,,,0,1,,,,0,1,,,,0,1,,,,0,1,,,,0,1,,,,0,1,,,,0,1,,,,0,1,,,,0,1,,,,0,1,,,,0,1,3829.0955000000004,2026-09-24T00:13:43Z,4906.283333333334,1,1,3829.0955000000004,2026-09-24T00:13:40Z,4906.333333333333,1,1,789.3934999999999,2026-09-24T00:13:40Z,4906.333333333333,1,1,3039.702,2026-09-24T00:13:40Z,4906.333333333333,1,1,3245.221,2026-09-24T01:00:36Z,,4859.4,1,1,-17.557,2026-09-24T01:47:45Z,2026-09-24T01:30:00Z,4812.25,1,1,97.77,2026-09-24T01:47:45Z,2026-09-24T01:30:00Z,4812.25,1,1,9799.771,2026-09-24T01:47:45Z,2026-09-24T01:30:00Z,4812.25,1,1,4254.922,2026-09-24T01:47:45Z,2026-09-24T01:30:00Z,4812.25,1,1,353.766,2026-09-24T01:47:45Z,2026-09-24T01:30:00Z,4812.25,1,1,-37.505,2026-09-24T01:30:05Z,2026-09-24T01:00:00Z,4829.916666666667,1,1,105.91,2026-09-24T01:30:05Z,2026-09-24T01:00:00Z,4829.916666666667,1,1,0.024,2026-09-24T01:00:37Z,,4859.383333333333,1,1,0.0,2026-09-24T01:00:37Z,,4859.383333333333,1,1,3437.2105,254.74650000000003,204.605,372.545,2026-08-31T23:00:00Z,38100.0,1,,,,,3901.1559999999995,,,,,1,1,1,1,1,1,0,0,0,0,0,0,0,0,0,1,1,1,1,1,1,1,1,1,1,1,1,1,1,1,1,1,1,1,1,1,1,1,1,1,1,1,1,1,1,1,1,1,1,1,1,1,1,1,1,1,1,1,1,1,0,0,0,0,0,0,0,0,0,0,0,0,0,0,1,0,0,0,0,0,0,0,0,0,0,0,0,0,0,0,0,0,0,0,0,0,0,0,0,0,0,0,0,0,0,0,1,0,0,0,1,0,1,1,1,1,0,1,1,1,1
2026-09-27T10:00:00Z,2026-09-27T11:00:00Z,60,,,,0,1,,,,0,1,4706.0,2026-09-24T01:50:10Z,4809.833333333333,1,1,686.0,2026-09-24T01:50:10Z,4809.833333333333,1,1,4020.0,2026-09-24T01:50:10Z,4809.833333333333,1,1,,,,0,1,,,,0,1,,,,0,1,,,,0,1,,,,0,1,,,,0,1,,,,0,1,,,,0,1,,,,0,1,,,,0,1,,,,0,1,,,,0,1,,,,0,1,,,,0,1,,,,0,1,3746.444,2026-09-24T00:13:43Z,4906.283333333334,1,1,3746.444,2026-09-24T00:13:40Z,4906.333333333333,1,1,752.788,2026-09-24T00:13:40Z,4906.333333333333,1,1,2993.656,2026-09-24T00:13:40Z,4906.333333333333,1,1,3245.221,2026-09-24T01:00:36Z,,4859.4,1,1,-17.557,2026-09-24T01:47:45Z,2026-09-24T01:30:00Z,4812.25,1,1,97.77,2026-09-24T01:47:45Z,2026-09-24T01:30:00Z,4812.25,1,1,9799.771,2026-09-24T01:47:45Z,2026-09-24T01:30:00Z,4812.25,1,1,4254.922,2026-09-24T01:47:45Z,2026-09-24T01:30:00Z,4812.25,1,1,353.766,2026-09-24T01:47:45Z,2026-09-24T01:30:00Z,4812.25,1,1,-37.505,2026-09-24T01:30:05Z,2026-09-24T01:00:00Z,4829.916666666667,1,1,105.91,2026-09-24T01:30:05Z,2026-09-24T01:00:00Z,4829.916666666667,1,1,0.024,2026-09-24T01:00:37Z,,4859.383333333333,1,1,0.0,2026-09-24T01:00:37Z,,4859.383333333333,1,1,3437.2105,254.74650000000003,204.605,372.545,2026-08-31T23:00:00Z,38100.0,1,,,,,3901.1559999999995,,,,,1,1,1,1,1,1,0,0,0,0,0,0,0,0,0,1,1,1,1,1,1,1,1,1,1,1,1,1,1,1,1,1,1,1,1,1,1,1,1,1,1,1,1,1,1,1,1,1,1,1,1,1,1,1,1,1,1,1,1,1,0,0,0,0,0,0,0,0,0,0,0,0,0,0,1,0,0,0,0,0,0,0,0,0,0,0,0,0,0,0,0,0,0,0,0,0,0,0,0,0,0,0,0,0,0,0,1,0,0,0,1,0,1,1,1,1,0,1,1,1,1
2026-09-27T10:30:00Z,2026-09-27T11:00:00Z,30,,,,0,1,,,,0,1,4706.0,2026-09-24T01:50:10Z,4839.833333333333,1,1,686.0,2026-09-24T01:50:10Z,4839.833333333333,1,1,4020.0,2026-09-24T01:50:10Z,4839.833333333333,1,1,,,,0,1,,,,0,1,,,,0,1,,,,0,1,,,,0,1,,,,0,1,,,,0,1,,,,0,1,,,,0,1,,,,0,1,,,,0,1,,,,0,1,,,,0,1,,,,0,1,,,,0,1,3746.444,2026-09-24T00:13:43Z,4936.283333333334,1,1,3746.444,2026-09-24T00:13:40Z,4936.333333333333,1,1,752.788,2026-09-24T00:13:40Z,4936.333333333333,1,1,2993.656,2026-09-24T00:13:40Z,4936.333333333333,1,1,3245.221,2026-09-24T01:00:36Z,,4889.4,1,1,-17.557,2026-09-24T01:47:45Z,2026-09-24T01:30:00Z,4842.25,1,1,97.77,2026-09-24T01:47:45Z,2026-09-24T01:30:00Z,4842.25,1,1,9799.771,2026-09-24T01:47:45Z,2026-09-24T01:30:00Z,4842.25,1,1,4254.922,2026-09-24T01:47:45Z,2026-09-24T01:30:00Z,4842.25,1,1,353.766,2026-09-24T01:47:45Z,2026-09-24T01:30:00Z,4842.25,1,1,-37.505,2026-09-24T01:30:05Z,2026-09-24T01:00:00Z,4859.916666666667,1,1,105.91,2026-09-24T01:30:05Z,2026-09-24T01:00:00Z,4859.916666666667,1,1,0.024,2026-09-24T01:00:37Z,,4889.383333333333,1,1,0.0,2026-09-24T01:00:37Z,,4889.383333333333,1,1,3437.2105,254.74650000000003,204.605,372.545,2026-08-31T23:00:00Z,38130.0,1,,,,,3901.1559999999995,,,,,1,1,1,1,1,1,0,0,0,0,0,0,0,0,0,1,1,1,1,1,1,1,1,1,1,1,1,1,1,1,1,1,1,1,1,1,1,1,1,1,1,1,1,1,1,1,1,1,1,1,1,1,1,1,1,1,1,1,1,1,0,0,0,0,0,0,0,0,0,0,0,0,0,0,1,0,0,0,0,0,0,0,0,0,0,0,0,0,0,0,0,0,0,0,0,0,0,0,0,0,0,0,0,0,0,0,1,0,0,0,1,0,1,1,1,1,0,1,1,1,1
2026-09-27T10:30:00Z,2026-09-27T11:30:00Z,60,,,,0,1,,,,0,1,4895.0,2026-09-24T01:50:10Z,4839.833333333333,1,1,704.0,2026-09-24T01:50:10Z,4839.833333333333,1,1,4191.0,2026-09-24T01:50:10Z,4839.833333333333,1,1,,,,0,1,,,,0,1,,,,0,1,,,,0,1,,,,0,1,,,,0,1,,,,0,1,,,,0,1,,,,0,1,,,,0,1,,,,0,1,,,,0,1,,,,0,1,,,,0,1,,,,0,1,3695.9055,2026-09-24T00:13:43Z,4936.283333333334,1,1,3695.9055,2026-09-24T00:13:40Z,4936.333333333333,1,1,721.1315,2026-09-24T00:13:40Z,4936.333333333333,1,1,2974.774,2026-09-24T00:13:40Z,4936.333333333333,1,1,3245.221,2026-09-24T01:00:36Z,,4889.4,1,1,-17.557,2026-09-24T01:47:45Z,2026-09-24T01:30:00Z,4842.25,1,1,97.77,2026-09-24T01:47:45Z,2026-09-24T01:30:00Z,4842.25,1,1,9799.771,2026-09-24T01:47:45Z,2026-09-24T01:30:00Z,4842.25,1,1,4254.922,2026-09-24T01:47:45Z,2026-09-24T01:30:00Z,4842.25,1,1,353.766,2026-09-24T01:47:45Z,2026-09-24T01:30:00Z,4842.25,1,1,-37.505,2026-09-24T01:30:05Z,2026-09-24T01:00:00Z,4859.916666666667,1,1,105.91,2026-09-24T01:30:05Z,2026-09-24T01:00:00Z,4859.916666666667,1,1,0.024,2026-09-24T01:00:37Z,,4889.383333333333,1,1,0.0,2026-09-24T01:00:37Z,,4889.383333333333,1,1,3437.2105,254.74650000000003,204.605,372.545,2026-08-31T23:00:00Z,38130.0,1,,,,,3901.1559999999995,,,,,1,1,1,1,1,1,0,0,0,0,0,0,0,0,0,1,1,1,1,1,1,1,1,1,1,1,1,1,1,1,1,1,1,1,1,1,1,1,1,1,1,1,1,1,1,1,1,1,1,1,1,1,1,1,1,1,1,1,1,1,0,0,0,0,0,0,0,0,0,0,0,0,0,0,1,0,0,0,0,0,0,0,0,0,0,0,0,0,0,0,0,0,0,0,0,0,0,0,0,0,0,0,0,0,0,0,1,0,0,0,1,0,1,1,1,1,0,1,1,1,1
2026-09-27T11:00:00Z,2026-09-27T11:30:00Z,30,,,,0,1,,,,0,1,4895.0,2026-09-24T01:50:10Z,4869.833333333333,1,1,704.0,2026-09-24T01:50:10Z,4869.833333333333,1,1,4191.0,2026-09-24T01:50:10Z,4869.833333333333,1,1,,,,0,1,,,,0,1,,,,0,1,,,,0,1,,,,0,1,,,,0,1,,,,0,1,,,,0,1,,,,0,1,,,,0,1,,,,0,1,,,,0,1,,,,0,1,,,,0,1,,,,0,1,3695.9055,2026-09-24T00:13:43Z,4966.283333333334,1,1,3695.9055,2026-09-24T00:13:40Z,4966.333333333333,1,1,721.1315,2026-09-24T00:13:40Z,4966.333333333333,1,1,2974.774,2026-09-24T00:13:40Z,4966.333333333333,1,1,3245.221,2026-09-24T01:00:36Z,,4919.4,1,1,-17.557,2026-09-24T01:47:45Z,2026-09-24T01:30:00Z,4872.25,1,1,97.77,2026-09-24T01:47:45Z,2026-09-24T01:30:00Z,4872.25,1,1,9799.771,2026-09-24T01:47:45Z,2026-09-24T01:30:00Z,4872.25,1,1,4254.922,2026-09-24T01:47:45Z,2026-09-24T01:30:00Z,4872.25,1,1,353.766,2026-09-24T01:47:45Z,2026-09-24T01:30:00Z,4872.25,1,1,-37.505,2026-09-24T01:30:05Z,2026-09-24T01:00:00Z,4889.916666666667,1,1,105.91,2026-09-24T01:30:05Z,2026-09-24T01:00:00Z,4889.916666666667,1,1,0.024,2026-09-24T01:00:37Z,,4919.383333333333,1,1,0.0,2026-09-24T01:00:37Z,,4919.383333333333,1,1,3437.2105,254.74650000000003,204.605,372.545,2026-08-31T23:00:00Z,38160.0,1,,,,,3901.1559999999995,,,,,1,1,1,1,1,1,0,0,0,0,0,0,0,0,0,1,1,1,1,1,1,1,1,1,1,1,1,1,1,1,1,1,1,1,1,1,1,1,1,1,1,1,1,1,1,1,1,1,1,1,1,1,1,1,1,1,1,1,1,1,0,0,0,0,0,0,0,0,0,0,0,0,0,0,1,0,0,0,0,0,0,0,0,0,0,0,0,0,0,0,0,0,0,0,0,0,0,0,0,0,0,0,0,0,0,0,1,0,0,0,1,0,1,1,1,1,0,1,1,1,1
2026-09-27T11:00:00Z,2026-09-27T12:00:00Z,60,,,,0,1,,,,0,1,4935.0,2026-09-24T01:50:10Z,4869.833333333333,1,1,701.0,2026-09-24T01:50:10Z,4869.833333333333,1,1,4234.0,2026-09-24T01:50:10Z,4869.833333333333,1,1,,,,0,1,,,,0,1,,,,0,1,,,,0,1,,,,0,1,,,,0,1,,,,0,1,,,,0,1,,,,0,1,,,,0,1,,,,0,1,,,,0,1,,,,0,1,,,,0,1,,,,0,1,3655.107,2026-09-24T00:13:43Z,4966.283333333334,1,1,3655.107,2026-09-24T00:13:40Z,4966.333333333333,1,1,691.1334999999999,2026-09-24T00:13:40Z,4966.333333333333,1,1,2963.9735,2026-09-24T00:13:40Z,4966.333333333333,1,1,3245.221,2026-09-24T01:00:36Z,,4919.4,1,1,-17.557,2026-09-24T01:47:45Z,2026-09-24T01:30:00Z,4872.25,1,1,97.77,2026-09-24T01:47:45Z,2026-09-24T01:30:00Z,4872.25,1,1,9799.771,2026-09-24T01:47:45Z,2026-09-24T01:30:00Z,4872.25,1,1,4254.922,2026-09-24T01:47:45Z,2026-09-24T01:30:00Z,4872.25,1,1,353.766,2026-09-24T01:47:45Z,2026-09-24T01:30:00Z,4872.25,1,1,-37.505,2026-09-24T01:30:05Z,2026-09-24T01:00:00Z,4889.916666666667,1,1,105.91,2026-09-24T01:30:05Z,2026-09-24T01:00:00Z,4889.916666666667,1,1,0.024,2026-09-24T01:00:37Z,,4919.383333333333,1,1,0.0,2026-09-24T01:00:37Z,,4919.383333333333,1,1,3437.2105,254.74650000000003,204.605,372.545,2026-08-31T23:00:00Z,38160.0,1,,,,,3901.1559999999995,,,,,1,1,1,1,1,1,0,0,0,0,0,0,0,0,0,1,1,1,1,1,1,1,1,1,1,1,1,1,1,1,1,1,1,1,1,1,1,1,1,1,1,1,1,1,1,1,1,1,1,1,1,1,1,1,1,1,1,1,1,1,0,0,0,0,0,0,0,0,0,0,0,0,0,0,1,0,0,0,0,0,0,0,0,0,0,0,0,0,0,0,0,0,0,0,0,0,0,0,0,0,0,0,0,0,0,0,1,0,0,0,1,0,1,1,1,1,0,1,1,1,1
2026-09-27T11:30:00Z,2026-09-27T12:00:00Z,30,,,,0,1,,,,0,1,4935.0,2026-09-24T01:50:10Z,4899.833333333333,1,1,701.0,2026-09-24T01:50:10Z,4899.833333333333,1,1,4234.0,2026-09-24T01:50:10Z,4899.833333333333,1,1,,,,0,1,,,,0,1,,,,0,1,,,,0,1,,,,0,1,,,,0,1,,,,0,1,,,,0,1,,,,0,1,,,,0,1,,,,0,1,,,,0,1,,,,0,1,,,,0,1,,,,0,1,3655.107,2026-09-24T00:13:43Z,4996.283333333334,1,1,3655.107,2026-09-24T00:13:40Z,4996.333333333333,1,1,691.1334999999999,2026-09-24T00:13:40Z,4996.333333333333,1,1,2963.9735,2026-09-24T00:13:40Z,4996.333333333333,1,1,3245.221,2026-09-24T01:00:36Z,,4949.4,1,1,-17.557,2026-09-24T01:47:45Z,2026-09-24T01:30:00Z,4902.25,1,1,97.77,2026-09-24T01:47:45Z,2026-09-24T01:30:00Z,4902.25,1,1,9799.771,2026-09-24T01:47:45Z,2026-09-24T01:30:00Z,4902.25,1,1,4254.922,2026-09-24T01:47:45Z,2026-09-24T01:30:00Z,4902.25,1,1,353.766,2026-09-24T01:47:45Z,2026-09-24T01:30:00Z,4902.25,1,1,-37.505,2026-09-24T01:30:05Z,2026-09-24T01:00:00Z,4919.916666666667,1,1,105.91,2026-09-24T01:30:05Z,2026-09-24T01:00:00Z,4919.916666666667,1,1,0.024,2026-09-24T01:00:37Z,,4949.383333333333,1,1,0.0,2026-09-24T01:00:37Z,,4949.383333333333,1,1,3437.2105,254.74650000000003,204.605,372.545,2026-08-31T23:00:00Z,38190.0,1,,,,,3901.1559999999995,,,,,1,1,1,1,1,1,0,0,0,0,0,0,0,0,0,1,1,1,1,1,1,1,1,1,1,1,1,1,1,1,1,1,1,1,1,1,1,1,1,1,1,1,1,1,1,1,1,1,1,1,1,1,1,1,1,1,1,1,1,1,0,0,0,0,0,0,0,0,0,0,0,0,0,0,1,0,0,0,0,0,0,0,0,0,0,0,0,0,0,0,0,0,0,0,0,0,0,0,0,0,0,0,0,0,0,0,1,0,0,0,1,0,1,1,1,1,0,1,1,1,1
2026-09-27T11:30:00Z,2026-09-27T12:30:00Z,60,,,,0,1,,,,0,1,4940.0,2026-09-24T01:50:10Z,4899.833333333333,1,1,696.0,2026-09-24T01:50:10Z,4899.833333333333,1,1,4244.0,2026-09-24T01:50:10Z,4899.833333333333,1,1,,,,0,1,,,,0,1,,,,0,1,,,,0,1,,,,0,1,,,,0,1,,,,0,1,,,,0,1,,,,0,1,,,,0,1,,,,0,1,,,,0,1,,,,0,1,,,,0,1,,,,0,1,3643.5795,2026-09-24T00:13:43Z,4996.283333333334,1,1,3643.5795,2026-09-24T00:13:40Z,4996.333333333333,1,1,666.127,2026-09-24T00:13:40Z,4996.333333333333,1,1,2977.4525,2026-09-24T00:13:40Z,4996.333333333333,1,1,3245.221,2026-09-24T01:00:36Z,,4949.4,1,1,-17.557,2026-09-24T01:47:45Z,2026-09-24T01:30:00Z,4902.25,1,1,97.77,2026-09-24T01:47:45Z,2026-09-24T01:30:00Z,4902.25,1,1,9799.771,2026-09-24T01:47:45Z,2026-09-24T01:30:00Z,4902.25,1,1,4254.922,2026-09-24T01:47:45Z,2026-09-24T01:30:00Z,4902.25,1,1,353.766,2026-09-24T01:47:45Z,2026-09-24T01:30:00Z,4902.25,1,1,-37.505,2026-09-24T01:30:05Z,2026-09-24T01:00:00Z,4919.916666666667,1,1,105.91,2026-09-24T01:30:05Z,2026-09-24T01:00:00Z,4919.916666666667,1,1,0.024,2026-09-24T01:00:37Z,,4949.383333333333,1,1,0.0,2026-09-24T01:00:37Z,,4949.383333333333,1,1,3437.2105,254.74650000000003,204.605,372.545,2026-08-31T23:00:00Z,38190.0,1,,,,,3901.1559999999995,,,,,1,1,1,1,1,1,0,0,0,0,0,0,0,0,0,1,1,1,1,1,1,1,1,1,1,1,1,1,1,1,1,1,1,1,1,1,1,1,1,1,1,1,1,1,1,1,1,1,1,1,1,1,1,1,1,1,1,1,1,1,0,0,0,0,0,0,0,0,0,0,0,0,0,0,1,0,0,0,0,0,0,0,0,0,0,0,0,0,0,0,0,0,0,0,0,0,0,0,0,0,0,0,0,0,0,0,1,0,0,0,1,0,1,1,1,1,0,1,1,1,1
2026-09-27T12:00:00Z,2026-09-27T12:30:00Z,30,,,,0,1,,,,0,1,4940.0,2026-09-24T01:50:10Z,4929.833333333333,1,1,696.0,2026-09-24T01:50:10Z,4929.833333333333,1,1,4244.0,2026-09-24T01:50:10Z,4929.833333333333,1,1,,,,0,1,,,,0,1,,,,0,1,,,,0,1,,,,0,1,,,,0,1,,,,0,1,,,,0,1,,,,0,1,,,,0,1,,,,0,1,,,,0,1,,,,0,1,,,,0,1,,,,0,1,3643.5795,2026-09-24T00:13:43Z,5026.283333333334,1,1,3643.5795,2026-09-24T00:13:40Z,5026.333333333333,1,1,666.127,2026-09-24T00:13:40Z,5026.333333333333,1,1,2977.4525,2026-09-24T00:13:40Z,5026.333333333333,1,1,3245.221,2026-09-24T01:00:36Z,,4979.4,1,1,-17.557,2026-09-24T01:47:45Z,2026-09-24T01:30:00Z,4932.25,1,1,97.77,2026-09-24T01:47:45Z,2026-09-24T01:30:00Z,4932.25,1,1,9799.771,2026-09-24T01:47:45Z,2026-09-24T01:30:00Z,4932.25,1,1,4254.922,2026-09-24T01:47:45Z,2026-09-24T01:30:00Z,4932.25,1,1,353.766,2026-09-24T01:47:45Z,2026-09-24T01:30:00Z,4932.25,1,1,-37.505,2026-09-24T01:30:05Z,2026-09-24T01:00:00Z,4949.916666666667,1,1,105.91,2026-09-24T01:30:05Z,2026-09-24T01:00:00Z,4949.916666666667,1,1,0.024,2026-09-24T01:00:37Z,,4979.383333333333,1,1,0.0,2026-09-24T01:00:37Z,,4979.383333333333,1,1,3437.2105,254.74650000000003,204.605,372.545,2026-08-31T23:00:00Z,38220.0,1,,,,,3901.1559999999995,,,,,1,1,1,1,1,1,0,0,0,0,0,0,0,0,0,1,1,1,1,1,1,1,1,1,1,1,1,1,1,1,1,1,1,1,1,1,1,1,1,1,1,1,1,1,1,1,1,1,1,1,1,1,1,1,1,1,1,1,1,1,0,0,0,0,0,0,0,0,0,0,0,0,0,0,1,0,0,0,0,0,0,0,0,0,0,0,0,0,0,0,0,0,0,0,0,0,0,0,0,0,0,0,0,0,0,0,1,0,0,0,1,0,1,1,1,1,0,1,1,1,1
