source_id,provider,report,year,url,relative_path,licence_note,schema_version,local_path,bytes,sha256,retrieved_at_utc,first_interval_utc,last_interval_utc,row_count
semo_pub_15minaggwindfcst_202609230004,SEMO,PUB_15MinAggWindFcst,2026,https://reports.sem-o.com/documents/PUB_15MinAggWindFcst_202609230004.xml,semo/market_signals/PUB_15MinAggWindFcst/2026/09/PUB_15MinAggWindFcst_202609230004.xml,Review the SEMO open-data terms and disclaimer before redistribution.,semo-market-v1,data/raw/semo/market_signals/PUB_15MinAggWindFcst/2026/09/PUB_15MinAggWindFcst_202609230004.xml,66365,7b586949527feb03c8f3e8d61db0587e3762c2047d89d404148496fe74903483,2026-09-23T22:39:11Z,2026-09-22T22:15:00+00:00,2026-09-27T01:00:00+00:00,395
semo_pub_15minaggwindfcst_202609230013,SEMO,PUB_15MinAggWindFcst,2026,https://reports.sem-o.com/documents/PUB_15MinAggWindFcst_202609230013.xml,semo/market_signals/PUB_15MinAggWindFcst/2026/09/PUB_15MinAggWindFcst_202609230013.xml,Review the SEMO open-data terms and disclaimer before redistribution.,semo-market-v1,data/raw/semo/market_signals/PUB_15MinAggWindFcst/2026/09/PUB_15MinAggWindFcst_202609230013.xml,66341,4fa04489b33cdbc118ff5b6b88e293ffd72cafa1ed6841e146f5c4c19b0da86c,2026-09-23T22:39:10Z,2026-09-22T22:15:00+00:00,2026-09-27T01:00:00+00:00,395
semo_pub_15minaggwindfcst_202609230604,SEMO,PUB_15MinAggWindFcst,2026,https://reports.sem-o.com/documents/PUB_15MinAggWindFcst_202609230604.xml,semo/market_signals/PUB_15MinAggWindFcst/2026/09/PUB_15MinAggWindFcst_202609230604.xml,Review the SEMO open-data terms and disclaimer before redistribution.,semo-market-v1,data/raw/semo/market_signals/PUB_15MinAggWindFcst/2026/09/PUB_15MinAggWindFcst_202609230604.xml,70381,4e85859876c782fd0879daab0dd72a9a11f25f06e9612e586d96c565098d9612,2026-09-23T22:39:10Z,2026-09-22T22:15:00+00:00,2026-09-27T07:00:00+00:00,419
semo_pub_15minaggwindfcst_202609230614,SEMO,PUB_15MinAggWindFcst,2026,https://reports.sem-o.com/documents/PUB_15MinAggWindFcst_202609230614.xml,semo/market_signals/PUB_15MinAggWindFcst/2026/09/PUB_15MinAggWindFcst_202609230614.xml,Review the SEMO open-data terms and disclaimer before redistribution.,semo-market-v1,data/raw/semo/market_signals/PUB_15MinAggWindFcst/2026/09/PUB_15MinAggWindFcst_202609230614.xml,70424,ff3a45c0efc3ae4a0869e9b4c8bfd4e41ac17e68e1ef76781b9e9a10163a99bf,2026-09-23T22:39:10Z,2026-09-22T22:15:00+00:00,2026-09-27T07:00:00+00:00,419
semo_pub_15minaggwindfcst_202609231209,SEMO,PUB_15MinAggWindFcst,2026,https://reports.sem-o.com/documents/PUB_15MinAggWindFcst_202609231209.xml,semo/market_signals/PUB_15MinAggWindFcst/2026/09/PUB_15MinAggWindFcst_202609231209.xml,Review the SEMO open-data terms and disclaimer before redistribution.,semo-market-v1,data/raw/semo/market_signals/PUB_15MinAggWindFcst/2026/09/PUB_15MinAggWindFcst_202609231209.xml,74433,30f71580ca6ae84772f1b820e2391753c69cab37c491e2021aa6484374b3c8c7,2026-09-23T22:39:10Z,2026-09-22T22:15:00+00:00,2026-09-27T13:00:00+00:00,443
semo_pub_15minaggwindfcst_202609231214,SEMO,PUB_15MinAggWindFcst,2026,https://reports.sem-o.com/documents/PUB_15MinAggWindFcst_202609231214.xml,semo/market_signals/PUB_15MinAggWindFcst/2026/09/PUB_15MinAggWindFcst_202609231214.xml,Review the SEMO open-data terms and disclaimer before redistribution.,semo-market-v1,data/raw/semo/market_signals/PUB_15MinAggWindFcst/2026/09/PUB_15MinAggWindFcst_202609231214.xml,74461,f2bc347ed177318a46e13f0bd3e6d4ed4af9716104a38f6008ff4e3813f8ef3f,2026-09-23T22:39:11Z,2026-09-22T22:15:00+00:00,2026-09-27T13:00:00+00:00,443
semo_pub_15minaggwindfcst_202609231223,SEMO,PUB_15MinAggWindFcst,2026,https://reports.sem-o.com/documents/PUB_15MinAggWindFcst_202609231223.xml,semo/market_signals/PUB_15MinAggWindFcst/2026/09/PUB_15MinAggWindFcst_202609231223.xml,Review the SEMO open-data terms and disclaimer before redistribution.,semo-market-v1,data/raw/semo/market_signals/PUB_15MinAggWindFcst/2026/09/PUB_15MinAggWindFcst_202609231223.xml,74461,178272b305f64a7136f6cc53ea630a200aa278c6369d57116364795b52a1e937,2026-09-23T22:39:10Z,2026-09-22T22:15:00+00:00,2026-09-27T13:00:00+00:00,443
semo_pub_15minaggwindfcst_202609231804,SEMO,PUB_15MinAggWindFcst,2026,https://reports.sem-o.com/documents/PUB_15MinAggWindFcst_202609231804.xml,semo/market_signals/PUB_15MinAggWindFcst/2026/09/PUB_15MinAggWindFcst_202609231804.xml,Review the SEMO open-data terms and disclaimer before redistribution.,semo-market-v1,data/raw/semo/market_signals/PUB_15MinAggWindFcst/2026/09/PUB_15MinAggWindFcst_202609231804.xml,78464,9c8bd0012b09c868a66ab589afaa07fbe8754222d431b7f0031d4c6b283f92bd,2026-09-23T22:39:10Z,2026-09-22T22:15:00+00:00,2026-09-27T19:00:00+00:00,467
semo_pub_15minaggwindfcst_202609231814,SEMO,PUB_15MinAggWindFcst,2026,https://reports.sem-o.com/documents/PUB_15MinAggWindFcst_202609231814.xml,semo/market_signals/PUB_15MinAggWindFcst/2026/09/PUB_15MinAggWindFcst_202609231814.xml,Review the SEMO open-data terms and disclaimer before redistribution.,semo-market-v1,data/raw/semo/market_signals/PUB_15MinAggWindFcst/2026/09/PUB_15MinAggWindFcst_202609231814.xml,78510,ce91b819c4589b86d9debe5e8ebf4bc202e956895d1e969332970ef884bfe603,2026-09-23T22:39:10Z,2026-09-22T22:15:00+00:00,2026-09-27T19:00:00+00:00,467
semo_pub_15minaggwindfcst_202609240004,SEMO,PUB_15MinAggWindFcst,2026,https://reports.sem-o.com/documents/PUB_15MinAggWindFcst_202609240004.xml,semo/market_signals/PUB_15MinAggWindFcst/2026/09/PUB_15MinAggWindFcst_202609240004.xml,Review the SEMO open-data terms and disclaimer before redistribution.,semo-market-v1,data/raw/semo/market_signals/PUB_15MinAggWindFcst/2026/09/PUB_15MinAggWindFcst_202609240004.xml,66466,f799609f1915e0c77f0b882586c6ea5404e087c8ead85408c970784fa8723604,2026-09-24T02:00:57Z,2026-09-23T22:15:00+00:00,2026-09-28T01:00:00+00:00,395
semo_pub_15minaggwindfcst_202609240013,SEMO,PUB_15MinAggWindFcst,2026,https://reports.sem-o.com/documents/PUB_15MinAggWindFcst_202609240013.xml,semo/market_signals/PUB_15MinAggWindFcst/2026/09/PUB_15MinAggWindFcst_202609240013.xml,Review the SEMO open-data terms and disclaimer before redistribution.,semo-market-v1,data/raw/semo/market_signals/PUB_15MinAggWindFcst/2026/09/PUB_15MinAggWindFcst_202609240013.xml,66486,d0a04692c046be2aab36424774fbc8adc1779e7aaaf570cc52dbd314a9ccbd75,2026-09-24T02:00:57Z,2026-09-23T22:15:00+00:00,2026-09-28T01:00:00+00:00,395
semo_pub_30minavgimbalprc_202609222200,SEMO,PUB_30MinAvgImbalPrc,2026,https://reports.sem-o.com/documents/PUB_30MinAvgImbalPrc_202609222200.xml,semo/market_signals/PUB_30MinAvgImbalPrc/2026/09/PUB_30MinAvgImbalPrc_202609222200.xml,Review the SEMO open-data terms and disclaimer before redistribution.,semo-market-v1,data/raw/semo/market_signals/PUB_30MinAvgImbalPrc/2026/09/PUB_30MinAvgImbalPrc_202609222200.xml,485,6855fbb25d96a84775b3059bf0f89e48f24a4f6d2e5fc71353280d01cfc860ca,2026-09-23T22:40:01Z,2026-09-22T22:00:00+00:00,2026-09-22T22:30:00+00:00,2
semo_pub_30minavgimbalprc_202609222230,SEMO,PUB_30MinAvgImbalPrc,2026,https://reports.sem-o.com/documents/PUB_30MinAvgImbalPrc_202609222230.xml,semo/market_signals/PUB_30MinAvgImbalPrc/2026/09/PUB_30MinAvgImbalPrc_202609222230.xml,Review the SEMO open-data terms and disclaimer before redistribution.,semo-market-v1,data/raw/semo/market_signals/PUB_30MinAvgImbalPrc/2026/09/PUB_30MinAvgImbalPrc_202609222230.xml,486,75787c3be82124fab5716c9d5a11a2ae133be036d879db6f7568605a97e386f1,2026-09-23T22:40:01Z,2026-09-22T22:30:00+00:00,2026-09-22T23:00:00+00:00,2
semo_pub_30minavgimbalprc_202609222300,SEMO,PUB_30MinAvgImbalPrc,2026,https://reports.sem-o.com/documents/PUB_30MinAvgImbalPrc_202609222300.xml,semo/market_signals/PUB_30MinAvgImbalPrc/2026/09/PUB_30MinAvgImbalPrc_202609222300.xml,Review the SEMO open-data terms and disclaimer before redistribution.,semo-market-v1,data/raw/semo/market_signals/PUB_30MinAvgImbalPrc/2026/09/PUB_30MinAvgImbalPrc_202609222300.xml,487,4625140711869da42ddd1f08e457cc63751b03db800a7a576b9ccedcb6b30c0e,2026-09-23T22:40:01Z,2026-09-22T23:00:00+00:00,2026-09-22T23:30:00+00:00,2
semo_pub_30minavgimbalprc_202609222330,SEMO,PUB_30MinAvgImbalPrc,2026,https://reports.sem-o.com/documents/PUB_30MinAvgImbalPrc_202609222330.xml,semo/market_signals/PUB_30MinAvgImbalPrc/2026/09/PUB_30MinAvgImbalPrc_202609222330.xml,Review the SEMO open-data terms and disclaimer before redistribution.,semo-market-v1,data/raw/semo/market_signals/PUB_30MinAvgImbalPrc/2026/09/PUB_30MinAvgImbalPrc_202609222330.xml,486,4490b2d68363881d822db308ec882ae12e1d0d9db920c97f31e28591c94cf63c,2026-09-23T22:40:01Z,2026-09-22T23:30:00+00:00,2026-09-23T00:00:00+00:00,2
semo_pub_30minavgimbalprc_202609230000,SEMO,PUB_30MinAvgImbalPrc,2026,https://reports.sem-o.com/documents/PUB_30MinAvgImbalPrc_202609230000.xml,semo/market_signals/PUB_30MinAvgImbalPrc/2026/09/PUB_30MinAvgImbalPrc_202609230000.xml,Review the SEMO open-data terms and disclaimer before redistribution.,semo-market-v1,data/raw/semo/market_signals/PUB_30MinAvgImbalPrc/2026/09/PUB_30MinAvgImbalPrc_202609230000.xml,485,cd2653080448274624518cd3352cb6c226fc8d4153f371b1b564b4318482fde6,2026-09-23T22:40:01Z,2026-09-23T00:00:00+00:00,2026-09-23T00:30:00+00:00,2
semo_pub_30minavgimbalprc_202609230030,SEMO,PUB_30MinAvgImbalPrc,2026,https://reports.sem-o.com/documents/PUB_30MinAvgImbalPrc_202609230030.xml,semo/market_signals/PUB_30MinAvgImbalPrc/2026/09/PUB_30MinAvgImbalPrc_202609230030.xml,Review the SEMO open-data terms and disclaimer before redistribution.,semo-market-v1,data/raw/semo/market_signals/PUB_30MinAvgImbalPrc/2026/09/PUB_30MinAvgImbalPrc_202609230030.xml,486,afdfcecdee71bef1689741a65f0e6f03c18f6ee9000b7a4c4652c51da0985c92,2026-09-23T22:40:01Z,2026-09-23T00:30:00+00:00,2026-09-23T01:00:00+00:00,2
semo_pub_30minavgimbalprc_202609230100,SEMO,PUB_30MinAvgImbalPrc,2026,https://reports.sem-o.com/documents/PUB_30MinAvgImbalPrc_202609230100.xml,semo/market_signals/PUB_30MinAvgImbalPrc/2026/09/PUB_30MinAvgImbalPrc_202609230100.xml,Review the SEMO open-data terms and disclaimer before redistribution.,semo-market-v1,data/raw/semo/market_signals/PUB_30MinAvgImbalPrc/2026/09/PUB_30MinAvgImbalPrc_202609230100.xml,486,4b8640dfe2fc0a7b733b8268a05e503213499cc1de8952465a43630d7b9e5e8e,2026-09-23T22:40:01Z,2026-09-23T01:00:00+00:00,2026-09-23T01:30:00+00:00,2
semo_pub_30minavgimbalprc_202609230130,SEMO,PUB_30MinAvgImbalPrc,2026,https://reports.sem-o.com/documents/PUB_30MinAvgImbalPrc_202609230130.xml,semo/market_signals/PUB_30MinAvgImbalPrc/2026/09/PUB_30MinAvgImbalPrc_202609230130.xml,Review the SEMO open-data terms and disclaimer before redistribution.,semo-market-v1,data/raw/semo/market_signals/PUB_30MinAvgImbalPrc/2026/09/PUB_30MinAvgImbalPrc_202609230130.xml,487,e0f9dfda0a08efc6d56538dc90759511889af4256ed5e835795abb740a67f74e,2026-09-23T22:40:01Z,2026-09-23T01:30:00+00:00,2026-09-23T02:00:00+00:00,2
semo_pub_30minavgimbalprc_202609230200,SEMO,PUB_30MinAvgImbalPrc,2026,https://reports.sem-o.com/documents/PUB_30MinAvgImbalPrc_202609230200.xml,semo/market_signals/PUB_30MinAvgImbalPrc/2026/09/PUB_30MinAvgImbalPrc_202609230200.xml,Review the SEMO open-data terms and disclaimer before redistribution.,semo-market-v1,data/raw/semo/market_signals/PUB_30MinAvgImbalPrc/2026/09/PUB_30MinAvgImbalPrc_202609230200.xml,487,5d6d06728ac1f024eafe5f9b775d6911e64016e3859b69b034d683a799f316d6,2026-09-23T22:40:01Z,2026-09-23T02:00:00+00:00,2026-09-23T02:30:00+00:00,2
semo_pub_30minavgimbalprc_202609230230,SEMO,PUB_30MinAvgImbalPrc,2026,https://reports.sem-o.com/documents/PUB_30MinAvgImbalPrc_202609230230.xml,semo/market_signals/PUB_30MinAvgImbalPrc/2026/09/PUB_30MinAvgImbalPrc_202609230230.xml,Review the SEMO open-data terms and disclaimer before redistribution.,semo-market-v1,data/raw/semo/market_signals/PUB_30MinAvgImbalPrc/2026/09/PUB_30MinAvgImbalPrc_202609230230.xml,487,427962ce3bfc6e392e1f9299411ea6f4d36bb96455307c0f6ea37893a6d08b5a,2026-09-23T22:40:01Z,2026-09-23T02:30:00+00:00,2026-09-23T03:00:00+00:00,2
semo_pub_30minavgimbalprc_202609230300,SEMO,PUB_30MinAvgImbalPrc,2026,https://reports.sem-o.com/documents/PUB_30MinAvgImbalPrc_202609230300.xml,semo/market_signals/PUB_30MinAvgImbalPrc/2026/09/PUB_30MinAvgImbalPrc_202609230300.xml,Review the SEMO open-data terms and disclaimer before redistribution.,semo-market-v1,data/raw/semo/market_signals/PUB_30MinAvgImbalPrc/2026/09/PUB_30MinAvgImbalPrc_202609230300.xml,487,3ce6a176028699caf1d9e37bd02b18e19c4dc3df4190341e59ae5f1a07b19b41,2026-09-23T22:40:01Z,2026-09-23T03:00:00+00:00,2026-09-23T03:30:00+00:00,2
semo_pub_30minavgimbalprc_202609230330,SEMO,PUB_30MinAvgImbalPrc,2026,https://reports.sem-o.com/documents/PUB_30MinAvgImbalPrc_202609230330.xml,semo/market_signals/PUB_30MinAvgImbalPrc/2026/09/PUB_30MinAvgImbalPrc_202609230330.xml,Review the SEMO open-data terms and disclaimer before redistribution.,semo-market-v1,data/raw/semo/market_signals/PUB_30MinAvgImbalPrc/2026/09/PUB_30MinAvgImbalPrc_202609230330.xml,486,062feeba5fb884d5db9592a625535814036674e7360c27a5e3d5648624d54af0,2026-09-23T22:40:01Z,2026-09-23T03:30:00+00:00,2026-09-23T04:00:00+00:00,2
semo_pub_30minavgimbalprc_202609230400,SEMO,PUB_30MinAvgImbalPrc,2026,https://reports.sem-o.com/documents/PUB_30MinAvgImbalPrc_202609230400.xml,semo/market_signals/PUB_30MinAvgImbalPrc/2026/09/PUB_30MinAvgImbalPrc_202609230400.xml,Review the SEMO open-data terms and disclaimer before redistribution.,semo-market-v1,data/raw/semo/market_signals/PUB_30MinAvgImbalPrc/2026/09/PUB_30MinAvgImbalPrc_202609230400.xml,486,fef27a9693a88d9bcb37cd2d06584b14b7a8d16baf812efb24cb07a96d7bb7b8,2026-09-23T22:40:01Z,2026-09-23T04:00:00+00:00,2026-09-23T04:30:00+00:00,2
semo_pub_30minavgimbalprc_202609230430,SEMO,PUB_30MinAvgImbalPrc,2026,https://reports.sem-o.com/documents/PUB_30MinAvgImbalPrc_202609230430.xml,semo/market_signals/PUB_30MinAvgImbalPrc/2026/09/PUB_30MinAvgImbalPrc_202609230430.xml,Review the SEMO open-data terms and disclaimer before redistribution.,semo-market-v1,data/raw/semo/market_signals/PUB_30MinAvgImbalPrc/2026/09/PUB_30MinAvgImbalPrc_202609230430.xml,487,b3fd8964a7263900a3ba9c9bfba7ffc6cbed7ffb02a9cf4e1c16d828001a86e4,2026-09-23T22:40:01Z,2026-09-23T04:30:00+00:00,2026-09-23T05:00:00+00:00,2
semo_pub_30minavgimbalprc_202609230500,SEMO,PUB_30MinAvgImbalPrc,2026,https://reports.sem-o.com/documents/PUB_30MinAvgImbalPrc_202609230500.xml,semo/market_signals/PUB_30MinAvgImbalPrc/2026/09/PUB_30MinAvgImbalPrc_202609230500.xml,Review the SEMO open-data terms and disclaimer before redistribution.,semo-market-v1,data/raw/semo/market_signals/PUB_30MinAvgImbalPrc/2026/09/PUB_30MinAvgImbalPrc_202609230500.xml,487,494e88baaef01d036ffbf123ef6554307947dd3a90780a1313b36625ba76b21d,2026-09-23T22:40:01Z,2026-09-23T05:00:00+00:00,2026-09-23T05:30:00+00:00,2
semo_pub_30minavgimbalprc_202609230530,SEMO,PUB_30MinAvgImbalPrc,2026,https://reports.sem-o.com/documents/PUB_30MinAvgImbalPrc_202609230530.xml,semo/market_signals/PUB_30MinAvgImbalPrc/2026/09/PUB_30MinAvgImbalPrc_202609230530.xml,Review the SEMO open-data terms and disclaimer before redistribution.,semo-market-v1,data/raw/semo/market_signals/PUB_30MinAvgImbalPrc/2026/09/PUB_30MinAvgImbalPrc_202609230530.xml,487,fd777ff6d37fae4c7447a215075852277ee9e146004625b7de9d99d2fc19baa0,2026-09-23T22:40:01Z,2026-09-23T05:30:00+00:00,2026-09-23T06:00:00+00:00,2
semo_pub_30minavgimbalprc_202609230600,SEMO,PUB_30MinAvgImbalPrc,2026,https://reports.sem-o.com/documents/PUB_30MinAvgImbalPrc_202609230600.xml,semo/market_signals/PUB_30MinAvgImbalPrc/2026/09/PUB_30MinAvgImbalPrc_202609230600.xml,Review the SEMO open-data terms and disclaimer before redistribution.,semo-market-v1,data/raw/semo/market_signals/PUB_30MinAvgImbalPrc/2026/09/PUB_30MinAvgImbalPrc_202609230600.xml,486,a07a8ea4e810d4cb77238f0993f34c1b8ed63b5776dd0401beeabab3ee772ac6,2026-09-23T22:40:01Z,2026-09-23T06:00:00+00:00,2026-09-23T06:30:00+00:00,2
semo_pub_30minavgimbalprc_202609230630,SEMO,PUB_30MinAvgImbalPrc,2026,https://reports.sem-o.com/documents/PUB_30MinAvgImbalPrc_202609230630.xml,semo/market_signals/PUB_30MinAvgImbalPrc/2026/09/PUB_30MinAvgImbalPrc_202609230630.xml,Review the SEMO open-data terms and disclaimer before redistribution.,semo-market-v1,data/raw/semo/market_signals/PUB_30MinAvgImbalPrc/2026/09/PUB_30MinAvgImbalPrc_202609230630.xml,487,68a996972e7f7c400ae141d836ef51f06492ce731780d023a8e2e8198e3e8555,2026-09-23T22:40:01Z,2026-09-23T06:30:00+00:00,2026-09-23T07:00:00+00:00,2
semo_pub_30minavgimbalprc_202609230700,SEMO,PUB_30MinAvgImbalPrc,2026,https://reports.sem-o.com/documents/PUB_30MinAvgImbalPrc_202609230700.xml,semo/market_signals/PUB_30MinAvgImbalPrc/2026/09/PUB_30MinAvgImbalPrc_202609230700.xml,Review the SEMO open-data terms and disclaimer before redistribution.,semo-market-v1,data/raw/semo/market_signals/PUB_30MinAvgImbalPrc/2026/09/PUB_30MinAvgImbalPrc_202609230700.xml,487,bd194f923a1415402eb5f8fb7c5fd750914c9c9ca8bab2995913a374e0c5bc18,2026-09-23T22:40:01Z,2026-09-23T07:00:00+00:00,2026-09-23T07:30:00+00:00,2
semo_pub_30minavgimbalprc_202609230730,SEMO,PUB_30MinAvgImbalPrc,2026,https://reports.sem-o.com/documents/PUB_30MinAvgImbalPrc_202609230730.xml,semo/market_signals/PUB_30MinAvgImbalPrc/2026/09/PUB_30MinAvgImbalPrc_202609230730.xml,Review the SEMO open-data terms and disclaimer before redistribution.,semo-market-v1,data/raw/semo/market_signals/PUB_30MinAvgImbalPrc/2026/09/PUB_30MinAvgImbalPrc_202609230730.xml,487,439961e81d110ceda8d0737f86eee24aca238fc48b8776c07b721637849e5f32,2026-09-23T22:40:01Z,2026-09-23T07:30:00+00:00,2026-09-23T08:00:00+00:00,2
semo_pub_30minavgimbalprc_202609230800,SEMO,PUB_30MinAvgImbalPrc,2026,https://reports.sem-o.com/documents/PUB_30MinAvgImbalPrc_202609230800.xml,semo/market_signals/PUB_30MinAvgImbalPrc/2026/09/PUB_30MinAvgImbalPrc_202609230800.xml,Review the SEMO open-data terms and disclaimer before redistribution.,semo-market-v1,data/raw/semo/market_signals/PUB_30MinAvgImbalPrc/2026/09/PUB_30MinAvgImbalPrc_202609230800.xml,487,0dc77c9c3378aa84ab99a03eb05376ee0f1eb48cd87d0ff010b8430a9ab0bd10,2026-09-23T22:40:01Z,2026-09-23T08:00:00+00:00,2026-09-23T08:30:00+00:00,2
semo_pub_30minavgimbalprc_202609230830,SEMO,PUB_30MinAvgImbalPrc,2026,https://reports.sem-o.com/documents/PUB_30MinAvgImbalPrc_202609230830.xml,semo/market_signals/PUB_30MinAvgImbalPrc/2026/09/PUB_30MinAvgImbalPrc_202609230830.xml,Review the SEMO open-data terms and disclaimer before redistribution.,semo-market-v1,data/raw/semo/market_signals/PUB_30MinAvgImbalPrc/2026/09/PUB_30MinAvgImbalPrc_202609230830.xml,487,81448ffa515c5241d74520e41f842767431e1e0541a42fd695aab0b62dcf6624,2026-09-23T22:40:01Z,2026-09-23T08:30:00+00:00,2026-09-23T09:00:00+00:00,2
semo_pub_30minavgimbalprc_202609230900,SEMO,PUB_30MinAvgImbalPrc,2026,https://reports.sem-o.com/documents/PUB_30MinAvgImbalPrc_202609230900.xml,semo/market_signals/PUB_30MinAvgImbalPrc/2026/09/PUB_30MinAvgImbalPrc_202609230900.xml,Review the SEMO open-data terms and disclaimer before redistribution.,semo-market-v1,data/raw/semo/market_signals/PUB_30MinAvgImbalPrc/2026/09/PUB_30MinAvgImbalPrc_202609230900.xml,487,9a11a1c292f83ab5194af2da6d80730c4fefa73619e5dad7ab6954bcf0638dc8,2026-09-23T22:40:01Z,2026-09-23T09:00:00+00:00,2026-09-23T09:30:00+00:00,2
semo_pub_30minavgimbalprc_202609230930,SEMO,PUB_30MinAvgImbalPrc,2026,https://reports.sem-o.com/documents/PUB_30MinAvgImbalPrc_202609230930.xml,semo/market_signals/PUB_30MinAvgImbalPrc/2026/09/PUB_30MinAvgImbalPrc_202609230930.xml,Review the SEMO open-data terms and disclaimer before redistribution.,semo-market-v1,data/raw/semo/market_signals/PUB_30MinAvgImbalPrc/2026/09/PUB_30MinAvgImbalPrc_202609230930.xml,487,59a46fdc832ce08a109670bda8807939fc6276d74a4faf9fd492cb49080fa995,2026-09-23T22:40:01Z,2026-09-23T09:30:00+00:00,2026-09-23T10:00:00+00:00,2
semo_pub_30minavgimbalprc_202609231000,SEMO,PUB_30MinAvgImbalPrc,2026,https://reports.sem-o.com/documents/PUB_30MinAvgImbalPrc_202609231000.xml,semo/market_signals/PUB_30MinAvgImbalPrc/2026/09/PUB_30MinAvgImbalPrc_202609231000.xml,Review the SEMO open-data terms and disclaimer before redistribution.,semo-market-v1,data/raw/semo/market_signals/PUB_30MinAvgImbalPrc/2026/09/PUB_30MinAvgImbalPrc_202609231000.xml,486,12ed328ab25301fb169d399a5a685cba40c4365e7f31025c507a506a10f87e13,2026-09-23T22:40:01Z,2026-09-23T10:00:00+00:00,2026-09-23T10:30:00+00:00,2
semo_pub_30minavgimbalprc_202609231030,SEMO,PUB_30MinAvgImbalPrc,2026,https://reports.sem-o.com/documents/PUB_30MinAvgImbalPrc_202609231030.xml,semo/market_signals/PUB_30MinAvgImbalPrc/2026/09/PUB_30MinAvgImbalPrc_202609231030.xml,Review the SEMO open-data terms and disclaimer before redistribution.,semo-market-v1,data/raw/semo/market_signals/PUB_30MinAvgImbalPrc/2026/09/PUB_30MinAvgImbalPrc_202609231030.xml,487,11c572333797e4e2e49349d2ef294d0fec981d29c04eb64a03369c278a996624,2026-09-23T22:40:01Z,2026-09-23T10:30:00+00:00,2026-09-23T11:00:00+00:00,2
semo_pub_30minavgimbalprc_202609231100,SEMO,PUB_30MinAvgImbalPrc,2026,https://reports.sem-o.com/documents/PUB_30MinAvgImbalPrc_202609231100.xml,semo/market_signals/PUB_30MinAvgImbalPrc/2026/09/PUB_30MinAvgImbalPrc_202609231100.xml,Review the SEMO open-data terms and disclaimer before redistribution.,semo-market-v1,data/raw/semo/market_signals/PUB_30MinAvgImbalPrc/2026/09/PUB_30MinAvgImbalPrc_202609231100.xml,487,46a03e3f22310709f1caec7b2c9a1dedcedef93c722ae25b3c7bb1961daaf09e,2026-09-23T22:40:01Z,2026-09-23T11:00:00+00:00,2026-09-23T11:30:00+00:00,2
semo_pub_30minavgimbalprc_202609231130,SEMO,PUB_30MinAvgImbalPrc,2026,https://reports.sem-o.com/documents/PUB_30MinAvgImbalPrc_202609231130.xml,semo/market_signals/PUB_30MinAvgImbalPrc/2026/09/PUB_30MinAvgImbalPrc_202609231130.xml,Review the SEMO open-data terms and disclaimer before redistribution.,semo-market-v1,data/raw/semo/market_signals/PUB_30MinAvgImbalPrc/2026/09/PUB_30MinAvgImbalPrc_202609231130.xml,487,d2208fab095355920ed924639ca436a15ee4e513de5d215a66f1d792fba11a57,2026-09-23T22:40:01Z,2026-09-23T11:30:00+00:00,2026-09-23T12:00:00+00:00,2
semo_pub_30minavgimbalprc_202609231200,SEMO,PUB_30MinAvgImbalPrc,2026,https://reports.sem-o.com/documents/PUB_30MinAvgImbalPrc_202609231200.xml,semo/market_signals/PUB_30MinAvgImbalPrc/2026/09/PUB_30MinAvgImbalPrc_202609231200.xml,Review the SEMO open-data terms and disclaimer before redistribution.,semo-market-v1,data/raw/semo/market_signals/PUB_30MinAvgImbalPrc/2026/09/PUB_30MinAvgImbalPrc_202609231200.xml,487,d6c4393896c9a89ad64dad03624bc00daa27bd5108969e11e1088d0c4e1bed49,2026-09-23T22:40:01Z,2026-09-23T12:00:00+00:00,2026-09-23T12:30:00+00:00,2
semo_pub_30minavgimbalprc_202609231230,SEMO,PUB_30MinAvgImbalPrc,2026,https://reports.sem-o.com/documents/PUB_30MinAvgImbalPrc_202609231230.xml,semo/market_signals/PUB_30MinAvgImbalPrc/2026/09/PUB_30MinAvgImbalPrc_202609231230.xml,Review the SEMO open-data terms and disclaimer before redistribution.,semo-market-v1,data/raw/semo/market_signals/PUB_30MinAvgImbalPrc/2026/09/PUB_30MinAvgImbalPrc_202609231230.xml,486,ad401378d4c935ae4b016ce6cd72436e5545b77a0b8caf24a76e2aaac9227d96,2026-09-23T22:40:01Z,2026-09-23T12:30:00+00:00,2026-09-23T13:00:00+00:00,2
semo_pub_30minavgimbalprc_202609231300,SEMO,PUB_30MinAvgImbalPrc,2026,https://reports.sem-o.com/documents/PUB_30MinAvgImbalPrc_202609231300.xml,semo/market_signals/PUB_30MinAvgImbalPrc/2026/09/PUB_30MinAvgImbalPrc_202609231300.xml,Review the SEMO open-data terms and disclaimer before redistribution.,semo-market-v1,data/raw/semo/market_signals/PUB_30MinAvgImbalPrc/2026/09/PUB_30MinAvgImbalPrc_202609231300.xml,487,3d8e78ff1ed4f31892ac47adb79ec7e9f8eba1f924bfdadcfaf16fbea3ad6c8f,2026-09-23T22:40:01Z,2026-09-23T13:00:00+00:00,2026-09-23T13:30:00+00:00,2
semo_pub_30minavgimbalprc_202609231330,SEMO,PUB_30MinAvgImbalPrc,2026,https://reports.sem-o.com/documents/PUB_30MinAvgImbalPrc_202609231330.xml,semo/market_signals/PUB_30MinAvgImbalPrc/2026/09/PUB_30MinAvgImbalPrc_202609231330.xml,Review the SEMO open-data terms and disclaimer before redistribution.,semo-market-v1,data/raw/semo/market_signals/PUB_30MinAvgImbalPrc/2026/09/PUB_30MinAvgImbalPrc_202609231330.xml,486,860327b76b70f5a7de6fe1ceaee492a10c83eab70f251808938d70c8f66e19ad,2026-09-23T22:40:01Z,2026-09-23T13:30:00+00:00,2026-09-23T14:00:00+00:00,2
semo_pub_30minavgimbalprc_202609231400,SEMO,PUB_30MinAvgImbalPrc,2026,https://reports.sem-o.com/documents/PUB_30MinAvgImbalPrc_202609231400.xml,semo/market_signals/PUB_30MinAvgImbalPrc/2026/09/PUB_30MinAvgImbalPrc_202609231400.xml,Review the SEMO open-data terms and disclaimer before redistribution.,semo-market-v1,data/raw/semo/market_signals/PUB_30MinAvgImbalPrc/2026/09/PUB_30MinAvgImbalPrc_202609231400.xml,486,1ff503a1a629fb65ad39c6c694ef3c0d7c6fb55efc0acf7b932b547b4d64a252,2026-09-23T22:40:02Z,2026-09-23T14:00:00+00:00,2026-09-23T14:30:00+00:00,2
semo_pub_30minavgimbalprc_202609231430,SEMO,PUB_30MinAvgImbalPrc,2026,https://reports.sem-o.com/documents/PUB_30MinAvgImbalPrc_202609231430.xml,semo/market_signals/PUB_30MinAvgImbalPrc/2026/09/PUB_30MinAvgImbalPrc_202609231430.xml,Review the SEMO open-data terms and disclaimer before redistribution.,semo-market-v1,data/raw/semo/market_signals/PUB_30MinAvgImbalPrc/2026/09/PUB_30MinAvgImbalPrc_202609231430.xml,487,d0c072ba8260b115e78bfa9b3aa92ddb23c1b90a0431b6990b362ccacde85429,2026-09-23T22:40:01Z,2026-09-23T14:30:00+00:00,2026-09-23T15:00:00+00:00,2
semo_pub_30minavgimbalprc_202609231500,SEMO,PUB_30MinAvgImbalPrc,2026,https://reports.sem-o.com/documents/PUB_30MinAvgImbalPrc_202609231500.xml,semo/market_signals/PUB_30MinAvgImbalPrc/2026/09/PUB_30MinAvgImbalPrc_202609231500.xml,Review the SEMO open-data terms and disclaimer before redistribution.,semo-market-v1,data/raw/semo/market_signals/PUB_30MinAvgImbalPrc/2026/09/PUB_30MinAvgImbalPrc_202609231500.xml,486,2080702a4954bac4b42f76536699afc2fedf5f2f9e8e95e7b1217b753ec96cd0,2026-09-23T22:40:01Z,2026-09-23T15:00:00+00:00,2026-09-23T15:30:00+00:00,2
semo_pub_30minavgimbalprc_202609231530,SEMO,PUB_30MinAvgImbalPrc,2026,https://reports.sem-o.com/documents/PUB_30MinAvgImbalPrc_202609231530.xml,semo/market_signals/PUB_30MinAvgImbalPrc/2026/09/PUB_30MinAvgImbalPrc_202609231530.xml,Review the SEMO open-data terms and disclaimer before redistribution.,semo-market-v1,data/raw/semo/market_signals/PUB_30MinAvgImbalPrc/2026/09/PUB_30MinAvgImbalPrc_202609231530.xml,487,cd7edbf724e08928b683c8d161327166b4053707bde6aa5a4d12525cfca0d8e4,2026-09-23T22:40:01Z,2026-09-23T15:30:00+00:00,2026-09-23T16:00:00+00:00,2
semo_pub_30minavgimbalprc_202609231600,SEMO,PUB_30MinAvgImbalPrc,2026,https://reports.sem-o.com/documents/PUB_30MinAvgImbalPrc_202609231600.xml,semo/market_signals/PUB_30MinAvgImbalPrc/2026/09/PUB_30MinAvgImbalPrc_202609231600.xml,Review the SEMO open-data terms and disclaimer before redistribution.,semo-market-v1,data/raw/semo/market_signals/PUB_30MinAvgImbalPrc/2026/09/PUB_30MinAvgImbalPrc_202609231600.xml,487,9688843be7823e16800c1aa902e4ce8880ab1e71e39edb7357505bd1d68552bd,2026-09-23T22:40:01Z,2026-09-23T16:00:00+00:00,2026-09-23T16:30:00+00:00,2
semo_pub_30minavgimbalprc_202609231630,SEMO,PUB_30MinAvgImbalPrc,2026,https://reports.sem-o.com/documents/PUB_30MinAvgImbalPrc_202609231630.xml,semo/market_signals/PUB_30MinAvgImbalPrc/2026/09/PUB_30MinAvgImbalPrc_202609231630.xml,Review the SEMO open-data terms and disclaimer before redistribution.,semo-market-v1,data/raw/semo/market_signals/PUB_30MinAvgImbalPrc/2026/09/PUB_30MinAvgImbalPrc_202609231630.xml,486,cae93825bd3d2b4cc2fd27116cdb25f6dcf50e1729a654ca8b03dcb7203d09b6,2026-09-23T22:40:01Z,2026-09-23T16:30:00+00:00,2026-09-23T17:00:00+00:00,2
semo_pub_30minavgimbalprc_202609231700,SEMO,PUB_30MinAvgImbalPrc,2026,https://reports.sem-o.com/documents/PUB_30MinAvgImbalPrc_202609231700.xml,semo/market_signals/PUB_30MinAvgImbalPrc/2026/09/PUB_30MinAvgImbalPrc_202609231700.xml,Review the SEMO open-data terms and disclaimer before redistribution.,semo-market-v1,data/raw/semo/market_signals/PUB_30MinAvgImbalPrc/2026/09/PUB_30MinAvgImbalPrc_202609231700.xml,486,fa86657265a552a051221eb18c81d289c39570afa6d164fdae00f1464f1abfe3,2026-09-23T22:40:01Z,2026-09-23T17:00:00+00:00,2026-09-23T17:30:00+00:00,2
semo_pub_30minavgimbalprc_202609231730,SEMO,PUB_30MinAvgImbalPrc,2026,https://reports.sem-o.com/documents/PUB_30MinAvgImbalPrc_202609231730.xml,semo/market_signals/PUB_30MinAvgImbalPrc/2026/09/PUB_30MinAvgImbalPrc_202609231730.xml,Review the SEMO open-data terms and disclaimer before redistribution.,semo-market-v1,data/raw/semo/market_signals/PUB_30MinAvgImbalPrc/2026/09/PUB_30MinAvgImbalPrc_202609231730.xml,485,ab9aef87d6a5bc13674b2d9a5d8fb19774306ba4d6a125d9f072b75ad2b01e57,2026-09-23T22:40:01Z,2026-09-23T17:30:00+00:00,2026-09-23T18:00:00+00:00,2
semo_pub_30minavgimbalprc_202609231800,SEMO,PUB_30MinAvgImbalPrc,2026,https://reports.sem-o.com/documents/PUB_30MinAvgImbalPrc_202609231800.xml,semo/market_signals/PUB_30MinAvgImbalPrc/2026/09/PUB_30MinAvgImbalPrc_202609231800.xml,Review the SEMO open-data terms and disclaimer before redistribution.,semo-market-v1,data/raw/semo/market_signals/PUB_30MinAvgImbalPrc/2026/09/PUB_30MinAvgImbalPrc_202609231800.xml,486,c03eacc70820944418d65f521851f9ca018bd51f8f36f5ad08d691ad34895f44,2026-09-23T22:40:01Z,2026-09-23T18:00:00+00:00,2026-09-23T18:30:00+00:00,2
semo_pub_30minavgimbalprc_202609231830,SEMO,PUB_30MinAvgImbalPrc,2026,https://reports.sem-o.com/documents/PUB_30MinAvgImbalPrc_202609231830.xml,semo/market_signals/PUB_30MinAvgImbalPrc/2026/09/PUB_30MinAvgImbalPrc_202609231830.xml,Review the SEMO open-data terms and disclaimer before redistribution.,semo-market-v1,data/raw/semo/market_signals/PUB_30MinAvgImbalPrc/2026/09/PUB_30MinAvgImbalPrc_202609231830.xml,485,601799216e5071977fce3535687ff96d73ad714b81a20b7b636797811b91f854,2026-09-23T22:40:01Z,2026-09-23T18:30:00+00:00,2026-09-23T19:00:00+00:00,2
semo_pub_30minavgimbalprc_202609231900,SEMO,PUB_30MinAvgImbalPrc,2026,https://reports.sem-o.com/documents/PUB_30MinAvgImbalPrc_202609231900.xml,semo/market_signals/PUB_30MinAvgImbalPrc/2026/09/PUB_30MinAvgImbalPrc_202609231900.xml,Review the SEMO open-data terms and disclaimer before redistribution.,semo-market-v1,data/raw/semo/market_signals/PUB_30MinAvgImbalPrc/2026/09/PUB_30MinAvgImbalPrc_202609231900.xml,485,da490991abf70ed5b11726f4cef2947d1970dd3235a05660e67831b87b7c7fdc,2026-09-23T22:40:02Z,2026-09-23T19:00:00+00:00,2026-09-23T19:30:00+00:00,2
semo_pub_30minavgimbalprc_202609231930,SEMO,PUB_30MinAvgImbalPrc,2026,https://reports.sem-o.com/documents/PUB_30MinAvgImbalPrc_202609231930.xml,semo/market_signals/PUB_30MinAvgImbalPrc/2026/09/PUB_30MinAvgImbalPrc_202609231930.xml,Review the SEMO open-data terms and disclaimer before redistribution.,semo-market-v1,data/raw/semo/market_signals/PUB_30MinAvgImbalPrc/2026/09/PUB_30MinAvgImbalPrc_202609231930.xml,486,f20a7770abfefb831c875beac8019313ee87a8cdbbcd283a16219a2e638f4336,2026-09-23T22:40:02Z,2026-09-23T19:30:00+00:00,2026-09-23T20:00:00+00:00,2
semo_pub_30minavgimbalprc_202609232000,SEMO,PUB_30MinAvgImbalPrc,2026,https://reports.sem-o.com/documents/PUB_30MinAvgImbalPrc_202609232000.xml,semo/market_signals/PUB_30MinAvgImbalPrc/2026/09/PUB_30MinAvgImbalPrc_202609232000.xml,Review the SEMO open-data terms and disclaimer before redistribution.,semo-market-v1,data/raw/semo/market_signals/PUB_30MinAvgImbalPrc/2026/09/PUB_30MinAvgImbalPrc_202609232000.xml,486,131c08fd0d101e3b41bed3852ff6c2689cf412ff7bb2cd4c8b3fbcfa90dcad31,2026-09-23T22:40:01Z,2026-09-23T20:00:00+00:00,2026-09-23T20:30:00+00:00,2
semo_pub_30minavgimbalprc_202609232030,SEMO,PUB_30MinAvgImbalPrc,2026,https://reports.sem-o.com/documents/PUB_30MinAvgImbalPrc_202609232030.xml,semo/market_signals/PUB_30MinAvgImbalPrc/2026/09/PUB_30MinAvgImbalPrc_202609232030.xml,Review the SEMO open-data terms and disclaimer before redistribution.,semo-market-v1,data/raw/semo/market_signals/PUB_30MinAvgImbalPrc/2026/09/PUB_30MinAvgImbalPrc_202609232030.xml,485,d2182c5bb83bbc329874574c48646d6adacf727509cc6199e1d4f3ddaa9170cb,2026-09-23T22:40:01Z,2026-09-23T20:30:00+00:00,2026-09-23T21:00:00+00:00,2
semo_pub_30minavgimbalprc_202609232100,SEMO,PUB_30MinAvgImbalPrc,2026,https://reports.sem-o.com/documents/PUB_30MinAvgImbalPrc_202609232100.xml,semo/market_signals/PUB_30MinAvgImbalPrc/2026/09/PUB_30MinAvgImbalPrc_202609232100.xml,Review the SEMO open-data terms and disclaimer before redistribution.,semo-market-v1,data/raw/semo/market_signals/PUB_30MinAvgImbalPrc/2026/09/PUB_30MinAvgImbalPrc_202609232100.xml,487,e1cdad8b82d2fd35041f75ce2b42cf8e2f43cbf8ff1d7a8e617d6cfd54b65743,2026-09-23T22:40:02Z,2026-09-23T21:00:00+00:00,2026-09-23T21:30:00+00:00,2
semo_pub_30minavgimbalprc_202609232130,SEMO,PUB_30MinAvgImbalPrc,2026,https://reports.sem-o.com/documents/PUB_30MinAvgImbalPrc_202609232130.xml,semo/market_signals/PUB_30MinAvgImbalPrc/2026/09/PUB_30MinAvgImbalPrc_202609232130.xml,Review the SEMO open-data terms and disclaimer before redistribution.,semo-market-v1,data/raw/semo/market_signals/PUB_30MinAvgImbalPrc/2026/09/PUB_30MinAvgImbalPrc_202609232130.xml,487,902042a4767e0806560beb781cccbe93084211ff2002a61c1c038285fe5bce2f,2026-09-24T02:06:09Z,2026-09-23T21:30:00+00:00,2026-09-23T22:00:00+00:00,2
semo_pub_30minavgimbalprc_202609232200,SEMO,PUB_30MinAvgImbalPrc,2026,https://reports.sem-o.com/documents/PUB_30MinAvgImbalPrc_202609232200.xml,semo/market_signals/PUB_30MinAvgImbalPrc/2026/09/PUB_30MinAvgImbalPrc_202609232200.xml,Review the SEMO open-data terms and disclaimer before redistribution.,semo-market-v1,data/raw/semo/market_signals/PUB_30MinAvgImbalPrc/2026/09/PUB_30MinAvgImbalPrc_202609232200.xml,487,cae87d7d9446943be11e2e1ba9317ff155893c81b2688e1d0977b8754adf2493,2026-09-24T02:01:01Z,2026-09-23T22:00:00+00:00,2026-09-23T22:30:00+00:00,2
semo_pub_30minavgimbalprc_202609232230,SEMO,PUB_30MinAvgImbalPrc,2026,https://reports.sem-o.com/documents/PUB_30MinAvgImbalPrc_202609232230.xml,semo/market_signals/PUB_30MinAvgImbalPrc/2026/09/PUB_30MinAvgImbalPrc_202609232230.xml,Review the SEMO open-data terms and disclaimer before redistribution.,semo-market-v1,data/raw/semo/market_signals/PUB_30MinAvgImbalPrc/2026/09/PUB_30MinAvgImbalPrc_202609232230.xml,487,c1a91e14e5cbf83178670e9525e0ac1505f1e96dbb66edc3074c0cd41ed7b5ee,2026-09-24T02:01:01Z,2026-09-23T22:30:00+00:00,2026-09-23T23:00:00+00:00,2
semo_pub_30minavgimbalprc_202609232300,SEMO,PUB_30MinAvgImbalPrc,2026,https://reports.sem-o.com/documents/PUB_30MinAvgImbalPrc_202609232300.xml,semo/market_signals/PUB_30MinAvgImbalPrc/2026/09/PUB_30MinAvgImbalPrc_202609232300.xml,Review the SEMO open-data terms and disclaimer before redistribution.,semo-market-v1,data/raw/semo/market_signals/PUB_30MinAvgImbalPrc/2026/09/PUB_30MinAvgImbalPrc_202609232300.xml,487,d8d31a2f8b10bd68c0dc78fde1f661052a27e6f6b3402a9f512fa9e7c9c114e3,2026-09-24T02:01:01Z,2026-09-23T23:00:00+00:00,2026-09-23T23:30:00+00:00,2
semo_pub_30minavgimbalprc_202609232330,SEMO,PUB_30MinAvgImbalPrc,2026,https://reports.sem-o.com/documents/PUB_30MinAvgImbalPrc_202609232330.xml,semo/market_signals/PUB_30MinAvgImbalPrc/2026/09/PUB_30MinAvgImbalPrc_202609232330.xml,Review the SEMO open-data terms and disclaimer before redistribution.,semo-market-v1,data/raw/semo/market_signals/PUB_30MinAvgImbalPrc/2026/09/PUB_30MinAvgImbalPrc_202609232330.xml,487,99f31d68d911501924fccd53998cf498a72bec5a9a673e4fd13dda47348beb3b,2026-09-24T02:01:01Z,2026-09-23T23:30:00+00:00,2026-09-24T00:00:00+00:00,2
semo_pub_30minavgimbalprc_202609240000,SEMO,PUB_30MinAvgImbalPrc,2026,https://reports.sem-o.com/documents/PUB_30MinAvgImbalPrc_202609240000.xml,semo/market_signals/PUB_30MinAvgImbalPrc/2026/09/PUB_30MinAvgImbalPrc_202609240000.xml,Review the SEMO open-data terms and disclaimer before redistribution.,semo-market-v1,data/raw/semo/market_signals/PUB_30MinAvgImbalPrc/2026/09/PUB_30MinAvgImbalPrc_202609240000.xml,486,644c7061935f83dcdc8b17490d4c240c965a53f4fbe58576d18a954598e9fa35,2026-09-24T02:01:01Z,2026-09-24T00:00:00+00:00,2026-09-24T00:30:00+00:00,2
semo_pub_30minavgimbalprc_202609240030,SEMO,PUB_30MinAvgImbalPrc,2026,https://reports.sem-o.com/documents/PUB_30MinAvgImbalPrc_202609240030.xml,semo/market_signals/PUB_30MinAvgImbalPrc/2026/09/PUB_30MinAvgImbalPrc_202609240030.xml,Review the SEMO open-data terms and disclaimer before redistribution.,semo-market-v1,data/raw/semo/market_signals/PUB_30MinAvgImbalPrc/2026/09/PUB_30MinAvgImbalPrc_202609240030.xml,487,7e2497883137fc69023e0653fbe1b126cdc8be8904205e3d7b27acf9dd780071,2026-09-24T02:01:01Z,2026-09-24T00:30:00+00:00,2026-09-24T01:00:00+00:00,2
semo_pub_4dayaggrollwindunitfcst_202609230004,SEMO,PUB_4DayAggRollWindUnitFcst,2026,https://reports.sem-o.com/documents/PUB_4DayAggRollWindUnitFcst_202609230004.xml,semo/market_signals/PUB_4DayAggRollWindUnitFcst/2026/09/PUB_4DayAggRollWindUnitFcst_202609230004.xml,Review the SEMO open-data terms and disclaimer before redistribution.,semo-market-v1,data/raw/semo/market_signals/PUB_4DayAggRollWindUnitFcst/2026/09/PUB_4DayAggRollWindUnitFcst_202609230004.xml,92243,9fff5aa5e35a700d1d6037f28e3197741efa13eb55969dabd804f67f9043400a,2026-09-23T22:39:11Z,2026-09-22T22:00:00+00:00,2026-09-27T01:00:00+00:00,1140
semo_pub_4dayaggrollwindunitfcst_202609230013,SEMO,PUB_4DayAggRollWindUnitFcst,2026,https://reports.sem-o.com/documents/PUB_4DayAggRollWindUnitFcst_202609230013.xml,semo/market_signals/PUB_4DayAggRollWindUnitFcst/2026/09/PUB_4DayAggRollWindUnitFcst_202609230013.xml,Review the SEMO open-data terms and disclaimer before redistribution.,semo-market-v1,data/raw/semo/market_signals/PUB_4DayAggRollWindUnitFcst/2026/09/PUB_4DayAggRollWindUnitFcst_202609230013.xml,93516,1de49ffd74ebf5a8dea843dbdd43c766d4977afd2904d35aa5efbfb15ccc93a5,2026-09-23T22:39:10Z,2026-09-22T22:00:00+00:00,2026-09-27T01:00:00+00:00,1188
semo_pub_4dayaggrollwindunitfcst_202609230604,SEMO,PUB_4DayAggRollWindUnitFcst,2026,https://reports.sem-o.com/documents/PUB_4DayAggRollWindUnitFcst_202609230604.xml,semo/market_signals/PUB_4DayAggRollWindUnitFcst/2026/09/PUB_4DayAggRollWindUnitFcst_202609230604.xml,Review the SEMO open-data terms and disclaimer before redistribution.,semo-market-v1,data/raw/semo/market_signals/PUB_4DayAggRollWindUnitFcst/2026/09/PUB_4DayAggRollWindUnitFcst_202609230604.xml,97870,db0d62c9ae7172043472d1c3b8eb348704ffc7ea50acf892065f8c9337304bce,2026-09-23T22:39:10Z,2026-09-22T22:00:00+00:00,2026-09-27T07:00:00+00:00,1212
semo_pub_4dayaggrollwindunitfcst_202609230614,SEMO,PUB_4DayAggRollWindUnitFcst,2026,https://reports.sem-o.com/documents/PUB_4DayAggRollWindUnitFcst_202609230614.xml,semo/market_signals/PUB_4DayAggRollWindUnitFcst/2026/09/PUB_4DayAggRollWindUnitFcst_202609230614.xml,Review the SEMO open-data terms and disclaimer before redistribution.,semo-market-v1,data/raw/semo/market_signals/PUB_4DayAggRollWindUnitFcst/2026/09/PUB_4DayAggRollWindUnitFcst_202609230614.xml,99292,2855255c13940c1b8ff8ea3862bdd2d4b969ec0b6a7864df077c503fc82c6fef,2026-09-23T22:39:11Z,2026-09-22T22:00:00+00:00,2026-09-27T07:00:00+00:00,1260
semo_pub_4dayaggrollwindunitfcst_202609231209,SEMO,PUB_4DayAggRollWindUnitFcst,2026,https://reports.sem-o.com/documents/PUB_4DayAggRollWindUnitFcst_202609231209.xml,semo/market_signals/PUB_4DayAggRollWindUnitFcst/2026/09/PUB_4DayAggRollWindUnitFcst_202609231209.xml,Review the SEMO open-data terms and disclaimer before redistribution.,semo-market-v1,data/raw/semo/market_signals/PUB_4DayAggRollWindUnitFcst/2026/09/PUB_4DayAggRollWindUnitFcst_202609231209.xml,103601,de0d81ef75e07b61fc240f15fb92b048436dc55b69c0619d7f53c86fbd6b8465,2026-09-23T22:39:11Z,2026-09-22T22:00:00+00:00,2026-09-27T13:00:00+00:00,1284
semo_pub_4dayaggrollwindunitfcst_202609231214,SEMO,PUB_4DayAggRollWindUnitFcst,2026,https://reports.sem-o.com/documents/PUB_4DayAggRollWindUnitFcst_202609231214.xml,semo/market_signals/PUB_4DayAggRollWindUnitFcst/2026/09/PUB_4DayAggRollWindUnitFcst_202609231214.xml,Review the SEMO open-data terms and disclaimer before redistribution.,semo-market-v1,data/raw/semo/market_signals/PUB_4DayAggRollWindUnitFcst/2026/09/PUB_4DayAggRollWindUnitFcst_202609231214.xml,104959,b1ed0c00e8aa1f1b891422658d634664a047e692ce8eaf52f76dd3070e1a11c4,2026-09-23T22:39:10Z,2026-09-22T22:00:00+00:00,2026-09-27T13:00:00+00:00,1332
semo_pub_4dayaggrollwindunitfcst_202609231223,SEMO,PUB_4DayAggRollWindUnitFcst,2026,https://reports.sem-o.com/documents/PUB_4DayAggRollWindUnitFcst_202609231223.xml,semo/market_signals/PUB_4DayAggRollWindUnitFcst/2026/09/PUB_4DayAggRollWindUnitFcst_202609231223.xml,Review the SEMO open-data terms and disclaimer before redistribution.,semo-market-v1,data/raw/semo/market_signals/PUB_4DayAggRollWindUnitFcst/2026/09/PUB_4DayAggRollWindUnitFcst_202609231223.xml,104959,e42cf351cd029ab33dd2c53cd36144aaf8aa58c80036706910e7dfe0a2590bea,2026-09-23T22:39:10Z,2026-09-22T22:00:00+00:00,2026-09-27T13:00:00+00:00,1332
semo_pub_4dayaggrollwindunitfcst_202609231804,SEMO,PUB_4DayAggRollWindUnitFcst,2026,https://reports.sem-o.com/documents/PUB_4DayAggRollWindUnitFcst_202609231804.xml,semo/market_signals/PUB_4DayAggRollWindUnitFcst/2026/09/PUB_4DayAggRollWindUnitFcst_202609231804.xml,Review the SEMO open-data terms and disclaimer before redistribution.,semo-market-v1,data/raw/semo/market_signals/PUB_4DayAggRollWindUnitFcst/2026/09/PUB_4DayAggRollWindUnitFcst_202609231804.xml,109281,b08440240967ed75bd82ab9756918c0dedcb0092765ab9d572928fe80001d921,2026-09-23T22:39:11Z,2026-09-22T22:00:00+00:00,2026-09-27T19:00:00+00:00,1356
semo_pub_4dayaggrollwindunitfcst_202609231814,SEMO,PUB_4DayAggRollWindUnitFcst,2026,https://reports.sem-o.com/documents/PUB_4DayAggRollWindUnitFcst_202609231814.xml,semo/market_signals/PUB_4DayAggRollWindUnitFcst/2026/09/PUB_4DayAggRollWindUnitFcst_202609231814.xml,Review the SEMO open-data terms and disclaimer before redistribution.,semo-market-v1,data/raw/semo/market_signals/PUB_4DayAggRollWindUnitFcst/2026/09/PUB_4DayAggRollWindUnitFcst_202609231814.xml,110684,915d360525f53f79ff632d242ebfcbe65c4be8a695b4169ed9d7738c0972ce58,2026-09-23T22:39:11Z,2026-09-22T22:00:00+00:00,2026-09-27T19:00:00+00:00,1404
semo_pub_4dayaggrollwindunitfcst_202609240004,SEMO,PUB_4DayAggRollWindUnitFcst,2026,https://reports.sem-o.com/documents/PUB_4DayAggRollWindUnitFcst_202609240004.xml,semo/market_signals/PUB_4DayAggRollWindUnitFcst/2026/09/PUB_4DayAggRollWindUnitFcst_202609240004.xml,Review the SEMO open-data terms and disclaimer before redistribution.,semo-market-v1,data/raw/semo/market_signals/PUB_4DayAggRollWindUnitFcst/2026/09/PUB_4DayAggRollWindUnitFcst_202609240004.xml,92470,36ab95111800447683aeb201e37f6d5490718b67922952fecd4e12f4cb751336,2026-09-24T02:00:57Z,2026-09-23T22:00:00+00:00,2026-09-28T01:00:00+00:00,1140
semo_pub_4dayaggrollwindunitfcst_202609240013,SEMO,PUB_4DayAggRollWindUnitFcst,2026,https://reports.sem-o.com/documents/PUB_4DayAggRollWindUnitFcst_202609240013.xml,semo/market_signals/PUB_4DayAggRollWindUnitFcst/2026/09/PUB_4DayAggRollWindUnitFcst_202609240013.xml,Review the SEMO open-data terms and disclaimer before redistribution.,semo-market-v1,data/raw/semo/market_signals/PUB_4DayAggRollWindUnitFcst/2026/09/PUB_4DayAggRollWindUnitFcst_202609240013.xml,93799,0819c6a1283a462d03393d9fd91037d27859a6a0eba27b68180c77311edad176,2026-09-24T02:00:57Z,2026-09-23T22:00:00+00:00,2026-09-28T01:00:00+00:00,1188
semo_pub_5minimbalprc_202609222200,SEMO,PUB_5MinImbalPrc,2026,https://reports.sem-o.com/documents/PUB_5MinImbalPrc_202609222200.xml,semo/market_signals/PUB_5MinImbalPrc/2026/09/PUB_5MinImbalPrc_202609222200.xml,Review the SEMO open-data terms and disclaimer before redistribution.,semo-market-v1,data/raw/semo/market_signals/PUB_5MinImbalPrc/2026/09/PUB_5MinImbalPrc_202609222200.xml,723,d7ce75a3823e1d53825914a34d1c5a94d93b0df00d97f2ec5601fe7fd5bba13e,2026-09-23T22:39:55Z,2026-09-22T22:00:00+00:00,2026-09-22T22:05:00+00:00,5
semo_pub_5minimbalprc_202609222205,SEMO,PUB_5MinImbalPrc,2026,https://reports.sem-o.com/documents/PUB_5MinImbalPrc_202609222205.xml,semo/market_signals/PUB_5MinImbalPrc/2026/09/PUB_5MinImbalPrc_202609222205.xml,Review the SEMO open-data terms and disclaimer before redistribution.,semo-market-v1,data/raw/semo/market_signals/PUB_5MinImbalPrc/2026/09/PUB_5MinImbalPrc_202609222205.xml,717,a5bb21733a7367dc740352e2b648d31b991b2394adadf4953acfb35848a0dfce,2026-09-23T22:39:55Z,2026-09-22T22:05:00+00:00,2026-09-22T22:10:00+00:00,5
semo_pub_5minimbalprc_202609222210,SEMO,PUB_5MinImbalPrc,2026,https://reports.sem-o.com/documents/PUB_5MinImbalPrc_202609222210.xml,semo/market_signals/PUB_5MinImbalPrc/2026/09/PUB_5MinImbalPrc_202609222210.xml,Review the SEMO open-data terms and disclaimer before redistribution.,semo-market-v1,data/raw/semo/market_signals/PUB_5MinImbalPrc/2026/09/PUB_5MinImbalPrc_202609222210.xml,723,391444da0dfd5b427b9a7b50fab5b87463f73f34342c445ef28d3efa9ebfd8bb,2026-09-23T22:39:55Z,2026-09-22T22:10:00+00:00,2026-09-22T22:15:00+00:00,5
semo_pub_5minimbalprc_202609222215,SEMO,PUB_5MinImbalPrc,2026,https://reports.sem-o.com/documents/PUB_5MinImbalPrc_202609222215.xml,semo/market_signals/PUB_5MinImbalPrc/2026/09/PUB_5MinImbalPrc_202609222215.xml,Review the SEMO open-data terms and disclaimer before redistribution.,semo-market-v1,data/raw/semo/market_signals/PUB_5MinImbalPrc/2026/09/PUB_5MinImbalPrc_202609222215.xml,722,de59feb016d2c254f729eebccbdbdaacfef40ecbbcafc5c9a26346fd8b3094a7,2026-09-23T22:39:55Z,2026-09-22T22:15:00+00:00,2026-09-22T22:20:00+00:00,5
semo_pub_5minimbalprc_202609222220,SEMO,PUB_5MinImbalPrc,2026,https://reports.sem-o.com/documents/PUB_5MinImbalPrc_202609222220.xml,semo/market_signals/PUB_5MinImbalPrc/2026/09/PUB_5MinImbalPrc_202609222220.xml,Review the SEMO open-data terms and disclaimer before redistribution.,semo-market-v1,data/raw/semo/market_signals/PUB_5MinImbalPrc/2026/09/PUB_5MinImbalPrc_202609222220.xml,719,9a5a9c1bf68cea1d2b9cf369fb99147dae1c5e4ef083923d953795c800ede887,2026-09-23T22:39:55Z,2026-09-22T22:20:00+00:00,2026-09-22T22:25:00+00:00,5
semo_pub_5minimbalprc_202609222225,SEMO,PUB_5MinImbalPrc,2026,https://reports.sem-o.com/documents/PUB_5MinImbalPrc_202609222225.xml,semo/market_signals/PUB_5MinImbalPrc/2026/09/PUB_5MinImbalPrc_202609222225.xml,Review the SEMO open-data terms and disclaimer before redistribution.,semo-market-v1,data/raw/semo/market_signals/PUB_5MinImbalPrc/2026/09/PUB_5MinImbalPrc_202609222225.xml,721,2239aaa3649c503e7c1a0e7641bfb1b423b9707755ab4385e5c493589c715efe,2026-09-23T22:39:55Z,2026-09-22T22:25:00+00:00,2026-09-22T22:30:00+00:00,5
semo_pub_5minimbalprc_202609222230,SEMO,PUB_5MinImbalPrc,2026,https://reports.sem-o.com/documents/PUB_5MinImbalPrc_202609222230.xml,semo/market_signals/PUB_5MinImbalPrc/2026/09/PUB_5MinImbalPrc_202609222230.xml,Review the SEMO open-data terms and disclaimer before redistribution.,semo-market-v1,data/raw/semo/market_signals/PUB_5MinImbalPrc/2026/09/PUB_5MinImbalPrc_202609222230.xml,719,6bf6c66b2442917c3336c950d07a3258c2537ef2412aa24b9b284f99a23bf591,2026-09-23T22:39:55Z,2026-09-22T22:30:00+00:00,2026-09-22T22:35:00+00:00,5
semo_pub_5minimbalprc_202609222235,SEMO,PUB_5MinImbalPrc,2026,https://reports.sem-o.com/documents/PUB_5MinImbalPrc_202609222235.xml,semo/market_signals/PUB_5MinImbalPrc/2026/09/PUB_5MinImbalPrc_202609222235.xml,Review the SEMO open-data terms and disclaimer before redistribution.,semo-market-v1,data/raw/semo/market_signals/PUB_5MinImbalPrc/2026/09/PUB_5MinImbalPrc_202609222235.xml,723,b2c9c885e2fb98d107340100680f6d4768e82d4f368f83d20d4432c5687dc79f,2026-09-23T22:39:55Z,2026-09-22T22:35:00+00:00,2026-09-22T22:40:00+00:00,5
semo_pub_5minimbalprc_202609222240,SEMO,PUB_5MinImbalPrc,2026,https://reports.sem-o.com/documents/PUB_5MinImbalPrc_202609222240.xml,semo/market_signals/PUB_5MinImbalPrc/2026/09/PUB_5MinImbalPrc_202609222240.xml,Review the SEMO open-data terms and disclaimer before redistribution.,semo-market-v1,data/raw/semo/market_signals/PUB_5MinImbalPrc/2026/09/PUB_5MinImbalPrc_202609222240.xml,723,c369dfc9b3a49fb60541d637d7eddb7a96e62dcccfb243d5559a9d4681655edd,2026-09-23T22:39:55Z,2026-09-22T22:40:00+00:00,2026-09-22T22:45:00+00:00,5
semo_pub_5minimbalprc_202609222245,SEMO,PUB_5MinImbalPrc,2026,https://reports.sem-o.com/documents/PUB_5MinImbalPrc_202609222245.xml,semo/market_signals/PUB_5MinImbalPrc/2026/09/PUB_5MinImbalPrc_202609222245.xml,Review the SEMO open-data terms and disclaimer before redistribution.,semo-market-v1,data/raw/semo/market_signals/PUB_5MinImbalPrc/2026/09/PUB_5MinImbalPrc_202609222245.xml,723,cd33548f7bcd3988567234f99a34d79c54077e91eded03a55f79bd6fc15de9bc,2026-09-23T22:39:55Z,2026-09-22T22:45:00+00:00,2026-09-22T22:50:00+00:00,5
semo_pub_5minimbalprc_202609222250,SEMO,PUB_5MinImbalPrc,2026,https://reports.sem-o.com/documents/PUB_5MinImbalPrc_202609222250.xml,semo/market_signals/PUB_5MinImbalPrc/2026/09/PUB_5MinImbalPrc_202609222250.xml,Review the SEMO open-data terms and disclaimer before redistribution.,semo-market-v1,data/raw/semo/market_signals/PUB_5MinImbalPrc/2026/09/PUB_5MinImbalPrc_202609222250.xml,723,1435ada453a35fda3ed0a15f6487e40fda49cf8deafbe6dbc57c4e356da7bcf8,2026-09-23T22:39:55Z,2026-09-22T22:50:00+00:00,2026-09-22T22:55:00+00:00,5
semo_pub_5minimbalprc_202609222255,SEMO,PUB_5MinImbalPrc,2026,https://reports.sem-o.com/documents/PUB_5MinImbalPrc_202609222255.xml,semo/market_signals/PUB_5MinImbalPrc/2026/09/PUB_5MinImbalPrc_202609222255.xml,Review the SEMO open-data terms and disclaimer before redistribution.,semo-market-v1,data/raw/semo/market_signals/PUB_5MinImbalPrc/2026/09/PUB_5MinImbalPrc_202609222255.xml,724,0241c6959733984849640c4263881eac780e16c4519a951bcb6363e31edc34ad,2026-09-23T22:39:55Z,2026-09-22T22:55:00+00:00,2026-09-22T23:00:00+00:00,5
semo_pub_5minimbalprc_202609222300,SEMO,PUB_5MinImbalPrc,2026,https://reports.sem-o.com/documents/PUB_5MinImbalPrc_202609222300.xml,semo/market_signals/PUB_5MinImbalPrc/2026/09/PUB_5MinImbalPrc_202609222300.xml,Review the SEMO open-data terms and disclaimer before redistribution.,semo-market-v1,data/raw/semo/market_signals/PUB_5MinImbalPrc/2026/09/PUB_5MinImbalPrc_202609222300.xml,724,77542f5198d842851c1074948f3f8f026404967a83e19975c5a797f9f7e6b794,2026-09-23T22:39:55Z,2026-09-22T23:00:00+00:00,2026-09-22T23:05:00+00:00,5
semo_pub_5minimbalprc_202609222305,SEMO,PUB_5MinImbalPrc,2026,https://reports.sem-o.com/documents/PUB_5MinImbalPrc_202609222305.xml,semo/market_signals/PUB_5MinImbalPrc/2026/09/PUB_5MinImbalPrc_202609222305.xml,Review the SEMO open-data terms and disclaimer before redistribution.,semo-market-v1,data/raw/semo/market_signals/PUB_5MinImbalPrc/2026/09/PUB_5MinImbalPrc_202609222305.xml,723,e8457445d5b5d15d4e9f4dcdcc5e5abbf00fe4563f06e8e222b0a04c95954c07,2026-09-23T22:39:55Z,2026-09-22T23:05:00+00:00,2026-09-22T23:10:00+00:00,5
semo_pub_5minimbalprc_202609222310,SEMO,PUB_5MinImbalPrc,2026,https://reports.sem-o.com/documents/PUB_5MinImbalPrc_202609222310.xml,semo/market_signals/PUB_5MinImbalPrc/2026/09/PUB_5MinImbalPrc_202609222310.xml,Review the SEMO open-data terms and disclaimer before redistribution.,semo-market-v1,data/raw/semo/market_signals/PUB_5MinImbalPrc/2026/09/PUB_5MinImbalPrc_202609222310.xml,722,2fdb699f28300316c1f158bc428911566e620156b20a6d75d9e594891505f0d9,2026-09-23T22:39:55Z,2026-09-22T23:10:00+00:00,2026-09-22T23:15:00+00:00,5
semo_pub_5minimbalprc_202609222315,SEMO,PUB_5MinImbalPrc,2026,https://reports.sem-o.com/documents/PUB_5MinImbalPrc_202609222315.xml,semo/market_signals/PUB_5MinImbalPrc/2026/09/PUB_5MinImbalPrc_202609222315.xml,Review the SEMO open-data terms and disclaimer before redistribution.,semo-market-v1,data/raw/semo/market_signals/PUB_5MinImbalPrc/2026/09/PUB_5MinImbalPrc_202609222315.xml,723,b173e6bd5564cea9a5b972fd0aa336b063f2200351f39b4f870c8aa8127a6d6e,2026-09-23T22:39:55Z,2026-09-22T23:15:00+00:00,2026-09-22T23:20:00+00:00,5
semo_pub_5minimbalprc_202609222320,SEMO,PUB_5MinImbalPrc,2026,https://reports.sem-o.com/documents/PUB_5MinImbalPrc_202609222320.xml,semo/market_signals/PUB_5MinImbalPrc/2026/09/PUB_5MinImbalPrc_202609222320.xml,Review the SEMO open-data terms and disclaimer before redistribution.,semo-market-v1,data/raw/semo/market_signals/PUB_5MinImbalPrc/2026/09/PUB_5MinImbalPrc_202609222320.xml,723,a71b37906bb2966ecbab17069fb506481977541fe83773518049067188d3180d,2026-09-23T22:39:55Z,2026-09-22T23:20:00+00:00,2026-09-22T23:25:00+00:00,5
semo_pub_5minimbalprc_202609222325,SEMO,PUB_5MinImbalPrc,2026,https://reports.sem-o.com/documents/PUB_5MinImbalPrc_202609222325.xml,semo/market_signals/PUB_5MinImbalPrc/2026/09/PUB_5MinImbalPrc_202609222325.xml,Review the SEMO open-data terms and disclaimer before redistribution.,semo-market-v1,data/raw/semo/market_signals/PUB_5MinImbalPrc/2026/09/PUB_5MinImbalPrc_202609222325.xml,723,9d4100601b7aa7c0985dd5b177f627d899c227de5e408690780b7610e00c4189,2026-09-23T22:39:55Z,2026-09-22T23:25:00+00:00,2026-09-22T23:30:00+00:00,5
semo_pub_5minimbalprc_202609222330,SEMO,PUB_5MinImbalPrc,2026,https://reports.sem-o.com/documents/PUB_5MinImbalPrc_202609222330.xml,semo/market_signals/PUB_5MinImbalPrc/2026/09/PUB_5MinImbalPrc_202609222330.xml,Review the SEMO open-data terms and disclaimer before redistribution.,semo-market-v1,data/raw/semo/market_signals/PUB_5MinImbalPrc/2026/09/PUB_5MinImbalPrc_202609222330.xml,723,939c814bead30e740cd28bfca3cbab18bb77e74b37450b311dc35ea3daecad44,2026-09-23T22:39:55Z,2026-09-22T23:30:00+00:00,2026-09-22T23:35:00+00:00,5
semo_pub_5minimbalprc_202609222335,SEMO,PUB_5MinImbalPrc,2026,https://reports.sem-o.com/documents/PUB_5MinImbalPrc_202609222335.xml,semo/market_signals/PUB_5MinImbalPrc/2026/09/PUB_5MinImbalPrc_202609222335.xml,Review the SEMO open-data terms and disclaimer before redistribution.,semo-market-v1,data/raw/semo/market_signals/PUB_5MinImbalPrc/2026/09/PUB_5MinImbalPrc_202609222335.xml,722,55517dbbd21929943b20bfa4c76c8710818e6966bb0b99de7dfb7621085df812,2026-09-23T22:39:55Z,2026-09-22T23:35:00+00:00,2026-09-22T23:40:00+00:00,5
semo_pub_5minimbalprc_202609222340,SEMO,PUB_5MinImbalPrc,2026,https://reports.sem-o.com/documents/PUB_5MinImbalPrc_202609222340.xml,semo/market_signals/PUB_5MinImbalPrc/2026/09/PUB_5MinImbalPrc_202609222340.xml,Review the SEMO open-data terms and disclaimer before redistribution.,semo-market-v1,data/raw/semo/market_signals/PUB_5MinImbalPrc/2026/09/PUB_5MinImbalPrc_202609222340.xml,723,fff0335462d0c0bc5e0409b7abad39771351da6d8457c75110098d6e7a5c850c,2026-09-23T22:39:55Z,2026-09-22T23:40:00+00:00,2026-09-22T23:45:00+00:00,5
semo_pub_5minimbalprc_202609222345,SEMO,PUB_5MinImbalPrc,2026,https://reports.sem-o.com/documents/PUB_5MinImbalPrc_202609222345.xml,semo/market_signals/PUB_5MinImbalPrc/2026/09/PUB_5MinImbalPrc_202609222345.xml,Review the SEMO open-data terms and disclaimer before redistribution.,semo-market-v1,data/raw/semo/market_signals/PUB_5MinImbalPrc/2026/09/PUB_5MinImbalPrc_202609222345.xml,723,0a62c52deaf4df7c9f1698925e1c9ab65af1799af92ba7726d2b8c672a9ceaec,2026-09-23T22:39:55Z,2026-09-22T23:45:00+00:00,2026-09-22T23:50:00+00:00,5
semo_pub_5minimbalprc_202609222350,SEMO,PUB_5MinImbalPrc,2026,https://reports.sem-o.com/documents/PUB_5MinImbalPrc_202609222350.xml,semo/market_signals/PUB_5MinImbalPrc/2026/09/PUB_5MinImbalPrc_202609222350.xml,Review the SEMO open-data terms and disclaimer before redistribution.,semo-market-v1,data/raw/semo/market_signals/PUB_5MinImbalPrc/2026/09/PUB_5MinImbalPrc_202609222350.xml,722,827a755643743c723e7ea8765ed3095a0f9c83d28d746680cf315d7ff2a8c384,2026-09-23T22:39:55Z,2026-09-22T23:50:00+00:00,2026-09-22T23:55:00+00:00,5
semo_pub_5minimbalprc_202609222355,SEMO,PUB_5MinImbalPrc,2026,https://reports.sem-o.com/documents/PUB_5MinImbalPrc_202609222355.xml,semo/market_signals/PUB_5MinImbalPrc/2026/09/PUB_5MinImbalPrc_202609222355.xml,Review the SEMO open-data terms and disclaimer before redistribution.,semo-market-v1,data/raw/semo/market_signals/PUB_5MinImbalPrc/2026/09/PUB_5MinImbalPrc_202609222355.xml,482,6cb67420bf4d15dc9e08c0cf1a3b03c362337d176a94a9827f949e2694644252,2026-09-23T22:39:55Z,2026-09-22T23:55:00+00:00,2026-09-23T00:00:00+00:00,1
semo_pub_5minimbalprc_202609230000,SEMO,PUB_5MinImbalPrc,2026,https://reports.sem-o.com/documents/PUB_5MinImbalPrc_202609230000.xml,semo/market_signals/PUB_5MinImbalPrc/2026/09/PUB_5MinImbalPrc_202609230000.xml,Review the SEMO open-data terms and disclaimer before redistribution.,semo-market-v1,data/raw/semo/market_signals/PUB_5MinImbalPrc/2026/09/PUB_5MinImbalPrc_202609230000.xml,722,aa7c6b04f1bcde09b4c6cae59fb6c10431082431d995151843abe7b5b9739db0,2026-09-23T22:39:55Z,2026-09-23T00:00:00+00:00,2026-09-23T00:05:00+00:00,5
semo_pub_5minimbalprc_202609230005,SEMO,PUB_5MinImbalPrc,2026,https://reports.sem-o.com/documents/PUB_5MinImbalPrc_202609230005.xml,semo/market_signals/PUB_5MinImbalPrc/2026/09/PUB_5MinImbalPrc_202609230005.xml,Review the SEMO open-data terms and disclaimer before redistribution.,semo-market-v1,data/raw/semo/market_signals/PUB_5MinImbalPrc/2026/09/PUB_5MinImbalPrc_202609230005.xml,722,5d83ea3619a2323cfa227389760a13e9fa67ff5f25fc4b82009b966736729694,2026-09-23T22:39:55Z,2026-09-23T00:05:00+00:00,2026-09-23T00:10:00+00:00,5
semo_pub_5minimbalprc_202609230010,SEMO,PUB_5MinImbalPrc,2026,https://reports.sem-o.com/documents/PUB_5MinImbalPrc_202609230010.xml,semo/market_signals/PUB_5MinImbalPrc/2026/09/PUB_5MinImbalPrc_202609230010.xml,Review the SEMO open-data terms and disclaimer before redistribution.,semo-market-v1,data/raw/semo/market_signals/PUB_5MinImbalPrc/2026/09/PUB_5MinImbalPrc_202609230010.xml,722,a3c059ec1b8f60bff7ef76b4e2c116d42a6d04b8d7c7445ed4ad08e12024fa32,2026-09-23T22:39:55Z,2026-09-23T00:10:00+00:00,2026-09-23T00:15:00+00:00,5
semo_pub_5minimbalprc_202609230015,SEMO,PUB_5MinImbalPrc,2026,https://reports.sem-o.com/documents/PUB_5MinImbalPrc_202609230015.xml,semo/market_signals/PUB_5MinImbalPrc/2026/09/PUB_5MinImbalPrc_202609230015.xml,Review the SEMO open-data terms and disclaimer before redistribution.,semo-market-v1,data/raw/semo/market_signals/PUB_5MinImbalPrc/2026/09/PUB_5MinImbalPrc_202609230015.xml,722,e92ee60818e10c7ac6c8461199c00ff3fe81c9cc8d17381f89258e27c803fbc2,2026-09-23T22:39:55Z,2026-09-23T00:15:00+00:00,2026-09-23T00:20:00+00:00,5
semo_pub_5minimbalprc_202609230020,SEMO,PUB_5MinImbalPrc,2026,https://reports.sem-o.com/documents/PUB_5MinImbalPrc_202609230020.xml,semo/market_signals/PUB_5MinImbalPrc/2026/09/PUB_5MinImbalPrc_202609230020.xml,Review the SEMO open-data terms and disclaimer before redistribution.,semo-market-v1,data/raw/semo/market_signals/PUB_5MinImbalPrc/2026/09/PUB_5MinImbalPrc_202609230020.xml,722,887fd133f4d7253259f78c6ee076aac387df57c6f9b8e0fd8e38138b3a7a6f02,2026-09-23T22:39:55Z,2026-09-23T00:20:00+00:00,2026-09-23T00:25:00+00:00,5
semo_pub_5minimbalprc_202609230025,SEMO,PUB_5MinImbalPrc,2026,https://reports.sem-o.com/documents/PUB_5MinImbalPrc_202609230025.xml,semo/market_signals/PUB_5MinImbalPrc/2026/09/PUB_5MinImbalPrc_202609230025.xml,Review the SEMO open-data terms and disclaimer before redistribution.,semo-market-v1,data/raw/semo/market_signals/PUB_5MinImbalPrc/2026/09/PUB_5MinImbalPrc_202609230025.xml,722,1130f998f0969dd71f976512a203d302dc65255806b8047d6e52864abd7089eb,2026-09-23T22:39:55Z,2026-09-23T00:25:00+00:00,2026-09-23T00:30:00+00:00,5
semo_pub_5minimbalprc_202609230030,SEMO,PUB_5MinImbalPrc,2026,https://reports.sem-o.com/documents/PUB_5MinImbalPrc_202609230030.xml,semo/market_signals/PUB_5MinImbalPrc/2026/09/PUB_5MinImbalPrc_202609230030.xml,Review the SEMO open-data terms and disclaimer before redistribution.,semo-market-v1,data/raw/semo/market_signals/PUB_5MinImbalPrc/2026/09/PUB_5MinImbalPrc_202609230030.xml,719,419ea6ebe50c8fed3ede24d30303726a36f6620159ba0ef26d187a6b0d8fbedc,2026-09-23T22:39:55Z,2026-09-23T00:30:00+00:00,2026-09-23T00:35:00+00:00,5
semo_pub_5minimbalprc_202609230035,SEMO,PUB_5MinImbalPrc,2026,https://reports.sem-o.com/documents/PUB_5MinImbalPrc_202609230035.xml,semo/market_signals/PUB_5MinImbalPrc/2026/09/PUB_5MinImbalPrc_202609230035.xml,Review the SEMO open-data terms and disclaimer before redistribution.,semo-market-v1,data/raw/semo/market_signals/PUB_5MinImbalPrc/2026/09/PUB_5MinImbalPrc_202609230035.xml,718,4b36de47d14f42da4ecc8284e3da60901943eb45c8912bd6d4a119f97655d423,2026-09-23T22:39:56Z,2026-09-23T00:35:00+00:00,2026-09-23T00:40:00+00:00,5
semo_pub_5minimbalprc_202609230040,SEMO,PUB_5MinImbalPrc,2026,https://reports.sem-o.com/documents/PUB_5MinImbalPrc_202609230040.xml,semo/market_signals/PUB_5MinImbalPrc/2026/09/PUB_5MinImbalPrc_202609230040.xml,Review the SEMO open-data terms and disclaimer before redistribution.,semo-market-v1,data/raw/semo/market_signals/PUB_5MinImbalPrc/2026/09/PUB_5MinImbalPrc_202609230040.xml,720,d861888eb1db7b6c4aeb81a4b5d80131a6a5fd92df7bf61c341e84642ab36a18,2026-09-23T22:39:56Z,2026-09-23T00:40:00+00:00,2026-09-23T00:45:00+00:00,5
semo_pub_5minimbalprc_202609230045,SEMO,PUB_5MinImbalPrc,2026,https://reports.sem-o.com/documents/PUB_5MinImbalPrc_202609230045.xml,semo/market_signals/PUB_5MinImbalPrc/2026/09/PUB_5MinImbalPrc_202609230045.xml,Review the SEMO open-data terms and disclaimer before redistribution.,semo-market-v1,data/raw/semo/market_signals/PUB_5MinImbalPrc/2026/09/PUB_5MinImbalPrc_202609230045.xml,717,2ee19df5ee04ecfc050fc7be21ab1143c476a0c0fde5501ed8f5f67f3acbb96c,2026-09-23T22:39:56Z,2026-09-23T00:45:00+00:00,2026-09-23T00:50:00+00:00,5
semo_pub_5minimbalprc_202609230050,SEMO,PUB_5MinImbalPrc,2026,https://reports.sem-o.com/documents/PUB_5MinImbalPrc_202609230050.xml,semo/market_signals/PUB_5MinImbalPrc/2026/09/PUB_5MinImbalPrc_202609230050.xml,Review the SEMO open-data terms and disclaimer before redistribution.,semo-market-v1,data/raw/semo/market_signals/PUB_5MinImbalPrc/2026/09/PUB_5MinImbalPrc_202609230050.xml,723,9b4d4053555ca28988a8293a06f6a60ac981099898114690344eeb6346162c9a,2026-09-23T22:39:56Z,2026-09-23T00:50:00+00:00,2026-09-23T00:55:00+00:00,5
semo_pub_5minimbalprc_202609230055,SEMO,PUB_5MinImbalPrc,2026,https://reports.sem-o.com/documents/PUB_5MinImbalPrc_202609230055.xml,semo/market_signals/PUB_5MinImbalPrc/2026/09/PUB_5MinImbalPrc_202609230055.xml,Review the SEMO open-data terms and disclaimer before redistribution.,semo-market-v1,data/raw/semo/market_signals/PUB_5MinImbalPrc/2026/09/PUB_5MinImbalPrc_202609230055.xml,717,15494ca37c5fc000a0426057e87c0f1f23d31332b44b8c2531306df9623ac0a8,2026-09-23T22:39:56Z,2026-09-23T00:55:00+00:00,2026-09-23T01:00:00+00:00,5
semo_pub_5minimbalprc_202609230100,SEMO,PUB_5MinImbalPrc,2026,https://reports.sem-o.com/documents/PUB_5MinImbalPrc_202609230100.xml,semo/market_signals/PUB_5MinImbalPrc/2026/09/PUB_5MinImbalPrc_202609230100.xml,Review the SEMO open-data terms and disclaimer before redistribution.,semo-market-v1,data/raw/semo/market_signals/PUB_5MinImbalPrc/2026/09/PUB_5MinImbalPrc_202609230100.xml,723,544386bc86298782bfb63bc1137a236db87d9a5b13ed86bfda90506780800fac,2026-09-23T22:39:56Z,2026-09-23T01:00:00+00:00,2026-09-23T01:05:00+00:00,5
semo_pub_5minimbalprc_202609230105,SEMO,PUB_5MinImbalPrc,2026,https://reports.sem-o.com/documents/PUB_5MinImbalPrc_202609230105.xml,semo/market_signals/PUB_5MinImbalPrc/2026/09/PUB_5MinImbalPrc_202609230105.xml,Review the SEMO open-data terms and disclaimer before redistribution.,semo-market-v1,data/raw/semo/market_signals/PUB_5MinImbalPrc/2026/09/PUB_5MinImbalPrc_202609230105.xml,723,96b97e4d83b68dbd87a5e4b39983c87a5cf4274ca5ea097cf2a4e63dedf38338,2026-09-23T22:39:56Z,2026-09-23T01:05:00+00:00,2026-09-23T01:10:00+00:00,5
semo_pub_5minimbalprc_202609230110,SEMO,PUB_5MinImbalPrc,2026,https://reports.sem-o.com/documents/PUB_5MinImbalPrc_202609230110.xml,semo/market_signals/PUB_5MinImbalPrc/2026/09/PUB_5MinImbalPrc_202609230110.xml,Review the SEMO open-data terms and disclaimer before redistribution.,semo-market-v1,data/raw/semo/market_signals/PUB_5MinImbalPrc/2026/09/PUB_5MinImbalPrc_202609230110.xml,718,49d4f7aa643d9d285e790fb30b8a98bc7a23fcc4dac8e1c2781f28fee423caca,2026-09-23T22:39:56Z,2026-09-23T01:10:00+00:00,2026-09-23T01:15:00+00:00,5
semo_pub_5minimbalprc_202609230115,SEMO,PUB_5MinImbalPrc,2026,https://reports.sem-o.com/documents/PUB_5MinImbalPrc_202609230115.xml,semo/market_signals/PUB_5MinImbalPrc/2026/09/PUB_5MinImbalPrc_202609230115.xml,Review the SEMO open-data terms and disclaimer before redistribution.,semo-market-v1,data/raw/semo/market_signals/PUB_5MinImbalPrc/2026/09/PUB_5MinImbalPrc_202609230115.xml,717,0d0955d4cf470c9c5c550c183b90c3a55d360be0b4c4a45052398dc12e5b6dc7,2026-09-23T22:39:56Z,2026-09-23T01:15:00+00:00,2026-09-23T01:20:00+00:00,5
semo_pub_5minimbalprc_202609230120,SEMO,PUB_5MinImbalPrc,2026,https://reports.sem-o.com/documents/PUB_5MinImbalPrc_202609230120.xml,semo/market_signals/PUB_5MinImbalPrc/2026/09/PUB_5MinImbalPrc_202609230120.xml,Review the SEMO open-data terms and disclaimer before redistribution.,semo-market-v1,data/raw/semo/market_signals/PUB_5MinImbalPrc/2026/09/PUB_5MinImbalPrc_202609230120.xml,716,5b93628e8e2be164e41fcd101fbd350bb499a79097804f2395b67d781da50127,2026-09-23T22:39:56Z,2026-09-23T01:20:00+00:00,2026-09-23T01:25:00+00:00,5
semo_pub_5minimbalprc_202609230125,SEMO,PUB_5MinImbalPrc,2026,https://reports.sem-o.com/documents/PUB_5MinImbalPrc_202609230125.xml,semo/market_signals/PUB_5MinImbalPrc/2026/09/PUB_5MinImbalPrc_202609230125.xml,Review the SEMO open-data terms and disclaimer before redistribution.,semo-market-v1,data/raw/semo/market_signals/PUB_5MinImbalPrc/2026/09/PUB_5MinImbalPrc_202609230125.xml,718,4185153eda94b38879cdc3934d170a74a8b74e825b7a75a6b0d4872a9d8bc6a1,2026-09-23T22:39:56Z,2026-09-23T01:25:00+00:00,2026-09-23T01:30:00+00:00,5
semo_pub_5minimbalprc_202609230130,SEMO,PUB_5MinImbalPrc,2026,https://reports.sem-o.com/documents/PUB_5MinImbalPrc_202609230130.xml,semo/market_signals/PUB_5MinImbalPrc/2026/09/PUB_5MinImbalPrc_202609230130.xml,Review the SEMO open-data terms and disclaimer before redistribution.,semo-market-v1,data/raw/semo/market_signals/PUB_5MinImbalPrc/2026/09/PUB_5MinImbalPrc_202609230130.xml,721,f71b5fd59df6c99db13a28cf6193bd2f2623b33345099ae2edfa58f94683b66a,2026-09-23T22:39:56Z,2026-09-23T01:30:00+00:00,2026-09-23T01:35:00+00:00,5
semo_pub_5minimbalprc_202609230135,SEMO,PUB_5MinImbalPrc,2026,https://reports.sem-o.com/documents/PUB_5MinImbalPrc_202609230135.xml,semo/market_signals/PUB_5MinImbalPrc/2026/09/PUB_5MinImbalPrc_202609230135.xml,Review the SEMO open-data terms and disclaimer before redistribution.,semo-market-v1,data/raw/semo/market_signals/PUB_5MinImbalPrc/2026/09/PUB_5MinImbalPrc_202609230135.xml,718,aecfcf5dc1799b822d68a7a84227d724a56d632831dec3c651d0c4cf78054548,2026-09-23T22:39:56Z,2026-09-23T01:35:00+00:00,2026-09-23T01:40:00+00:00,5
semo_pub_5minimbalprc_202609230140,SEMO,PUB_5MinImbalPrc,2026,https://reports.sem-o.com/documents/PUB_5MinImbalPrc_202609230140.xml,semo/market_signals/PUB_5MinImbalPrc/2026/09/PUB_5MinImbalPrc_202609230140.xml,Review the SEMO open-data terms and disclaimer before redistribution.,semo-market-v1,data/raw/semo/market_signals/PUB_5MinImbalPrc/2026/09/PUB_5MinImbalPrc_202609230140.xml,722,861621337aecdfdcbdd734c8cdd2c901deecea496047ffb78c166c0d1da16f58,2026-09-23T22:39:56Z,2026-09-23T01:40:00+00:00,2026-09-23T01:45:00+00:00,5
semo_pub_5minimbalprc_202609230145,SEMO,PUB_5MinImbalPrc,2026,https://reports.sem-o.com/documents/PUB_5MinImbalPrc_202609230145.xml,semo/market_signals/PUB_5MinImbalPrc/2026/09/PUB_5MinImbalPrc_202609230145.xml,Review the SEMO open-data terms and disclaimer before redistribution.,semo-market-v1,data/raw/semo/market_signals/PUB_5MinImbalPrc/2026/09/PUB_5MinImbalPrc_202609230145.xml,721,ab05669697a0ba71e8ad4ce4c1bf17412aa9c5ecc17ac11dec1d580e3a93204c,2026-09-23T22:39:56Z,2026-09-23T01:45:00+00:00,2026-09-23T01:50:00+00:00,5
semo_pub_5minimbalprc_202609230150,SEMO,PUB_5MinImbalPrc,2026,https://reports.sem-o.com/documents/PUB_5MinImbalPrc_202609230150.xml,semo/market_signals/PUB_5MinImbalPrc/2026/09/PUB_5MinImbalPrc_202609230150.xml,Review the SEMO open-data terms and disclaimer before redistribution.,semo-market-v1,data/raw/semo/market_signals/PUB_5MinImbalPrc/2026/09/PUB_5MinImbalPrc_202609230150.xml,722,154316a0e5a888ca508f883992cc6bbfe85f91589289b2ef6b186933757f75cd,2026-09-23T22:39:56Z,2026-09-23T01:50:00+00:00,2026-09-23T01:55:00+00:00,5
semo_pub_5minimbalprc_202609230155,SEMO,PUB_5MinImbalPrc,2026,https://reports.sem-o.com/documents/PUB_5MinImbalPrc_202609230155.xml,semo/market_signals/PUB_5MinImbalPrc/2026/09/PUB_5MinImbalPrc_202609230155.xml,Review the SEMO open-data terms and disclaimer before redistribution.,semo-market-v1,data/raw/semo/market_signals/PUB_5MinImbalPrc/2026/09/PUB_5MinImbalPrc_202609230155.xml,722,bf66f0b02b56c017cc665fe6d5e2ee482ccd9aa28c73a9b2be35f24e05f2a316,2026-09-23T22:39:56Z,2026-09-23T01:55:00+00:00,2026-09-23T02:00:00+00:00,5
semo_pub_5minimbalprc_202609230200,SEMO,PUB_5MinImbalPrc,2026,https://reports.sem-o.com/documents/PUB_5MinImbalPrc_202609230200.xml,semo/market_signals/PUB_5MinImbalPrc/2026/09/PUB_5MinImbalPrc_202609230200.xml,Review the SEMO open-data terms and disclaimer before redistribution.,semo-market-v1,data/raw/semo/market_signals/PUB_5MinImbalPrc/2026/09/PUB_5MinImbalPrc_202609230200.xml,723,d7c287a5f98cfe62df370ef43dbead171dc1962af74ffcfa63700a9bb3556094,2026-09-23T22:39:56Z,2026-09-23T02:00:00+00:00,2026-09-23T02:05:00+00:00,5
semo_pub_5minimbalprc_202609230205,SEMO,PUB_5MinImbalPrc,2026,https://reports.sem-o.com/documents/PUB_5MinImbalPrc_202609230205.xml,semo/market_signals/PUB_5MinImbalPrc/2026/09/PUB_5MinImbalPrc_202609230205.xml,Review the SEMO open-data terms and disclaimer before redistribution.,semo-market-v1,data/raw/semo/market_signals/PUB_5MinImbalPrc/2026/09/PUB_5MinImbalPrc_202609230205.xml,723,5a5b291afa18067d1e1d49a07d1fc9c1ec7dccb6156a3a5d661b62596a8bcaa3,2026-09-23T22:39:56Z,2026-09-23T02:05:00+00:00,2026-09-23T02:10:00+00:00,5
semo_pub_5minimbalprc_202609230210,SEMO,PUB_5MinImbalPrc,2026,https://reports.sem-o.com/documents/PUB_5MinImbalPrc_202609230210.xml,semo/market_signals/PUB_5MinImbalPrc/2026/09/PUB_5MinImbalPrc_202609230210.xml,Review the SEMO open-data terms and disclaimer before redistribution.,semo-market-v1,data/raw/semo/market_signals/PUB_5MinImbalPrc/2026/09/PUB_5MinImbalPrc_202609230210.xml,724,8260b2f89a1a9a0f76eef833802831a09fc7d004b78b1f6a3a69f289bfab9399,2026-09-23T22:39:56Z,2026-09-23T02:10:00+00:00,2026-09-23T02:15:00+00:00,5
semo_pub_5minimbalprc_202609230215,SEMO,PUB_5MinImbalPrc,2026,https://reports.sem-o.com/documents/PUB_5MinImbalPrc_202609230215.xml,semo/market_signals/PUB_5MinImbalPrc/2026/09/PUB_5MinImbalPrc_202609230215.xml,Review the SEMO open-data terms and disclaimer before redistribution.,semo-market-v1,data/raw/semo/market_signals/PUB_5MinImbalPrc/2026/09/PUB_5MinImbalPrc_202609230215.xml,722,6fd1f5d0aac8740592ec37050bfd36cc405826a1193d0b0f93e479f2cd502535,2026-09-23T22:39:56Z,2026-09-23T02:15:00+00:00,2026-09-23T02:20:00+00:00,5
semo_pub_5minimbalprc_202609230220,SEMO,PUB_5MinImbalPrc,2026,https://reports.sem-o.com/documents/PUB_5MinImbalPrc_202609230220.xml,semo/market_signals/PUB_5MinImbalPrc/2026/09/PUB_5MinImbalPrc_202609230220.xml,Review the SEMO open-data terms and disclaimer before redistribution.,semo-market-v1,data/raw/semo/market_signals/PUB_5MinImbalPrc/2026/09/PUB_5MinImbalPrc_202609230220.xml,723,6c0cab28d8cf809d6ca6721d51b2fe3ce4f9f25f2aa02b81d7d6c51f367f9c72,2026-09-23T22:39:56Z,2026-09-23T02:20:00+00:00,2026-09-23T02:25:00+00:00,5
semo_pub_5minimbalprc_202609230225,SEMO,PUB_5MinImbalPrc,2026,https://reports.sem-o.com/documents/PUB_5MinImbalPrc_202609230225.xml,semo/market_signals/PUB_5MinImbalPrc/2026/09/PUB_5MinImbalPrc_202609230225.xml,Review the SEMO open-data terms and disclaimer before redistribution.,semo-market-v1,data/raw/semo/market_signals/PUB_5MinImbalPrc/2026/09/PUB_5MinImbalPrc_202609230225.xml,723,c8683845fa1dca724771253f0e0403c39b6b4ada48974faf9ca7adcff4c084da,2026-09-23T22:39:56Z,2026-09-23T02:25:00+00:00,2026-09-23T02:30:00+00:00,5
semo_pub_5minimbalprc_202609230230,SEMO,PUB_5MinImbalPrc,2026,https://reports.sem-o.com/documents/PUB_5MinImbalPrc_202609230230.xml,semo/market_signals/PUB_5MinImbalPrc/2026/09/PUB_5MinImbalPrc_202609230230.xml,Review the SEMO open-data terms and disclaimer before redistribution.,semo-market-v1,data/raw/semo/market_signals/PUB_5MinImbalPrc/2026/09/PUB_5MinImbalPrc_202609230230.xml,724,c5bab4e12e83419896d5c86bf41b38c2dcef79cbc356582b98029f094a35f598,2026-09-23T22:39:56Z,2026-09-23T02:30:00+00:00,2026-09-23T02:35:00+00:00,5
semo_pub_5minimbalprc_202609230235,SEMO,PUB_5MinImbalPrc,2026,https://reports.sem-o.com/documents/PUB_5MinImbalPrc_202609230235.xml,semo/market_signals/PUB_5MinImbalPrc/2026/09/PUB_5MinImbalPrc_202609230235.xml,Review the SEMO open-data terms and disclaimer before redistribution.,semo-market-v1,data/raw/semo/market_signals/PUB_5MinImbalPrc/2026/09/PUB_5MinImbalPrc_202609230235.xml,722,b3072f70ebd5eb487a89e81cb5970eb21dedec3448de72f4dbfcbceade86579a,2026-09-23T22:39:56Z,2026-09-23T02:35:00+00:00,2026-09-23T02:40:00+00:00,5
semo_pub_5minimbalprc_202609230240,SEMO,PUB_5MinImbalPrc,2026,https://reports.sem-o.com/documents/PUB_5MinImbalPrc_202609230240.xml,semo/market_signals/PUB_5MinImbalPrc/2026/09/PUB_5MinImbalPrc_202609230240.xml,Review the SEMO open-data terms and disclaimer before redistribution.,semo-market-v1,data/raw/semo/market_signals/PUB_5MinImbalPrc/2026/09/PUB_5MinImbalPrc_202609230240.xml,723,016d9edb6df045f9d0f368941f3ca95e3c6dc4f864e764849b2141b1a9c7213d,2026-09-23T22:39:56Z,2026-09-23T02:40:00+00:00,2026-09-23T02:45:00+00:00,5
semo_pub_5minimbalprc_202609230245,SEMO,PUB_5MinImbalPrc,2026,https://reports.sem-o.com/documents/PUB_5MinImbalPrc_202609230245.xml,semo/market_signals/PUB_5MinImbalPrc/2026/09/PUB_5MinImbalPrc_202609230245.xml,Review the SEMO open-data terms and disclaimer before redistribution.,semo-market-v1,data/raw/semo/market_signals/PUB_5MinImbalPrc/2026/09/PUB_5MinImbalPrc_202609230245.xml,724,bd86160378ac546fab6265939ecccdfea4674428a7986457e0d375a6842409ec,2026-09-23T22:39:56Z,2026-09-23T02:45:00+00:00,2026-09-23T02:50:00+00:00,5
semo_pub_5minimbalprc_202609230250,SEMO,PUB_5MinImbalPrc,2026,https://reports.sem-o.com/documents/PUB_5MinImbalPrc_202609230250.xml,semo/market_signals/PUB_5MinImbalPrc/2026/09/PUB_5MinImbalPrc_202609230250.xml,Review the SEMO open-data terms and disclaimer before redistribution.,semo-market-v1,data/raw/semo/market_signals/PUB_5MinImbalPrc/2026/09/PUB_5MinImbalPrc_202609230250.xml,723,7ac6f020ca140db4d44c6e751182542c6f14fcb02f6aaf0fcca19f11217396fe,2026-09-23T22:39:56Z,2026-09-23T02:50:00+00:00,2026-09-23T02:55:00+00:00,5
semo_pub_5minimbalprc_202609230255,SEMO,PUB_5MinImbalPrc,2026,https://reports.sem-o.com/documents/PUB_5MinImbalPrc_202609230255.xml,semo/market_signals/PUB_5MinImbalPrc/2026/09/PUB_5MinImbalPrc_202609230255.xml,Review the SEMO open-data terms and disclaimer before redistribution.,semo-market-v1,data/raw/semo/market_signals/PUB_5MinImbalPrc/2026/09/PUB_5MinImbalPrc_202609230255.xml,723,ad8daa04c8cdc44a5240b1354b80d04d6aa9a8b42a492d5883687721945c88c0,2026-09-23T22:39:56Z,2026-09-23T02:55:00+00:00,2026-09-23T03:00:00+00:00,5
semo_pub_5minimbalprc_202609230300,SEMO,PUB_5MinImbalPrc,2026,https://reports.sem-o.com/documents/PUB_5MinImbalPrc_202609230300.xml,semo/market_signals/PUB_5MinImbalPrc/2026/09/PUB_5MinImbalPrc_202609230300.xml,Review the SEMO open-data terms and disclaimer before redistribution.,semo-market-v1,data/raw/semo/market_signals/PUB_5MinImbalPrc/2026/09/PUB_5MinImbalPrc_202609230300.xml,722,8dc5d1a8cf72df5f60763ea86614a151b2853a13737de7c6c12e042656ac8ab5,2026-09-23T22:39:56Z,2026-09-23T03:00:00+00:00,2026-09-23T03:05:00+00:00,5
semo_pub_5minimbalprc_202609230305,SEMO,PUB_5MinImbalPrc,2026,https://reports.sem-o.com/documents/PUB_5MinImbalPrc_202609230305.xml,semo/market_signals/PUB_5MinImbalPrc/2026/09/PUB_5MinImbalPrc_202609230305.xml,Review the SEMO open-data terms and disclaimer before redistribution.,semo-market-v1,data/raw/semo/market_signals/PUB_5MinImbalPrc/2026/09/PUB_5MinImbalPrc_202609230305.xml,723,9f552f41842abe36265d251de66b898810aba66d8809a98ac25492c2feaa0cd5,2026-09-23T22:39:56Z,2026-09-23T03:05:00+00:00,2026-09-23T03:10:00+00:00,5
semo_pub_5minimbalprc_202609230310,SEMO,PUB_5MinImbalPrc,2026,https://reports.sem-o.com/documents/PUB_5MinImbalPrc_202609230310.xml,semo/market_signals/PUB_5MinImbalPrc/2026/09/PUB_5MinImbalPrc_202609230310.xml,Review the SEMO open-data terms and disclaimer before redistribution.,semo-market-v1,data/raw/semo/market_signals/PUB_5MinImbalPrc/2026/09/PUB_5MinImbalPrc_202609230310.xml,723,acbfffebb21b2a71f53a6ee8117039d3092d4c779d0cd12df3d251ec5f9482ac,2026-09-23T22:39:56Z,2026-09-23T03:10:00+00:00,2026-09-23T03:15:00+00:00,5
semo_pub_5minimbalprc_202609230315,SEMO,PUB_5MinImbalPrc,2026,https://reports.sem-o.com/documents/PUB_5MinImbalPrc_202609230315.xml,semo/market_signals/PUB_5MinImbalPrc/2026/09/PUB_5MinImbalPrc_202609230315.xml,Review the SEMO open-data terms and disclaimer before redistribution.,semo-market-v1,data/raw/semo/market_signals/PUB_5MinImbalPrc/2026/09/PUB_5MinImbalPrc_202609230315.xml,722,62edf8640cdd2ade16c90d8d0ada540bb135aaeceda32bcc699b69fe791fb66c,2026-09-23T22:39:56Z,2026-09-23T03:15:00+00:00,2026-09-23T03:20:00+00:00,5
semo_pub_5minimbalprc_202609230320,SEMO,PUB_5MinImbalPrc,2026,https://reports.sem-o.com/documents/PUB_5MinImbalPrc_202609230320.xml,semo/market_signals/PUB_5MinImbalPrc/2026/09/PUB_5MinImbalPrc_202609230320.xml,Review the SEMO open-data terms and disclaimer before redistribution.,semo-market-v1,data/raw/semo/market_signals/PUB_5MinImbalPrc/2026/09/PUB_5MinImbalPrc_202609230320.xml,723,61347b9196c783b751c92e28e44445ff4ed12387009a11447b833aa9b4900bfe,2026-09-23T22:39:56Z,2026-09-23T03:20:00+00:00,2026-09-23T03:25:00+00:00,5
semo_pub_5minimbalprc_202609230325,SEMO,PUB_5MinImbalPrc,2026,https://reports.sem-o.com/documents/PUB_5MinImbalPrc_202609230325.xml,semo/market_signals/PUB_5MinImbalPrc/2026/09/PUB_5MinImbalPrc_202609230325.xml,Review the SEMO open-data terms and disclaimer before redistribution.,semo-market-v1,data/raw/semo/market_signals/PUB_5MinImbalPrc/2026/09/PUB_5MinImbalPrc_202609230325.xml,723,a76f3b1e28c74a47d350e92910096fa79ff8e59fc09b318ac1307d728ba30cf7,2026-09-23T22:39:56Z,2026-09-23T03:25:00+00:00,2026-09-23T03:30:00+00:00,5
semo_pub_5minimbalprc_202609230330,SEMO,PUB_5MinImbalPrc,2026,https://reports.sem-o.com/documents/PUB_5MinImbalPrc_202609230330.xml,semo/market_signals/PUB_5MinImbalPrc/2026/09/PUB_5MinImbalPrc_202609230330.xml,Review the SEMO open-data terms and disclaimer before redistribution.,semo-market-v1,data/raw/semo/market_signals/PUB_5MinImbalPrc/2026/09/PUB_5MinImbalPrc_202609230330.xml,723,1ca6646d01ffe20f29c04a285423991e2a22fc5dfd1e5c998cebab2b9ad66be0,2026-09-23T22:39:56Z,2026-09-23T03:30:00+00:00,2026-09-23T03:35:00+00:00,5
semo_pub_5minimbalprc_202609230335,SEMO,PUB_5MinImbalPrc,2026,https://reports.sem-o.com/documents/PUB_5MinImbalPrc_202609230335.xml,semo/market_signals/PUB_5MinImbalPrc/2026/09/PUB_5MinImbalPrc_202609230335.xml,Review the SEMO open-data terms and disclaimer before redistribution.,semo-market-v1,data/raw/semo/market_signals/PUB_5MinImbalPrc/2026/09/PUB_5MinImbalPrc_202609230335.xml,723,20ef017d6cef53a282da880b635064623b62b9ee2adda1e60dce7fa24f29f5b1,2026-09-23T22:39:56Z,2026-09-23T03:35:00+00:00,2026-09-23T03:40:00+00:00,5
semo_pub_5minimbalprc_202609230340,SEMO,PUB_5MinImbalPrc,2026,https://reports.sem-o.com/documents/PUB_5MinImbalPrc_202609230340.xml,semo/market_signals/PUB_5MinImbalPrc/2026/09/PUB_5MinImbalPrc_202609230340.xml,Review the SEMO open-data terms and disclaimer before redistribution.,semo-market-v1,data/raw/semo/market_signals/PUB_5MinImbalPrc/2026/09/PUB_5MinImbalPrc_202609230340.xml,721,bd5dbc53945e2f2991433b43a0850ac2c85928f2101fc1fbc2a5ef4e6959cad8,2026-09-23T22:39:56Z,2026-09-23T03:40:00+00:00,2026-09-23T03:45:00+00:00,5
semo_pub_5minimbalprc_202609230345,SEMO,PUB_5MinImbalPrc,2026,https://reports.sem-o.com/documents/PUB_5MinImbalPrc_202609230345.xml,semo/market_signals/PUB_5MinImbalPrc/2026/09/PUB_5MinImbalPrc_202609230345.xml,Review the SEMO open-data terms and disclaimer before redistribution.,semo-market-v1,data/raw/semo/market_signals/PUB_5MinImbalPrc/2026/09/PUB_5MinImbalPrc_202609230345.xml,720,35ef414de54e04ad560c0c4d9faa97181177209493289e282342cf01a31dd93c,2026-09-23T22:39:56Z,2026-09-23T03:45:00+00:00,2026-09-23T03:50:00+00:00,5
semo_pub_5minimbalprc_202609230350,SEMO,PUB_5MinImbalPrc,2026,https://reports.sem-o.com/documents/PUB_5MinImbalPrc_202609230350.xml,semo/market_signals/PUB_5MinImbalPrc/2026/09/PUB_5MinImbalPrc_202609230350.xml,Review the SEMO open-data terms and disclaimer before redistribution.,semo-market-v1,data/raw/semo/market_signals/PUB_5MinImbalPrc/2026/09/PUB_5MinImbalPrc_202609230350.xml,723,d5adaed4d8c0e9c90dfbb2364eacb5ac96981abbedb1f624f9cd2a9a421a2b89,2026-09-23T22:39:56Z,2026-09-23T03:50:00+00:00,2026-09-23T03:55:00+00:00,5
semo_pub_5minimbalprc_202609230355,SEMO,PUB_5MinImbalPrc,2026,https://reports.sem-o.com/documents/PUB_5MinImbalPrc_202609230355.xml,semo/market_signals/PUB_5MinImbalPrc/2026/09/PUB_5MinImbalPrc_202609230355.xml,Review the SEMO open-data terms and disclaimer before redistribution.,semo-market-v1,data/raw/semo/market_signals/PUB_5MinImbalPrc/2026/09/PUB_5MinImbalPrc_202609230355.xml,720,c28121fee48ef0c54b7a80dd3b5db886822fc8ed6f80e455ecd13713614e8224,2026-09-23T22:39:56Z,2026-09-23T03:55:00+00:00,2026-09-23T04:00:00+00:00,5
semo_pub_5minimbalprc_202609230400,SEMO,PUB_5MinImbalPrc,2026,https://reports.sem-o.com/documents/PUB_5MinImbalPrc_202609230400.xml,semo/market_signals/PUB_5MinImbalPrc/2026/09/PUB_5MinImbalPrc_202609230400.xml,Review the SEMO open-data terms and disclaimer before redistribution.,semo-market-v1,data/raw/semo/market_signals/PUB_5MinImbalPrc/2026/09/PUB_5MinImbalPrc_202609230400.xml,723,7509be243857e2fad76c5726904b5aff1a1cafcf8db079f37c9f9ff316c78f7d,2026-09-23T22:39:56Z,2026-09-23T04:00:00+00:00,2026-09-23T04:05:00+00:00,5
semo_pub_5minimbalprc_202609230405,SEMO,PUB_5MinImbalPrc,2026,https://reports.sem-o.com/documents/PUB_5MinImbalPrc_202609230405.xml,semo/market_signals/PUB_5MinImbalPrc/2026/09/PUB_5MinImbalPrc_202609230405.xml,Review the SEMO open-data terms and disclaimer before redistribution.,semo-market-v1,data/raw/semo/market_signals/PUB_5MinImbalPrc/2026/09/PUB_5MinImbalPrc_202609230405.xml,724,ebb533bede6611ae0df9f0b5a750ca8cd8086fa8be286e4fb3dd64fa82cdeb8b,2026-09-23T22:39:56Z,2026-09-23T04:05:00+00:00,2026-09-23T04:10:00+00:00,5
semo_pub_5minimbalprc_202609230410,SEMO,PUB_5MinImbalPrc,2026,https://reports.sem-o.com/documents/PUB_5MinImbalPrc_202609230410.xml,semo/market_signals/PUB_5MinImbalPrc/2026/09/PUB_5MinImbalPrc_202609230410.xml,Review the SEMO open-data terms and disclaimer before redistribution.,semo-market-v1,data/raw/semo/market_signals/PUB_5MinImbalPrc/2026/09/PUB_5MinImbalPrc_202609230410.xml,724,7b36b8d4709c4c662e96f845d0ebb3cd8065a26ade2f48ac5ed6d2cb1a2e57ae,2026-09-23T22:39:56Z,2026-09-23T04:10:00+00:00,2026-09-23T04:15:00+00:00,5
semo_pub_5minimbalprc_202609230415,SEMO,PUB_5MinImbalPrc,2026,https://reports.sem-o.com/documents/PUB_5MinImbalPrc_202609230415.xml,semo/market_signals/PUB_5MinImbalPrc/2026/09/PUB_5MinImbalPrc_202609230415.xml,Review the SEMO open-data terms and disclaimer before redistribution.,semo-market-v1,data/raw/semo/market_signals/PUB_5MinImbalPrc/2026/09/PUB_5MinImbalPrc_202609230415.xml,721,62ee831f940942adb703fb3e0548cfcf0d4dbd3464d7f0bb7e4392beeb63766e,2026-09-23T22:39:56Z,2026-09-23T04:15:00+00:00,2026-09-23T04:20:00+00:00,5
semo_pub_5minimbalprc_202609230420,SEMO,PUB_5MinImbalPrc,2026,https://reports.sem-o.com/documents/PUB_5MinImbalPrc_202609230420.xml,semo/market_signals/PUB_5MinImbalPrc/2026/09/PUB_5MinImbalPrc_202609230420.xml,Review the SEMO open-data terms and disclaimer before redistribution.,semo-market-v1,data/raw/semo/market_signals/PUB_5MinImbalPrc/2026/09/PUB_5MinImbalPrc_202609230420.xml,722,0d023f6516d330a9a05e510abed139edc3fd362b56a0867e29b6fe8a2962640e,2026-09-23T22:39:56Z,2026-09-23T04:20:00+00:00,2026-09-23T04:25:00+00:00,5
semo_pub_5minimbalprc_202609230425,SEMO,PUB_5MinImbalPrc,2026,https://reports.sem-o.com/documents/PUB_5MinImbalPrc_202609230425.xml,semo/market_signals/PUB_5MinImbalPrc/2026/09/PUB_5MinImbalPrc_202609230425.xml,Review the SEMO open-data terms and disclaimer before redistribution.,semo-market-v1,data/raw/semo/market_signals/PUB_5MinImbalPrc/2026/09/PUB_5MinImbalPrc_202609230425.xml,723,f49a544e16ac0f1f8960a952829d0131133838593633f8c8da047f0ae1db5b86,2026-09-23T22:39:56Z,2026-09-23T04:25:00+00:00,2026-09-23T04:30:00+00:00,5
semo_pub_5minimbalprc_202609230430,SEMO,PUB_5MinImbalPrc,2026,https://reports.sem-o.com/documents/PUB_5MinImbalPrc_202609230430.xml,semo/market_signals/PUB_5MinImbalPrc/2026/09/PUB_5MinImbalPrc_202609230430.xml,Review the SEMO open-data terms and disclaimer before redistribution.,semo-market-v1,data/raw/semo/market_signals/PUB_5MinImbalPrc/2026/09/PUB_5MinImbalPrc_202609230430.xml,724,949b8e2844a92ba97ab081207f082d8c5830b330a776dceb44850f3021acd1bd,2026-09-23T22:39:56Z,2026-09-23T04:30:00+00:00,2026-09-23T04:35:00+00:00,5
semo_pub_5minimbalprc_202609230435,SEMO,PUB_5MinImbalPrc,2026,https://reports.sem-o.com/documents/PUB_5MinImbalPrc_202609230435.xml,semo/market_signals/PUB_5MinImbalPrc/2026/09/PUB_5MinImbalPrc_202609230435.xml,Review the SEMO open-data terms and disclaimer before redistribution.,semo-market-v1,data/raw/semo/market_signals/PUB_5MinImbalPrc/2026/09/PUB_5MinImbalPrc_202609230435.xml,724,d6fff126283cdd533bfb77a9747a453be7bb7e7d9112f4ba04eb001d69e033e0,2026-09-23T22:39:56Z,2026-09-23T04:35:00+00:00,2026-09-23T04:40:00+00:00,5
semo_pub_5minimbalprc_202609230440,SEMO,PUB_5MinImbalPrc,2026,https://reports.sem-o.com/documents/PUB_5MinImbalPrc_202609230440.xml,semo/market_signals/PUB_5MinImbalPrc/2026/09/PUB_5MinImbalPrc_202609230440.xml,Review the SEMO open-data terms and disclaimer before redistribution.,semo-market-v1,data/raw/semo/market_signals/PUB_5MinImbalPrc/2026/09/PUB_5MinImbalPrc_202609230440.xml,723,b24b0554ef992149d71fc949cccf82b1a48998707a3af92ed1cabb929618bd27,2026-09-23T22:39:56Z,2026-09-23T04:40:00+00:00,2026-09-23T04:45:00+00:00,5
semo_pub_5minimbalprc_202609230445,SEMO,PUB_5MinImbalPrc,2026,https://reports.sem-o.com/documents/PUB_5MinImbalPrc_202609230445.xml,semo/market_signals/PUB_5MinImbalPrc/2026/09/PUB_5MinImbalPrc_202609230445.xml,Review the SEMO open-data terms and disclaimer before redistribution.,semo-market-v1,data/raw/semo/market_signals/PUB_5MinImbalPrc/2026/09/PUB_5MinImbalPrc_202609230445.xml,723,9c5baac45597b2189ef218af2a5dcf8ae82d68e05a5149f7c9be4bf16cb1420a,2026-09-23T22:39:56Z,2026-09-23T04:45:00+00:00,2026-09-23T04:50:00+00:00,5
semo_pub_5minimbalprc_202609230450,SEMO,PUB_5MinImbalPrc,2026,https://reports.sem-o.com/documents/PUB_5MinImbalPrc_202609230450.xml,semo/market_signals/PUB_5MinImbalPrc/2026/09/PUB_5MinImbalPrc_202609230450.xml,Review the SEMO open-data terms and disclaimer before redistribution.,semo-market-v1,data/raw/semo/market_signals/PUB_5MinImbalPrc/2026/09/PUB_5MinImbalPrc_202609230450.xml,718,786daa4d9ebc61e12490344dfb2e26529c77d6e5e81fb845ce23dfe33dbbb835,2026-09-23T22:39:56Z,2026-09-23T04:50:00+00:00,2026-09-23T04:55:00+00:00,5
semo_pub_5minimbalprc_202609230455,SEMO,PUB_5MinImbalPrc,2026,https://reports.sem-o.com/documents/PUB_5MinImbalPrc_202609230455.xml,semo/market_signals/PUB_5MinImbalPrc/2026/09/PUB_5MinImbalPrc_202609230455.xml,Review the SEMO open-data terms and disclaimer before redistribution.,semo-market-v1,data/raw/semo/market_signals/PUB_5MinImbalPrc/2026/09/PUB_5MinImbalPrc_202609230455.xml,722,1fe15a13fdfaeaa0c7e96466dc040303db2432b20c05877783f74de2530ad66d,2026-09-23T22:39:56Z,2026-09-23T04:55:00+00:00,2026-09-23T05:00:00+00:00,5
semo_pub_5minimbalprc_202609230500,SEMO,PUB_5MinImbalPrc,2026,https://reports.sem-o.com/documents/PUB_5MinImbalPrc_202609230500.xml,semo/market_signals/PUB_5MinImbalPrc/2026/09/PUB_5MinImbalPrc_202609230500.xml,Review the SEMO open-data terms and disclaimer before redistribution.,semo-market-v1,data/raw/semo/market_signals/PUB_5MinImbalPrc/2026/09/PUB_5MinImbalPrc_202609230500.xml,723,d00dcf1513f065a58a3235fc96cf050e56b50b5be125240da3e3397461dcda26,2026-09-23T22:39:56Z,2026-09-23T05:00:00+00:00,2026-09-23T05:05:00+00:00,5
semo_pub_5minimbalprc_202609230505,SEMO,PUB_5MinImbalPrc,2026,https://reports.sem-o.com/documents/PUB_5MinImbalPrc_202609230505.xml,semo/market_signals/PUB_5MinImbalPrc/2026/09/PUB_5MinImbalPrc_202609230505.xml,Review the SEMO open-data terms and disclaimer before redistribution.,semo-market-v1,data/raw/semo/market_signals/PUB_5MinImbalPrc/2026/09/PUB_5MinImbalPrc_202609230505.xml,718,c4e197d859bdf55a13852c2017bd951a14af25c103d5747f75a3be3a87d7c23c,2026-09-23T22:39:56Z,2026-09-23T05:05:00+00:00,2026-09-23T05:10:00+00:00,5
semo_pub_5minimbalprc_202609230510,SEMO,PUB_5MinImbalPrc,2026,https://reports.sem-o.com/documents/PUB_5MinImbalPrc_202609230510.xml,semo/market_signals/PUB_5MinImbalPrc/2026/09/PUB_5MinImbalPrc_202609230510.xml,Review the SEMO open-data terms and disclaimer before redistribution.,semo-market-v1,data/raw/semo/market_signals/PUB_5MinImbalPrc/2026/09/PUB_5MinImbalPrc_202609230510.xml,717,9d3c745460b827fafbbf716f0f25655f5d5a98553e55d2d69d8d7dd0f0a7d440,2026-09-23T22:39:56Z,2026-09-23T05:10:00+00:00,2026-09-23T05:15:00+00:00,5
semo_pub_5minimbalprc_202609230515,SEMO,PUB_5MinImbalPrc,2026,https://reports.sem-o.com/documents/PUB_5MinImbalPrc_202609230515.xml,semo/market_signals/PUB_5MinImbalPrc/2026/09/PUB_5MinImbalPrc_202609230515.xml,Review the SEMO open-data terms and disclaimer before redistribution.,semo-market-v1,data/raw/semo/market_signals/PUB_5MinImbalPrc/2026/09/PUB_5MinImbalPrc_202609230515.xml,724,0586364cad2bfb626f7696d9fab0c66d740417e1b90cfdb61db4dd118d1dd8ed,2026-09-23T22:39:56Z,2026-09-23T05:15:00+00:00,2026-09-23T05:20:00+00:00,5
semo_pub_5minimbalprc_202609230520,SEMO,PUB_5MinImbalPrc,2026,https://reports.sem-o.com/documents/PUB_5MinImbalPrc_202609230520.xml,semo/market_signals/PUB_5MinImbalPrc/2026/09/PUB_5MinImbalPrc_202609230520.xml,Review the SEMO open-data terms and disclaimer before redistribution.,semo-market-v1,data/raw/semo/market_signals/PUB_5MinImbalPrc/2026/09/PUB_5MinImbalPrc_202609230520.xml,724,7108c59f7e0bd640cb16a4b14383e43e628e58aeb0158a12914d828bd62aa134,2026-09-23T22:39:56Z,2026-09-23T05:20:00+00:00,2026-09-23T05:25:00+00:00,5
semo_pub_5minimbalprc_202609230525,SEMO,PUB_5MinImbalPrc,2026,https://reports.sem-o.com/documents/PUB_5MinImbalPrc_202609230525.xml,semo/market_signals/PUB_5MinImbalPrc/2026/09/PUB_5MinImbalPrc_202609230525.xml,Review the SEMO open-data terms and disclaimer before redistribution.,semo-market-v1,data/raw/semo/market_signals/PUB_5MinImbalPrc/2026/09/PUB_5MinImbalPrc_202609230525.xml,720,8d4932bf59f111d2b37307c62d1a9e89130898c186ca420e0f029166f50480f7,2026-09-23T22:39:56Z,2026-09-23T05:25:00+00:00,2026-09-23T05:30:00+00:00,5
semo_pub_5minimbalprc_202609230530,SEMO,PUB_5MinImbalPrc,2026,https://reports.sem-o.com/documents/PUB_5MinImbalPrc_202609230530.xml,semo/market_signals/PUB_5MinImbalPrc/2026/09/PUB_5MinImbalPrc_202609230530.xml,Review the SEMO open-data terms and disclaimer before redistribution.,semo-market-v1,data/raw/semo/market_signals/PUB_5MinImbalPrc/2026/09/PUB_5MinImbalPrc_202609230530.xml,722,fc4534ad3138a1fbb3d026a71f9d6cfde823abfd20e9f143abd4a1b22dbabcbe,2026-09-23T22:39:57Z,2026-09-23T05:30:00+00:00,2026-09-23T05:35:00+00:00,5
semo_pub_5minimbalprc_202609230535,SEMO,PUB_5MinImbalPrc,2026,https://reports.sem-o.com/documents/PUB_5MinImbalPrc_202609230535.xml,semo/market_signals/PUB_5MinImbalPrc/2026/09/PUB_5MinImbalPrc_202609230535.xml,Review the SEMO open-data terms and disclaimer before redistribution.,semo-market-v1,data/raw/semo/market_signals/PUB_5MinImbalPrc/2026/09/PUB_5MinImbalPrc_202609230535.xml,721,f89af97f97cbb04cd24e48e95596ac0bac0b27d7b8b287dc2294d545122857d5,2026-09-23T22:39:56Z,2026-09-23T05:35:00+00:00,2026-09-23T05:40:00+00:00,5
semo_pub_5minimbalprc_202609230540,SEMO,PUB_5MinImbalPrc,2026,https://reports.sem-o.com/documents/PUB_5MinImbalPrc_202609230540.xml,semo/market_signals/PUB_5MinImbalPrc/2026/09/PUB_5MinImbalPrc_202609230540.xml,Review the SEMO open-data terms and disclaimer before redistribution.,semo-market-v1,data/raw/semo/market_signals/PUB_5MinImbalPrc/2026/09/PUB_5MinImbalPrc_202609230540.xml,724,76d1eb98e1dc64ad0c6b2a4305ddcfcb41c971ef947028c9f2dc6055f78f35cf,2026-09-23T22:39:57Z,2026-09-23T05:40:00+00:00,2026-09-23T05:45:00+00:00,5
semo_pub_5minimbalprc_202609230545,SEMO,PUB_5MinImbalPrc,2026,https://reports.sem-o.com/documents/PUB_5MinImbalPrc_202609230545.xml,semo/market_signals/PUB_5MinImbalPrc/2026/09/PUB_5MinImbalPrc_202609230545.xml,Review the SEMO open-data terms and disclaimer before redistribution.,semo-market-v1,data/raw/semo/market_signals/PUB_5MinImbalPrc/2026/09/PUB_5MinImbalPrc_202609230545.xml,724,e0c5942cddb593b0020bf93dcf8704e7291441a031a4a3b7f460f552289f2abd,2026-09-23T22:39:57Z,2026-09-23T05:45:00+00:00,2026-09-23T05:50:00+00:00,5
semo_pub_5minimbalprc_202609230550,SEMO,PUB_5MinImbalPrc,2026,https://reports.sem-o.com/documents/PUB_5MinImbalPrc_202609230550.xml,semo/market_signals/PUB_5MinImbalPrc/2026/09/PUB_5MinImbalPrc_202609230550.xml,Review the SEMO open-data terms and disclaimer before redistribution.,semo-market-v1,data/raw/semo/market_signals/PUB_5MinImbalPrc/2026/09/PUB_5MinImbalPrc_202609230550.xml,724,211a171d6d6ff0f1cf8312572df40cc0e558ac81b563798075d913ec3f8ff36f,2026-09-23T22:39:56Z,2026-09-23T05:50:00+00:00,2026-09-23T05:55:00+00:00,5
semo_pub_5minimbalprc_202609230555,SEMO,PUB_5MinImbalPrc,2026,https://reports.sem-o.com/documents/PUB_5MinImbalPrc_202609230555.xml,semo/market_signals/PUB_5MinImbalPrc/2026/09/PUB_5MinImbalPrc_202609230555.xml,Review the SEMO open-data terms and disclaimer before redistribution.,semo-market-v1,data/raw/semo/market_signals/PUB_5MinImbalPrc/2026/09/PUB_5MinImbalPrc_202609230555.xml,724,3f56bf9b4c62bdb1a3402c30d4fa59aa5db5ce9c518677cade1be924df8690fd,2026-09-23T22:39:56Z,2026-09-23T05:55:00+00:00,2026-09-23T06:00:00+00:00,5
semo_pub_5minimbalprc_202609230600,SEMO,PUB_5MinImbalPrc,2026,https://reports.sem-o.com/documents/PUB_5MinImbalPrc_202609230600.xml,semo/market_signals/PUB_5MinImbalPrc/2026/09/PUB_5MinImbalPrc_202609230600.xml,Review the SEMO open-data terms and disclaimer before redistribution.,semo-market-v1,data/raw/semo/market_signals/PUB_5MinImbalPrc/2026/09/PUB_5MinImbalPrc_202609230600.xml,724,f5c550df8a14903bcc402e5f9bf212648266d2313aa3c63d3127f11fff1ba539,2026-09-23T22:39:57Z,2026-09-23T06:00:00+00:00,2026-09-23T06:05:00+00:00,5
semo_pub_5minimbalprc_202609230605,SEMO,PUB_5MinImbalPrc,2026,https://reports.sem-o.com/documents/PUB_5MinImbalPrc_202609230605.xml,semo/market_signals/PUB_5MinImbalPrc/2026/09/PUB_5MinImbalPrc_202609230605.xml,Review the SEMO open-data terms and disclaimer before redistribution.,semo-market-v1,data/raw/semo/market_signals/PUB_5MinImbalPrc/2026/09/PUB_5MinImbalPrc_202609230605.xml,724,4146c61467bb1a85d68964f0c4689f570ccb9f8712a9d61e629bd141667c489c,2026-09-23T22:39:57Z,2026-09-23T06:05:00+00:00,2026-09-23T06:10:00+00:00,5
semo_pub_5minimbalprc_202609230610,SEMO,PUB_5MinImbalPrc,2026,https://reports.sem-o.com/documents/PUB_5MinImbalPrc_202609230610.xml,semo/market_signals/PUB_5MinImbalPrc/2026/09/PUB_5MinImbalPrc_202609230610.xml,Review the SEMO open-data terms and disclaimer before redistribution.,semo-market-v1,data/raw/semo/market_signals/PUB_5MinImbalPrc/2026/09/PUB_5MinImbalPrc_202609230610.xml,724,ec2a045e5ab01fb6ccd8a3d2d65eb2cb55903d7f2c5584cd17ee7a3f0b6caac3,2026-09-23T22:39:56Z,2026-09-23T06:10:00+00:00,2026-09-23T06:15:00+00:00,5
semo_pub_5minimbalprc_202609230615,SEMO,PUB_5MinImbalPrc,2026,https://reports.sem-o.com/documents/PUB_5MinImbalPrc_202609230615.xml,semo/market_signals/PUB_5MinImbalPrc/2026/09/PUB_5MinImbalPrc_202609230615.xml,Review the SEMO open-data terms and disclaimer before redistribution.,semo-market-v1,data/raw/semo/market_signals/PUB_5MinImbalPrc/2026/09/PUB_5MinImbalPrc_202609230615.xml,722,b699b6ccd5a0152d3f65d895304e4632d76823e858078a8cedabbdce4a62db3c,2026-09-23T22:39:56Z,2026-09-23T06:15:00+00:00,2026-09-23T06:20:00+00:00,5
semo_pub_5minimbalprc_202609230620,SEMO,PUB_5MinImbalPrc,2026,https://reports.sem-o.com/documents/PUB_5MinImbalPrc_202609230620.xml,semo/market_signals/PUB_5MinImbalPrc/2026/09/PUB_5MinImbalPrc_202609230620.xml,Review the SEMO open-data terms and disclaimer before redistribution.,semo-market-v1,data/raw/semo/market_signals/PUB_5MinImbalPrc/2026/09/PUB_5MinImbalPrc_202609230620.xml,723,72cfe275f153c4cfcf2224aef87c4417d1cd2b38476a615ffd04c1ef13c01716,2026-09-23T22:39:56Z,2026-09-23T06:20:00+00:00,2026-09-23T06:25:00+00:00,5
semo_pub_5minimbalprc_202609230625,SEMO,PUB_5MinImbalPrc,2026,https://reports.sem-o.com/documents/PUB_5MinImbalPrc_202609230625.xml,semo/market_signals/PUB_5MinImbalPrc/2026/09/PUB_5MinImbalPrc_202609230625.xml,Review the SEMO open-data terms and disclaimer before redistribution.,semo-market-v1,data/raw/semo/market_signals/PUB_5MinImbalPrc/2026/09/PUB_5MinImbalPrc_202609230625.xml,723,4c08713b6e3c287fb9c49a0bf95dce4c44d5a57ef9023fcb622ac3bb34359ebd,2026-09-23T22:39:56Z,2026-09-23T06:25:00+00:00,2026-09-23T06:30:00+00:00,5
semo_pub_5minimbalprc_202609230630,SEMO,PUB_5MinImbalPrc,2026,https://reports.sem-o.com/documents/PUB_5MinImbalPrc_202609230630.xml,semo/market_signals/PUB_5MinImbalPrc/2026/09/PUB_5MinImbalPrc_202609230630.xml,Review the SEMO open-data terms and disclaimer before redistribution.,semo-market-v1,data/raw/semo/market_signals/PUB_5MinImbalPrc/2026/09/PUB_5MinImbalPrc_202609230630.xml,722,901b2b13861af335608cf1037958f4c3fbc0cc0681fdad9f6c22da98f414976c,2026-09-23T22:39:56Z,2026-09-23T06:30:00+00:00,2026-09-23T06:35:00+00:00,5
semo_pub_5minimbalprc_202609230635,SEMO,PUB_5MinImbalPrc,2026,https://reports.sem-o.com/documents/PUB_5MinImbalPrc_202609230635.xml,semo/market_signals/PUB_5MinImbalPrc/2026/09/PUB_5MinImbalPrc_202609230635.xml,Review the SEMO open-data terms and disclaimer before redistribution.,semo-market-v1,data/raw/semo/market_signals/PUB_5MinImbalPrc/2026/09/PUB_5MinImbalPrc_202609230635.xml,722,df52986cb122e840f786c91b9aedc5d01348f353a610064c39dab247c371bbcf,2026-09-23T22:39:56Z,2026-09-23T06:35:00+00:00,2026-09-23T06:40:00+00:00,5
semo_pub_5minimbalprc_202609230640,SEMO,PUB_5MinImbalPrc,2026,https://reports.sem-o.com/documents/PUB_5MinImbalPrc_202609230640.xml,semo/market_signals/PUB_5MinImbalPrc/2026/09/PUB_5MinImbalPrc_202609230640.xml,Review the SEMO open-data terms and disclaimer before redistribution.,semo-market-v1,data/raw/semo/market_signals/PUB_5MinImbalPrc/2026/09/PUB_5MinImbalPrc_202609230640.xml,722,db6e1bf00f906f9cbacd109fbd5676c11b9f36bdeda484e9d99a5d4888003e77,2026-09-23T22:39:57Z,2026-09-23T06:40:00+00:00,2026-09-23T06:45:00+00:00,5
semo_pub_5minimbalprc_202609230645,SEMO,PUB_5MinImbalPrc,2026,https://reports.sem-o.com/documents/PUB_5MinImbalPrc_202609230645.xml,semo/market_signals/PUB_5MinImbalPrc/2026/09/PUB_5MinImbalPrc_202609230645.xml,Review the SEMO open-data terms and disclaimer before redistribution.,semo-market-v1,data/raw/semo/market_signals/PUB_5MinImbalPrc/2026/09/PUB_5MinImbalPrc_202609230645.xml,723,544a68cb34ce1c8e425b951dd954f7726f121ab3d2c3155a2d51158cb4507d62,2026-09-23T22:39:56Z,2026-09-23T06:45:00+00:00,2026-09-23T06:50:00+00:00,5
semo_pub_5minimbalprc_202609230650,SEMO,PUB_5MinImbalPrc,2026,https://reports.sem-o.com/documents/PUB_5MinImbalPrc_202609230650.xml,semo/market_signals/PUB_5MinImbalPrc/2026/09/PUB_5MinImbalPrc_202609230650.xml,Review the SEMO open-data terms and disclaimer before redistribution.,semo-market-v1,data/raw/semo/market_signals/PUB_5MinImbalPrc/2026/09/PUB_5MinImbalPrc_202609230650.xml,722,02f22f4e9832abf518808a323b133e662db0237ea774664ba517a11923bf7a6d,2026-09-23T22:39:56Z,2026-09-23T06:50:00+00:00,2026-09-23T06:55:00+00:00,5
semo_pub_5minimbalprc_202609230655,SEMO,PUB_5MinImbalPrc,2026,https://reports.sem-o.com/documents/PUB_5MinImbalPrc_202609230655.xml,semo/market_signals/PUB_5MinImbalPrc/2026/09/PUB_5MinImbalPrc_202609230655.xml,Review the SEMO open-data terms and disclaimer before redistribution.,semo-market-v1,data/raw/semo/market_signals/PUB_5MinImbalPrc/2026/09/PUB_5MinImbalPrc_202609230655.xml,721,f89b398f72403abefe749a23e7c5051d94407504cd25d73d4263583c50e33ef3,2026-09-23T22:39:57Z,2026-09-23T06:55:00+00:00,2026-09-23T07:00:00+00:00,5
semo_pub_5minimbalprc_202609230700,SEMO,PUB_5MinImbalPrc,2026,https://reports.sem-o.com/documents/PUB_5MinImbalPrc_202609230700.xml,semo/market_signals/PUB_5MinImbalPrc/2026/09/PUB_5MinImbalPrc_202609230700.xml,Review the SEMO open-data terms and disclaimer before redistribution.,semo-market-v1,data/raw/semo/market_signals/PUB_5MinImbalPrc/2026/09/PUB_5MinImbalPrc_202609230700.xml,722,2ff552349b0b4938333d39fb920072b364fcdf1fe573068d865d278cbbf81cbf,2026-09-23T22:39:56Z,2026-09-23T07:00:00+00:00,2026-09-23T07:05:00+00:00,5
semo_pub_5minimbalprc_202609230705,SEMO,PUB_5MinImbalPrc,2026,https://reports.sem-o.com/documents/PUB_5MinImbalPrc_202609230705.xml,semo/market_signals/PUB_5MinImbalPrc/2026/09/PUB_5MinImbalPrc_202609230705.xml,Review the SEMO open-data terms and disclaimer before redistribution.,semo-market-v1,data/raw/semo/market_signals/PUB_5MinImbalPrc/2026/09/PUB_5MinImbalPrc_202609230705.xml,723,c1e6da3b099443f2f3864615a91f321cab402163c35fd76796f62a95459d9c50,2026-09-23T22:39:58Z,2026-09-23T07:05:00+00:00,2026-09-23T07:10:00+00:00,5
semo_pub_5minimbalprc_202609230710,SEMO,PUB_5MinImbalPrc,2026,https://reports.sem-o.com/documents/PUB_5MinImbalPrc_202609230710.xml,semo/market_signals/PUB_5MinImbalPrc/2026/09/PUB_5MinImbalPrc_202609230710.xml,Review the SEMO open-data terms and disclaimer before redistribution.,semo-market-v1,data/raw/semo/market_signals/PUB_5MinImbalPrc/2026/09/PUB_5MinImbalPrc_202609230710.xml,723,cf1bc9265bcdf7724cf29d0cdbff7f93c648df81f0b75efb547f81e31190aad3,2026-09-23T22:39:56Z,2026-09-23T07:10:00+00:00,2026-09-23T07:15:00+00:00,5
semo_pub_5minimbalprc_202609230715,SEMO,PUB_5MinImbalPrc,2026,https://reports.sem-o.com/documents/PUB_5MinImbalPrc_202609230715.xml,semo/market_signals/PUB_5MinImbalPrc/2026/09/PUB_5MinImbalPrc_202609230715.xml,Review the SEMO open-data terms and disclaimer before redistribution.,semo-market-v1,data/raw/semo/market_signals/PUB_5MinImbalPrc/2026/09/PUB_5MinImbalPrc_202609230715.xml,723,b943e91f14c927c26be5564e983fdce7ed9d288d9fa2ecbe8deef3583d73d6d9,2026-09-23T22:39:58Z,2026-09-23T07:15:00+00:00,2026-09-23T07:20:00+00:00,5
semo_pub_5minimbalprc_202609230720,SEMO,PUB_5MinImbalPrc,2026,https://reports.sem-o.com/documents/PUB_5MinImbalPrc_202609230720.xml,semo/market_signals/PUB_5MinImbalPrc/2026/09/PUB_5MinImbalPrc_202609230720.xml,Review the SEMO open-data terms and disclaimer before redistribution.,semo-market-v1,data/raw/semo/market_signals/PUB_5MinImbalPrc/2026/09/PUB_5MinImbalPrc_202609230720.xml,723,724f3b9d0953c58ab0797f9ebc3cbcc1473e50ac2e2e5f2a6148724a71e015e0,2026-09-23T22:39:56Z,2026-09-23T07:20:00+00:00,2026-09-23T07:25:00+00:00,5
semo_pub_5minimbalprc_202609230725,SEMO,PUB_5MinImbalPrc,2026,https://reports.sem-o.com/documents/PUB_5MinImbalPrc_202609230725.xml,semo/market_signals/PUB_5MinImbalPrc/2026/09/PUB_5MinImbalPrc_202609230725.xml,Review the SEMO open-data terms and disclaimer before redistribution.,semo-market-v1,data/raw/semo/market_signals/PUB_5MinImbalPrc/2026/09/PUB_5MinImbalPrc_202609230725.xml,722,33491b27f5e2bfcfa4a6b14cad4384bfa53766778b7978f57bbed88f2a1d07f6,2026-09-23T22:39:56Z,2026-09-23T07:25:00+00:00,2026-09-23T07:30:00+00:00,5
semo_pub_5minimbalprc_202609230730,SEMO,PUB_5MinImbalPrc,2026,https://reports.sem-o.com/documents/PUB_5MinImbalPrc_202609230730.xml,semo/market_signals/PUB_5MinImbalPrc/2026/09/PUB_5MinImbalPrc_202609230730.xml,Review the SEMO open-data terms and disclaimer before redistribution.,semo-market-v1,data/raw/semo/market_signals/PUB_5MinImbalPrc/2026/09/PUB_5MinImbalPrc_202609230730.xml,724,3107e0dd8dcfe37ccb123adc4461087f25590f6bed82fcf696a6ef62707d7b28,2026-09-23T22:39:58Z,2026-09-23T07:30:00+00:00,2026-09-23T07:35:00+00:00,5
semo_pub_5minimbalprc_202609230735,SEMO,PUB_5MinImbalPrc,2026,https://reports.sem-o.com/documents/PUB_5MinImbalPrc_202609230735.xml,semo/market_signals/PUB_5MinImbalPrc/2026/09/PUB_5MinImbalPrc_202609230735.xml,Review the SEMO open-data terms and disclaimer before redistribution.,semo-market-v1,data/raw/semo/market_signals/PUB_5MinImbalPrc/2026/09/PUB_5MinImbalPrc_202609230735.xml,723,6a0612b5855a12d2e9eaa9b3892cfb3d7ed0677e7530d53147972a1b6fccae46,2026-09-23T22:39:57Z,2026-09-23T07:35:00+00:00,2026-09-23T07:40:00+00:00,5
semo_pub_5minimbalprc_202609230740,SEMO,PUB_5MinImbalPrc,2026,https://reports.sem-o.com/documents/PUB_5MinImbalPrc_202609230740.xml,semo/market_signals/PUB_5MinImbalPrc/2026/09/PUB_5MinImbalPrc_202609230740.xml,Review the SEMO open-data terms and disclaimer before redistribution.,semo-market-v1,data/raw/semo/market_signals/PUB_5MinImbalPrc/2026/09/PUB_5MinImbalPrc_202609230740.xml,724,b7ca61e5699aed34218bbf8e30ab110dfaf01b3307fb0061ae16cb38060d251b,2026-09-23T22:39:57Z,2026-09-23T07:40:00+00:00,2026-09-23T07:45:00+00:00,5
semo_pub_5minimbalprc_202609230745,SEMO,PUB_5MinImbalPrc,2026,https://reports.sem-o.com/documents/PUB_5MinImbalPrc_202609230745.xml,semo/market_signals/PUB_5MinImbalPrc/2026/09/PUB_5MinImbalPrc_202609230745.xml,Review the SEMO open-data terms and disclaimer before redistribution.,semo-market-v1,data/raw/semo/market_signals/PUB_5MinImbalPrc/2026/09/PUB_5MinImbalPrc_202609230745.xml,724,8c17f8faf70508f076c23d2368046649caa8c7ecb8c2051a390b00c0d2409267,2026-09-23T22:39:57Z,2026-09-23T07:45:00+00:00,2026-09-23T07:50:00+00:00,5
semo_pub_5minimbalprc_202609230750,SEMO,PUB_5MinImbalPrc,2026,https://reports.sem-o.com/documents/PUB_5MinImbalPrc_202609230750.xml,semo/market_signals/PUB_5MinImbalPrc/2026/09/PUB_5MinImbalPrc_202609230750.xml,Review the SEMO open-data terms and disclaimer before redistribution.,semo-market-v1,data/raw/semo/market_signals/PUB_5MinImbalPrc/2026/09/PUB_5MinImbalPrc_202609230750.xml,723,f9bf33fe922ab4a74f03bbd6c2b67b48727a39e88a4968c6c2621f3c87efb621,2026-09-23T22:39:57Z,2026-09-23T07:50:00+00:00,2026-09-23T07:55:00+00:00,5
semo_pub_5minimbalprc_202609230755,SEMO,PUB_5MinImbalPrc,2026,https://reports.sem-o.com/documents/PUB_5MinImbalPrc_202609230755.xml,semo/market_signals/PUB_5MinImbalPrc/2026/09/PUB_5MinImbalPrc_202609230755.xml,Review the SEMO open-data terms and disclaimer before redistribution.,semo-market-v1,data/raw/semo/market_signals/PUB_5MinImbalPrc/2026/09/PUB_5MinImbalPrc_202609230755.xml,723,e5462a9f21c31d7a74d72ee38b0dca1b8461e5a417a6630a9eb61ac8bd8913c2,2026-09-23T22:39:57Z,2026-09-23T07:55:00+00:00,2026-09-23T08:00:00+00:00,5
semo_pub_5minimbalprc_202609230800,SEMO,PUB_5MinImbalPrc,2026,https://reports.sem-o.com/documents/PUB_5MinImbalPrc_202609230800.xml,semo/market_signals/PUB_5MinImbalPrc/2026/09/PUB_5MinImbalPrc_202609230800.xml,Review the SEMO open-data terms and disclaimer before redistribution.,semo-market-v1,data/raw/semo/market_signals/PUB_5MinImbalPrc/2026/09/PUB_5MinImbalPrc_202609230800.xml,723,cf09f5f5020584cf094c0825ad6fd92d12f8b83b78378f9f57ce7519609df08a,2026-09-23T22:39:57Z,2026-09-23T08:00:00+00:00,2026-09-23T08:05:00+00:00,5
semo_pub_5minimbalprc_202609230805,SEMO,PUB_5MinImbalPrc,2026,https://reports.sem-o.com/documents/PUB_5MinImbalPrc_202609230805.xml,semo/market_signals/PUB_5MinImbalPrc/2026/09/PUB_5MinImbalPrc_202609230805.xml,Review the SEMO open-data terms and disclaimer before redistribution.,semo-market-v1,data/raw/semo/market_signals/PUB_5MinImbalPrc/2026/09/PUB_5MinImbalPrc_202609230805.xml,723,a1dea6bbb32c7de6c6d659138363958dbbaf97263bbc8571a85df2b59952db35,2026-09-23T22:39:57Z,2026-09-23T08:05:00+00:00,2026-09-23T08:10:00+00:00,5
semo_pub_5minimbalprc_202609230810,SEMO,PUB_5MinImbalPrc,2026,https://reports.sem-o.com/documents/PUB_5MinImbalPrc_202609230810.xml,semo/market_signals/PUB_5MinImbalPrc/2026/09/PUB_5MinImbalPrc_202609230810.xml,Review the SEMO open-data terms and disclaimer before redistribution.,semo-market-v1,data/raw/semo/market_signals/PUB_5MinImbalPrc/2026/09/PUB_5MinImbalPrc_202609230810.xml,724,deb70f6618dd46ae077af3c68ce7fe1261dec317dbe6040823ee37a4f0ee605f,2026-09-23T22:39:57Z,2026-09-23T08:10:00+00:00,2026-09-23T08:15:00+00:00,5
semo_pub_5minimbalprc_202609230815,SEMO,PUB_5MinImbalPrc,2026,https://reports.sem-o.com/documents/PUB_5MinImbalPrc_202609230815.xml,semo/market_signals/PUB_5MinImbalPrc/2026/09/PUB_5MinImbalPrc_202609230815.xml,Review the SEMO open-data terms and disclaimer before redistribution.,semo-market-v1,data/raw/semo/market_signals/PUB_5MinImbalPrc/2026/09/PUB_5MinImbalPrc_202609230815.xml,724,01d9514bf7e8d396afde2671ce40ac368f15ba0bd9db3ae14eacc211881cbf9a,2026-09-23T22:39:57Z,2026-09-23T08:15:00+00:00,2026-09-23T08:20:00+00:00,5
semo_pub_5minimbalprc_202609230820,SEMO,PUB_5MinImbalPrc,2026,https://reports.sem-o.com/documents/PUB_5MinImbalPrc_202609230820.xml,semo/market_signals/PUB_5MinImbalPrc/2026/09/PUB_5MinImbalPrc_202609230820.xml,Review the SEMO open-data terms and disclaimer before redistribution.,semo-market-v1,data/raw/semo/market_signals/PUB_5MinImbalPrc/2026/09/PUB_5MinImbalPrc_202609230820.xml,723,0802db7e7fc85c682f5d348787f02906eaa761928a5f1201d3e63c1b66c9c363,2026-09-23T22:39:57Z,2026-09-23T08:20:00+00:00,2026-09-23T08:25:00+00:00,5
semo_pub_5minimbalprc_202609230825,SEMO,PUB_5MinImbalPrc,2026,https://reports.sem-o.com/documents/PUB_5MinImbalPrc_202609230825.xml,semo/market_signals/PUB_5MinImbalPrc/2026/09/PUB_5MinImbalPrc_202609230825.xml,Review the SEMO open-data terms and disclaimer before redistribution.,semo-market-v1,data/raw/semo/market_signals/PUB_5MinImbalPrc/2026/09/PUB_5MinImbalPrc_202609230825.xml,724,bee9ec11b9f918d5c05d9cc14c078cafbcd7ee946394d1e70c3310c99a1660e6,2026-09-23T22:39:57Z,2026-09-23T08:25:00+00:00,2026-09-23T08:30:00+00:00,5
semo_pub_5minimbalprc_202609230830,SEMO,PUB_5MinImbalPrc,2026,https://reports.sem-o.com/documents/PUB_5MinImbalPrc_202609230830.xml,semo/market_signals/PUB_5MinImbalPrc/2026/09/PUB_5MinImbalPrc_202609230830.xml,Review the SEMO open-data terms and disclaimer before redistribution.,semo-market-v1,data/raw/semo/market_signals/PUB_5MinImbalPrc/2026/09/PUB_5MinImbalPrc_202609230830.xml,723,323889ac564cf744a73b4c8a75bfa9bbc36d3a73844aa54543ce8bc8f7ba9515,2026-09-23T22:39:57Z,2026-09-23T08:30:00+00:00,2026-09-23T08:35:00+00:00,5
semo_pub_5minimbalprc_202609230835,SEMO,PUB_5MinImbalPrc,2026,https://reports.sem-o.com/documents/PUB_5MinImbalPrc_202609230835.xml,semo/market_signals/PUB_5MinImbalPrc/2026/09/PUB_5MinImbalPrc_202609230835.xml,Review the SEMO open-data terms and disclaimer before redistribution.,semo-market-v1,data/raw/semo/market_signals/PUB_5MinImbalPrc/2026/09/PUB_5MinImbalPrc_202609230835.xml,724,c3ffeef365b635e95db37a115f7a605753cb0b256e9919c6fd8694be5f49b7fe,2026-09-23T22:39:58Z,2026-09-23T08:35:00+00:00,2026-09-23T08:40:00+00:00,5
semo_pub_5minimbalprc_202609230840,SEMO,PUB_5MinImbalPrc,2026,https://reports.sem-o.com/documents/PUB_5MinImbalPrc_202609230840.xml,semo/market_signals/PUB_5MinImbalPrc/2026/09/PUB_5MinImbalPrc_202609230840.xml,Review the SEMO open-data terms and disclaimer before redistribution.,semo-market-v1,data/raw/semo/market_signals/PUB_5MinImbalPrc/2026/09/PUB_5MinImbalPrc_202609230840.xml,722,c940ec309ccd678cb2f56d416bb80f0347073e5fe3629c1bb5ae927d83e15ff2,2026-09-23T22:39:58Z,2026-09-23T08:40:00+00:00,2026-09-23T08:45:00+00:00,5
semo_pub_5minimbalprc_202609230845,SEMO,PUB_5MinImbalPrc,2026,https://reports.sem-o.com/documents/PUB_5MinImbalPrc_202609230845.xml,semo/market_signals/PUB_5MinImbalPrc/2026/09/PUB_5MinImbalPrc_202609230845.xml,Review the SEMO open-data terms and disclaimer before redistribution.,semo-market-v1,data/raw/semo/market_signals/PUB_5MinImbalPrc/2026/09/PUB_5MinImbalPrc_202609230845.xml,724,c8a16816dae8b97686058bf206f45a4eb3f725b0d909f2c2d6c1de96ca4dfee2,2026-09-23T22:39:58Z,2026-09-23T08:45:00+00:00,2026-09-23T08:50:00+00:00,5
semo_pub_5minimbalprc_202609230850,SEMO,PUB_5MinImbalPrc,2026,https://reports.sem-o.com/documents/PUB_5MinImbalPrc_202609230850.xml,semo/market_signals/PUB_5MinImbalPrc/2026/09/PUB_5MinImbalPrc_202609230850.xml,Review the SEMO open-data terms and disclaimer before redistribution.,semo-market-v1,data/raw/semo/market_signals/PUB_5MinImbalPrc/2026/09/PUB_5MinImbalPrc_202609230850.xml,719,16ea82f972baee2b792370cae36cc9667906749406e11923d6d9e55e44726932,2026-09-23T22:39:58Z,2026-09-23T08:50:00+00:00,2026-09-23T08:55:00+00:00,5
semo_pub_5minimbalprc_202609230855,SEMO,PUB_5MinImbalPrc,2026,https://reports.sem-o.com/documents/PUB_5MinImbalPrc_202609230855.xml,semo/market_signals/PUB_5MinImbalPrc/2026/09/PUB_5MinImbalPrc_202609230855.xml,Review the SEMO open-data terms and disclaimer before redistribution.,semo-market-v1,data/raw/semo/market_signals/PUB_5MinImbalPrc/2026/09/PUB_5MinImbalPrc_202609230855.xml,724,59917cfe913234d972d3d5da6843e43ed879d255e5d6b6a49baf052db8a80154,2026-09-23T22:39:58Z,2026-09-23T08:55:00+00:00,2026-09-23T09:00:00+00:00,5
semo_pub_5minimbalprc_202609230900,SEMO,PUB_5MinImbalPrc,2026,https://reports.sem-o.com/documents/PUB_5MinImbalPrc_202609230900.xml,semo/market_signals/PUB_5MinImbalPrc/2026/09/PUB_5MinImbalPrc_202609230900.xml,Review the SEMO open-data terms and disclaimer before redistribution.,semo-market-v1,data/raw/semo/market_signals/PUB_5MinImbalPrc/2026/09/PUB_5MinImbalPrc_202609230900.xml,722,c67dd8c93b2a35d196dcda97216d7b2e326f082dc6d800b85bd433b9d4aa3974,2026-09-23T22:39:57Z,2026-09-23T09:00:00+00:00,2026-09-23T09:05:00+00:00,5
semo_pub_5minimbalprc_202609230905,SEMO,PUB_5MinImbalPrc,2026,https://reports.sem-o.com/documents/PUB_5MinImbalPrc_202609230905.xml,semo/market_signals/PUB_5MinImbalPrc/2026/09/PUB_5MinImbalPrc_202609230905.xml,Review the SEMO open-data terms and disclaimer before redistribution.,semo-market-v1,data/raw/semo/market_signals/PUB_5MinImbalPrc/2026/09/PUB_5MinImbalPrc_202609230905.xml,723,751dd5cf077d3d891472bc6362554a1bcd28ca8d0fe83213d436c739c058610b,2026-09-23T22:39:57Z,2026-09-23T09:05:00+00:00,2026-09-23T09:10:00+00:00,5
semo_pub_5minimbalprc_202609230910,SEMO,PUB_5MinImbalPrc,2026,https://reports.sem-o.com/documents/PUB_5MinImbalPrc_202609230910.xml,semo/market_signals/PUB_5MinImbalPrc/2026/09/PUB_5MinImbalPrc_202609230910.xml,Review the SEMO open-data terms and disclaimer before redistribution.,semo-market-v1,data/raw/semo/market_signals/PUB_5MinImbalPrc/2026/09/PUB_5MinImbalPrc_202609230910.xml,722,c8110696e86f57240e6fea14e4f5f5f6ed692d7430d36d4222589c7ad6dd543a,2026-09-23T22:39:57Z,2026-09-23T09:10:00+00:00,2026-09-23T09:15:00+00:00,5
semo_pub_5minimbalprc_202609230915,SEMO,PUB_5MinImbalPrc,2026,https://reports.sem-o.com/documents/PUB_5MinImbalPrc_202609230915.xml,semo/market_signals/PUB_5MinImbalPrc/2026/09/PUB_5MinImbalPrc_202609230915.xml,Review the SEMO open-data terms and disclaimer before redistribution.,semo-market-v1,data/raw/semo/market_signals/PUB_5MinImbalPrc/2026/09/PUB_5MinImbalPrc_202609230915.xml,724,4d79121d6568bff7447d7040631ed585e204c3348aed85f7fd0619d2a77f9e75,2026-09-23T22:39:58Z,2026-09-23T09:15:00+00:00,2026-09-23T09:20:00+00:00,5
semo_pub_5minimbalprc_202609230920,SEMO,PUB_5MinImbalPrc,2026,https://reports.sem-o.com/documents/PUB_5MinImbalPrc_202609230920.xml,semo/market_signals/PUB_5MinImbalPrc/2026/09/PUB_5MinImbalPrc_202609230920.xml,Review the SEMO open-data terms and disclaimer before redistribution.,semo-market-v1,data/raw/semo/market_signals/PUB_5MinImbalPrc/2026/09/PUB_5MinImbalPrc_202609230920.xml,723,12c8d7e6c35f7f6de1889a33b690dbc9aa05a131ff3fced34533ee1a420f91ff,2026-09-23T22:39:57Z,2026-09-23T09:20:00+00:00,2026-09-23T09:25:00+00:00,5
semo_pub_5minimbalprc_202609230925,SEMO,PUB_5MinImbalPrc,2026,https://reports.sem-o.com/documents/PUB_5MinImbalPrc_202609230925.xml,semo/market_signals/PUB_5MinImbalPrc/2026/09/PUB_5MinImbalPrc_202609230925.xml,Review the SEMO open-data terms and disclaimer before redistribution.,semo-market-v1,data/raw/semo/market_signals/PUB_5MinImbalPrc/2026/09/PUB_5MinImbalPrc_202609230925.xml,723,2cf40b2fb6bb68bb82cee1ab42b5d793d53451cd33e25620b305776bc722efd7,2026-09-23T22:39:58Z,2026-09-23T09:25:00+00:00,2026-09-23T09:30:00+00:00,5
semo_pub_5minimbalprc_202609230930,SEMO,PUB_5MinImbalPrc,2026,https://reports.sem-o.com/documents/PUB_5MinImbalPrc_202609230930.xml,semo/market_signals/PUB_5MinImbalPrc/2026/09/PUB_5MinImbalPrc_202609230930.xml,Review the SEMO open-data terms and disclaimer before redistribution.,semo-market-v1,data/raw/semo/market_signals/PUB_5MinImbalPrc/2026/09/PUB_5MinImbalPrc_202609230930.xml,719,8a9c9fdc2251c9abab4325b5b285d5999143ec78e8b107348366b0cd223a6eda,2026-09-23T22:39:58Z,2026-09-23T09:30:00+00:00,2026-09-23T09:35:00+00:00,5
semo_pub_5minimbalprc_202609230935,SEMO,PUB_5MinImbalPrc,2026,https://reports.sem-o.com/documents/PUB_5MinImbalPrc_202609230935.xml,semo/market_signals/PUB_5MinImbalPrc/2026/09/PUB_5MinImbalPrc_202609230935.xml,Review the SEMO open-data terms and disclaimer before redistribution.,semo-market-v1,data/raw/semo/market_signals/PUB_5MinImbalPrc/2026/09/PUB_5MinImbalPrc_202609230935.xml,718,1225f197eda70b64b3a08347e03ad78cf6c00138bc15efb147e88a52084efb7c,2026-09-23T22:39:57Z,2026-09-23T09:35:00+00:00,2026-09-23T09:40:00+00:00,5
semo_pub_5minimbalprc_202609230940,SEMO,PUB_5MinImbalPrc,2026,https://reports.sem-o.com/documents/PUB_5MinImbalPrc_202609230940.xml,semo/market_signals/PUB_5MinImbalPrc/2026/09/PUB_5MinImbalPrc_202609230940.xml,Review the SEMO open-data terms and disclaimer before redistribution.,semo-market-v1,data/raw/semo/market_signals/PUB_5MinImbalPrc/2026/09/PUB_5MinImbalPrc_202609230940.xml,717,f700bda896f369074b347fd1f1e6a6beb81cfdd43b07c77bd5f49891bc4d9ad4,2026-09-23T22:39:57Z,2026-09-23T09:40:00+00:00,2026-09-23T09:45:00+00:00,5
semo_pub_5minimbalprc_202609230945,SEMO,PUB_5MinImbalPrc,2026,https://reports.sem-o.com/documents/PUB_5MinImbalPrc_202609230945.xml,semo/market_signals/PUB_5MinImbalPrc/2026/09/PUB_5MinImbalPrc_202609230945.xml,Review the SEMO open-data terms and disclaimer before redistribution.,semo-market-v1,data/raw/semo/market_signals/PUB_5MinImbalPrc/2026/09/PUB_5MinImbalPrc_202609230945.xml,718,7417747bc7e77b1f833a2c29b9e61427fa345b459cc3f7b7db4360d70ae07e5f,2026-09-23T22:39:57Z,2026-09-23T09:45:00+00:00,2026-09-23T09:50:00+00:00,5
semo_pub_5minimbalprc_202609230950,SEMO,PUB_5MinImbalPrc,2026,https://reports.sem-o.com/documents/PUB_5MinImbalPrc_202609230950.xml,semo/market_signals/PUB_5MinImbalPrc/2026/09/PUB_5MinImbalPrc_202609230950.xml,Review the SEMO open-data terms and disclaimer before redistribution.,semo-market-v1,data/raw/semo/market_signals/PUB_5MinImbalPrc/2026/09/PUB_5MinImbalPrc_202609230950.xml,719,251ca0062c4a761ae45aea38504c8e5f4be82b687ecac6391b58db3f81588f63,2026-09-23T22:39:57Z,2026-09-23T09:50:00+00:00,2026-09-23T09:55:00+00:00,5
semo_pub_5minimbalprc_202609230955,SEMO,PUB_5MinImbalPrc,2026,https://reports.sem-o.com/documents/PUB_5MinImbalPrc_202609230955.xml,semo/market_signals/PUB_5MinImbalPrc/2026/09/PUB_5MinImbalPrc_202609230955.xml,Review the SEMO open-data terms and disclaimer before redistribution.,semo-market-v1,data/raw/semo/market_signals/PUB_5MinImbalPrc/2026/09/PUB_5MinImbalPrc_202609230955.xml,718,6ba27be49ba95956a59e1e84a7b465ea3a7635af4b297cd9074dee97705f410d,2026-09-23T22:39:59Z,2026-09-23T09:55:00+00:00,2026-09-23T10:00:00+00:00,5
semo_pub_5minimbalprc_202609231000,SEMO,PUB_5MinImbalPrc,2026,https://reports.sem-o.com/documents/PUB_5MinImbalPrc_202609231000.xml,semo/market_signals/PUB_5MinImbalPrc/2026/09/PUB_5MinImbalPrc_202609231000.xml,Review the SEMO open-data terms and disclaimer before redistribution.,semo-market-v1,data/raw/semo/market_signals/PUB_5MinImbalPrc/2026/09/PUB_5MinImbalPrc_202609231000.xml,716,3ccd0b381e0f8297f83c00139df89fc5edac3795f1d18263ba030b4ad524c187,2026-09-23T22:39:58Z,2026-09-23T10:00:00+00:00,2026-09-23T10:05:00+00:00,5
semo_pub_5minimbalprc_202609231005,SEMO,PUB_5MinImbalPrc,2026,https://reports.sem-o.com/documents/PUB_5MinImbalPrc_202609231005.xml,semo/market_signals/PUB_5MinImbalPrc/2026/09/PUB_5MinImbalPrc_202609231005.xml,Review the SEMO open-data terms and disclaimer before redistribution.,semo-market-v1,data/raw/semo/market_signals/PUB_5MinImbalPrc/2026/09/PUB_5MinImbalPrc_202609231005.xml,719,736352d3328b564d6a6d196a6515918edfd0be706e728a16ab070c0c0cfa72a9,2026-09-23T22:39:59Z,2026-09-23T10:05:00+00:00,2026-09-23T10:10:00+00:00,5
semo_pub_5minimbalprc_202609231010,SEMO,PUB_5MinImbalPrc,2026,https://reports.sem-o.com/documents/PUB_5MinImbalPrc_202609231010.xml,semo/market_signals/PUB_5MinImbalPrc/2026/09/PUB_5MinImbalPrc_202609231010.xml,Review the SEMO open-data terms and disclaimer before redistribution.,semo-market-v1,data/raw/semo/market_signals/PUB_5MinImbalPrc/2026/09/PUB_5MinImbalPrc_202609231010.xml,724,2a95f2666c62618fa7ceab8954d027f1fc25094f60251bd4ee2d29602a3727e9,2026-09-23T22:39:59Z,2026-09-23T10:10:00+00:00,2026-09-23T10:15:00+00:00,5
semo_pub_5minimbalprc_202609231015,SEMO,PUB_5MinImbalPrc,2026,https://reports.sem-o.com/documents/PUB_5MinImbalPrc_202609231015.xml,semo/market_signals/PUB_5MinImbalPrc/2026/09/PUB_5MinImbalPrc_202609231015.xml,Review the SEMO open-data terms and disclaimer before redistribution.,semo-market-v1,data/raw/semo/market_signals/PUB_5MinImbalPrc/2026/09/PUB_5MinImbalPrc_202609231015.xml,723,efcf1c6f3b0943b94b3316546d46ba6d7b337f4aebe20092684ddd396f356b2e,2026-09-23T22:39:58Z,2026-09-23T10:15:00+00:00,2026-09-23T10:20:00+00:00,5
semo_pub_5minimbalprc_202609231020,SEMO,PUB_5MinImbalPrc,2026,https://reports.sem-o.com/documents/PUB_5MinImbalPrc_202609231020.xml,semo/market_signals/PUB_5MinImbalPrc/2026/09/PUB_5MinImbalPrc_202609231020.xml,Review the SEMO open-data terms and disclaimer before redistribution.,semo-market-v1,data/raw/semo/market_signals/PUB_5MinImbalPrc/2026/09/PUB_5MinImbalPrc_202609231020.xml,719,119520b4ca59449c347d6716ea6df0b1c3dce35d039c33dcbdb0d7289e251e3f,2026-09-23T22:39:58Z,2026-09-23T10:20:00+00:00,2026-09-23T10:25:00+00:00,5
semo_pub_5minimbalprc_202609231025,SEMO,PUB_5MinImbalPrc,2026,https://reports.sem-o.com/documents/PUB_5MinImbalPrc_202609231025.xml,semo/market_signals/PUB_5MinImbalPrc/2026/09/PUB_5MinImbalPrc_202609231025.xml,Review the SEMO open-data terms and disclaimer before redistribution.,semo-market-v1,data/raw/semo/market_signals/PUB_5MinImbalPrc/2026/09/PUB_5MinImbalPrc_202609231025.xml,719,79b8b3d3347d55d4b79428114fd341b0fe0f456d44ea5baae244881e6aa867b0,2026-09-23T22:39:58Z,2026-09-23T10:25:00+00:00,2026-09-23T10:30:00+00:00,5
semo_pub_5minimbalprc_202609231030,SEMO,PUB_5MinImbalPrc,2026,https://reports.sem-o.com/documents/PUB_5MinImbalPrc_202609231030.xml,semo/market_signals/PUB_5MinImbalPrc/2026/09/PUB_5MinImbalPrc_202609231030.xml,Review the SEMO open-data terms and disclaimer before redistribution.,semo-market-v1,data/raw/semo/market_signals/PUB_5MinImbalPrc/2026/09/PUB_5MinImbalPrc_202609231030.xml,718,cb0c10e761633ffda260acd313a333ec74f1725645dc14f96cf73d0222408ae9,2026-09-23T22:39:59Z,2026-09-23T10:30:00+00:00,2026-09-23T10:35:00+00:00,5
semo_pub_5minimbalprc_202609231035,SEMO,PUB_5MinImbalPrc,2026,https://reports.sem-o.com/documents/PUB_5MinImbalPrc_202609231035.xml,semo/market_signals/PUB_5MinImbalPrc/2026/09/PUB_5MinImbalPrc_202609231035.xml,Review the SEMO open-data terms and disclaimer before redistribution.,semo-market-v1,data/raw/semo/market_signals/PUB_5MinImbalPrc/2026/09/PUB_5MinImbalPrc_202609231035.xml,719,52fb12d743320d11dbe8ac1b0bff1d37d1babb031b82bfe1d9ebf8549b019d3d,2026-09-23T22:39:59Z,2026-09-23T10:35:00+00:00,2026-09-23T10:40:00+00:00,5
semo_pub_5minimbalprc_202609231040,SEMO,PUB_5MinImbalPrc,2026,https://reports.sem-o.com/documents/PUB_5MinImbalPrc_202609231040.xml,semo/market_signals/PUB_5MinImbalPrc/2026/09/PUB_5MinImbalPrc_202609231040.xml,Review the SEMO open-data terms and disclaimer before redistribution.,semo-market-v1,data/raw/semo/market_signals/PUB_5MinImbalPrc/2026/09/PUB_5MinImbalPrc_202609231040.xml,719,31be765cccff3be80cb92ffc0d652a71b944995acddde7d5efd196456ae19873,2026-09-23T22:39:59Z,2026-09-23T10:40:00+00:00,2026-09-23T10:45:00+00:00,5
semo_pub_5minimbalprc_202609231045,SEMO,PUB_5MinImbalPrc,2026,https://reports.sem-o.com/documents/PUB_5MinImbalPrc_202609231045.xml,semo/market_signals/PUB_5MinImbalPrc/2026/09/PUB_5MinImbalPrc_202609231045.xml,Review the SEMO open-data terms and disclaimer before redistribution.,semo-market-v1,data/raw/semo/market_signals/PUB_5MinImbalPrc/2026/09/PUB_5MinImbalPrc_202609231045.xml,718,38af6c4e2fb288c8ab4ff99dbe362bcccdaa3f7b7997fc201054a3e4efb4bb4f,2026-09-23T22:39:58Z,2026-09-23T10:45:00+00:00,2026-09-23T10:50:00+00:00,5
semo_pub_5minimbalprc_202609231050,SEMO,PUB_5MinImbalPrc,2026,https://reports.sem-o.com/documents/PUB_5MinImbalPrc_202609231050.xml,semo/market_signals/PUB_5MinImbalPrc/2026/09/PUB_5MinImbalPrc_202609231050.xml,Review the SEMO open-data terms and disclaimer before redistribution.,semo-market-v1,data/raw/semo/market_signals/PUB_5MinImbalPrc/2026/09/PUB_5MinImbalPrc_202609231050.xml,718,8623623a21c9a2242a70d98975f77eee561656289e8e43f4543f31d054080b81,2026-09-23T22:39:59Z,2026-09-23T10:50:00+00:00,2026-09-23T10:55:00+00:00,5
semo_pub_5minimbalprc_202609231055,SEMO,PUB_5MinImbalPrc,2026,https://reports.sem-o.com/documents/PUB_5MinImbalPrc_202609231055.xml,semo/market_signals/PUB_5MinImbalPrc/2026/09/PUB_5MinImbalPrc_202609231055.xml,Review the SEMO open-data terms and disclaimer before redistribution.,semo-market-v1,data/raw/semo/market_signals/PUB_5MinImbalPrc/2026/09/PUB_5MinImbalPrc_202609231055.xml,718,b927a13fca73ccd972b43439e698417c8d714beb1dc06515eb12ad71809298fb,2026-09-23T22:39:59Z,2026-09-23T10:55:00+00:00,2026-09-23T11:00:00+00:00,5
semo_pub_5minimbalprc_202609231100,SEMO,PUB_5MinImbalPrc,2026,https://reports.sem-o.com/documents/PUB_5MinImbalPrc_202609231100.xml,semo/market_signals/PUB_5MinImbalPrc/2026/09/PUB_5MinImbalPrc_202609231100.xml,Review the SEMO open-data terms and disclaimer before redistribution.,semo-market-v1,data/raw/semo/market_signals/PUB_5MinImbalPrc/2026/09/PUB_5MinImbalPrc_202609231100.xml,718,789bf1e55a84b7c21795374bb54ff9c6696f7b45b5fd16761dfe310014dd57f8,2026-09-23T22:39:59Z,2026-09-23T11:00:00+00:00,2026-09-23T11:05:00+00:00,5
semo_pub_5minimbalprc_202609231105,SEMO,PUB_5MinImbalPrc,2026,https://reports.sem-o.com/documents/PUB_5MinImbalPrc_202609231105.xml,semo/market_signals/PUB_5MinImbalPrc/2026/09/PUB_5MinImbalPrc_202609231105.xml,Review the SEMO open-data terms and disclaimer before redistribution.,semo-market-v1,data/raw/semo/market_signals/PUB_5MinImbalPrc/2026/09/PUB_5MinImbalPrc_202609231105.xml,718,97c6bdc89bf7517f994a91cd5636b6cd65342101d774ab9c89c0e209fdca5fbd,2026-09-23T22:39:58Z,2026-09-23T11:05:00+00:00,2026-09-23T11:10:00+00:00,5
semo_pub_5minimbalprc_202609231110,SEMO,PUB_5MinImbalPrc,2026,https://reports.sem-o.com/documents/PUB_5MinImbalPrc_202609231110.xml,semo/market_signals/PUB_5MinImbalPrc/2026/09/PUB_5MinImbalPrc_202609231110.xml,Review the SEMO open-data terms and disclaimer before redistribution.,semo-market-v1,data/raw/semo/market_signals/PUB_5MinImbalPrc/2026/09/PUB_5MinImbalPrc_202609231110.xml,724,d71437d951e7c60547dacf17c6101b6a3c82fd5f422b2d50c355aaaf30bbf4df,2026-09-23T22:39:58Z,2026-09-23T11:10:00+00:00,2026-09-23T11:15:00+00:00,5
semo_pub_5minimbalprc_202609231115,SEMO,PUB_5MinImbalPrc,2026,https://reports.sem-o.com/documents/PUB_5MinImbalPrc_202609231115.xml,semo/market_signals/PUB_5MinImbalPrc/2026/09/PUB_5MinImbalPrc_202609231115.xml,Review the SEMO open-data terms and disclaimer before redistribution.,semo-market-v1,data/raw/semo/market_signals/PUB_5MinImbalPrc/2026/09/PUB_5MinImbalPrc_202609231115.xml,720,74ee7afc44f83ef2613f533d90d54896261cfd08d190ed4fd17aab0aa2cac224,2026-09-23T22:39:58Z,2026-09-23T11:15:00+00:00,2026-09-23T11:20:00+00:00,5
semo_pub_5minimbalprc_202609231120,SEMO,PUB_5MinImbalPrc,2026,https://reports.sem-o.com/documents/PUB_5MinImbalPrc_202609231120.xml,semo/market_signals/PUB_5MinImbalPrc/2026/09/PUB_5MinImbalPrc_202609231120.xml,Review the SEMO open-data terms and disclaimer before redistribution.,semo-market-v1,data/raw/semo/market_signals/PUB_5MinImbalPrc/2026/09/PUB_5MinImbalPrc_202609231120.xml,723,f18ce9f6eeb10cca2753f4c878f36aae8445dbd61ec388db2e7f646faf96d578,2026-09-23T22:39:58Z,2026-09-23T11:20:00+00:00,2026-09-23T11:25:00+00:00,5
semo_pub_5minimbalprc_202609231125,SEMO,PUB_5MinImbalPrc,2026,https://reports.sem-o.com/documents/PUB_5MinImbalPrc_202609231125.xml,semo/market_signals/PUB_5MinImbalPrc/2026/09/PUB_5MinImbalPrc_202609231125.xml,Review the SEMO open-data terms and disclaimer before redistribution.,semo-market-v1,data/raw/semo/market_signals/PUB_5MinImbalPrc/2026/09/PUB_5MinImbalPrc_202609231125.xml,723,09bb5439d2fe38a43f5a3f6feb74330c2ee92f0197d04ddef5004de73217083d,2026-09-23T22:39:59Z,2026-09-23T11:25:00+00:00,2026-09-23T11:30:00+00:00,5
semo_pub_5minimbalprc_202609231130,SEMO,PUB_5MinImbalPrc,2026,https://reports.sem-o.com/documents/PUB_5MinImbalPrc_202609231130.xml,semo/market_signals/PUB_5MinImbalPrc/2026/09/PUB_5MinImbalPrc_202609231130.xml,Review the SEMO open-data terms and disclaimer before redistribution.,semo-market-v1,data/raw/semo/market_signals/PUB_5MinImbalPrc/2026/09/PUB_5MinImbalPrc_202609231130.xml,722,1f7de0f767ad6bd8aee4ef801a78339dc3d417f16871810a743d136dde408258,2026-09-23T22:39:59Z,2026-09-23T11:30:00+00:00,2026-09-23T11:35:00+00:00,5
semo_pub_5minimbalprc_202609231135,SEMO,PUB_5MinImbalPrc,2026,https://reports.sem-o.com/documents/PUB_5MinImbalPrc_202609231135.xml,semo/market_signals/PUB_5MinImbalPrc/2026/09/PUB_5MinImbalPrc_202609231135.xml,Review the SEMO open-data terms and disclaimer before redistribution.,semo-market-v1,data/raw/semo/market_signals/PUB_5MinImbalPrc/2026/09/PUB_5MinImbalPrc_202609231135.xml,723,63846c6954e544237661bf94ea08efd11dca6f3a1a8235c485d6b7f6a029fbc6,2026-09-23T22:39:59Z,2026-09-23T11:35:00+00:00,2026-09-23T11:40:00+00:00,5
semo_pub_5minimbalprc_202609231140,SEMO,PUB_5MinImbalPrc,2026,https://reports.sem-o.com/documents/PUB_5MinImbalPrc_202609231140.xml,semo/market_signals/PUB_5MinImbalPrc/2026/09/PUB_5MinImbalPrc_202609231140.xml,Review the SEMO open-data terms and disclaimer before redistribution.,semo-market-v1,data/raw/semo/market_signals/PUB_5MinImbalPrc/2026/09/PUB_5MinImbalPrc_202609231140.xml,722,c32ed5f0f166f1f7347100bc571e93b54ed42edc4828de1f48531f30bf8308a5,2026-09-23T22:39:59Z,2026-09-23T11:40:00+00:00,2026-09-23T11:45:00+00:00,5
semo_pub_5minimbalprc_202609231145,SEMO,PUB_5MinImbalPrc,2026,https://reports.sem-o.com/documents/PUB_5MinImbalPrc_202609231145.xml,semo/market_signals/PUB_5MinImbalPrc/2026/09/PUB_5MinImbalPrc_202609231145.xml,Review the SEMO open-data terms and disclaimer before redistribution.,semo-market-v1,data/raw/semo/market_signals/PUB_5MinImbalPrc/2026/09/PUB_5MinImbalPrc_202609231145.xml,721,3a43d1fc71649cb6709a954b78d15567a9ad408a5166022b76acea71e9f0ab05,2026-09-23T22:39:59Z,2026-09-23T11:45:00+00:00,2026-09-23T11:50:00+00:00,5
semo_pub_5minimbalprc_202609231150,SEMO,PUB_5MinImbalPrc,2026,https://reports.sem-o.com/documents/PUB_5MinImbalPrc_202609231150.xml,semo/market_signals/PUB_5MinImbalPrc/2026/09/PUB_5MinImbalPrc_202609231150.xml,Review the SEMO open-data terms and disclaimer before redistribution.,semo-market-v1,data/raw/semo/market_signals/PUB_5MinImbalPrc/2026/09/PUB_5MinImbalPrc_202609231150.xml,721,98a2f20b912eb6e9cf3b0d5311483d88e10d68c55f5d5cb26801ca108a148bf3,2026-09-23T22:39:59Z,2026-09-23T11:50:00+00:00,2026-09-23T11:55:00+00:00,5
semo_pub_5minimbalprc_202609231155,SEMO,PUB_5MinImbalPrc,2026,https://reports.sem-o.com/documents/PUB_5MinImbalPrc_202609231155.xml,semo/market_signals/PUB_5MinImbalPrc/2026/09/PUB_5MinImbalPrc_202609231155.xml,Review the SEMO open-data terms and disclaimer before redistribution.,semo-market-v1,data/raw/semo/market_signals/PUB_5MinImbalPrc/2026/09/PUB_5MinImbalPrc_202609231155.xml,720,bcb73bd33d26df5f3bca4fb5215effbce4fc24e131c2777960f9d03513c020a2,2026-09-23T22:39:59Z,2026-09-23T11:55:00+00:00,2026-09-23T12:00:00+00:00,5
semo_pub_5minimbalprc_202609231200,SEMO,PUB_5MinImbalPrc,2026,https://reports.sem-o.com/documents/PUB_5MinImbalPrc_202609231200.xml,semo/market_signals/PUB_5MinImbalPrc/2026/09/PUB_5MinImbalPrc_202609231200.xml,Review the SEMO open-data terms and disclaimer before redistribution.,semo-market-v1,data/raw/semo/market_signals/PUB_5MinImbalPrc/2026/09/PUB_5MinImbalPrc_202609231200.xml,723,828443dfe21ef1ab10477f4ddcc30019c3893795dc01969ab7d059720f40dfd5,2026-09-23T22:39:59Z,2026-09-23T12:00:00+00:00,2026-09-23T12:05:00+00:00,5
semo_pub_5minimbalprc_202609231205,SEMO,PUB_5MinImbalPrc,2026,https://reports.sem-o.com/documents/PUB_5MinImbalPrc_202609231205.xml,semo/market_signals/PUB_5MinImbalPrc/2026/09/PUB_5MinImbalPrc_202609231205.xml,Review the SEMO open-data terms and disclaimer before redistribution.,semo-market-v1,data/raw/semo/market_signals/PUB_5MinImbalPrc/2026/09/PUB_5MinImbalPrc_202609231205.xml,723,56182c24af372f4b13d546db4c929a11bfcc950a05b7e8345ef95d2f471df359,2026-09-23T22:39:59Z,2026-09-23T12:05:00+00:00,2026-09-23T12:10:00+00:00,5
semo_pub_5minimbalprc_202609231210,SEMO,PUB_5MinImbalPrc,2026,https://reports.sem-o.com/documents/PUB_5MinImbalPrc_202609231210.xml,semo/market_signals/PUB_5MinImbalPrc/2026/09/PUB_5MinImbalPrc_202609231210.xml,Review the SEMO open-data terms and disclaimer before redistribution.,semo-market-v1,data/raw/semo/market_signals/PUB_5MinImbalPrc/2026/09/PUB_5MinImbalPrc_202609231210.xml,720,c2ce24908407ae159ab56cb8eda0f689f5c1ae055e0bb990b180653497935383,2026-09-23T22:39:59Z,2026-09-23T12:10:00+00:00,2026-09-23T12:15:00+00:00,5
semo_pub_5minimbalprc_202609231215,SEMO,PUB_5MinImbalPrc,2026,https://reports.sem-o.com/documents/PUB_5MinImbalPrc_202609231215.xml,semo/market_signals/PUB_5MinImbalPrc/2026/09/PUB_5MinImbalPrc_202609231215.xml,Review the SEMO open-data terms and disclaimer before redistribution.,semo-market-v1,data/raw/semo/market_signals/PUB_5MinImbalPrc/2026/09/PUB_5MinImbalPrc_202609231215.xml,719,1b36fc39ac71e5ce7f357763f61f478bb400c99137a144ed640861a412384558,2026-09-23T22:39:59Z,2026-09-23T12:15:00+00:00,2026-09-23T12:20:00+00:00,5
semo_pub_5minimbalprc_202609231220,SEMO,PUB_5MinImbalPrc,2026,https://reports.sem-o.com/documents/PUB_5MinImbalPrc_202609231220.xml,semo/market_signals/PUB_5MinImbalPrc/2026/09/PUB_5MinImbalPrc_202609231220.xml,Review the SEMO open-data terms and disclaimer before redistribution.,semo-market-v1,data/raw/semo/market_signals/PUB_5MinImbalPrc/2026/09/PUB_5MinImbalPrc_202609231220.xml,717,c846ece0bd51e1e8b0392fa5bec9f56aa523e944081e19e5f43b52bda3cd0e66,2026-09-23T22:39:59Z,2026-09-23T12:20:00+00:00,2026-09-23T12:25:00+00:00,5
semo_pub_5minimbalprc_202609231225,SEMO,PUB_5MinImbalPrc,2026,https://reports.sem-o.com/documents/PUB_5MinImbalPrc_202609231225.xml,semo/market_signals/PUB_5MinImbalPrc/2026/09/PUB_5MinImbalPrc_202609231225.xml,Review the SEMO open-data terms and disclaimer before redistribution.,semo-market-v1,data/raw/semo/market_signals/PUB_5MinImbalPrc/2026/09/PUB_5MinImbalPrc_202609231225.xml,722,e98c63f81cd7e796f0f2dad4cf57d29465f614b620fd55aeb3f7b1fce2a3d302,2026-09-23T22:39:59Z,2026-09-23T12:25:00+00:00,2026-09-23T12:30:00+00:00,5
semo_pub_5minimbalprc_202609231230,SEMO,PUB_5MinImbalPrc,2026,https://reports.sem-o.com/documents/PUB_5MinImbalPrc_202609231230.xml,semo/market_signals/PUB_5MinImbalPrc/2026/09/PUB_5MinImbalPrc_202609231230.xml,Review the SEMO open-data terms and disclaimer before redistribution.,semo-market-v1,data/raw/semo/market_signals/PUB_5MinImbalPrc/2026/09/PUB_5MinImbalPrc_202609231230.xml,719,8a4da93b845f890e4adc36d093b9d330ecd460309079344005056ac0bcb1bf64,2026-09-23T22:39:59Z,2026-09-23T12:30:00+00:00,2026-09-23T12:35:00+00:00,5
semo_pub_5minimbalprc_202609231235,SEMO,PUB_5MinImbalPrc,2026,https://reports.sem-o.com/documents/PUB_5MinImbalPrc_202609231235.xml,semo/market_signals/PUB_5MinImbalPrc/2026/09/PUB_5MinImbalPrc_202609231235.xml,Review the SEMO open-data terms and disclaimer before redistribution.,semo-market-v1,data/raw/semo/market_signals/PUB_5MinImbalPrc/2026/09/PUB_5MinImbalPrc_202609231235.xml,719,5eba8066c6a8d891c6515aa9ec52c30c50cf457ddbec2a8e5b6c4c4fce8edc16,2026-09-23T22:39:59Z,2026-09-23T12:35:00+00:00,2026-09-23T12:40:00+00:00,5
semo_pub_5minimbalprc_202609231240,SEMO,PUB_5MinImbalPrc,2026,https://reports.sem-o.com/documents/PUB_5MinImbalPrc_202609231240.xml,semo/market_signals/PUB_5MinImbalPrc/2026/09/PUB_5MinImbalPrc_202609231240.xml,Review the SEMO open-data terms and disclaimer before redistribution.,semo-market-v1,data/raw/semo/market_signals/PUB_5MinImbalPrc/2026/09/PUB_5MinImbalPrc_202609231240.xml,724,711103a3563ebb7128d14e1a3b62530c13241e0c9108411d9d5e30eefa008475,2026-09-23T22:39:59Z,2026-09-23T12:40:00+00:00,2026-09-23T12:45:00+00:00,5
semo_pub_5minimbalprc_202609231245,SEMO,PUB_5MinImbalPrc,2026,https://reports.sem-o.com/documents/PUB_5MinImbalPrc_202609231245.xml,semo/market_signals/PUB_5MinImbalPrc/2026/09/PUB_5MinImbalPrc_202609231245.xml,Review the SEMO open-data terms and disclaimer before redistribution.,semo-market-v1,data/raw/semo/market_signals/PUB_5MinImbalPrc/2026/09/PUB_5MinImbalPrc_202609231245.xml,719,a8f577b0191a5c54eb06fd76a09ad5519d263626b58ed8939e7682f04106de97,2026-09-23T22:39:59Z,2026-09-23T12:45:00+00:00,2026-09-23T12:50:00+00:00,5
semo_pub_5minimbalprc_202609231250,SEMO,PUB_5MinImbalPrc,2026,https://reports.sem-o.com/documents/PUB_5MinImbalPrc_202609231250.xml,semo/market_signals/PUB_5MinImbalPrc/2026/09/PUB_5MinImbalPrc_202609231250.xml,Review the SEMO open-data terms and disclaimer before redistribution.,semo-market-v1,data/raw/semo/market_signals/PUB_5MinImbalPrc/2026/09/PUB_5MinImbalPrc_202609231250.xml,719,bc6cf88ae0e8cd1a6f9de3417e4918e21908f2ba262e8c7a6f383e7df783d2a4,2026-09-23T22:39:59Z,2026-09-23T12:50:00+00:00,2026-09-23T12:55:00+00:00,5
semo_pub_5minimbalprc_202609231255,SEMO,PUB_5MinImbalPrc,2026,https://reports.sem-o.com/documents/PUB_5MinImbalPrc_202609231255.xml,semo/market_signals/PUB_5MinImbalPrc/2026/09/PUB_5MinImbalPrc_202609231255.xml,Review the SEMO open-data terms and disclaimer before redistribution.,semo-market-v1,data/raw/semo/market_signals/PUB_5MinImbalPrc/2026/09/PUB_5MinImbalPrc_202609231255.xml,718,d82e72e25fe80772f0ec67489d4977db71817b20e28b8b1557aeba589aab8977,2026-09-23T22:39:59Z,2026-09-23T12:55:00+00:00,2026-09-23T13:00:00+00:00,5
semo_pub_5minimbalprc_202609231300,SEMO,PUB_5MinImbalPrc,2026,https://reports.sem-o.com/documents/PUB_5MinImbalPrc_202609231300.xml,semo/market_signals/PUB_5MinImbalPrc/2026/09/PUB_5MinImbalPrc_202609231300.xml,Review the SEMO open-data terms and disclaimer before redistribution.,semo-market-v1,data/raw/semo/market_signals/PUB_5MinImbalPrc/2026/09/PUB_5MinImbalPrc_202609231300.xml,717,b93d3925cec4e96af3d07c0a669f56bc12b0538e703f657ba669db8264f82d61,2026-09-23T22:39:59Z,2026-09-23T13:00:00+00:00,2026-09-23T13:05:00+00:00,5
semo_pub_5minimbalprc_202609231305,SEMO,PUB_5MinImbalPrc,2026,https://reports.sem-o.com/documents/PUB_5MinImbalPrc_202609231305.xml,semo/market_signals/PUB_5MinImbalPrc/2026/09/PUB_5MinImbalPrc_202609231305.xml,Review the SEMO open-data terms and disclaimer before redistribution.,semo-market-v1,data/raw/semo/market_signals/PUB_5MinImbalPrc/2026/09/PUB_5MinImbalPrc_202609231305.xml,718,1498cb4c45aa59ffe5f00f5b8c7dcabb11598f94d6f59a4bd5c489eb5471c788,2026-09-23T22:39:59Z,2026-09-23T13:05:00+00:00,2026-09-23T13:10:00+00:00,5
semo_pub_5minimbalprc_202609231310,SEMO,PUB_5MinImbalPrc,2026,https://reports.sem-o.com/documents/PUB_5MinImbalPrc_202609231310.xml,semo/market_signals/PUB_5MinImbalPrc/2026/09/PUB_5MinImbalPrc_202609231310.xml,Review the SEMO open-data terms and disclaimer before redistribution.,semo-market-v1,data/raw/semo/market_signals/PUB_5MinImbalPrc/2026/09/PUB_5MinImbalPrc_202609231310.xml,718,de5e60493a155ac7f61703c4c0fcae1a11005062f0cf76fc6ffe976b2ee9c636,2026-09-23T22:39:59Z,2026-09-23T13:10:00+00:00,2026-09-23T13:15:00+00:00,5
semo_pub_5minimbalprc_202609231315,SEMO,PUB_5MinImbalPrc,2026,https://reports.sem-o.com/documents/PUB_5MinImbalPrc_202609231315.xml,semo/market_signals/PUB_5MinImbalPrc/2026/09/PUB_5MinImbalPrc_202609231315.xml,Review the SEMO open-data terms and disclaimer before redistribution.,semo-market-v1,data/raw/semo/market_signals/PUB_5MinImbalPrc/2026/09/PUB_5MinImbalPrc_202609231315.xml,719,62e929bf21cd7ca116517690e5d89fa274fa0b9b01c4ccdf3101567247f4ac61,2026-09-23T22:39:59Z,2026-09-23T13:15:00+00:00,2026-09-23T13:20:00+00:00,5
semo_pub_5minimbalprc_202609231320,SEMO,PUB_5MinImbalPrc,2026,https://reports.sem-o.com/documents/PUB_5MinImbalPrc_202609231320.xml,semo/market_signals/PUB_5MinImbalPrc/2026/09/PUB_5MinImbalPrc_202609231320.xml,Review the SEMO open-data terms and disclaimer before redistribution.,semo-market-v1,data/raw/semo/market_signals/PUB_5MinImbalPrc/2026/09/PUB_5MinImbalPrc_202609231320.xml,723,12e9ab36028f5f586fd30b826d2d1528e62bc97a222a68ad0bb8d5f5e8139e57,2026-09-23T22:39:59Z,2026-09-23T13:20:00+00:00,2026-09-23T13:25:00+00:00,5
semo_pub_5minimbalprc_202609231325,SEMO,PUB_5MinImbalPrc,2026,https://reports.sem-o.com/documents/PUB_5MinImbalPrc_202609231325.xml,semo/market_signals/PUB_5MinImbalPrc/2026/09/PUB_5MinImbalPrc_202609231325.xml,Review the SEMO open-data terms and disclaimer before redistribution.,semo-market-v1,data/raw/semo/market_signals/PUB_5MinImbalPrc/2026/09/PUB_5MinImbalPrc_202609231325.xml,717,799649a925c045dcb8db28173f7aa487e03163d0d20d9283a916dc607c5254df,2026-09-23T22:39:59Z,2026-09-23T13:25:00+00:00,2026-09-23T13:30:00+00:00,5
semo_pub_5minimbalprc_202609231330,SEMO,PUB_5MinImbalPrc,2026,https://reports.sem-o.com/documents/PUB_5MinImbalPrc_202609231330.xml,semo/market_signals/PUB_5MinImbalPrc/2026/09/PUB_5MinImbalPrc_202609231330.xml,Review the SEMO open-data terms and disclaimer before redistribution.,semo-market-v1,data/raw/semo/market_signals/PUB_5MinImbalPrc/2026/09/PUB_5MinImbalPrc_202609231330.xml,718,addfcc31c19f98c129d281e0fcb4c10c2f3ef2ab875a334d155f68fc414e32d5,2026-09-23T22:39:59Z,2026-09-23T13:30:00+00:00,2026-09-23T13:35:00+00:00,5
semo_pub_5minimbalprc_202609231335,SEMO,PUB_5MinImbalPrc,2026,https://reports.sem-o.com/documents/PUB_5MinImbalPrc_202609231335.xml,semo/market_signals/PUB_5MinImbalPrc/2026/09/PUB_5MinImbalPrc_202609231335.xml,Review the SEMO open-data terms and disclaimer before redistribution.,semo-market-v1,data/raw/semo/market_signals/PUB_5MinImbalPrc/2026/09/PUB_5MinImbalPrc_202609231335.xml,719,407de9a8da904e4e133fb3d35965a84abe77fc4294b8757ec3cdc4ebc11b3b8f,2026-09-23T22:39:59Z,2026-09-23T13:35:00+00:00,2026-09-23T13:40:00+00:00,5
semo_pub_5minimbalprc_202609231340,SEMO,PUB_5MinImbalPrc,2026,https://reports.sem-o.com/documents/PUB_5MinImbalPrc_202609231340.xml,semo/market_signals/PUB_5MinImbalPrc/2026/09/PUB_5MinImbalPrc_202609231340.xml,Review the SEMO open-data terms and disclaimer before redistribution.,semo-market-v1,data/raw/semo/market_signals/PUB_5MinImbalPrc/2026/09/PUB_5MinImbalPrc_202609231340.xml,718,a0a6e3ee8f03c7921c1fbd1f905ac6222fff42310d15c0e273be722d02bc11ef,2026-09-23T22:39:59Z,2026-09-23T13:40:00+00:00,2026-09-23T13:45:00+00:00,5
semo_pub_5minimbalprc_202609231345,SEMO,PUB_5MinImbalPrc,2026,https://reports.sem-o.com/documents/PUB_5MinImbalPrc_202609231345.xml,semo/market_signals/PUB_5MinImbalPrc/2026/09/PUB_5MinImbalPrc_202609231345.xml,Review the SEMO open-data terms and disclaimer before redistribution.,semo-market-v1,data/raw/semo/market_signals/PUB_5MinImbalPrc/2026/09/PUB_5MinImbalPrc_202609231345.xml,718,cf630c985ee6f4ae45c2ac6bdbf2d4813252c6c3ce7d8cb6a752fb3041e7e9cc,2026-09-23T22:39:59Z,2026-09-23T13:45:00+00:00,2026-09-23T13:50:00+00:00,5
semo_pub_5minimbalprc_202609231350,SEMO,PUB_5MinImbalPrc,2026,https://reports.sem-o.com/documents/PUB_5MinImbalPrc_202609231350.xml,semo/market_signals/PUB_5MinImbalPrc/2026/09/PUB_5MinImbalPrc_202609231350.xml,Review the SEMO open-data terms and disclaimer before redistribution.,semo-market-v1,data/raw/semo/market_signals/PUB_5MinImbalPrc/2026/09/PUB_5MinImbalPrc_202609231350.xml,718,66427934832e99967a85ce1711081326a80fb3338e72056f98822a19bf04740d,2026-09-23T22:39:59Z,2026-09-23T13:50:00+00:00,2026-09-23T13:55:00+00:00,5
semo_pub_5minimbalprc_202609231355,SEMO,PUB_5MinImbalPrc,2026,https://reports.sem-o.com/documents/PUB_5MinImbalPrc_202609231355.xml,semo/market_signals/PUB_5MinImbalPrc/2026/09/PUB_5MinImbalPrc_202609231355.xml,Review the SEMO open-data terms and disclaimer before redistribution.,semo-market-v1,data/raw/semo/market_signals/PUB_5MinImbalPrc/2026/09/PUB_5MinImbalPrc_202609231355.xml,723,f24d75de3ed8f1e69cd5bc030bdc4dc2b0e89d0d9ea0e31584e136091c956306,2026-09-23T22:39:59Z,2026-09-23T13:55:00+00:00,2026-09-23T14:00:00+00:00,5
semo_pub_5minimbalprc_202609231400,SEMO,PUB_5MinImbalPrc,2026,https://reports.sem-o.com/documents/PUB_5MinImbalPrc_202609231400.xml,semo/market_signals/PUB_5MinImbalPrc/2026/09/PUB_5MinImbalPrc_202609231400.xml,Review the SEMO open-data terms and disclaimer before redistribution.,semo-market-v1,data/raw/semo/market_signals/PUB_5MinImbalPrc/2026/09/PUB_5MinImbalPrc_202609231400.xml,721,d1c90cce4f55614539ab5a5e3ee4fc44f34b986a6f1857b1047b9437382d35f4,2026-09-23T22:39:59Z,2026-09-23T14:00:00+00:00,2026-09-23T14:05:00+00:00,5
semo_pub_5minimbalprc_202609231405,SEMO,PUB_5MinImbalPrc,2026,https://reports.sem-o.com/documents/PUB_5MinImbalPrc_202609231405.xml,semo/market_signals/PUB_5MinImbalPrc/2026/09/PUB_5MinImbalPrc_202609231405.xml,Review the SEMO open-data terms and disclaimer before redistribution.,semo-market-v1,data/raw/semo/market_signals/PUB_5MinImbalPrc/2026/09/PUB_5MinImbalPrc_202609231405.xml,721,b6f72f9bca7ee7445934dd55e85b5392d5c4fea503dabb77cc48e3bdee63aec2,2026-09-23T22:40:00Z,2026-09-23T14:05:00+00:00,2026-09-23T14:10:00+00:00,5
semo_pub_5minimbalprc_202609231410,SEMO,PUB_5MinImbalPrc,2026,https://reports.sem-o.com/documents/PUB_5MinImbalPrc_202609231410.xml,semo/market_signals/PUB_5MinImbalPrc/2026/09/PUB_5MinImbalPrc_202609231410.xml,Review the SEMO open-data terms and disclaimer before redistribution.,semo-market-v1,data/raw/semo/market_signals/PUB_5MinImbalPrc/2026/09/PUB_5MinImbalPrc_202609231410.xml,722,d226079f16fe8483926ee231386936120b7017dca696dce412db1c7ead8db60c,2026-09-23T22:39:59Z,2026-09-23T14:10:00+00:00,2026-09-23T14:15:00+00:00,5
semo_pub_5minimbalprc_202609231415,SEMO,PUB_5MinImbalPrc,2026,https://reports.sem-o.com/documents/PUB_5MinImbalPrc_202609231415.xml,semo/market_signals/PUB_5MinImbalPrc/2026/09/PUB_5MinImbalPrc_202609231415.xml,Review the SEMO open-data terms and disclaimer before redistribution.,semo-market-v1,data/raw/semo/market_signals/PUB_5MinImbalPrc/2026/09/PUB_5MinImbalPrc_202609231415.xml,724,d15682d4626286c3aa88770afbcac3da524386692c096ea90f5a334cceced740,2026-09-23T22:39:59Z,2026-09-23T14:15:00+00:00,2026-09-23T14:20:00+00:00,5
semo_pub_5minimbalprc_202609231420,SEMO,PUB_5MinImbalPrc,2026,https://reports.sem-o.com/documents/PUB_5MinImbalPrc_202609231420.xml,semo/market_signals/PUB_5MinImbalPrc/2026/09/PUB_5MinImbalPrc_202609231420.xml,Review the SEMO open-data terms and disclaimer before redistribution.,semo-market-v1,data/raw/semo/market_signals/PUB_5MinImbalPrc/2026/09/PUB_5MinImbalPrc_202609231420.xml,722,7ad4772a11568ead9264ce9497899691e535fedce9d52a1fa760b561c17fca8e,2026-09-23T22:39:59Z,2026-09-23T14:20:00+00:00,2026-09-23T14:25:00+00:00,5
semo_pub_5minimbalprc_202609231425,SEMO,PUB_5MinImbalPrc,2026,https://reports.sem-o.com/documents/PUB_5MinImbalPrc_202609231425.xml,semo/market_signals/PUB_5MinImbalPrc/2026/09/PUB_5MinImbalPrc_202609231425.xml,Review the SEMO open-data terms and disclaimer before redistribution.,semo-market-v1,data/raw/semo/market_signals/PUB_5MinImbalPrc/2026/09/PUB_5MinImbalPrc_202609231425.xml,722,d48234c60d95eaea0d39c97e9ba2b7224a7740e52e949152773a1ac63fb07b22,2026-09-23T22:40:00Z,2026-09-23T14:25:00+00:00,2026-09-23T14:30:00+00:00,5
semo_pub_5minimbalprc_202609231430,SEMO,PUB_5MinImbalPrc,2026,https://reports.sem-o.com/documents/PUB_5MinImbalPrc_202609231430.xml,semo/market_signals/PUB_5MinImbalPrc/2026/09/PUB_5MinImbalPrc_202609231430.xml,Review the SEMO open-data terms and disclaimer before redistribution.,semo-market-v1,data/raw/semo/market_signals/PUB_5MinImbalPrc/2026/09/PUB_5MinImbalPrc_202609231430.xml,722,ff28cab829055b632a226d60da092a2500919edf1b41c6a9cb18769b57b5fe6a,2026-09-23T22:40:00Z,2026-09-23T14:30:00+00:00,2026-09-23T14:35:00+00:00,5
semo_pub_5minimbalprc_202609231435,SEMO,PUB_5MinImbalPrc,2026,https://reports.sem-o.com/documents/PUB_5MinImbalPrc_202609231435.xml,semo/market_signals/PUB_5MinImbalPrc/2026/09/PUB_5MinImbalPrc_202609231435.xml,Review the SEMO open-data terms and disclaimer before redistribution.,semo-market-v1,data/raw/semo/market_signals/PUB_5MinImbalPrc/2026/09/PUB_5MinImbalPrc_202609231435.xml,723,c56a2d613989f1420929fa199e6f42e1e551d6757825a9eb5fdb23b67449134d,2026-09-23T22:40:00Z,2026-09-23T14:35:00+00:00,2026-09-23T14:40:00+00:00,5
semo_pub_5minimbalprc_202609231440,SEMO,PUB_5MinImbalPrc,2026,https://reports.sem-o.com/documents/PUB_5MinImbalPrc_202609231440.xml,semo/market_signals/PUB_5MinImbalPrc/2026/09/PUB_5MinImbalPrc_202609231440.xml,Review the SEMO open-data terms and disclaimer before redistribution.,semo-market-v1,data/raw/semo/market_signals/PUB_5MinImbalPrc/2026/09/PUB_5MinImbalPrc_202609231440.xml,723,3c477f867cca0cc98c0a5928f5f96620a4bff33d48061bd67f199bfb3cb03337,2026-09-23T22:40:00Z,2026-09-23T14:40:00+00:00,2026-09-23T14:45:00+00:00,5
semo_pub_5minimbalprc_202609231445,SEMO,PUB_5MinImbalPrc,2026,https://reports.sem-o.com/documents/PUB_5MinImbalPrc_202609231445.xml,semo/market_signals/PUB_5MinImbalPrc/2026/09/PUB_5MinImbalPrc_202609231445.xml,Review the SEMO open-data terms and disclaimer before redistribution.,semo-market-v1,data/raw/semo/market_signals/PUB_5MinImbalPrc/2026/09/PUB_5MinImbalPrc_202609231445.xml,724,bbfd935e7336224a7fd697d4d25caf651a75d19097aa01c1135e882345898486,2026-09-23T22:40:00Z,2026-09-23T14:45:00+00:00,2026-09-23T14:50:00+00:00,5
semo_pub_5minimbalprc_202609231450,SEMO,PUB_5MinImbalPrc,2026,https://reports.sem-o.com/documents/PUB_5MinImbalPrc_202609231450.xml,semo/market_signals/PUB_5MinImbalPrc/2026/09/PUB_5MinImbalPrc_202609231450.xml,Review the SEMO open-data terms and disclaimer before redistribution.,semo-market-v1,data/raw/semo/market_signals/PUB_5MinImbalPrc/2026/09/PUB_5MinImbalPrc_202609231450.xml,724,2fdb1db36aaf08246cff9a98fc23253324a9e27a0dd72ccb428ddcbd5f2c0238,2026-09-23T22:40:00Z,2026-09-23T14:50:00+00:00,2026-09-23T14:55:00+00:00,5
semo_pub_5minimbalprc_202609231455,SEMO,PUB_5MinImbalPrc,2026,https://reports.sem-o.com/documents/PUB_5MinImbalPrc_202609231455.xml,semo/market_signals/PUB_5MinImbalPrc/2026/09/PUB_5MinImbalPrc_202609231455.xml,Review the SEMO open-data terms and disclaimer before redistribution.,semo-market-v1,data/raw/semo/market_signals/PUB_5MinImbalPrc/2026/09/PUB_5MinImbalPrc_202609231455.xml,723,c102a682385cf1995715301c305cd65c7e324b6d1e7782c3ddac27e18ff22890,2026-09-23T22:40:00Z,2026-09-23T14:55:00+00:00,2026-09-23T15:00:00+00:00,5
semo_pub_5minimbalprc_202609231500,SEMO,PUB_5MinImbalPrc,2026,https://reports.sem-o.com/documents/PUB_5MinImbalPrc_202609231500.xml,semo/market_signals/PUB_5MinImbalPrc/2026/09/PUB_5MinImbalPrc_202609231500.xml,Review the SEMO open-data terms and disclaimer before redistribution.,semo-market-v1,data/raw/semo/market_signals/PUB_5MinImbalPrc/2026/09/PUB_5MinImbalPrc_202609231500.xml,722,1784db0fbfa330086320d03e28fc257eeddf2372ddc5b9212a622b887ff3267f,2026-09-23T22:40:00Z,2026-09-23T15:00:00+00:00,2026-09-23T15:05:00+00:00,5
semo_pub_5minimbalprc_202609231505,SEMO,PUB_5MinImbalPrc,2026,https://reports.sem-o.com/documents/PUB_5MinImbalPrc_202609231505.xml,semo/market_signals/PUB_5MinImbalPrc/2026/09/PUB_5MinImbalPrc_202609231505.xml,Review the SEMO open-data terms and disclaimer before redistribution.,semo-market-v1,data/raw/semo/market_signals/PUB_5MinImbalPrc/2026/09/PUB_5MinImbalPrc_202609231505.xml,717,3209a7c91ae962f361c2c92ce91df156cb0650d288169151adc7296f31e623bd,2026-09-23T22:40:00Z,2026-09-23T15:05:00+00:00,2026-09-23T15:10:00+00:00,5
semo_pub_5minimbalprc_202609231510,SEMO,PUB_5MinImbalPrc,2026,https://reports.sem-o.com/documents/PUB_5MinImbalPrc_202609231510.xml,semo/market_signals/PUB_5MinImbalPrc/2026/09/PUB_5MinImbalPrc_202609231510.xml,Review the SEMO open-data terms and disclaimer before redistribution.,semo-market-v1,data/raw/semo/market_signals/PUB_5MinImbalPrc/2026/09/PUB_5MinImbalPrc_202609231510.xml,723,ad9b3071c986c5a6fba6e07c7e11979f984f82081025a3751330b53dd73857c8,2026-09-23T22:40:00Z,2026-09-23T15:10:00+00:00,2026-09-23T15:15:00+00:00,5
semo_pub_5minimbalprc_202609231515,SEMO,PUB_5MinImbalPrc,2026,https://reports.sem-o.com/documents/PUB_5MinImbalPrc_202609231515.xml,semo/market_signals/PUB_5MinImbalPrc/2026/09/PUB_5MinImbalPrc_202609231515.xml,Review the SEMO open-data terms and disclaimer before redistribution.,semo-market-v1,data/raw/semo/market_signals/PUB_5MinImbalPrc/2026/09/PUB_5MinImbalPrc_202609231515.xml,721,bddd388de2563713c256aa80af556138b96c2eb63adb619e0a1fd1734fa5bbc7,2026-09-23T22:40:00Z,2026-09-23T15:15:00+00:00,2026-09-23T15:20:00+00:00,5
semo_pub_5minimbalprc_202609231520,SEMO,PUB_5MinImbalPrc,2026,https://reports.sem-o.com/documents/PUB_5MinImbalPrc_202609231520.xml,semo/market_signals/PUB_5MinImbalPrc/2026/09/PUB_5MinImbalPrc_202609231520.xml,Review the SEMO open-data terms and disclaimer before redistribution.,semo-market-v1,data/raw/semo/market_signals/PUB_5MinImbalPrc/2026/09/PUB_5MinImbalPrc_202609231520.xml,724,d88b65570a9dd49281364835b33706aa38e279f35a14081b8fd4c82ad975c4b3,2026-09-23T22:40:00Z,2026-09-23T15:20:00+00:00,2026-09-23T15:25:00+00:00,5
semo_pub_5minimbalprc_202609231525,SEMO,PUB_5MinImbalPrc,2026,https://reports.sem-o.com/documents/PUB_5MinImbalPrc_202609231525.xml,semo/market_signals/PUB_5MinImbalPrc/2026/09/PUB_5MinImbalPrc_202609231525.xml,Review the SEMO open-data terms and disclaimer before redistribution.,semo-market-v1,data/raw/semo/market_signals/PUB_5MinImbalPrc/2026/09/PUB_5MinImbalPrc_202609231525.xml,724,f42cf44d68c0bf754879ecf136e112ba6e203c0017c95a16a0baa832177f724b,2026-09-23T22:40:00Z,2026-09-23T15:25:00+00:00,2026-09-23T15:30:00+00:00,5
semo_pub_5minimbalprc_202609231530,SEMO,PUB_5MinImbalPrc,2026,https://reports.sem-o.com/documents/PUB_5MinImbalPrc_202609231530.xml,semo/market_signals/PUB_5MinImbalPrc/2026/09/PUB_5MinImbalPrc_202609231530.xml,Review the SEMO open-data terms and disclaimer before redistribution.,semo-market-v1,data/raw/semo/market_signals/PUB_5MinImbalPrc/2026/09/PUB_5MinImbalPrc_202609231530.xml,724,575613e78f96395da4002daf7b694b13977f7d9b039cc96ff14066636b3970d9,2026-09-23T22:40:00Z,2026-09-23T15:30:00+00:00,2026-09-23T15:35:00+00:00,5
semo_pub_5minimbalprc_202609231535,SEMO,PUB_5MinImbalPrc,2026,https://reports.sem-o.com/documents/PUB_5MinImbalPrc_202609231535.xml,semo/market_signals/PUB_5MinImbalPrc/2026/09/PUB_5MinImbalPrc_202609231535.xml,Review the SEMO open-data terms and disclaimer before redistribution.,semo-market-v1,data/raw/semo/market_signals/PUB_5MinImbalPrc/2026/09/PUB_5MinImbalPrc_202609231535.xml,723,b75228383a1334296da4221f76f6293f15468641e83470d8f16c41183f1f1e95,2026-09-23T22:40:00Z,2026-09-23T15:35:00+00:00,2026-09-23T15:40:00+00:00,5
semo_pub_5minimbalprc_202609231540,SEMO,PUB_5MinImbalPrc,2026,https://reports.sem-o.com/documents/PUB_5MinImbalPrc_202609231540.xml,semo/market_signals/PUB_5MinImbalPrc/2026/09/PUB_5MinImbalPrc_202609231540.xml,Review the SEMO open-data terms and disclaimer before redistribution.,semo-market-v1,data/raw/semo/market_signals/PUB_5MinImbalPrc/2026/09/PUB_5MinImbalPrc_202609231540.xml,724,656d1fd6ca231271529278e1bfdb20d3fce56f720f680b28f1b26bebd616c3ce,2026-09-23T22:40:00Z,2026-09-23T15:40:00+00:00,2026-09-23T15:45:00+00:00,5
semo_pub_5minimbalprc_202609231545,SEMO,PUB_5MinImbalPrc,2026,https://reports.sem-o.com/documents/PUB_5MinImbalPrc_202609231545.xml,semo/market_signals/PUB_5MinImbalPrc/2026/09/PUB_5MinImbalPrc_202609231545.xml,Review the SEMO open-data terms and disclaimer before redistribution.,semo-market-v1,data/raw/semo/market_signals/PUB_5MinImbalPrc/2026/09/PUB_5MinImbalPrc_202609231545.xml,724,30dfede84bc1479723b508df8a8889d9b5329782d90e14ebb1ef9cdb932afdae,2026-09-23T22:40:00Z,2026-09-23T15:45:00+00:00,2026-09-23T15:50:00+00:00,5
semo_pub_5minimbalprc_202609231550,SEMO,PUB_5MinImbalPrc,2026,https://reports.sem-o.com/documents/PUB_5MinImbalPrc_202609231550.xml,semo/market_signals/PUB_5MinImbalPrc/2026/09/PUB_5MinImbalPrc_202609231550.xml,Review the SEMO open-data terms and disclaimer before redistribution.,semo-market-v1,data/raw/semo/market_signals/PUB_5MinImbalPrc/2026/09/PUB_5MinImbalPrc_202609231550.xml,723,9fb8cde095e162ee810446eeb7b0cf2fc9b5fc77bea1929b9fa04611e285199d,2026-09-23T22:40:00Z,2026-09-23T15:50:00+00:00,2026-09-23T15:55:00+00:00,5
semo_pub_5minimbalprc_202609231555,SEMO,PUB_5MinImbalPrc,2026,https://reports.sem-o.com/documents/PUB_5MinImbalPrc_202609231555.xml,semo/market_signals/PUB_5MinImbalPrc/2026/09/PUB_5MinImbalPrc_202609231555.xml,Review the SEMO open-data terms and disclaimer before redistribution.,semo-market-v1,data/raw/semo/market_signals/PUB_5MinImbalPrc/2026/09/PUB_5MinImbalPrc_202609231555.xml,723,f7e810eca28e4ab856fb35f3b8379ed6d21294cba3779a0f33618f6b907ff226,2026-09-23T22:40:00Z,2026-09-23T15:55:00+00:00,2026-09-23T16:00:00+00:00,5
semo_pub_5minimbalprc_202609231600,SEMO,PUB_5MinImbalPrc,2026,https://reports.sem-o.com/documents/PUB_5MinImbalPrc_202609231600.xml,semo/market_signals/PUB_5MinImbalPrc/2026/09/PUB_5MinImbalPrc_202609231600.xml,Review the SEMO open-data terms and disclaimer before redistribution.,semo-market-v1,data/raw/semo/market_signals/PUB_5MinImbalPrc/2026/09/PUB_5MinImbalPrc_202609231600.xml,724,0c62c087173567c875021df939b9d9aca2b930220478eeca60f33747a0777738,2026-09-23T22:40:00Z,2026-09-23T16:00:00+00:00,2026-09-23T16:05:00+00:00,5
semo_pub_5minimbalprc_202609231605,SEMO,PUB_5MinImbalPrc,2026,https://reports.sem-o.com/documents/PUB_5MinImbalPrc_202609231605.xml,semo/market_signals/PUB_5MinImbalPrc/2026/09/PUB_5MinImbalPrc_202609231605.xml,Review the SEMO open-data terms and disclaimer before redistribution.,semo-market-v1,data/raw/semo/market_signals/PUB_5MinImbalPrc/2026/09/PUB_5MinImbalPrc_202609231605.xml,724,acb7cf884d6e3d8e626f93b52d50dddd23822d6d5a1d00081bebb471a256be0c,2026-09-23T22:40:00Z,2026-09-23T16:05:00+00:00,2026-09-23T16:10:00+00:00,5
semo_pub_5minimbalprc_202609231610,SEMO,PUB_5MinImbalPrc,2026,https://reports.sem-o.com/documents/PUB_5MinImbalPrc_202609231610.xml,semo/market_signals/PUB_5MinImbalPrc/2026/09/PUB_5MinImbalPrc_202609231610.xml,Review the SEMO open-data terms and disclaimer before redistribution.,semo-market-v1,data/raw/semo/market_signals/PUB_5MinImbalPrc/2026/09/PUB_5MinImbalPrc_202609231610.xml,724,3c7a4c897f412338bc6f02c93a7793cc6bd244dc8dae4862890c3a7081a27b2b,2026-09-23T22:40:00Z,2026-09-23T16:10:00+00:00,2026-09-23T16:15:00+00:00,5
semo_pub_5minimbalprc_202609231615,SEMO,PUB_5MinImbalPrc,2026,https://reports.sem-o.com/documents/PUB_5MinImbalPrc_202609231615.xml,semo/market_signals/PUB_5MinImbalPrc/2026/09/PUB_5MinImbalPrc_202609231615.xml,Review the SEMO open-data terms and disclaimer before redistribution.,semo-market-v1,data/raw/semo/market_signals/PUB_5MinImbalPrc/2026/09/PUB_5MinImbalPrc_202609231615.xml,724,e65d101177526287fb3a76bfff4d344d34d223519f40cd123c7da2a24a3e6190,2026-09-23T22:40:00Z,2026-09-23T16:15:00+00:00,2026-09-23T16:20:00+00:00,5
semo_pub_5minimbalprc_202609231620,SEMO,PUB_5MinImbalPrc,2026,https://reports.sem-o.com/documents/PUB_5MinImbalPrc_202609231620.xml,semo/market_signals/PUB_5MinImbalPrc/2026/09/PUB_5MinImbalPrc_202609231620.xml,Review the SEMO open-data terms and disclaimer before redistribution.,semo-market-v1,data/raw/semo/market_signals/PUB_5MinImbalPrc/2026/09/PUB_5MinImbalPrc_202609231620.xml,724,c578646a007766745d27fbe48d69ef6c92b4bebb7674bdb89ba4ecf184bb320a,2026-09-23T22:40:00Z,2026-09-23T16:20:00+00:00,2026-09-23T16:25:00+00:00,5
semo_pub_5minimbalprc_202609231625,SEMO,PUB_5MinImbalPrc,2026,https://reports.sem-o.com/documents/PUB_5MinImbalPrc_202609231625.xml,semo/market_signals/PUB_5MinImbalPrc/2026/09/PUB_5MinImbalPrc_202609231625.xml,Review the SEMO open-data terms and disclaimer before redistribution.,semo-market-v1,data/raw/semo/market_signals/PUB_5MinImbalPrc/2026/09/PUB_5MinImbalPrc_202609231625.xml,724,7ef6b13c64888533c07457e4697911f13e117ac238584df3e3701cf2b2df3ad0,2026-09-23T22:40:00Z,2026-09-23T16:25:00+00:00,2026-09-23T16:30:00+00:00,5
semo_pub_5minimbalprc_202609231630,SEMO,PUB_5MinImbalPrc,2026,https://reports.sem-o.com/documents/PUB_5MinImbalPrc_202609231630.xml,semo/market_signals/PUB_5MinImbalPrc/2026/09/PUB_5MinImbalPrc_202609231630.xml,Review the SEMO open-data terms and disclaimer before redistribution.,semo-market-v1,data/raw/semo/market_signals/PUB_5MinImbalPrc/2026/09/PUB_5MinImbalPrc_202609231630.xml,724,1be05c3fd4a14bec72477be7f144c5a4a725d9497dff0309762f4ce84ecf478f,2026-09-23T22:40:00Z,2026-09-23T16:30:00+00:00,2026-09-23T16:35:00+00:00,5
semo_pub_5minimbalprc_202609231635,SEMO,PUB_5MinImbalPrc,2026,https://reports.sem-o.com/documents/PUB_5MinImbalPrc_202609231635.xml,semo/market_signals/PUB_5MinImbalPrc/2026/09/PUB_5MinImbalPrc_202609231635.xml,Review the SEMO open-data terms and disclaimer before redistribution.,semo-market-v1,data/raw/semo/market_signals/PUB_5MinImbalPrc/2026/09/PUB_5MinImbalPrc_202609231635.xml,724,0560393ac2a396733ef23486d27ddf1d8f5d216e3c751b5065f3849e45a4998d,2026-09-23T22:40:00Z,2026-09-23T16:35:00+00:00,2026-09-23T16:40:00+00:00,5
semo_pub_5minimbalprc_202609231640,SEMO,PUB_5MinImbalPrc,2026,https://reports.sem-o.com/documents/PUB_5MinImbalPrc_202609231640.xml,semo/market_signals/PUB_5MinImbalPrc/2026/09/PUB_5MinImbalPrc_202609231640.xml,Review the SEMO open-data terms and disclaimer before redistribution.,semo-market-v1,data/raw/semo/market_signals/PUB_5MinImbalPrc/2026/09/PUB_5MinImbalPrc_202609231640.xml,723,252ac9d54be96a3c1eccc2d38b5106e52db86dfe3168438a06911d99e6737402,2026-09-23T22:40:00Z,2026-09-23T16:40:00+00:00,2026-09-23T16:45:00+00:00,5
semo_pub_5minimbalprc_202609231645,SEMO,PUB_5MinImbalPrc,2026,https://reports.sem-o.com/documents/PUB_5MinImbalPrc_202609231645.xml,semo/market_signals/PUB_5MinImbalPrc/2026/09/PUB_5MinImbalPrc_202609231645.xml,Review the SEMO open-data terms and disclaimer before redistribution.,semo-market-v1,data/raw/semo/market_signals/PUB_5MinImbalPrc/2026/09/PUB_5MinImbalPrc_202609231645.xml,719,a702ca8f35e677318f94674ffe989f0fb838319452229e0a5a5440bce66316e1,2026-09-23T22:40:00Z,2026-09-23T16:45:00+00:00,2026-09-23T16:50:00+00:00,5
semo_pub_5minimbalprc_202609231650,SEMO,PUB_5MinImbalPrc,2026,https://reports.sem-o.com/documents/PUB_5MinImbalPrc_202609231650.xml,semo/market_signals/PUB_5MinImbalPrc/2026/09/PUB_5MinImbalPrc_202609231650.xml,Review the SEMO open-data terms and disclaimer before redistribution.,semo-market-v1,data/raw/semo/market_signals/PUB_5MinImbalPrc/2026/09/PUB_5MinImbalPrc_202609231650.xml,721,0bd9ed4520f8419e8062f522b88262a7cef0248fb6fa04e4afa39d375a682e71,2026-09-23T22:40:00Z,2026-09-23T16:50:00+00:00,2026-09-23T16:55:00+00:00,5
semo_pub_5minimbalprc_202609231655,SEMO,PUB_5MinImbalPrc,2026,https://reports.sem-o.com/documents/PUB_5MinImbalPrc_202609231655.xml,semo/market_signals/PUB_5MinImbalPrc/2026/09/PUB_5MinImbalPrc_202609231655.xml,Review the SEMO open-data terms and disclaimer before redistribution.,semo-market-v1,data/raw/semo/market_signals/PUB_5MinImbalPrc/2026/09/PUB_5MinImbalPrc_202609231655.xml,720,3f80edf86ad5fc79035d8ac19f14ce58cf57151031d83e368a718b6d4d1ff615,2026-09-23T22:40:00Z,2026-09-23T16:55:00+00:00,2026-09-23T17:00:00+00:00,5
semo_pub_5minimbalprc_202609231700,SEMO,PUB_5MinImbalPrc,2026,https://reports.sem-o.com/documents/PUB_5MinImbalPrc_202609231700.xml,semo/market_signals/PUB_5MinImbalPrc/2026/09/PUB_5MinImbalPrc_202609231700.xml,Review the SEMO open-data terms and disclaimer before redistribution.,semo-market-v1,data/raw/semo/market_signals/PUB_5MinImbalPrc/2026/09/PUB_5MinImbalPrc_202609231700.xml,719,b773c00fcfa1cb5e534e6550fd29db1c63f72db40867c8172de9a656501d49bb,2026-09-23T22:40:00Z,2026-09-23T17:00:00+00:00,2026-09-23T17:05:00+00:00,5
semo_pub_5minimbalprc_202609231705,SEMO,PUB_5MinImbalPrc,2026,https://reports.sem-o.com/documents/PUB_5MinImbalPrc_202609231705.xml,semo/market_signals/PUB_5MinImbalPrc/2026/09/PUB_5MinImbalPrc_202609231705.xml,Review the SEMO open-data terms and disclaimer before redistribution.,semo-market-v1,data/raw/semo/market_signals/PUB_5MinImbalPrc/2026/09/PUB_5MinImbalPrc_202609231705.xml,723,9cd5f5661bb8dedee68daf617964a6ed1881ca8be875d6e0123945b29c2dafdb,2026-09-23T22:40:00Z,2026-09-23T17:05:00+00:00,2026-09-23T17:10:00+00:00,5
semo_pub_5minimbalprc_202609231710,SEMO,PUB_5MinImbalPrc,2026,https://reports.sem-o.com/documents/PUB_5MinImbalPrc_202609231710.xml,semo/market_signals/PUB_5MinImbalPrc/2026/09/PUB_5MinImbalPrc_202609231710.xml,Review the SEMO open-data terms and disclaimer before redistribution.,semo-market-v1,data/raw/semo/market_signals/PUB_5MinImbalPrc/2026/09/PUB_5MinImbalPrc_202609231710.xml,722,48afe555800c714bbf237737c83320f64252b3c39badbc1f28a0a1e743c9bda8,2026-09-23T22:40:00Z,2026-09-23T17:10:00+00:00,2026-09-23T17:15:00+00:00,5
semo_pub_5minimbalprc_202609231715,SEMO,PUB_5MinImbalPrc,2026,https://reports.sem-o.com/documents/PUB_5MinImbalPrc_202609231715.xml,semo/market_signals/PUB_5MinImbalPrc/2026/09/PUB_5MinImbalPrc_202609231715.xml,Review the SEMO open-data terms and disclaimer before redistribution.,semo-market-v1,data/raw/semo/market_signals/PUB_5MinImbalPrc/2026/09/PUB_5MinImbalPrc_202609231715.xml,723,44da091cf0b7f3119baec8a823c95691b3e345699b9ba7fa7c5f609efab121b0,2026-09-23T22:40:00Z,2026-09-23T17:15:00+00:00,2026-09-23T17:20:00+00:00,5
semo_pub_5minimbalprc_202609231720,SEMO,PUB_5MinImbalPrc,2026,https://reports.sem-o.com/documents/PUB_5MinImbalPrc_202609231720.xml,semo/market_signals/PUB_5MinImbalPrc/2026/09/PUB_5MinImbalPrc_202609231720.xml,Review the SEMO open-data terms and disclaimer before redistribution.,semo-market-v1,data/raw/semo/market_signals/PUB_5MinImbalPrc/2026/09/PUB_5MinImbalPrc_202609231720.xml,723,94ac765e8e62de4f423ee032e4719c990b6302e8eadc1cd0155fd4e73f4ebc14,2026-09-23T22:40:00Z,2026-09-23T17:20:00+00:00,2026-09-23T17:25:00+00:00,5
semo_pub_5minimbalprc_202609231725,SEMO,PUB_5MinImbalPrc,2026,https://reports.sem-o.com/documents/PUB_5MinImbalPrc_202609231725.xml,semo/market_signals/PUB_5MinImbalPrc/2026/09/PUB_5MinImbalPrc_202609231725.xml,Review the SEMO open-data terms and disclaimer before redistribution.,semo-market-v1,data/raw/semo/market_signals/PUB_5MinImbalPrc/2026/09/PUB_5MinImbalPrc_202609231725.xml,723,46fc6a99aa4d9dbba81fb6acd2cb570abe0f3e336d81098d55409381214077f5,2026-09-23T22:40:00Z,2026-09-23T17:25:00+00:00,2026-09-23T17:30:00+00:00,5
semo_pub_5minimbalprc_202609231730,SEMO,PUB_5MinImbalPrc,2026,https://reports.sem-o.com/documents/PUB_5MinImbalPrc_202609231730.xml,semo/market_signals/PUB_5MinImbalPrc/2026/09/PUB_5MinImbalPrc_202609231730.xml,Review the SEMO open-data terms and disclaimer before redistribution.,semo-market-v1,data/raw/semo/market_signals/PUB_5MinImbalPrc/2026/09/PUB_5MinImbalPrc_202609231730.xml,720,beb8b8bc101b47d609cb7e816687de47c9367eab3df66f872f45084dbda81d73,2026-09-23T22:40:00Z,2026-09-23T17:30:00+00:00,2026-09-23T17:35:00+00:00,5
semo_pub_5minimbalprc_202609231735,SEMO,PUB_5MinImbalPrc,2026,https://reports.sem-o.com/documents/PUB_5MinImbalPrc_202609231735.xml,semo/market_signals/PUB_5MinImbalPrc/2026/09/PUB_5MinImbalPrc_202609231735.xml,Review the SEMO open-data terms and disclaimer before redistribution.,semo-market-v1,data/raw/semo/market_signals/PUB_5MinImbalPrc/2026/09/PUB_5MinImbalPrc_202609231735.xml,723,d66bb8ff5a6b569190682140b1c8778e1db9933f22199b82ace85c25c8556fff,2026-09-23T22:40:00Z,2026-09-23T17:35:00+00:00,2026-09-23T17:40:00+00:00,5
semo_pub_5minimbalprc_202609231740,SEMO,PUB_5MinImbalPrc,2026,https://reports.sem-o.com/documents/PUB_5MinImbalPrc_202609231740.xml,semo/market_signals/PUB_5MinImbalPrc/2026/09/PUB_5MinImbalPrc_202609231740.xml,Review the SEMO open-data terms and disclaimer before redistribution.,semo-market-v1,data/raw/semo/market_signals/PUB_5MinImbalPrc/2026/09/PUB_5MinImbalPrc_202609231740.xml,721,fa05b9fc2b7c71222d1186a25588245b0eb6ec7aa20c352a03bb1e9f55804b6c,2026-09-23T22:40:00Z,2026-09-23T17:40:00+00:00,2026-09-23T17:45:00+00:00,5
semo_pub_5minimbalprc_202609231745,SEMO,PUB_5MinImbalPrc,2026,https://reports.sem-o.com/documents/PUB_5MinImbalPrc_202609231745.xml,semo/market_signals/PUB_5MinImbalPrc/2026/09/PUB_5MinImbalPrc_202609231745.xml,Review the SEMO open-data terms and disclaimer before redistribution.,semo-market-v1,data/raw/semo/market_signals/PUB_5MinImbalPrc/2026/09/PUB_5MinImbalPrc_202609231745.xml,722,c25dae5d86d32253e7a6a442100820e7e8703c69413beb59f5d1f8811679e5af,2026-09-23T22:40:00Z,2026-09-23T17:45:00+00:00,2026-09-23T17:50:00+00:00,5
semo_pub_5minimbalprc_202609231750,SEMO,PUB_5MinImbalPrc,2026,https://reports.sem-o.com/documents/PUB_5MinImbalPrc_202609231750.xml,semo/market_signals/PUB_5MinImbalPrc/2026/09/PUB_5MinImbalPrc_202609231750.xml,Review the SEMO open-data terms and disclaimer before redistribution.,semo-market-v1,data/raw/semo/market_signals/PUB_5MinImbalPrc/2026/09/PUB_5MinImbalPrc_202609231750.xml,720,d78472980b809bd23a11e440a12b2baf9e6e003457d19c70dadba36aadee3c2d,2026-09-23T22:40:00Z,2026-09-23T17:50:00+00:00,2026-09-23T17:55:00+00:00,5
semo_pub_5minimbalprc_202609231755,SEMO,PUB_5MinImbalPrc,2026,https://reports.sem-o.com/documents/PUB_5MinImbalPrc_202609231755.xml,semo/market_signals/PUB_5MinImbalPrc/2026/09/PUB_5MinImbalPrc_202609231755.xml,Review the SEMO open-data terms and disclaimer before redistribution.,semo-market-v1,data/raw/semo/market_signals/PUB_5MinImbalPrc/2026/09/PUB_5MinImbalPrc_202609231755.xml,721,cbb1bcba4f622657a5485e780ced87933d9531ae1e17ff6cbbe60c759f6337be,2026-09-23T22:40:00Z,2026-09-23T17:55:00+00:00,2026-09-23T18:00:00+00:00,5
semo_pub_5minimbalprc_202609231800,SEMO,PUB_5MinImbalPrc,2026,https://reports.sem-o.com/documents/PUB_5MinImbalPrc_202609231800.xml,semo/market_signals/PUB_5MinImbalPrc/2026/09/PUB_5MinImbalPrc_202609231800.xml,Review the SEMO open-data terms and disclaimer before redistribution.,semo-market-v1,data/raw/semo/market_signals/PUB_5MinImbalPrc/2026/09/PUB_5MinImbalPrc_202609231800.xml,720,92da560e4271a77a71daeb811e07b7b2a52a3ac87ee0e7081a3af23736e9ddc7,2026-09-23T22:40:00Z,2026-09-23T18:00:00+00:00,2026-09-23T18:05:00+00:00,5
semo_pub_5minimbalprc_202609231805,SEMO,PUB_5MinImbalPrc,2026,https://reports.sem-o.com/documents/PUB_5MinImbalPrc_202609231805.xml,semo/market_signals/PUB_5MinImbalPrc/2026/09/PUB_5MinImbalPrc_202609231805.xml,Review the SEMO open-data terms and disclaimer before redistribution.,semo-market-v1,data/raw/semo/market_signals/PUB_5MinImbalPrc/2026/09/PUB_5MinImbalPrc_202609231805.xml,721,39879b4d3e87627a6e0b72f1c527cdba72deb638026198f49a61630b4977dcac,2026-09-23T22:40:00Z,2026-09-23T18:05:00+00:00,2026-09-23T18:10:00+00:00,5
semo_pub_5minimbalprc_202609231810,SEMO,PUB_5MinImbalPrc,2026,https://reports.sem-o.com/documents/PUB_5MinImbalPrc_202609231810.xml,semo/market_signals/PUB_5MinImbalPrc/2026/09/PUB_5MinImbalPrc_202609231810.xml,Review the SEMO open-data terms and disclaimer before redistribution.,semo-market-v1,data/raw/semo/market_signals/PUB_5MinImbalPrc/2026/09/PUB_5MinImbalPrc_202609231810.xml,719,4d178a8927df2f5daa25aaa61473dfe0afc5a396e15a2768bb7f31e9a2c50132,2026-09-23T22:40:00Z,2026-09-23T18:10:00+00:00,2026-09-23T18:15:00+00:00,5
semo_pub_5minimbalprc_202609231815,SEMO,PUB_5MinImbalPrc,2026,https://reports.sem-o.com/documents/PUB_5MinImbalPrc_202609231815.xml,semo/market_signals/PUB_5MinImbalPrc/2026/09/PUB_5MinImbalPrc_202609231815.xml,Review the SEMO open-data terms and disclaimer before redistribution.,semo-market-v1,data/raw/semo/market_signals/PUB_5MinImbalPrc/2026/09/PUB_5MinImbalPrc_202609231815.xml,717,7a25f0c6e8f4922d2133dd7cc3298ccdaed504b99d761d139191d5a8be214e65,2026-09-23T22:40:00Z,2026-09-23T18:15:00+00:00,2026-09-23T18:20:00+00:00,5
semo_pub_5minimbalprc_202609231820,SEMO,PUB_5MinImbalPrc,2026,https://reports.sem-o.com/documents/PUB_5MinImbalPrc_202609231820.xml,semo/market_signals/PUB_5MinImbalPrc/2026/09/PUB_5MinImbalPrc_202609231820.xml,Review the SEMO open-data terms and disclaimer before redistribution.,semo-market-v1,data/raw/semo/market_signals/PUB_5MinImbalPrc/2026/09/PUB_5MinImbalPrc_202609231820.xml,722,14fe5b363322c58ad10f560cb769d41665b8e2e2526efa4969f3a1970416817a,2026-09-23T22:40:00Z,2026-09-23T18:20:00+00:00,2026-09-23T18:25:00+00:00,5
semo_pub_5minimbalprc_202609231825,SEMO,PUB_5MinImbalPrc,2026,https://reports.sem-o.com/documents/PUB_5MinImbalPrc_202609231825.xml,semo/market_signals/PUB_5MinImbalPrc/2026/09/PUB_5MinImbalPrc_202609231825.xml,Review the SEMO open-data terms and disclaimer before redistribution.,semo-market-v1,data/raw/semo/market_signals/PUB_5MinImbalPrc/2026/09/PUB_5MinImbalPrc_202609231825.xml,722,8cf061b4735723cd35f5ec50742b721c6fcb2ca00670c5d92640e032c362d771,2026-09-23T22:40:00Z,2026-09-23T18:25:00+00:00,2026-09-23T18:30:00+00:00,5
semo_pub_5minimbalprc_202609231830,SEMO,PUB_5MinImbalPrc,2026,https://reports.sem-o.com/documents/PUB_5MinImbalPrc_202609231830.xml,semo/market_signals/PUB_5MinImbalPrc/2026/09/PUB_5MinImbalPrc_202609231830.xml,Review the SEMO open-data terms and disclaimer before redistribution.,semo-market-v1,data/raw/semo/market_signals/PUB_5MinImbalPrc/2026/09/PUB_5MinImbalPrc_202609231830.xml,722,54515efc599f937c887086efbd1b4c4520c9e5c06884b64a5adbcc73ba110f77,2026-09-23T22:40:00Z,2026-09-23T18:30:00+00:00,2026-09-23T18:35:00+00:00,5
semo_pub_5minimbalprc_202609231835,SEMO,PUB_5MinImbalPrc,2026,https://reports.sem-o.com/documents/PUB_5MinImbalPrc_202609231835.xml,semo/market_signals/PUB_5MinImbalPrc/2026/09/PUB_5MinImbalPrc_202609231835.xml,Review the SEMO open-data terms and disclaimer before redistribution.,semo-market-v1,data/raw/semo/market_signals/PUB_5MinImbalPrc/2026/09/PUB_5MinImbalPrc_202609231835.xml,722,290633a7c49b16f8ce7d4c808344f457f015a1553fc1bffea6cd7b40988ee38a,2026-09-23T22:40:00Z,2026-09-23T18:35:00+00:00,2026-09-23T18:40:00+00:00,5
semo_pub_5minimbalprc_202609231840,SEMO,PUB_5MinImbalPrc,2026,https://reports.sem-o.com/documents/PUB_5MinImbalPrc_202609231840.xml,semo/market_signals/PUB_5MinImbalPrc/2026/09/PUB_5MinImbalPrc_202609231840.xml,Review the SEMO open-data terms and disclaimer before redistribution.,semo-market-v1,data/raw/semo/market_signals/PUB_5MinImbalPrc/2026/09/PUB_5MinImbalPrc_202609231840.xml,721,99bca3224c0e2ba4a5bfd5672b2b6cbacb0836179180dac7fb0180896aab72b0,2026-09-23T22:40:00Z,2026-09-23T18:40:00+00:00,2026-09-23T18:45:00+00:00,5
semo_pub_5minimbalprc_202609231845,SEMO,PUB_5MinImbalPrc,2026,https://reports.sem-o.com/documents/PUB_5MinImbalPrc_202609231845.xml,semo/market_signals/PUB_5MinImbalPrc/2026/09/PUB_5MinImbalPrc_202609231845.xml,Review the SEMO open-data terms and disclaimer before redistribution.,semo-market-v1,data/raw/semo/market_signals/PUB_5MinImbalPrc/2026/09/PUB_5MinImbalPrc_202609231845.xml,720,af874be4801978474901f2519be9a1ac478933ba8303d89349a1fa10f43cf654,2026-09-23T22:40:00Z,2026-09-23T18:45:00+00:00,2026-09-23T18:50:00+00:00,5
semo_pub_5minimbalprc_202609231850,SEMO,PUB_5MinImbalPrc,2026,https://reports.sem-o.com/documents/PUB_5MinImbalPrc_202609231850.xml,semo/market_signals/PUB_5MinImbalPrc/2026/09/PUB_5MinImbalPrc_202609231850.xml,Review the SEMO open-data terms and disclaimer before redistribution.,semo-market-v1,data/raw/semo/market_signals/PUB_5MinImbalPrc/2026/09/PUB_5MinImbalPrc_202609231850.xml,720,74b8ef7132a31e4586a3f3ca8792e662cb60675bda24f830dd00b755b93a9176,2026-09-23T22:40:00Z,2026-09-23T18:50:00+00:00,2026-09-23T18:55:00+00:00,5
semo_pub_5minimbalprc_202609231855,SEMO,PUB_5MinImbalPrc,2026,https://reports.sem-o.com/documents/PUB_5MinImbalPrc_202609231855.xml,semo/market_signals/PUB_5MinImbalPrc/2026/09/PUB_5MinImbalPrc_202609231855.xml,Review the SEMO open-data terms and disclaimer before redistribution.,semo-market-v1,data/raw/semo/market_signals/PUB_5MinImbalPrc/2026/09/PUB_5MinImbalPrc_202609231855.xml,720,440024af1bb19e991f1d5d47faa375c56eab34b35ece2f48cf818e0b9cae3d6c,2026-09-23T22:40:00Z,2026-09-23T18:55:00+00:00,2026-09-23T19:00:00+00:00,5
semo_pub_5minimbalprc_202609231900,SEMO,PUB_5MinImbalPrc,2026,https://reports.sem-o.com/documents/PUB_5MinImbalPrc_202609231900.xml,semo/market_signals/PUB_5MinImbalPrc/2026/09/PUB_5MinImbalPrc_202609231900.xml,Review the SEMO open-data terms and disclaimer before redistribution.,semo-market-v1,data/raw/semo/market_signals/PUB_5MinImbalPrc/2026/09/PUB_5MinImbalPrc_202609231900.xml,720,68f4d6c542ee1af8b9a32a17ebf795955e0226ed7305a3888a7be2123fd05b54,2026-09-23T22:40:00Z,2026-09-23T19:00:00+00:00,2026-09-23T19:05:00+00:00,5
semo_pub_5minimbalprc_202609231905,SEMO,PUB_5MinImbalPrc,2026,https://reports.sem-o.com/documents/PUB_5MinImbalPrc_202609231905.xml,semo/market_signals/PUB_5MinImbalPrc/2026/09/PUB_5MinImbalPrc_202609231905.xml,Review the SEMO open-data terms and disclaimer before redistribution.,semo-market-v1,data/raw/semo/market_signals/PUB_5MinImbalPrc/2026/09/PUB_5MinImbalPrc_202609231905.xml,721,0d8ed1ba89387037b6617d68597a0ccc88c6d3b2cbea9824ff7990bcb86f92d5,2026-09-23T22:40:00Z,2026-09-23T19:05:00+00:00,2026-09-23T19:10:00+00:00,5
semo_pub_5minimbalprc_202609231910,SEMO,PUB_5MinImbalPrc,2026,https://reports.sem-o.com/documents/PUB_5MinImbalPrc_202609231910.xml,semo/market_signals/PUB_5MinImbalPrc/2026/09/PUB_5MinImbalPrc_202609231910.xml,Review the SEMO open-data terms and disclaimer before redistribution.,semo-market-v1,data/raw/semo/market_signals/PUB_5MinImbalPrc/2026/09/PUB_5MinImbalPrc_202609231910.xml,720,cd7c9cefc1d0466fd64cb24b61902f46d2dd3d35438d210d03918f5c8d7b659f,2026-09-23T22:40:00Z,2026-09-23T19:10:00+00:00,2026-09-23T19:15:00+00:00,5
semo_pub_5minimbalprc_202609231915,SEMO,PUB_5MinImbalPrc,2026,https://reports.sem-o.com/documents/PUB_5MinImbalPrc_202609231915.xml,semo/market_signals/PUB_5MinImbalPrc/2026/09/PUB_5MinImbalPrc_202609231915.xml,Review the SEMO open-data terms and disclaimer before redistribution.,semo-market-v1,data/raw/semo/market_signals/PUB_5MinImbalPrc/2026/09/PUB_5MinImbalPrc_202609231915.xml,721,278e45bcb8d9f147aa5261aa19c6ffaf1020e5e1e212d960eb443e5cc736c5f4,2026-09-23T22:40:00Z,2026-09-23T19:15:00+00:00,2026-09-23T19:20:00+00:00,5
semo_pub_5minimbalprc_202609231920,SEMO,PUB_5MinImbalPrc,2026,https://reports.sem-o.com/documents/PUB_5MinImbalPrc_202609231920.xml,semo/market_signals/PUB_5MinImbalPrc/2026/09/PUB_5MinImbalPrc_202609231920.xml,Review the SEMO open-data terms and disclaimer before redistribution.,semo-market-v1,data/raw/semo/market_signals/PUB_5MinImbalPrc/2026/09/PUB_5MinImbalPrc_202609231920.xml,722,caeb27fe210bfcfc1d83dc0d748d8628da59910f8c2603362861279bfd615117,2026-09-23T22:40:00Z,2026-09-23T19:20:00+00:00,2026-09-23T19:25:00+00:00,5
semo_pub_5minimbalprc_202609231925,SEMO,PUB_5MinImbalPrc,2026,https://reports.sem-o.com/documents/PUB_5MinImbalPrc_202609231925.xml,semo/market_signals/PUB_5MinImbalPrc/2026/09/PUB_5MinImbalPrc_202609231925.xml,Review the SEMO open-data terms and disclaimer before redistribution.,semo-market-v1,data/raw/semo/market_signals/PUB_5MinImbalPrc/2026/09/PUB_5MinImbalPrc_202609231925.xml,721,b0913e732ea2f3e9bd849a79d4b2ed0dfe18d9fb61a4bea8786d37f0418e28a9,2026-09-23T22:40:00Z,2026-09-23T19:25:00+00:00,2026-09-23T19:30:00+00:00,5
semo_pub_5minimbalprc_202609231930,SEMO,PUB_5MinImbalPrc,2026,https://reports.sem-o.com/documents/PUB_5MinImbalPrc_202609231930.xml,semo/market_signals/PUB_5MinImbalPrc/2026/09/PUB_5MinImbalPrc_202609231930.xml,Review the SEMO open-data terms and disclaimer before redistribution.,semo-market-v1,data/raw/semo/market_signals/PUB_5MinImbalPrc/2026/09/PUB_5MinImbalPrc_202609231930.xml,721,df380b9bb463293ef003607accfb8caf1a33c772fa1541fdbc9ee5d2a0d06016,2026-09-23T22:40:00Z,2026-09-23T19:30:00+00:00,2026-09-23T19:35:00+00:00,5
semo_pub_5minimbalprc_202609231935,SEMO,PUB_5MinImbalPrc,2026,https://reports.sem-o.com/documents/PUB_5MinImbalPrc_202609231935.xml,semo/market_signals/PUB_5MinImbalPrc/2026/09/PUB_5MinImbalPrc_202609231935.xml,Review the SEMO open-data terms and disclaimer before redistribution.,semo-market-v1,data/raw/semo/market_signals/PUB_5MinImbalPrc/2026/09/PUB_5MinImbalPrc_202609231935.xml,723,cf8a8565b047f8f5e38068bb7992ade0fbdf4df764b23e351f56eebac0898645,2026-09-23T22:40:00Z,2026-09-23T19:35:00+00:00,2026-09-23T19:40:00+00:00,5
semo_pub_5minimbalprc_202609231940,SEMO,PUB_5MinImbalPrc,2026,https://reports.sem-o.com/documents/PUB_5MinImbalPrc_202609231940.xml,semo/market_signals/PUB_5MinImbalPrc/2026/09/PUB_5MinImbalPrc_202609231940.xml,Review the SEMO open-data terms and disclaimer before redistribution.,semo-market-v1,data/raw/semo/market_signals/PUB_5MinImbalPrc/2026/09/PUB_5MinImbalPrc_202609231940.xml,723,12ad5457686331e1541708d03c12b8fc3797345a9e2989a8e70cdf79e9693477,2026-09-23T22:40:00Z,2026-09-23T19:40:00+00:00,2026-09-23T19:45:00+00:00,5
semo_pub_5minimbalprc_202609231945,SEMO,PUB_5MinImbalPrc,2026,https://reports.sem-o.com/documents/PUB_5MinImbalPrc_202609231945.xml,semo/market_signals/PUB_5MinImbalPrc/2026/09/PUB_5MinImbalPrc_202609231945.xml,Review the SEMO open-data terms and disclaimer before redistribution.,semo-market-v1,data/raw/semo/market_signals/PUB_5MinImbalPrc/2026/09/PUB_5MinImbalPrc_202609231945.xml,722,5c41fffc810207862c77b649818f8570fb9a7b771800dff54f72be48dc978072,2026-09-23T22:40:01Z,2026-09-23T19:45:00+00:00,2026-09-23T19:50:00+00:00,5
semo_pub_5minimbalprc_202609231950,SEMO,PUB_5MinImbalPrc,2026,https://reports.sem-o.com/documents/PUB_5MinImbalPrc_202609231950.xml,semo/market_signals/PUB_5MinImbalPrc/2026/09/PUB_5MinImbalPrc_202609231950.xml,Review the SEMO open-data terms and disclaimer before redistribution.,semo-market-v1,data/raw/semo/market_signals/PUB_5MinImbalPrc/2026/09/PUB_5MinImbalPrc_202609231950.xml,722,a8779527e4ae9c3ab183beaf69212de8e314dcecd5ad2b8e37c126648248443f,2026-09-23T22:40:00Z,2026-09-23T19:50:00+00:00,2026-09-23T19:55:00+00:00,5
semo_pub_5minimbalprc_202609231955,SEMO,PUB_5MinImbalPrc,2026,https://reports.sem-o.com/documents/PUB_5MinImbalPrc_202609231955.xml,semo/market_signals/PUB_5MinImbalPrc/2026/09/PUB_5MinImbalPrc_202609231955.xml,Review the SEMO open-data terms and disclaimer before redistribution.,semo-market-v1,data/raw/semo/market_signals/PUB_5MinImbalPrc/2026/09/PUB_5MinImbalPrc_202609231955.xml,721,05bb56aee66e4e0d086c4e851f0850c7045a1522792319652ef9a7764053a6b0,2026-09-23T22:40:01Z,2026-09-23T19:55:00+00:00,2026-09-23T20:00:00+00:00,5
semo_pub_5minimbalprc_202609232000,SEMO,PUB_5MinImbalPrc,2026,https://reports.sem-o.com/documents/PUB_5MinImbalPrc_202609232000.xml,semo/market_signals/PUB_5MinImbalPrc/2026/09/PUB_5MinImbalPrc_202609232000.xml,Review the SEMO open-data terms and disclaimer before redistribution.,semo-market-v1,data/raw/semo/market_signals/PUB_5MinImbalPrc/2026/09/PUB_5MinImbalPrc_202609232000.xml,721,995a78d0c3924c52ef423142057d2f3aa61717c3fa2ff80c37bd683ffac9b606,2026-09-23T22:40:01Z,2026-09-23T20:00:00+00:00,2026-09-23T20:05:00+00:00,5
semo_pub_5minimbalprc_202609232005,SEMO,PUB_5MinImbalPrc,2026,https://reports.sem-o.com/documents/PUB_5MinImbalPrc_202609232005.xml,semo/market_signals/PUB_5MinImbalPrc/2026/09/PUB_5MinImbalPrc_202609232005.xml,Review the SEMO open-data terms and disclaimer before redistribution.,semo-market-v1,data/raw/semo/market_signals/PUB_5MinImbalPrc/2026/09/PUB_5MinImbalPrc_202609232005.xml,720,7f4a459c1fa7b4da18df9698e2ebfdade8521e674f8547c0597253a534bca190,2026-09-23T22:40:01Z,2026-09-23T20:05:00+00:00,2026-09-23T20:10:00+00:00,5
semo_pub_5minimbalprc_202609232010,SEMO,PUB_5MinImbalPrc,2026,https://reports.sem-o.com/documents/PUB_5MinImbalPrc_202609232010.xml,semo/market_signals/PUB_5MinImbalPrc/2026/09/PUB_5MinImbalPrc_202609232010.xml,Review the SEMO open-data terms and disclaimer before redistribution.,semo-market-v1,data/raw/semo/market_signals/PUB_5MinImbalPrc/2026/09/PUB_5MinImbalPrc_202609232010.xml,723,fa587adab1cd69c469a7bb059d260738aa73195dd79b9d282f98c3196727da36,2026-09-23T22:40:01Z,2026-09-23T20:10:00+00:00,2026-09-23T20:15:00+00:00,5
semo_pub_5minimbalprc_202609232015,SEMO,PUB_5MinImbalPrc,2026,https://reports.sem-o.com/documents/PUB_5MinImbalPrc_202609232015.xml,semo/market_signals/PUB_5MinImbalPrc/2026/09/PUB_5MinImbalPrc_202609232015.xml,Review the SEMO open-data terms and disclaimer before redistribution.,semo-market-v1,data/raw/semo/market_signals/PUB_5MinImbalPrc/2026/09/PUB_5MinImbalPrc_202609232015.xml,723,5763c72b22c152fd7ce0a1c54ebc85e193acfb42c5393ca87b37f5a3f72cb545,2026-09-23T22:40:01Z,2026-09-23T20:15:00+00:00,2026-09-23T20:20:00+00:00,5
semo_pub_5minimbalprc_202609232020,SEMO,PUB_5MinImbalPrc,2026,https://reports.sem-o.com/documents/PUB_5MinImbalPrc_202609232020.xml,semo/market_signals/PUB_5MinImbalPrc/2026/09/PUB_5MinImbalPrc_202609232020.xml,Review the SEMO open-data terms and disclaimer before redistribution.,semo-market-v1,data/raw/semo/market_signals/PUB_5MinImbalPrc/2026/09/PUB_5MinImbalPrc_202609232020.xml,723,965087ec5b56f7645042e1297d1a94cc7719a8351b0a864e87fd5ca10d6fd296,2026-09-23T22:40:01Z,2026-09-23T20:20:00+00:00,2026-09-23T20:25:00+00:00,5
semo_pub_5minimbalprc_202609232025,SEMO,PUB_5MinImbalPrc,2026,https://reports.sem-o.com/documents/PUB_5MinImbalPrc_202609232025.xml,semo/market_signals/PUB_5MinImbalPrc/2026/09/PUB_5MinImbalPrc_202609232025.xml,Review the SEMO open-data terms and disclaimer before redistribution.,semo-market-v1,data/raw/semo/market_signals/PUB_5MinImbalPrc/2026/09/PUB_5MinImbalPrc_202609232025.xml,723,3b8fd2eaff0ea629cc204c7cfe6387d952c0b69c62c3ff29860165ef6ffd1b18,2026-09-23T22:40:01Z,2026-09-23T20:25:00+00:00,2026-09-23T20:30:00+00:00,5
semo_pub_5minimbalprc_202609232030,SEMO,PUB_5MinImbalPrc,2026,https://reports.sem-o.com/documents/PUB_5MinImbalPrc_202609232030.xml,semo/market_signals/PUB_5MinImbalPrc/2026/09/PUB_5MinImbalPrc_202609232030.xml,Review the SEMO open-data terms and disclaimer before redistribution.,semo-market-v1,data/raw/semo/market_signals/PUB_5MinImbalPrc/2026/09/PUB_5MinImbalPrc_202609232030.xml,722,078fd3d5669cc8b829935abd4c64959867f00143c5a821fca226fabfa0a69bb9,2026-09-23T22:40:01Z,2026-09-23T20:30:00+00:00,2026-09-23T20:35:00+00:00,5
semo_pub_5minimbalprc_202609232035,SEMO,PUB_5MinImbalPrc,2026,https://reports.sem-o.com/documents/PUB_5MinImbalPrc_202609232035.xml,semo/market_signals/PUB_5MinImbalPrc/2026/09/PUB_5MinImbalPrc_202609232035.xml,Review the SEMO open-data terms and disclaimer before redistribution.,semo-market-v1,data/raw/semo/market_signals/PUB_5MinImbalPrc/2026/09/PUB_5MinImbalPrc_202609232035.xml,723,3e69b8c4508f1ed4dba0bf2110252a062d3287419ca0e8f168ef67adb0d15d26,2026-09-23T22:40:01Z,2026-09-23T20:35:00+00:00,2026-09-23T20:40:00+00:00,5
semo_pub_5minimbalprc_202609232040,SEMO,PUB_5MinImbalPrc,2026,https://reports.sem-o.com/documents/PUB_5MinImbalPrc_202609232040.xml,semo/market_signals/PUB_5MinImbalPrc/2026/09/PUB_5MinImbalPrc_202609232040.xml,Review the SEMO open-data terms and disclaimer before redistribution.,semo-market-v1,data/raw/semo/market_signals/PUB_5MinImbalPrc/2026/09/PUB_5MinImbalPrc_202609232040.xml,723,527bff6e52558b7c35eabff20f7bc40ce2f3ca1f65110c2a3364b69bd1c3785a,2026-09-23T22:40:01Z,2026-09-23T20:40:00+00:00,2026-09-23T20:45:00+00:00,5
semo_pub_5minimbalprc_202609232045,SEMO,PUB_5MinImbalPrc,2026,https://reports.sem-o.com/documents/PUB_5MinImbalPrc_202609232045.xml,semo/market_signals/PUB_5MinImbalPrc/2026/09/PUB_5MinImbalPrc_202609232045.xml,Review the SEMO open-data terms and disclaimer before redistribution.,semo-market-v1,data/raw/semo/market_signals/PUB_5MinImbalPrc/2026/09/PUB_5MinImbalPrc_202609232045.xml,723,460684fc4d0110bb895edba566d37460f2145fe3f8d393f545e7c6f61b4d1c72,2026-09-23T22:40:01Z,2026-09-23T20:45:00+00:00,2026-09-23T20:50:00+00:00,5
semo_pub_5minimbalprc_202609232050,SEMO,PUB_5MinImbalPrc,2026,https://reports.sem-o.com/documents/PUB_5MinImbalPrc_202609232050.xml,semo/market_signals/PUB_5MinImbalPrc/2026/09/PUB_5MinImbalPrc_202609232050.xml,Review the SEMO open-data terms and disclaimer before redistribution.,semo-market-v1,data/raw/semo/market_signals/PUB_5MinImbalPrc/2026/09/PUB_5MinImbalPrc_202609232050.xml,724,a0407cec93549d70be4e48dee4c66db3bf3661d6479e1d26d3b4525528691019,2026-09-23T22:40:01Z,2026-09-23T20:50:00+00:00,2026-09-23T20:55:00+00:00,5
semo_pub_5minimbalprc_202609232055,SEMO,PUB_5MinImbalPrc,2026,https://reports.sem-o.com/documents/PUB_5MinImbalPrc_202609232055.xml,semo/market_signals/PUB_5MinImbalPrc/2026/09/PUB_5MinImbalPrc_202609232055.xml,Review the SEMO open-data terms and disclaimer before redistribution.,semo-market-v1,data/raw/semo/market_signals/PUB_5MinImbalPrc/2026/09/PUB_5MinImbalPrc_202609232055.xml,723,33ac23d24c726b533acb704968ae50dba85fb76b907fea381479c668ca5fdc3b,2026-09-23T22:40:01Z,2026-09-23T20:55:00+00:00,2026-09-23T21:00:00+00:00,5
semo_pub_5minimbalprc_202609232100,SEMO,PUB_5MinImbalPrc,2026,https://reports.sem-o.com/documents/PUB_5MinImbalPrc_202609232100.xml,semo/market_signals/PUB_5MinImbalPrc/2026/09/PUB_5MinImbalPrc_202609232100.xml,Review the SEMO open-data terms and disclaimer before redistribution.,semo-market-v1,data/raw/semo/market_signals/PUB_5MinImbalPrc/2026/09/PUB_5MinImbalPrc_202609232100.xml,724,bc2461a4972fc0af032fb427e9ec345ea8270e515fdbdf92f54ec18753b4a8e0,2026-09-23T22:40:01Z,2026-09-23T21:00:00+00:00,2026-09-23T21:05:00+00:00,5
semo_pub_5minimbalprc_202609232105,SEMO,PUB_5MinImbalPrc,2026,https://reports.sem-o.com/documents/PUB_5MinImbalPrc_202609232105.xml,semo/market_signals/PUB_5MinImbalPrc/2026/09/PUB_5MinImbalPrc_202609232105.xml,Review the SEMO open-data terms and disclaimer before redistribution.,semo-market-v1,data/raw/semo/market_signals/PUB_5MinImbalPrc/2026/09/PUB_5MinImbalPrc_202609232105.xml,724,cf6e0671c307ca0eb62b752f8f5bf3e4848338eee886b28333ff6ecf551997ca,2026-09-23T22:40:01Z,2026-09-23T21:05:00+00:00,2026-09-23T21:10:00+00:00,5
semo_pub_5minimbalprc_202609232110,SEMO,PUB_5MinImbalPrc,2026,https://reports.sem-o.com/documents/PUB_5MinImbalPrc_202609232110.xml,semo/market_signals/PUB_5MinImbalPrc/2026/09/PUB_5MinImbalPrc_202609232110.xml,Review the SEMO open-data terms and disclaimer before redistribution.,semo-market-v1,data/raw/semo/market_signals/PUB_5MinImbalPrc/2026/09/PUB_5MinImbalPrc_202609232110.xml,724,991f74c9a568dce828c17fa6d598d68aff2c1bb8174c60a3c418369ba6356486,2026-09-23T22:40:01Z,2026-09-23T21:10:00+00:00,2026-09-23T21:15:00+00:00,5
semo_pub_5minimbalprc_202609232115,SEMO,PUB_5MinImbalPrc,2026,https://reports.sem-o.com/documents/PUB_5MinImbalPrc_202609232115.xml,semo/market_signals/PUB_5MinImbalPrc/2026/09/PUB_5MinImbalPrc_202609232115.xml,Review the SEMO open-data terms and disclaimer before redistribution.,semo-market-v1,data/raw/semo/market_signals/PUB_5MinImbalPrc/2026/09/PUB_5MinImbalPrc_202609232115.xml,723,2976b9b79dfd557c5b6e3d183ebe01020f3fd9c920f226c71bb4d28856ddf073,2026-09-23T22:40:01Z,2026-09-23T21:15:00+00:00,2026-09-23T21:20:00+00:00,5
semo_pub_5minimbalprc_202609232120,SEMO,PUB_5MinImbalPrc,2026,https://reports.sem-o.com/documents/PUB_5MinImbalPrc_202609232120.xml,semo/market_signals/PUB_5MinImbalPrc/2026/09/PUB_5MinImbalPrc_202609232120.xml,Review the SEMO open-data terms and disclaimer before redistribution.,semo-market-v1,data/raw/semo/market_signals/PUB_5MinImbalPrc/2026/09/PUB_5MinImbalPrc_202609232120.xml,723,6f0bdbccbdeb9e062a0d57fe80f0dde12dec574e667de7335722b87cb1134038,2026-09-23T22:40:01Z,2026-09-23T21:20:00+00:00,2026-09-23T21:25:00+00:00,5
semo_pub_5minimbalprc_202609232125,SEMO,PUB_5MinImbalPrc,2026,https://reports.sem-o.com/documents/PUB_5MinImbalPrc_202609232125.xml,semo/market_signals/PUB_5MinImbalPrc/2026/09/PUB_5MinImbalPrc_202609232125.xml,Review the SEMO open-data terms and disclaimer before redistribution.,semo-market-v1,data/raw/semo/market_signals/PUB_5MinImbalPrc/2026/09/PUB_5MinImbalPrc_202609232125.xml,724,7e7fd558cdfa0793db019c09040c4c1de938d3bea0df7e4f6d2a4fb67226301d,2026-09-23T22:40:01Z,2026-09-23T21:25:00+00:00,2026-09-23T21:30:00+00:00,5
semo_pub_5minimbalprc_202609232130,SEMO,PUB_5MinImbalPrc,2026,https://reports.sem-o.com/documents/PUB_5MinImbalPrc_202609232130.xml,semo/market_signals/PUB_5MinImbalPrc/2026/09/PUB_5MinImbalPrc_202609232130.xml,Review the SEMO open-data terms and disclaimer before redistribution.,semo-market-v1,data/raw/semo/market_signals/PUB_5MinImbalPrc/2026/09/PUB_5MinImbalPrc_202609232130.xml,714,98447e034eed3f2dd0901dc63f4b64c299d42a8ea916868a1b184ba00ea42e81,2026-09-23T22:40:01Z,2026-09-23T21:30:00+00:00,2026-09-23T21:35:00+00:00,5
semo_pub_5minimbalprc_202609232135,SEMO,PUB_5MinImbalPrc,2026,https://reports.sem-o.com/documents/PUB_5MinImbalPrc_202609232135.xml,semo/market_signals/PUB_5MinImbalPrc/2026/09/PUB_5MinImbalPrc_202609232135.xml,Review the SEMO open-data terms and disclaimer before redistribution.,semo-market-v1,data/raw/semo/market_signals/PUB_5MinImbalPrc/2026/09/PUB_5MinImbalPrc_202609232135.xml,714,d4b8ef5f185ae261d27f6e87d328e9fcecd5037529a48b8dc578c3e4990147ee,2026-09-23T22:40:01Z,2026-09-23T21:35:00+00:00,2026-09-23T21:40:00+00:00,5
semo_pub_5minimbalprc_202609232140,SEMO,PUB_5MinImbalPrc,2026,https://reports.sem-o.com/documents/PUB_5MinImbalPrc_202609232140.xml,semo/market_signals/PUB_5MinImbalPrc/2026/09/PUB_5MinImbalPrc_202609232140.xml,Review the SEMO open-data terms and disclaimer before redistribution.,semo-market-v1,data/raw/semo/market_signals/PUB_5MinImbalPrc/2026/09/PUB_5MinImbalPrc_202609232140.xml,720,bb2f625d510fdbe218a360fdfb28b1da576e76fe7fa3d949b4b3626e3e545744,2026-09-23T22:40:01Z,2026-09-23T21:40:00+00:00,2026-09-23T21:45:00+00:00,5
semo_pub_5minimbalprc_202609232145,SEMO,PUB_5MinImbalPrc,2026,https://reports.sem-o.com/documents/PUB_5MinImbalPrc_202609232145.xml,semo/market_signals/PUB_5MinImbalPrc/2026/09/PUB_5MinImbalPrc_202609232145.xml,Review the SEMO open-data terms and disclaimer before redistribution.,semo-market-v1,data/raw/semo/market_signals/PUB_5MinImbalPrc/2026/09/PUB_5MinImbalPrc_202609232145.xml,720,f3825ac65412c09ea6fd77828de442e6703c2df3e04b88e1e5ee639ae3c58f15,2026-09-23T22:40:01Z,2026-09-23T21:45:00+00:00,2026-09-23T21:50:00+00:00,5
semo_pub_5minimbalprc_202609232150,SEMO,PUB_5MinImbalPrc,2026,https://reports.sem-o.com/documents/PUB_5MinImbalPrc_202609232150.xml,semo/market_signals/PUB_5MinImbalPrc/2026/09/PUB_5MinImbalPrc_202609232150.xml,Review the SEMO open-data terms and disclaimer before redistribution.,semo-market-v1,data/raw/semo/market_signals/PUB_5MinImbalPrc/2026/09/PUB_5MinImbalPrc_202609232150.xml,714,caa0d1e4050da59937a35402c0a78d8e2ac267d49e62ee5ba00db9ef3f813ec7,2026-09-24T02:06:09Z,2026-09-23T21:50:00+00:00,2026-09-23T21:55:00+00:00,5
semo_pub_5minimbalprc_202609232155,SEMO,PUB_5MinImbalPrc,2026,https://reports.sem-o.com/documents/PUB_5MinImbalPrc_202609232155.xml,semo/market_signals/PUB_5MinImbalPrc/2026/09/PUB_5MinImbalPrc_202609232155.xml,Review the SEMO open-data terms and disclaimer before redistribution.,semo-market-v1,data/raw/semo/market_signals/PUB_5MinImbalPrc/2026/09/PUB_5MinImbalPrc_202609232155.xml,724,ca751475cb29f998c5c2c9ca27d28ea2a20e046289bfd6f71f70c730e637b8b0,2026-09-24T02:06:09Z,2026-09-23T21:55:00+00:00,2026-09-23T22:00:00+00:00,5
semo_pub_5minimbalprc_202609232200,SEMO,PUB_5MinImbalPrc,2026,https://reports.sem-o.com/documents/PUB_5MinImbalPrc_202609232200.xml,semo/market_signals/PUB_5MinImbalPrc/2026/09/PUB_5MinImbalPrc_202609232200.xml,Review the SEMO open-data terms and disclaimer before redistribution.,semo-market-v1,data/raw/semo/market_signals/PUB_5MinImbalPrc/2026/09/PUB_5MinImbalPrc_202609232200.xml,724,5ce9bd48c488d94aaaa156b25e8fdd8dc449022fdef72df5d04f4cbea5b52e41,2026-09-24T02:01:01Z,2026-09-23T22:00:00+00:00,2026-09-23T22:05:00+00:00,5
semo_pub_5minimbalprc_202609232205,SEMO,PUB_5MinImbalPrc,2026,https://reports.sem-o.com/documents/PUB_5MinImbalPrc_202609232205.xml,semo/market_signals/PUB_5MinImbalPrc/2026/09/PUB_5MinImbalPrc_202609232205.xml,Review the SEMO open-data terms and disclaimer before redistribution.,semo-market-v1,data/raw/semo/market_signals/PUB_5MinImbalPrc/2026/09/PUB_5MinImbalPrc_202609232205.xml,724,e391143302bc64ca9a859e169a16f671f9918978e0a29da2e4fb12211c85780d,2026-09-24T02:01:01Z,2026-09-23T22:05:00+00:00,2026-09-23T22:10:00+00:00,5
semo_pub_5minimbalprc_202609232210,SEMO,PUB_5MinImbalPrc,2026,https://reports.sem-o.com/documents/PUB_5MinImbalPrc_202609232210.xml,semo/market_signals/PUB_5MinImbalPrc/2026/09/PUB_5MinImbalPrc_202609232210.xml,Review the SEMO open-data terms and disclaimer before redistribution.,semo-market-v1,data/raw/semo/market_signals/PUB_5MinImbalPrc/2026/09/PUB_5MinImbalPrc_202609232210.xml,719,991e8ced54be691ddfd540c2697e556d1b614ae4de5847b4806ceb63717a08d8,2026-09-24T02:01:01Z,2026-09-23T22:10:00+00:00,2026-09-23T22:15:00+00:00,5
semo_pub_5minimbalprc_202609232215,SEMO,PUB_5MinImbalPrc,2026,https://reports.sem-o.com/documents/PUB_5MinImbalPrc_202609232215.xml,semo/market_signals/PUB_5MinImbalPrc/2026/09/PUB_5MinImbalPrc_202609232215.xml,Review the SEMO open-data terms and disclaimer before redistribution.,semo-market-v1,data/raw/semo/market_signals/PUB_5MinImbalPrc/2026/09/PUB_5MinImbalPrc_202609232215.xml,724,01c5d1f344ce9f931241b4feaff05d85b58daf0ac4c284d15c9d307705945558,2026-09-24T02:01:01Z,2026-09-23T22:15:00+00:00,2026-09-23T22:20:00+00:00,5
semo_pub_5minimbalprc_202609232220,SEMO,PUB_5MinImbalPrc,2026,https://reports.sem-o.com/documents/PUB_5MinImbalPrc_202609232220.xml,semo/market_signals/PUB_5MinImbalPrc/2026/09/PUB_5MinImbalPrc_202609232220.xml,Review the SEMO open-data terms and disclaimer before redistribution.,semo-market-v1,data/raw/semo/market_signals/PUB_5MinImbalPrc/2026/09/PUB_5MinImbalPrc_202609232220.xml,723,007cb0ccd2d439e7385a8834f5c0fe1143fc869bb0adc01af8ed57c56acb2600,2026-09-24T02:01:01Z,2026-09-23T22:20:00+00:00,2026-09-23T22:25:00+00:00,5
semo_pub_5minimbalprc_202609232225,SEMO,PUB_5MinImbalPrc,2026,https://reports.sem-o.com/documents/PUB_5MinImbalPrc_202609232225.xml,semo/market_signals/PUB_5MinImbalPrc/2026/09/PUB_5MinImbalPrc_202609232225.xml,Review the SEMO open-data terms and disclaimer before redistribution.,semo-market-v1,data/raw/semo/market_signals/PUB_5MinImbalPrc/2026/09/PUB_5MinImbalPrc_202609232225.xml,723,a5b6e92d585fd14557fad52cf1e67b62c83e5fc6d5bd5e14ccea6f06138dab0b,2026-09-24T02:01:01Z,2026-09-23T22:25:00+00:00,2026-09-23T22:30:00+00:00,5
semo_pub_5minimbalprc_202609232230,SEMO,PUB_5MinImbalPrc,2026,https://reports.sem-o.com/documents/PUB_5MinImbalPrc_202609232230.xml,semo/market_signals/PUB_5MinImbalPrc/2026/09/PUB_5MinImbalPrc_202609232230.xml,Review the SEMO open-data terms and disclaimer before redistribution.,semo-market-v1,data/raw/semo/market_signals/PUB_5MinImbalPrc/2026/09/PUB_5MinImbalPrc_202609232230.xml,723,145ef10d25c21fa144b276058a9d1477185342a3258d4b89666ff31275630956,2026-09-24T02:01:01Z,2026-09-23T22:30:00+00:00,2026-09-23T22:35:00+00:00,5
semo_pub_5minimbalprc_202609232235,SEMO,PUB_5MinImbalPrc,2026,https://reports.sem-o.com/documents/PUB_5MinImbalPrc_202609232235.xml,semo/market_signals/PUB_5MinImbalPrc/2026/09/PUB_5MinImbalPrc_202609232235.xml,Review the SEMO open-data terms and disclaimer before redistribution.,semo-market-v1,data/raw/semo/market_signals/PUB_5MinImbalPrc/2026/09/PUB_5MinImbalPrc_202609232235.xml,722,49c9c460d4e488bfd5e3152bbbf7a3a69e34e4410529447212101ef60146f6c0,2026-09-24T02:01:01Z,2026-09-23T22:35:00+00:00,2026-09-23T22:40:00+00:00,5
semo_pub_5minimbalprc_202609232240,SEMO,PUB_5MinImbalPrc,2026,https://reports.sem-o.com/documents/PUB_5MinImbalPrc_202609232240.xml,semo/market_signals/PUB_5MinImbalPrc/2026/09/PUB_5MinImbalPrc_202609232240.xml,Review the SEMO open-data terms and disclaimer before redistribution.,semo-market-v1,data/raw/semo/market_signals/PUB_5MinImbalPrc/2026/09/PUB_5MinImbalPrc_202609232240.xml,722,e59ccb4ce681fd2c5ec4f3dcaa7bd6d44529b60fb12dafe68d8f04d1af5f14a6,2026-09-24T02:01:01Z,2026-09-23T22:40:00+00:00,2026-09-23T22:45:00+00:00,5
semo_pub_5minimbalprc_202609232245,SEMO,PUB_5MinImbalPrc,2026,https://reports.sem-o.com/documents/PUB_5MinImbalPrc_202609232245.xml,semo/market_signals/PUB_5MinImbalPrc/2026/09/PUB_5MinImbalPrc_202609232245.xml,Review the SEMO open-data terms and disclaimer before redistribution.,semo-market-v1,data/raw/semo/market_signals/PUB_5MinImbalPrc/2026/09/PUB_5MinImbalPrc_202609232245.xml,722,5c2ba7ad52b7f5d16bc80dcb57bf71d6b50ac5f17f6df7a5c804c95b465082bd,2026-09-24T02:01:01Z,2026-09-23T22:45:00+00:00,2026-09-23T22:50:00+00:00,5
semo_pub_5minimbalprc_202609232250,SEMO,PUB_5MinImbalPrc,2026,https://reports.sem-o.com/documents/PUB_5MinImbalPrc_202609232250.xml,semo/market_signals/PUB_5MinImbalPrc/2026/09/PUB_5MinImbalPrc_202609232250.xml,Review the SEMO open-data terms and disclaimer before redistribution.,semo-market-v1,data/raw/semo/market_signals/PUB_5MinImbalPrc/2026/09/PUB_5MinImbalPrc_202609232250.xml,723,903bf576517e0a2fcf7939b9fb6b8ee82fa8800d85e012c019cab606a8bfb19c,2026-09-24T02:01:01Z,2026-09-23T22:50:00+00:00,2026-09-23T22:55:00+00:00,5
semo_pub_5minimbalprc_202609232255,SEMO,PUB_5MinImbalPrc,2026,https://reports.sem-o.com/documents/PUB_5MinImbalPrc_202609232255.xml,semo/market_signals/PUB_5MinImbalPrc/2026/09/PUB_5MinImbalPrc_202609232255.xml,Review the SEMO open-data terms and disclaimer before redistribution.,semo-market-v1,data/raw/semo/market_signals/PUB_5MinImbalPrc/2026/09/PUB_5MinImbalPrc_202609232255.xml,723,118e880b52332ed75eb2c04537dadcd3c37aacbfcff2d657883f3b335ef37b3a,2026-09-24T02:01:01Z,2026-09-23T22:55:00+00:00,2026-09-23T23:00:00+00:00,5
semo_pub_5minimbalprc_202609232300,SEMO,PUB_5MinImbalPrc,2026,https://reports.sem-o.com/documents/PUB_5MinImbalPrc_202609232300.xml,semo/market_signals/PUB_5MinImbalPrc/2026/09/PUB_5MinImbalPrc_202609232300.xml,Review the SEMO open-data terms and disclaimer before redistribution.,semo-market-v1,data/raw/semo/market_signals/PUB_5MinImbalPrc/2026/09/PUB_5MinImbalPrc_202609232300.xml,722,0be745ef2551b90fdfea590f682e6828b7e88800a13e349dabe2b5eb2cf0aa70,2026-09-24T02:01:01Z,2026-09-23T23:00:00+00:00,2026-09-23T23:05:00+00:00,5
semo_pub_5minimbalprc_202609232305,SEMO,PUB_5MinImbalPrc,2026,https://reports.sem-o.com/documents/PUB_5MinImbalPrc_202609232305.xml,semo/market_signals/PUB_5MinImbalPrc/2026/09/PUB_5MinImbalPrc_202609232305.xml,Review the SEMO open-data terms and disclaimer before redistribution.,semo-market-v1,data/raw/semo/market_signals/PUB_5MinImbalPrc/2026/09/PUB_5MinImbalPrc_202609232305.xml,724,b4f8974850f6acb8c5add9b8de8813617e8c0b8f3c8b9a2bf137249d8b604f55,2026-09-24T02:01:01Z,2026-09-23T23:05:00+00:00,2026-09-23T23:10:00+00:00,5
semo_pub_5minimbalprc_202609232310,SEMO,PUB_5MinImbalPrc,2026,https://reports.sem-o.com/documents/PUB_5MinImbalPrc_202609232310.xml,semo/market_signals/PUB_5MinImbalPrc/2026/09/PUB_5MinImbalPrc_202609232310.xml,Review the SEMO open-data terms and disclaimer before redistribution.,semo-market-v1,data/raw/semo/market_signals/PUB_5MinImbalPrc/2026/09/PUB_5MinImbalPrc_202609232310.xml,723,ef5f99807102bb7e327ead34e79b99ac7d01bfe3102ec57e1d7476755c584f1a,2026-09-24T02:01:01Z,2026-09-23T23:10:00+00:00,2026-09-23T23:15:00+00:00,5
semo_pub_5minimbalprc_202609232315,SEMO,PUB_5MinImbalPrc,2026,https://reports.sem-o.com/documents/PUB_5MinImbalPrc_202609232315.xml,semo/market_signals/PUB_5MinImbalPrc/2026/09/PUB_5MinImbalPrc_202609232315.xml,Review the SEMO open-data terms and disclaimer before redistribution.,semo-market-v1,data/raw/semo/market_signals/PUB_5MinImbalPrc/2026/09/PUB_5MinImbalPrc_202609232315.xml,723,1c32ac77690e1cd82d9a9511df5dab2be4dcb882c06e74ef9359850a4d4c8efd,2026-09-24T02:01:01Z,2026-09-23T23:15:00+00:00,2026-09-23T23:20:00+00:00,5
semo_pub_5minimbalprc_202609232320,SEMO,PUB_5MinImbalPrc,2026,https://reports.sem-o.com/documents/PUB_5MinImbalPrc_202609232320.xml,semo/market_signals/PUB_5MinImbalPrc/2026/09/PUB_5MinImbalPrc_202609232320.xml,Review the SEMO open-data terms and disclaimer before redistribution.,semo-market-v1,data/raw/semo/market_signals/PUB_5MinImbalPrc/2026/09/PUB_5MinImbalPrc_202609232320.xml,719,1f97bec3cf096776174545f5cfbc191fd58caccaba7dc607a9d56d7481b81293,2026-09-24T02:01:01Z,2026-09-23T23:20:00+00:00,2026-09-23T23:25:00+00:00,5
semo_pub_5minimbalprc_202609232325,SEMO,PUB_5MinImbalPrc,2026,https://reports.sem-o.com/documents/PUB_5MinImbalPrc_202609232325.xml,semo/market_signals/PUB_5MinImbalPrc/2026/09/PUB_5MinImbalPrc_202609232325.xml,Review the SEMO open-data terms and disclaimer before redistribution.,semo-market-v1,data/raw/semo/market_signals/PUB_5MinImbalPrc/2026/09/PUB_5MinImbalPrc_202609232325.xml,719,1600b94490aa18da789d34617475ba570e488660ac941d50894cdce35d0ff4f2,2026-09-24T02:01:01Z,2026-09-23T23:25:00+00:00,2026-09-23T23:30:00+00:00,5
semo_pub_5minimbalprc_202609232330,SEMO,PUB_5MinImbalPrc,2026,https://reports.sem-o.com/documents/PUB_5MinImbalPrc_202609232330.xml,semo/market_signals/PUB_5MinImbalPrc/2026/09/PUB_5MinImbalPrc_202609232330.xml,Review the SEMO open-data terms and disclaimer before redistribution.,semo-market-v1,data/raw/semo/market_signals/PUB_5MinImbalPrc/2026/09/PUB_5MinImbalPrc_202609232330.xml,723,eba3e4e8b91744c11598b99a6abc26e05a805b9f912914b8aa72ac071fd31502,2026-09-24T02:01:01Z,2026-09-23T23:30:00+00:00,2026-09-23T23:35:00+00:00,5
semo_pub_5minimbalprc_202609232335,SEMO,PUB_5MinImbalPrc,2026,https://reports.sem-o.com/documents/PUB_5MinImbalPrc_202609232335.xml,semo/market_signals/PUB_5MinImbalPrc/2026/09/PUB_5MinImbalPrc_202609232335.xml,Review the SEMO open-data terms and disclaimer before redistribution.,semo-market-v1,data/raw/semo/market_signals/PUB_5MinImbalPrc/2026/09/PUB_5MinImbalPrc_202609232335.xml,723,a6d5158b931c7debe589286096db71d6584a7c41ad81c0e5bea67b84f7b75a30,2026-09-24T02:01:01Z,2026-09-23T23:35:00+00:00,2026-09-23T23:40:00+00:00,5
semo_pub_5minimbalprc_202609232340,SEMO,PUB_5MinImbalPrc,2026,https://reports.sem-o.com/documents/PUB_5MinImbalPrc_202609232340.xml,semo/market_signals/PUB_5MinImbalPrc/2026/09/PUB_5MinImbalPrc_202609232340.xml,Review the SEMO open-data terms and disclaimer before redistribution.,semo-market-v1,data/raw/semo/market_signals/PUB_5MinImbalPrc/2026/09/PUB_5MinImbalPrc_202609232340.xml,718,477ae3df50c3b89809c042d717dc4f157a0fe2323d6a30c25e421c43acc6d298,2026-09-24T02:01:01Z,2026-09-23T23:40:00+00:00,2026-09-23T23:45:00+00:00,5
semo_pub_5minimbalprc_202609232345,SEMO,PUB_5MinImbalPrc,2026,https://reports.sem-o.com/documents/PUB_5MinImbalPrc_202609232345.xml,semo/market_signals/PUB_5MinImbalPrc/2026/09/PUB_5MinImbalPrc_202609232345.xml,Review the SEMO open-data terms and disclaimer before redistribution.,semo-market-v1,data/raw/semo/market_signals/PUB_5MinImbalPrc/2026/09/PUB_5MinImbalPrc_202609232345.xml,719,90de7404a807c7ced062e8efa1467f3235911d48f17ef9fd9a29e513740373ba,2026-09-24T02:01:01Z,2026-09-23T23:45:00+00:00,2026-09-23T23:50:00+00:00,5
semo_pub_5minimbalprc_202609232350,SEMO,PUB_5MinImbalPrc,2026,https://reports.sem-o.com/documents/PUB_5MinImbalPrc_202609232350.xml,semo/market_signals/PUB_5MinImbalPrc/2026/09/PUB_5MinImbalPrc_202609232350.xml,Review the SEMO open-data terms and disclaimer before redistribution.,semo-market-v1,data/raw/semo/market_signals/PUB_5MinImbalPrc/2026/09/PUB_5MinImbalPrc_202609232350.xml,719,e33f656d2bab52e72c8e3af9055958ea3aefdf074fe979624a21f89e9a205018,2026-09-24T02:01:01Z,2026-09-23T23:50:00+00:00,2026-09-23T23:55:00+00:00,5
semo_pub_5minimbalprc_202609232355,SEMO,PUB_5MinImbalPrc,2026,https://reports.sem-o.com/documents/PUB_5MinImbalPrc_202609232355.xml,semo/market_signals/PUB_5MinImbalPrc/2026/09/PUB_5MinImbalPrc_202609232355.xml,Review the SEMO open-data terms and disclaimer before redistribution.,semo-market-v1,data/raw/semo/market_signals/PUB_5MinImbalPrc/2026/09/PUB_5MinImbalPrc_202609232355.xml,722,9219b581cddcdad6346ed58703cb101bbfa005127dbf4755da7917f85b03a115,2026-09-24T02:01:01Z,2026-09-23T23:55:00+00:00,2026-09-24T00:00:00+00:00,5
semo_pub_5minimbalprc_202609240000,SEMO,PUB_5MinImbalPrc,2026,https://reports.sem-o.com/documents/PUB_5MinImbalPrc_202609240000.xml,semo/market_signals/PUB_5MinImbalPrc/2026/09/PUB_5MinImbalPrc_202609240000.xml,Review the SEMO open-data terms and disclaimer before redistribution.,semo-market-v1,data/raw/semo/market_signals/PUB_5MinImbalPrc/2026/09/PUB_5MinImbalPrc_202609240000.xml,718,97daa6435c142a24f13f786560bc453e9efbee50377cbeceb58e32c001b69101,2026-09-24T02:01:01Z,2026-09-24T00:00:00+00:00,2026-09-24T00:05:00+00:00,5
semo_pub_5minimbalprc_202609240005,SEMO,PUB_5MinImbalPrc,2026,https://reports.sem-o.com/documents/PUB_5MinImbalPrc_202609240005.xml,semo/market_signals/PUB_5MinImbalPrc/2026/09/PUB_5MinImbalPrc_202609240005.xml,Review the SEMO open-data terms and disclaimer before redistribution.,semo-market-v1,data/raw/semo/market_signals/PUB_5MinImbalPrc/2026/09/PUB_5MinImbalPrc_202609240005.xml,719,49b1146b0b087ecea71878b73d06ef33ce922c1b1295753004be21bf47deed5d,2026-09-24T02:01:01Z,2026-09-24T00:05:00+00:00,2026-09-24T00:10:00+00:00,5
semo_pub_5minimbalprc_202609240010,SEMO,PUB_5MinImbalPrc,2026,https://reports.sem-o.com/documents/PUB_5MinImbalPrc_202609240010.xml,semo/market_signals/PUB_5MinImbalPrc/2026/09/PUB_5MinImbalPrc_202609240010.xml,Review the SEMO open-data terms and disclaimer before redistribution.,semo-market-v1,data/raw/semo/market_signals/PUB_5MinImbalPrc/2026/09/PUB_5MinImbalPrc_202609240010.xml,719,1260e760ca9dbe327c0a3b78355ce0bb6a5dc3b0283c358ed1cfc9247fdde121,2026-09-24T02:01:01Z,2026-09-24T00:10:00+00:00,2026-09-24T00:15:00+00:00,5
semo_pub_5minimbalprc_202609240015,SEMO,PUB_5MinImbalPrc,2026,https://reports.sem-o.com/documents/PUB_5MinImbalPrc_202609240015.xml,semo/market_signals/PUB_5MinImbalPrc/2026/09/PUB_5MinImbalPrc_202609240015.xml,Review the SEMO open-data terms and disclaimer before redistribution.,semo-market-v1,data/raw/semo/market_signals/PUB_5MinImbalPrc/2026/09/PUB_5MinImbalPrc_202609240015.xml,719,18702f5276d334d4d265d4d18454cc76880d398bcbc713daeaf20e82509bad97,2026-09-24T02:01:01Z,2026-09-24T00:15:00+00:00,2026-09-24T00:20:00+00:00,5
semo_pub_5minimbalprc_202609240020,SEMO,PUB_5MinImbalPrc,2026,https://reports.sem-o.com/documents/PUB_5MinImbalPrc_202609240020.xml,semo/market_signals/PUB_5MinImbalPrc/2026/09/PUB_5MinImbalPrc_202609240020.xml,Review the SEMO open-data terms and disclaimer before redistribution.,semo-market-v1,data/raw/semo/market_signals/PUB_5MinImbalPrc/2026/09/PUB_5MinImbalPrc_202609240020.xml,719,ab76c84f836b350d1de6693213d3e1513068bbf7c883cbe925e907963bf9604b,2026-09-24T02:01:01Z,2026-09-24T00:20:00+00:00,2026-09-24T00:25:00+00:00,5
semo_pub_5minimbalprc_202609240025,SEMO,PUB_5MinImbalPrc,2026,https://reports.sem-o.com/documents/PUB_5MinImbalPrc_202609240025.xml,semo/market_signals/PUB_5MinImbalPrc/2026/09/PUB_5MinImbalPrc_202609240025.xml,Review the SEMO open-data terms and disclaimer before redistribution.,semo-market-v1,data/raw/semo/market_signals/PUB_5MinImbalPrc/2026/09/PUB_5MinImbalPrc_202609240025.xml,719,d1c33b6638123df0d9be5c57f0581758ebd6ed9c7fcd2ccc923e153f47d53bb9,2026-09-24T02:01:01Z,2026-09-24T00:25:00+00:00,2026-09-24T00:30:00+00:00,5
semo_pub_5minimbalprc_202609240030,SEMO,PUB_5MinImbalPrc,2026,https://reports.sem-o.com/documents/PUB_5MinImbalPrc_202609240030.xml,semo/market_signals/PUB_5MinImbalPrc/2026/09/PUB_5MinImbalPrc_202609240030.xml,Review the SEMO open-data terms and disclaimer before redistribution.,semo-market-v1,data/raw/semo/market_signals/PUB_5MinImbalPrc/2026/09/PUB_5MinImbalPrc_202609240030.xml,719,0d9ab0143f33e4bbfa3e328581ed5e431f95bfebb5f9f72400c3c5f2345907ee,2026-09-24T02:01:01Z,2026-09-24T00:30:00+00:00,2026-09-24T00:35:00+00:00,5
semo_pub_5minimbalprc_202609240035,SEMO,PUB_5MinImbalPrc,2026,https://reports.sem-o.com/documents/PUB_5MinImbalPrc_202609240035.xml,semo/market_signals/PUB_5MinImbalPrc/2026/09/PUB_5MinImbalPrc_202609240035.xml,Review the SEMO open-data terms and disclaimer before redistribution.,semo-market-v1,data/raw/semo/market_signals/PUB_5MinImbalPrc/2026/09/PUB_5MinImbalPrc_202609240035.xml,719,b13b08fd8acbf1274674f63c11c847b3cd2110f6a25966fc10e59164afdc0a76,2026-09-24T02:01:01Z,2026-09-24T00:35:00+00:00,2026-09-24T00:40:00+00:00,5
semo_pub_5minimbalprc_202609240040,SEMO,PUB_5MinImbalPrc,2026,https://reports.sem-o.com/documents/PUB_5MinImbalPrc_202609240040.xml,semo/market_signals/PUB_5MinImbalPrc/2026/09/PUB_5MinImbalPrc_202609240040.xml,Review the SEMO open-data terms and disclaimer before redistribution.,semo-market-v1,data/raw/semo/market_signals/PUB_5MinImbalPrc/2026/09/PUB_5MinImbalPrc_202609240040.xml,719,250309cca38b53e513cb7b398ff78156334fcb0fc50dd0b1cff1b37e91b4bad0,2026-09-24T02:01:01Z,2026-09-24T00:40:00+00:00,2026-09-24T00:45:00+00:00,5
semo_pub_5minimbalprc_202609240045,SEMO,PUB_5MinImbalPrc,2026,https://reports.sem-o.com/documents/PUB_5MinImbalPrc_202609240045.xml,semo/market_signals/PUB_5MinImbalPrc/2026/09/PUB_5MinImbalPrc_202609240045.xml,Review the SEMO open-data terms and disclaimer before redistribution.,semo-market-v1,data/raw/semo/market_signals/PUB_5MinImbalPrc/2026/09/PUB_5MinImbalPrc_202609240045.xml,723,b055552542f8556a6bae7c8289f207fc378d4c2b87cdf040247c17146ce25b81,2026-09-24T02:01:01Z,2026-09-24T00:45:00+00:00,2026-09-24T00:50:00+00:00,5
semo_pub_5minimbalprc_202609240050,SEMO,PUB_5MinImbalPrc,2026,https://reports.sem-o.com/documents/PUB_5MinImbalPrc_202609240050.xml,semo/market_signals/PUB_5MinImbalPrc/2026/09/PUB_5MinImbalPrc_202609240050.xml,Review the SEMO open-data terms and disclaimer before redistribution.,semo-market-v1,data/raw/semo/market_signals/PUB_5MinImbalPrc/2026/09/PUB_5MinImbalPrc_202609240050.xml,724,79e3ed4fefb629cea20996765fa493dd69212b9c2157a70fd2f24cd8c641c515,2026-09-24T02:01:01Z,2026-09-24T00:50:00+00:00,2026-09-24T00:55:00+00:00,5
semo_pub_5minimbalprc_202609240055,SEMO,PUB_5MinImbalPrc,2026,https://reports.sem-o.com/documents/PUB_5MinImbalPrc_202609240055.xml,semo/market_signals/PUB_5MinImbalPrc/2026/09/PUB_5MinImbalPrc_202609240055.xml,Review the SEMO open-data terms and disclaimer before redistribution.,semo-market-v1,data/raw/semo/market_signals/PUB_5MinImbalPrc/2026/09/PUB_5MinImbalPrc_202609240055.xml,723,9c65d80e931113254683738550eff726218d57f0bb4284fc6bde320241f424de,2026-09-24T02:01:01Z,2026-09-24T00:55:00+00:00,2026-09-24T01:00:00+00:00,5
semo_pub_5minimbalprc_202609240100,SEMO,PUB_5MinImbalPrc,2026,https://reports.sem-o.com/documents/PUB_5MinImbalPrc_202609240100.xml,semo/market_signals/PUB_5MinImbalPrc/2026/09/PUB_5MinImbalPrc_202609240100.xml,Review the SEMO open-data terms and disclaimer before redistribution.,semo-market-v1,data/raw/semo/market_signals/PUB_5MinImbalPrc/2026/09/PUB_5MinImbalPrc_202609240100.xml,724,d8ecea78f980c49fa76dde97b4446a9e76efd5f90777df71d4eb3005b574d660,2026-09-24T02:01:01Z,2026-09-24T01:00:00+00:00,2026-09-24T01:05:00+00:00,5
semo_pub_5minimbalprc_202609240105,SEMO,PUB_5MinImbalPrc,2026,https://reports.sem-o.com/documents/PUB_5MinImbalPrc_202609240105.xml,semo/market_signals/PUB_5MinImbalPrc/2026/09/PUB_5MinImbalPrc_202609240105.xml,Review the SEMO open-data terms and disclaimer before redistribution.,semo-market-v1,data/raw/semo/market_signals/PUB_5MinImbalPrc/2026/09/PUB_5MinImbalPrc_202609240105.xml,722,eb876d9e5db5be57f6fd2947935cb09388e45b35803638d0537d54aec6c9ac05,2026-09-24T02:01:01Z,2026-09-24T01:05:00+00:00,2026-09-24T01:10:00+00:00,5
semo_pub_5minimbalprc_202609240110,SEMO,PUB_5MinImbalPrc,2026,https://reports.sem-o.com/documents/PUB_5MinImbalPrc_202609240110.xml,semo/market_signals/PUB_5MinImbalPrc/2026/09/PUB_5MinImbalPrc_202609240110.xml,Review the SEMO open-data terms and disclaimer before redistribution.,semo-market-v1,data/raw/semo/market_signals/PUB_5MinImbalPrc/2026/09/PUB_5MinImbalPrc_202609240110.xml,723,e435dc92243b25938fe549df456b6a8f3aa71edda48a82eebaafd046e2c4fe67,2026-09-24T02:01:01Z,2026-09-24T01:10:00+00:00,2026-09-24T01:15:00+00:00,5
semo_pub_5minimbalprc_202609240115,SEMO,PUB_5MinImbalPrc,2026,https://reports.sem-o.com/documents/PUB_5MinImbalPrc_202609240115.xml,semo/market_signals/PUB_5MinImbalPrc/2026/09/PUB_5MinImbalPrc_202609240115.xml,Review the SEMO open-data terms and disclaimer before redistribution.,semo-market-v1,data/raw/semo/market_signals/PUB_5MinImbalPrc/2026/09/PUB_5MinImbalPrc_202609240115.xml,721,1be90789ab5b23ffe20484f51cec64f2bcffd4deea39513e7ab468e053abb2d6,2026-09-24T02:01:01Z,2026-09-24T01:15:00+00:00,2026-09-24T01:20:00+00:00,5
semo_pub_5minimbalprc_202609240120,SEMO,PUB_5MinImbalPrc,2026,https://reports.sem-o.com/documents/PUB_5MinImbalPrc_202609240120.xml,semo/market_signals/PUB_5MinImbalPrc/2026/09/PUB_5MinImbalPrc_202609240120.xml,Review the SEMO open-data terms and disclaimer before redistribution.,semo-market-v1,data/raw/semo/market_signals/PUB_5MinImbalPrc/2026/09/PUB_5MinImbalPrc_202609240120.xml,715,fcd479b5264edb6e33e9ee3c7ff9f6f762169468dc9097215ed7c772156064e4,2026-09-24T02:16:14Z,2026-09-24T01:20:00+00:00,2026-09-24T01:25:00+00:00,5
semo_pub_5minimbalprc_202609240125,SEMO,PUB_5MinImbalPrc,2026,https://reports.sem-o.com/documents/PUB_5MinImbalPrc_202609240125.xml,semo/market_signals/PUB_5MinImbalPrc/2026/09/PUB_5MinImbalPrc_202609240125.xml,Review the SEMO open-data terms and disclaimer before redistribution.,semo-market-v1,data/raw/semo/market_signals/PUB_5MinImbalPrc/2026/09/PUB_5MinImbalPrc_202609240125.xml,718,dceca0ee620eb2fdf21f52e3300c53855edb059dde41862344fb4b6c48a660b7,2026-09-24T02:16:14Z,2026-09-24T01:25:00+00:00,2026-09-24T01:30:00+00:00,5
semo_pub_dailyintconntc_202609230600,SEMO,PUB_DailyIntconNTC,2026,https://reports.sem-o.com/documents/PUB_DailyIntconNTC_202609230600.xml,semo/market_signals/PUB_DailyIntconNTC/2026/09/PUB_DailyIntconNTC_202609230600.xml,Review the SEMO open-data terms and disclaimer before redistribution.,semo-market-v1,data/raw/semo/market_signals/PUB_DailyIntconNTC/2026/09/PUB_DailyIntconNTC_202609230600.xml,46632,3f4a92e8a7691d38b5f8e56526a4e95fb4a83df9a543d92f8fe3e1bba04d0648,2026-09-23T22:39:55Z,2026-09-22T22:00:00+00:00,2026-09-25T22:00:00+00:00,432
semo_pub_dailyloadfcst_202609222305,SEMO,PUB_DailyLoadFcst,2026,https://reports.sem-o.com/documents/PUB_DailyLoadFcst_202609222305.xml,semo/market_signals/PUB_DailyLoadFcst/2026/09/PUB_DailyLoadFcst_202609222305.xml,Review the SEMO open-data terms and disclaimer before redistribution.,semo-market-v1,data/raw/semo/market_signals/PUB_DailyLoadFcst/2026/09/PUB_DailyLoadFcst_202609222305.xml,53631,7ab880769ca5a779eace593c6168abf50f7a5aff5aa96ef5cc573f4c755ac9dd,2026-09-23T22:39:11Z,2026-09-22T22:00:00+00:00,2026-09-25T22:00:00+00:00,432
semo_pub_dailyloadfcst_202609222315,SEMO,PUB_DailyLoadFcst,2026,https://reports.sem-o.com/documents/PUB_DailyLoadFcst_202609222315.xml,semo/market_signals/PUB_DailyLoadFcst/2026/09/PUB_DailyLoadFcst_202609222315.xml,Review the SEMO open-data terms and disclaimer before redistribution.,semo-market-v1,data/raw/semo/market_signals/PUB_DailyLoadFcst/2026/09/PUB_DailyLoadFcst_202609222315.xml,53631,cc8e36f9d1f5571f349cb5830d10ae421498a088a25c5360d97905c3f9a037c9,2026-09-23T22:39:11Z,2026-09-22T22:00:00+00:00,2026-09-25T22:00:00+00:00,432
semo_pub_dailyloadfcst_202609222320,SEMO,PUB_DailyLoadFcst,2026,https://reports.sem-o.com/documents/PUB_DailyLoadFcst_202609222320.xml,semo/market_signals/PUB_DailyLoadFcst/2026/09/PUB_DailyLoadFcst_202609222320.xml,Review the SEMO open-data terms and disclaimer before redistribution.,semo-market-v1,data/raw/semo/market_signals/PUB_DailyLoadFcst/2026/09/PUB_DailyLoadFcst_202609222320.xml,53631,9bb748f50d70e51968eb9072ca74b5bfbec57903bb62df17a10c9b3bc4ed2984,2026-09-23T22:39:11Z,2026-09-22T22:00:00+00:00,2026-09-25T22:00:00+00:00,432
semo_pub_dailyloadfcst_202609222330,SEMO,PUB_DailyLoadFcst,2026,https://reports.sem-o.com/documents/PUB_DailyLoadFcst_202609222330.xml,semo/market_signals/PUB_DailyLoadFcst/2026/09/PUB_DailyLoadFcst_202609222330.xml,Review the SEMO open-data terms and disclaimer before redistribution.,semo-market-v1,data/raw/semo/market_signals/PUB_DailyLoadFcst/2026/09/PUB_DailyLoadFcst_202609222330.xml,53631,79b2ad718073fec47d6a99009223444755be037c4d3b4c86c275f00c37bf2eb4,2026-09-23T22:39:11Z,2026-09-22T22:00:00+00:00,2026-09-25T22:00:00+00:00,432
semo_pub_dailyloadfcst_202609222335,SEMO,PUB_DailyLoadFcst,2026,https://reports.sem-o.com/documents/PUB_DailyLoadFcst_202609222335.xml,semo/market_signals/PUB_DailyLoadFcst/2026/09/PUB_DailyLoadFcst_202609222335.xml,Review the SEMO open-data terms and disclaimer before redistribution.,semo-market-v1,data/raw/semo/market_signals/PUB_DailyLoadFcst/2026/09/PUB_DailyLoadFcst_202609222335.xml,53631,c517a3960f7e5db21d1281df506221bba78b55975a1c54ee7766d99c4aed0b1b,2026-09-23T22:39:11Z,2026-09-22T22:00:00+00:00,2026-09-25T22:00:00+00:00,432
semo_pub_dailyloadfcst_202609222345,SEMO,PUB_DailyLoadFcst,2026,https://reports.sem-o.com/documents/PUB_DailyLoadFcst_202609222345.xml,semo/market_signals/PUB_DailyLoadFcst/2026/09/PUB_DailyLoadFcst_202609222345.xml,Review the SEMO open-data terms and disclaimer before redistribution.,semo-market-v1,data/raw/semo/market_signals/PUB_DailyLoadFcst/2026/09/PUB_DailyLoadFcst_202609222345.xml,53631,81fe87ea634a1443e2c8efc42033ca0b84531c241ef8f8c0288b1d8c3470a06f,2026-09-23T22:39:11Z,2026-09-22T22:00:00+00:00,2026-09-25T22:00:00+00:00,432
semo_pub_dailyloadfcst_202609222350,SEMO,PUB_DailyLoadFcst,2026,https://reports.sem-o.com/documents/PUB_DailyLoadFcst_202609222350.xml,semo/market_signals/PUB_DailyLoadFcst/2026/09/PUB_DailyLoadFcst_202609222350.xml,Review the SEMO open-data terms and disclaimer before redistribution.,semo-market-v1,data/raw/semo/market_signals/PUB_DailyLoadFcst/2026/09/PUB_DailyLoadFcst_202609222350.xml,53631,fa4ec0f91de38d1a19353f5d668c8d9b145e47bd5ea1c797bd5af28588f48698,2026-09-23T22:39:11Z,2026-09-22T22:00:00+00:00,2026-09-25T22:00:00+00:00,432
semo_pub_dailyloadfcst_202609230000,SEMO,PUB_DailyLoadFcst,2026,https://reports.sem-o.com/documents/PUB_DailyLoadFcst_202609230000.xml,semo/market_signals/PUB_DailyLoadFcst/2026/09/PUB_DailyLoadFcst_202609230000.xml,Review the SEMO open-data terms and disclaimer before redistribution.,semo-market-v1,data/raw/semo/market_signals/PUB_DailyLoadFcst/2026/09/PUB_DailyLoadFcst_202609230000.xml,53631,f37bb0600f7d2995687641024c7b7e65bd860efa275c9305d470260b736a46a8,2026-09-23T22:39:11Z,2026-09-22T22:00:00+00:00,2026-09-25T22:00:00+00:00,432
semo_pub_dailyloadfcst_202609230005,SEMO,PUB_DailyLoadFcst,2026,https://reports.sem-o.com/documents/PUB_DailyLoadFcst_202609230005.xml,semo/market_signals/PUB_DailyLoadFcst/2026/09/PUB_DailyLoadFcst_202609230005.xml,Review the SEMO open-data terms and disclaimer before redistribution.,semo-market-v1,data/raw/semo/market_signals/PUB_DailyLoadFcst/2026/09/PUB_DailyLoadFcst_202609230005.xml,53631,59febbe1db5061f2100ada86c5ba3fd9ddad5e523cbec6c4093f7bdbad35e7a2,2026-09-23T22:39:11Z,2026-09-22T22:00:00+00:00,2026-09-25T22:00:00+00:00,432
semo_pub_dailyloadfcst_202609230015,SEMO,PUB_DailyLoadFcst,2026,https://reports.sem-o.com/documents/PUB_DailyLoadFcst_202609230015.xml,semo/market_signals/PUB_DailyLoadFcst/2026/09/PUB_DailyLoadFcst_202609230015.xml,Review the SEMO open-data terms and disclaimer before redistribution.,semo-market-v1,data/raw/semo/market_signals/PUB_DailyLoadFcst/2026/09/PUB_DailyLoadFcst_202609230015.xml,53631,5b28056f7f4b0e195931055efe5ffc7ded733b4f23895583a3ee60caf0603789,2026-09-23T22:39:11Z,2026-09-22T22:00:00+00:00,2026-09-25T22:00:00+00:00,432
semo_pub_dailyloadfcst_202609230020,SEMO,PUB_DailyLoadFcst,2026,https://reports.sem-o.com/documents/PUB_DailyLoadFcst_202609230020.xml,semo/market_signals/PUB_DailyLoadFcst/2026/09/PUB_DailyLoadFcst_202609230020.xml,Review the SEMO open-data terms and disclaimer before redistribution.,semo-market-v1,data/raw/semo/market_signals/PUB_DailyLoadFcst/2026/09/PUB_DailyLoadFcst_202609230020.xml,53631,e782381bfa7e81f785e9e154a5fe21ddbca4bfcb5e461a44441040560c2ccce9,2026-09-23T22:39:11Z,2026-09-22T22:00:00+00:00,2026-09-25T22:00:00+00:00,432
semo_pub_dailyloadfcst_202609230030,SEMO,PUB_DailyLoadFcst,2026,https://reports.sem-o.com/documents/PUB_DailyLoadFcst_202609230030.xml,semo/market_signals/PUB_DailyLoadFcst/2026/09/PUB_DailyLoadFcst_202609230030.xml,Review the SEMO open-data terms and disclaimer before redistribution.,semo-market-v1,data/raw/semo/market_signals/PUB_DailyLoadFcst/2026/09/PUB_DailyLoadFcst_202609230030.xml,53631,d9c3d5190775937c0b15381cd166a28bd21d2a68f0a1b5f3fe8d13dc5a752a3a,2026-09-23T22:39:11Z,2026-09-22T22:00:00+00:00,2026-09-25T22:00:00+00:00,432
semo_pub_dailyloadfcst_202609230035,SEMO,PUB_DailyLoadFcst,2026,https://reports.sem-o.com/documents/PUB_DailyLoadFcst_202609230035.xml,semo/market_signals/PUB_DailyLoadFcst/2026/09/PUB_DailyLoadFcst_202609230035.xml,Review the SEMO open-data terms and disclaimer before redistribution.,semo-market-v1,data/raw/semo/market_signals/PUB_DailyLoadFcst/2026/09/PUB_DailyLoadFcst_202609230035.xml,53631,96c763546c0ce944582be0393ccc2a0137c40be31242961a8a81324b67063b25,2026-09-23T22:39:11Z,2026-09-22T22:00:00+00:00,2026-09-25T22:00:00+00:00,432
semo_pub_dailyloadfcst_202609230045,SEMO,PUB_DailyLoadFcst,2026,https://reports.sem-o.com/documents/PUB_DailyLoadFcst_202609230045.xml,semo/market_signals/PUB_DailyLoadFcst/2026/09/PUB_DailyLoadFcst_202609230045.xml,Review the SEMO open-data terms and disclaimer before redistribution.,semo-market-v1,data/raw/semo/market_signals/PUB_DailyLoadFcst/2026/09/PUB_DailyLoadFcst_202609230045.xml,53631,f4ba49f21138b8b8a6c7e5db65a1c9289266dcdc23e482c03aa37713d335f00c,2026-09-23T22:39:11Z,2026-09-22T22:00:00+00:00,2026-09-25T22:00:00+00:00,432
semo_pub_dailyloadfcst_202609230050,SEMO,PUB_DailyLoadFcst,2026,https://reports.sem-o.com/documents/PUB_DailyLoadFcst_202609230050.xml,semo/market_signals/PUB_DailyLoadFcst/2026/09/PUB_DailyLoadFcst_202609230050.xml,Review the SEMO open-data terms and disclaimer before redistribution.,semo-market-v1,data/raw/semo/market_signals/PUB_DailyLoadFcst/2026/09/PUB_DailyLoadFcst_202609230050.xml,53631,61000f7fc1e38e512ec1641f5f18b8b97b527059865fa328b09d33153a333b60,2026-09-23T22:39:11Z,2026-09-22T22:00:00+00:00,2026-09-25T22:00:00+00:00,432
semo_pub_dailyloadfcst_202609230100,SEMO,PUB_DailyLoadFcst,2026,https://reports.sem-o.com/documents/PUB_DailyLoadFcst_202609230100.xml,semo/market_signals/PUB_DailyLoadFcst/2026/09/PUB_DailyLoadFcst_202609230100.xml,Review the SEMO open-data terms and disclaimer before redistribution.,semo-market-v1,data/raw/semo/market_signals/PUB_DailyLoadFcst/2026/09/PUB_DailyLoadFcst_202609230100.xml,66975,351802ba9cd728d1a41507aa8e860dce10ee66dd8f7c1be420c809aa2efaef26,2026-09-23T22:39:11Z,2026-09-22T22:00:00+00:00,2026-09-26T22:00:00+00:00,480
semo_pub_dailyloadfcst_202609230105,SEMO,PUB_DailyLoadFcst,2026,https://reports.sem-o.com/documents/PUB_DailyLoadFcst_202609230105.xml,semo/market_signals/PUB_DailyLoadFcst/2026/09/PUB_DailyLoadFcst_202609230105.xml,Review the SEMO open-data terms and disclaimer before redistribution.,semo-market-v1,data/raw/semo/market_signals/PUB_DailyLoadFcst/2026/09/PUB_DailyLoadFcst_202609230105.xml,71439,29e6ea9d69ee913cf567eaa9733845dd827a755ea3dd2e53f2f442c3e42dc07c,2026-09-23T22:39:11Z,2026-09-22T22:00:00+00:00,2026-09-26T22:00:00+00:00,576
semo_pub_dailyloadfcst_202609230115,SEMO,PUB_DailyLoadFcst,2026,https://reports.sem-o.com/documents/PUB_DailyLoadFcst_202609230115.xml,semo/market_signals/PUB_DailyLoadFcst/2026/09/PUB_DailyLoadFcst_202609230115.xml,Review the SEMO open-data terms and disclaimer before redistribution.,semo-market-v1,data/raw/semo/market_signals/PUB_DailyLoadFcst/2026/09/PUB_DailyLoadFcst_202609230115.xml,71439,2b895667c147a77b45f30b7a450ca2ac7e32033cf3c0e18945447119aef0bd08,2026-09-23T22:39:11Z,2026-09-22T22:00:00+00:00,2026-09-26T22:00:00+00:00,576
semo_pub_dailyloadfcst_202609230120,SEMO,PUB_DailyLoadFcst,2026,https://reports.sem-o.com/documents/PUB_DailyLoadFcst_202609230120.xml,semo/market_signals/PUB_DailyLoadFcst/2026/09/PUB_DailyLoadFcst_202609230120.xml,Review the SEMO open-data terms and disclaimer before redistribution.,semo-market-v1,data/raw/semo/market_signals/PUB_DailyLoadFcst/2026/09/PUB_DailyLoadFcst_202609230120.xml,71439,66cf4810c0aacb1bf3aed10125987182af5c81895d4bfc3291d738b48d513ce7,2026-09-23T22:39:11Z,2026-09-22T22:00:00+00:00,2026-09-26T22:00:00+00:00,576
semo_pub_dailyloadfcst_202609230130,SEMO,PUB_DailyLoadFcst,2026,https://reports.sem-o.com/documents/PUB_DailyLoadFcst_202609230130.xml,semo/market_signals/PUB_DailyLoadFcst/2026/09/PUB_DailyLoadFcst_202609230130.xml,Review the SEMO open-data terms and disclaimer before redistribution.,semo-market-v1,data/raw/semo/market_signals/PUB_DailyLoadFcst/2026/09/PUB_DailyLoadFcst_202609230130.xml,71439,ec493317ac37be7819f3ba504fa9b84bc024b8abbebdacf01bc1785f6ddd5755,2026-09-23T22:39:11Z,2026-09-22T22:00:00+00:00,2026-09-26T22:00:00+00:00,576
semo_pub_dailyloadfcst_202609230135,SEMO,PUB_DailyLoadFcst,2026,https://reports.sem-o.com/documents/PUB_DailyLoadFcst_202609230135.xml,semo/market_signals/PUB_DailyLoadFcst/2026/09/PUB_DailyLoadFcst_202609230135.xml,Review the SEMO open-data terms and disclaimer before redistribution.,semo-market-v1,data/raw/semo/market_signals/PUB_DailyLoadFcst/2026/09/PUB_DailyLoadFcst_202609230135.xml,71439,f752b62bd090d086550ad201ca35a80860579b8f52ec7d663642ec60c1ee9629,2026-09-23T22:39:11Z,2026-09-22T22:00:00+00:00,2026-09-26T22:00:00+00:00,576
semo_pub_dailyloadfcst_202609230145,SEMO,PUB_DailyLoadFcst,2026,https://reports.sem-o.com/documents/PUB_DailyLoadFcst_202609230145.xml,semo/market_signals/PUB_DailyLoadFcst/2026/09/PUB_DailyLoadFcst_202609230145.xml,Review the SEMO open-data terms and disclaimer before redistribution.,semo-market-v1,data/raw/semo/market_signals/PUB_DailyLoadFcst/2026/09/PUB_DailyLoadFcst_202609230145.xml,71439,ba9181306b8ee699b02950f5780a3b9374a0df07108da9b64bfc2cde3e37f64a,2026-09-23T22:39:11Z,2026-09-22T22:00:00+00:00,2026-09-26T22:00:00+00:00,576
semo_pub_dailyloadfcst_202609230150,SEMO,PUB_DailyLoadFcst,2026,https://reports.sem-o.com/documents/PUB_DailyLoadFcst_202609230150.xml,semo/market_signals/PUB_DailyLoadFcst/2026/09/PUB_DailyLoadFcst_202609230150.xml,Review the SEMO open-data terms and disclaimer before redistribution.,semo-market-v1,data/raw/semo/market_signals/PUB_DailyLoadFcst/2026/09/PUB_DailyLoadFcst_202609230150.xml,71439,fdec65ff698b712f7ffc03757dfb4bceed737512c6b88c2a6039b84cc2727210,2026-09-23T22:39:11Z,2026-09-22T22:00:00+00:00,2026-09-26T22:00:00+00:00,576
semo_pub_dailyloadfcst_202609230200,SEMO,PUB_DailyLoadFcst,2026,https://reports.sem-o.com/documents/PUB_DailyLoadFcst_202609230200.xml,semo/market_signals/PUB_DailyLoadFcst/2026/09/PUB_DailyLoadFcst_202609230200.xml,Review the SEMO open-data terms and disclaimer before redistribution.,semo-market-v1,data/raw/semo/market_signals/PUB_DailyLoadFcst/2026/09/PUB_DailyLoadFcst_202609230200.xml,71439,89e0ec3c3b41372d23085c1cd869a3df51b41814242a1c051be704109237afe4,2026-09-23T22:39:11Z,2026-09-22T22:00:00+00:00,2026-09-26T22:00:00+00:00,576
semo_pub_dailyloadfcst_202609230205,SEMO,PUB_DailyLoadFcst,2026,https://reports.sem-o.com/documents/PUB_DailyLoadFcst_202609230205.xml,semo/market_signals/PUB_DailyLoadFcst/2026/09/PUB_DailyLoadFcst_202609230205.xml,Review the SEMO open-data terms and disclaimer before redistribution.,semo-market-v1,data/raw/semo/market_signals/PUB_DailyLoadFcst/2026/09/PUB_DailyLoadFcst_202609230205.xml,71439,0e0f656527bc210f883e4f5be1a912fc8f97f17f295f17b7b4890793ab25e303,2026-09-23T22:39:11Z,2026-09-22T22:00:00+00:00,2026-09-26T22:00:00+00:00,576
semo_pub_dailyloadfcst_202609230215,SEMO,PUB_DailyLoadFcst,2026,https://reports.sem-o.com/documents/PUB_DailyLoadFcst_202609230215.xml,semo/market_signals/PUB_DailyLoadFcst/2026/09/PUB_DailyLoadFcst_202609230215.xml,Review the SEMO open-data terms and disclaimer before redistribution.,semo-market-v1,data/raw/semo/market_signals/PUB_DailyLoadFcst/2026/09/PUB_DailyLoadFcst_202609230215.xml,71439,2d3e8e0bb5fa2f9de00567f0692112eae93656d59cd2718dddcb10aaa756d84f,2026-09-23T22:39:11Z,2026-09-22T22:00:00+00:00,2026-09-26T22:00:00+00:00,576
semo_pub_dailyloadfcst_202609230220,SEMO,PUB_DailyLoadFcst,2026,https://reports.sem-o.com/documents/PUB_DailyLoadFcst_202609230220.xml,semo/market_signals/PUB_DailyLoadFcst/2026/09/PUB_DailyLoadFcst_202609230220.xml,Review the SEMO open-data terms and disclaimer before redistribution.,semo-market-v1,data/raw/semo/market_signals/PUB_DailyLoadFcst/2026/09/PUB_DailyLoadFcst_202609230220.xml,71439,6df16acc9688b1075db2e64d9aada7d8b4d32e557ca899f77880af9c146f3fca,2026-09-23T22:39:12Z,2026-09-22T22:00:00+00:00,2026-09-26T22:00:00+00:00,576
semo_pub_dailyloadfcst_202609230230,SEMO,PUB_DailyLoadFcst,2026,https://reports.sem-o.com/documents/PUB_DailyLoadFcst_202609230230.xml,semo/market_signals/PUB_DailyLoadFcst/2026/09/PUB_DailyLoadFcst_202609230230.xml,Review the SEMO open-data terms and disclaimer before redistribution.,semo-market-v1,data/raw/semo/market_signals/PUB_DailyLoadFcst/2026/09/PUB_DailyLoadFcst_202609230230.xml,71439,38ccc0a1c7f0bc61ec9d9a59e1873e7ddee19c6e08666e10d0bb097732960dd3,2026-09-23T22:39:11Z,2026-09-22T22:00:00+00:00,2026-09-26T22:00:00+00:00,576
semo_pub_dailyloadfcst_202609230235,SEMO,PUB_DailyLoadFcst,2026,https://reports.sem-o.com/documents/PUB_DailyLoadFcst_202609230235.xml,semo/market_signals/PUB_DailyLoadFcst/2026/09/PUB_DailyLoadFcst_202609230235.xml,Review the SEMO open-data terms and disclaimer before redistribution.,semo-market-v1,data/raw/semo/market_signals/PUB_DailyLoadFcst/2026/09/PUB_DailyLoadFcst_202609230235.xml,71439,665f38addbd6a094f266f8d12ce00b618c7cef346a62c0da5e6395da9e75fdda,2026-09-23T22:39:11Z,2026-09-22T22:00:00+00:00,2026-09-26T22:00:00+00:00,576
semo_pub_dailyloadfcst_202609230245,SEMO,PUB_DailyLoadFcst,2026,https://reports.sem-o.com/documents/PUB_DailyLoadFcst_202609230245.xml,semo/market_signals/PUB_DailyLoadFcst/2026/09/PUB_DailyLoadFcst_202609230245.xml,Review the SEMO open-data terms and disclaimer before redistribution.,semo-market-v1,data/raw/semo/market_signals/PUB_DailyLoadFcst/2026/09/PUB_DailyLoadFcst_202609230245.xml,71439,f66d3fe83149486cea4b8f067eb4315df6276f372be88200711e8b7de7b1c6f4,2026-09-23T22:39:12Z,2026-09-22T22:00:00+00:00,2026-09-26T22:00:00+00:00,576
semo_pub_dailyloadfcst_202609230250,SEMO,PUB_DailyLoadFcst,2026,https://reports.sem-o.com/documents/PUB_DailyLoadFcst_202609230250.xml,semo/market_signals/PUB_DailyLoadFcst/2026/09/PUB_DailyLoadFcst_202609230250.xml,Review the SEMO open-data terms and disclaimer before redistribution.,semo-market-v1,data/raw/semo/market_signals/PUB_DailyLoadFcst/2026/09/PUB_DailyLoadFcst_202609230250.xml,71439,a77c69d592519a0d7aa24c9641bf4553b377b714e6a2c2ab5da0b8ecadb4e58a,2026-09-23T22:39:12Z,2026-09-22T22:00:00+00:00,2026-09-26T22:00:00+00:00,576
semo_pub_dailyloadfcst_202609230300,SEMO,PUB_DailyLoadFcst,2026,https://reports.sem-o.com/documents/PUB_DailyLoadFcst_202609230300.xml,semo/market_signals/PUB_DailyLoadFcst/2026/09/PUB_DailyLoadFcst_202609230300.xml,Review the SEMO open-data terms and disclaimer before redistribution.,semo-market-v1,data/raw/semo/market_signals/PUB_DailyLoadFcst/2026/09/PUB_DailyLoadFcst_202609230300.xml,71439,aa5e2c2d819576039532b054340ef2c4dea58675fd315cab2c95d6c25471889f,2026-09-23T22:39:11Z,2026-09-22T22:00:00+00:00,2026-09-26T22:00:00+00:00,576
semo_pub_dailyloadfcst_202609230305,SEMO,PUB_DailyLoadFcst,2026,https://reports.sem-o.com/documents/PUB_DailyLoadFcst_202609230305.xml,semo/market_signals/PUB_DailyLoadFcst/2026/09/PUB_DailyLoadFcst_202609230305.xml,Review the SEMO open-data terms and disclaimer before redistribution.,semo-market-v1,data/raw/semo/market_signals/PUB_DailyLoadFcst/2026/09/PUB_DailyLoadFcst_202609230305.xml,71439,5d41e44e19161119b064797c365ad92f5767035991c7f7aad546e366070e48dc,2026-09-23T22:39:11Z,2026-09-22T22:00:00+00:00,2026-09-26T22:00:00+00:00,576
semo_pub_dailyloadfcst_202609230315,SEMO,PUB_DailyLoadFcst,2026,https://reports.sem-o.com/documents/PUB_DailyLoadFcst_202609230315.xml,semo/market_signals/PUB_DailyLoadFcst/2026/09/PUB_DailyLoadFcst_202609230315.xml,Review the SEMO open-data terms and disclaimer before redistribution.,semo-market-v1,data/raw/semo/market_signals/PUB_DailyLoadFcst/2026/09/PUB_DailyLoadFcst_202609230315.xml,71439,2a262fd31857105c82576b170e5a68b7ce34ee5b21abbcc4d5471e81e3b7798c,2026-09-23T22:39:11Z,2026-09-22T22:00:00+00:00,2026-09-26T22:00:00+00:00,576
semo_pub_dailyloadfcst_202609230320,SEMO,PUB_DailyLoadFcst,2026,https://reports.sem-o.com/documents/PUB_DailyLoadFcst_202609230320.xml,semo/market_signals/PUB_DailyLoadFcst/2026/09/PUB_DailyLoadFcst_202609230320.xml,Review the SEMO open-data terms and disclaimer before redistribution.,semo-market-v1,data/raw/semo/market_signals/PUB_DailyLoadFcst/2026/09/PUB_DailyLoadFcst_202609230320.xml,71439,27b8ba0ef7b97337dd10773c2deb4f8089783026cc650c8b0ae78b5f042978c6,2026-09-23T22:39:12Z,2026-09-22T22:00:00+00:00,2026-09-26T22:00:00+00:00,576
semo_pub_dailyloadfcst_202609230330,SEMO,PUB_DailyLoadFcst,2026,https://reports.sem-o.com/documents/PUB_DailyLoadFcst_202609230330.xml,semo/market_signals/PUB_DailyLoadFcst/2026/09/PUB_DailyLoadFcst_202609230330.xml,Review the SEMO open-data terms and disclaimer before redistribution.,semo-market-v1,data/raw/semo/market_signals/PUB_DailyLoadFcst/2026/09/PUB_DailyLoadFcst_202609230330.xml,71439,6f43e5649705f2af72c11dcfe64b965c89413ae144e352017aef564492e26f1b,2026-09-23T22:39:12Z,2026-09-22T22:00:00+00:00,2026-09-26T22:00:00+00:00,576
semo_pub_dailyloadfcst_202609230335,SEMO,PUB_DailyLoadFcst,2026,https://reports.sem-o.com/documents/PUB_DailyLoadFcst_202609230335.xml,semo/market_signals/PUB_DailyLoadFcst/2026/09/PUB_DailyLoadFcst_202609230335.xml,Review the SEMO open-data terms and disclaimer before redistribution.,semo-market-v1,data/raw/semo/market_signals/PUB_DailyLoadFcst/2026/09/PUB_DailyLoadFcst_202609230335.xml,71439,d737e51a8e07050da07ffa736d6651433dcd44cb37ccd88bc0c4f8d705e9a334,2026-09-23T22:39:12Z,2026-09-22T22:00:00+00:00,2026-09-26T22:00:00+00:00,576
semo_pub_dailyloadfcst_202609230345,SEMO,PUB_DailyLoadFcst,2026,https://reports.sem-o.com/documents/PUB_DailyLoadFcst_202609230345.xml,semo/market_signals/PUB_DailyLoadFcst/2026/09/PUB_DailyLoadFcst_202609230345.xml,Review the SEMO open-data terms and disclaimer before redistribution.,semo-market-v1,data/raw/semo/market_signals/PUB_DailyLoadFcst/2026/09/PUB_DailyLoadFcst_202609230345.xml,71439,f5ec77f32adf9225d3e9554fab59450e494df3a15b2126bf392a3a586e559f46,2026-09-23T22:39:12Z,2026-09-22T22:00:00+00:00,2026-09-26T22:00:00+00:00,576
semo_pub_dailyloadfcst_202609230350,SEMO,PUB_DailyLoadFcst,2026,https://reports.sem-o.com/documents/PUB_DailyLoadFcst_202609230350.xml,semo/market_signals/PUB_DailyLoadFcst/2026/09/PUB_DailyLoadFcst_202609230350.xml,Review the SEMO open-data terms and disclaimer before redistribution.,semo-market-v1,data/raw/semo/market_signals/PUB_DailyLoadFcst/2026/09/PUB_DailyLoadFcst_202609230350.xml,71439,f99ea9ca66ba2107bfd80daf89664d3476e31c5f969c793da4344614e9bdd741,2026-09-23T22:39:11Z,2026-09-22T22:00:00+00:00,2026-09-26T22:00:00+00:00,576
semo_pub_dailyloadfcst_202609230400,SEMO,PUB_DailyLoadFcst,2026,https://reports.sem-o.com/documents/PUB_DailyLoadFcst_202609230400.xml,semo/market_signals/PUB_DailyLoadFcst/2026/09/PUB_DailyLoadFcst_202609230400.xml,Review the SEMO open-data terms and disclaimer before redistribution.,semo-market-v1,data/raw/semo/market_signals/PUB_DailyLoadFcst/2026/09/PUB_DailyLoadFcst_202609230400.xml,71439,dc1b8a824de54ba5b647bc22313515eeded501b68478967b8afec34d0acede15,2026-09-23T22:39:12Z,2026-09-22T22:00:00+00:00,2026-09-26T22:00:00+00:00,576
semo_pub_dailyloadfcst_202609230405,SEMO,PUB_DailyLoadFcst,2026,https://reports.sem-o.com/documents/PUB_DailyLoadFcst_202609230405.xml,semo/market_signals/PUB_DailyLoadFcst/2026/09/PUB_DailyLoadFcst_202609230405.xml,Review the SEMO open-data terms and disclaimer before redistribution.,semo-market-v1,data/raw/semo/market_signals/PUB_DailyLoadFcst/2026/09/PUB_DailyLoadFcst_202609230405.xml,71439,0a2133ca8ff8eaa9eb29f7a4150b93fa75e3d430a1fbaf80150892af1fa4c56c,2026-09-23T22:39:12Z,2026-09-22T22:00:00+00:00,2026-09-26T22:00:00+00:00,576
semo_pub_dailyloadfcst_202609230415,SEMO,PUB_DailyLoadFcst,2026,https://reports.sem-o.com/documents/PUB_DailyLoadFcst_202609230415.xml,semo/market_signals/PUB_DailyLoadFcst/2026/09/PUB_DailyLoadFcst_202609230415.xml,Review the SEMO open-data terms and disclaimer before redistribution.,semo-market-v1,data/raw/semo/market_signals/PUB_DailyLoadFcst/2026/09/PUB_DailyLoadFcst_202609230415.xml,71439,87307690efbd9ae468598b8867626b8aac08845b130f4ef490a960b6c3b08925,2026-09-23T22:39:12Z,2026-09-22T22:00:00+00:00,2026-09-26T22:00:00+00:00,576
semo_pub_dailyloadfcst_202609230420,SEMO,PUB_DailyLoadFcst,2026,https://reports.sem-o.com/documents/PUB_DailyLoadFcst_202609230420.xml,semo/market_signals/PUB_DailyLoadFcst/2026/09/PUB_DailyLoadFcst_202609230420.xml,Review the SEMO open-data terms and disclaimer before redistribution.,semo-market-v1,data/raw/semo/market_signals/PUB_DailyLoadFcst/2026/09/PUB_DailyLoadFcst_202609230420.xml,71439,c1021f1530a12241d1ef8ff29d85a9a141331aa7ae48c432a7a0c0b8e30a1544,2026-09-23T22:39:12Z,2026-09-22T22:00:00+00:00,2026-09-26T22:00:00+00:00,576
semo_pub_dailyloadfcst_202609230430,SEMO,PUB_DailyLoadFcst,2026,https://reports.sem-o.com/documents/PUB_DailyLoadFcst_202609230430.xml,semo/market_signals/PUB_DailyLoadFcst/2026/09/PUB_DailyLoadFcst_202609230430.xml,Review the SEMO open-data terms and disclaimer before redistribution.,semo-market-v1,data/raw/semo/market_signals/PUB_DailyLoadFcst/2026/09/PUB_DailyLoadFcst_202609230430.xml,71439,af9ec0b1a61dbdf7dfa190cc116cf9d70c729a0a698ed293c3fe18184b1cc500,2026-09-23T22:39:12Z,2026-09-22T22:00:00+00:00,2026-09-26T22:00:00+00:00,576
semo_pub_dailyloadfcst_202609230435,SEMO,PUB_DailyLoadFcst,2026,https://reports.sem-o.com/documents/PUB_DailyLoadFcst_202609230435.xml,semo/market_signals/PUB_DailyLoadFcst/2026/09/PUB_DailyLoadFcst_202609230435.xml,Review the SEMO open-data terms and disclaimer before redistribution.,semo-market-v1,data/raw/semo/market_signals/PUB_DailyLoadFcst/2026/09/PUB_DailyLoadFcst_202609230435.xml,71439,cf17098903f4edc7e4c88d7ed6b1b2122ffe0945cdaae85c33deaff9fb0cac9e,2026-09-23T22:39:12Z,2026-09-22T22:00:00+00:00,2026-09-26T22:00:00+00:00,576
semo_pub_dailyloadfcst_202609230445,SEMO,PUB_DailyLoadFcst,2026,https://reports.sem-o.com/documents/PUB_DailyLoadFcst_202609230445.xml,semo/market_signals/PUB_DailyLoadFcst/2026/09/PUB_DailyLoadFcst_202609230445.xml,Review the SEMO open-data terms and disclaimer before redistribution.,semo-market-v1,data/raw/semo/market_signals/PUB_DailyLoadFcst/2026/09/PUB_DailyLoadFcst_202609230445.xml,71439,1d3e8dc3b943d0b0f5e5ce3f6c6786a1edf7c855840455656c02f1fdcf784d8f,2026-09-23T22:39:12Z,2026-09-22T22:00:00+00:00,2026-09-26T22:00:00+00:00,576
semo_pub_dailyloadfcst_202609230450,SEMO,PUB_DailyLoadFcst,2026,https://reports.sem-o.com/documents/PUB_DailyLoadFcst_202609230450.xml,semo/market_signals/PUB_DailyLoadFcst/2026/09/PUB_DailyLoadFcst_202609230450.xml,Review the SEMO open-data terms and disclaimer before redistribution.,semo-market-v1,data/raw/semo/market_signals/PUB_DailyLoadFcst/2026/09/PUB_DailyLoadFcst_202609230450.xml,71439,64107b7d7bb94a018490ccb741773bbdbadba88de42a90f1a7cca28c0e3b9138,2026-09-23T22:39:12Z,2026-09-22T22:00:00+00:00,2026-09-26T22:00:00+00:00,576
semo_pub_dailyloadfcst_202609230500,SEMO,PUB_DailyLoadFcst,2026,https://reports.sem-o.com/documents/PUB_DailyLoadFcst_202609230500.xml,semo/market_signals/PUB_DailyLoadFcst/2026/09/PUB_DailyLoadFcst_202609230500.xml,Review the SEMO open-data terms and disclaimer before redistribution.,semo-market-v1,data/raw/semo/market_signals/PUB_DailyLoadFcst/2026/09/PUB_DailyLoadFcst_202609230500.xml,71439,c2d760a355ae16e6062591099ea33c19511ba07086fdeb95dd511e3784dc781d,2026-09-23T22:39:12Z,2026-09-22T22:00:00+00:00,2026-09-26T22:00:00+00:00,576
semo_pub_dailyloadfcst_202609230505,SEMO,PUB_DailyLoadFcst,2026,https://reports.sem-o.com/documents/PUB_DailyLoadFcst_202609230505.xml,semo/market_signals/PUB_DailyLoadFcst/2026/09/PUB_DailyLoadFcst_202609230505.xml,Review the SEMO open-data terms and disclaimer before redistribution.,semo-market-v1,data/raw/semo/market_signals/PUB_DailyLoadFcst/2026/09/PUB_DailyLoadFcst_202609230505.xml,71439,ca059fb9b73ff576a69eb5897480f005eaf8d94b8369b09daa389e1007f743ab,2026-09-23T22:39:12Z,2026-09-22T22:00:00+00:00,2026-09-26T22:00:00+00:00,576
semo_pub_dailyloadfcst_202609230515,SEMO,PUB_DailyLoadFcst,2026,https://reports.sem-o.com/documents/PUB_DailyLoadFcst_202609230515.xml,semo/market_signals/PUB_DailyLoadFcst/2026/09/PUB_DailyLoadFcst_202609230515.xml,Review the SEMO open-data terms and disclaimer before redistribution.,semo-market-v1,data/raw/semo/market_signals/PUB_DailyLoadFcst/2026/09/PUB_DailyLoadFcst_202609230515.xml,71439,1f059c9d4e3b29d183d0132a1520fe7d2ae85bc623f00cc2c802232cea0b9aa3,2026-09-23T22:39:12Z,2026-09-22T22:00:00+00:00,2026-09-26T22:00:00+00:00,576
semo_pub_dailyloadfcst_202609230520,SEMO,PUB_DailyLoadFcst,2026,https://reports.sem-o.com/documents/PUB_DailyLoadFcst_202609230520.xml,semo/market_signals/PUB_DailyLoadFcst/2026/09/PUB_DailyLoadFcst_202609230520.xml,Review the SEMO open-data terms and disclaimer before redistribution.,semo-market-v1,data/raw/semo/market_signals/PUB_DailyLoadFcst/2026/09/PUB_DailyLoadFcst_202609230520.xml,71439,cc533c5985d5d772542c1047a711d89f8d050e51ebaf1cc5e3e0a56f36640354,2026-09-23T22:39:12Z,2026-09-22T22:00:00+00:00,2026-09-26T22:00:00+00:00,576
semo_pub_dailyloadfcst_202609230530,SEMO,PUB_DailyLoadFcst,2026,https://reports.sem-o.com/documents/PUB_DailyLoadFcst_202609230530.xml,semo/market_signals/PUB_DailyLoadFcst/2026/09/PUB_DailyLoadFcst_202609230530.xml,Review the SEMO open-data terms and disclaimer before redistribution.,semo-market-v1,data/raw/semo/market_signals/PUB_DailyLoadFcst/2026/09/PUB_DailyLoadFcst_202609230530.xml,71439,ab9597ca23fd52bd60e8d708f7c40dcecc86b6f854e48a4a8c587ee3631d0978,2026-09-23T22:39:12Z,2026-09-22T22:00:00+00:00,2026-09-26T22:00:00+00:00,576
semo_pub_dailyloadfcst_202609230535,SEMO,PUB_DailyLoadFcst,2026,https://reports.sem-o.com/documents/PUB_DailyLoadFcst_202609230535.xml,semo/market_signals/PUB_DailyLoadFcst/2026/09/PUB_DailyLoadFcst_202609230535.xml,Review the SEMO open-data terms and disclaimer before redistribution.,semo-market-v1,data/raw/semo/market_signals/PUB_DailyLoadFcst/2026/09/PUB_DailyLoadFcst_202609230535.xml,71439,5a2c3d1600c5c0697310ac196fdae7a0cdd85ede952c7d35361e57d23a70fd1b,2026-09-23T22:39:12Z,2026-09-22T22:00:00+00:00,2026-09-26T22:00:00+00:00,576
semo_pub_dailyloadfcst_202609230545,SEMO,PUB_DailyLoadFcst,2026,https://reports.sem-o.com/documents/PUB_DailyLoadFcst_202609230545.xml,semo/market_signals/PUB_DailyLoadFcst/2026/09/PUB_DailyLoadFcst_202609230545.xml,Review the SEMO open-data terms and disclaimer before redistribution.,semo-market-v1,data/raw/semo/market_signals/PUB_DailyLoadFcst/2026/09/PUB_DailyLoadFcst_202609230545.xml,71439,9b3bc33d8ee438e9574174b1035536eef14fb5e910c6be8da876f90cd94b2122,2026-09-23T22:39:12Z,2026-09-22T22:00:00+00:00,2026-09-26T22:00:00+00:00,576
semo_pub_dailyloadfcst_202609230550,SEMO,PUB_DailyLoadFcst,2026,https://reports.sem-o.com/documents/PUB_DailyLoadFcst_202609230550.xml,semo/market_signals/PUB_DailyLoadFcst/2026/09/PUB_DailyLoadFcst_202609230550.xml,Review the SEMO open-data terms and disclaimer before redistribution.,semo-market-v1,data/raw/semo/market_signals/PUB_DailyLoadFcst/2026/09/PUB_DailyLoadFcst_202609230550.xml,71439,93fcd64dc0baaaaa866823008b8fa6351bc00cee0f53897523b8c5f256047ae3,2026-09-23T22:39:12Z,2026-09-22T22:00:00+00:00,2026-09-26T22:00:00+00:00,576
semo_pub_dailyloadfcst_202609230600,SEMO,PUB_DailyLoadFcst,2026,https://reports.sem-o.com/documents/PUB_DailyLoadFcst_202609230600.xml,semo/market_signals/PUB_DailyLoadFcst/2026/09/PUB_DailyLoadFcst_202609230600.xml,Review the SEMO open-data terms and disclaimer before redistribution.,semo-market-v1,data/raw/semo/market_signals/PUB_DailyLoadFcst/2026/09/PUB_DailyLoadFcst_202609230600.xml,71439,8001e2884699746ac41fbf4b11a643f47193512fe3dd8c3383dbd09df589ee72,2026-09-23T22:39:12Z,2026-09-22T22:00:00+00:00,2026-09-26T22:00:00+00:00,576
semo_pub_dailyloadfcst_202609230605,SEMO,PUB_DailyLoadFcst,2026,https://reports.sem-o.com/documents/PUB_DailyLoadFcst_202609230605.xml,semo/market_signals/PUB_DailyLoadFcst/2026/09/PUB_DailyLoadFcst_202609230605.xml,Review the SEMO open-data terms and disclaimer before redistribution.,semo-market-v1,data/raw/semo/market_signals/PUB_DailyLoadFcst/2026/09/PUB_DailyLoadFcst_202609230605.xml,71439,947fd3d49400ecd2d3ca328d58b1ac47e7041a40da1c0c7cf69dd924edcadf73,2026-09-23T22:39:13Z,2026-09-22T22:00:00+00:00,2026-09-26T22:00:00+00:00,576
semo_pub_dailyloadfcst_202609230615,SEMO,PUB_DailyLoadFcst,2026,https://reports.sem-o.com/documents/PUB_DailyLoadFcst_202609230615.xml,semo/market_signals/PUB_DailyLoadFcst/2026/09/PUB_DailyLoadFcst_202609230615.xml,Review the SEMO open-data terms and disclaimer before redistribution.,semo-market-v1,data/raw/semo/market_signals/PUB_DailyLoadFcst/2026/09/PUB_DailyLoadFcst_202609230615.xml,71439,2dc58cf56a53141b33bf6346675cb8b18854560a6dfc469f166116d4ae1026d5,2026-09-23T22:39:12Z,2026-09-22T22:00:00+00:00,2026-09-26T22:00:00+00:00,576
semo_pub_dailyloadfcst_202609230620,SEMO,PUB_DailyLoadFcst,2026,https://reports.sem-o.com/documents/PUB_DailyLoadFcst_202609230620.xml,semo/market_signals/PUB_DailyLoadFcst/2026/09/PUB_DailyLoadFcst_202609230620.xml,Review the SEMO open-data terms and disclaimer before redistribution.,semo-market-v1,data/raw/semo/market_signals/PUB_DailyLoadFcst/2026/09/PUB_DailyLoadFcst_202609230620.xml,71439,f4c2cc3e018d9034c962154624d3c3c2afd792f1d86333cc5c101aaab40f274f,2026-09-23T22:39:12Z,2026-09-22T22:00:00+00:00,2026-09-26T22:00:00+00:00,576
semo_pub_dailyloadfcst_202609230630,SEMO,PUB_DailyLoadFcst,2026,https://reports.sem-o.com/documents/PUB_DailyLoadFcst_202609230630.xml,semo/market_signals/PUB_DailyLoadFcst/2026/09/PUB_DailyLoadFcst_202609230630.xml,Review the SEMO open-data terms and disclaimer before redistribution.,semo-market-v1,data/raw/semo/market_signals/PUB_DailyLoadFcst/2026/09/PUB_DailyLoadFcst_202609230630.xml,71439,09b7ccdbe635d82c65b32c577f4f58d3b48142cbc3fa8577ea943f3da30e8393,2026-09-23T22:39:12Z,2026-09-22T22:00:00+00:00,2026-09-26T22:00:00+00:00,576
semo_pub_dailyloadfcst_202609230635,SEMO,PUB_DailyLoadFcst,2026,https://reports.sem-o.com/documents/PUB_DailyLoadFcst_202609230635.xml,semo/market_signals/PUB_DailyLoadFcst/2026/09/PUB_DailyLoadFcst_202609230635.xml,Review the SEMO open-data terms and disclaimer before redistribution.,semo-market-v1,data/raw/semo/market_signals/PUB_DailyLoadFcst/2026/09/PUB_DailyLoadFcst_202609230635.xml,71441,2498ce87a9831c279d2cf2a1abc1182f98f39e5e4d1a392c8d5f5e527779b4a8,2026-09-23T22:39:12Z,2026-09-22T22:00:00+00:00,2026-09-26T22:00:00+00:00,576
semo_pub_dailyloadfcst_202609230645,SEMO,PUB_DailyLoadFcst,2026,https://reports.sem-o.com/documents/PUB_DailyLoadFcst_202609230645.xml,semo/market_signals/PUB_DailyLoadFcst/2026/09/PUB_DailyLoadFcst_202609230645.xml,Review the SEMO open-data terms and disclaimer before redistribution.,semo-market-v1,data/raw/semo/market_signals/PUB_DailyLoadFcst/2026/09/PUB_DailyLoadFcst_202609230645.xml,71441,2c24a69cb0317c6d1a7ca2cd85f3b076811978e57197cc25ee63cf0a98fbf101,2026-09-23T22:39:12Z,2026-09-22T22:00:00+00:00,2026-09-26T22:00:00+00:00,576
semo_pub_dailyloadfcst_202609230650,SEMO,PUB_DailyLoadFcst,2026,https://reports.sem-o.com/documents/PUB_DailyLoadFcst_202609230650.xml,semo/market_signals/PUB_DailyLoadFcst/2026/09/PUB_DailyLoadFcst_202609230650.xml,Review the SEMO open-data terms and disclaimer before redistribution.,semo-market-v1,data/raw/semo/market_signals/PUB_DailyLoadFcst/2026/09/PUB_DailyLoadFcst_202609230650.xml,71441,2a0e7ad0998bed61349458695bacd88dfb44fca81813a410f9501dee8ca45c5b,2026-09-23T22:39:13Z,2026-09-22T22:00:00+00:00,2026-09-26T22:00:00+00:00,576
semo_pub_dailyloadfcst_202609230700,SEMO,PUB_DailyLoadFcst,2026,https://reports.sem-o.com/documents/PUB_DailyLoadFcst_202609230700.xml,semo/market_signals/PUB_DailyLoadFcst/2026/09/PUB_DailyLoadFcst_202609230700.xml,Review the SEMO open-data terms and disclaimer before redistribution.,semo-market-v1,data/raw/semo/market_signals/PUB_DailyLoadFcst/2026/09/PUB_DailyLoadFcst_202609230700.xml,71441,96ff203aa697ce0d375f3241ff08d28b74c1bd5e0bf7fb611870c5d3ad3a8d91,2026-09-23T22:39:13Z,2026-09-22T22:00:00+00:00,2026-09-26T22:00:00+00:00,576
semo_pub_dailyloadfcst_202609230705,SEMO,PUB_DailyLoadFcst,2026,https://reports.sem-o.com/documents/PUB_DailyLoadFcst_202609230705.xml,semo/market_signals/PUB_DailyLoadFcst/2026/09/PUB_DailyLoadFcst_202609230705.xml,Review the SEMO open-data terms and disclaimer before redistribution.,semo-market-v1,data/raw/semo/market_signals/PUB_DailyLoadFcst/2026/09/PUB_DailyLoadFcst_202609230705.xml,71441,d19a8a091f3b0b9951c7c98e1f557a40d237f84e643e71085d7037c20bfedbb7,2026-09-23T22:39:13Z,2026-09-22T22:00:00+00:00,2026-09-26T22:00:00+00:00,576
semo_pub_dailyloadfcst_202609230715,SEMO,PUB_DailyLoadFcst,2026,https://reports.sem-o.com/documents/PUB_DailyLoadFcst_202609230715.xml,semo/market_signals/PUB_DailyLoadFcst/2026/09/PUB_DailyLoadFcst_202609230715.xml,Review the SEMO open-data terms and disclaimer before redistribution.,semo-market-v1,data/raw/semo/market_signals/PUB_DailyLoadFcst/2026/09/PUB_DailyLoadFcst_202609230715.xml,71441,2245771e9789c355487157bdcde375f80d174e4464ac4f39bd5a2c45da7d9920,2026-09-23T22:39:13Z,2026-09-22T22:00:00+00:00,2026-09-26T22:00:00+00:00,576
semo_pub_dailyloadfcst_202609230720,SEMO,PUB_DailyLoadFcst,2026,https://reports.sem-o.com/documents/PUB_DailyLoadFcst_202609230720.xml,semo/market_signals/PUB_DailyLoadFcst/2026/09/PUB_DailyLoadFcst_202609230720.xml,Review the SEMO open-data terms and disclaimer before redistribution.,semo-market-v1,data/raw/semo/market_signals/PUB_DailyLoadFcst/2026/09/PUB_DailyLoadFcst_202609230720.xml,71441,e059074fe891a02097020b1c15bd28fb14c9c9a4a9b04df1b9a128bc24691525,2026-09-23T22:39:14Z,2026-09-22T22:00:00+00:00,2026-09-26T22:00:00+00:00,576
semo_pub_dailyloadfcst_202609230730,SEMO,PUB_DailyLoadFcst,2026,https://reports.sem-o.com/documents/PUB_DailyLoadFcst_202609230730.xml,semo/market_signals/PUB_DailyLoadFcst/2026/09/PUB_DailyLoadFcst_202609230730.xml,Review the SEMO open-data terms and disclaimer before redistribution.,semo-market-v1,data/raw/semo/market_signals/PUB_DailyLoadFcst/2026/09/PUB_DailyLoadFcst_202609230730.xml,71441,92d78ea13e5494e8d2e5fb50f5bbb9e65d0341839101af335a208da88dc215a0,2026-09-23T22:39:13Z,2026-09-22T22:00:00+00:00,2026-09-26T22:00:00+00:00,576
semo_pub_dailyloadfcst_202609230735,SEMO,PUB_DailyLoadFcst,2026,https://reports.sem-o.com/documents/PUB_DailyLoadFcst_202609230735.xml,semo/market_signals/PUB_DailyLoadFcst/2026/09/PUB_DailyLoadFcst_202609230735.xml,Review the SEMO open-data terms and disclaimer before redistribution.,semo-market-v1,data/raw/semo/market_signals/PUB_DailyLoadFcst/2026/09/PUB_DailyLoadFcst_202609230735.xml,71440,654b90c9f7de8725a16a544b07bcbb55be7a4d16877778b2a07f53e3fe947833,2026-09-23T22:39:13Z,2026-09-22T22:00:00+00:00,2026-09-26T22:00:00+00:00,576
semo_pub_dailyloadfcst_202609230745,SEMO,PUB_DailyLoadFcst,2026,https://reports.sem-o.com/documents/PUB_DailyLoadFcst_202609230745.xml,semo/market_signals/PUB_DailyLoadFcst/2026/09/PUB_DailyLoadFcst_202609230745.xml,Review the SEMO open-data terms and disclaimer before redistribution.,semo-market-v1,data/raw/semo/market_signals/PUB_DailyLoadFcst/2026/09/PUB_DailyLoadFcst_202609230745.xml,71440,d307fb91b110ac3f1d9c348a3b57b78305e946fe7d4f6b6ab629b24ca95127c0,2026-09-23T22:39:13Z,2026-09-22T22:00:00+00:00,2026-09-26T22:00:00+00:00,576
semo_pub_dailyloadfcst_202609230750,SEMO,PUB_DailyLoadFcst,2026,https://reports.sem-o.com/documents/PUB_DailyLoadFcst_202609230750.xml,semo/market_signals/PUB_DailyLoadFcst/2026/09/PUB_DailyLoadFcst_202609230750.xml,Review the SEMO open-data terms and disclaimer before redistribution.,semo-market-v1,data/raw/semo/market_signals/PUB_DailyLoadFcst/2026/09/PUB_DailyLoadFcst_202609230750.xml,71440,e845afa8d6f2a2f3bfa9405952050eb161a4be88d7a79cbb73eeac012e3cf6f4,2026-09-23T22:39:13Z,2026-09-22T22:00:00+00:00,2026-09-26T22:00:00+00:00,576
semo_pub_dailyloadfcst_202609230800,SEMO,PUB_DailyLoadFcst,2026,https://reports.sem-o.com/documents/PUB_DailyLoadFcst_202609230800.xml,semo/market_signals/PUB_DailyLoadFcst/2026/09/PUB_DailyLoadFcst_202609230800.xml,Review the SEMO open-data terms and disclaimer before redistribution.,semo-market-v1,data/raw/semo/market_signals/PUB_DailyLoadFcst/2026/09/PUB_DailyLoadFcst_202609230800.xml,71440,7709537509242e1e27a6fa6456de3072b960440f3fb0d2a50d42a7beb9c0fef7,2026-09-23T22:39:13Z,2026-09-22T22:00:00+00:00,2026-09-26T22:00:00+00:00,576
semo_pub_dailyloadfcst_202609230805,SEMO,PUB_DailyLoadFcst,2026,https://reports.sem-o.com/documents/PUB_DailyLoadFcst_202609230805.xml,semo/market_signals/PUB_DailyLoadFcst/2026/09/PUB_DailyLoadFcst_202609230805.xml,Review the SEMO open-data terms and disclaimer before redistribution.,semo-market-v1,data/raw/semo/market_signals/PUB_DailyLoadFcst/2026/09/PUB_DailyLoadFcst_202609230805.xml,71440,71e860e576cf6d997edcb229204b0cbbe313fbf48b09a9af53ade73e39a4ac10,2026-09-23T22:39:13Z,2026-09-22T22:00:00+00:00,2026-09-26T22:00:00+00:00,576
semo_pub_dailyloadfcst_202609230815,SEMO,PUB_DailyLoadFcst,2026,https://reports.sem-o.com/documents/PUB_DailyLoadFcst_202609230815.xml,semo/market_signals/PUB_DailyLoadFcst/2026/09/PUB_DailyLoadFcst_202609230815.xml,Review the SEMO open-data terms and disclaimer before redistribution.,semo-market-v1,data/raw/semo/market_signals/PUB_DailyLoadFcst/2026/09/PUB_DailyLoadFcst_202609230815.xml,71440,3a634a67f8aa000e61ff2120407777e690fde7332c4aa1a7eda3e91376796322,2026-09-23T22:39:14Z,2026-09-22T22:00:00+00:00,2026-09-26T22:00:00+00:00,576
semo_pub_dailyloadfcst_202609230820,SEMO,PUB_DailyLoadFcst,2026,https://reports.sem-o.com/documents/PUB_DailyLoadFcst_202609230820.xml,semo/market_signals/PUB_DailyLoadFcst/2026/09/PUB_DailyLoadFcst_202609230820.xml,Review the SEMO open-data terms and disclaimer before redistribution.,semo-market-v1,data/raw/semo/market_signals/PUB_DailyLoadFcst/2026/09/PUB_DailyLoadFcst_202609230820.xml,71440,064e1163bef39b48451bc86cb0471793227bfddd788838427a7a6fe4f7983d5d,2026-09-23T22:39:13Z,2026-09-22T22:00:00+00:00,2026-09-26T22:00:00+00:00,576
semo_pub_dailyloadfcst_202609230830,SEMO,PUB_DailyLoadFcst,2026,https://reports.sem-o.com/documents/PUB_DailyLoadFcst_202609230830.xml,semo/market_signals/PUB_DailyLoadFcst/2026/09/PUB_DailyLoadFcst_202609230830.xml,Review the SEMO open-data terms and disclaimer before redistribution.,semo-market-v1,data/raw/semo/market_signals/PUB_DailyLoadFcst/2026/09/PUB_DailyLoadFcst_202609230830.xml,71440,88f34a0daeda436a14f9ab4bf7818d7ae4541433ac6e06f76419bcb2bb9aeb2e,2026-09-23T22:39:14Z,2026-09-22T22:00:00+00:00,2026-09-26T22:00:00+00:00,576
semo_pub_dailyloadfcst_202609230835,SEMO,PUB_DailyLoadFcst,2026,https://reports.sem-o.com/documents/PUB_DailyLoadFcst_202609230835.xml,semo/market_signals/PUB_DailyLoadFcst/2026/09/PUB_DailyLoadFcst_202609230835.xml,Review the SEMO open-data terms and disclaimer before redistribution.,semo-market-v1,data/raw/semo/market_signals/PUB_DailyLoadFcst/2026/09/PUB_DailyLoadFcst_202609230835.xml,71440,670e29b4aac77153188e267587f98f6dcbf9cdc107165e07897199aa997f2d8a,2026-09-23T22:39:13Z,2026-09-22T22:00:00+00:00,2026-09-26T22:00:00+00:00,576
semo_pub_dailyloadfcst_202609230845,SEMO,PUB_DailyLoadFcst,2026,https://reports.sem-o.com/documents/PUB_DailyLoadFcst_202609230845.xml,semo/market_signals/PUB_DailyLoadFcst/2026/09/PUB_DailyLoadFcst_202609230845.xml,Review the SEMO open-data terms and disclaimer before redistribution.,semo-market-v1,data/raw/semo/market_signals/PUB_DailyLoadFcst/2026/09/PUB_DailyLoadFcst_202609230845.xml,71440,8b73c18a580584c3cfc8623a4b7f79dd0922afc0c21359f2055a8127f1646cf9,2026-09-23T22:39:13Z,2026-09-22T22:00:00+00:00,2026-09-26T22:00:00+00:00,576
semo_pub_dailyloadfcst_202609230850,SEMO,PUB_DailyLoadFcst,2026,https://reports.sem-o.com/documents/PUB_DailyLoadFcst_202609230850.xml,semo/market_signals/PUB_DailyLoadFcst/2026/09/PUB_DailyLoadFcst_202609230850.xml,Review the SEMO open-data terms and disclaimer before redistribution.,semo-market-v1,data/raw/semo/market_signals/PUB_DailyLoadFcst/2026/09/PUB_DailyLoadFcst_202609230850.xml,71440,ab290bdb15e51e5c5c0c2139501c042531e26b256549619b98dc71c6110b6645,2026-09-23T22:39:14Z,2026-09-22T22:00:00+00:00,2026-09-26T22:00:00+00:00,576
semo_pub_dailyloadfcst_202609230900,SEMO,PUB_DailyLoadFcst,2026,https://reports.sem-o.com/documents/PUB_DailyLoadFcst_202609230900.xml,semo/market_signals/PUB_DailyLoadFcst/2026/09/PUB_DailyLoadFcst_202609230900.xml,Review the SEMO open-data terms and disclaimer before redistribution.,semo-market-v1,data/raw/semo/market_signals/PUB_DailyLoadFcst/2026/09/PUB_DailyLoadFcst_202609230900.xml,71440,f6a0b0234dc7671b8678c0d641a5395da20bc7c5c2e268f41fde476fbe59db68,2026-09-23T22:39:14Z,2026-09-22T22:00:00+00:00,2026-09-26T22:00:00+00:00,576
semo_pub_dailyloadfcst_202609230905,SEMO,PUB_DailyLoadFcst,2026,https://reports.sem-o.com/documents/PUB_DailyLoadFcst_202609230905.xml,semo/market_signals/PUB_DailyLoadFcst/2026/09/PUB_DailyLoadFcst_202609230905.xml,Review the SEMO open-data terms and disclaimer before redistribution.,semo-market-v1,data/raw/semo/market_signals/PUB_DailyLoadFcst/2026/09/PUB_DailyLoadFcst_202609230905.xml,71440,6a2e0e572b8ee5a8bb84f656831b53b80e663660baf4895a248763767bbd8cd6,2026-09-23T22:39:14Z,2026-09-22T22:00:00+00:00,2026-09-26T22:00:00+00:00,576
semo_pub_dailyloadfcst_202609230915,SEMO,PUB_DailyLoadFcst,2026,https://reports.sem-o.com/documents/PUB_DailyLoadFcst_202609230915.xml,semo/market_signals/PUB_DailyLoadFcst/2026/09/PUB_DailyLoadFcst_202609230915.xml,Review the SEMO open-data terms and disclaimer before redistribution.,semo-market-v1,data/raw/semo/market_signals/PUB_DailyLoadFcst/2026/09/PUB_DailyLoadFcst_202609230915.xml,71440,8b812abd62c8deaddd341b1f8f7c08b6e7395116973e414b2361a5877fc6db6e,2026-09-23T22:39:13Z,2026-09-22T22:00:00+00:00,2026-09-26T22:00:00+00:00,576
semo_pub_dailyloadfcst_202609230920,SEMO,PUB_DailyLoadFcst,2026,https://reports.sem-o.com/documents/PUB_DailyLoadFcst_202609230920.xml,semo/market_signals/PUB_DailyLoadFcst/2026/09/PUB_DailyLoadFcst_202609230920.xml,Review the SEMO open-data terms and disclaimer before redistribution.,semo-market-v1,data/raw/semo/market_signals/PUB_DailyLoadFcst/2026/09/PUB_DailyLoadFcst_202609230920.xml,71440,4054e466c33e8981551c3212f42a790a48e9a2c357e62e0f9dc9f890d06bd7c5,2026-09-23T22:39:14Z,2026-09-22T22:00:00+00:00,2026-09-26T22:00:00+00:00,576
semo_pub_dailyloadfcst_202609230930,SEMO,PUB_DailyLoadFcst,2026,https://reports.sem-o.com/documents/PUB_DailyLoadFcst_202609230930.xml,semo/market_signals/PUB_DailyLoadFcst/2026/09/PUB_DailyLoadFcst_202609230930.xml,Review the SEMO open-data terms and disclaimer before redistribution.,semo-market-v1,data/raw/semo/market_signals/PUB_DailyLoadFcst/2026/09/PUB_DailyLoadFcst_202609230930.xml,71440,720b6414ea1654f951b6d1b2a2a1de3bd7c93571a65cfdc39ee0f5d794ab1a44,2026-09-23T22:39:13Z,2026-09-22T22:00:00+00:00,2026-09-26T22:00:00+00:00,576
semo_pub_dailyloadfcst_202609230935,SEMO,PUB_DailyLoadFcst,2026,https://reports.sem-o.com/documents/PUB_DailyLoadFcst_202609230935.xml,semo/market_signals/PUB_DailyLoadFcst/2026/09/PUB_DailyLoadFcst_202609230935.xml,Review the SEMO open-data terms and disclaimer before redistribution.,semo-market-v1,data/raw/semo/market_signals/PUB_DailyLoadFcst/2026/09/PUB_DailyLoadFcst_202609230935.xml,71440,bd74ea00c04a09a1f40d387153b06ea418c72c25413d18af26e668f3622a1586,2026-09-23T22:39:13Z,2026-09-22T22:00:00+00:00,2026-09-26T22:00:00+00:00,576
semo_pub_dailyloadfcst_202609230945,SEMO,PUB_DailyLoadFcst,2026,https://reports.sem-o.com/documents/PUB_DailyLoadFcst_202609230945.xml,semo/market_signals/PUB_DailyLoadFcst/2026/09/PUB_DailyLoadFcst_202609230945.xml,Review the SEMO open-data terms and disclaimer before redistribution.,semo-market-v1,data/raw/semo/market_signals/PUB_DailyLoadFcst/2026/09/PUB_DailyLoadFcst_202609230945.xml,71440,f26d27d8fd790608690c8b267f8f8155e7b1636901f4550557cbe945e0a31008,2026-09-23T22:39:14Z,2026-09-22T22:00:00+00:00,2026-09-26T22:00:00+00:00,576
semo_pub_dailyloadfcst_202609230950,SEMO,PUB_DailyLoadFcst,2026,https://reports.sem-o.com/documents/PUB_DailyLoadFcst_202609230950.xml,semo/market_signals/PUB_DailyLoadFcst/2026/09/PUB_DailyLoadFcst_202609230950.xml,Review the SEMO open-data terms and disclaimer before redistribution.,semo-market-v1,data/raw/semo/market_signals/PUB_DailyLoadFcst/2026/09/PUB_DailyLoadFcst_202609230950.xml,71440,b773c84876e7d50e3da00a5024df56042611f59de42be0b4d90db7a471d2539e,2026-09-23T22:39:13Z,2026-09-22T22:00:00+00:00,2026-09-26T22:00:00+00:00,576
semo_pub_dailyloadfcst_202609231000,SEMO,PUB_DailyLoadFcst,2026,https://reports.sem-o.com/documents/PUB_DailyLoadFcst_202609231000.xml,semo/market_signals/PUB_DailyLoadFcst/2026/09/PUB_DailyLoadFcst_202609231000.xml,Review the SEMO open-data terms and disclaimer before redistribution.,semo-market-v1,data/raw/semo/market_signals/PUB_DailyLoadFcst/2026/09/PUB_DailyLoadFcst_202609231000.xml,71440,9020f2df865f0f7ac42be61efc6fcf01e41cb41d3eead3de6c720e769ea00ef6,2026-09-23T22:39:14Z,2026-09-22T22:00:00+00:00,2026-09-26T22:00:00+00:00,576
semo_pub_dailyloadfcst_202609231005,SEMO,PUB_DailyLoadFcst,2026,https://reports.sem-o.com/documents/PUB_DailyLoadFcst_202609231005.xml,semo/market_signals/PUB_DailyLoadFcst/2026/09/PUB_DailyLoadFcst_202609231005.xml,Review the SEMO open-data terms and disclaimer before redistribution.,semo-market-v1,data/raw/semo/market_signals/PUB_DailyLoadFcst/2026/09/PUB_DailyLoadFcst_202609231005.xml,71440,c8c654ab46977183b1c0f1f17b282cde880ec46686a0dee344022294e1140ae5,2026-09-23T22:39:14Z,2026-09-22T22:00:00+00:00,2026-09-26T22:00:00+00:00,576
semo_pub_dailyloadfcst_202609231015,SEMO,PUB_DailyLoadFcst,2026,https://reports.sem-o.com/documents/PUB_DailyLoadFcst_202609231015.xml,semo/market_signals/PUB_DailyLoadFcst/2026/09/PUB_DailyLoadFcst_202609231015.xml,Review the SEMO open-data terms and disclaimer before redistribution.,semo-market-v1,data/raw/semo/market_signals/PUB_DailyLoadFcst/2026/09/PUB_DailyLoadFcst_202609231015.xml,71440,aca5da538d349573b803fd789929f29875cca4d6ca6028703735d1f0ca92b4fc,2026-09-23T22:39:13Z,2026-09-22T22:00:00+00:00,2026-09-26T22:00:00+00:00,576
semo_pub_dailyloadfcst_202609231020,SEMO,PUB_DailyLoadFcst,2026,https://reports.sem-o.com/documents/PUB_DailyLoadFcst_202609231020.xml,semo/market_signals/PUB_DailyLoadFcst/2026/09/PUB_DailyLoadFcst_202609231020.xml,Review the SEMO open-data terms and disclaimer before redistribution.,semo-market-v1,data/raw/semo/market_signals/PUB_DailyLoadFcst/2026/09/PUB_DailyLoadFcst_202609231020.xml,71440,898a1feacb484860a416c6f04cf999d1d6f0880eeffd34c9de96b69d4991f429,2026-09-23T22:39:14Z,2026-09-22T22:00:00+00:00,2026-09-26T22:00:00+00:00,576
semo_pub_dailyloadfcst_202609231030,SEMO,PUB_DailyLoadFcst,2026,https://reports.sem-o.com/documents/PUB_DailyLoadFcst_202609231030.xml,semo/market_signals/PUB_DailyLoadFcst/2026/09/PUB_DailyLoadFcst_202609231030.xml,Review the SEMO open-data terms and disclaimer before redistribution.,semo-market-v1,data/raw/semo/market_signals/PUB_DailyLoadFcst/2026/09/PUB_DailyLoadFcst_202609231030.xml,71440,a104b85f7c69cd6b707ec52918aceba6457d5541df5af667956d0d76a18b5afd,2026-09-23T22:39:13Z,2026-09-22T22:00:00+00:00,2026-09-26T22:00:00+00:00,576
semo_pub_dailyloadfcst_202609231035,SEMO,PUB_DailyLoadFcst,2026,https://reports.sem-o.com/documents/PUB_DailyLoadFcst_202609231035.xml,semo/market_signals/PUB_DailyLoadFcst/2026/09/PUB_DailyLoadFcst_202609231035.xml,Review the SEMO open-data terms and disclaimer before redistribution.,semo-market-v1,data/raw/semo/market_signals/PUB_DailyLoadFcst/2026/09/PUB_DailyLoadFcst_202609231035.xml,71440,cf66d62104e0f0b5e29eefb579c1f9854eca1563ea496c32eb7fb729344dbcde,2026-09-23T22:39:14Z,2026-09-22T22:00:00+00:00,2026-09-26T22:00:00+00:00,576
semo_pub_dailyloadfcst_202609231045,SEMO,PUB_DailyLoadFcst,2026,https://reports.sem-o.com/documents/PUB_DailyLoadFcst_202609231045.xml,semo/market_signals/PUB_DailyLoadFcst/2026/09/PUB_DailyLoadFcst_202609231045.xml,Review the SEMO open-data terms and disclaimer before redistribution.,semo-market-v1,data/raw/semo/market_signals/PUB_DailyLoadFcst/2026/09/PUB_DailyLoadFcst_202609231045.xml,71440,50723421330c26fbae5ee17e09f44e1943939d129f88185e051f81c87084fcff,2026-09-23T22:39:14Z,2026-09-22T22:00:00+00:00,2026-09-26T22:00:00+00:00,576
semo_pub_dailyloadfcst_202609231050,SEMO,PUB_DailyLoadFcst,2026,https://reports.sem-o.com/documents/PUB_DailyLoadFcst_202609231050.xml,semo/market_signals/PUB_DailyLoadFcst/2026/09/PUB_DailyLoadFcst_202609231050.xml,Review the SEMO open-data terms and disclaimer before redistribution.,semo-market-v1,data/raw/semo/market_signals/PUB_DailyLoadFcst/2026/09/PUB_DailyLoadFcst_202609231050.xml,71440,2a365acffdb2ac573c3de0763e1b396b0acb5f6f3f412703bd42d8059f3818cb,2026-09-23T22:39:14Z,2026-09-22T22:00:00+00:00,2026-09-26T22:00:00+00:00,576
semo_pub_dailyloadfcst_202609231100,SEMO,PUB_DailyLoadFcst,2026,https://reports.sem-o.com/documents/PUB_DailyLoadFcst_202609231100.xml,semo/market_signals/PUB_DailyLoadFcst/2026/09/PUB_DailyLoadFcst_202609231100.xml,Review the SEMO open-data terms and disclaimer before redistribution.,semo-market-v1,data/raw/semo/market_signals/PUB_DailyLoadFcst/2026/09/PUB_DailyLoadFcst_202609231100.xml,71440,cb6ff3fa479b127c3ff69b8a2a691b35747dcd5b2ae1bf798ccea5788aef011e,2026-09-23T22:39:14Z,2026-09-22T22:00:00+00:00,2026-09-26T22:00:00+00:00,576
semo_pub_dailyloadfcst_202609231105,SEMO,PUB_DailyLoadFcst,2026,https://reports.sem-o.com/documents/PUB_DailyLoadFcst_202609231105.xml,semo/market_signals/PUB_DailyLoadFcst/2026/09/PUB_DailyLoadFcst_202609231105.xml,Review the SEMO open-data terms and disclaimer before redistribution.,semo-market-v1,data/raw/semo/market_signals/PUB_DailyLoadFcst/2026/09/PUB_DailyLoadFcst_202609231105.xml,71440,8514ad08e6d4dca455aad4e600247d0c0daefeacf2d4df6b09c8946a20ce2e22,2026-09-23T22:39:14Z,2026-09-22T22:00:00+00:00,2026-09-26T22:00:00+00:00,576
semo_pub_dailyloadfcst_202609231115,SEMO,PUB_DailyLoadFcst,2026,https://reports.sem-o.com/documents/PUB_DailyLoadFcst_202609231115.xml,semo/market_signals/PUB_DailyLoadFcst/2026/09/PUB_DailyLoadFcst_202609231115.xml,Review the SEMO open-data terms and disclaimer before redistribution.,semo-market-v1,data/raw/semo/market_signals/PUB_DailyLoadFcst/2026/09/PUB_DailyLoadFcst_202609231115.xml,71440,d4f4d0fd8848fb3235d49c00e3dafcc9e987094b364e7ef070ecd92531e24dea,2026-09-23T22:39:14Z,2026-09-22T22:00:00+00:00,2026-09-26T22:00:00+00:00,576
semo_pub_dailyloadfcst_202609231120,SEMO,PUB_DailyLoadFcst,2026,https://reports.sem-o.com/documents/PUB_DailyLoadFcst_202609231120.xml,semo/market_signals/PUB_DailyLoadFcst/2026/09/PUB_DailyLoadFcst_202609231120.xml,Review the SEMO open-data terms and disclaimer before redistribution.,semo-market-v1,data/raw/semo/market_signals/PUB_DailyLoadFcst/2026/09/PUB_DailyLoadFcst_202609231120.xml,71440,ed944726440bcd99d97332289360b903aa86596751ac7cb0f5aa97223551e8b1,2026-09-23T22:39:14Z,2026-09-22T22:00:00+00:00,2026-09-26T22:00:00+00:00,576
semo_pub_dailyloadfcst_202609231130,SEMO,PUB_DailyLoadFcst,2026,https://reports.sem-o.com/documents/PUB_DailyLoadFcst_202609231130.xml,semo/market_signals/PUB_DailyLoadFcst/2026/09/PUB_DailyLoadFcst_202609231130.xml,Review the SEMO open-data terms and disclaimer before redistribution.,semo-market-v1,data/raw/semo/market_signals/PUB_DailyLoadFcst/2026/09/PUB_DailyLoadFcst_202609231130.xml,71440,7a5d10ac9ae931019654d04bdd6249700c75ed30ec40ce1b8e91549d37c0a407,2026-09-23T22:39:14Z,2026-09-22T22:00:00+00:00,2026-09-26T22:00:00+00:00,576
semo_pub_dailyloadfcst_202609231135,SEMO,PUB_DailyLoadFcst,2026,https://reports.sem-o.com/documents/PUB_DailyLoadFcst_202609231135.xml,semo/market_signals/PUB_DailyLoadFcst/2026/09/PUB_DailyLoadFcst_202609231135.xml,Review the SEMO open-data terms and disclaimer before redistribution.,semo-market-v1,data/raw/semo/market_signals/PUB_DailyLoadFcst/2026/09/PUB_DailyLoadFcst_202609231135.xml,71440,090d7bd9a6f37375bfa52a98e6daebdcd0232d3a80513b451aaa0062111a7e0d,2026-09-23T22:39:14Z,2026-09-22T22:00:00+00:00,2026-09-26T22:00:00+00:00,576
semo_pub_dailyloadfcst_202609231145,SEMO,PUB_DailyLoadFcst,2026,https://reports.sem-o.com/documents/PUB_DailyLoadFcst_202609231145.xml,semo/market_signals/PUB_DailyLoadFcst/2026/09/PUB_DailyLoadFcst_202609231145.xml,Review the SEMO open-data terms and disclaimer before redistribution.,semo-market-v1,data/raw/semo/market_signals/PUB_DailyLoadFcst/2026/09/PUB_DailyLoadFcst_202609231145.xml,71440,fb455121f2ea8b6c464b45032d66f03a6d4952aaff540c5c30d3529475152004,2026-09-23T22:39:14Z,2026-09-22T22:00:00+00:00,2026-09-26T22:00:00+00:00,576
semo_pub_dailyloadfcst_202609231150,SEMO,PUB_DailyLoadFcst,2026,https://reports.sem-o.com/documents/PUB_DailyLoadFcst_202609231150.xml,semo/market_signals/PUB_DailyLoadFcst/2026/09/PUB_DailyLoadFcst_202609231150.xml,Review the SEMO open-data terms and disclaimer before redistribution.,semo-market-v1,data/raw/semo/market_signals/PUB_DailyLoadFcst/2026/09/PUB_DailyLoadFcst_202609231150.xml,71440,201d3c59c142ebef46b9cfad4fc41d3c70f6a4fca1af0172d171661265b96139,2026-09-23T22:39:14Z,2026-09-22T22:00:00+00:00,2026-09-26T22:00:00+00:00,576
semo_pub_dailyloadfcst_202609231200,SEMO,PUB_DailyLoadFcst,2026,https://reports.sem-o.com/documents/PUB_DailyLoadFcst_202609231200.xml,semo/market_signals/PUB_DailyLoadFcst/2026/09/PUB_DailyLoadFcst_202609231200.xml,Review the SEMO open-data terms and disclaimer before redistribution.,semo-market-v1,data/raw/semo/market_signals/PUB_DailyLoadFcst/2026/09/PUB_DailyLoadFcst_202609231200.xml,71440,36e55cc68b73fbb944fbb95f1a1f9ee003ca7d11eecbfc6643d6816eba1039be,2026-09-23T22:39:14Z,2026-09-22T22:00:00+00:00,2026-09-26T22:00:00+00:00,576
semo_pub_dailyloadfcst_202609231205,SEMO,PUB_DailyLoadFcst,2026,https://reports.sem-o.com/documents/PUB_DailyLoadFcst_202609231205.xml,semo/market_signals/PUB_DailyLoadFcst/2026/09/PUB_DailyLoadFcst_202609231205.xml,Review the SEMO open-data terms and disclaimer before redistribution.,semo-market-v1,data/raw/semo/market_signals/PUB_DailyLoadFcst/2026/09/PUB_DailyLoadFcst_202609231205.xml,71440,f47806cd469a346a97663a06f07f5610baf9c90df213c4ec74b0854378735dca,2026-09-23T22:39:14Z,2026-09-22T22:00:00+00:00,2026-09-26T22:00:00+00:00,576
semo_pub_dailyloadfcst_202609231215,SEMO,PUB_DailyLoadFcst,2026,https://reports.sem-o.com/documents/PUB_DailyLoadFcst_202609231215.xml,semo/market_signals/PUB_DailyLoadFcst/2026/09/PUB_DailyLoadFcst_202609231215.xml,Review the SEMO open-data terms and disclaimer before redistribution.,semo-market-v1,data/raw/semo/market_signals/PUB_DailyLoadFcst/2026/09/PUB_DailyLoadFcst_202609231215.xml,71440,d253dc2cb36d55979438b6311f14bddaf27a0135c8be5b9ace59469be41edeaa,2026-09-23T22:39:14Z,2026-09-22T22:00:00+00:00,2026-09-26T22:00:00+00:00,576
semo_pub_dailyloadfcst_202609231220,SEMO,PUB_DailyLoadFcst,2026,https://reports.sem-o.com/documents/PUB_DailyLoadFcst_202609231220.xml,semo/market_signals/PUB_DailyLoadFcst/2026/09/PUB_DailyLoadFcst_202609231220.xml,Review the SEMO open-data terms and disclaimer before redistribution.,semo-market-v1,data/raw/semo/market_signals/PUB_DailyLoadFcst/2026/09/PUB_DailyLoadFcst_202609231220.xml,71440,62e4ab1d2e3aa8164f7169189fbef99c3641a4cda9c85f9770ed692ed36b9e7b,2026-09-23T22:39:14Z,2026-09-22T22:00:00+00:00,2026-09-26T22:00:00+00:00,576
semo_pub_dailyloadfcst_202609231230,SEMO,PUB_DailyLoadFcst,2026,https://reports.sem-o.com/documents/PUB_DailyLoadFcst_202609231230.xml,semo/market_signals/PUB_DailyLoadFcst/2026/09/PUB_DailyLoadFcst_202609231230.xml,Review the SEMO open-data terms and disclaimer before redistribution.,semo-market-v1,data/raw/semo/market_signals/PUB_DailyLoadFcst/2026/09/PUB_DailyLoadFcst_202609231230.xml,71440,9d65f52928f195ddf776aa5beb634fbb81d150d9a01c7aa424376edb692c51c3,2026-09-23T22:39:14Z,2026-09-22T22:00:00+00:00,2026-09-26T22:00:00+00:00,576
semo_pub_dailyloadfcst_202609231235,SEMO,PUB_DailyLoadFcst,2026,https://reports.sem-o.com/documents/PUB_DailyLoadFcst_202609231235.xml,semo/market_signals/PUB_DailyLoadFcst/2026/09/PUB_DailyLoadFcst_202609231235.xml,Review the SEMO open-data terms and disclaimer before redistribution.,semo-market-v1,data/raw/semo/market_signals/PUB_DailyLoadFcst/2026/09/PUB_DailyLoadFcst_202609231235.xml,71438,73c90f4cb6950c1885b149ff49f31d1768f79d7e875b5d9c1a7f17bf9c9bd5bc,2026-09-23T22:39:14Z,2026-09-22T22:00:00+00:00,2026-09-26T22:00:00+00:00,576
semo_pub_dailyloadfcst_202609231245,SEMO,PUB_DailyLoadFcst,2026,https://reports.sem-o.com/documents/PUB_DailyLoadFcst_202609231245.xml,semo/market_signals/PUB_DailyLoadFcst/2026/09/PUB_DailyLoadFcst_202609231245.xml,Review the SEMO open-data terms and disclaimer before redistribution.,semo-market-v1,data/raw/semo/market_signals/PUB_DailyLoadFcst/2026/09/PUB_DailyLoadFcst_202609231245.xml,71438,7922104bbf6b06e374edaef9bceffdc67b2386314586b8371a8f2cc725a3a9b5,2026-09-23T22:39:14Z,2026-09-22T22:00:00+00:00,2026-09-26T22:00:00+00:00,576
semo_pub_dailyloadfcst_202609231250,SEMO,PUB_DailyLoadFcst,2026,https://reports.sem-o.com/documents/PUB_DailyLoadFcst_202609231250.xml,semo/market_signals/PUB_DailyLoadFcst/2026/09/PUB_DailyLoadFcst_202609231250.xml,Review the SEMO open-data terms and disclaimer before redistribution.,semo-market-v1,data/raw/semo/market_signals/PUB_DailyLoadFcst/2026/09/PUB_DailyLoadFcst_202609231250.xml,71438,4a313072b8e2d66d8df1072a64c684d1049320cf9c5dc03f414ef43e906971f0,2026-09-23T22:39:14Z,2026-09-22T22:00:00+00:00,2026-09-26T22:00:00+00:00,576
semo_pub_dailyloadfcst_202609231300,SEMO,PUB_DailyLoadFcst,2026,https://reports.sem-o.com/documents/PUB_DailyLoadFcst_202609231300.xml,semo/market_signals/PUB_DailyLoadFcst/2026/09/PUB_DailyLoadFcst_202609231300.xml,Review the SEMO open-data terms and disclaimer before redistribution.,semo-market-v1,data/raw/semo/market_signals/PUB_DailyLoadFcst/2026/09/PUB_DailyLoadFcst_202609231300.xml,71438,4fd91d47cee87290076f7dd53e8cb0645f7ed3968cf83f3f5f493aec2106b5f1,2026-09-23T22:39:14Z,2026-09-22T22:00:00+00:00,2026-09-26T22:00:00+00:00,576
semo_pub_dailyloadfcst_202609231305,SEMO,PUB_DailyLoadFcst,2026,https://reports.sem-o.com/documents/PUB_DailyLoadFcst_202609231305.xml,semo/market_signals/PUB_DailyLoadFcst/2026/09/PUB_DailyLoadFcst_202609231305.xml,Review the SEMO open-data terms and disclaimer before redistribution.,semo-market-v1,data/raw/semo/market_signals/PUB_DailyLoadFcst/2026/09/PUB_DailyLoadFcst_202609231305.xml,71438,88367e4130ecaba90c90a702e0f0abb773d906d26ed1ed75bdf2d9f0846fc91a,2026-09-23T22:39:14Z,2026-09-22T22:00:00+00:00,2026-09-26T22:00:00+00:00,576
semo_pub_dailyloadfcst_202609231315,SEMO,PUB_DailyLoadFcst,2026,https://reports.sem-o.com/documents/PUB_DailyLoadFcst_202609231315.xml,semo/market_signals/PUB_DailyLoadFcst/2026/09/PUB_DailyLoadFcst_202609231315.xml,Review the SEMO open-data terms and disclaimer before redistribution.,semo-market-v1,data/raw/semo/market_signals/PUB_DailyLoadFcst/2026/09/PUB_DailyLoadFcst_202609231315.xml,71438,7a2c5b95562d16032c3a572c48935d5e7c4394a0040603d7d6d04c809019777f,2026-09-23T22:39:14Z,2026-09-22T22:00:00+00:00,2026-09-26T22:00:00+00:00,576
semo_pub_dailyloadfcst_202609231320,SEMO,PUB_DailyLoadFcst,2026,https://reports.sem-o.com/documents/PUB_DailyLoadFcst_202609231320.xml,semo/market_signals/PUB_DailyLoadFcst/2026/09/PUB_DailyLoadFcst_202609231320.xml,Review the SEMO open-data terms and disclaimer before redistribution.,semo-market-v1,data/raw/semo/market_signals/PUB_DailyLoadFcst/2026/09/PUB_DailyLoadFcst_202609231320.xml,71438,94b9ca8d451790c5a2533025a403ec0b87a22d0beba026b7750ddaed183b860b,2026-09-23T22:39:14Z,2026-09-22T22:00:00+00:00,2026-09-26T22:00:00+00:00,576
semo_pub_dailyloadfcst_202609231330,SEMO,PUB_DailyLoadFcst,2026,https://reports.sem-o.com/documents/PUB_DailyLoadFcst_202609231330.xml,semo/market_signals/PUB_DailyLoadFcst/2026/09/PUB_DailyLoadFcst_202609231330.xml,Review the SEMO open-data terms and disclaimer before redistribution.,semo-market-v1,data/raw/semo/market_signals/PUB_DailyLoadFcst/2026/09/PUB_DailyLoadFcst_202609231330.xml,71438,2ee9e7c2d979714f0f760e09b2a0293748c2099bd981207e12df63163a5395c5,2026-09-23T22:39:14Z,2026-09-22T22:00:00+00:00,2026-09-26T22:00:00+00:00,576
semo_pub_dailyloadfcst_202609231335,SEMO,PUB_DailyLoadFcst,2026,https://reports.sem-o.com/documents/PUB_DailyLoadFcst_202609231335.xml,semo/market_signals/PUB_DailyLoadFcst/2026/09/PUB_DailyLoadFcst_202609231335.xml,Review the SEMO open-data terms and disclaimer before redistribution.,semo-market-v1,data/raw/semo/market_signals/PUB_DailyLoadFcst/2026/09/PUB_DailyLoadFcst_202609231335.xml,71438,c8b762e649b94b41c83695f14cd3a0b4618448437ef7e2187952723fc462ccd1,2026-09-23T22:39:14Z,2026-09-22T22:00:00+00:00,2026-09-26T22:00:00+00:00,576
semo_pub_dailyloadfcst_202609231345,SEMO,PUB_DailyLoadFcst,2026,https://reports.sem-o.com/documents/PUB_DailyLoadFcst_202609231345.xml,semo/market_signals/PUB_DailyLoadFcst/2026/09/PUB_DailyLoadFcst_202609231345.xml,Review the SEMO open-data terms and disclaimer before redistribution.,semo-market-v1,data/raw/semo/market_signals/PUB_DailyLoadFcst/2026/09/PUB_DailyLoadFcst_202609231345.xml,71438,d25ddde3a3770285351e3bcaa33d223dfb449dabe162e65207362ca4508a8762,2026-09-23T22:39:14Z,2026-09-22T22:00:00+00:00,2026-09-26T22:00:00+00:00,576
semo_pub_dailyloadfcst_202609231350,SEMO,PUB_DailyLoadFcst,2026,https://reports.sem-o.com/documents/PUB_DailyLoadFcst_202609231350.xml,semo/market_signals/PUB_DailyLoadFcst/2026/09/PUB_DailyLoadFcst_202609231350.xml,Review the SEMO open-data terms and disclaimer before redistribution.,semo-market-v1,data/raw/semo/market_signals/PUB_DailyLoadFcst/2026/09/PUB_DailyLoadFcst_202609231350.xml,71438,d4535ac4688b2aa7ce059f56d6aabfb5091d368e2d559db34428f9d80d86bd4e,2026-09-23T22:39:15Z,2026-09-22T22:00:00+00:00,2026-09-26T22:00:00+00:00,576
semo_pub_dailyloadfcst_202609231400,SEMO,PUB_DailyLoadFcst,2026,https://reports.sem-o.com/documents/PUB_DailyLoadFcst_202609231400.xml,semo/market_signals/PUB_DailyLoadFcst/2026/09/PUB_DailyLoadFcst_202609231400.xml,Review the SEMO open-data terms and disclaimer before redistribution.,semo-market-v1,data/raw/semo/market_signals/PUB_DailyLoadFcst/2026/09/PUB_DailyLoadFcst_202609231400.xml,71438,02b5c81f37eaa63bda23b8447b855c60c7fad635a69a95e2451e5829f96c81bc,2026-09-23T22:39:14Z,2026-09-22T22:00:00+00:00,2026-09-26T22:00:00+00:00,576
semo_pub_dailyloadfcst_202609231405,SEMO,PUB_DailyLoadFcst,2026,https://reports.sem-o.com/documents/PUB_DailyLoadFcst_202609231405.xml,semo/market_signals/PUB_DailyLoadFcst/2026/09/PUB_DailyLoadFcst_202609231405.xml,Review the SEMO open-data terms and disclaimer before redistribution.,semo-market-v1,data/raw/semo/market_signals/PUB_DailyLoadFcst/2026/09/PUB_DailyLoadFcst_202609231405.xml,71438,a0d58ecfdbaebd28080f97b1cbfa16a9d973c44e2c8ed0e8c08a0bfb83626d89,2026-09-23T22:39:14Z,2026-09-22T22:00:00+00:00,2026-09-26T22:00:00+00:00,576
semo_pub_dailyloadfcst_202609231415,SEMO,PUB_DailyLoadFcst,2026,https://reports.sem-o.com/documents/PUB_DailyLoadFcst_202609231415.xml,semo/market_signals/PUB_DailyLoadFcst/2026/09/PUB_DailyLoadFcst_202609231415.xml,Review the SEMO open-data terms and disclaimer before redistribution.,semo-market-v1,data/raw/semo/market_signals/PUB_DailyLoadFcst/2026/09/PUB_DailyLoadFcst_202609231415.xml,71438,2dd903b998bfbb4dc2929a6873df9e9100676711f5d3b63def70aac8e20c71dc,2026-09-23T22:39:15Z,2026-09-22T22:00:00+00:00,2026-09-26T22:00:00+00:00,576
semo_pub_dailyloadfcst_202609231420,SEMO,PUB_DailyLoadFcst,2026,https://reports.sem-o.com/documents/PUB_DailyLoadFcst_202609231420.xml,semo/market_signals/PUB_DailyLoadFcst/2026/09/PUB_DailyLoadFcst_202609231420.xml,Review the SEMO open-data terms and disclaimer before redistribution.,semo-market-v1,data/raw/semo/market_signals/PUB_DailyLoadFcst/2026/09/PUB_DailyLoadFcst_202609231420.xml,71438,3ae2f552e0a16642e3d28c93c968ee75494bbe183b23fe4dcb56bcc61ff8a52e,2026-09-23T22:39:14Z,2026-09-22T22:00:00+00:00,2026-09-26T22:00:00+00:00,576
semo_pub_dailyloadfcst_202609231430,SEMO,PUB_DailyLoadFcst,2026,https://reports.sem-o.com/documents/PUB_DailyLoadFcst_202609231430.xml,semo/market_signals/PUB_DailyLoadFcst/2026/09/PUB_DailyLoadFcst_202609231430.xml,Review the SEMO open-data terms and disclaimer before redistribution.,semo-market-v1,data/raw/semo/market_signals/PUB_DailyLoadFcst/2026/09/PUB_DailyLoadFcst_202609231430.xml,71438,566b1fe00522eaae8c878c3732cb778124a41f4925463ddb5b5903586c78bebe,2026-09-23T22:39:14Z,2026-09-22T22:00:00+00:00,2026-09-26T22:00:00+00:00,576
semo_pub_dailyloadfcst_202609231435,SEMO,PUB_DailyLoadFcst,2026,https://reports.sem-o.com/documents/PUB_DailyLoadFcst_202609231435.xml,semo/market_signals/PUB_DailyLoadFcst/2026/09/PUB_DailyLoadFcst_202609231435.xml,Review the SEMO open-data terms and disclaimer before redistribution.,semo-market-v1,data/raw/semo/market_signals/PUB_DailyLoadFcst/2026/09/PUB_DailyLoadFcst_202609231435.xml,71438,c82f8861bf96ca2a1b53ddc0333e88e39d91d17ca0ea314cf91633716656253f,2026-09-23T22:39:15Z,2026-09-22T22:00:00+00:00,2026-09-26T22:00:00+00:00,576
semo_pub_dailyloadfcst_202609231445,SEMO,PUB_DailyLoadFcst,2026,https://reports.sem-o.com/documents/PUB_DailyLoadFcst_202609231445.xml,semo/market_signals/PUB_DailyLoadFcst/2026/09/PUB_DailyLoadFcst_202609231445.xml,Review the SEMO open-data terms and disclaimer before redistribution.,semo-market-v1,data/raw/semo/market_signals/PUB_DailyLoadFcst/2026/09/PUB_DailyLoadFcst_202609231445.xml,71438,936a54f2051fd9efa3c09207be8de9c788ea89719d9a725985546a445a0403f5,2026-09-23T22:39:14Z,2026-09-22T22:00:00+00:00,2026-09-26T22:00:00+00:00,576
semo_pub_dailyloadfcst_202609231450,SEMO,PUB_DailyLoadFcst,2026,https://reports.sem-o.com/documents/PUB_DailyLoadFcst_202609231450.xml,semo/market_signals/PUB_DailyLoadFcst/2026/09/PUB_DailyLoadFcst_202609231450.xml,Review the SEMO open-data terms and disclaimer before redistribution.,semo-market-v1,data/raw/semo/market_signals/PUB_DailyLoadFcst/2026/09/PUB_DailyLoadFcst_202609231450.xml,71438,2f89a6519d050fcc7d163030152b055c364464a2d1ea66e803f29e6a32a0efbe,2026-09-23T22:39:14Z,2026-09-22T22:00:00+00:00,2026-09-26T22:00:00+00:00,576
semo_pub_dailyloadfcst_202609231500,SEMO,PUB_DailyLoadFcst,2026,https://reports.sem-o.com/documents/PUB_DailyLoadFcst_202609231500.xml,semo/market_signals/PUB_DailyLoadFcst/2026/09/PUB_DailyLoadFcst_202609231500.xml,Review the SEMO open-data terms and disclaimer before redistribution.,semo-market-v1,data/raw/semo/market_signals/PUB_DailyLoadFcst/2026/09/PUB_DailyLoadFcst_202609231500.xml,71438,69d866914be0175ca0e9215274ed5584c38c6e841dd72d4844ad1cae06487ae6,2026-09-23T22:39:14Z,2026-09-22T22:00:00+00:00,2026-09-26T22:00:00+00:00,576
semo_pub_dailyloadfcst_202609231505,SEMO,PUB_DailyLoadFcst,2026,https://reports.sem-o.com/documents/PUB_DailyLoadFcst_202609231505.xml,semo/market_signals/PUB_DailyLoadFcst/2026/09/PUB_DailyLoadFcst_202609231505.xml,Review the SEMO open-data terms and disclaimer before redistribution.,semo-market-v1,data/raw/semo/market_signals/PUB_DailyLoadFcst/2026/09/PUB_DailyLoadFcst_202609231505.xml,71438,3d0e4c4c7758535d772fbe4d83d3df2c395cd4857dbf543134013e94a6a20c97,2026-09-23T22:39:14Z,2026-09-22T22:00:00+00:00,2026-09-26T22:00:00+00:00,576
semo_pub_dailyloadfcst_202609231515,SEMO,PUB_DailyLoadFcst,2026,https://reports.sem-o.com/documents/PUB_DailyLoadFcst_202609231515.xml,semo/market_signals/PUB_DailyLoadFcst/2026/09/PUB_DailyLoadFcst_202609231515.xml,Review the SEMO open-data terms and disclaimer before redistribution.,semo-market-v1,data/raw/semo/market_signals/PUB_DailyLoadFcst/2026/09/PUB_DailyLoadFcst_202609231515.xml,71438,5a89f474e0683f8f38ae301c0f894a51320cd186588b76edba162d505b0839d7,2026-09-23T22:39:15Z,2026-09-22T22:00:00+00:00,2026-09-26T22:00:00+00:00,576
semo_pub_dailyloadfcst_202609231520,SEMO,PUB_DailyLoadFcst,2026,https://reports.sem-o.com/documents/PUB_DailyLoadFcst_202609231520.xml,semo/market_signals/PUB_DailyLoadFcst/2026/09/PUB_DailyLoadFcst_202609231520.xml,Review the SEMO open-data terms and disclaimer before redistribution.,semo-market-v1,data/raw/semo/market_signals/PUB_DailyLoadFcst/2026/09/PUB_DailyLoadFcst_202609231520.xml,71438,b74e3ea3efc73eca1e3e0fb3f7cfbbcfe1221b9bb988502dac2eb2e76d6e3d53,2026-09-23T22:39:15Z,2026-09-22T22:00:00+00:00,2026-09-26T22:00:00+00:00,576
semo_pub_dailyloadfcst_202609231530,SEMO,PUB_DailyLoadFcst,2026,https://reports.sem-o.com/documents/PUB_DailyLoadFcst_202609231530.xml,semo/market_signals/PUB_DailyLoadFcst/2026/09/PUB_DailyLoadFcst_202609231530.xml,Review the SEMO open-data terms and disclaimer before redistribution.,semo-market-v1,data/raw/semo/market_signals/PUB_DailyLoadFcst/2026/09/PUB_DailyLoadFcst_202609231530.xml,71438,587178804a41d23ecd5c88338f884ed700fbba930407f95287e7603a1696a025,2026-09-23T22:39:15Z,2026-09-22T22:00:00+00:00,2026-09-26T22:00:00+00:00,576
semo_pub_dailyloadfcst_202609231535,SEMO,PUB_DailyLoadFcst,2026,https://reports.sem-o.com/documents/PUB_DailyLoadFcst_202609231535.xml,semo/market_signals/PUB_DailyLoadFcst/2026/09/PUB_DailyLoadFcst_202609231535.xml,Review the SEMO open-data terms and disclaimer before redistribution.,semo-market-v1,data/raw/semo/market_signals/PUB_DailyLoadFcst/2026/09/PUB_DailyLoadFcst_202609231535.xml,71437,3d282e1c81971fbcfd012a1744cec639f42d87e3784e73dea7f83fa47c2c5b29,2026-09-23T22:39:15Z,2026-09-22T22:00:00+00:00,2026-09-26T22:00:00+00:00,576
semo_pub_dailyloadfcst_202609231545,SEMO,PUB_DailyLoadFcst,2026,https://reports.sem-o.com/documents/PUB_DailyLoadFcst_202609231545.xml,semo/market_signals/PUB_DailyLoadFcst/2026/09/PUB_DailyLoadFcst_202609231545.xml,Review the SEMO open-data terms and disclaimer before redistribution.,semo-market-v1,data/raw/semo/market_signals/PUB_DailyLoadFcst/2026/09/PUB_DailyLoadFcst_202609231545.xml,71437,662ed9c4e6da136408c6b12d2909327f40bd230c6d960ea61dc9a3e532dfb569,2026-09-23T22:39:15Z,2026-09-22T22:00:00+00:00,2026-09-26T22:00:00+00:00,576
semo_pub_dailyloadfcst_202609231550,SEMO,PUB_DailyLoadFcst,2026,https://reports.sem-o.com/documents/PUB_DailyLoadFcst_202609231550.xml,semo/market_signals/PUB_DailyLoadFcst/2026/09/PUB_DailyLoadFcst_202609231550.xml,Review the SEMO open-data terms and disclaimer before redistribution.,semo-market-v1,data/raw/semo/market_signals/PUB_DailyLoadFcst/2026/09/PUB_DailyLoadFcst_202609231550.xml,71437,c453f42e0d6ae1760124700bba17ad4c8a251384c7799c632951cbfc6e63ea60,2026-09-23T22:39:15Z,2026-09-22T22:00:00+00:00,2026-09-26T22:00:00+00:00,576
semo_pub_dailyloadfcst_202609231600,SEMO,PUB_DailyLoadFcst,2026,https://reports.sem-o.com/documents/PUB_DailyLoadFcst_202609231600.xml,semo/market_signals/PUB_DailyLoadFcst/2026/09/PUB_DailyLoadFcst_202609231600.xml,Review the SEMO open-data terms and disclaimer before redistribution.,semo-market-v1,data/raw/semo/market_signals/PUB_DailyLoadFcst/2026/09/PUB_DailyLoadFcst_202609231600.xml,71437,b8a1b73a9599e85be2385fe397234b45ca1272a184931d645c277601fce4bc4d,2026-09-23T22:39:15Z,2026-09-22T22:00:00+00:00,2026-09-26T22:00:00+00:00,576
semo_pub_dailyloadfcst_202609231605,SEMO,PUB_DailyLoadFcst,2026,https://reports.sem-o.com/documents/PUB_DailyLoadFcst_202609231605.xml,semo/market_signals/PUB_DailyLoadFcst/2026/09/PUB_DailyLoadFcst_202609231605.xml,Review the SEMO open-data terms and disclaimer before redistribution.,semo-market-v1,data/raw/semo/market_signals/PUB_DailyLoadFcst/2026/09/PUB_DailyLoadFcst_202609231605.xml,71437,989bf37342e50a525276bfd6ed6030a801429e545451f2895f79da3a6ab726c7,2026-09-23T22:39:15Z,2026-09-22T22:00:00+00:00,2026-09-26T22:00:00+00:00,576
semo_pub_dailyloadfcst_202609231615,SEMO,PUB_DailyLoadFcst,2026,https://reports.sem-o.com/documents/PUB_DailyLoadFcst_202609231615.xml,semo/market_signals/PUB_DailyLoadFcst/2026/09/PUB_DailyLoadFcst_202609231615.xml,Review the SEMO open-data terms and disclaimer before redistribution.,semo-market-v1,data/raw/semo/market_signals/PUB_DailyLoadFcst/2026/09/PUB_DailyLoadFcst_202609231615.xml,71437,494047ed0c0e57229e8c6851cde877ac9d84dde6fe2eb73ce9fb966f86ac8dd9,2026-09-23T22:39:15Z,2026-09-22T22:00:00+00:00,2026-09-26T22:00:00+00:00,576
semo_pub_dailyloadfcst_202609231620,SEMO,PUB_DailyLoadFcst,2026,https://reports.sem-o.com/documents/PUB_DailyLoadFcst_202609231620.xml,semo/market_signals/PUB_DailyLoadFcst/2026/09/PUB_DailyLoadFcst_202609231620.xml,Review the SEMO open-data terms and disclaimer before redistribution.,semo-market-v1,data/raw/semo/market_signals/PUB_DailyLoadFcst/2026/09/PUB_DailyLoadFcst_202609231620.xml,71437,15791ac8c9a258c138fc7813a85dec961d0598cc68ee1663036aee2509700e3a,2026-09-23T22:39:15Z,2026-09-22T22:00:00+00:00,2026-09-26T22:00:00+00:00,576
semo_pub_dailyloadfcst_202609231630,SEMO,PUB_DailyLoadFcst,2026,https://reports.sem-o.com/documents/PUB_DailyLoadFcst_202609231630.xml,semo/market_signals/PUB_DailyLoadFcst/2026/09/PUB_DailyLoadFcst_202609231630.xml,Review the SEMO open-data terms and disclaimer before redistribution.,semo-market-v1,data/raw/semo/market_signals/PUB_DailyLoadFcst/2026/09/PUB_DailyLoadFcst_202609231630.xml,71437,48c6817be7423d4c3354a0ae649189ee1e5534c73bb21117c92a806ebfd595fa,2026-09-23T22:39:15Z,2026-09-22T22:00:00+00:00,2026-09-26T22:00:00+00:00,576
semo_pub_dailyloadfcst_202609231635,SEMO,PUB_DailyLoadFcst,2026,https://reports.sem-o.com/documents/PUB_DailyLoadFcst_202609231635.xml,semo/market_signals/PUB_DailyLoadFcst/2026/09/PUB_DailyLoadFcst_202609231635.xml,Review the SEMO open-data terms and disclaimer before redistribution.,semo-market-v1,data/raw/semo/market_signals/PUB_DailyLoadFcst/2026/09/PUB_DailyLoadFcst_202609231635.xml,71437,2e966955b6544c2793d3bf91567f60ef9e3728322c92bfe8bef9cb4f3eff0528,2026-09-23T22:39:15Z,2026-09-22T22:00:00+00:00,2026-09-26T22:00:00+00:00,576
semo_pub_dailyloadfcst_202609231645,SEMO,PUB_DailyLoadFcst,2026,https://reports.sem-o.com/documents/PUB_DailyLoadFcst_202609231645.xml,semo/market_signals/PUB_DailyLoadFcst/2026/09/PUB_DailyLoadFcst_202609231645.xml,Review the SEMO open-data terms and disclaimer before redistribution.,semo-market-v1,data/raw/semo/market_signals/PUB_DailyLoadFcst/2026/09/PUB_DailyLoadFcst_202609231645.xml,71437,5a2d32f806b0d48a8bcaf5f06a179da7cd30c97d63789e351a47b507058c7afd,2026-09-23T22:39:15Z,2026-09-22T22:00:00+00:00,2026-09-26T22:00:00+00:00,576
semo_pub_dailyloadfcst_202609231650,SEMO,PUB_DailyLoadFcst,2026,https://reports.sem-o.com/documents/PUB_DailyLoadFcst_202609231650.xml,semo/market_signals/PUB_DailyLoadFcst/2026/09/PUB_DailyLoadFcst_202609231650.xml,Review the SEMO open-data terms and disclaimer before redistribution.,semo-market-v1,data/raw/semo/market_signals/PUB_DailyLoadFcst/2026/09/PUB_DailyLoadFcst_202609231650.xml,71437,15c88f03fc017e1bf60a785bc1dfb2e0846f81263eaa745e11eef5769bcf6f7e,2026-09-23T22:39:15Z,2026-09-22T22:00:00+00:00,2026-09-26T22:00:00+00:00,576
semo_pub_dailyloadfcst_202609231700,SEMO,PUB_DailyLoadFcst,2026,https://reports.sem-o.com/documents/PUB_DailyLoadFcst_202609231700.xml,semo/market_signals/PUB_DailyLoadFcst/2026/09/PUB_DailyLoadFcst_202609231700.xml,Review the SEMO open-data terms and disclaimer before redistribution.,semo-market-v1,data/raw/semo/market_signals/PUB_DailyLoadFcst/2026/09/PUB_DailyLoadFcst_202609231700.xml,71437,083d7b79bdbf7073db4dad1ae921b71b4b8d297bf3067feb6658056810b02062,2026-09-23T22:39:15Z,2026-09-22T22:00:00+00:00,2026-09-26T22:00:00+00:00,576
semo_pub_dailyloadfcst_202609231705,SEMO,PUB_DailyLoadFcst,2026,https://reports.sem-o.com/documents/PUB_DailyLoadFcst_202609231705.xml,semo/market_signals/PUB_DailyLoadFcst/2026/09/PUB_DailyLoadFcst_202609231705.xml,Review the SEMO open-data terms and disclaimer before redistribution.,semo-market-v1,data/raw/semo/market_signals/PUB_DailyLoadFcst/2026/09/PUB_DailyLoadFcst_202609231705.xml,71437,d53ef5ea7a8f9936d6772182accf92821e210a6e8d3737385d292c48882e61b6,2026-09-23T22:39:15Z,2026-09-22T22:00:00+00:00,2026-09-26T22:00:00+00:00,576
semo_pub_dailyloadfcst_202609231715,SEMO,PUB_DailyLoadFcst,2026,https://reports.sem-o.com/documents/PUB_DailyLoadFcst_202609231715.xml,semo/market_signals/PUB_DailyLoadFcst/2026/09/PUB_DailyLoadFcst_202609231715.xml,Review the SEMO open-data terms and disclaimer before redistribution.,semo-market-v1,data/raw/semo/market_signals/PUB_DailyLoadFcst/2026/09/PUB_DailyLoadFcst_202609231715.xml,71437,8923344c8b0dbaa0364c7f8dcc39d9507cd810b702a9ab0f79cea303c00a3dd6,2026-09-23T22:39:15Z,2026-09-22T22:00:00+00:00,2026-09-26T22:00:00+00:00,576
semo_pub_dailyloadfcst_202609231720,SEMO,PUB_DailyLoadFcst,2026,https://reports.sem-o.com/documents/PUB_DailyLoadFcst_202609231720.xml,semo/market_signals/PUB_DailyLoadFcst/2026/09/PUB_DailyLoadFcst_202609231720.xml,Review the SEMO open-data terms and disclaimer before redistribution.,semo-market-v1,data/raw/semo/market_signals/PUB_DailyLoadFcst/2026/09/PUB_DailyLoadFcst_202609231720.xml,71437,ff57959f76a6e781a2b467a0af4b75bf7fd8f5d3ba44c4487fac446128856f37,2026-09-23T22:39:15Z,2026-09-22T22:00:00+00:00,2026-09-26T22:00:00+00:00,576
semo_pub_dailyloadfcst_202609231730,SEMO,PUB_DailyLoadFcst,2026,https://reports.sem-o.com/documents/PUB_DailyLoadFcst_202609231730.xml,semo/market_signals/PUB_DailyLoadFcst/2026/09/PUB_DailyLoadFcst_202609231730.xml,Review the SEMO open-data terms and disclaimer before redistribution.,semo-market-v1,data/raw/semo/market_signals/PUB_DailyLoadFcst/2026/09/PUB_DailyLoadFcst_202609231730.xml,71437,d576bbe9948dcc08946ef2074e9948009cb5977077de457311c4b487bc5e81e3,2026-09-23T22:39:15Z,2026-09-22T22:00:00+00:00,2026-09-26T22:00:00+00:00,576
semo_pub_dailyloadfcst_202609231735,SEMO,PUB_DailyLoadFcst,2026,https://reports.sem-o.com/documents/PUB_DailyLoadFcst_202609231735.xml,semo/market_signals/PUB_DailyLoadFcst/2026/09/PUB_DailyLoadFcst_202609231735.xml,Review the SEMO open-data terms and disclaimer before redistribution.,semo-market-v1,data/raw/semo/market_signals/PUB_DailyLoadFcst/2026/09/PUB_DailyLoadFcst_202609231735.xml,71437,13593c2a29c4d3af22acc34a91e283af1166a209f5459258ce2779328050e936,2026-09-23T22:39:15Z,2026-09-22T22:00:00+00:00,2026-09-26T22:00:00+00:00,576
semo_pub_dailyloadfcst_202609231745,SEMO,PUB_DailyLoadFcst,2026,https://reports.sem-o.com/documents/PUB_DailyLoadFcst_202609231745.xml,semo/market_signals/PUB_DailyLoadFcst/2026/09/PUB_DailyLoadFcst_202609231745.xml,Review the SEMO open-data terms and disclaimer before redistribution.,semo-market-v1,data/raw/semo/market_signals/PUB_DailyLoadFcst/2026/09/PUB_DailyLoadFcst_202609231745.xml,71437,190cbf898f9db22b9929df8610e5730e11a90c711ce5cd290c61631c6090b5de,2026-09-23T22:39:15Z,2026-09-22T22:00:00+00:00,2026-09-26T22:00:00+00:00,576
semo_pub_dailyloadfcst_202609231750,SEMO,PUB_DailyLoadFcst,2026,https://reports.sem-o.com/documents/PUB_DailyLoadFcst_202609231750.xml,semo/market_signals/PUB_DailyLoadFcst/2026/09/PUB_DailyLoadFcst_202609231750.xml,Review the SEMO open-data terms and disclaimer before redistribution.,semo-market-v1,data/raw/semo/market_signals/PUB_DailyLoadFcst/2026/09/PUB_DailyLoadFcst_202609231750.xml,71437,f85225d992b3d8f0cfaa2780a0f45ce3205ec60797701b12ecb30d320b951366,2026-09-23T22:39:15Z,2026-09-22T22:00:00+00:00,2026-09-26T22:00:00+00:00,576
semo_pub_dailyloadfcst_202609231800,SEMO,PUB_DailyLoadFcst,2026,https://reports.sem-o.com/documents/PUB_DailyLoadFcst_202609231800.xml,semo/market_signals/PUB_DailyLoadFcst/2026/09/PUB_DailyLoadFcst_202609231800.xml,Review the SEMO open-data terms and disclaimer before redistribution.,semo-market-v1,data/raw/semo/market_signals/PUB_DailyLoadFcst/2026/09/PUB_DailyLoadFcst_202609231800.xml,71437,7e1e9423e36be395f562db0d826d1734ed27eb2f9e4616f9ab0db6cf89c403fb,2026-09-23T22:39:15Z,2026-09-22T22:00:00+00:00,2026-09-26T22:00:00+00:00,576
semo_pub_dailyloadfcst_202609231805,SEMO,PUB_DailyLoadFcst,2026,https://reports.sem-o.com/documents/PUB_DailyLoadFcst_202609231805.xml,semo/market_signals/PUB_DailyLoadFcst/2026/09/PUB_DailyLoadFcst_202609231805.xml,Review the SEMO open-data terms and disclaimer before redistribution.,semo-market-v1,data/raw/semo/market_signals/PUB_DailyLoadFcst/2026/09/PUB_DailyLoadFcst_202609231805.xml,71437,04be25b991e6802eb100ff186e8257351019a6e1eff5e98f8731a7b766ecdecf,2026-09-23T22:39:15Z,2026-09-22T22:00:00+00:00,2026-09-26T22:00:00+00:00,576
semo_pub_dailyloadfcst_202609231815,SEMO,PUB_DailyLoadFcst,2026,https://reports.sem-o.com/documents/PUB_DailyLoadFcst_202609231815.xml,semo/market_signals/PUB_DailyLoadFcst/2026/09/PUB_DailyLoadFcst_202609231815.xml,Review the SEMO open-data terms and disclaimer before redistribution.,semo-market-v1,data/raw/semo/market_signals/PUB_DailyLoadFcst/2026/09/PUB_DailyLoadFcst_202609231815.xml,71437,fa4161c50e37e507b1c32179e64addb4fe8f880cb8e8c38e6bf2c8bfdeb5fda2,2026-09-23T22:39:15Z,2026-09-22T22:00:00+00:00,2026-09-26T22:00:00+00:00,576
semo_pub_dailyloadfcst_202609231820,SEMO,PUB_DailyLoadFcst,2026,https://reports.sem-o.com/documents/PUB_DailyLoadFcst_202609231820.xml,semo/market_signals/PUB_DailyLoadFcst/2026/09/PUB_DailyLoadFcst_202609231820.xml,Review the SEMO open-data terms and disclaimer before redistribution.,semo-market-v1,data/raw/semo/market_signals/PUB_DailyLoadFcst/2026/09/PUB_DailyLoadFcst_202609231820.xml,71437,f617e5119f7cc8a2ab2301f5e430b894e879343aac444a95484d4b7e3d8ba892,2026-09-23T22:39:15Z,2026-09-22T22:00:00+00:00,2026-09-26T22:00:00+00:00,576
semo_pub_dailyloadfcst_202609231830,SEMO,PUB_DailyLoadFcst,2026,https://reports.sem-o.com/documents/PUB_DailyLoadFcst_202609231830.xml,semo/market_signals/PUB_DailyLoadFcst/2026/09/PUB_DailyLoadFcst_202609231830.xml,Review the SEMO open-data terms and disclaimer before redistribution.,semo-market-v1,data/raw/semo/market_signals/PUB_DailyLoadFcst/2026/09/PUB_DailyLoadFcst_202609231830.xml,71437,01ad9cbd3cdd1e65fe28b4d4caac635b8120bbf22340e62944c66d95f388611f,2026-09-23T22:39:15Z,2026-09-22T22:00:00+00:00,2026-09-26T22:00:00+00:00,576
semo_pub_dailyloadfcst_202609231835,SEMO,PUB_DailyLoadFcst,2026,https://reports.sem-o.com/documents/PUB_DailyLoadFcst_202609231835.xml,semo/market_signals/PUB_DailyLoadFcst/2026/09/PUB_DailyLoadFcst_202609231835.xml,Review the SEMO open-data terms and disclaimer before redistribution.,semo-market-v1,data/raw/semo/market_signals/PUB_DailyLoadFcst/2026/09/PUB_DailyLoadFcst_202609231835.xml,71436,8128dc0ef62f4be06c8ac4e95b230be0ec190d5df4bc7873038d41efd35a65c2,2026-09-23T22:39:15Z,2026-09-22T22:00:00+00:00,2026-09-26T22:00:00+00:00,576
semo_pub_dailyloadfcst_202609231845,SEMO,PUB_DailyLoadFcst,2026,https://reports.sem-o.com/documents/PUB_DailyLoadFcst_202609231845.xml,semo/market_signals/PUB_DailyLoadFcst/2026/09/PUB_DailyLoadFcst_202609231845.xml,Review the SEMO open-data terms and disclaimer before redistribution.,semo-market-v1,data/raw/semo/market_signals/PUB_DailyLoadFcst/2026/09/PUB_DailyLoadFcst_202609231845.xml,71436,46af58a284c32da4a872d53f8bbd3ffa40294d211a18dd4ab064f706069403d6,2026-09-23T22:39:15Z,2026-09-22T22:00:00+00:00,2026-09-26T22:00:00+00:00,576
semo_pub_dailyloadfcst_202609231850,SEMO,PUB_DailyLoadFcst,2026,https://reports.sem-o.com/documents/PUB_DailyLoadFcst_202609231850.xml,semo/market_signals/PUB_DailyLoadFcst/2026/09/PUB_DailyLoadFcst_202609231850.xml,Review the SEMO open-data terms and disclaimer before redistribution.,semo-market-v1,data/raw/semo/market_signals/PUB_DailyLoadFcst/2026/09/PUB_DailyLoadFcst_202609231850.xml,71436,f6bfabab387a7dc3d9a1538f5464f9b6f95237c0acd4c8a764700bc1aead1ca5,2026-09-23T22:39:15Z,2026-09-22T22:00:00+00:00,2026-09-26T22:00:00+00:00,576
semo_pub_dailyloadfcst_202609231900,SEMO,PUB_DailyLoadFcst,2026,https://reports.sem-o.com/documents/PUB_DailyLoadFcst_202609231900.xml,semo/market_signals/PUB_DailyLoadFcst/2026/09/PUB_DailyLoadFcst_202609231900.xml,Review the SEMO open-data terms and disclaimer before redistribution.,semo-market-v1,data/raw/semo/market_signals/PUB_DailyLoadFcst/2026/09/PUB_DailyLoadFcst_202609231900.xml,71436,00a71e92837530f95f63e5caa782a57340cafe8b0cdfdfee8393cf0be60091e7,2026-09-23T22:39:15Z,2026-09-22T22:00:00+00:00,2026-09-26T22:00:00+00:00,576
semo_pub_dailyloadfcst_202609231905,SEMO,PUB_DailyLoadFcst,2026,https://reports.sem-o.com/documents/PUB_DailyLoadFcst_202609231905.xml,semo/market_signals/PUB_DailyLoadFcst/2026/09/PUB_DailyLoadFcst_202609231905.xml,Review the SEMO open-data terms and disclaimer before redistribution.,semo-market-v1,data/raw/semo/market_signals/PUB_DailyLoadFcst/2026/09/PUB_DailyLoadFcst_202609231905.xml,71436,d9b37bf6f01022fd87d6fd279cb6e786cd1a51dc105746df1d14f0d8520dbfe5,2026-09-23T22:39:15Z,2026-09-22T22:00:00+00:00,2026-09-26T22:00:00+00:00,576
semo_pub_dailyloadfcst_202609231915,SEMO,PUB_DailyLoadFcst,2026,https://reports.sem-o.com/documents/PUB_DailyLoadFcst_202609231915.xml,semo/market_signals/PUB_DailyLoadFcst/2026/09/PUB_DailyLoadFcst_202609231915.xml,Review the SEMO open-data terms and disclaimer before redistribution.,semo-market-v1,data/raw/semo/market_signals/PUB_DailyLoadFcst/2026/09/PUB_DailyLoadFcst_202609231915.xml,71436,f407974143c3fb2a71607ddfa40d2b4970512eddb2db997382860542dc04ec8e,2026-09-23T22:39:15Z,2026-09-22T22:00:00+00:00,2026-09-26T22:00:00+00:00,576
semo_pub_dailyloadfcst_202609231920,SEMO,PUB_DailyLoadFcst,2026,https://reports.sem-o.com/documents/PUB_DailyLoadFcst_202609231920.xml,semo/market_signals/PUB_DailyLoadFcst/2026/09/PUB_DailyLoadFcst_202609231920.xml,Review the SEMO open-data terms and disclaimer before redistribution.,semo-market-v1,data/raw/semo/market_signals/PUB_DailyLoadFcst/2026/09/PUB_DailyLoadFcst_202609231920.xml,71436,2995966150c85a6e2a456b1f9c4ff020f0ddbf14ca34f9684fd424613e484697,2026-09-23T22:39:15Z,2026-09-22T22:00:00+00:00,2026-09-26T22:00:00+00:00,576
semo_pub_dailyloadfcst_202609231930,SEMO,PUB_DailyLoadFcst,2026,https://reports.sem-o.com/documents/PUB_DailyLoadFcst_202609231930.xml,semo/market_signals/PUB_DailyLoadFcst/2026/09/PUB_DailyLoadFcst_202609231930.xml,Review the SEMO open-data terms and disclaimer before redistribution.,semo-market-v1,data/raw/semo/market_signals/PUB_DailyLoadFcst/2026/09/PUB_DailyLoadFcst_202609231930.xml,71436,35f5ef63ee86df9d64f7ad474edc9ceba34b3f140f85244801f171d510471a21,2026-09-23T22:39:15Z,2026-09-22T22:00:00+00:00,2026-09-26T22:00:00+00:00,576
semo_pub_dailyloadfcst_202609231935,SEMO,PUB_DailyLoadFcst,2026,https://reports.sem-o.com/documents/PUB_DailyLoadFcst_202609231935.xml,semo/market_signals/PUB_DailyLoadFcst/2026/09/PUB_DailyLoadFcst_202609231935.xml,Review the SEMO open-data terms and disclaimer before redistribution.,semo-market-v1,data/raw/semo/market_signals/PUB_DailyLoadFcst/2026/09/PUB_DailyLoadFcst_202609231935.xml,71436,400c29130b57c6a7ef1eb0b0ab8513f9953a3f387bee94e430ddef9131859cb0,2026-09-23T22:39:15Z,2026-09-22T22:00:00+00:00,2026-09-26T22:00:00+00:00,576
semo_pub_dailyloadfcst_202609231945,SEMO,PUB_DailyLoadFcst,2026,https://reports.sem-o.com/documents/PUB_DailyLoadFcst_202609231945.xml,semo/market_signals/PUB_DailyLoadFcst/2026/09/PUB_DailyLoadFcst_202609231945.xml,Review the SEMO open-data terms and disclaimer before redistribution.,semo-market-v1,data/raw/semo/market_signals/PUB_DailyLoadFcst/2026/09/PUB_DailyLoadFcst_202609231945.xml,71436,e94f4b28a04802f7cfa0dc393024414c440c0e2eb7a2d94764a9331b918341ec,2026-09-23T22:39:15Z,2026-09-22T22:00:00+00:00,2026-09-26T22:00:00+00:00,576
semo_pub_dailyloadfcst_202609231950,SEMO,PUB_DailyLoadFcst,2026,https://reports.sem-o.com/documents/PUB_DailyLoadFcst_202609231950.xml,semo/market_signals/PUB_DailyLoadFcst/2026/09/PUB_DailyLoadFcst_202609231950.xml,Review the SEMO open-data terms and disclaimer before redistribution.,semo-market-v1,data/raw/semo/market_signals/PUB_DailyLoadFcst/2026/09/PUB_DailyLoadFcst_202609231950.xml,71436,98f6aabcf55735986f1a95d835a254b360f6b45a333b3b307ae8c78f517666ff,2026-09-23T22:39:15Z,2026-09-22T22:00:00+00:00,2026-09-26T22:00:00+00:00,576
semo_pub_dailyloadfcst_202609232000,SEMO,PUB_DailyLoadFcst,2026,https://reports.sem-o.com/documents/PUB_DailyLoadFcst_202609232000.xml,semo/market_signals/PUB_DailyLoadFcst/2026/09/PUB_DailyLoadFcst_202609232000.xml,Review the SEMO open-data terms and disclaimer before redistribution.,semo-market-v1,data/raw/semo/market_signals/PUB_DailyLoadFcst/2026/09/PUB_DailyLoadFcst_202609232000.xml,71436,b28be0b5f00a9b93d91387c20dcfd1361364951713d41c94ba2e436b19da33a2,2026-09-23T22:39:15Z,2026-09-22T22:00:00+00:00,2026-09-26T22:00:00+00:00,576
semo_pub_dailyloadfcst_202609232005,SEMO,PUB_DailyLoadFcst,2026,https://reports.sem-o.com/documents/PUB_DailyLoadFcst_202609232005.xml,semo/market_signals/PUB_DailyLoadFcst/2026/09/PUB_DailyLoadFcst_202609232005.xml,Review the SEMO open-data terms and disclaimer before redistribution.,semo-market-v1,data/raw/semo/market_signals/PUB_DailyLoadFcst/2026/09/PUB_DailyLoadFcst_202609232005.xml,71436,520209d9d2fa64eadf48d4ebc3c1422738951f671ff25fb1f965ea5e49ad3961,2026-09-23T22:39:15Z,2026-09-22T22:00:00+00:00,2026-09-26T22:00:00+00:00,576
semo_pub_dailyloadfcst_202609232015,SEMO,PUB_DailyLoadFcst,2026,https://reports.sem-o.com/documents/PUB_DailyLoadFcst_202609232015.xml,semo/market_signals/PUB_DailyLoadFcst/2026/09/PUB_DailyLoadFcst_202609232015.xml,Review the SEMO open-data terms and disclaimer before redistribution.,semo-market-v1,data/raw/semo/market_signals/PUB_DailyLoadFcst/2026/09/PUB_DailyLoadFcst_202609232015.xml,71436,19cd6e0453f54d713bd916aa0e60bcb6d17b580c09ab8a0b8fe5ec33589a4e87,2026-09-23T22:39:15Z,2026-09-22T22:00:00+00:00,2026-09-26T22:00:00+00:00,576
semo_pub_dailyloadfcst_202609232020,SEMO,PUB_DailyLoadFcst,2026,https://reports.sem-o.com/documents/PUB_DailyLoadFcst_202609232020.xml,semo/market_signals/PUB_DailyLoadFcst/2026/09/PUB_DailyLoadFcst_202609232020.xml,Review the SEMO open-data terms and disclaimer before redistribution.,semo-market-v1,data/raw/semo/market_signals/PUB_DailyLoadFcst/2026/09/PUB_DailyLoadFcst_202609232020.xml,71436,e6fff4dc4cbd2f37a070a76b9dbed65ab870e2a44d435e3972210be7b50d250f,2026-09-23T22:39:15Z,2026-09-22T22:00:00+00:00,2026-09-26T22:00:00+00:00,576
semo_pub_dailyloadfcst_202609232030,SEMO,PUB_DailyLoadFcst,2026,https://reports.sem-o.com/documents/PUB_DailyLoadFcst_202609232030.xml,semo/market_signals/PUB_DailyLoadFcst/2026/09/PUB_DailyLoadFcst_202609232030.xml,Review the SEMO open-data terms and disclaimer before redistribution.,semo-market-v1,data/raw/semo/market_signals/PUB_DailyLoadFcst/2026/09/PUB_DailyLoadFcst_202609232030.xml,71436,5d47747746de1e628424fa59f9ef76232b7a570692b5c9737d00768c6772d3ce,2026-09-23T22:39:15Z,2026-09-22T22:00:00+00:00,2026-09-26T22:00:00+00:00,576
semo_pub_dailyloadfcst_202609232035,SEMO,PUB_DailyLoadFcst,2026,https://reports.sem-o.com/documents/PUB_DailyLoadFcst_202609232035.xml,semo/market_signals/PUB_DailyLoadFcst/2026/09/PUB_DailyLoadFcst_202609232035.xml,Review the SEMO open-data terms and disclaimer before redistribution.,semo-market-v1,data/raw/semo/market_signals/PUB_DailyLoadFcst/2026/09/PUB_DailyLoadFcst_202609232035.xml,71436,a5038908326986ec5d53ee460d0e606f888c91729bf978097f7090d74628603f,2026-09-23T22:39:15Z,2026-09-22T22:00:00+00:00,2026-09-26T22:00:00+00:00,576
semo_pub_dailyloadfcst_202609232045,SEMO,PUB_DailyLoadFcst,2026,https://reports.sem-o.com/documents/PUB_DailyLoadFcst_202609232045.xml,semo/market_signals/PUB_DailyLoadFcst/2026/09/PUB_DailyLoadFcst_202609232045.xml,Review the SEMO open-data terms and disclaimer before redistribution.,semo-market-v1,data/raw/semo/market_signals/PUB_DailyLoadFcst/2026/09/PUB_DailyLoadFcst_202609232045.xml,71436,f7c894daeacdc5a0bef7781a4632e30cb5b60dfdab91267d3bde28a3e6ecd8e0,2026-09-23T22:39:15Z,2026-09-22T22:00:00+00:00,2026-09-26T22:00:00+00:00,576
semo_pub_dailyloadfcst_202609232050,SEMO,PUB_DailyLoadFcst,2026,https://reports.sem-o.com/documents/PUB_DailyLoadFcst_202609232050.xml,semo/market_signals/PUB_DailyLoadFcst/2026/09/PUB_DailyLoadFcst_202609232050.xml,Review the SEMO open-data terms and disclaimer before redistribution.,semo-market-v1,data/raw/semo/market_signals/PUB_DailyLoadFcst/2026/09/PUB_DailyLoadFcst_202609232050.xml,71436,7102a14c2f415defc430dd5ec5b1b69df2dfb87a23f22eab05383a5e4a4e1046,2026-09-23T22:39:15Z,2026-09-22T22:00:00+00:00,2026-09-26T22:00:00+00:00,576
semo_pub_dailyloadfcst_202609232100,SEMO,PUB_DailyLoadFcst,2026,https://reports.sem-o.com/documents/PUB_DailyLoadFcst_202609232100.xml,semo/market_signals/PUB_DailyLoadFcst/2026/09/PUB_DailyLoadFcst_202609232100.xml,Review the SEMO open-data terms and disclaimer before redistribution.,semo-market-v1,data/raw/semo/market_signals/PUB_DailyLoadFcst/2026/09/PUB_DailyLoadFcst_202609232100.xml,71436,9b1824bee8aa58252297ce39b5d817664bd5b90f66d92052aeaf1d36c5417ad7,2026-09-23T22:39:15Z,2026-09-22T22:00:00+00:00,2026-09-26T22:00:00+00:00,576
semo_pub_dailyloadfcst_202609232105,SEMO,PUB_DailyLoadFcst,2026,https://reports.sem-o.com/documents/PUB_DailyLoadFcst_202609232105.xml,semo/market_signals/PUB_DailyLoadFcst/2026/09/PUB_DailyLoadFcst_202609232105.xml,Review the SEMO open-data terms and disclaimer before redistribution.,semo-market-v1,data/raw/semo/market_signals/PUB_DailyLoadFcst/2026/09/PUB_DailyLoadFcst_202609232105.xml,71436,681526de37e56ccff7d726a9fd8df210f68606790cf3259b855703348db16ddb,2026-09-23T22:39:15Z,2026-09-22T22:00:00+00:00,2026-09-26T22:00:00+00:00,576
semo_pub_dailyloadfcst_202609232115,SEMO,PUB_DailyLoadFcst,2026,https://reports.sem-o.com/documents/PUB_DailyLoadFcst_202609232115.xml,semo/market_signals/PUB_DailyLoadFcst/2026/09/PUB_DailyLoadFcst_202609232115.xml,Review the SEMO open-data terms and disclaimer before redistribution.,semo-market-v1,data/raw/semo/market_signals/PUB_DailyLoadFcst/2026/09/PUB_DailyLoadFcst_202609232115.xml,71436,f85bf1e19080a52369d0ff489fca96e4dc52503589093041693c294541cdde24,2026-09-23T22:39:16Z,2026-09-22T22:00:00+00:00,2026-09-26T22:00:00+00:00,576
semo_pub_dailyloadfcst_202609232120,SEMO,PUB_DailyLoadFcst,2026,https://reports.sem-o.com/documents/PUB_DailyLoadFcst_202609232120.xml,semo/market_signals/PUB_DailyLoadFcst/2026/09/PUB_DailyLoadFcst_202609232120.xml,Review the SEMO open-data terms and disclaimer before redistribution.,semo-market-v1,data/raw/semo/market_signals/PUB_DailyLoadFcst/2026/09/PUB_DailyLoadFcst_202609232120.xml,71436,38b2cf91c36a94d4e8d0dfedfe2e5a3e6c41511a16724b83eb64021408f0cb62,2026-09-23T22:39:16Z,2026-09-22T22:00:00+00:00,2026-09-26T22:00:00+00:00,576
semo_pub_dailyloadfcst_202609232130,SEMO,PUB_DailyLoadFcst,2026,https://reports.sem-o.com/documents/PUB_DailyLoadFcst_202609232130.xml,semo/market_signals/PUB_DailyLoadFcst/2026/09/PUB_DailyLoadFcst_202609232130.xml,Review the SEMO open-data terms and disclaimer before redistribution.,semo-market-v1,data/raw/semo/market_signals/PUB_DailyLoadFcst/2026/09/PUB_DailyLoadFcst_202609232130.xml,71436,3e178914d06cfe4f715615edb66922ec69208313ab29fd2f66fa5da6281cf7ff,2026-09-23T22:39:16Z,2026-09-22T22:00:00+00:00,2026-09-26T22:00:00+00:00,576
semo_pub_dailyloadfcst_202609232135,SEMO,PUB_DailyLoadFcst,2026,https://reports.sem-o.com/documents/PUB_DailyLoadFcst_202609232135.xml,semo/market_signals/PUB_DailyLoadFcst/2026/09/PUB_DailyLoadFcst_202609232135.xml,Review the SEMO open-data terms and disclaimer before redistribution.,semo-market-v1,data/raw/semo/market_signals/PUB_DailyLoadFcst/2026/09/PUB_DailyLoadFcst_202609232135.xml,71436,fc1203e1170a149727a6b631496d6217289d8fd0c27f61e1cf04a905dcb6b3ab,2026-09-23T22:39:16Z,2026-09-22T22:00:00+00:00,2026-09-26T22:00:00+00:00,576
semo_pub_dailyloadfcst_202609232145,SEMO,PUB_DailyLoadFcst,2026,https://reports.sem-o.com/documents/PUB_DailyLoadFcst_202609232145.xml,semo/market_signals/PUB_DailyLoadFcst/2026/09/PUB_DailyLoadFcst_202609232145.xml,Review the SEMO open-data terms and disclaimer before redistribution.,semo-market-v1,data/raw/semo/market_signals/PUB_DailyLoadFcst/2026/09/PUB_DailyLoadFcst_202609232145.xml,71436,b01c9516ed18110ebc38dd319664a8a5f0c45c6617d4da5baa49113837aef9b8,2026-09-23T22:39:16Z,2026-09-22T22:00:00+00:00,2026-09-26T22:00:00+00:00,576
semo_pub_dailyloadfcst_202609232150,SEMO,PUB_DailyLoadFcst,2026,https://reports.sem-o.com/documents/PUB_DailyLoadFcst_202609232150.xml,semo/market_signals/PUB_DailyLoadFcst/2026/09/PUB_DailyLoadFcst_202609232150.xml,Review the SEMO open-data terms and disclaimer before redistribution.,semo-market-v1,data/raw/semo/market_signals/PUB_DailyLoadFcst/2026/09/PUB_DailyLoadFcst_202609232150.xml,71436,e739d5fa5f5f7472f0b7ef04498e9ab1497c6e09c4fb40d14e2fd3dfa16a0ae9,2026-09-23T22:39:16Z,2026-09-22T22:00:00+00:00,2026-09-26T22:00:00+00:00,576
semo_pub_dailyloadfcst_202609232200,SEMO,PUB_DailyLoadFcst,2026,https://reports.sem-o.com/documents/PUB_DailyLoadFcst_202609232200.xml,semo/market_signals/PUB_DailyLoadFcst/2026/09/PUB_DailyLoadFcst_202609232200.xml,Review the SEMO open-data terms and disclaimer before redistribution.,semo-market-v1,data/raw/semo/market_signals/PUB_DailyLoadFcst/2026/09/PUB_DailyLoadFcst_202609232200.xml,71436,8310667a1f42fec1eade1291d162af23634d369a49ef968d0f4fdd3ccd9059c7,2026-09-23T22:39:16Z,2026-09-22T22:00:00+00:00,2026-09-26T22:00:00+00:00,576
semo_pub_dailyloadfcst_202609232205,SEMO,PUB_DailyLoadFcst,2026,https://reports.sem-o.com/documents/PUB_DailyLoadFcst_202609232205.xml,semo/market_signals/PUB_DailyLoadFcst/2026/09/PUB_DailyLoadFcst_202609232205.xml,Review the SEMO open-data terms and disclaimer before redistribution.,semo-market-v1,data/raw/semo/market_signals/PUB_DailyLoadFcst/2026/09/PUB_DailyLoadFcst_202609232205.xml,71436,dc3f3d157a0c0a5427844f18b96b9dc7b7c772ae24e1696a00eb645e5f97b226,2026-09-23T22:39:16Z,2026-09-22T22:00:00+00:00,2026-09-26T22:00:00+00:00,576
semo_pub_dailyloadfcst_202609232215,SEMO,PUB_DailyLoadFcst,2026,https://reports.sem-o.com/documents/PUB_DailyLoadFcst_202609232215.xml,semo/market_signals/PUB_DailyLoadFcst/2026/09/PUB_DailyLoadFcst_202609232215.xml,Review the SEMO open-data terms and disclaimer before redistribution.,semo-market-v1,data/raw/semo/market_signals/PUB_DailyLoadFcst/2026/09/PUB_DailyLoadFcst_202609232215.xml,71436,881514428aab400ef336fcb352709130c49b51e31d8e906ec5ea2c693f7a96ce,2026-09-24T02:06:09Z,2026-09-22T22:00:00+00:00,2026-09-26T22:00:00+00:00,576
semo_pub_dailyloadfcst_202609232220,SEMO,PUB_DailyLoadFcst,2026,https://reports.sem-o.com/documents/PUB_DailyLoadFcst_202609232220.xml,semo/market_signals/PUB_DailyLoadFcst/2026/09/PUB_DailyLoadFcst_202609232220.xml,Review the SEMO open-data terms and disclaimer before redistribution.,semo-market-v1,data/raw/semo/market_signals/PUB_DailyLoadFcst/2026/09/PUB_DailyLoadFcst_202609232220.xml,71436,217bb0f09f8ffa238e1e12d6e4a34300bb0e151bf8a56949350dea887b38c2b6,2026-09-24T02:06:09Z,2026-09-22T22:00:00+00:00,2026-09-26T22:00:00+00:00,576
semo_pub_dailyloadfcst_202609232230,SEMO,PUB_DailyLoadFcst,2026,https://reports.sem-o.com/documents/PUB_DailyLoadFcst_202609232230.xml,semo/market_signals/PUB_DailyLoadFcst/2026/09/PUB_DailyLoadFcst_202609232230.xml,Review the SEMO open-data terms and disclaimer before redistribution.,semo-market-v1,data/raw/semo/market_signals/PUB_DailyLoadFcst/2026/09/PUB_DailyLoadFcst_202609232230.xml,71436,6c0028f0bd314e21c58390f4381b42ea36941b09592057acec5bf33812bbad15,2026-09-24T02:06:09Z,2026-09-22T22:00:00+00:00,2026-09-26T22:00:00+00:00,576
semo_pub_dailyloadfcst_202609232235,SEMO,PUB_DailyLoadFcst,2026,https://reports.sem-o.com/documents/PUB_DailyLoadFcst_202609232235.xml,semo/market_signals/PUB_DailyLoadFcst/2026/09/PUB_DailyLoadFcst_202609232235.xml,Review the SEMO open-data terms and disclaimer before redistribution.,semo-market-v1,data/raw/semo/market_signals/PUB_DailyLoadFcst/2026/09/PUB_DailyLoadFcst_202609232235.xml,71436,6710ac8dd1091ca5d28e7b97662363dc12cbf1ba35c7c4d76c2120eff1fcac78,2026-09-24T02:06:09Z,2026-09-22T22:00:00+00:00,2026-09-26T22:00:00+00:00,576
semo_pub_dailyloadfcst_202609232245,SEMO,PUB_DailyLoadFcst,2026,https://reports.sem-o.com/documents/PUB_DailyLoadFcst_202609232245.xml,semo/market_signals/PUB_DailyLoadFcst/2026/09/PUB_DailyLoadFcst_202609232245.xml,Review the SEMO open-data terms and disclaimer before redistribution.,semo-market-v1,data/raw/semo/market_signals/PUB_DailyLoadFcst/2026/09/PUB_DailyLoadFcst_202609232245.xml,71436,64639dbe614b910dbbe820b7299ab542b73a31ab88e7bac4fee2bb527f5edb69,2026-09-24T02:06:09Z,2026-09-22T22:00:00+00:00,2026-09-26T22:00:00+00:00,576
semo_pub_dailyloadfcst_202609232250,SEMO,PUB_DailyLoadFcst,2026,https://reports.sem-o.com/documents/PUB_DailyLoadFcst_202609232250.xml,semo/market_signals/PUB_DailyLoadFcst/2026/09/PUB_DailyLoadFcst_202609232250.xml,Review the SEMO open-data terms and disclaimer before redistribution.,semo-market-v1,data/raw/semo/market_signals/PUB_DailyLoadFcst/2026/09/PUB_DailyLoadFcst_202609232250.xml,71436,3114f1ebb6d220e50840a57eafbaf0e652f2bbfbec7c6b522f948df41b870125,2026-09-24T02:06:09Z,2026-09-22T22:00:00+00:00,2026-09-26T22:00:00+00:00,576
semo_pub_dailyloadfcst_202609232300,SEMO,PUB_DailyLoadFcst,2026,https://reports.sem-o.com/documents/PUB_DailyLoadFcst_202609232300.xml,semo/market_signals/PUB_DailyLoadFcst/2026/09/PUB_DailyLoadFcst_202609232300.xml,Review the SEMO open-data terms and disclaimer before redistribution.,semo-market-v1,data/raw/semo/market_signals/PUB_DailyLoadFcst/2026/09/PUB_DailyLoadFcst_202609232300.xml,71436,799e093bcf886a35723c200463e4b34c0ce52750a9353e95a2dbb15aa1f9787e,2026-09-24T02:06:09Z,2026-09-22T22:00:00+00:00,2026-09-26T22:00:00+00:00,576
semo_pub_dailyloadfcst_202609232305,SEMO,PUB_DailyLoadFcst,2026,https://reports.sem-o.com/documents/PUB_DailyLoadFcst_202609232305.xml,semo/market_signals/PUB_DailyLoadFcst/2026/09/PUB_DailyLoadFcst_202609232305.xml,Review the SEMO open-data terms and disclaimer before redistribution.,semo-market-v1,data/raw/semo/market_signals/PUB_DailyLoadFcst/2026/09/PUB_DailyLoadFcst_202609232305.xml,53617,3093d53ee8500c51ae08fbe122f3ea40fdaf40229a9e164789df112b5cc88c5c,2026-09-24T02:00:57Z,2026-09-23T22:00:00+00:00,2026-09-26T22:00:00+00:00,432
semo_pub_dailyloadfcst_202609232315,SEMO,PUB_DailyLoadFcst,2026,https://reports.sem-o.com/documents/PUB_DailyLoadFcst_202609232315.xml,semo/market_signals/PUB_DailyLoadFcst/2026/09/PUB_DailyLoadFcst_202609232315.xml,Review the SEMO open-data terms and disclaimer before redistribution.,semo-market-v1,data/raw/semo/market_signals/PUB_DailyLoadFcst/2026/09/PUB_DailyLoadFcst_202609232315.xml,53617,78730c40b37a6a3c37e8750bd0d6dde272aac5c6a8ac7e9ea77f7af16299b916,2026-09-24T02:00:57Z,2026-09-23T22:00:00+00:00,2026-09-26T22:00:00+00:00,432
semo_pub_dailyloadfcst_202609232320,SEMO,PUB_DailyLoadFcst,2026,https://reports.sem-o.com/documents/PUB_DailyLoadFcst_202609232320.xml,semo/market_signals/PUB_DailyLoadFcst/2026/09/PUB_DailyLoadFcst_202609232320.xml,Review the SEMO open-data terms and disclaimer before redistribution.,semo-market-v1,data/raw/semo/market_signals/PUB_DailyLoadFcst/2026/09/PUB_DailyLoadFcst_202609232320.xml,53617,79ebc7ef362dda2aed6715e3d86a89b0f36784b19b47ee1e61155060b87e45fa,2026-09-24T02:00:57Z,2026-09-23T22:00:00+00:00,2026-09-26T22:00:00+00:00,432
semo_pub_dailyloadfcst_202609232330,SEMO,PUB_DailyLoadFcst,2026,https://reports.sem-o.com/documents/PUB_DailyLoadFcst_202609232330.xml,semo/market_signals/PUB_DailyLoadFcst/2026/09/PUB_DailyLoadFcst_202609232330.xml,Review the SEMO open-data terms and disclaimer before redistribution.,semo-market-v1,data/raw/semo/market_signals/PUB_DailyLoadFcst/2026/09/PUB_DailyLoadFcst_202609232330.xml,53617,4a1f4899f7162e70421680a51a609b425c3a1c153c2d64dff41a22a0bdf6b53e,2026-09-24T02:00:57Z,2026-09-23T22:00:00+00:00,2026-09-26T22:00:00+00:00,432
semo_pub_dailyloadfcst_202609232335,SEMO,PUB_DailyLoadFcst,2026,https://reports.sem-o.com/documents/PUB_DailyLoadFcst_202609232335.xml,semo/market_signals/PUB_DailyLoadFcst/2026/09/PUB_DailyLoadFcst_202609232335.xml,Review the SEMO open-data terms and disclaimer before redistribution.,semo-market-v1,data/raw/semo/market_signals/PUB_DailyLoadFcst/2026/09/PUB_DailyLoadFcst_202609232335.xml,53617,cbcba16c087803eea76f650ea65f9ddb2752e27165e39bf44e17d31b8e10a922,2026-09-24T02:00:57Z,2026-09-23T22:00:00+00:00,2026-09-26T22:00:00+00:00,432
semo_pub_dailyloadfcst_202609232345,SEMO,PUB_DailyLoadFcst,2026,https://reports.sem-o.com/documents/PUB_DailyLoadFcst_202609232345.xml,semo/market_signals/PUB_DailyLoadFcst/2026/09/PUB_DailyLoadFcst_202609232345.xml,Review the SEMO open-data terms and disclaimer before redistribution.,semo-market-v1,data/raw/semo/market_signals/PUB_DailyLoadFcst/2026/09/PUB_DailyLoadFcst_202609232345.xml,53617,b3c6b703bdc43b4a391bb33932cfc8f08fd5a3449eb3947b8eba69382c34718a,2026-09-24T02:00:57Z,2026-09-23T22:00:00+00:00,2026-09-26T22:00:00+00:00,432
semo_pub_dailyloadfcst_202609232350,SEMO,PUB_DailyLoadFcst,2026,https://reports.sem-o.com/documents/PUB_DailyLoadFcst_202609232350.xml,semo/market_signals/PUB_DailyLoadFcst/2026/09/PUB_DailyLoadFcst_202609232350.xml,Review the SEMO open-data terms and disclaimer before redistribution.,semo-market-v1,data/raw/semo/market_signals/PUB_DailyLoadFcst/2026/09/PUB_DailyLoadFcst_202609232350.xml,53617,bae576c654594ce42417484abf1c5e805c643ed804d1040384e6865526b1275a,2026-09-24T02:00:57Z,2026-09-23T22:00:00+00:00,2026-09-26T22:00:00+00:00,432
semo_pub_dailyloadfcst_202609240000,SEMO,PUB_DailyLoadFcst,2026,https://reports.sem-o.com/documents/PUB_DailyLoadFcst_202609240000.xml,semo/market_signals/PUB_DailyLoadFcst/2026/09/PUB_DailyLoadFcst_202609240000.xml,Review the SEMO open-data terms and disclaimer before redistribution.,semo-market-v1,data/raw/semo/market_signals/PUB_DailyLoadFcst/2026/09/PUB_DailyLoadFcst_202609240000.xml,53617,72ce0a89ac439dbba7f3ca96d320ca6822a5bc2a4447c77df7462a9c6d0d4acd,2026-09-24T02:00:57Z,2026-09-23T22:00:00+00:00,2026-09-26T22:00:00+00:00,432
semo_pub_dailyloadfcst_202609240005,SEMO,PUB_DailyLoadFcst,2026,https://reports.sem-o.com/documents/PUB_DailyLoadFcst_202609240005.xml,semo/market_signals/PUB_DailyLoadFcst/2026/09/PUB_DailyLoadFcst_202609240005.xml,Review the SEMO open-data terms and disclaimer before redistribution.,semo-market-v1,data/raw/semo/market_signals/PUB_DailyLoadFcst/2026/09/PUB_DailyLoadFcst_202609240005.xml,53617,68b0928965382c6e02dffb5301b88d124c3d5257c1852957f2612caa736cbbd9,2026-09-24T02:00:57Z,2026-09-23T22:00:00+00:00,2026-09-26T22:00:00+00:00,432
semo_pub_dailyloadfcst_202609240015,SEMO,PUB_DailyLoadFcst,2026,https://reports.sem-o.com/documents/PUB_DailyLoadFcst_202609240015.xml,semo/market_signals/PUB_DailyLoadFcst/2026/09/PUB_DailyLoadFcst_202609240015.xml,Review the SEMO open-data terms and disclaimer before redistribution.,semo-market-v1,data/raw/semo/market_signals/PUB_DailyLoadFcst/2026/09/PUB_DailyLoadFcst_202609240015.xml,53617,1ce7eb0e1f8edaf7a7cb6c8bba68e4174bf0d47534b4e9165a5b5e856c9b8dc4,2026-09-24T02:00:57Z,2026-09-23T22:00:00+00:00,2026-09-26T22:00:00+00:00,432
semo_pub_dailyloadfcst_202609240020,SEMO,PUB_DailyLoadFcst,2026,https://reports.sem-o.com/documents/PUB_DailyLoadFcst_202609240020.xml,semo/market_signals/PUB_DailyLoadFcst/2026/09/PUB_DailyLoadFcst_202609240020.xml,Review the SEMO open-data terms and disclaimer before redistribution.,semo-market-v1,data/raw/semo/market_signals/PUB_DailyLoadFcst/2026/09/PUB_DailyLoadFcst_202609240020.xml,53617,10578343ae647fd32cd1e3bf4ac58c3e88fc2ce36426cf66c0d806b7af9e686e,2026-09-24T02:00:57Z,2026-09-23T22:00:00+00:00,2026-09-26T22:00:00+00:00,432
semo_pub_dailyloadfcst_202609240030,SEMO,PUB_DailyLoadFcst,2026,https://reports.sem-o.com/documents/PUB_DailyLoadFcst_202609240030.xml,semo/market_signals/PUB_DailyLoadFcst/2026/09/PUB_DailyLoadFcst_202609240030.xml,Review the SEMO open-data terms and disclaimer before redistribution.,semo-market-v1,data/raw/semo/market_signals/PUB_DailyLoadFcst/2026/09/PUB_DailyLoadFcst_202609240030.xml,53617,061b4e3771a473eeeabb4c7e2252ca3090f0a0dedc70a62492861839aeda857e,2026-09-24T02:00:57Z,2026-09-23T22:00:00+00:00,2026-09-26T22:00:00+00:00,432
semo_pub_dailyloadfcst_202609240035,SEMO,PUB_DailyLoadFcst,2026,https://reports.sem-o.com/documents/PUB_DailyLoadFcst_202609240035.xml,semo/market_signals/PUB_DailyLoadFcst/2026/09/PUB_DailyLoadFcst_202609240035.xml,Review the SEMO open-data terms and disclaimer before redistribution.,semo-market-v1,data/raw/semo/market_signals/PUB_DailyLoadFcst/2026/09/PUB_DailyLoadFcst_202609240035.xml,53617,35f7eea757404692fb2afe4798af113036282b8775b363623a02a3a61e0ddbb3,2026-09-24T02:00:57Z,2026-09-23T22:00:00+00:00,2026-09-26T22:00:00+00:00,432
semo_pub_dailyloadfcst_202609240045,SEMO,PUB_DailyLoadFcst,2026,https://reports.sem-o.com/documents/PUB_DailyLoadFcst_202609240045.xml,semo/market_signals/PUB_DailyLoadFcst/2026/09/PUB_DailyLoadFcst_202609240045.xml,Review the SEMO open-data terms and disclaimer before redistribution.,semo-market-v1,data/raw/semo/market_signals/PUB_DailyLoadFcst/2026/09/PUB_DailyLoadFcst_202609240045.xml,53617,e52c43db989fa82038eb67301d55c0deb57eaac87a845cfe62806892e542b44c,2026-09-24T02:00:57Z,2026-09-23T22:00:00+00:00,2026-09-26T22:00:00+00:00,432
semo_pub_dailyloadfcst_202609240050,SEMO,PUB_DailyLoadFcst,2026,https://reports.sem-o.com/documents/PUB_DailyLoadFcst_202609240050.xml,semo/market_signals/PUB_DailyLoadFcst/2026/09/PUB_DailyLoadFcst_202609240050.xml,Review the SEMO open-data terms and disclaimer before redistribution.,semo-market-v1,data/raw/semo/market_signals/PUB_DailyLoadFcst/2026/09/PUB_DailyLoadFcst_202609240050.xml,53617,8cccc74093b8c63bcf6069c1f652f4f7552ccf7ae52eae989d34004356e5618f,2026-09-24T02:00:57Z,2026-09-23T22:00:00+00:00,2026-09-26T22:00:00+00:00,432
semo_pub_dailyloadfcst_202609240100,SEMO,PUB_DailyLoadFcst,2026,https://reports.sem-o.com/documents/PUB_DailyLoadFcst_202609240100.xml,semo/market_signals/PUB_DailyLoadFcst/2026/09/PUB_DailyLoadFcst_202609240100.xml,Review the SEMO open-data terms and disclaimer before redistribution.,semo-market-v1,data/raw/semo/market_signals/PUB_DailyLoadFcst/2026/09/PUB_DailyLoadFcst_202609240100.xml,66961,0152bb754d5928fe4641d40488cb15f0e7558fce44f2d14945b78b847622f7d0,2026-09-24T02:00:57Z,2026-09-23T22:00:00+00:00,2026-09-27T22:00:00+00:00,480
semo_pub_dailyloadfcst_202609240105,SEMO,PUB_DailyLoadFcst,2026,https://reports.sem-o.com/documents/PUB_DailyLoadFcst_202609240105.xml,semo/market_signals/PUB_DailyLoadFcst/2026/09/PUB_DailyLoadFcst_202609240105.xml,Review the SEMO open-data terms and disclaimer before redistribution.,semo-market-v1,data/raw/semo/market_signals/PUB_DailyLoadFcst/2026/09/PUB_DailyLoadFcst_202609240105.xml,71425,23f90368948f133c487e18e2bf9f227e7fa1703cdc9d4b48a52e98b16adfaa81,2026-09-24T02:00:57Z,2026-09-23T22:00:00+00:00,2026-09-27T22:00:00+00:00,576
semo_pub_dailyloadfcst_202609240115,SEMO,PUB_DailyLoadFcst,2026,https://reports.sem-o.com/documents/PUB_DailyLoadFcst_202609240115.xml,semo/market_signals/PUB_DailyLoadFcst/2026/09/PUB_DailyLoadFcst_202609240115.xml,Review the SEMO open-data terms and disclaimer before redistribution.,semo-market-v1,data/raw/semo/market_signals/PUB_DailyLoadFcst/2026/09/PUB_DailyLoadFcst_202609240115.xml,71425,bdc3a401b2219c01826263bca48e1ae870edad5e502ace4abcad363353c6feb7,2026-09-24T02:00:57Z,2026-09-23T22:00:00+00:00,2026-09-27T22:00:00+00:00,576
semo_pub_dailyloadfcst_202609240120,SEMO,PUB_DailyLoadFcst,2026,https://reports.sem-o.com/documents/PUB_DailyLoadFcst_202609240120.xml,semo/market_signals/PUB_DailyLoadFcst/2026/09/PUB_DailyLoadFcst_202609240120.xml,Review the SEMO open-data terms and disclaimer before redistribution.,semo-market-v1,data/raw/semo/market_signals/PUB_DailyLoadFcst/2026/09/PUB_DailyLoadFcst_202609240120.xml,71425,9a4ce3bc727253587f0004e72efb795a616b6ee44b9fa8e326c0a6e0355cd882,2026-09-24T02:00:57Z,2026-09-23T22:00:00+00:00,2026-09-27T22:00:00+00:00,576
semo_pub_dailyloadfcst_202609240130,SEMO,PUB_DailyLoadFcst,2026,https://reports.sem-o.com/documents/PUB_DailyLoadFcst_202609240130.xml,semo/market_signals/PUB_DailyLoadFcst/2026/09/PUB_DailyLoadFcst_202609240130.xml,Review the SEMO open-data terms and disclaimer before redistribution.,semo-market-v1,data/raw/semo/market_signals/PUB_DailyLoadFcst/2026/09/PUB_DailyLoadFcst_202609240130.xml,71425,5a5d48ef8e476393510c22cb1052f8fe5d459f0cf3c6e9a02c9445d64c1b75e1,2026-09-24T02:00:57Z,2026-09-23T22:00:00+00:00,2026-09-27T22:00:00+00:00,576
semo_pub_dailyloadfcst_202609240135,SEMO,PUB_DailyLoadFcst,2026,https://reports.sem-o.com/documents/PUB_DailyLoadFcst_202609240135.xml,semo/market_signals/PUB_DailyLoadFcst/2026/09/PUB_DailyLoadFcst_202609240135.xml,Review the SEMO open-data terms and disclaimer before redistribution.,semo-market-v1,data/raw/semo/market_signals/PUB_DailyLoadFcst/2026/09/PUB_DailyLoadFcst_202609240135.xml,71425,921bb25fadec110d91fa9a11bad2575c2a35ad844156072f944ae99c217277cd,2026-09-24T02:00:57Z,2026-09-23T22:00:00+00:00,2026-09-27T22:00:00+00:00,576
semo_pub_dailyloadfcst_202609240145,SEMO,PUB_DailyLoadFcst,2026,https://reports.sem-o.com/documents/PUB_DailyLoadFcst_202609240145.xml,semo/market_signals/PUB_DailyLoadFcst/2026/09/PUB_DailyLoadFcst_202609240145.xml,Review the SEMO open-data terms and disclaimer before redistribution.,semo-market-v1,data/raw/semo/market_signals/PUB_DailyLoadFcst/2026/09/PUB_DailyLoadFcst_202609240145.xml,71425,e45434c7da88c32060a8f70b4e82e47eec2320c7dd7d5da66166c00270342cdc,2026-09-24T02:16:13Z,2026-09-23T22:00:00+00:00,2026-09-27T22:00:00+00:00,576
semo_pub_dailyloadfcst_202609240150,SEMO,PUB_DailyLoadFcst,2026,https://reports.sem-o.com/documents/PUB_DailyLoadFcst_202609240150.xml,semo/market_signals/PUB_DailyLoadFcst/2026/09/PUB_DailyLoadFcst_202609240150.xml,Review the SEMO open-data terms and disclaimer before redistribution.,semo-market-v1,data/raw/semo/market_signals/PUB_DailyLoadFcst/2026/09/PUB_DailyLoadFcst_202609240150.xml,71425,473a35f497672913de269a9e39e881a8299746ec3b200b765810d9b16d99aa1c,2026-09-24T02:16:13Z,2026-09-23T22:00:00+00:00,2026-09-27T22:00:00+00:00,576
semo_pub_hlfhrlyaggregatedpn_202609222200,SEMO,PUB_HlfHrlyAggregatedPN,2026,https://reports.sem-o.com/documents/PUB_HlfHrlyAggregatedPN_202609222200.xml,semo/market_signals/PUB_HlfHrlyAggregatedPN/2026/09/PUB_HlfHrlyAggregatedPN_202609222200.xml,Review the SEMO open-data terms and disclaimer before redistribution.,semo-market-v1,data/raw/semo/market_signals/PUB_HlfHrlyAggregatedPN/2026/09/PUB_HlfHrlyAggregatedPN_202609222200.xml,514,dfb104e4c3e379d298704b87e9d9619ddcb013e6c58dc7d2c5534e1115a6d19c,2026-09-23T22:39:51Z,2026-09-22T22:00:00+00:00,2026-09-22T22:30:00+00:00,2
semo_pub_hlfhrlyaggregatedpn_202609222230,SEMO,PUB_HlfHrlyAggregatedPN,2026,https://reports.sem-o.com/documents/PUB_HlfHrlyAggregatedPN_202609222230.xml,semo/market_signals/PUB_HlfHrlyAggregatedPN/2026/09/PUB_HlfHrlyAggregatedPN_202609222230.xml,Review the SEMO open-data terms and disclaimer before redistribution.,semo-market-v1,data/raw/semo/market_signals/PUB_HlfHrlyAggregatedPN/2026/09/PUB_HlfHrlyAggregatedPN_202609222230.xml,514,b7e70e03a9b278edbff1a0ff590fc2abf1f55497d0a3ca22d3bf874f1d25366a,2026-09-23T22:39:51Z,2026-09-22T22:30:00+00:00,2026-09-22T23:00:00+00:00,2
semo_pub_hlfhrlyaggregatedpn_202609222300,SEMO,PUB_HlfHrlyAggregatedPN,2026,https://reports.sem-o.com/documents/PUB_HlfHrlyAggregatedPN_202609222300.xml,semo/market_signals/PUB_HlfHrlyAggregatedPN/2026/09/PUB_HlfHrlyAggregatedPN_202609222300.xml,Review the SEMO open-data terms and disclaimer before redistribution.,semo-market-v1,data/raw/semo/market_signals/PUB_HlfHrlyAggregatedPN/2026/09/PUB_HlfHrlyAggregatedPN_202609222300.xml,514,1e8a7070c4186e3bb765f48b905b0acfb2995e5b6a52aa0e9b14ab96f1b6b7fb,2026-09-23T22:39:51Z,2026-09-22T23:00:00+00:00,2026-09-22T23:30:00+00:00,2
semo_pub_hlfhrlyaggregatedpn_202609222330,SEMO,PUB_HlfHrlyAggregatedPN,2026,https://reports.sem-o.com/documents/PUB_HlfHrlyAggregatedPN_202609222330.xml,semo/market_signals/PUB_HlfHrlyAggregatedPN/2026/09/PUB_HlfHrlyAggregatedPN_202609222330.xml,Review the SEMO open-data terms and disclaimer before redistribution.,semo-market-v1,data/raw/semo/market_signals/PUB_HlfHrlyAggregatedPN/2026/09/PUB_HlfHrlyAggregatedPN_202609222330.xml,514,40b65ecf7e27dd2fdb6c9906b3018782c21eeb39719b8bd79d168d96aacf3385,2026-09-23T22:39:51Z,2026-09-22T23:30:00+00:00,2026-09-23T00:00:00+00:00,2
semo_pub_hlfhrlyaggregatedpn_202609230000,SEMO,PUB_HlfHrlyAggregatedPN,2026,https://reports.sem-o.com/documents/PUB_HlfHrlyAggregatedPN_202609230000.xml,semo/market_signals/PUB_HlfHrlyAggregatedPN/2026/09/PUB_HlfHrlyAggregatedPN_202609230000.xml,Review the SEMO open-data terms and disclaimer before redistribution.,semo-market-v1,data/raw/semo/market_signals/PUB_HlfHrlyAggregatedPN/2026/09/PUB_HlfHrlyAggregatedPN_202609230000.xml,514,f2004747a125b30b6f9b914e0d494ba10bb92b19c84da75820954ba4a46dd0ce,2026-09-23T22:39:51Z,2026-09-23T00:00:00+00:00,2026-09-23T00:30:00+00:00,2
semo_pub_hlfhrlyaggregatedpn_202609230030,SEMO,PUB_HlfHrlyAggregatedPN,2026,https://reports.sem-o.com/documents/PUB_HlfHrlyAggregatedPN_202609230030.xml,semo/market_signals/PUB_HlfHrlyAggregatedPN/2026/09/PUB_HlfHrlyAggregatedPN_202609230030.xml,Review the SEMO open-data terms and disclaimer before redistribution.,semo-market-v1,data/raw/semo/market_signals/PUB_HlfHrlyAggregatedPN/2026/09/PUB_HlfHrlyAggregatedPN_202609230030.xml,514,94e888e44e7d080c67448831b26a08a95bfa5c999c923b11a6d808c4d8a7d199,2026-09-23T22:39:51Z,2026-09-23T00:30:00+00:00,2026-09-23T01:00:00+00:00,2
semo_pub_hlfhrlyaggregatedpn_202609230100,SEMO,PUB_HlfHrlyAggregatedPN,2026,https://reports.sem-o.com/documents/PUB_HlfHrlyAggregatedPN_202609230100.xml,semo/market_signals/PUB_HlfHrlyAggregatedPN/2026/09/PUB_HlfHrlyAggregatedPN_202609230100.xml,Review the SEMO open-data terms and disclaimer before redistribution.,semo-market-v1,data/raw/semo/market_signals/PUB_HlfHrlyAggregatedPN/2026/09/PUB_HlfHrlyAggregatedPN_202609230100.xml,514,cd308716c9d1b5b9f7570f9789dbd5ff64a717af0d5516301b9dffd79d41eb38,2026-09-23T22:39:52Z,2026-09-23T01:00:00+00:00,2026-09-23T01:30:00+00:00,2
semo_pub_hlfhrlyaggregatedpn_202609230130,SEMO,PUB_HlfHrlyAggregatedPN,2026,https://reports.sem-o.com/documents/PUB_HlfHrlyAggregatedPN_202609230130.xml,semo/market_signals/PUB_HlfHrlyAggregatedPN/2026/09/PUB_HlfHrlyAggregatedPN_202609230130.xml,Review the SEMO open-data terms and disclaimer before redistribution.,semo-market-v1,data/raw/semo/market_signals/PUB_HlfHrlyAggregatedPN/2026/09/PUB_HlfHrlyAggregatedPN_202609230130.xml,514,8baa2b7d4c37c37d2d5da967837b6b608f5d62974ec85ded4763ec1369459dda,2026-09-23T22:39:52Z,2026-09-23T01:30:00+00:00,2026-09-23T02:00:00+00:00,2
semo_pub_hlfhrlyaggregatedpn_202609230200,SEMO,PUB_HlfHrlyAggregatedPN,2026,https://reports.sem-o.com/documents/PUB_HlfHrlyAggregatedPN_202609230200.xml,semo/market_signals/PUB_HlfHrlyAggregatedPN/2026/09/PUB_HlfHrlyAggregatedPN_202609230200.xml,Review the SEMO open-data terms and disclaimer before redistribution.,semo-market-v1,data/raw/semo/market_signals/PUB_HlfHrlyAggregatedPN/2026/09/PUB_HlfHrlyAggregatedPN_202609230200.xml,514,1ab1c1689867e61837ba7f0392edc3312d25d9fe4acc118cba1114166488b90d,2026-09-23T22:39:52Z,2026-09-23T02:00:00+00:00,2026-09-23T02:30:00+00:00,2
semo_pub_hlfhrlyaggregatedpn_202609230230,SEMO,PUB_HlfHrlyAggregatedPN,2026,https://reports.sem-o.com/documents/PUB_HlfHrlyAggregatedPN_202609230230.xml,semo/market_signals/PUB_HlfHrlyAggregatedPN/2026/09/PUB_HlfHrlyAggregatedPN_202609230230.xml,Review the SEMO open-data terms and disclaimer before redistribution.,semo-market-v1,data/raw/semo/market_signals/PUB_HlfHrlyAggregatedPN/2026/09/PUB_HlfHrlyAggregatedPN_202609230230.xml,514,ce333359565fe83e354d775d9246b9d67c03b0fa31e043126384ec8a530df86d,2026-09-23T22:39:52Z,2026-09-23T02:30:00+00:00,2026-09-23T03:00:00+00:00,2
semo_pub_hlfhrlyaggregatedpn_202609230300,SEMO,PUB_HlfHrlyAggregatedPN,2026,https://reports.sem-o.com/documents/PUB_HlfHrlyAggregatedPN_202609230300.xml,semo/market_signals/PUB_HlfHrlyAggregatedPN/2026/09/PUB_HlfHrlyAggregatedPN_202609230300.xml,Review the SEMO open-data terms and disclaimer before redistribution.,semo-market-v1,data/raw/semo/market_signals/PUB_HlfHrlyAggregatedPN/2026/09/PUB_HlfHrlyAggregatedPN_202609230300.xml,514,cdabdbfad8db9eb84b53f0088e325aff95bb8a682dc1607d329d3c25b5c6c34d,2026-09-23T22:39:52Z,2026-09-23T03:00:00+00:00,2026-09-23T03:30:00+00:00,2
semo_pub_hlfhrlyaggregatedpn_202609230330,SEMO,PUB_HlfHrlyAggregatedPN,2026,https://reports.sem-o.com/documents/PUB_HlfHrlyAggregatedPN_202609230330.xml,semo/market_signals/PUB_HlfHrlyAggregatedPN/2026/09/PUB_HlfHrlyAggregatedPN_202609230330.xml,Review the SEMO open-data terms and disclaimer before redistribution.,semo-market-v1,data/raw/semo/market_signals/PUB_HlfHrlyAggregatedPN/2026/09/PUB_HlfHrlyAggregatedPN_202609230330.xml,514,e0e09d504a8e60364e0e1446aeaf40d3adcd57b81f5a23ee41960a4965436e61,2026-09-23T22:39:52Z,2026-09-23T03:30:00+00:00,2026-09-23T04:00:00+00:00,2
semo_pub_hlfhrlyaggregatedpn_202609230400,SEMO,PUB_HlfHrlyAggregatedPN,2026,https://reports.sem-o.com/documents/PUB_HlfHrlyAggregatedPN_202609230400.xml,semo/market_signals/PUB_HlfHrlyAggregatedPN/2026/09/PUB_HlfHrlyAggregatedPN_202609230400.xml,Review the SEMO open-data terms and disclaimer before redistribution.,semo-market-v1,data/raw/semo/market_signals/PUB_HlfHrlyAggregatedPN/2026/09/PUB_HlfHrlyAggregatedPN_202609230400.xml,514,f86e571f52e86c84c0aa1dbdb28197f03db4b1977951f7530c42f1e3018e71ad,2026-09-23T22:39:52Z,2026-09-23T04:00:00+00:00,2026-09-23T04:30:00+00:00,2
semo_pub_hlfhrlyaggregatedpn_202609230430,SEMO,PUB_HlfHrlyAggregatedPN,2026,https://reports.sem-o.com/documents/PUB_HlfHrlyAggregatedPN_202609230430.xml,semo/market_signals/PUB_HlfHrlyAggregatedPN/2026/09/PUB_HlfHrlyAggregatedPN_202609230430.xml,Review the SEMO open-data terms and disclaimer before redistribution.,semo-market-v1,data/raw/semo/market_signals/PUB_HlfHrlyAggregatedPN/2026/09/PUB_HlfHrlyAggregatedPN_202609230430.xml,514,4c5f3e322ea29031bf9be662b6b265f035a4e9455dca957e0693f84abda631cd,2026-09-23T22:39:52Z,2026-09-23T04:30:00+00:00,2026-09-23T05:00:00+00:00,2
semo_pub_hlfhrlyaggregatedpn_202609230500,SEMO,PUB_HlfHrlyAggregatedPN,2026,https://reports.sem-o.com/documents/PUB_HlfHrlyAggregatedPN_202609230500.xml,semo/market_signals/PUB_HlfHrlyAggregatedPN/2026/09/PUB_HlfHrlyAggregatedPN_202609230500.xml,Review the SEMO open-data terms and disclaimer before redistribution.,semo-market-v1,data/raw/semo/market_signals/PUB_HlfHrlyAggregatedPN/2026/09/PUB_HlfHrlyAggregatedPN_202609230500.xml,514,d899fa3eece8fc85e938ccab252c0cf83063f5d9935586f8b4e53c4e8027e587,2026-09-23T22:39:52Z,2026-09-23T05:00:00+00:00,2026-09-23T05:30:00+00:00,2
semo_pub_hlfhrlyaggregatedpn_202609230530,SEMO,PUB_HlfHrlyAggregatedPN,2026,https://reports.sem-o.com/documents/PUB_HlfHrlyAggregatedPN_202609230530.xml,semo/market_signals/PUB_HlfHrlyAggregatedPN/2026/09/PUB_HlfHrlyAggregatedPN_202609230530.xml,Review the SEMO open-data terms and disclaimer before redistribution.,semo-market-v1,data/raw/semo/market_signals/PUB_HlfHrlyAggregatedPN/2026/09/PUB_HlfHrlyAggregatedPN_202609230530.xml,514,5b5e33106b189a43ca8d1e9ab25a8730d49eb85701214e14615e060593dbac98,2026-09-23T22:39:52Z,2026-09-23T05:30:00+00:00,2026-09-23T06:00:00+00:00,2
semo_pub_hlfhrlyaggregatedpn_202609230600,SEMO,PUB_HlfHrlyAggregatedPN,2026,https://reports.sem-o.com/documents/PUB_HlfHrlyAggregatedPN_202609230600.xml,semo/market_signals/PUB_HlfHrlyAggregatedPN/2026/09/PUB_HlfHrlyAggregatedPN_202609230600.xml,Review the SEMO open-data terms and disclaimer before redistribution.,semo-market-v1,data/raw/semo/market_signals/PUB_HlfHrlyAggregatedPN/2026/09/PUB_HlfHrlyAggregatedPN_202609230600.xml,514,8e43f8d587c25d4d3c56ce17676c91f79745b6ea9688fedf787f1d26864f5fb0,2026-09-23T22:39:52Z,2026-09-23T06:00:00+00:00,2026-09-23T06:30:00+00:00,2
semo_pub_hlfhrlyaggregatedpn_202609230630,SEMO,PUB_HlfHrlyAggregatedPN,2026,https://reports.sem-o.com/documents/PUB_HlfHrlyAggregatedPN_202609230630.xml,semo/market_signals/PUB_HlfHrlyAggregatedPN/2026/09/PUB_HlfHrlyAggregatedPN_202609230630.xml,Review the SEMO open-data terms and disclaimer before redistribution.,semo-market-v1,data/raw/semo/market_signals/PUB_HlfHrlyAggregatedPN/2026/09/PUB_HlfHrlyAggregatedPN_202609230630.xml,514,4e1b5fa188af1aff53e01a170b656ab8b859f1a3c176143ab696b2d5b2c22239,2026-09-23T22:39:52Z,2026-09-23T06:30:00+00:00,2026-09-23T07:00:00+00:00,2
semo_pub_hlfhrlyaggregatedpn_202609230700,SEMO,PUB_HlfHrlyAggregatedPN,2026,https://reports.sem-o.com/documents/PUB_HlfHrlyAggregatedPN_202609230700.xml,semo/market_signals/PUB_HlfHrlyAggregatedPN/2026/09/PUB_HlfHrlyAggregatedPN_202609230700.xml,Review the SEMO open-data terms and disclaimer before redistribution.,semo-market-v1,data/raw/semo/market_signals/PUB_HlfHrlyAggregatedPN/2026/09/PUB_HlfHrlyAggregatedPN_202609230700.xml,513,b554cd035ec575909f685fa3df63551d948f7f3cb7d9b7367d72e96578a90ce9,2026-09-23T22:39:52Z,2026-09-23T07:00:00+00:00,2026-09-23T07:30:00+00:00,2
semo_pub_hlfhrlyaggregatedpn_202609230730,SEMO,PUB_HlfHrlyAggregatedPN,2026,https://reports.sem-o.com/documents/PUB_HlfHrlyAggregatedPN_202609230730.xml,semo/market_signals/PUB_HlfHrlyAggregatedPN/2026/09/PUB_HlfHrlyAggregatedPN_202609230730.xml,Review the SEMO open-data terms and disclaimer before redistribution.,semo-market-v1,data/raw/semo/market_signals/PUB_HlfHrlyAggregatedPN/2026/09/PUB_HlfHrlyAggregatedPN_202609230730.xml,513,85d7643a124d0a71525aeadc4dc003fcb92cfa345ae33878d074fe0b0a0ca656,2026-09-23T22:39:53Z,2026-09-23T07:30:00+00:00,2026-09-23T08:00:00+00:00,2
semo_pub_hlfhrlyaggregatedpn_202609230800,SEMO,PUB_HlfHrlyAggregatedPN,2026,https://reports.sem-o.com/documents/PUB_HlfHrlyAggregatedPN_202609230800.xml,semo/market_signals/PUB_HlfHrlyAggregatedPN/2026/09/PUB_HlfHrlyAggregatedPN_202609230800.xml,Review the SEMO open-data terms and disclaimer before redistribution.,semo-market-v1,data/raw/semo/market_signals/PUB_HlfHrlyAggregatedPN/2026/09/PUB_HlfHrlyAggregatedPN_202609230800.xml,513,f622b89b6cc29ce6c0dd35d3f5b4dffc34116bc7e0f75e11c4d86efc18ee080a,2026-09-23T22:39:53Z,2026-09-23T08:00:00+00:00,2026-09-23T08:30:00+00:00,2
semo_pub_hlfhrlyaggregatedpn_202609230830,SEMO,PUB_HlfHrlyAggregatedPN,2026,https://reports.sem-o.com/documents/PUB_HlfHrlyAggregatedPN_202609230830.xml,semo/market_signals/PUB_HlfHrlyAggregatedPN/2026/09/PUB_HlfHrlyAggregatedPN_202609230830.xml,Review the SEMO open-data terms and disclaimer before redistribution.,semo-market-v1,data/raw/semo/market_signals/PUB_HlfHrlyAggregatedPN/2026/09/PUB_HlfHrlyAggregatedPN_202609230830.xml,513,61392b3e41f40fd2d00cb7e1147ac1d4a9ff1866b9c6c2235b5f1e732216d8dd,2026-09-23T22:39:53Z,2026-09-23T08:30:00+00:00,2026-09-23T09:00:00+00:00,2
semo_pub_hlfhrlyaggregatedpn_202609230900,SEMO,PUB_HlfHrlyAggregatedPN,2026,https://reports.sem-o.com/documents/PUB_HlfHrlyAggregatedPN_202609230900.xml,semo/market_signals/PUB_HlfHrlyAggregatedPN/2026/09/PUB_HlfHrlyAggregatedPN_202609230900.xml,Review the SEMO open-data terms and disclaimer before redistribution.,semo-market-v1,data/raw/semo/market_signals/PUB_HlfHrlyAggregatedPN/2026/09/PUB_HlfHrlyAggregatedPN_202609230900.xml,514,33977926b0d70d913cb64eafe4eae5d042c3469ac8e38156bf0af90abb7d53c1,2026-09-23T22:39:53Z,2026-09-23T09:00:00+00:00,2026-09-23T09:30:00+00:00,2
semo_pub_hlfhrlyaggregatedpn_202609230930,SEMO,PUB_HlfHrlyAggregatedPN,2026,https://reports.sem-o.com/documents/PUB_HlfHrlyAggregatedPN_202609230930.xml,semo/market_signals/PUB_HlfHrlyAggregatedPN/2026/09/PUB_HlfHrlyAggregatedPN_202609230930.xml,Review the SEMO open-data terms and disclaimer before redistribution.,semo-market-v1,data/raw/semo/market_signals/PUB_HlfHrlyAggregatedPN/2026/09/PUB_HlfHrlyAggregatedPN_202609230930.xml,514,e28c731b92da166087942f719230c1b6fe21e22858a13027a09e08bc8b01cbf4,2026-09-23T22:39:53Z,2026-09-23T09:30:00+00:00,2026-09-23T10:00:00+00:00,2
semo_pub_hlfhrlyaggregatedpn_202609231000,SEMO,PUB_HlfHrlyAggregatedPN,2026,https://reports.sem-o.com/documents/PUB_HlfHrlyAggregatedPN_202609231000.xml,semo/market_signals/PUB_HlfHrlyAggregatedPN/2026/09/PUB_HlfHrlyAggregatedPN_202609231000.xml,Review the SEMO open-data terms and disclaimer before redistribution.,semo-market-v1,data/raw/semo/market_signals/PUB_HlfHrlyAggregatedPN/2026/09/PUB_HlfHrlyAggregatedPN_202609231000.xml,514,70c0009ab6e57d9941501d79ebe24529f89f510ca555f58d3fda609ea589f417,2026-09-23T22:39:53Z,2026-09-23T10:00:00+00:00,2026-09-23T10:30:00+00:00,2
semo_pub_hlfhrlyaggregatedpn_202609231030,SEMO,PUB_HlfHrlyAggregatedPN,2026,https://reports.sem-o.com/documents/PUB_HlfHrlyAggregatedPN_202609231030.xml,semo/market_signals/PUB_HlfHrlyAggregatedPN/2026/09/PUB_HlfHrlyAggregatedPN_202609231030.xml,Review the SEMO open-data terms and disclaimer before redistribution.,semo-market-v1,data/raw/semo/market_signals/PUB_HlfHrlyAggregatedPN/2026/09/PUB_HlfHrlyAggregatedPN_202609231030.xml,515,ed380b357b67595a6f11583b229af569e178dda446c62288854655c61cd73634,2026-09-23T22:39:53Z,2026-09-23T10:30:00+00:00,2026-09-23T11:00:00+00:00,2
semo_pub_hlfhrlyaggregatedpn_202609231100,SEMO,PUB_HlfHrlyAggregatedPN,2026,https://reports.sem-o.com/documents/PUB_HlfHrlyAggregatedPN_202609231100.xml,semo/market_signals/PUB_HlfHrlyAggregatedPN/2026/09/PUB_HlfHrlyAggregatedPN_202609231100.xml,Review the SEMO open-data terms and disclaimer before redistribution.,semo-market-v1,data/raw/semo/market_signals/PUB_HlfHrlyAggregatedPN/2026/09/PUB_HlfHrlyAggregatedPN_202609231100.xml,514,5dd74f82554f61102c6d454bab71ded5be685124b19868b80866e1a3bab27206,2026-09-23T22:39:53Z,2026-09-23T11:00:00+00:00,2026-09-23T11:30:00+00:00,2
semo_pub_hlfhrlyaggregatedpn_202609231130,SEMO,PUB_HlfHrlyAggregatedPN,2026,https://reports.sem-o.com/documents/PUB_HlfHrlyAggregatedPN_202609231130.xml,semo/market_signals/PUB_HlfHrlyAggregatedPN/2026/09/PUB_HlfHrlyAggregatedPN_202609231130.xml,Review the SEMO open-data terms and disclaimer before redistribution.,semo-market-v1,data/raw/semo/market_signals/PUB_HlfHrlyAggregatedPN/2026/09/PUB_HlfHrlyAggregatedPN_202609231130.xml,514,5625fc1e8ca890dd023db4cb796ff933dbf31b1d483299e2b3708af7fd933a38,2026-09-23T22:39:53Z,2026-09-23T11:30:00+00:00,2026-09-23T12:00:00+00:00,2
semo_pub_hlfhrlyaggregatedpn_202609231200,SEMO,PUB_HlfHrlyAggregatedPN,2026,https://reports.sem-o.com/documents/PUB_HlfHrlyAggregatedPN_202609231200.xml,semo/market_signals/PUB_HlfHrlyAggregatedPN/2026/09/PUB_HlfHrlyAggregatedPN_202609231200.xml,Review the SEMO open-data terms and disclaimer before redistribution.,semo-market-v1,data/raw/semo/market_signals/PUB_HlfHrlyAggregatedPN/2026/09/PUB_HlfHrlyAggregatedPN_202609231200.xml,514,e442246e328b4c82bdbf6a6d7cd2782ec47456cdd6ec1667ccb9d8f8e8a3d424,2026-09-23T22:39:53Z,2026-09-23T12:00:00+00:00,2026-09-23T12:30:00+00:00,2
semo_pub_hlfhrlyaggregatedpn_202609231230,SEMO,PUB_HlfHrlyAggregatedPN,2026,https://reports.sem-o.com/documents/PUB_HlfHrlyAggregatedPN_202609231230.xml,semo/market_signals/PUB_HlfHrlyAggregatedPN/2026/09/PUB_HlfHrlyAggregatedPN_202609231230.xml,Review the SEMO open-data terms and disclaimer before redistribution.,semo-market-v1,data/raw/semo/market_signals/PUB_HlfHrlyAggregatedPN/2026/09/PUB_HlfHrlyAggregatedPN_202609231230.xml,514,4ae492976b5891e11c787c0cac56cd1890c55ad50f1ddf8d5692c68b415a98b0,2026-09-23T22:39:53Z,2026-09-23T12:30:00+00:00,2026-09-23T13:00:00+00:00,2
semo_pub_hlfhrlyaggregatedpn_202609231300,SEMO,PUB_HlfHrlyAggregatedPN,2026,https://reports.sem-o.com/documents/PUB_HlfHrlyAggregatedPN_202609231300.xml,semo/market_signals/PUB_HlfHrlyAggregatedPN/2026/09/PUB_HlfHrlyAggregatedPN_202609231300.xml,Review the SEMO open-data terms and disclaimer before redistribution.,semo-market-v1,data/raw/semo/market_signals/PUB_HlfHrlyAggregatedPN/2026/09/PUB_HlfHrlyAggregatedPN_202609231300.xml,514,420e0bb6debf537032396c8edb34cc5b754a3f45b9a1bb67cbd06680fc4e0ef0,2026-09-23T22:39:53Z,2026-09-23T13:00:00+00:00,2026-09-23T13:30:00+00:00,2
semo_pub_hlfhrlyaggregatedpn_202609231330,SEMO,PUB_HlfHrlyAggregatedPN,2026,https://reports.sem-o.com/documents/PUB_HlfHrlyAggregatedPN_202609231330.xml,semo/market_signals/PUB_HlfHrlyAggregatedPN/2026/09/PUB_HlfHrlyAggregatedPN_202609231330.xml,Review the SEMO open-data terms and disclaimer before redistribution.,semo-market-v1,data/raw/semo/market_signals/PUB_HlfHrlyAggregatedPN/2026/09/PUB_HlfHrlyAggregatedPN_202609231330.xml,514,7412e372a61af91762680c567225e2246c5b1c48b62267c638b8ce2d5b620c20,2026-09-23T22:39:53Z,2026-09-23T13:30:00+00:00,2026-09-23T14:00:00+00:00,2
semo_pub_hlfhrlyaggregatedpn_202609231400,SEMO,PUB_HlfHrlyAggregatedPN,2026,https://reports.sem-o.com/documents/PUB_HlfHrlyAggregatedPN_202609231400.xml,semo/market_signals/PUB_HlfHrlyAggregatedPN/2026/09/PUB_HlfHrlyAggregatedPN_202609231400.xml,Review the SEMO open-data terms and disclaimer before redistribution.,semo-market-v1,data/raw/semo/market_signals/PUB_HlfHrlyAggregatedPN/2026/09/PUB_HlfHrlyAggregatedPN_202609231400.xml,514,1f9e628e0022799699689e25e64d714c5001d2b0ec09230983d18e5ce527990f,2026-09-23T22:39:53Z,2026-09-23T14:00:00+00:00,2026-09-23T14:30:00+00:00,2
semo_pub_hlfhrlyaggregatedpn_202609231430,SEMO,PUB_HlfHrlyAggregatedPN,2026,https://reports.sem-o.com/documents/PUB_HlfHrlyAggregatedPN_202609231430.xml,semo/market_signals/PUB_HlfHrlyAggregatedPN/2026/09/PUB_HlfHrlyAggregatedPN_202609231430.xml,Review the SEMO open-data terms and disclaimer before redistribution.,semo-market-v1,data/raw/semo/market_signals/PUB_HlfHrlyAggregatedPN/2026/09/PUB_HlfHrlyAggregatedPN_202609231430.xml,513,754bf4a8c3b60ac7d57dd9dd6dd216753881c27899f6fb5b7a90b9db0c17f48c,2026-09-23T22:39:53Z,2026-09-23T14:30:00+00:00,2026-09-23T15:00:00+00:00,2
semo_pub_hlfhrlyaggregatedpn_202609231500,SEMO,PUB_HlfHrlyAggregatedPN,2026,https://reports.sem-o.com/documents/PUB_HlfHrlyAggregatedPN_202609231500.xml,semo/market_signals/PUB_HlfHrlyAggregatedPN/2026/09/PUB_HlfHrlyAggregatedPN_202609231500.xml,Review the SEMO open-data terms and disclaimer before redistribution.,semo-market-v1,data/raw/semo/market_signals/PUB_HlfHrlyAggregatedPN/2026/09/PUB_HlfHrlyAggregatedPN_202609231500.xml,514,f8b628c1a7bcda0d12dc47c8c322a68b1f437436cc6ab346e7fbc268c9f94331,2026-09-23T22:39:53Z,2026-09-23T15:00:00+00:00,2026-09-23T15:30:00+00:00,2
semo_pub_hlfhrlyaggregatedpn_202609231530,SEMO,PUB_HlfHrlyAggregatedPN,2026,https://reports.sem-o.com/documents/PUB_HlfHrlyAggregatedPN_202609231530.xml,semo/market_signals/PUB_HlfHrlyAggregatedPN/2026/09/PUB_HlfHrlyAggregatedPN_202609231530.xml,Review the SEMO open-data terms and disclaimer before redistribution.,semo-market-v1,data/raw/semo/market_signals/PUB_HlfHrlyAggregatedPN/2026/09/PUB_HlfHrlyAggregatedPN_202609231530.xml,514,b06f1dd54e122566f33da658449404a119baba3e19b7784799b6bc7b8d816ada,2026-09-23T22:39:53Z,2026-09-23T15:30:00+00:00,2026-09-23T16:00:00+00:00,2
semo_pub_hlfhrlyaggregatedpn_202609231600,SEMO,PUB_HlfHrlyAggregatedPN,2026,https://reports.sem-o.com/documents/PUB_HlfHrlyAggregatedPN_202609231600.xml,semo/market_signals/PUB_HlfHrlyAggregatedPN/2026/09/PUB_HlfHrlyAggregatedPN_202609231600.xml,Review the SEMO open-data terms and disclaimer before redistribution.,semo-market-v1,data/raw/semo/market_signals/PUB_HlfHrlyAggregatedPN/2026/09/PUB_HlfHrlyAggregatedPN_202609231600.xml,513,590620b300bb35acc64d6c9205a1d21e2162aa2ac16e4baa00de17a6e0cbb7cb,2026-09-23T22:39:54Z,2026-09-23T16:00:00+00:00,2026-09-23T16:30:00+00:00,2
semo_pub_hlfhrlyaggregatedpn_202609231630,SEMO,PUB_HlfHrlyAggregatedPN,2026,https://reports.sem-o.com/documents/PUB_HlfHrlyAggregatedPN_202609231630.xml,semo/market_signals/PUB_HlfHrlyAggregatedPN/2026/09/PUB_HlfHrlyAggregatedPN_202609231630.xml,Review the SEMO open-data terms and disclaimer before redistribution.,semo-market-v1,data/raw/semo/market_signals/PUB_HlfHrlyAggregatedPN/2026/09/PUB_HlfHrlyAggregatedPN_202609231630.xml,514,6337c37de5147a7fac75ff06fcdf84be244795750f308965199955bd6e9c0200,2026-09-23T22:39:53Z,2026-09-23T16:30:00+00:00,2026-09-23T17:00:00+00:00,2
semo_pub_hlfhrlyaggregatedpn_202609231700,SEMO,PUB_HlfHrlyAggregatedPN,2026,https://reports.sem-o.com/documents/PUB_HlfHrlyAggregatedPN_202609231700.xml,semo/market_signals/PUB_HlfHrlyAggregatedPN/2026/09/PUB_HlfHrlyAggregatedPN_202609231700.xml,Review the SEMO open-data terms and disclaimer before redistribution.,semo-market-v1,data/raw/semo/market_signals/PUB_HlfHrlyAggregatedPN/2026/09/PUB_HlfHrlyAggregatedPN_202609231700.xml,514,6f4d1ac99a03501f37bf93fe865acbd9763ae41a20c926ceea7dbc0b7e830005,2026-09-23T22:39:54Z,2026-09-23T17:00:00+00:00,2026-09-23T17:30:00+00:00,2
semo_pub_hlfhrlyaggregatedpn_202609231730,SEMO,PUB_HlfHrlyAggregatedPN,2026,https://reports.sem-o.com/documents/PUB_HlfHrlyAggregatedPN_202609231730.xml,semo/market_signals/PUB_HlfHrlyAggregatedPN/2026/09/PUB_HlfHrlyAggregatedPN_202609231730.xml,Review the SEMO open-data terms and disclaimer before redistribution.,semo-market-v1,data/raw/semo/market_signals/PUB_HlfHrlyAggregatedPN/2026/09/PUB_HlfHrlyAggregatedPN_202609231730.xml,514,e4be921a3cabcd02ad77c1c1419e8f544e0310b974d6aeee505b5b5da185f9f9,2026-09-23T22:39:54Z,2026-09-23T17:30:00+00:00,2026-09-23T18:00:00+00:00,2
semo_pub_hlfhrlyaggregatedpn_202609231800,SEMO,PUB_HlfHrlyAggregatedPN,2026,https://reports.sem-o.com/documents/PUB_HlfHrlyAggregatedPN_202609231800.xml,semo/market_signals/PUB_HlfHrlyAggregatedPN/2026/09/PUB_HlfHrlyAggregatedPN_202609231800.xml,Review the SEMO open-data terms and disclaimer before redistribution.,semo-market-v1,data/raw/semo/market_signals/PUB_HlfHrlyAggregatedPN/2026/09/PUB_HlfHrlyAggregatedPN_202609231800.xml,510,1fc35e0cfd24faa3ad7f1997358119e157abf41fe2a76ded2c3933f6b7630866,2026-09-23T22:39:54Z,2026-09-23T18:00:00+00:00,2026-09-23T18:30:00+00:00,2
semo_pub_hlfhrlyaggregatedpn_202609231830,SEMO,PUB_HlfHrlyAggregatedPN,2026,https://reports.sem-o.com/documents/PUB_HlfHrlyAggregatedPN_202609231830.xml,semo/market_signals/PUB_HlfHrlyAggregatedPN/2026/09/PUB_HlfHrlyAggregatedPN_202609231830.xml,Review the SEMO open-data terms and disclaimer before redistribution.,semo-market-v1,data/raw/semo/market_signals/PUB_HlfHrlyAggregatedPN/2026/09/PUB_HlfHrlyAggregatedPN_202609231830.xml,514,b6ae4d9bea505b6d9addd4c1ce38f8ce332683de54e4f265fc5bb08312ddd6b0,2026-09-23T22:39:54Z,2026-09-23T18:30:00+00:00,2026-09-23T19:00:00+00:00,2
semo_pub_hlfhrlyaggregatedpn_202609231900,SEMO,PUB_HlfHrlyAggregatedPN,2026,https://reports.sem-o.com/documents/PUB_HlfHrlyAggregatedPN_202609231900.xml,semo/market_signals/PUB_HlfHrlyAggregatedPN/2026/09/PUB_HlfHrlyAggregatedPN_202609231900.xml,Review the SEMO open-data terms and disclaimer before redistribution.,semo-market-v1,data/raw/semo/market_signals/PUB_HlfHrlyAggregatedPN/2026/09/PUB_HlfHrlyAggregatedPN_202609231900.xml,514,c037c5579d8e45b11e7ab81d9858c3fc9dec6c80772362a552520f375d387b61,2026-09-23T22:39:54Z,2026-09-23T19:00:00+00:00,2026-09-23T19:30:00+00:00,2
semo_pub_hlfhrlyaggregatedpn_202609231930,SEMO,PUB_HlfHrlyAggregatedPN,2026,https://reports.sem-o.com/documents/PUB_HlfHrlyAggregatedPN_202609231930.xml,semo/market_signals/PUB_HlfHrlyAggregatedPN/2026/09/PUB_HlfHrlyAggregatedPN_202609231930.xml,Review the SEMO open-data terms and disclaimer before redistribution.,semo-market-v1,data/raw/semo/market_signals/PUB_HlfHrlyAggregatedPN/2026/09/PUB_HlfHrlyAggregatedPN_202609231930.xml,514,1bb75b8dfd0b4537e30291a8868e6d2ae616376faa85122d2d0375a3fdab00fb,2026-09-23T22:39:54Z,2026-09-23T19:30:00+00:00,2026-09-23T20:00:00+00:00,2
semo_pub_hlfhrlyaggregatedpn_202609232000,SEMO,PUB_HlfHrlyAggregatedPN,2026,https://reports.sem-o.com/documents/PUB_HlfHrlyAggregatedPN_202609232000.xml,semo/market_signals/PUB_HlfHrlyAggregatedPN/2026/09/PUB_HlfHrlyAggregatedPN_202609232000.xml,Review the SEMO open-data terms and disclaimer before redistribution.,semo-market-v1,data/raw/semo/market_signals/PUB_HlfHrlyAggregatedPN/2026/09/PUB_HlfHrlyAggregatedPN_202609232000.xml,514,1dd37738a2e06fc62ebf2b8bfcc27b01133421c9764688a053f2aa8fdda66a91,2026-09-23T22:39:54Z,2026-09-23T20:00:00+00:00,2026-09-23T20:30:00+00:00,2
semo_pub_hlfhrlyaggregatedpn_202609232030,SEMO,PUB_HlfHrlyAggregatedPN,2026,https://reports.sem-o.com/documents/PUB_HlfHrlyAggregatedPN_202609232030.xml,semo/market_signals/PUB_HlfHrlyAggregatedPN/2026/09/PUB_HlfHrlyAggregatedPN_202609232030.xml,Review the SEMO open-data terms and disclaimer before redistribution.,semo-market-v1,data/raw/semo/market_signals/PUB_HlfHrlyAggregatedPN/2026/09/PUB_HlfHrlyAggregatedPN_202609232030.xml,514,62db1623592b626fdf3f2d6c07fd4cdcadef3bd00b0b5f0e47c52fe447e5d5a6,2026-09-23T22:39:54Z,2026-09-23T20:30:00+00:00,2026-09-23T21:00:00+00:00,2
semo_pub_hlfhrlyaggregatedpn_202609232100,SEMO,PUB_HlfHrlyAggregatedPN,2026,https://reports.sem-o.com/documents/PUB_HlfHrlyAggregatedPN_202609232100.xml,semo/market_signals/PUB_HlfHrlyAggregatedPN/2026/09/PUB_HlfHrlyAggregatedPN_202609232100.xml,Review the SEMO open-data terms and disclaimer before redistribution.,semo-market-v1,data/raw/semo/market_signals/PUB_HlfHrlyAggregatedPN/2026/09/PUB_HlfHrlyAggregatedPN_202609232100.xml,514,d173bb040616261546ea940c2984d316c13fd78faccd6d78ac8ab3d07fd3f0d0,2026-09-23T22:39:54Z,2026-09-23T21:00:00+00:00,2026-09-23T21:30:00+00:00,2
semo_pub_hlfhrlyaggregatedpn_202609232130,SEMO,PUB_HlfHrlyAggregatedPN,2026,https://reports.sem-o.com/documents/PUB_HlfHrlyAggregatedPN_202609232130.xml,semo/market_signals/PUB_HlfHrlyAggregatedPN/2026/09/PUB_HlfHrlyAggregatedPN_202609232130.xml,Review the SEMO open-data terms and disclaimer before redistribution.,semo-market-v1,data/raw/semo/market_signals/PUB_HlfHrlyAggregatedPN/2026/09/PUB_HlfHrlyAggregatedPN_202609232130.xml,514,13d99a2fc3f9b4fd8144e5dcfb0517be94d6f807796aa357f26351d623b86031,2026-09-23T22:39:54Z,2026-09-23T21:30:00+00:00,2026-09-23T22:00:00+00:00,2
semo_pub_hlfhrlyaggregatedpn_202609232200,SEMO,PUB_HlfHrlyAggregatedPN,2026,https://reports.sem-o.com/documents/PUB_HlfHrlyAggregatedPN_202609232200.xml,semo/market_signals/PUB_HlfHrlyAggregatedPN/2026/09/PUB_HlfHrlyAggregatedPN_202609232200.xml,Review the SEMO open-data terms and disclaimer before redistribution.,semo-market-v1,data/raw/semo/market_signals/PUB_HlfHrlyAggregatedPN/2026/09/PUB_HlfHrlyAggregatedPN_202609232200.xml,513,27ece5dae0526ad6663f2030c35d59ceb4b90da544d7e0ebb9c25e75d80faba9,2026-09-24T02:01:00Z,2026-09-23T22:00:00+00:00,2026-09-23T22:30:00+00:00,2
semo_pub_hlfhrlyaggregatedpn_202609232230,SEMO,PUB_HlfHrlyAggregatedPN,2026,https://reports.sem-o.com/documents/PUB_HlfHrlyAggregatedPN_202609232230.xml,semo/market_signals/PUB_HlfHrlyAggregatedPN/2026/09/PUB_HlfHrlyAggregatedPN_202609232230.xml,Review the SEMO open-data terms and disclaimer before redistribution.,semo-market-v1,data/raw/semo/market_signals/PUB_HlfHrlyAggregatedPN/2026/09/PUB_HlfHrlyAggregatedPN_202609232230.xml,510,2ee9e79a403385192d3056eb7fcd01377bb8038840b2b81d1b2d276380279ec5,2026-09-24T02:01:00Z,2026-09-23T22:30:00+00:00,2026-09-23T23:00:00+00:00,2
semo_pub_hlfhrlyaggregatedpn_202609232300,SEMO,PUB_HlfHrlyAggregatedPN,2026,https://reports.sem-o.com/documents/PUB_HlfHrlyAggregatedPN_202609232300.xml,semo/market_signals/PUB_HlfHrlyAggregatedPN/2026/09/PUB_HlfHrlyAggregatedPN_202609232300.xml,Review the SEMO open-data terms and disclaimer before redistribution.,semo-market-v1,data/raw/semo/market_signals/PUB_HlfHrlyAggregatedPN/2026/09/PUB_HlfHrlyAggregatedPN_202609232300.xml,512,0a2ea1460bdd5f7b3c8e4e93cd3f8cb51b998a561681dc5ca4202152048533d7,2026-09-24T02:01:00Z,2026-09-23T23:00:00+00:00,2026-09-23T23:30:00+00:00,2
semo_pub_hlfhrlyaggregatedpn_202609232330,SEMO,PUB_HlfHrlyAggregatedPN,2026,https://reports.sem-o.com/documents/PUB_HlfHrlyAggregatedPN_202609232330.xml,semo/market_signals/PUB_HlfHrlyAggregatedPN/2026/09/PUB_HlfHrlyAggregatedPN_202609232330.xml,Review the SEMO open-data terms and disclaimer before redistribution.,semo-market-v1,data/raw/semo/market_signals/PUB_HlfHrlyAggregatedPN/2026/09/PUB_HlfHrlyAggregatedPN_202609232330.xml,513,a3c25d5518b33be6acba99832587cdaebbe2f6af18ba8cb5e2319e161d55f5d4,2026-09-24T02:01:00Z,2026-09-23T23:30:00+00:00,2026-09-24T00:00:00+00:00,2
semo_pub_hlfhrlyaggregatedpn_202609240000,SEMO,PUB_HlfHrlyAggregatedPN,2026,https://reports.sem-o.com/documents/PUB_HlfHrlyAggregatedPN_202609240000.xml,semo/market_signals/PUB_HlfHrlyAggregatedPN/2026/09/PUB_HlfHrlyAggregatedPN_202609240000.xml,Review the SEMO open-data terms and disclaimer before redistribution.,semo-market-v1,data/raw/semo/market_signals/PUB_HlfHrlyAggregatedPN/2026/09/PUB_HlfHrlyAggregatedPN_202609240000.xml,513,227830f63d2330d1c3ed10c03f757950b99056655aa18ce2876ccf1f662e0075,2026-09-24T02:01:00Z,2026-09-24T00:00:00+00:00,2026-09-24T00:30:00+00:00,2
semo_pub_hlfhrlyaggregatedpn_202609240030,SEMO,PUB_HlfHrlyAggregatedPN,2026,https://reports.sem-o.com/documents/PUB_HlfHrlyAggregatedPN_202609240030.xml,semo/market_signals/PUB_HlfHrlyAggregatedPN/2026/09/PUB_HlfHrlyAggregatedPN_202609240030.xml,Review the SEMO open-data terms and disclaimer before redistribution.,semo-market-v1,data/raw/semo/market_signals/PUB_HlfHrlyAggregatedPN/2026/09/PUB_HlfHrlyAggregatedPN_202609240030.xml,514,341e8932c2391ffc53ae4eb63631ab03ff8babac0f5dfb07dd9e05b3a617c9fc,2026-09-24T02:01:00Z,2026-09-24T00:30:00+00:00,2026-09-24T01:00:00+00:00,2
semo_pub_hlfhrlyaggregatedpn_202609240100,SEMO,PUB_HlfHrlyAggregatedPN,2026,https://reports.sem-o.com/documents/PUB_HlfHrlyAggregatedPN_202609240100.xml,semo/market_signals/PUB_HlfHrlyAggregatedPN/2026/09/PUB_HlfHrlyAggregatedPN_202609240100.xml,Review the SEMO open-data terms and disclaimer before redistribution.,semo-market-v1,data/raw/semo/market_signals/PUB_HlfHrlyAggregatedPN/2026/09/PUB_HlfHrlyAggregatedPN_202609240100.xml,514,86598a8ea19b3138dbfe109bdae40279227247db2a06cb790def1b657d011933,2026-09-24T02:01:00Z,2026-09-24T01:00:00+00:00,2026-09-24T01:30:00+00:00,2
semo_pub_hlfhrlyaggregatedpn_202609240130,SEMO,PUB_HlfHrlyAggregatedPN,2026,https://reports.sem-o.com/documents/PUB_HlfHrlyAggregatedPN_202609240130.xml,semo/market_signals/PUB_HlfHrlyAggregatedPN/2026/09/PUB_HlfHrlyAggregatedPN_202609240130.xml,Review the SEMO open-data terms and disclaimer before redistribution.,semo-market-v1,data/raw/semo/market_signals/PUB_HlfHrlyAggregatedPN/2026/09/PUB_HlfHrlyAggregatedPN_202609240130.xml,514,b6daaa2b4e26495be888b39e238ca0bd51300a914b11476240ef91514da6d94c,2026-09-24T02:01:00Z,2026-09-24T01:30:00+00:00,2026-09-24T02:00:00+00:00,2
semo_pub_hrlyforecastimbalance_202609222300,SEMO,PUB_HrlyForecastImbalance,2026,https://reports.sem-o.com/documents/PUB_HrlyForecastImbalance_202609222300.xml,semo/market_signals/PUB_HrlyForecastImbalance/2026/09/PUB_HrlyForecastImbalance_202609222300.xml,Review the SEMO open-data terms and disclaimer before redistribution.,semo-market-v1,data/raw/semo/market_signals/PUB_HrlyForecastImbalance/2026/09/PUB_HrlyForecastImbalance_202609222300.xml,13212,0f24ea8742acb3d1dd86ba110e89509d628028ed565545e17106b85e03a00d25,2026-09-23T22:39:54Z,2026-09-23T00:00:00+00:00,2026-09-23T22:00:00+00:00,264
semo_pub_hrlyforecastimbalance_202609230000,SEMO,PUB_HrlyForecastImbalance,2026,https://reports.sem-o.com/documents/PUB_HrlyForecastImbalance_202609230000.xml,semo/market_signals/PUB_HrlyForecastImbalance/2026/09/PUB_HrlyForecastImbalance_202609230000.xml,Review the SEMO open-data terms and disclaimer before redistribution.,semo-market-v1,data/raw/semo/market_signals/PUB_HrlyForecastImbalance/2026/09/PUB_HrlyForecastImbalance_202609230000.xml,12633,e2de06695ad5c832f8e1fec96addb919458a051e096f87d5b6ff7de613e60bb9,2026-09-23T22:39:54Z,2026-09-23T01:00:00+00:00,2026-09-23T22:00:00+00:00,252
semo_pub_hrlyforecastimbalance_202609230100,SEMO,PUB_HrlyForecastImbalance,2026,https://reports.sem-o.com/documents/PUB_HrlyForecastImbalance_202609230100.xml,semo/market_signals/PUB_HrlyForecastImbalance/2026/09/PUB_HrlyForecastImbalance_202609230100.xml,Review the SEMO open-data terms and disclaimer before redistribution.,semo-market-v1,data/raw/semo/market_signals/PUB_HrlyForecastImbalance/2026/09/PUB_HrlyForecastImbalance_202609230100.xml,12039,c69c864147c36ac8dcd421136ba8951870d7fb79f43c1535169f47a8d32ac097,2026-09-23T22:39:54Z,2026-09-23T02:00:00+00:00,2026-09-23T22:00:00+00:00,240
semo_pub_hrlyforecastimbalance_202609230200,SEMO,PUB_HrlyForecastImbalance,2026,https://reports.sem-o.com/documents/PUB_HrlyForecastImbalance_202609230200.xml,semo/market_signals/PUB_HrlyForecastImbalance/2026/09/PUB_HrlyForecastImbalance_202609230200.xml,Review the SEMO open-data terms and disclaimer before redistribution.,semo-market-v1,data/raw/semo/market_signals/PUB_HrlyForecastImbalance/2026/09/PUB_HrlyForecastImbalance_202609230200.xml,11454,64644b15889ca260ffda794be9db19f4dc853db169ab0a9cbace7700b92c55f9,2026-09-23T22:39:54Z,2026-09-23T03:00:00+00:00,2026-09-23T22:00:00+00:00,228
semo_pub_hrlyforecastimbalance_202609230300,SEMO,PUB_HrlyForecastImbalance,2026,https://reports.sem-o.com/documents/PUB_HrlyForecastImbalance_202609230300.xml,semo/market_signals/PUB_HrlyForecastImbalance/2026/09/PUB_HrlyForecastImbalance_202609230300.xml,Review the SEMO open-data terms and disclaimer before redistribution.,semo-market-v1,data/raw/semo/market_signals/PUB_HrlyForecastImbalance/2026/09/PUB_HrlyForecastImbalance_202609230300.xml,10868,78f8f90bfecffdfb1864d9886e4b0749959e4d62a0a3ca6d444599f6b90335ff,2026-09-23T22:39:54Z,2026-09-23T04:00:00+00:00,2026-09-23T22:00:00+00:00,216
semo_pub_hrlyforecastimbalance_202609230400,SEMO,PUB_HrlyForecastImbalance,2026,https://reports.sem-o.com/documents/PUB_HrlyForecastImbalance_202609230400.xml,semo/market_signals/PUB_HrlyForecastImbalance/2026/09/PUB_HrlyForecastImbalance_202609230400.xml,Review the SEMO open-data terms and disclaimer before redistribution.,semo-market-v1,data/raw/semo/market_signals/PUB_HrlyForecastImbalance/2026/09/PUB_HrlyForecastImbalance_202609230400.xml,10279,cd3b210017d1bfb9fea5c7dd632a97540a41a03eb15a1465e6699fb2d1028f0d,2026-09-23T22:39:54Z,2026-09-23T05:00:00+00:00,2026-09-23T22:00:00+00:00,204
semo_pub_hrlyforecastimbalance_202609230500,SEMO,PUB_HrlyForecastImbalance,2026,https://reports.sem-o.com/documents/PUB_HrlyForecastImbalance_202609230500.xml,semo/market_signals/PUB_HrlyForecastImbalance/2026/09/PUB_HrlyForecastImbalance_202609230500.xml,Review the SEMO open-data terms and disclaimer before redistribution.,semo-market-v1,data/raw/semo/market_signals/PUB_HrlyForecastImbalance/2026/09/PUB_HrlyForecastImbalance_202609230500.xml,9700,243804e3786ff1dcb96046d8dca295b6986317e4c9bad141aadecc1fb73694e9,2026-09-23T22:39:54Z,2026-09-23T06:00:00+00:00,2026-09-23T22:00:00+00:00,192
semo_pub_hrlyforecastimbalance_202609230600,SEMO,PUB_HrlyForecastImbalance,2026,https://reports.sem-o.com/documents/PUB_HrlyForecastImbalance_202609230600.xml,semo/market_signals/PUB_HrlyForecastImbalance/2026/09/PUB_HrlyForecastImbalance_202609230600.xml,Review the SEMO open-data terms and disclaimer before redistribution.,semo-market-v1,data/raw/semo/market_signals/PUB_HrlyForecastImbalance/2026/09/PUB_HrlyForecastImbalance_202609230600.xml,9103,92fe39974e165f20e0b66760d4b62ed54e65f8aedf00bee02e7480b31763d1d2,2026-09-23T22:39:54Z,2026-09-23T07:00:00+00:00,2026-09-23T22:00:00+00:00,180
semo_pub_hrlyforecastimbalance_202609230700,SEMO,PUB_HrlyForecastImbalance,2026,https://reports.sem-o.com/documents/PUB_HrlyForecastImbalance_202609230700.xml,semo/market_signals/PUB_HrlyForecastImbalance/2026/09/PUB_HrlyForecastImbalance_202609230700.xml,Review the SEMO open-data terms and disclaimer before redistribution.,semo-market-v1,data/raw/semo/market_signals/PUB_HrlyForecastImbalance/2026/09/PUB_HrlyForecastImbalance_202609230700.xml,8524,ec716883669a01357b1fa482cff2f44bdc3eb82ba5a98335512d609258ac566b,2026-09-23T22:39:54Z,2026-09-23T08:00:00+00:00,2026-09-23T22:00:00+00:00,168
semo_pub_hrlyforecastimbalance_202609230800,SEMO,PUB_HrlyForecastImbalance,2026,https://reports.sem-o.com/documents/PUB_HrlyForecastImbalance_202609230800.xml,semo/market_signals/PUB_HrlyForecastImbalance/2026/09/PUB_HrlyForecastImbalance_202609230800.xml,Review the SEMO open-data terms and disclaimer before redistribution.,semo-market-v1,data/raw/semo/market_signals/PUB_HrlyForecastImbalance/2026/09/PUB_HrlyForecastImbalance_202609230800.xml,7934,191f2736e59668fa23cbb836a758781216d50c48b46ef2d830246140d55bed57,2026-09-23T22:39:54Z,2026-09-23T09:00:00+00:00,2026-09-23T22:00:00+00:00,156
semo_pub_hrlyforecastimbalance_202609230900,SEMO,PUB_HrlyForecastImbalance,2026,https://reports.sem-o.com/documents/PUB_HrlyForecastImbalance_202609230900.xml,semo/market_signals/PUB_HrlyForecastImbalance/2026/09/PUB_HrlyForecastImbalance_202609230900.xml,Review the SEMO open-data terms and disclaimer before redistribution.,semo-market-v1,data/raw/semo/market_signals/PUB_HrlyForecastImbalance/2026/09/PUB_HrlyForecastImbalance_202609230900.xml,7347,1b31f9047764b9694599937ac459e8d3f92b052745ac44bf6cdcb1e3ff5afd3d,2026-09-23T22:39:54Z,2026-09-23T10:00:00+00:00,2026-09-23T22:00:00+00:00,144
semo_pub_hrlyforecastimbalance_202609231000,SEMO,PUB_HrlyForecastImbalance,2026,https://reports.sem-o.com/documents/PUB_HrlyForecastImbalance_202609231000.xml,semo/market_signals/PUB_HrlyForecastImbalance/2026/09/PUB_HrlyForecastImbalance_202609231000.xml,Review the SEMO open-data terms and disclaimer before redistribution.,semo-market-v1,data/raw/semo/market_signals/PUB_HrlyForecastImbalance/2026/09/PUB_HrlyForecastImbalance_202609231000.xml,6758,e78db4ab9c3f18ffcf19877764baff729a3944ffc119111bd7996d96c6dd6a7d,2026-09-23T22:39:54Z,2026-09-23T11:00:00+00:00,2026-09-23T22:00:00+00:00,132
semo_pub_hrlyforecastimbalance_202609231100,SEMO,PUB_HrlyForecastImbalance,2026,https://reports.sem-o.com/documents/PUB_HrlyForecastImbalance_202609231100.xml,semo/market_signals/PUB_HrlyForecastImbalance/2026/09/PUB_HrlyForecastImbalance_202609231100.xml,Review the SEMO open-data terms and disclaimer before redistribution.,semo-market-v1,data/raw/semo/market_signals/PUB_HrlyForecastImbalance/2026/09/PUB_HrlyForecastImbalance_202609231100.xml,6165,24d0ec69621be8cf9cf9c810df4ce5255c8bdb7edd6c6bc8c2ca1018ee91fced,2026-09-23T22:39:54Z,2026-09-23T12:00:00+00:00,2026-09-23T22:00:00+00:00,120
semo_pub_hrlyforecastimbalance_202609231200,SEMO,PUB_HrlyForecastImbalance,2026,https://reports.sem-o.com/documents/PUB_HrlyForecastImbalance_202609231200.xml,semo/market_signals/PUB_HrlyForecastImbalance/2026/09/PUB_HrlyForecastImbalance_202609231200.xml,Review the SEMO open-data terms and disclaimer before redistribution.,semo-market-v1,data/raw/semo/market_signals/PUB_HrlyForecastImbalance/2026/09/PUB_HrlyForecastImbalance_202609231200.xml,5577,167c936bfa0660df4880609f8cd0999ce33cacf431184a6a8568fb780def812d,2026-09-23T22:39:54Z,2026-09-23T13:00:00+00:00,2026-09-23T22:00:00+00:00,108
semo_pub_hrlyforecastimbalance_202609231300,SEMO,PUB_HrlyForecastImbalance,2026,https://reports.sem-o.com/documents/PUB_HrlyForecastImbalance_202609231300.xml,semo/market_signals/PUB_HrlyForecastImbalance/2026/09/PUB_HrlyForecastImbalance_202609231300.xml,Review the SEMO open-data terms and disclaimer before redistribution.,semo-market-v1,data/raw/semo/market_signals/PUB_HrlyForecastImbalance/2026/09/PUB_HrlyForecastImbalance_202609231300.xml,18995,5ac889066c1fec960ec42be14608ab5d92b06607f2bcfa7c3d42216e3511ed83,2026-09-23T22:39:54Z,2026-09-23T14:00:00+00:00,2026-09-24T22:00:00+00:00,384
semo_pub_hrlyforecastimbalance_202609231400,SEMO,PUB_HrlyForecastImbalance,2026,https://reports.sem-o.com/documents/PUB_HrlyForecastImbalance_202609231400.xml,semo/market_signals/PUB_HrlyForecastImbalance/2026/09/PUB_HrlyForecastImbalance_202609231400.xml,Review the SEMO open-data terms and disclaimer before redistribution.,semo-market-v1,data/raw/semo/market_signals/PUB_HrlyForecastImbalance/2026/09/PUB_HrlyForecastImbalance_202609231400.xml,18404,a8d25c3ab37d6f99b938d431ada7d8e43d61de310d475958e500014e12b7108b,2026-09-23T22:39:54Z,2026-09-23T15:00:00+00:00,2026-09-24T22:00:00+00:00,372
semo_pub_hrlyforecastimbalance_202609231500,SEMO,PUB_HrlyForecastImbalance,2026,https://reports.sem-o.com/documents/PUB_HrlyForecastImbalance_202609231500.xml,semo/market_signals/PUB_HrlyForecastImbalance/2026/09/PUB_HrlyForecastImbalance_202609231500.xml,Review the SEMO open-data terms and disclaimer before redistribution.,semo-market-v1,data/raw/semo/market_signals/PUB_HrlyForecastImbalance/2026/09/PUB_HrlyForecastImbalance_202609231500.xml,17813,fef1d9e8db4935ea1c5083eed6cb72cf95c062437598bf6ca82a8fa8aeed44dd,2026-09-23T22:39:55Z,2026-09-23T16:00:00+00:00,2026-09-24T22:00:00+00:00,360
semo_pub_hrlyforecastimbalance_202609231600,SEMO,PUB_HrlyForecastImbalance,2026,https://reports.sem-o.com/documents/PUB_HrlyForecastImbalance_202609231600.xml,semo/market_signals/PUB_HrlyForecastImbalance/2026/09/PUB_HrlyForecastImbalance_202609231600.xml,Review the SEMO open-data terms and disclaimer before redistribution.,semo-market-v1,data/raw/semo/market_signals/PUB_HrlyForecastImbalance/2026/09/PUB_HrlyForecastImbalance_202609231600.xml,17228,141572a98b39bb5604a085d231f52306118d8a77a2030200b0f21c1a35ef2880,2026-09-23T22:39:55Z,2026-09-23T17:00:00+00:00,2026-09-24T22:00:00+00:00,348
semo_pub_hrlyforecastimbalance_202609231700,SEMO,PUB_HrlyForecastImbalance,2026,https://reports.sem-o.com/documents/PUB_HrlyForecastImbalance_202609231700.xml,semo/market_signals/PUB_HrlyForecastImbalance/2026/09/PUB_HrlyForecastImbalance_202609231700.xml,Review the SEMO open-data terms and disclaimer before redistribution.,semo-market-v1,data/raw/semo/market_signals/PUB_HrlyForecastImbalance/2026/09/PUB_HrlyForecastImbalance_202609231700.xml,16636,c94d406a3379e04c0fa602a8ad3f9343e51262ce3236f70e8066fa7b0f3fa03c,2026-09-23T22:39:55Z,2026-09-23T18:00:00+00:00,2026-09-24T22:00:00+00:00,336
semo_pub_hrlyforecastimbalance_202609231800,SEMO,PUB_HrlyForecastImbalance,2026,https://reports.sem-o.com/documents/PUB_HrlyForecastImbalance_202609231800.xml,semo/market_signals/PUB_HrlyForecastImbalance/2026/09/PUB_HrlyForecastImbalance_202609231800.xml,Review the SEMO open-data terms and disclaimer before redistribution.,semo-market-v1,data/raw/semo/market_signals/PUB_HrlyForecastImbalance/2026/09/PUB_HrlyForecastImbalance_202609231800.xml,16146,1351a1b5535c794ead945cb8acaf152b6713ec0e6d47490ab4c6d75d750a9225,2026-09-23T22:39:55Z,2026-09-23T19:00:00+00:00,2026-09-24T22:00:00+00:00,324
semo_pub_hrlyforecastimbalance_202609231900,SEMO,PUB_HrlyForecastImbalance,2026,https://reports.sem-o.com/documents/PUB_HrlyForecastImbalance_202609231900.xml,semo/market_signals/PUB_HrlyForecastImbalance/2026/09/PUB_HrlyForecastImbalance_202609231900.xml,Review the SEMO open-data terms and disclaimer before redistribution.,semo-market-v1,data/raw/semo/market_signals/PUB_HrlyForecastImbalance/2026/09/PUB_HrlyForecastImbalance_202609231900.xml,15537,2ced53364dd8d241f61131ce947991b4d0116c890b37ff8a204e2961a4c95363,2026-09-23T22:39:55Z,2026-09-23T20:00:00+00:00,2026-09-24T22:00:00+00:00,312
semo_pub_hrlyforecastimbalance_202609232000,SEMO,PUB_HrlyForecastImbalance,2026,https://reports.sem-o.com/documents/PUB_HrlyForecastImbalance_202609232000.xml,semo/market_signals/PUB_HrlyForecastImbalance/2026/09/PUB_HrlyForecastImbalance_202609232000.xml,Review the SEMO open-data terms and disclaimer before redistribution.,semo-market-v1,data/raw/semo/market_signals/PUB_HrlyForecastImbalance/2026/09/PUB_HrlyForecastImbalance_202609232000.xml,14953,e7800f808c32e39f664abf41f119ae0dcb1d820eff51f5c766c9e9fd7538cf51,2026-09-23T22:39:55Z,2026-09-23T21:00:00+00:00,2026-09-24T22:00:00+00:00,300
semo_pub_hrlyforecastimbalance_202609232100,SEMO,PUB_HrlyForecastImbalance,2026,https://reports.sem-o.com/documents/PUB_HrlyForecastImbalance_202609232100.xml,semo/market_signals/PUB_HrlyForecastImbalance/2026/09/PUB_HrlyForecastImbalance_202609232100.xml,Review the SEMO open-data terms and disclaimer before redistribution.,semo-market-v1,data/raw/semo/market_signals/PUB_HrlyForecastImbalance/2026/09/PUB_HrlyForecastImbalance_202609232100.xml,14366,c15e6433879139309d813b3a2d79d8807c2af128046fd6e4247cb7913698ba22,2026-09-23T22:39:55Z,2026-09-23T22:00:00+00:00,2026-09-24T22:00:00+00:00,288
semo_pub_hrlyforecastimbalance_202609232200,SEMO,PUB_HrlyForecastImbalance,2026,https://reports.sem-o.com/documents/PUB_HrlyForecastImbalance_202609232200.xml,semo/market_signals/PUB_HrlyForecastImbalance/2026/09/PUB_HrlyForecastImbalance_202609232200.xml,Review the SEMO open-data terms and disclaimer before redistribution.,semo-market-v1,data/raw/semo/market_signals/PUB_HrlyForecastImbalance/2026/09/PUB_HrlyForecastImbalance_202609232200.xml,13781,a9e32e3fa4b6f37fe7e700fb9299df2f7d6044d39ba4b30cfbeb8fe1b2a026cd,2026-09-23T22:39:55Z,2026-09-23T23:00:00+00:00,2026-09-24T22:00:00+00:00,276
semo_pub_hrlyforecastimbalance_202609232300,SEMO,PUB_HrlyForecastImbalance,2026,https://reports.sem-o.com/documents/PUB_HrlyForecastImbalance_202609232300.xml,semo/market_signals/PUB_HrlyForecastImbalance/2026/09/PUB_HrlyForecastImbalance_202609232300.xml,Review the SEMO open-data terms and disclaimer before redistribution.,semo-market-v1,data/raw/semo/market_signals/PUB_HrlyForecastImbalance/2026/09/PUB_HrlyForecastImbalance_202609232300.xml,13197,ead17997830221255acf67f9511994a9110bab8a9bda90f6c71393428bd64640,2026-09-24T02:01:00Z,2026-09-24T00:00:00+00:00,2026-09-24T22:00:00+00:00,264
semo_pub_hrlyforecastimbalance_202609240000,SEMO,PUB_HrlyForecastImbalance,2026,https://reports.sem-o.com/documents/PUB_HrlyForecastImbalance_202609240000.xml,semo/market_signals/PUB_HrlyForecastImbalance/2026/09/PUB_HrlyForecastImbalance_202609240000.xml,Review the SEMO open-data terms and disclaimer before redistribution.,semo-market-v1,data/raw/semo/market_signals/PUB_HrlyForecastImbalance/2026/09/PUB_HrlyForecastImbalance_202609240000.xml,12607,0bf0a5a56cbdc63bb76f290078b637ce1ded3a4128a0cc557ba02f3d768d7084,2026-09-24T02:01:00Z,2026-09-24T01:00:00+00:00,2026-09-24T22:00:00+00:00,252
semo_pub_hrlyforecastimbalance_202609240100,SEMO,PUB_HrlyForecastImbalance,2026,https://reports.sem-o.com/documents/PUB_HrlyForecastImbalance_202609240100.xml,semo/market_signals/PUB_HrlyForecastImbalance/2026/09/PUB_HrlyForecastImbalance_202609240100.xml,Review the SEMO open-data terms and disclaimer before redistribution.,semo-market-v1,data/raw/semo/market_signals/PUB_HrlyForecastImbalance/2026/09/PUB_HrlyForecastImbalance_202609240100.xml,12006,52895ea1c5fd8eb455cea2d7d4712417cbad26b2f1e668a7c94218c5c572a1b4,2026-09-24T02:01:01Z,2026-09-24T02:00:00+00:00,2026-09-24T22:00:00+00:00,240
semo_pub_hrlynetimbalvolumeforecast_202609222300,SEMO,PUB_HrlyNetImbalVolumeForecast,2026,https://reports.sem-o.com/documents/PUB_HrlyNetImbalVolumeForecast_202609222300.xml,semo/market_signals/PUB_HrlyNetImbalVolumeForecast/2026/09/PUB_HrlyNetImbalVolumeForecast_202609222300.xml,Review the SEMO open-data terms and disclaimer before redistribution.,semo-market-v1,data/raw/semo/market_signals/PUB_HrlyNetImbalVolumeForecast/2026/09/PUB_HrlyNetImbalVolumeForecast_202609222300.xml,408,6f59b776bf7c5ad2157e7253aa475a78766345063ca944b196b3509bfd7f3a3f,2026-09-23T22:39:55Z,2026-09-22T23:00:31+00:00,2026-09-22T23:00:31+00:00,1
semo_pub_hrlynetimbalvolumeforecast_202609230000,SEMO,PUB_HrlyNetImbalVolumeForecast,2026,https://reports.sem-o.com/documents/PUB_HrlyNetImbalVolumeForecast_202609230000.xml,semo/market_signals/PUB_HrlyNetImbalVolumeForecast/2026/09/PUB_HrlyNetImbalVolumeForecast_202609230000.xml,Review the SEMO open-data terms and disclaimer before redistribution.,semo-market-v1,data/raw/semo/market_signals/PUB_HrlyNetImbalVolumeForecast/2026/09/PUB_HrlyNetImbalVolumeForecast_202609230000.xml,407,d6fb41532303f70732bbaefc529b1e8045a28355e0ba4a3ed8088400309e381a,2026-09-23T22:39:55Z,2026-09-23T00:00:36+00:00,2026-09-23T00:00:36+00:00,1
semo_pub_hrlynetimbalvolumeforecast_202609230100,SEMO,PUB_HrlyNetImbalVolumeForecast,2026,https://reports.sem-o.com/documents/PUB_HrlyNetImbalVolumeForecast_202609230100.xml,semo/market_signals/PUB_HrlyNetImbalVolumeForecast/2026/09/PUB_HrlyNetImbalVolumeForecast_202609230100.xml,Review the SEMO open-data terms and disclaimer before redistribution.,semo-market-v1,data/raw/semo/market_signals/PUB_HrlyNetImbalVolumeForecast/2026/09/PUB_HrlyNetImbalVolumeForecast_202609230100.xml,409,45fb6676f92f71d69193ddc65060711fea9b455891af17a14a7f425cffce242b,2026-09-23T22:39:55Z,2026-09-23T01:00:36+00:00,2026-09-23T01:00:36+00:00,1
semo_pub_hrlynetimbalvolumeforecast_202609230200,SEMO,PUB_HrlyNetImbalVolumeForecast,2026,https://reports.sem-o.com/documents/PUB_HrlyNetImbalVolumeForecast_202609230200.xml,semo/market_signals/PUB_HrlyNetImbalVolumeForecast/2026/09/PUB_HrlyNetImbalVolumeForecast_202609230200.xml,Review the SEMO open-data terms and disclaimer before redistribution.,semo-market-v1,data/raw/semo/market_signals/PUB_HrlyNetImbalVolumeForecast/2026/09/PUB_HrlyNetImbalVolumeForecast_202609230200.xml,409,d93c107eb921c69a3a7c151a799a7aa2bf332e078ff8578fb27582086c274b7e,2026-09-23T22:39:55Z,2026-09-23T02:00:32+00:00,2026-09-23T02:00:32+00:00,1
semo_pub_hrlynetimbalvolumeforecast_202609230300,SEMO,PUB_HrlyNetImbalVolumeForecast,2026,https://reports.sem-o.com/documents/PUB_HrlyNetImbalVolumeForecast_202609230300.xml,semo/market_signals/PUB_HrlyNetImbalVolumeForecast/2026/09/PUB_HrlyNetImbalVolumeForecast_202609230300.xml,Review the SEMO open-data terms and disclaimer before redistribution.,semo-market-v1,data/raw/semo/market_signals/PUB_HrlyNetImbalVolumeForecast/2026/09/PUB_HrlyNetImbalVolumeForecast_202609230300.xml,409,972b0191304706d787f2780899fb9f88bb8d8ea153d088855059bc10f4e3bcd0,2026-09-23T22:39:55Z,2026-09-23T03:00:31+00:00,2026-09-23T03:00:31+00:00,1
semo_pub_hrlynetimbalvolumeforecast_202609230400,SEMO,PUB_HrlyNetImbalVolumeForecast,2026,https://reports.sem-o.com/documents/PUB_HrlyNetImbalVolumeForecast_202609230400.xml,semo/market_signals/PUB_HrlyNetImbalVolumeForecast/2026/09/PUB_HrlyNetImbalVolumeForecast_202609230400.xml,Review the SEMO open-data terms and disclaimer before redistribution.,semo-market-v1,data/raw/semo/market_signals/PUB_HrlyNetImbalVolumeForecast/2026/09/PUB_HrlyNetImbalVolumeForecast_202609230400.xml,409,ed53ebd91c4679e7dbb8d1c28a7b653cf402cf9eee16971e9b2559e4ae825e11,2026-09-23T22:39:55Z,2026-09-23T04:00:32+00:00,2026-09-23T04:00:32+00:00,1
semo_pub_hrlynetimbalvolumeforecast_202609230500,SEMO,PUB_HrlyNetImbalVolumeForecast,2026,https://reports.sem-o.com/documents/PUB_HrlyNetImbalVolumeForecast_202609230500.xml,semo/market_signals/PUB_HrlyNetImbalVolumeForecast/2026/09/PUB_HrlyNetImbalVolumeForecast_202609230500.xml,Review the SEMO open-data terms and disclaimer before redistribution.,semo-market-v1,data/raw/semo/market_signals/PUB_HrlyNetImbalVolumeForecast/2026/09/PUB_HrlyNetImbalVolumeForecast_202609230500.xml,409,ba06605c9d4170e4b1705bef3a644ab7bedd705818a49814dbe6b5e4c555b587,2026-09-23T22:39:55Z,2026-09-23T05:00:32+00:00,2026-09-23T05:00:32+00:00,1
semo_pub_hrlynetimbalvolumeforecast_202609230600,SEMO,PUB_HrlyNetImbalVolumeForecast,2026,https://reports.sem-o.com/documents/PUB_HrlyNetImbalVolumeForecast_202609230600.xml,semo/market_signals/PUB_HrlyNetImbalVolumeForecast/2026/09/PUB_HrlyNetImbalVolumeForecast_202609230600.xml,Review the SEMO open-data terms and disclaimer before redistribution.,semo-market-v1,data/raw/semo/market_signals/PUB_HrlyNetImbalVolumeForecast/2026/09/PUB_HrlyNetImbalVolumeForecast_202609230600.xml,409,a7c5bf9086164bd55c5e52a013806939dee72776eaca92e0e8ac4313a88d30b2,2026-09-23T22:39:55Z,2026-09-23T06:00:31+00:00,2026-09-23T06:00:31+00:00,1
semo_pub_hrlynetimbalvolumeforecast_202609230700,SEMO,PUB_HrlyNetImbalVolumeForecast,2026,https://reports.sem-o.com/documents/PUB_HrlyNetImbalVolumeForecast_202609230700.xml,semo/market_signals/PUB_HrlyNetImbalVolumeForecast/2026/09/PUB_HrlyNetImbalVolumeForecast_202609230700.xml,Review the SEMO open-data terms and disclaimer before redistribution.,semo-market-v1,data/raw/semo/market_signals/PUB_HrlyNetImbalVolumeForecast/2026/09/PUB_HrlyNetImbalVolumeForecast_202609230700.xml,409,6371ff2dbf6c53a85edb874b850618feb76402b53b521d49f0c5d8572c9e43d2,2026-09-23T22:39:55Z,2026-09-23T07:00:31+00:00,2026-09-23T07:00:31+00:00,1
semo_pub_hrlynetimbalvolumeforecast_202609230800,SEMO,PUB_HrlyNetImbalVolumeForecast,2026,https://reports.sem-o.com/documents/PUB_HrlyNetImbalVolumeForecast_202609230800.xml,semo/market_signals/PUB_HrlyNetImbalVolumeForecast/2026/09/PUB_HrlyNetImbalVolumeForecast_202609230800.xml,Review the SEMO open-data terms and disclaimer before redistribution.,semo-market-v1,data/raw/semo/market_signals/PUB_HrlyNetImbalVolumeForecast/2026/09/PUB_HrlyNetImbalVolumeForecast_202609230800.xml,409,2897eb9d22ed764736d2cbb6a58867a1ac762718b71deeafd244c2782c7eb0ab,2026-09-23T22:39:55Z,2026-09-23T08:00:31+00:00,2026-09-23T08:00:31+00:00,1
semo_pub_hrlynetimbalvolumeforecast_202609230900,SEMO,PUB_HrlyNetImbalVolumeForecast,2026,https://reports.sem-o.com/documents/PUB_HrlyNetImbalVolumeForecast_202609230900.xml,semo/market_signals/PUB_HrlyNetImbalVolumeForecast/2026/09/PUB_HrlyNetImbalVolumeForecast_202609230900.xml,Review the SEMO open-data terms and disclaimer before redistribution.,semo-market-v1,data/raw/semo/market_signals/PUB_HrlyNetImbalVolumeForecast/2026/09/PUB_HrlyNetImbalVolumeForecast_202609230900.xml,408,ac71f4f050113eb03ce5a6f0a405f5baa15d7839a147472d85ad8d340750af8d,2026-09-23T22:39:55Z,2026-09-23T09:00:36+00:00,2026-09-23T09:00:36+00:00,1
semo_pub_hrlynetimbalvolumeforecast_202609231000,SEMO,PUB_HrlyNetImbalVolumeForecast,2026,https://reports.sem-o.com/documents/PUB_HrlyNetImbalVolumeForecast_202609231000.xml,semo/market_signals/PUB_HrlyNetImbalVolumeForecast/2026/09/PUB_HrlyNetImbalVolumeForecast_202609231000.xml,Review the SEMO open-data terms and disclaimer before redistribution.,semo-market-v1,data/raw/semo/market_signals/PUB_HrlyNetImbalVolumeForecast/2026/09/PUB_HrlyNetImbalVolumeForecast_202609231000.xml,409,9c858802da0a36514fbe7c17ae5d0a947d943b3686dfb17932bc263bdd13f37a,2026-09-23T22:39:55Z,2026-09-23T10:00:37+00:00,2026-09-23T10:00:37+00:00,1
semo_pub_hrlynetimbalvolumeforecast_202609231100,SEMO,PUB_HrlyNetImbalVolumeForecast,2026,https://reports.sem-o.com/documents/PUB_HrlyNetImbalVolumeForecast_202609231100.xml,semo/market_signals/PUB_HrlyNetImbalVolumeForecast/2026/09/PUB_HrlyNetImbalVolumeForecast_202609231100.xml,Review the SEMO open-data terms and disclaimer before redistribution.,semo-market-v1,data/raw/semo/market_signals/PUB_HrlyNetImbalVolumeForecast/2026/09/PUB_HrlyNetImbalVolumeForecast_202609231100.xml,409,fb91c9e9ac9789fd79fd71cc6fe9fb74263f20f08be71beb61ac6f79513c79e6,2026-09-23T22:39:55Z,2026-09-23T11:00:37+00:00,2026-09-23T11:00:37+00:00,1
semo_pub_hrlynetimbalvolumeforecast_202609231200,SEMO,PUB_HrlyNetImbalVolumeForecast,2026,https://reports.sem-o.com/documents/PUB_HrlyNetImbalVolumeForecast_202609231200.xml,semo/market_signals/PUB_HrlyNetImbalVolumeForecast/2026/09/PUB_HrlyNetImbalVolumeForecast_202609231200.xml,Review the SEMO open-data terms and disclaimer before redistribution.,semo-market-v1,data/raw/semo/market_signals/PUB_HrlyNetImbalVolumeForecast/2026/09/PUB_HrlyNetImbalVolumeForecast_202609231200.xml,409,500a7ca5a9abd88603e06fcf229dd86fe6f62a064eba249aebe49f8eba997032,2026-09-23T22:39:55Z,2026-09-23T12:00:40+00:00,2026-09-23T12:00:40+00:00,1
semo_pub_hrlynetimbalvolumeforecast_202609231300,SEMO,PUB_HrlyNetImbalVolumeForecast,2026,https://reports.sem-o.com/documents/PUB_HrlyNetImbalVolumeForecast_202609231300.xml,semo/market_signals/PUB_HrlyNetImbalVolumeForecast/2026/09/PUB_HrlyNetImbalVolumeForecast_202609231300.xml,Review the SEMO open-data terms and disclaimer before redistribution.,semo-market-v1,data/raw/semo/market_signals/PUB_HrlyNetImbalVolumeForecast/2026/09/PUB_HrlyNetImbalVolumeForecast_202609231300.xml,509,47e3a479cf7f005067de43290a1b3e56e5aae391a39b0a5777e98404ef434b19,2026-09-23T22:39:55Z,2026-09-23T13:00:36+00:00,2026-09-23T13:00:36+00:00,2
semo_pub_hrlynetimbalvolumeforecast_202609231400,SEMO,PUB_HrlyNetImbalVolumeForecast,2026,https://reports.sem-o.com/documents/PUB_HrlyNetImbalVolumeForecast_202609231400.xml,semo/market_signals/PUB_HrlyNetImbalVolumeForecast/2026/09/PUB_HrlyNetImbalVolumeForecast_202609231400.xml,Review the SEMO open-data terms and disclaimer before redistribution.,semo-market-v1,data/raw/semo/market_signals/PUB_HrlyNetImbalVolumeForecast/2026/09/PUB_HrlyNetImbalVolumeForecast_202609231400.xml,509,2f1f29f279d75007725cf59e9c04cfcf95d07465ef5118fd54f121fb6baf219e,2026-09-23T22:39:55Z,2026-09-23T14:00:31+00:00,2026-09-23T14:00:31+00:00,2
semo_pub_hrlynetimbalvolumeforecast_202609231500,SEMO,PUB_HrlyNetImbalVolumeForecast,2026,https://reports.sem-o.com/documents/PUB_HrlyNetImbalVolumeForecast_202609231500.xml,semo/market_signals/PUB_HrlyNetImbalVolumeForecast/2026/09/PUB_HrlyNetImbalVolumeForecast_202609231500.xml,Review the SEMO open-data terms and disclaimer before redistribution.,semo-market-v1,data/raw/semo/market_signals/PUB_HrlyNetImbalVolumeForecast/2026/09/PUB_HrlyNetImbalVolumeForecast_202609231500.xml,509,3a3761ddd776f623459d2512a614015e8ebf33976c8b87f6f2685153f70f1886,2026-09-23T22:39:55Z,2026-09-23T15:00:31+00:00,2026-09-23T15:00:31+00:00,2
semo_pub_hrlynetimbalvolumeforecast_202609231600,SEMO,PUB_HrlyNetImbalVolumeForecast,2026,https://reports.sem-o.com/documents/PUB_HrlyNetImbalVolumeForecast_202609231600.xml,semo/market_signals/PUB_HrlyNetImbalVolumeForecast/2026/09/PUB_HrlyNetImbalVolumeForecast_202609231600.xml,Review the SEMO open-data terms and disclaimer before redistribution.,semo-market-v1,data/raw/semo/market_signals/PUB_HrlyNetImbalVolumeForecast/2026/09/PUB_HrlyNetImbalVolumeForecast_202609231600.xml,509,2a3f473fac0399bf6456d140ff66ce1d91b99296d41551b732e125857c51859f,2026-09-23T22:39:55Z,2026-09-23T16:00:32+00:00,2026-09-23T16:00:32+00:00,2
semo_pub_hrlynetimbalvolumeforecast_202609231700,SEMO,PUB_HrlyNetImbalVolumeForecast,2026,https://reports.sem-o.com/documents/PUB_HrlyNetImbalVolumeForecast_202609231700.xml,semo/market_signals/PUB_HrlyNetImbalVolumeForecast/2026/09/PUB_HrlyNetImbalVolumeForecast_202609231700.xml,Review the SEMO open-data terms and disclaimer before redistribution.,semo-market-v1,data/raw/semo/market_signals/PUB_HrlyNetImbalVolumeForecast/2026/09/PUB_HrlyNetImbalVolumeForecast_202609231700.xml,509,b7574bca7eacede181cb3bdaf8774b7d61f5b5752d5db1c452a0c1933d822cac,2026-09-23T22:39:55Z,2026-09-23T17:00:36+00:00,2026-09-23T17:00:36+00:00,2
semo_pub_hrlynetimbalvolumeforecast_202609231800,SEMO,PUB_HrlyNetImbalVolumeForecast,2026,https://reports.sem-o.com/documents/PUB_HrlyNetImbalVolumeForecast_202609231800.xml,semo/market_signals/PUB_HrlyNetImbalVolumeForecast/2026/09/PUB_HrlyNetImbalVolumeForecast_202609231800.xml,Review the SEMO open-data terms and disclaimer before redistribution.,semo-market-v1,data/raw/semo/market_signals/PUB_HrlyNetImbalVolumeForecast/2026/09/PUB_HrlyNetImbalVolumeForecast_202609231800.xml,508,6c015558861d9fe073066969b305577f5ee15fa0139a225e24d465fcbef913b5,2026-09-23T22:39:55Z,2026-09-23T18:00:31+00:00,2026-09-23T18:00:31+00:00,2
semo_pub_hrlynetimbalvolumeforecast_202609231900,SEMO,PUB_HrlyNetImbalVolumeForecast,2026,https://reports.sem-o.com/documents/PUB_HrlyNetImbalVolumeForecast_202609231900.xml,semo/market_signals/PUB_HrlyNetImbalVolumeForecast/2026/09/PUB_HrlyNetImbalVolumeForecast_202609231900.xml,Review the SEMO open-data terms and disclaimer before redistribution.,semo-market-v1,data/raw/semo/market_signals/PUB_HrlyNetImbalVolumeForecast/2026/09/PUB_HrlyNetImbalVolumeForecast_202609231900.xml,508,7ba685631cef167c6bc04465666d4f795fe15bc9225dafaeb3df7e63b01f2185,2026-09-23T22:39:55Z,2026-09-23T19:00:36+00:00,2026-09-23T19:00:36+00:00,2
semo_pub_hrlynetimbalvolumeforecast_202609232000,SEMO,PUB_HrlyNetImbalVolumeForecast,2026,https://reports.sem-o.com/documents/PUB_HrlyNetImbalVolumeForecast_202609232000.xml,semo/market_signals/PUB_HrlyNetImbalVolumeForecast/2026/09/PUB_HrlyNetImbalVolumeForecast_202609232000.xml,Review the SEMO open-data terms and disclaimer before redistribution.,semo-market-v1,data/raw/semo/market_signals/PUB_HrlyNetImbalVolumeForecast/2026/09/PUB_HrlyNetImbalVolumeForecast_202609232000.xml,508,aa05fdba8fbc9a844a85a39eea974688b15b13c1df482d49fbee38e701ff0393,2026-09-23T22:39:55Z,2026-09-23T20:00:32+00:00,2026-09-23T20:00:32+00:00,2
semo_pub_hrlynetimbalvolumeforecast_202609232100,SEMO,PUB_HrlyNetImbalVolumeForecast,2026,https://reports.sem-o.com/documents/PUB_HrlyNetImbalVolumeForecast_202609232100.xml,semo/market_signals/PUB_HrlyNetImbalVolumeForecast/2026/09/PUB_HrlyNetImbalVolumeForecast_202609232100.xml,Review the SEMO open-data terms and disclaimer before redistribution.,semo-market-v1,data/raw/semo/market_signals/PUB_HrlyNetImbalVolumeForecast/2026/09/PUB_HrlyNetImbalVolumeForecast_202609232100.xml,409,084d956c7f486421d10d094865d0c8617f643e980cbd8265762b4ee8bada483d,2026-09-23T22:39:55Z,2026-09-23T21:00:32+00:00,2026-09-23T21:00:32+00:00,1
semo_pub_hrlynetimbalvolumeforecast_202609232200,SEMO,PUB_HrlyNetImbalVolumeForecast,2026,https://reports.sem-o.com/documents/PUB_HrlyNetImbalVolumeForecast_202609232200.xml,semo/market_signals/PUB_HrlyNetImbalVolumeForecast/2026/09/PUB_HrlyNetImbalVolumeForecast_202609232200.xml,Review the SEMO open-data terms and disclaimer before redistribution.,semo-market-v1,data/raw/semo/market_signals/PUB_HrlyNetImbalVolumeForecast/2026/09/PUB_HrlyNetImbalVolumeForecast_202609232200.xml,409,d9442199ac3dafd84e56d42032a0251fdd07660190d7d217fc6c69ce6cae4d9a,2026-09-23T22:39:55Z,2026-09-23T22:00:31+00:00,2026-09-23T22:00:31+00:00,1
semo_pub_hrlynetimbalvolumeforecast_202609232300,SEMO,PUB_HrlyNetImbalVolumeForecast,2026,https://reports.sem-o.com/documents/PUB_HrlyNetImbalVolumeForecast_202609232300.xml,semo/market_signals/PUB_HrlyNetImbalVolumeForecast/2026/09/PUB_HrlyNetImbalVolumeForecast_202609232300.xml,Review the SEMO open-data terms and disclaimer before redistribution.,semo-market-v1,data/raw/semo/market_signals/PUB_HrlyNetImbalVolumeForecast/2026/09/PUB_HrlyNetImbalVolumeForecast_202609232300.xml,409,66a17eb2dea53508c24601a53cfb1fe01ba076733bda1fbe1d9e6413e39e07b3,2026-09-24T02:01:01Z,2026-09-23T23:00:31+00:00,2026-09-23T23:00:31+00:00,1
semo_pub_hrlynetimbalvolumeforecast_202609240000,SEMO,PUB_HrlyNetImbalVolumeForecast,2026,https://reports.sem-o.com/documents/PUB_HrlyNetImbalVolumeForecast_202609240000.xml,semo/market_signals/PUB_HrlyNetImbalVolumeForecast/2026/09/PUB_HrlyNetImbalVolumeForecast_202609240000.xml,Review the SEMO open-data terms and disclaimer before redistribution.,semo-market-v1,data/raw/semo/market_signals/PUB_HrlyNetImbalVolumeForecast/2026/09/PUB_HrlyNetImbalVolumeForecast_202609240000.xml,409,a4964bae5dda1f3bcf8af9544c31aceff26487e15d76ae82b3c932db48816b23,2026-09-24T02:01:01Z,2026-09-24T00:00:36+00:00,2026-09-24T00:00:36+00:00,1
semo_pub_hrlynetimbalvolumeforecast_202609240100,SEMO,PUB_HrlyNetImbalVolumeForecast,2026,https://reports.sem-o.com/documents/PUB_HrlyNetImbalVolumeForecast_202609240100.xml,semo/market_signals/PUB_HrlyNetImbalVolumeForecast/2026/09/PUB_HrlyNetImbalVolumeForecast_202609240100.xml,Review the SEMO open-data terms and disclaimer before redistribution.,semo-market-v1,data/raw/semo/market_signals/PUB_HrlyNetImbalVolumeForecast/2026/09/PUB_HrlyNetImbalVolumeForecast_202609240100.xml,409,5980457a0973261c943075818f522878b678cecc99d72bc7ca67c423ab57f230,2026-09-24T02:01:01Z,2026-09-24T01:00:36+00:00,2026-09-24T01:00:36+00:00,1
semo_pub_hrlyssiisiff_202609222300,SEMO,PUB_HrlySsiiSiff,2026,https://reports.sem-o.com/documents/PUB_HrlySsiiSiff_202609222300.xml,semo/market_signals/PUB_HrlySsiiSiff/2026/09/PUB_HrlySsiiSiff_202609222300.xml,Review the SEMO open-data terms and disclaimer before redistribution.,semo-market-v1,data/raw/semo/market_signals/PUB_HrlySsiiSiff/2026/09/PUB_HrlySsiiSiff_202609222300.xml,371,1a837f668d797f61ea4991720101ec86b3d23f0136c4a48643003d7d48a9aaf2,2026-09-23T22:40:02Z,2026-09-22T23:00:32+00:00,2026-09-22T23:00:32+00:00,2
semo_pub_hrlyssiisiff_202609230000,SEMO,PUB_HrlySsiiSiff,2026,https://reports.sem-o.com/documents/PUB_HrlySsiiSiff_202609230000.xml,semo/market_signals/PUB_HrlySsiiSiff/2026/09/PUB_HrlySsiiSiff_202609230000.xml,Review the SEMO open-data terms and disclaimer before redistribution.,semo-market-v1,data/raw/semo/market_signals/PUB_HrlySsiiSiff/2026/09/PUB_HrlySsiiSiff_202609230000.xml,371,0a3c6b80fcf9dcb727fd4575cb45b20a2df3800be03e0641fe8ac03cd1f1b339,2026-09-23T22:40:02Z,2026-09-23T00:00:37+00:00,2026-09-23T00:00:37+00:00,2
semo_pub_hrlyssiisiff_202609230100,SEMO,PUB_HrlySsiiSiff,2026,https://reports.sem-o.com/documents/PUB_HrlySsiiSiff_202609230100.xml,semo/market_signals/PUB_HrlySsiiSiff/2026/09/PUB_HrlySsiiSiff_202609230100.xml,Review the SEMO open-data terms and disclaimer before redistribution.,semo-market-v1,data/raw/semo/market_signals/PUB_HrlySsiiSiff/2026/09/PUB_HrlySsiiSiff_202609230100.xml,371,029d51b6c3dc2ccaf89c6210e719528da9818b8a45c57b2944374ef4cc9635e7,2026-09-23T22:40:02Z,2026-09-23T01:00:37+00:00,2026-09-23T01:00:37+00:00,2
semo_pub_hrlyssiisiff_202609230200,SEMO,PUB_HrlySsiiSiff,2026,https://reports.sem-o.com/documents/PUB_HrlySsiiSiff_202609230200.xml,semo/market_signals/PUB_HrlySsiiSiff/2026/09/PUB_HrlySsiiSiff_202609230200.xml,Review the SEMO open-data terms and disclaimer before redistribution.,semo-market-v1,data/raw/semo/market_signals/PUB_HrlySsiiSiff/2026/09/PUB_HrlySsiiSiff_202609230200.xml,371,44190e3c95e2739b97d9778bb01b13a3621f57e778ac83978cfffcb1577f88c0,2026-09-23T22:40:02Z,2026-09-23T02:00:32+00:00,2026-09-23T02:00:32+00:00,2
semo_pub_hrlyssiisiff_202609230300,SEMO,PUB_HrlySsiiSiff,2026,https://reports.sem-o.com/documents/PUB_HrlySsiiSiff_202609230300.xml,semo/market_signals/PUB_HrlySsiiSiff/2026/09/PUB_HrlySsiiSiff_202609230300.xml,Review the SEMO open-data terms and disclaimer before redistribution.,semo-market-v1,data/raw/semo/market_signals/PUB_HrlySsiiSiff/2026/09/PUB_HrlySsiiSiff_202609230300.xml,371,af84bfea7640174dce6a165534097f0a318a91c2a0ec951f8652d98a653f1c98,2026-09-23T22:40:02Z,2026-09-23T03:00:32+00:00,2026-09-23T03:00:32+00:00,2
semo_pub_hrlyssiisiff_202609230400,SEMO,PUB_HrlySsiiSiff,2026,https://reports.sem-o.com/documents/PUB_HrlySsiiSiff_202609230400.xml,semo/market_signals/PUB_HrlySsiiSiff/2026/09/PUB_HrlySsiiSiff_202609230400.xml,Review the SEMO open-data terms and disclaimer before redistribution.,semo-market-v1,data/raw/semo/market_signals/PUB_HrlySsiiSiff/2026/09/PUB_HrlySsiiSiff_202609230400.xml,371,ff1d2052624b1a84c9bfd15ff6c514b91ccce4dcb24ad804159741ae61516721,2026-09-23T22:40:02Z,2026-09-23T04:00:33+00:00,2026-09-23T04:00:33+00:00,2
semo_pub_hrlyssiisiff_202609230500,SEMO,PUB_HrlySsiiSiff,2026,https://reports.sem-o.com/documents/PUB_HrlySsiiSiff_202609230500.xml,semo/market_signals/PUB_HrlySsiiSiff/2026/09/PUB_HrlySsiiSiff_202609230500.xml,Review the SEMO open-data terms and disclaimer before redistribution.,semo-market-v1,data/raw/semo/market_signals/PUB_HrlySsiiSiff/2026/09/PUB_HrlySsiiSiff_202609230500.xml,371,1268665d04fdad89fdf41ee396d177f589e69390a40caa20584b32773fd1b9e5,2026-09-23T22:40:02Z,2026-09-23T05:00:33+00:00,2026-09-23T05:00:33+00:00,2
semo_pub_hrlyssiisiff_202609230600,SEMO,PUB_HrlySsiiSiff,2026,https://reports.sem-o.com/documents/PUB_HrlySsiiSiff_202609230600.xml,semo/market_signals/PUB_HrlySsiiSiff/2026/09/PUB_HrlySsiiSiff_202609230600.xml,Review the SEMO open-data terms and disclaimer before redistribution.,semo-market-v1,data/raw/semo/market_signals/PUB_HrlySsiiSiff/2026/09/PUB_HrlySsiiSiff_202609230600.xml,371,208666b73996c426a7ff319457ec63b9335e4dfc0ad6aaa731c499262b4ec9ca,2026-09-23T22:40:02Z,2026-09-23T06:00:32+00:00,2026-09-23T06:00:32+00:00,2
semo_pub_hrlyssiisiff_202609230700,SEMO,PUB_HrlySsiiSiff,2026,https://reports.sem-o.com/documents/PUB_HrlySsiiSiff_202609230700.xml,semo/market_signals/PUB_HrlySsiiSiff/2026/09/PUB_HrlySsiiSiff_202609230700.xml,Review the SEMO open-data terms and disclaimer before redistribution.,semo-market-v1,data/raw/semo/market_signals/PUB_HrlySsiiSiff/2026/09/PUB_HrlySsiiSiff_202609230700.xml,371,0397d49c31a9818b6738d46ebaea569532f64e5a107146d1e3cb47f0690b3333,2026-09-23T22:40:02Z,2026-09-23T07:00:32+00:00,2026-09-23T07:00:32+00:00,2
semo_pub_hrlyssiisiff_202609230800,SEMO,PUB_HrlySsiiSiff,2026,https://reports.sem-o.com/documents/PUB_HrlySsiiSiff_202609230800.xml,semo/market_signals/PUB_HrlySsiiSiff/2026/09/PUB_HrlySsiiSiff_202609230800.xml,Review the SEMO open-data terms and disclaimer before redistribution.,semo-market-v1,data/raw/semo/market_signals/PUB_HrlySsiiSiff/2026/09/PUB_HrlySsiiSiff_202609230800.xml,371,2a2056868f4da6725cd50adbf5222f0ddeda9f680274b213bdca9ca0b458c653,2026-09-23T22:40:02Z,2026-09-23T08:00:32+00:00,2026-09-23T08:00:32+00:00,2
semo_pub_hrlyssiisiff_202609230900,SEMO,PUB_HrlySsiiSiff,2026,https://reports.sem-o.com/documents/PUB_HrlySsiiSiff_202609230900.xml,semo/market_signals/PUB_HrlySsiiSiff/2026/09/PUB_HrlySsiiSiff_202609230900.xml,Review the SEMO open-data terms and disclaimer before redistribution.,semo-market-v1,data/raw/semo/market_signals/PUB_HrlySsiiSiff/2026/09/PUB_HrlySsiiSiff_202609230900.xml,371,ac7d5654e99db212aa9c0ccb85e7c40dc127b0eef65b573ce8f137c44c1d26ec,2026-09-23T22:40:02Z,2026-09-23T09:00:37+00:00,2026-09-23T09:00:37+00:00,2
semo_pub_hrlyssiisiff_202609231000,SEMO,PUB_HrlySsiiSiff,2026,https://reports.sem-o.com/documents/PUB_HrlySsiiSiff_202609231000.xml,semo/market_signals/PUB_HrlySsiiSiff/2026/09/PUB_HrlySsiiSiff_202609231000.xml,Review the SEMO open-data terms and disclaimer before redistribution.,semo-market-v1,data/raw/semo/market_signals/PUB_HrlySsiiSiff/2026/09/PUB_HrlySsiiSiff_202609231000.xml,371,be40c7d9c9b19050ee95c753350a2202375e768a022b6f6da063bd5604deb187,2026-09-23T22:40:02Z,2026-09-23T10:00:37+00:00,2026-09-23T10:00:37+00:00,2
semo_pub_hrlyssiisiff_202609231100,SEMO,PUB_HrlySsiiSiff,2026,https://reports.sem-o.com/documents/PUB_HrlySsiiSiff_202609231100.xml,semo/market_signals/PUB_HrlySsiiSiff/2026/09/PUB_HrlySsiiSiff_202609231100.xml,Review the SEMO open-data terms and disclaimer before redistribution.,semo-market-v1,data/raw/semo/market_signals/PUB_HrlySsiiSiff/2026/09/PUB_HrlySsiiSiff_202609231100.xml,371,298d3c632f32705d15c1650aba375e62709ce8e6a711953636ea02180b2f509b,2026-09-23T22:40:03Z,2026-09-23T11:00:38+00:00,2026-09-23T11:00:38+00:00,2
semo_pub_hrlyssiisiff_202609231200,SEMO,PUB_HrlySsiiSiff,2026,https://reports.sem-o.com/documents/PUB_HrlySsiiSiff_202609231200.xml,semo/market_signals/PUB_HrlySsiiSiff/2026/09/PUB_HrlySsiiSiff_202609231200.xml,Review the SEMO open-data terms and disclaimer before redistribution.,semo-market-v1,data/raw/semo/market_signals/PUB_HrlySsiiSiff/2026/09/PUB_HrlySsiiSiff_202609231200.xml,371,87ffb7ccb4efc72b89588e240e16bc9bb215cc7a9b027bc39cab6cfde10e99b9,2026-09-23T22:40:02Z,2026-09-23T12:00:42+00:00,2026-09-23T12:00:42+00:00,2
semo_pub_hrlyssiisiff_202609231300,SEMO,PUB_HrlySsiiSiff,2026,https://reports.sem-o.com/documents/PUB_HrlySsiiSiff_202609231300.xml,semo/market_signals/PUB_HrlySsiiSiff/2026/09/PUB_HrlySsiiSiff_202609231300.xml,Review the SEMO open-data terms and disclaimer before redistribution.,semo-market-v1,data/raw/semo/market_signals/PUB_HrlySsiiSiff/2026/09/PUB_HrlySsiiSiff_202609231300.xml,371,3a977d1e930263e17cd48bb130ddd1cc0cf038be1edba9711327e8a697671390,2026-09-23T22:40:02Z,2026-09-23T13:00:37+00:00,2026-09-23T13:00:37+00:00,2
semo_pub_hrlyssiisiff_202609231400,SEMO,PUB_HrlySsiiSiff,2026,https://reports.sem-o.com/documents/PUB_HrlySsiiSiff_202609231400.xml,semo/market_signals/PUB_HrlySsiiSiff/2026/09/PUB_HrlySsiiSiff_202609231400.xml,Review the SEMO open-data terms and disclaimer before redistribution.,semo-market-v1,data/raw/semo/market_signals/PUB_HrlySsiiSiff/2026/09/PUB_HrlySsiiSiff_202609231400.xml,371,5308e0862407aba75a3317d5d5410bd9674e759678dd0c4da7427092f0d9d209,2026-09-23T22:40:03Z,2026-09-23T14:00:32+00:00,2026-09-23T14:00:32+00:00,2
semo_pub_hrlyssiisiff_202609231500,SEMO,PUB_HrlySsiiSiff,2026,https://reports.sem-o.com/documents/PUB_HrlySsiiSiff_202609231500.xml,semo/market_signals/PUB_HrlySsiiSiff/2026/09/PUB_HrlySsiiSiff_202609231500.xml,Review the SEMO open-data terms and disclaimer before redistribution.,semo-market-v1,data/raw/semo/market_signals/PUB_HrlySsiiSiff/2026/09/PUB_HrlySsiiSiff_202609231500.xml,371,7bbb3eccd7799b6344205c5cffbfcf65f957548563e5c34d6f0b1b3e04860451,2026-09-23T22:40:02Z,2026-09-23T15:00:32+00:00,2026-09-23T15:00:32+00:00,2
semo_pub_hrlyssiisiff_202609231600,SEMO,PUB_HrlySsiiSiff,2026,https://reports.sem-o.com/documents/PUB_HrlySsiiSiff_202609231600.xml,semo/market_signals/PUB_HrlySsiiSiff/2026/09/PUB_HrlySsiiSiff_202609231600.xml,Review the SEMO open-data terms and disclaimer before redistribution.,semo-market-v1,data/raw/semo/market_signals/PUB_HrlySsiiSiff/2026/09/PUB_HrlySsiiSiff_202609231600.xml,371,9db4032277fa2af129af458569395085185b6b7baf88f266ab9e647b23938f9b,2026-09-23T22:40:02Z,2026-09-23T16:00:32+00:00,2026-09-23T16:00:32+00:00,2
semo_pub_hrlyssiisiff_202609231700,SEMO,PUB_HrlySsiiSiff,2026,https://reports.sem-o.com/documents/PUB_HrlySsiiSiff_202609231700.xml,semo/market_signals/PUB_HrlySsiiSiff/2026/09/PUB_HrlySsiiSiff_202609231700.xml,Review the SEMO open-data terms and disclaimer before redistribution.,semo-market-v1,data/raw/semo/market_signals/PUB_HrlySsiiSiff/2026/09/PUB_HrlySsiiSiff_202609231700.xml,371,4a2ad8a577ffeb7047d7b57d6eb6717842bd41e8a76c122de55cdf0c502c45a5,2026-09-23T22:40:02Z,2026-09-23T17:00:37+00:00,2026-09-23T17:00:37+00:00,2
semo_pub_hrlyssiisiff_202609231800,SEMO,PUB_HrlySsiiSiff,2026,https://reports.sem-o.com/documents/PUB_HrlySsiiSiff_202609231800.xml,semo/market_signals/PUB_HrlySsiiSiff/2026/09/PUB_HrlySsiiSiff_202609231800.xml,Review the SEMO open-data terms and disclaimer before redistribution.,semo-market-v1,data/raw/semo/market_signals/PUB_HrlySsiiSiff/2026/09/PUB_HrlySsiiSiff_202609231800.xml,371,f01b28a8101a75acc79f8cf1175c7db6481fac4625d4f385e112a4fb85a05358,2026-09-23T22:40:02Z,2026-09-23T18:00:32+00:00,2026-09-23T18:00:32+00:00,2
semo_pub_hrlyssiisiff_202609231900,SEMO,PUB_HrlySsiiSiff,2026,https://reports.sem-o.com/documents/PUB_HrlySsiiSiff_202609231900.xml,semo/market_signals/PUB_HrlySsiiSiff/2026/09/PUB_HrlySsiiSiff_202609231900.xml,Review the SEMO open-data terms and disclaimer before redistribution.,semo-market-v1,data/raw/semo/market_signals/PUB_HrlySsiiSiff/2026/09/PUB_HrlySsiiSiff_202609231900.xml,371,47ff8150189e887eee31b3fb627d67f2d9c8599dc107ef24c7c40c25795e088e,2026-09-23T22:40:02Z,2026-09-23T19:00:37+00:00,2026-09-23T19:00:37+00:00,2
semo_pub_hrlyssiisiff_202609232000,SEMO,PUB_HrlySsiiSiff,2026,https://reports.sem-o.com/documents/PUB_HrlySsiiSiff_202609232000.xml,semo/market_signals/PUB_HrlySsiiSiff/2026/09/PUB_HrlySsiiSiff_202609232000.xml,Review the SEMO open-data terms and disclaimer before redistribution.,semo-market-v1,data/raw/semo/market_signals/PUB_HrlySsiiSiff/2026/09/PUB_HrlySsiiSiff_202609232000.xml,371,a7595bae3c65ed37cf4311e6141180c193f11656854cf7bcf812e7a2f140593b,2026-09-23T22:40:02Z,2026-09-23T20:00:33+00:00,2026-09-23T20:00:33+00:00,2
semo_pub_hrlyssiisiff_202609232100,SEMO,PUB_HrlySsiiSiff,2026,https://reports.sem-o.com/documents/PUB_HrlySsiiSiff_202609232100.xml,semo/market_signals/PUB_HrlySsiiSiff/2026/09/PUB_HrlySsiiSiff_202609232100.xml,Review the SEMO open-data terms and disclaimer before redistribution.,semo-market-v1,data/raw/semo/market_signals/PUB_HrlySsiiSiff/2026/09/PUB_HrlySsiiSiff_202609232100.xml,371,1b959afa2335160ae86780909a1a3240e45c8fc1f14ccfdef6dea2768ae40bc8,2026-09-23T22:40:02Z,2026-09-23T21:00:33+00:00,2026-09-23T21:00:33+00:00,2
semo_pub_hrlyssiisiff_202609232200,SEMO,PUB_HrlySsiiSiff,2026,https://reports.sem-o.com/documents/PUB_HrlySsiiSiff_202609232200.xml,semo/market_signals/PUB_HrlySsiiSiff/2026/09/PUB_HrlySsiiSiff_202609232200.xml,Review the SEMO open-data terms and disclaimer before redistribution.,semo-market-v1,data/raw/semo/market_signals/PUB_HrlySsiiSiff/2026/09/PUB_HrlySsiiSiff_202609232200.xml,371,d03d9074c0740cff732f35ae8bee79c6a02e8fba6d63286159a1623c6735feeb,2026-09-23T22:40:02Z,2026-09-23T22:00:32+00:00,2026-09-23T22:00:32+00:00,2
semo_pub_hrlyssiisiff_202609232300,SEMO,PUB_HrlySsiiSiff,2026,https://reports.sem-o.com/documents/PUB_HrlySsiiSiff_202609232300.xml,semo/market_signals/PUB_HrlySsiiSiff/2026/09/PUB_HrlySsiiSiff_202609232300.xml,Review the SEMO open-data terms and disclaimer before redistribution.,semo-market-v1,data/raw/semo/market_signals/PUB_HrlySsiiSiff/2026/09/PUB_HrlySsiiSiff_202609232300.xml,371,2685170ddc5815b8269dbd82c0492ffed86d0145aa9d9e0a65b65e7490dc13f8,2026-09-24T02:01:01Z,2026-09-23T23:00:32+00:00,2026-09-23T23:00:32+00:00,2
semo_pub_hrlyssiisiff_202609240000,SEMO,PUB_HrlySsiiSiff,2026,https://reports.sem-o.com/documents/PUB_HrlySsiiSiff_202609240000.xml,semo/market_signals/PUB_HrlySsiiSiff/2026/09/PUB_HrlySsiiSiff_202609240000.xml,Review the SEMO open-data terms and disclaimer before redistribution.,semo-market-v1,data/raw/semo/market_signals/PUB_HrlySsiiSiff/2026/09/PUB_HrlySsiiSiff_202609240000.xml,371,1bd91e7b81d28a857ef678db99252d1a794128aaafaf912cb0ccb8cdb1f07cae,2026-09-24T02:01:01Z,2026-09-24T00:00:37+00:00,2026-09-24T00:00:37+00:00,2
semo_pub_hrlyssiisiff_202609240100,SEMO,PUB_HrlySsiiSiff,2026,https://reports.sem-o.com/documents/PUB_HrlySsiiSiff_202609240100.xml,semo/market_signals/PUB_HrlySsiiSiff/2026/09/PUB_HrlySsiiSiff_202609240100.xml,Review the SEMO open-data terms and disclaimer before redistribution.,semo-market-v1,data/raw/semo/market_signals/PUB_HrlySsiiSiff/2026/09/PUB_HrlySsiiSiff_202609240100.xml,371,703f07bb8891242d719b1e4d6b9a6f4940caff7c0160dc2a140595615124db66,2026-09-24T02:01:01Z,2026-09-24T01:00:37+00:00,2026-09-24T01:00:37+00:00,2
semo_pub_rtcoperationalschedule_202609222200,SEMO,PUB_RTCOperationalSchedule,2026,https://reports.sem-o.com/documents/PUB_RTCOperationalSchedule_202609222200.xml,semo/market_signals/PUB_RTCOperationalSchedule/2026/09/PUB_RTCOperationalSchedule_202609222200.xml,Review the SEMO open-data terms and disclaimer before redistribution.,semo-market-v1,data/raw/semo/market_signals/PUB_RTCOperationalSchedule/2026/09/PUB_RTCOperationalSchedule_202609222200.xml,1720233,e9aa11ac977bdf1748ef95273288d531bc600a4fda9bed9fa2306fd46af08277,2026-09-23T22:39:19Z,2026-09-22T22:00:00+00:00,2026-09-23T01:30:00+00:00,5754
semo_pub_rtcoperationalschedule_202609222215,SEMO,PUB_RTCOperationalSchedule,2026,https://reports.sem-o.com/documents/PUB_RTCOperationalSchedule_202609222215.xml,semo/market_signals/PUB_RTCOperationalSchedule/2026/09/PUB_RTCOperationalSchedule_202609222215.xml,Review the SEMO open-data terms and disclaimer before redistribution.,semo-market-v1,data/raw/semo/market_signals/PUB_RTCOperationalSchedule/2026/09/PUB_RTCOperationalSchedule_202609222215.xml,1720212,6b10716ec7b15bef010bd4c854a74f600d964cdf49ff0a637b8198e4244db016,2026-09-23T22:39:20Z,2026-09-22T22:15:00+00:00,2026-09-23T01:45:00+00:00,5754
semo_pub_rtcoperationalschedule_202609222230,SEMO,PUB_RTCOperationalSchedule,2026,https://reports.sem-o.com/documents/PUB_RTCOperationalSchedule_202609222230.xml,semo/market_signals/PUB_RTCOperationalSchedule/2026/09/PUB_RTCOperationalSchedule_202609222230.xml,Review the SEMO open-data terms and disclaimer before redistribution.,semo-market-v1,data/raw/semo/market_signals/PUB_RTCOperationalSchedule/2026/09/PUB_RTCOperationalSchedule_202609222230.xml,1720273,1c10d64b6633a059416e2376403b6c01bc9970005483cb1e4dae3c953055a3d8,2026-09-23T22:39:19Z,2026-09-22T22:30:00+00:00,2026-09-23T02:00:00+00:00,5754
semo_pub_rtcoperationalschedule_202609222245,SEMO,PUB_RTCOperationalSchedule,2026,https://reports.sem-o.com/documents/PUB_RTCOperationalSchedule_202609222245.xml,semo/market_signals/PUB_RTCOperationalSchedule/2026/09/PUB_RTCOperationalSchedule_202609222245.xml,Review the SEMO open-data terms and disclaimer before redistribution.,semo-market-v1,data/raw/semo/market_signals/PUB_RTCOperationalSchedule/2026/09/PUB_RTCOperationalSchedule_202609222245.xml,1720297,738ba772dff986cf4c3e48ad1627625e856d338e8522522ae1c00ca33af0ffee,2026-09-23T22:39:20Z,2026-09-22T22:45:00+00:00,2026-09-23T02:15:00+00:00,5754
semo_pub_rtcoperationalschedule_202609222300,SEMO,PUB_RTCOperationalSchedule,2026,https://reports.sem-o.com/documents/PUB_RTCOperationalSchedule_202609222300.xml,semo/market_signals/PUB_RTCOperationalSchedule/2026/09/PUB_RTCOperationalSchedule_202609222300.xml,Review the SEMO open-data terms and disclaimer before redistribution.,semo-market-v1,data/raw/semo/market_signals/PUB_RTCOperationalSchedule/2026/09/PUB_RTCOperationalSchedule_202609222300.xml,1720344,521d580524bdbcc0602990debf40a422360b750c46034098f23b1754350603d6,2026-09-23T22:39:20Z,2026-09-22T23:00:00+00:00,2026-09-23T02:30:00+00:00,5754
semo_pub_rtcoperationalschedule_202609222315,SEMO,PUB_RTCOperationalSchedule,2026,https://reports.sem-o.com/documents/PUB_RTCOperationalSchedule_202609222315.xml,semo/market_signals/PUB_RTCOperationalSchedule/2026/09/PUB_RTCOperationalSchedule_202609222315.xml,Review the SEMO open-data terms and disclaimer before redistribution.,semo-market-v1,data/raw/semo/market_signals/PUB_RTCOperationalSchedule/2026/09/PUB_RTCOperationalSchedule_202609222315.xml,1720354,accaf50102093dc21a3fc80d84fe179899b88c67d3c04d3774497d0e8b265697,2026-09-23T22:39:20Z,2026-09-22T23:15:00+00:00,2026-09-23T02:45:00+00:00,5754
semo_pub_rtcoperationalschedule_202609222330,SEMO,PUB_RTCOperationalSchedule,2026,https://reports.sem-o.com/documents/PUB_RTCOperationalSchedule_202609222330.xml,semo/market_signals/PUB_RTCOperationalSchedule/2026/09/PUB_RTCOperationalSchedule_202609222330.xml,Review the SEMO open-data terms and disclaimer before redistribution.,semo-market-v1,data/raw/semo/market_signals/PUB_RTCOperationalSchedule/2026/09/PUB_RTCOperationalSchedule_202609222330.xml,1720444,46a5728857946b06928716b0ac7d96d7184a9662d07efa26b10c9f834ca639e6,2026-09-23T22:39:21Z,2026-09-22T23:30:00+00:00,2026-09-23T03:00:00+00:00,5754
semo_pub_rtcoperationalschedule_202609222345,SEMO,PUB_RTCOperationalSchedule,2026,https://reports.sem-o.com/documents/PUB_RTCOperationalSchedule_202609222345.xml,semo/market_signals/PUB_RTCOperationalSchedule/2026/09/PUB_RTCOperationalSchedule_202609222345.xml,Review the SEMO open-data terms and disclaimer before redistribution.,semo-market-v1,data/raw/semo/market_signals/PUB_RTCOperationalSchedule/2026/09/PUB_RTCOperationalSchedule_202609222345.xml,1720478,89c87a73b8297765373a4d65ebe5b9aca037244f967313b5de074c34c531c3eb,2026-09-23T22:39:21Z,2026-09-22T23:45:00+00:00,2026-09-23T03:15:00+00:00,5754
semo_pub_rtcoperationalschedule_202609230000,SEMO,PUB_RTCOperationalSchedule,2026,https://reports.sem-o.com/documents/PUB_RTCOperationalSchedule_202609230000.xml,semo/market_signals/PUB_RTCOperationalSchedule/2026/09/PUB_RTCOperationalSchedule_202609230000.xml,Review the SEMO open-data terms and disclaimer before redistribution.,semo-market-v1,data/raw/semo/market_signals/PUB_RTCOperationalSchedule/2026/09/PUB_RTCOperationalSchedule_202609230000.xml,1720516,016988a06ccccc006b3870a4b7c4f5b629b6990263b9b89ac00a3d6c4ab764f0,2026-09-23T22:39:24Z,2026-09-23T00:00:00+00:00,2026-09-23T03:30:00+00:00,5754
semo_pub_rtcoperationalschedule_202609230015,SEMO,PUB_RTCOperationalSchedule,2026,https://reports.sem-o.com/documents/PUB_RTCOperationalSchedule_202609230015.xml,semo/market_signals/PUB_RTCOperationalSchedule/2026/09/PUB_RTCOperationalSchedule_202609230015.xml,Review the SEMO open-data terms and disclaimer before redistribution.,semo-market-v1,data/raw/semo/market_signals/PUB_RTCOperationalSchedule/2026/09/PUB_RTCOperationalSchedule_202609230015.xml,1720578,18b83a29a8767ea05932c054e6c22ebfaf505544c6ee6ae129b1464872491466,2026-09-23T22:39:23Z,2026-09-23T00:15:00+00:00,2026-09-23T03:45:00+00:00,5754
semo_pub_rtcoperationalschedule_202609230030,SEMO,PUB_RTCOperationalSchedule,2026,https://reports.sem-o.com/documents/PUB_RTCOperationalSchedule_202609230030.xml,semo/market_signals/PUB_RTCOperationalSchedule/2026/09/PUB_RTCOperationalSchedule_202609230030.xml,Review the SEMO open-data terms and disclaimer before redistribution.,semo-market-v1,data/raw/semo/market_signals/PUB_RTCOperationalSchedule/2026/09/PUB_RTCOperationalSchedule_202609230030.xml,1720605,5307c58a25c25c320d1688312fcbe22e13c1d2f836c45732ac9b032a36e2a129,2026-09-23T22:39:23Z,2026-09-23T00:30:00+00:00,2026-09-23T04:00:00+00:00,5754
semo_pub_rtcoperationalschedule_202609230045,SEMO,PUB_RTCOperationalSchedule,2026,https://reports.sem-o.com/documents/PUB_RTCOperationalSchedule_202609230045.xml,semo/market_signals/PUB_RTCOperationalSchedule/2026/09/PUB_RTCOperationalSchedule_202609230045.xml,Review the SEMO open-data terms and disclaimer before redistribution.,semo-market-v1,data/raw/semo/market_signals/PUB_RTCOperationalSchedule/2026/09/PUB_RTCOperationalSchedule_202609230045.xml,1720523,4cd1553979fd0c32793eda15854b756a560d79e84da9b2decc518183c24cdd03,2026-09-23T22:39:24Z,2026-09-23T00:45:00+00:00,2026-09-23T04:15:00+00:00,5754
semo_pub_rtcoperationalschedule_202609230100,SEMO,PUB_RTCOperationalSchedule,2026,https://reports.sem-o.com/documents/PUB_RTCOperationalSchedule_202609230100.xml,semo/market_signals/PUB_RTCOperationalSchedule/2026/09/PUB_RTCOperationalSchedule_202609230100.xml,Review the SEMO open-data terms and disclaimer before redistribution.,semo-market-v1,data/raw/semo/market_signals/PUB_RTCOperationalSchedule/2026/09/PUB_RTCOperationalSchedule_202609230100.xml,1720542,16494acdf5c3ea75945357bdfc2f206fe90c5bd954554e39413775ebf2d96501,2026-09-23T22:39:24Z,2026-09-23T01:00:00+00:00,2026-09-23T04:30:00+00:00,5754
semo_pub_rtcoperationalschedule_202609230115,SEMO,PUB_RTCOperationalSchedule,2026,https://reports.sem-o.com/documents/PUB_RTCOperationalSchedule_202609230115.xml,semo/market_signals/PUB_RTCOperationalSchedule/2026/09/PUB_RTCOperationalSchedule_202609230115.xml,Review the SEMO open-data terms and disclaimer before redistribution.,semo-market-v1,data/raw/semo/market_signals/PUB_RTCOperationalSchedule/2026/09/PUB_RTCOperationalSchedule_202609230115.xml,1720550,39a256cd89a832208bc5579ef339166744d7cd179f7245d04b82de4d014d23b9,2026-09-23T22:39:25Z,2026-09-23T01:15:00+00:00,2026-09-23T04:45:00+00:00,5754
semo_pub_rtcoperationalschedule_202609230130,SEMO,PUB_RTCOperationalSchedule,2026,https://reports.sem-o.com/documents/PUB_RTCOperationalSchedule_202609230130.xml,semo/market_signals/PUB_RTCOperationalSchedule/2026/09/PUB_RTCOperationalSchedule_202609230130.xml,Review the SEMO open-data terms and disclaimer before redistribution.,semo-market-v1,data/raw/semo/market_signals/PUB_RTCOperationalSchedule/2026/09/PUB_RTCOperationalSchedule_202609230130.xml,1720513,529dc5cd664c3ebd3bf3e5e5361c97a1370ddbdb2f9464054ac09160b5375a7b,2026-09-23T22:39:24Z,2026-09-23T01:30:00+00:00,2026-09-23T05:00:00+00:00,5754
semo_pub_rtcoperationalschedule_202609230145,SEMO,PUB_RTCOperationalSchedule,2026,https://reports.sem-o.com/documents/PUB_RTCOperationalSchedule_202609230145.xml,semo/market_signals/PUB_RTCOperationalSchedule/2026/09/PUB_RTCOperationalSchedule_202609230145.xml,Review the SEMO open-data terms and disclaimer before redistribution.,semo-market-v1,data/raw/semo/market_signals/PUB_RTCOperationalSchedule/2026/09/PUB_RTCOperationalSchedule_202609230145.xml,1720469,2b989803fcc612978cc082f337663f5cafe57108881e4f9f837fd70affa5fe7a,2026-09-23T22:39:21Z,2026-09-23T01:45:00+00:00,2026-09-23T05:15:00+00:00,5754
semo_pub_rtcoperationalschedule_202609230200,SEMO,PUB_RTCOperationalSchedule,2026,https://reports.sem-o.com/documents/PUB_RTCOperationalSchedule_202609230200.xml,semo/market_signals/PUB_RTCOperationalSchedule/2026/09/PUB_RTCOperationalSchedule_202609230200.xml,Review the SEMO open-data terms and disclaimer before redistribution.,semo-market-v1,data/raw/semo/market_signals/PUB_RTCOperationalSchedule/2026/09/PUB_RTCOperationalSchedule_202609230200.xml,1720457,b016771d7f769a29cc15328814c883140288aabb64d8af5560fc41f856f7c379,2026-09-23T22:39:20Z,2026-09-23T02:00:00+00:00,2026-09-23T05:30:00+00:00,5754
semo_pub_rtcoperationalschedule_202609230215,SEMO,PUB_RTCOperationalSchedule,2026,https://reports.sem-o.com/documents/PUB_RTCOperationalSchedule_202609230215.xml,semo/market_signals/PUB_RTCOperationalSchedule/2026/09/PUB_RTCOperationalSchedule_202609230215.xml,Review the SEMO open-data terms and disclaimer before redistribution.,semo-market-v1,data/raw/semo/market_signals/PUB_RTCOperationalSchedule/2026/09/PUB_RTCOperationalSchedule_202609230215.xml,1720418,822d19e36998c4700c0ff25be9a25d13360ea9c690870e3206f1e8ff31ddf538,2026-09-23T22:39:22Z,2026-09-23T02:15:00+00:00,2026-09-23T05:45:00+00:00,5754
semo_pub_rtcoperationalschedule_202609230230,SEMO,PUB_RTCOperationalSchedule,2026,https://reports.sem-o.com/documents/PUB_RTCOperationalSchedule_202609230230.xml,semo/market_signals/PUB_RTCOperationalSchedule/2026/09/PUB_RTCOperationalSchedule_202609230230.xml,Review the SEMO open-data terms and disclaimer before redistribution.,semo-market-v1,data/raw/semo/market_signals/PUB_RTCOperationalSchedule/2026/09/PUB_RTCOperationalSchedule_202609230230.xml,1720563,5cf3acf80eb113070e4be11b89cf9e9a8a142f9d0a0c96798924480ae5474e06,2026-09-23T22:39:22Z,2026-09-23T02:30:00+00:00,2026-09-23T06:00:00+00:00,5754
semo_pub_rtcoperationalschedule_202609230245,SEMO,PUB_RTCOperationalSchedule,2026,https://reports.sem-o.com/documents/PUB_RTCOperationalSchedule_202609230245.xml,semo/market_signals/PUB_RTCOperationalSchedule/2026/09/PUB_RTCOperationalSchedule_202609230245.xml,Review the SEMO open-data terms and disclaimer before redistribution.,semo-market-v1,data/raw/semo/market_signals/PUB_RTCOperationalSchedule/2026/09/PUB_RTCOperationalSchedule_202609230245.xml,1720635,fa8ce6d92043d33c4a4ad5263813c287da42570b433505f294de12bea3a29cce,2026-09-23T22:39:21Z,2026-09-23T02:45:00+00:00,2026-09-23T06:15:00+00:00,5754
semo_pub_rtcoperationalschedule_202609230300,SEMO,PUB_RTCOperationalSchedule,2026,https://reports.sem-o.com/documents/PUB_RTCOperationalSchedule_202609230300.xml,semo/market_signals/PUB_RTCOperationalSchedule/2026/09/PUB_RTCOperationalSchedule_202609230300.xml,Review the SEMO open-data terms and disclaimer before redistribution.,semo-market-v1,data/raw/semo/market_signals/PUB_RTCOperationalSchedule/2026/09/PUB_RTCOperationalSchedule_202609230300.xml,1720647,8c0dff26283cdb641904f07cd04099e8c7e771da872a5b056d5660b0c5ff3444,2026-09-23T22:39:25Z,2026-09-23T03:00:00+00:00,2026-09-23T06:30:00+00:00,5754
semo_pub_rtcoperationalschedule_202609230315,SEMO,PUB_RTCOperationalSchedule,2026,https://reports.sem-o.com/documents/PUB_RTCOperationalSchedule_202609230315.xml,semo/market_signals/PUB_RTCOperationalSchedule/2026/09/PUB_RTCOperationalSchedule_202609230315.xml,Review the SEMO open-data terms and disclaimer before redistribution.,semo-market-v1,data/raw/semo/market_signals/PUB_RTCOperationalSchedule/2026/09/PUB_RTCOperationalSchedule_202609230315.xml,1720785,9e23781b1808c53a332f1cbd49c8134b9c0612eef65287590cefe641c58447b9,2026-09-23T22:39:23Z,2026-09-23T03:15:00+00:00,2026-09-23T06:45:00+00:00,5754
semo_pub_rtcoperationalschedule_202609230330,SEMO,PUB_RTCOperationalSchedule,2026,https://reports.sem-o.com/documents/PUB_RTCOperationalSchedule_202609230330.xml,semo/market_signals/PUB_RTCOperationalSchedule/2026/09/PUB_RTCOperationalSchedule_202609230330.xml,Review the SEMO open-data terms and disclaimer before redistribution.,semo-market-v1,data/raw/semo/market_signals/PUB_RTCOperationalSchedule/2026/09/PUB_RTCOperationalSchedule_202609230330.xml,1720817,c2aabf87bbaf96313fd08d21339914cc2e7f97c392395302bcfc684b6d9e3e12,2026-09-23T22:39:23Z,2026-09-23T03:30:00+00:00,2026-09-23T07:00:00+00:00,5754
semo_pub_rtcoperationalschedule_202609230345,SEMO,PUB_RTCOperationalSchedule,2026,https://reports.sem-o.com/documents/PUB_RTCOperationalSchedule_202609230345.xml,semo/market_signals/PUB_RTCOperationalSchedule/2026/09/PUB_RTCOperationalSchedule_202609230345.xml,Review the SEMO open-data terms and disclaimer before redistribution.,semo-market-v1,data/raw/semo/market_signals/PUB_RTCOperationalSchedule/2026/09/PUB_RTCOperationalSchedule_202609230345.xml,1720905,73738ab86c33a40555af80c00e18f0f71761cbaa1b5c434250fd0e319ef0f172,2026-09-23T22:39:23Z,2026-09-23T03:45:00+00:00,2026-09-23T07:15:00+00:00,5754
semo_pub_rtcoperationalschedule_202609230400,SEMO,PUB_RTCOperationalSchedule,2026,https://reports.sem-o.com/documents/PUB_RTCOperationalSchedule_202609230400.xml,semo/market_signals/PUB_RTCOperationalSchedule/2026/09/PUB_RTCOperationalSchedule_202609230400.xml,Review the SEMO open-data terms and disclaimer before redistribution.,semo-market-v1,data/raw/semo/market_signals/PUB_RTCOperationalSchedule/2026/09/PUB_RTCOperationalSchedule_202609230400.xml,1720995,de63547d09391a9de83c0e6c7c09f7b237e30d316f2a3bad30619801c9a0012a,2026-09-23T22:39:26Z,2026-09-23T04:00:00+00:00,2026-09-23T07:30:00+00:00,5754
semo_pub_rtcoperationalschedule_202609230415,SEMO,PUB_RTCOperationalSchedule,2026,https://reports.sem-o.com/documents/PUB_RTCOperationalSchedule_202609230415.xml,semo/market_signals/PUB_RTCOperationalSchedule/2026/09/PUB_RTCOperationalSchedule_202609230415.xml,Review the SEMO open-data terms and disclaimer before redistribution.,semo-market-v1,data/raw/semo/market_signals/PUB_RTCOperationalSchedule/2026/09/PUB_RTCOperationalSchedule_202609230415.xml,1721159,063ad4ecc3fa105d2bb216abd3ead01eea7386677c9cd9e580f33af4865419dc,2026-09-23T22:39:25Z,2026-09-23T04:15:00+00:00,2026-09-23T07:45:00+00:00,5754
semo_pub_rtcoperationalschedule_202609230430,SEMO,PUB_RTCOperationalSchedule,2026,https://reports.sem-o.com/documents/PUB_RTCOperationalSchedule_202609230430.xml,semo/market_signals/PUB_RTCOperationalSchedule/2026/09/PUB_RTCOperationalSchedule_202609230430.xml,Review the SEMO open-data terms and disclaimer before redistribution.,semo-market-v1,data/raw/semo/market_signals/PUB_RTCOperationalSchedule/2026/09/PUB_RTCOperationalSchedule_202609230430.xml,1721226,129d357f18ba03bc9084e8a93dd53c074873b8763b2c457061e19a39edc4af0c,2026-09-23T22:39:28Z,2026-09-23T04:30:00+00:00,2026-09-23T08:00:00+00:00,5754
semo_pub_rtcoperationalschedule_202609230445,SEMO,PUB_RTCOperationalSchedule,2026,https://reports.sem-o.com/documents/PUB_RTCOperationalSchedule_202609230445.xml,semo/market_signals/PUB_RTCOperationalSchedule/2026/09/PUB_RTCOperationalSchedule_202609230445.xml,Review the SEMO open-data terms and disclaimer before redistribution.,semo-market-v1,data/raw/semo/market_signals/PUB_RTCOperationalSchedule/2026/09/PUB_RTCOperationalSchedule_202609230445.xml,1721386,f837a07d26131b964b2d224ed3e540eb1ed1b9f0f86819a47fe24700be76ba1a,2026-09-23T22:39:25Z,2026-09-23T04:45:00+00:00,2026-09-23T08:15:00+00:00,5754
semo_pub_rtcoperationalschedule_202609230500,SEMO,PUB_RTCOperationalSchedule,2026,https://reports.sem-o.com/documents/PUB_RTCOperationalSchedule_202609230500.xml,semo/market_signals/PUB_RTCOperationalSchedule/2026/09/PUB_RTCOperationalSchedule_202609230500.xml,Review the SEMO open-data terms and disclaimer before redistribution.,semo-market-v1,data/raw/semo/market_signals/PUB_RTCOperationalSchedule/2026/09/PUB_RTCOperationalSchedule_202609230500.xml,1721402,a8f932d9464151fd472224ead3e275f3ed368cd9e385e3d7c4c2e0da9bf1fe97,2026-09-23T22:39:26Z,2026-09-23T05:00:00+00:00,2026-09-23T08:30:00+00:00,5754
semo_pub_rtcoperationalschedule_202609230515,SEMO,PUB_RTCOperationalSchedule,2026,https://reports.sem-o.com/documents/PUB_RTCOperationalSchedule_202609230515.xml,semo/market_signals/PUB_RTCOperationalSchedule/2026/09/PUB_RTCOperationalSchedule_202609230515.xml,Review the SEMO open-data terms and disclaimer before redistribution.,semo-market-v1,data/raw/semo/market_signals/PUB_RTCOperationalSchedule/2026/09/PUB_RTCOperationalSchedule_202609230515.xml,1721481,1fe40f48adba6ef073d94124be51fe5984ab4be299368c6b4367f4b9d7d8807e,2026-09-23T22:39:26Z,2026-09-23T05:15:00+00:00,2026-09-23T08:45:00+00:00,5754
semo_pub_rtcoperationalschedule_202609230530,SEMO,PUB_RTCOperationalSchedule,2026,https://reports.sem-o.com/documents/PUB_RTCOperationalSchedule_202609230530.xml,semo/market_signals/PUB_RTCOperationalSchedule/2026/09/PUB_RTCOperationalSchedule_202609230530.xml,Review the SEMO open-data terms and disclaimer before redistribution.,semo-market-v1,data/raw/semo/market_signals/PUB_RTCOperationalSchedule/2026/09/PUB_RTCOperationalSchedule_202609230530.xml,1721568,10b48bbdc4e8f48835a63cca4c5a286247c3bbd78e90b12fe40d5234c921bed0,2026-09-23T22:39:26Z,2026-09-23T05:30:00+00:00,2026-09-23T09:00:00+00:00,5754
semo_pub_rtcoperationalschedule_202609230545,SEMO,PUB_RTCOperationalSchedule,2026,https://reports.sem-o.com/documents/PUB_RTCOperationalSchedule_202609230545.xml,semo/market_signals/PUB_RTCOperationalSchedule/2026/09/PUB_RTCOperationalSchedule_202609230545.xml,Review the SEMO open-data terms and disclaimer before redistribution.,semo-market-v1,data/raw/semo/market_signals/PUB_RTCOperationalSchedule/2026/09/PUB_RTCOperationalSchedule_202609230545.xml,1721719,6278e4a923d56e4ba013f8f73691c36f760bf45c66a9e33bc74042ec73c7532d,2026-09-23T22:39:34Z,2026-09-23T05:45:00+00:00,2026-09-23T09:15:00+00:00,5754
semo_pub_rtcoperationalschedule_202609230600,SEMO,PUB_RTCOperationalSchedule,2026,https://reports.sem-o.com/documents/PUB_RTCOperationalSchedule_202609230600.xml,semo/market_signals/PUB_RTCOperationalSchedule/2026/09/PUB_RTCOperationalSchedule_202609230600.xml,Review the SEMO open-data terms and disclaimer before redistribution.,semo-market-v1,data/raw/semo/market_signals/PUB_RTCOperationalSchedule/2026/09/PUB_RTCOperationalSchedule_202609230600.xml,1721765,6353f467b881313614e051586c3d88cd2b0dd4d7f821899bb28b10e5f374617a,2026-09-23T22:39:32Z,2026-09-23T06:00:00+00:00,2026-09-23T09:30:00+00:00,5754
semo_pub_rtcoperationalschedule_202609230615,SEMO,PUB_RTCOperationalSchedule,2026,https://reports.sem-o.com/documents/PUB_RTCOperationalSchedule_202609230615.xml,semo/market_signals/PUB_RTCOperationalSchedule/2026/09/PUB_RTCOperationalSchedule_202609230615.xml,Review the SEMO open-data terms and disclaimer before redistribution.,semo-market-v1,data/raw/semo/market_signals/PUB_RTCOperationalSchedule/2026/09/PUB_RTCOperationalSchedule_202609230615.xml,1721854,0494b5487bebf65e488eb3eeef8ac4dee52e4c714fb02749830ccfcef8579f45,2026-09-23T22:39:31Z,2026-09-23T06:15:00+00:00,2026-09-23T09:45:00+00:00,5754
semo_pub_rtcoperationalschedule_202609230630,SEMO,PUB_RTCOperationalSchedule,2026,https://reports.sem-o.com/documents/PUB_RTCOperationalSchedule_202609230630.xml,semo/market_signals/PUB_RTCOperationalSchedule/2026/09/PUB_RTCOperationalSchedule_202609230630.xml,Review the SEMO open-data terms and disclaimer before redistribution.,semo-market-v1,data/raw/semo/market_signals/PUB_RTCOperationalSchedule/2026/09/PUB_RTCOperationalSchedule_202609230630.xml,1721869,c5969d1b2f42e44b6a9fae17942e744c007cb23b883d1156f404a2b108a5cd5a,2026-09-23T22:39:28Z,2026-09-23T06:30:00+00:00,2026-09-23T10:00:00+00:00,5754
semo_pub_rtcoperationalschedule_202609230645,SEMO,PUB_RTCOperationalSchedule,2026,https://reports.sem-o.com/documents/PUB_RTCOperationalSchedule_202609230645.xml,semo/market_signals/PUB_RTCOperationalSchedule/2026/09/PUB_RTCOperationalSchedule_202609230645.xml,Review the SEMO open-data terms and disclaimer before redistribution.,semo-market-v1,data/raw/semo/market_signals/PUB_RTCOperationalSchedule/2026/09/PUB_RTCOperationalSchedule_202609230645.xml,1721853,db0b5d00338115f043421b8fb6cb2da695971eee27448b84a9ec3f66bb030c19,2026-09-23T22:39:28Z,2026-09-23T06:45:00+00:00,2026-09-23T10:15:00+00:00,5754
semo_pub_rtcoperationalschedule_202609230700,SEMO,PUB_RTCOperationalSchedule,2026,https://reports.sem-o.com/documents/PUB_RTCOperationalSchedule_202609230700.xml,semo/market_signals/PUB_RTCOperationalSchedule/2026/09/PUB_RTCOperationalSchedule_202609230700.xml,Review the SEMO open-data terms and disclaimer before redistribution.,semo-market-v1,data/raw/semo/market_signals/PUB_RTCOperationalSchedule/2026/09/PUB_RTCOperationalSchedule_202609230700.xml,1721894,a667beb04695e7204decd3e446c4087645c7b1c64d23feffa55d5fbbf2632617,2026-09-23T22:39:27Z,2026-09-23T07:00:00+00:00,2026-09-23T10:30:00+00:00,5754
semo_pub_rtcoperationalschedule_202609230715,SEMO,PUB_RTCOperationalSchedule,2026,https://reports.sem-o.com/documents/PUB_RTCOperationalSchedule_202609230715.xml,semo/market_signals/PUB_RTCOperationalSchedule/2026/09/PUB_RTCOperationalSchedule_202609230715.xml,Review the SEMO open-data terms and disclaimer before redistribution.,semo-market-v1,data/raw/semo/market_signals/PUB_RTCOperationalSchedule/2026/09/PUB_RTCOperationalSchedule_202609230715.xml,1721919,ef9f879a6f27e8afb09ce1e4ff24d43132ccb114b35f9266a176f9083d7114aa,2026-09-23T22:39:31Z,2026-09-23T07:15:00+00:00,2026-09-23T10:45:00+00:00,5754
semo_pub_rtcoperationalschedule_202609230730,SEMO,PUB_RTCOperationalSchedule,2026,https://reports.sem-o.com/documents/PUB_RTCOperationalSchedule_202609230730.xml,semo/market_signals/PUB_RTCOperationalSchedule/2026/09/PUB_RTCOperationalSchedule_202609230730.xml,Review the SEMO open-data terms and disclaimer before redistribution.,semo-market-v1,data/raw/semo/market_signals/PUB_RTCOperationalSchedule/2026/09/PUB_RTCOperationalSchedule_202609230730.xml,1721973,d6bcbe98f9d48423be344b1a649f00e8a902fe8fc46ead80f88c904dce289e97,2026-09-23T22:39:33Z,2026-09-23T07:30:00+00:00,2026-09-23T11:00:00+00:00,5754
semo_pub_rtcoperationalschedule_202609230745,SEMO,PUB_RTCOperationalSchedule,2026,https://reports.sem-o.com/documents/PUB_RTCOperationalSchedule_202609230745.xml,semo/market_signals/PUB_RTCOperationalSchedule/2026/09/PUB_RTCOperationalSchedule_202609230745.xml,Review the SEMO open-data terms and disclaimer before redistribution.,semo-market-v1,data/raw/semo/market_signals/PUB_RTCOperationalSchedule/2026/09/PUB_RTCOperationalSchedule_202609230745.xml,1722016,83c4be71c30bbe28ab038d9cddcaf82a952cf51007042b869ae84a1ef676e708,2026-09-23T22:39:29Z,2026-09-23T07:45:00+00:00,2026-09-23T11:15:00+00:00,5754
semo_pub_rtcoperationalschedule_202609230800,SEMO,PUB_RTCOperationalSchedule,2026,https://reports.sem-o.com/documents/PUB_RTCOperationalSchedule_202609230800.xml,semo/market_signals/PUB_RTCOperationalSchedule/2026/09/PUB_RTCOperationalSchedule_202609230800.xml,Review the SEMO open-data terms and disclaimer before redistribution.,semo-market-v1,data/raw/semo/market_signals/PUB_RTCOperationalSchedule/2026/09/PUB_RTCOperationalSchedule_202609230800.xml,1722025,60d48e19bab4f2af5d55fb862ec5ba42f37ee7404c9d3bafeb12882e047480fd,2026-09-23T22:39:41Z,2026-09-23T08:00:00+00:00,2026-09-23T11:30:00+00:00,5754
semo_pub_rtcoperationalschedule_202609230815,SEMO,PUB_RTCOperationalSchedule,2026,https://reports.sem-o.com/documents/PUB_RTCOperationalSchedule_202609230815.xml,semo/market_signals/PUB_RTCOperationalSchedule/2026/09/PUB_RTCOperationalSchedule_202609230815.xml,Review the SEMO open-data terms and disclaimer before redistribution.,semo-market-v1,data/raw/semo/market_signals/PUB_RTCOperationalSchedule/2026/09/PUB_RTCOperationalSchedule_202609230815.xml,1722089,7b24503039e5d495738a80c9441d466a92a597ef8396fdc36a7726871e652498,2026-09-23T22:39:30Z,2026-09-23T08:15:00+00:00,2026-09-23T11:45:00+00:00,5754
semo_pub_rtcoperationalschedule_202609230830,SEMO,PUB_RTCOperationalSchedule,2026,https://reports.sem-o.com/documents/PUB_RTCOperationalSchedule_202609230830.xml,semo/market_signals/PUB_RTCOperationalSchedule/2026/09/PUB_RTCOperationalSchedule_202609230830.xml,Review the SEMO open-data terms and disclaimer before redistribution.,semo-market-v1,data/raw/semo/market_signals/PUB_RTCOperationalSchedule/2026/09/PUB_RTCOperationalSchedule_202609230830.xml,1722143,a627e8554ea8a7bb6a89b75d4c4d5203d6004d489b3dc18d4b69abf9502ca907,2026-09-23T22:39:32Z,2026-09-23T08:30:00+00:00,2026-09-23T12:00:00+00:00,5754
semo_pub_rtcoperationalschedule_202609230845,SEMO,PUB_RTCOperationalSchedule,2026,https://reports.sem-o.com/documents/PUB_RTCOperationalSchedule_202609230845.xml,semo/market_signals/PUB_RTCOperationalSchedule/2026/09/PUB_RTCOperationalSchedule_202609230845.xml,Review the SEMO open-data terms and disclaimer before redistribution.,semo-market-v1,data/raw/semo/market_signals/PUB_RTCOperationalSchedule/2026/09/PUB_RTCOperationalSchedule_202609230845.xml,1722187,3f04c3f6dc31ecbc81c7befd67003e4cacebb6bc4554bc1fefea10dfef832d80,2026-09-23T22:39:33Z,2026-09-23T08:45:00+00:00,2026-09-23T12:15:00+00:00,5754
semo_pub_rtcoperationalschedule_202609230900,SEMO,PUB_RTCOperationalSchedule,2026,https://reports.sem-o.com/documents/PUB_RTCOperationalSchedule_202609230900.xml,semo/market_signals/PUB_RTCOperationalSchedule/2026/09/PUB_RTCOperationalSchedule_202609230900.xml,Review the SEMO open-data terms and disclaimer before redistribution.,semo-market-v1,data/raw/semo/market_signals/PUB_RTCOperationalSchedule/2026/09/PUB_RTCOperationalSchedule_202609230900.xml,1722200,be6dc349be2e618f2423e52ded2765c547379b1e6b328732615f2101671d13ea,2026-09-23T22:39:33Z,2026-09-23T09:00:00+00:00,2026-09-23T12:30:00+00:00,5754
semo_pub_rtcoperationalschedule_202609230915,SEMO,PUB_RTCOperationalSchedule,2026,https://reports.sem-o.com/documents/PUB_RTCOperationalSchedule_202609230915.xml,semo/market_signals/PUB_RTCOperationalSchedule/2026/09/PUB_RTCOperationalSchedule_202609230915.xml,Review the SEMO open-data terms and disclaimer before redistribution.,semo-market-v1,data/raw/semo/market_signals/PUB_RTCOperationalSchedule/2026/09/PUB_RTCOperationalSchedule_202609230915.xml,1722242,7de6b1dfe2c2307e8613ac1af4b8a196610543c352589c8d31de876aa0081bf7,2026-09-23T22:39:34Z,2026-09-23T09:15:00+00:00,2026-09-23T12:45:00+00:00,5754
semo_pub_rtcoperationalschedule_202609230930,SEMO,PUB_RTCOperationalSchedule,2026,https://reports.sem-o.com/documents/PUB_RTCOperationalSchedule_202609230930.xml,semo/market_signals/PUB_RTCOperationalSchedule/2026/09/PUB_RTCOperationalSchedule_202609230930.xml,Review the SEMO open-data terms and disclaimer before redistribution.,semo-market-v1,data/raw/semo/market_signals/PUB_RTCOperationalSchedule/2026/09/PUB_RTCOperationalSchedule_202609230930.xml,1722233,ccd4fcb9441f912fd8707157985eee62236e04075e4660d8409d09f513cc5a50,2026-09-23T22:39:32Z,2026-09-23T09:30:00+00:00,2026-09-23T13:00:00+00:00,5754
semo_pub_rtcoperationalschedule_202609230945,SEMO,PUB_RTCOperationalSchedule,2026,https://reports.sem-o.com/documents/PUB_RTCOperationalSchedule_202609230945.xml,semo/market_signals/PUB_RTCOperationalSchedule/2026/09/PUB_RTCOperationalSchedule_202609230945.xml,Review the SEMO open-data terms and disclaimer before redistribution.,semo-market-v1,data/raw/semo/market_signals/PUB_RTCOperationalSchedule/2026/09/PUB_RTCOperationalSchedule_202609230945.xml,1722205,c960821d6381fc48f6eaff84c036e594f8eb59a51a71f9c9e8995f6b17a36c04,2026-09-23T22:39:33Z,2026-09-23T09:45:00+00:00,2026-09-23T13:15:00+00:00,5754
semo_pub_rtcoperationalschedule_202609231000,SEMO,PUB_RTCOperationalSchedule,2026,https://reports.sem-o.com/documents/PUB_RTCOperationalSchedule_202609231000.xml,semo/market_signals/PUB_RTCOperationalSchedule/2026/09/PUB_RTCOperationalSchedule_202609231000.xml,Review the SEMO open-data terms and disclaimer before redistribution.,semo-market-v1,data/raw/semo/market_signals/PUB_RTCOperationalSchedule/2026/09/PUB_RTCOperationalSchedule_202609231000.xml,1722248,58e286b293180acafe0ffaca7186f8aa7f314d65b965a1236112d107a9c18460,2026-09-23T22:39:34Z,2026-09-23T10:00:00+00:00,2026-09-23T13:30:00+00:00,5754
semo_pub_rtcoperationalschedule_202609231015,SEMO,PUB_RTCOperationalSchedule,2026,https://reports.sem-o.com/documents/PUB_RTCOperationalSchedule_202609231015.xml,semo/market_signals/PUB_RTCOperationalSchedule/2026/09/PUB_RTCOperationalSchedule_202609231015.xml,Review the SEMO open-data terms and disclaimer before redistribution.,semo-market-v1,data/raw/semo/market_signals/PUB_RTCOperationalSchedule/2026/09/PUB_RTCOperationalSchedule_202609231015.xml,1722286,c113f4948630690473625c90c77a85c7c340f36c96a0f6da9b2875be08d75ac5,2026-09-23T22:39:34Z,2026-09-23T10:15:00+00:00,2026-09-23T13:45:00+00:00,5754
semo_pub_rtcoperationalschedule_202609231030,SEMO,PUB_RTCOperationalSchedule,2026,https://reports.sem-o.com/documents/PUB_RTCOperationalSchedule_202609231030.xml,semo/market_signals/PUB_RTCOperationalSchedule/2026/09/PUB_RTCOperationalSchedule_202609231030.xml,Review the SEMO open-data terms and disclaimer before redistribution.,semo-market-v1,data/raw/semo/market_signals/PUB_RTCOperationalSchedule/2026/09/PUB_RTCOperationalSchedule_202609231030.xml,1722259,e885a7a4ce0ffaf401fdcc022b9d82bd62d4afb9605d5f4e855ec368d468453f,2026-09-23T22:39:36Z,2026-09-23T10:30:00+00:00,2026-09-23T14:00:00+00:00,5754
semo_pub_rtcoperationalschedule_202609231045,SEMO,PUB_RTCOperationalSchedule,2026,https://reports.sem-o.com/documents/PUB_RTCOperationalSchedule_202609231045.xml,semo/market_signals/PUB_RTCOperationalSchedule/2026/09/PUB_RTCOperationalSchedule_202609231045.xml,Review the SEMO open-data terms and disclaimer before redistribution.,semo-market-v1,data/raw/semo/market_signals/PUB_RTCOperationalSchedule/2026/09/PUB_RTCOperationalSchedule_202609231045.xml,1722255,bb8f4168f62eda8c22420be0de4465ccc2b62d3635e2f4f77ddc3d3606d70621,2026-09-23T22:39:35Z,2026-09-23T10:45:00+00:00,2026-09-23T14:15:00+00:00,5754
semo_pub_rtcoperationalschedule_202609231100,SEMO,PUB_RTCOperationalSchedule,2026,https://reports.sem-o.com/documents/PUB_RTCOperationalSchedule_202609231100.xml,semo/market_signals/PUB_RTCOperationalSchedule/2026/09/PUB_RTCOperationalSchedule_202609231100.xml,Review the SEMO open-data terms and disclaimer before redistribution.,semo-market-v1,data/raw/semo/market_signals/PUB_RTCOperationalSchedule/2026/09/PUB_RTCOperationalSchedule_202609231100.xml,1722232,fcf028d9a016809fadc5865ef1ff228a147fe809c4cba5ea9268729c6eb9fb71,2026-09-23T22:39:46Z,2026-09-23T11:00:00+00:00,2026-09-23T14:30:00+00:00,5754
semo_pub_rtcoperationalschedule_202609231115,SEMO,PUB_RTCOperationalSchedule,2026,https://reports.sem-o.com/documents/PUB_RTCOperationalSchedule_202609231115.xml,semo/market_signals/PUB_RTCOperationalSchedule/2026/09/PUB_RTCOperationalSchedule_202609231115.xml,Review the SEMO open-data terms and disclaimer before redistribution.,semo-market-v1,data/raw/semo/market_signals/PUB_RTCOperationalSchedule/2026/09/PUB_RTCOperationalSchedule_202609231115.xml,1722220,00e4c3c339c5b07ea31ebd6e82b3f7edbc3295219e71feb62fcb3b215d78cc80,2026-09-23T22:39:35Z,2026-09-23T11:15:00+00:00,2026-09-23T14:45:00+00:00,5754
semo_pub_rtcoperationalschedule_202609231130,SEMO,PUB_RTCOperationalSchedule,2026,https://reports.sem-o.com/documents/PUB_RTCOperationalSchedule_202609231130.xml,semo/market_signals/PUB_RTCOperationalSchedule/2026/09/PUB_RTCOperationalSchedule_202609231130.xml,Review the SEMO open-data terms and disclaimer before redistribution.,semo-market-v1,data/raw/semo/market_signals/PUB_RTCOperationalSchedule/2026/09/PUB_RTCOperationalSchedule_202609231130.xml,1722248,d9b900accb82c6e05c2485079e5083e62022fb004efde481eb1dc3f4d70b2fd8,2026-09-23T22:39:38Z,2026-09-23T11:30:00+00:00,2026-09-23T15:00:00+00:00,5754
semo_pub_rtcoperationalschedule_202609231145,SEMO,PUB_RTCOperationalSchedule,2026,https://reports.sem-o.com/documents/PUB_RTCOperationalSchedule_202609231145.xml,semo/market_signals/PUB_RTCOperationalSchedule/2026/09/PUB_RTCOperationalSchedule_202609231145.xml,Review the SEMO open-data terms and disclaimer before redistribution.,semo-market-v1,data/raw/semo/market_signals/PUB_RTCOperationalSchedule/2026/09/PUB_RTCOperationalSchedule_202609231145.xml,1722195,596d7e84521b9ccbb329aeefa7c232e22eeca2d25022beb4d571b9fa8a3f8861,2026-09-23T22:39:38Z,2026-09-23T11:45:00+00:00,2026-09-23T15:15:00+00:00,5754
semo_pub_rtcoperationalschedule_202609231200,SEMO,PUB_RTCOperationalSchedule,2026,https://reports.sem-o.com/documents/PUB_RTCOperationalSchedule_202609231200.xml,semo/market_signals/PUB_RTCOperationalSchedule/2026/09/PUB_RTCOperationalSchedule_202609231200.xml,Review the SEMO open-data terms and disclaimer before redistribution.,semo-market-v1,data/raw/semo/market_signals/PUB_RTCOperationalSchedule/2026/09/PUB_RTCOperationalSchedule_202609231200.xml,1722144,5a20be31b8d71b3400afb00126f6382517c6f68c13afbdfbeaf3edf9fdc3de84,2026-09-23T22:39:37Z,2026-09-23T12:00:00+00:00,2026-09-23T15:30:00+00:00,5754
semo_pub_rtcoperationalschedule_202609231215,SEMO,PUB_RTCOperationalSchedule,2026,https://reports.sem-o.com/documents/PUB_RTCOperationalSchedule_202609231215.xml,semo/market_signals/PUB_RTCOperationalSchedule/2026/09/PUB_RTCOperationalSchedule_202609231215.xml,Review the SEMO open-data terms and disclaimer before redistribution.,semo-market-v1,data/raw/semo/market_signals/PUB_RTCOperationalSchedule/2026/09/PUB_RTCOperationalSchedule_202609231215.xml,1722097,5dda060d04f4114281149345c0c01facb45b248d7a722d4f1caa22b7497ad500,2026-09-23T22:39:37Z,2026-09-23T12:15:00+00:00,2026-09-23T15:45:00+00:00,5754
semo_pub_rtcoperationalschedule_202609231230,SEMO,PUB_RTCOperationalSchedule,2026,https://reports.sem-o.com/documents/PUB_RTCOperationalSchedule_202609231230.xml,semo/market_signals/PUB_RTCOperationalSchedule/2026/09/PUB_RTCOperationalSchedule_202609231230.xml,Review the SEMO open-data terms and disclaimer before redistribution.,semo-market-v1,data/raw/semo/market_signals/PUB_RTCOperationalSchedule/2026/09/PUB_RTCOperationalSchedule_202609231230.xml,1722042,6cbf47d3f02e8d65612d5fa0b6471a604a778f6a0cf9d493d025abea1a00a4e2,2026-09-23T22:39:39Z,2026-09-23T12:30:00+00:00,2026-09-23T16:00:00+00:00,5754
semo_pub_rtcoperationalschedule_202609231245,SEMO,PUB_RTCOperationalSchedule,2026,https://reports.sem-o.com/documents/PUB_RTCOperationalSchedule_202609231245.xml,semo/market_signals/PUB_RTCOperationalSchedule/2026/09/PUB_RTCOperationalSchedule_202609231245.xml,Review the SEMO open-data terms and disclaimer before redistribution.,semo-market-v1,data/raw/semo/market_signals/PUB_RTCOperationalSchedule/2026/09/PUB_RTCOperationalSchedule_202609231245.xml,1722035,98e5068c0fe059ab9c9c1bf4d43b761cb7543ece021698f65f1fd7fe4d2b941c,2026-09-23T22:39:39Z,2026-09-23T12:45:00+00:00,2026-09-23T16:15:00+00:00,5754
semo_pub_rtcoperationalschedule_202609231300,SEMO,PUB_RTCOperationalSchedule,2026,https://reports.sem-o.com/documents/PUB_RTCOperationalSchedule_202609231300.xml,semo/market_signals/PUB_RTCOperationalSchedule/2026/09/PUB_RTCOperationalSchedule_202609231300.xml,Review the SEMO open-data terms and disclaimer before redistribution.,semo-market-v1,data/raw/semo/market_signals/PUB_RTCOperationalSchedule/2026/09/PUB_RTCOperationalSchedule_202609231300.xml,1722015,7d23ad51f3f2deb50dacb17957eea3a7df8aacbde5f3f31765f0e77f0b70bddf,2026-09-23T22:39:46Z,2026-09-23T13:00:00+00:00,2026-09-23T16:30:00+00:00,5754
semo_pub_rtcoperationalschedule_202609231315,SEMO,PUB_RTCOperationalSchedule,2026,https://reports.sem-o.com/documents/PUB_RTCOperationalSchedule_202609231315.xml,semo/market_signals/PUB_RTCOperationalSchedule/2026/09/PUB_RTCOperationalSchedule_202609231315.xml,Review the SEMO open-data terms and disclaimer before redistribution.,semo-market-v1,data/raw/semo/market_signals/PUB_RTCOperationalSchedule/2026/09/PUB_RTCOperationalSchedule_202609231315.xml,1721845,804309ab1d3cf89c6db114fce2d46f4276dd3b99063624058b39c6b890abb102,2026-09-23T22:39:46Z,2026-09-23T13:15:00+00:00,2026-09-23T16:45:00+00:00,5754
semo_pub_rtcoperationalschedule_202609231330,SEMO,PUB_RTCOperationalSchedule,2026,https://reports.sem-o.com/documents/PUB_RTCOperationalSchedule_202609231330.xml,semo/market_signals/PUB_RTCOperationalSchedule/2026/09/PUB_RTCOperationalSchedule_202609231330.xml,Review the SEMO open-data terms and disclaimer before redistribution.,semo-market-v1,data/raw/semo/market_signals/PUB_RTCOperationalSchedule/2026/09/PUB_RTCOperationalSchedule_202609231330.xml,1721895,7640ef163e28cdfb8d8df06a19af8467f5f01a2f8104b7036b109ca68d977fb7,2026-09-23T22:39:45Z,2026-09-23T13:30:00+00:00,2026-09-23T17:00:00+00:00,5754
semo_pub_rtcoperationalschedule_202609231345,SEMO,PUB_RTCOperationalSchedule,2026,https://reports.sem-o.com/documents/PUB_RTCOperationalSchedule_202609231345.xml,semo/market_signals/PUB_RTCOperationalSchedule/2026/09/PUB_RTCOperationalSchedule_202609231345.xml,Review the SEMO open-data terms and disclaimer before redistribution.,semo-market-v1,data/raw/semo/market_signals/PUB_RTCOperationalSchedule/2026/09/PUB_RTCOperationalSchedule_202609231345.xml,1721898,38507530dfaa567b853d3ffe12b6c2a9481cd1ce1f94b4cf53abccfe8d03bb3b,2026-09-23T22:39:44Z,2026-09-23T13:45:00+00:00,2026-09-23T17:15:00+00:00,5754
semo_pub_rtcoperationalschedule_202609231400,SEMO,PUB_RTCOperationalSchedule,2026,https://reports.sem-o.com/documents/PUB_RTCOperationalSchedule_202609231400.xml,semo/market_signals/PUB_RTCOperationalSchedule/2026/09/PUB_RTCOperationalSchedule_202609231400.xml,Review the SEMO open-data terms and disclaimer before redistribution.,semo-market-v1,data/raw/semo/market_signals/PUB_RTCOperationalSchedule/2026/09/PUB_RTCOperationalSchedule_202609231400.xml,1721942,fae25336365285cbaf76ed7eb09314f126d3727c27bfc5259a4b8ec8c6e70832,2026-09-23T22:39:46Z,2026-09-23T14:00:00+00:00,2026-09-23T17:30:00+00:00,5754
semo_pub_rtcoperationalschedule_202609231415,SEMO,PUB_RTCOperationalSchedule,2026,https://reports.sem-o.com/documents/PUB_RTCOperationalSchedule_202609231415.xml,semo/market_signals/PUB_RTCOperationalSchedule/2026/09/PUB_RTCOperationalSchedule_202609231415.xml,Review the SEMO open-data terms and disclaimer before redistribution.,semo-market-v1,data/raw/semo/market_signals/PUB_RTCOperationalSchedule/2026/09/PUB_RTCOperationalSchedule_202609231415.xml,1721884,99a0dc7fe16f21089e085a4c0d894244fd710cee5909d9d18ae05b52d5a89c19,2026-09-23T22:39:38Z,2026-09-23T14:15:00+00:00,2026-09-23T17:45:00+00:00,5754
semo_pub_rtcoperationalschedule_202609231430,SEMO,PUB_RTCOperationalSchedule,2026,https://reports.sem-o.com/documents/PUB_RTCOperationalSchedule_202609231430.xml,semo/market_signals/PUB_RTCOperationalSchedule/2026/09/PUB_RTCOperationalSchedule_202609231430.xml,Review the SEMO open-data terms and disclaimer before redistribution.,semo-market-v1,data/raw/semo/market_signals/PUB_RTCOperationalSchedule/2026/09/PUB_RTCOperationalSchedule_202609231430.xml,1721901,4c07e742611bc661506c70abec23bfb46f0620ba49061d17295e5ed994ed1cf1,2026-09-23T22:39:39Z,2026-09-23T14:30:00+00:00,2026-09-23T18:00:00+00:00,5754
semo_pub_rtcoperationalschedule_202609231445,SEMO,PUB_RTCOperationalSchedule,2026,https://reports.sem-o.com/documents/PUB_RTCOperationalSchedule_202609231445.xml,semo/market_signals/PUB_RTCOperationalSchedule/2026/09/PUB_RTCOperationalSchedule_202609231445.xml,Review the SEMO open-data terms and disclaimer before redistribution.,semo-market-v1,data/raw/semo/market_signals/PUB_RTCOperationalSchedule/2026/09/PUB_RTCOperationalSchedule_202609231445.xml,1721889,9a1f7f24862dd67113226b92fd746b79f8b07ae2a20e447477f615d254bf8c41,2026-09-23T22:39:43Z,2026-09-23T14:45:00+00:00,2026-09-23T18:15:00+00:00,5754
semo_pub_rtcoperationalschedule_202609231500,SEMO,PUB_RTCOperationalSchedule,2026,https://reports.sem-o.com/documents/PUB_RTCOperationalSchedule_202609231500.xml,semo/market_signals/PUB_RTCOperationalSchedule/2026/09/PUB_RTCOperationalSchedule_202609231500.xml,Review the SEMO open-data terms and disclaimer before redistribution.,semo-market-v1,data/raw/semo/market_signals/PUB_RTCOperationalSchedule/2026/09/PUB_RTCOperationalSchedule_202609231500.xml,1721834,f05239535de4600446108843fa306a78d04d1c09991e9835756d84c9fd80d36f,2026-09-23T22:39:45Z,2026-09-23T15:00:00+00:00,2026-09-23T18:30:00+00:00,5754
semo_pub_rtcoperationalschedule_202609231515,SEMO,PUB_RTCOperationalSchedule,2026,https://reports.sem-o.com/documents/PUB_RTCOperationalSchedule_202609231515.xml,semo/market_signals/PUB_RTCOperationalSchedule/2026/09/PUB_RTCOperationalSchedule_202609231515.xml,Review the SEMO open-data terms and disclaimer before redistribution.,semo-market-v1,data/raw/semo/market_signals/PUB_RTCOperationalSchedule/2026/09/PUB_RTCOperationalSchedule_202609231515.xml,1721700,bf059474ddc3decdb55f699d58ca5ec7da216152173ea8890498722575474994,2026-09-23T22:39:40Z,2026-09-23T15:15:00+00:00,2026-09-23T18:45:00+00:00,5754
semo_pub_rtcoperationalschedule_202609231530,SEMO,PUB_RTCOperationalSchedule,2026,https://reports.sem-o.com/documents/PUB_RTCOperationalSchedule_202609231530.xml,semo/market_signals/PUB_RTCOperationalSchedule/2026/09/PUB_RTCOperationalSchedule_202609231530.xml,Review the SEMO open-data terms and disclaimer before redistribution.,semo-market-v1,data/raw/semo/market_signals/PUB_RTCOperationalSchedule/2026/09/PUB_RTCOperationalSchedule_202609231530.xml,1721601,3efe789d502d1955b128df5c0dde5c894b89003cf2938b62d9177d3433b5abc2,2026-09-23T22:39:41Z,2026-09-23T15:30:00+00:00,2026-09-23T19:00:00+00:00,5754
semo_pub_rtcoperationalschedule_202609231545,SEMO,PUB_RTCOperationalSchedule,2026,https://reports.sem-o.com/documents/PUB_RTCOperationalSchedule_202609231545.xml,semo/market_signals/PUB_RTCOperationalSchedule/2026/09/PUB_RTCOperationalSchedule_202609231545.xml,Review the SEMO open-data terms and disclaimer before redistribution.,semo-market-v1,data/raw/semo/market_signals/PUB_RTCOperationalSchedule/2026/09/PUB_RTCOperationalSchedule_202609231545.xml,1721491,c3505aaa23a8aeda2b3ce11f4ae19d1139eb2d64e37b2ebeaa478b5e3813989d,2026-09-23T22:39:43Z,2026-09-23T15:45:00+00:00,2026-09-23T19:15:00+00:00,5754
semo_pub_rtcoperationalschedule_202609231600,SEMO,PUB_RTCOperationalSchedule,2026,https://reports.sem-o.com/documents/PUB_RTCOperationalSchedule_202609231600.xml,semo/market_signals/PUB_RTCOperationalSchedule/2026/09/PUB_RTCOperationalSchedule_202609231600.xml,Review the SEMO open-data terms and disclaimer before redistribution.,semo-market-v1,data/raw/semo/market_signals/PUB_RTCOperationalSchedule/2026/09/PUB_RTCOperationalSchedule_202609231600.xml,1721397,dcd00f1b4a1bd7a4b4c370ae99195181d658ec3ec5f7776ddbb6ac95fad4fa6d,2026-09-23T22:39:44Z,2026-09-23T16:00:00+00:00,2026-09-23T19:30:00+00:00,5754
semo_pub_rtcoperationalschedule_202609231615,SEMO,PUB_RTCOperationalSchedule,2026,https://reports.sem-o.com/documents/PUB_RTCOperationalSchedule_202609231615.xml,semo/market_signals/PUB_RTCOperationalSchedule/2026/09/PUB_RTCOperationalSchedule_202609231615.xml,Review the SEMO open-data terms and disclaimer before redistribution.,semo-market-v1,data/raw/semo/market_signals/PUB_RTCOperationalSchedule/2026/09/PUB_RTCOperationalSchedule_202609231615.xml,1721292,c1a3749811b8063a696ce19b2d6624caa0897c7e1405efcb81c3631df0cd2bbf,2026-09-23T22:39:46Z,2026-09-23T16:15:00+00:00,2026-09-23T19:45:00+00:00,5754
semo_pub_rtcoperationalschedule_202609231630,SEMO,PUB_RTCOperationalSchedule,2026,https://reports.sem-o.com/documents/PUB_RTCOperationalSchedule_202609231630.xml,semo/market_signals/PUB_RTCOperationalSchedule/2026/09/PUB_RTCOperationalSchedule_202609231630.xml,Review the SEMO open-data terms and disclaimer before redistribution.,semo-market-v1,data/raw/semo/market_signals/PUB_RTCOperationalSchedule/2026/09/PUB_RTCOperationalSchedule_202609231630.xml,1721235,9dac37446a33e589f605b7e27175ad8ace63d258b1ef6492576567ff2f2c2f23,2026-09-23T22:39:44Z,2026-09-23T16:30:00+00:00,2026-09-23T20:00:00+00:00,5754
semo_pub_rtcoperationalschedule_202609231645,SEMO,PUB_RTCOperationalSchedule,2026,https://reports.sem-o.com/documents/PUB_RTCOperationalSchedule_202609231645.xml,semo/market_signals/PUB_RTCOperationalSchedule/2026/09/PUB_RTCOperationalSchedule_202609231645.xml,Review the SEMO open-data terms and disclaimer before redistribution.,semo-market-v1,data/raw/semo/market_signals/PUB_RTCOperationalSchedule/2026/09/PUB_RTCOperationalSchedule_202609231645.xml,1721119,16ae0f65b62b5d090f10faeb24e83219eeac5088af6e792a87501e2649265c7b,2026-09-23T22:39:45Z,2026-09-23T16:45:00+00:00,2026-09-23T20:15:00+00:00,5754
semo_pub_rtcoperationalschedule_202609231700,SEMO,PUB_RTCOperationalSchedule,2026,https://reports.sem-o.com/documents/PUB_RTCOperationalSchedule_202609231700.xml,semo/market_signals/PUB_RTCOperationalSchedule/2026/09/PUB_RTCOperationalSchedule_202609231700.xml,Review the SEMO open-data terms and disclaimer before redistribution.,semo-market-v1,data/raw/semo/market_signals/PUB_RTCOperationalSchedule/2026/09/PUB_RTCOperationalSchedule_202609231700.xml,1720958,afcc3ca3597ac3cc1cbed7523c3e15c4920be8115102b762ed64f26a00740454,2026-09-23T22:39:51Z,2026-09-23T17:00:00+00:00,2026-09-23T20:30:00+00:00,5754
semo_pub_rtcoperationalschedule_202609231715,SEMO,PUB_RTCOperationalSchedule,2026,https://reports.sem-o.com/documents/PUB_RTCOperationalSchedule_202609231715.xml,semo/market_signals/PUB_RTCOperationalSchedule/2026/09/PUB_RTCOperationalSchedule_202609231715.xml,Review the SEMO open-data terms and disclaimer before redistribution.,semo-market-v1,data/raw/semo/market_signals/PUB_RTCOperationalSchedule/2026/09/PUB_RTCOperationalSchedule_202609231715.xml,1720840,9f4fb6640605f98bd0f5ae71c4027791390b551be88e69b3ab3ae4c23784ba70,2026-09-23T22:39:46Z,2026-09-23T17:15:00+00:00,2026-09-23T20:45:00+00:00,5754
semo_pub_rtcoperationalschedule_202609231730,SEMO,PUB_RTCOperationalSchedule,2026,https://reports.sem-o.com/documents/PUB_RTCOperationalSchedule_202609231730.xml,semo/market_signals/PUB_RTCOperationalSchedule/2026/09/PUB_RTCOperationalSchedule_202609231730.xml,Review the SEMO open-data terms and disclaimer before redistribution.,semo-market-v1,data/raw/semo/market_signals/PUB_RTCOperationalSchedule/2026/09/PUB_RTCOperationalSchedule_202609231730.xml,1720696,463bcafbd9b624f66b51310f5164f9537276ba3e380d648146a7afc7c28b2367,2026-09-23T22:39:47Z,2026-09-23T17:30:00+00:00,2026-09-23T21:00:00+00:00,5754
semo_pub_rtcoperationalschedule_202609231745,SEMO,PUB_RTCOperationalSchedule,2026,https://reports.sem-o.com/documents/PUB_RTCOperationalSchedule_202609231745.xml,semo/market_signals/PUB_RTCOperationalSchedule/2026/09/PUB_RTCOperationalSchedule_202609231745.xml,Review the SEMO open-data terms and disclaimer before redistribution.,semo-market-v1,data/raw/semo/market_signals/PUB_RTCOperationalSchedule/2026/09/PUB_RTCOperationalSchedule_202609231745.xml,1720663,c2d5fb461f5c4ddbbb5b1a4d3a719cd1aaf07ab0e13d6629b81ec03600efc4fa,2026-09-23T22:39:47Z,2026-09-23T17:45:00+00:00,2026-09-23T21:15:00+00:00,5754
semo_pub_rtcoperationalschedule_202609231800,SEMO,PUB_RTCOperationalSchedule,2026,https://reports.sem-o.com/documents/PUB_RTCOperationalSchedule_202609231800.xml,semo/market_signals/PUB_RTCOperationalSchedule/2026/09/PUB_RTCOperationalSchedule_202609231800.xml,Review the SEMO open-data terms and disclaimer before redistribution.,semo-market-v1,data/raw/semo/market_signals/PUB_RTCOperationalSchedule/2026/09/PUB_RTCOperationalSchedule_202609231800.xml,1720485,cb745c48bad0e06b438e1c684367b4ef3d5f334fab3333212fd5c00934049c39,2026-09-23T22:39:47Z,2026-09-23T18:00:00+00:00,2026-09-23T21:30:00+00:00,5754
semo_pub_rtcoperationalschedule_202609231815,SEMO,PUB_RTCOperationalSchedule,2026,https://reports.sem-o.com/documents/PUB_RTCOperationalSchedule_202609231815.xml,semo/market_signals/PUB_RTCOperationalSchedule/2026/09/PUB_RTCOperationalSchedule_202609231815.xml,Review the SEMO open-data terms and disclaimer before redistribution.,semo-market-v1,data/raw/semo/market_signals/PUB_RTCOperationalSchedule/2026/09/PUB_RTCOperationalSchedule_202609231815.xml,1720451,4b59b0f6c517bc181bc6d651a09c231d75d92b8d2c6eeb0a34d9998f135fd067,2026-09-23T22:39:50Z,2026-09-23T18:15:00+00:00,2026-09-23T21:45:00+00:00,5754
semo_pub_rtcoperationalschedule_202609231830,SEMO,PUB_RTCOperationalSchedule,2026,https://reports.sem-o.com/documents/PUB_RTCOperationalSchedule_202609231830.xml,semo/market_signals/PUB_RTCOperationalSchedule/2026/09/PUB_RTCOperationalSchedule_202609231830.xml,Review the SEMO open-data terms and disclaimer before redistribution.,semo-market-v1,data/raw/semo/market_signals/PUB_RTCOperationalSchedule/2026/09/PUB_RTCOperationalSchedule_202609231830.xml,1720420,8e07d90ac93e7612e1b299eb9451dfd91dcfb1f801dacf96ce8b4524f2ed86c8,2026-09-23T22:39:51Z,2026-09-23T18:30:00+00:00,2026-09-23T22:00:00+00:00,5754
semo_pub_rtcoperationalschedule_202609231845,SEMO,PUB_RTCOperationalSchedule,2026,https://reports.sem-o.com/documents/PUB_RTCOperationalSchedule_202609231845.xml,semo/market_signals/PUB_RTCOperationalSchedule/2026/09/PUB_RTCOperationalSchedule_202609231845.xml,Review the SEMO open-data terms and disclaimer before redistribution.,semo-market-v1,data/raw/semo/market_signals/PUB_RTCOperationalSchedule/2026/09/PUB_RTCOperationalSchedule_202609231845.xml,1720389,db49b56ae241121623bbd77651945342ea5b87c242ae7244b5014abf1b57c722,2026-09-23T22:39:53Z,2026-09-23T18:45:00+00:00,2026-09-23T22:15:00+00:00,5754
semo_pub_rtcoperationalschedule_202609231900,SEMO,PUB_RTCOperationalSchedule,2026,https://reports.sem-o.com/documents/PUB_RTCOperationalSchedule_202609231900.xml,semo/market_signals/PUB_RTCOperationalSchedule/2026/09/PUB_RTCOperationalSchedule_202609231900.xml,Review the SEMO open-data terms and disclaimer before redistribution.,semo-market-v1,data/raw/semo/market_signals/PUB_RTCOperationalSchedule/2026/09/PUB_RTCOperationalSchedule_202609231900.xml,1720393,379eef9cdc8fd65bf3372870bedd7028b8dc7b134e0e9101c0f139015d46c93a,2026-09-23T22:39:51Z,2026-09-23T19:00:00+00:00,2026-09-23T22:30:00+00:00,5754
semo_pub_rtcoperationalschedule_202609231915,SEMO,PUB_RTCOperationalSchedule,2026,https://reports.sem-o.com/documents/PUB_RTCOperationalSchedule_202609231915.xml,semo/market_signals/PUB_RTCOperationalSchedule/2026/09/PUB_RTCOperationalSchedule_202609231915.xml,Review the SEMO open-data terms and disclaimer before redistribution.,semo-market-v1,data/raw/semo/market_signals/PUB_RTCOperationalSchedule/2026/09/PUB_RTCOperationalSchedule_202609231915.xml,1720374,76c3e56755b2d662360e802e50ba7f5e4bf8acec58e30d51137cfcb94edb571f,2026-09-23T22:39:54Z,2026-09-23T19:15:00+00:00,2026-09-23T22:45:00+00:00,5754
semo_pub_rtcoperationalschedule_202609231930,SEMO,PUB_RTCOperationalSchedule,2026,https://reports.sem-o.com/documents/PUB_RTCOperationalSchedule_202609231930.xml,semo/market_signals/PUB_RTCOperationalSchedule/2026/09/PUB_RTCOperationalSchedule_202609231930.xml,Review the SEMO open-data terms and disclaimer before redistribution.,semo-market-v1,data/raw/semo/market_signals/PUB_RTCOperationalSchedule/2026/09/PUB_RTCOperationalSchedule_202609231930.xml,1720336,256d041922ddd5fb4e052b825985590a177922fe1cdc5c2b095719ccdabec59a,2026-09-23T22:39:54Z,2026-09-23T19:30:00+00:00,2026-09-23T23:00:00+00:00,5754
semo_pub_rtcoperationalschedule_202609231945,SEMO,PUB_RTCOperationalSchedule,2026,https://reports.sem-o.com/documents/PUB_RTCOperationalSchedule_202609231945.xml,semo/market_signals/PUB_RTCOperationalSchedule/2026/09/PUB_RTCOperationalSchedule_202609231945.xml,Review the SEMO open-data terms and disclaimer before redistribution.,semo-market-v1,data/raw/semo/market_signals/PUB_RTCOperationalSchedule/2026/09/PUB_RTCOperationalSchedule_202609231945.xml,1720366,c204f27683e2416355bacdc4207be6b6e698c239e6c2b25157da66cf46b6ecb4,2026-09-23T22:39:54Z,2026-09-23T19:45:00+00:00,2026-09-23T23:15:00+00:00,5754
semo_pub_rtcoperationalschedule_202609232000,SEMO,PUB_RTCOperationalSchedule,2026,https://reports.sem-o.com/documents/PUB_RTCOperationalSchedule_202609232000.xml,semo/market_signals/PUB_RTCOperationalSchedule/2026/09/PUB_RTCOperationalSchedule_202609232000.xml,Review the SEMO open-data terms and disclaimer before redistribution.,semo-market-v1,data/raw/semo/market_signals/PUB_RTCOperationalSchedule/2026/09/PUB_RTCOperationalSchedule_202609232000.xml,1720317,de657e7db6bb532befaf5e707878aeaaecdc87fd5d4bb74e295ab354f05f890f,2026-09-23T22:39:54Z,2026-09-23T20:00:00+00:00,2026-09-23T23:30:00+00:00,5754
semo_pub_rtcoperationalschedule_202609232015,SEMO,PUB_RTCOperationalSchedule,2026,https://reports.sem-o.com/documents/PUB_RTCOperationalSchedule_202609232015.xml,semo/market_signals/PUB_RTCOperationalSchedule/2026/09/PUB_RTCOperationalSchedule_202609232015.xml,Review the SEMO open-data terms and disclaimer before redistribution.,semo-market-v1,data/raw/semo/market_signals/PUB_RTCOperationalSchedule/2026/09/PUB_RTCOperationalSchedule_202609232015.xml,1720369,e55723f07126952fa3cec2cee4140ef4858a7aa6227a517b35de0e94cf0298e9,2026-09-23T22:39:55Z,2026-09-23T20:15:00+00:00,2026-09-23T23:45:00+00:00,5754
semo_pub_rtcoperationalschedule_202609232030,SEMO,PUB_RTCOperationalSchedule,2026,https://reports.sem-o.com/documents/PUB_RTCOperationalSchedule_202609232030.xml,semo/market_signals/PUB_RTCOperationalSchedule/2026/09/PUB_RTCOperationalSchedule_202609232030.xml,Review the SEMO open-data terms and disclaimer before redistribution.,semo-market-v1,data/raw/semo/market_signals/PUB_RTCOperationalSchedule/2026/09/PUB_RTCOperationalSchedule_202609232030.xml,1720385,2bbfc8012c329e93807f7710925cbdbcd47387ebd04a3a15ac0d83076fedd66d,2026-09-23T22:39:54Z,2026-09-23T20:30:00+00:00,2026-09-24T00:00:00+00:00,5754
semo_pub_rtcoperationalschedule_202609232045,SEMO,PUB_RTCOperationalSchedule,2026,https://reports.sem-o.com/documents/PUB_RTCOperationalSchedule_202609232045.xml,semo/market_signals/PUB_RTCOperationalSchedule/2026/09/PUB_RTCOperationalSchedule_202609232045.xml,Review the SEMO open-data terms and disclaimer before redistribution.,semo-market-v1,data/raw/semo/market_signals/PUB_RTCOperationalSchedule/2026/09/PUB_RTCOperationalSchedule_202609232045.xml,1720391,7c41ed214b37a1a319aba8b0ef0455fdc27625a3650a5c089f6543779e594d0f,2026-09-23T22:39:52Z,2026-09-23T20:45:00+00:00,2026-09-24T00:15:00+00:00,5754
semo_pub_rtcoperationalschedule_202609232100,SEMO,PUB_RTCOperationalSchedule,2026,https://reports.sem-o.com/documents/PUB_RTCOperationalSchedule_202609232100.xml,semo/market_signals/PUB_RTCOperationalSchedule/2026/09/PUB_RTCOperationalSchedule_202609232100.xml,Review the SEMO open-data terms and disclaimer before redistribution.,semo-market-v1,data/raw/semo/market_signals/PUB_RTCOperationalSchedule/2026/09/PUB_RTCOperationalSchedule_202609232100.xml,1720477,051d68af0ce1279b7960defdad1333bf9ecef952621ce770040787d74d6fafd0,2026-09-23T22:39:53Z,2026-09-23T21:00:00+00:00,2026-09-24T00:30:00+00:00,5754
semo_pub_rtcoperationalschedule_202609232115,SEMO,PUB_RTCOperationalSchedule,2026,https://reports.sem-o.com/documents/PUB_RTCOperationalSchedule_202609232115.xml,semo/market_signals/PUB_RTCOperationalSchedule/2026/09/PUB_RTCOperationalSchedule_202609232115.xml,Review the SEMO open-data terms and disclaimer before redistribution.,semo-market-v1,data/raw/semo/market_signals/PUB_RTCOperationalSchedule/2026/09/PUB_RTCOperationalSchedule_202609232115.xml,1720458,c65487f2164d0f6b3dba4ca8387897ae7fd6e9c617eef5c3e8a242e534959d44,2026-09-23T22:39:55Z,2026-09-23T21:15:00+00:00,2026-09-24T00:45:00+00:00,5754
semo_pub_rtcoperationalschedule_202609232130,SEMO,PUB_RTCOperationalSchedule,2026,https://reports.sem-o.com/documents/PUB_RTCOperationalSchedule_202609232130.xml,semo/market_signals/PUB_RTCOperationalSchedule/2026/09/PUB_RTCOperationalSchedule_202609232130.xml,Review the SEMO open-data terms and disclaimer before redistribution.,semo-market-v1,data/raw/semo/market_signals/PUB_RTCOperationalSchedule/2026/09/PUB_RTCOperationalSchedule_202609232130.xml,1720516,1b9847fee7e6914be149027fbc8128ecce7d1048b8cce12ed8332e819175b5d3,2026-09-23T22:39:51Z,2026-09-23T21:30:00+00:00,2026-09-24T01:00:00+00:00,5754
semo_pub_rtcoperationalschedule_202609232145,SEMO,PUB_RTCOperationalSchedule,2026,https://reports.sem-o.com/documents/PUB_RTCOperationalSchedule_202609232145.xml,semo/market_signals/PUB_RTCOperationalSchedule/2026/09/PUB_RTCOperationalSchedule_202609232145.xml,Review the SEMO open-data terms and disclaimer before redistribution.,semo-market-v1,data/raw/semo/market_signals/PUB_RTCOperationalSchedule/2026/09/PUB_RTCOperationalSchedule_202609232145.xml,1720531,dbb4cd05b0b4ea43928bf013698f647e9ebd1c2dc52eae3ad5fa89b00eaeff6b,2026-09-23T22:39:51Z,2026-09-23T21:45:00+00:00,2026-09-24T01:15:00+00:00,5754
semo_pub_rtcoperationalschedule_202609232200,SEMO,PUB_RTCOperationalSchedule,2026,https://reports.sem-o.com/documents/PUB_RTCOperationalSchedule_202609232200.xml,semo/market_signals/PUB_RTCOperationalSchedule/2026/09/PUB_RTCOperationalSchedule_202609232200.xml,Review the SEMO open-data terms and disclaimer before redistribution.,semo-market-v1,data/raw/semo/market_signals/PUB_RTCOperationalSchedule/2026/09/PUB_RTCOperationalSchedule_202609232200.xml,1720522,ef494a69bc4e153c7c8d1dca748cd0834ada0dc4194a6f7540685decc92273f9,2026-09-24T02:01:01Z,2026-09-23T22:00:00+00:00,2026-09-24T01:30:00+00:00,5754
semo_pub_rtcoperationalschedule_202609232215,SEMO,PUB_RTCOperationalSchedule,2026,https://reports.sem-o.com/documents/PUB_RTCOperationalSchedule_202609232215.xml,semo/market_signals/PUB_RTCOperationalSchedule/2026/09/PUB_RTCOperationalSchedule_202609232215.xml,Review the SEMO open-data terms and disclaimer before redistribution.,semo-market-v1,data/raw/semo/market_signals/PUB_RTCOperationalSchedule/2026/09/PUB_RTCOperationalSchedule_202609232215.xml,1720588,c45cf60e0fdda3c6c885448334b9fbedf3e8d78e492217066984baa53d51b338,2026-09-24T02:01:01Z,2026-09-23T22:15:00+00:00,2026-09-24T01:45:00+00:00,5754
semo_pub_rtcoperationalschedule_202609232230,SEMO,PUB_RTCOperationalSchedule,2026,https://reports.sem-o.com/documents/PUB_RTCOperationalSchedule_202609232230.xml,semo/market_signals/PUB_RTCOperationalSchedule/2026/09/PUB_RTCOperationalSchedule_202609232230.xml,Review the SEMO open-data terms and disclaimer before redistribution.,semo-market-v1,data/raw/semo/market_signals/PUB_RTCOperationalSchedule/2026/09/PUB_RTCOperationalSchedule_202609232230.xml,1720624,a73fab003650e8044300d37be4f77f70f1566e344afaf09c6f8b5e87f4504c8c,2026-09-24T02:01:01Z,2026-09-23T22:30:00+00:00,2026-09-24T02:00:00+00:00,5754
semo_pub_rtcoperationalschedule_202609232245,SEMO,PUB_RTCOperationalSchedule,2026,https://reports.sem-o.com/documents/PUB_RTCOperationalSchedule_202609232245.xml,semo/market_signals/PUB_RTCOperationalSchedule/2026/09/PUB_RTCOperationalSchedule_202609232245.xml,Review the SEMO open-data terms and disclaimer before redistribution.,semo-market-v1,data/raw/semo/market_signals/PUB_RTCOperationalSchedule/2026/09/PUB_RTCOperationalSchedule_202609232245.xml,1720667,bd4f6e1278f56e598ea1ce557b60bfca74a56bcc6a07439bf4b142beed598c22,2026-09-24T02:01:00Z,2026-09-23T22:45:00+00:00,2026-09-24T02:15:00+00:00,5754
semo_pub_rtcoperationalschedule_202609232300,SEMO,PUB_RTCOperationalSchedule,2026,https://reports.sem-o.com/documents/PUB_RTCOperationalSchedule_202609232300.xml,semo/market_signals/PUB_RTCOperationalSchedule/2026/09/PUB_RTCOperationalSchedule_202609232300.xml,Review the SEMO open-data terms and disclaimer before redistribution.,semo-market-v1,data/raw/semo/market_signals/PUB_RTCOperationalSchedule/2026/09/PUB_RTCOperationalSchedule_202609232300.xml,1720656,c574294da447b64dce09dd44637d9123453b2c508704841df2ab17f93d1b12a3,2026-09-24T02:01:01Z,2026-09-23T23:00:00+00:00,2026-09-24T02:30:00+00:00,5754
semo_pub_rtcoperationalschedule_202609232315,SEMO,PUB_RTCOperationalSchedule,2026,https://reports.sem-o.com/documents/PUB_RTCOperationalSchedule_202609232315.xml,semo/market_signals/PUB_RTCOperationalSchedule/2026/09/PUB_RTCOperationalSchedule_202609232315.xml,Review the SEMO open-data terms and disclaimer before redistribution.,semo-market-v1,data/raw/semo/market_signals/PUB_RTCOperationalSchedule/2026/09/PUB_RTCOperationalSchedule_202609232315.xml,1720755,ff47ae6bb5490fe5078dfce4ff4481de29c9887659a6b8c7d505d0bf8c9f5de0,2026-09-24T02:01:01Z,2026-09-23T23:15:00+00:00,2026-09-24T02:45:00+00:00,5754
semo_pub_rtcoperationalschedule_202609232330,SEMO,PUB_RTCOperationalSchedule,2026,https://reports.sem-o.com/documents/PUB_RTCOperationalSchedule_202609232330.xml,semo/market_signals/PUB_RTCOperationalSchedule/2026/09/PUB_RTCOperationalSchedule_202609232330.xml,Review the SEMO open-data terms and disclaimer before redistribution.,semo-market-v1,data/raw/semo/market_signals/PUB_RTCOperationalSchedule/2026/09/PUB_RTCOperationalSchedule_202609232330.xml,1720729,271b227be8a5c3e2f84470e0788ff69dc3907267f71b3782f79fca113d01808d,2026-09-24T02:01:01Z,2026-09-23T23:30:00+00:00,2026-09-24T03:00:00+00:00,5754
semo_pub_rtcoperationalschedule_202609232345,SEMO,PUB_RTCOperationalSchedule,2026,https://reports.sem-o.com/documents/PUB_RTCOperationalSchedule_202609232345.xml,semo/market_signals/PUB_RTCOperationalSchedule/2026/09/PUB_RTCOperationalSchedule_202609232345.xml,Review the SEMO open-data terms and disclaimer before redistribution.,semo-market-v1,data/raw/semo/market_signals/PUB_RTCOperationalSchedule/2026/09/PUB_RTCOperationalSchedule_202609232345.xml,1720730,b3bca663ea5cccf4346211b06e54f680c167ef9207a19f8ad2ad3fb5d7ad92d4,2026-09-24T02:01:00Z,2026-09-23T23:45:00+00:00,2026-09-24T03:15:00+00:00,5754
semo_pub_rtcoperationalschedule_202609240000,SEMO,PUB_RTCOperationalSchedule,2026,https://reports.sem-o.com/documents/PUB_RTCOperationalSchedule_202609240000.xml,semo/market_signals/PUB_RTCOperationalSchedule/2026/09/PUB_RTCOperationalSchedule_202609240000.xml,Review the SEMO open-data terms and disclaimer before redistribution.,semo-market-v1,data/raw/semo/market_signals/PUB_RTCOperationalSchedule/2026/09/PUB_RTCOperationalSchedule_202609240000.xml,1720692,aeaf1acef26afbf6063e48fb3a4b9d19e26290b06c50580eebbf15eedeb53537,2026-09-24T02:01:00Z,2026-09-24T00:00:00+00:00,2026-09-24T03:30:00+00:00,5754
semo_pub_rtcoperationalschedule_202609240015,SEMO,PUB_RTCOperationalSchedule,2026,https://reports.sem-o.com/documents/PUB_RTCOperationalSchedule_202609240015.xml,semo/market_signals/PUB_RTCOperationalSchedule/2026/09/PUB_RTCOperationalSchedule_202609240015.xml,Review the SEMO open-data terms and disclaimer before redistribution.,semo-market-v1,data/raw/semo/market_signals/PUB_RTCOperationalSchedule/2026/09/PUB_RTCOperationalSchedule_202609240015.xml,1720762,d3973c8452744500e1cbab8da18517095609be9a10856ae3668ed9bf57b67c83,2026-09-24T02:01:00Z,2026-09-24T00:15:00+00:00,2026-09-24T03:45:00+00:00,5754
semo_pub_rtcoperationalschedule_202609240030,SEMO,PUB_RTCOperationalSchedule,2026,https://reports.sem-o.com/documents/PUB_RTCOperationalSchedule_202609240030.xml,semo/market_signals/PUB_RTCOperationalSchedule/2026/09/PUB_RTCOperationalSchedule_202609240030.xml,Review the SEMO open-data terms and disclaimer before redistribution.,semo-market-v1,data/raw/semo/market_signals/PUB_RTCOperationalSchedule/2026/09/PUB_RTCOperationalSchedule_202609240030.xml,1720770,14a25f518bfba147ecb1237ed8ee2e24b7d5bb38c212bbc2a94c57bfe0a835f0,2026-09-24T02:01:00Z,2026-09-24T00:30:00+00:00,2026-09-24T04:00:00+00:00,5754
semo_pub_rtcoperationalschedule_202609240045,SEMO,PUB_RTCOperationalSchedule,2026,https://reports.sem-o.com/documents/PUB_RTCOperationalSchedule_202609240045.xml,semo/market_signals/PUB_RTCOperationalSchedule/2026/09/PUB_RTCOperationalSchedule_202609240045.xml,Review the SEMO open-data terms and disclaimer before redistribution.,semo-market-v1,data/raw/semo/market_signals/PUB_RTCOperationalSchedule/2026/09/PUB_RTCOperationalSchedule_202609240045.xml,1720542,33e7434a806ecdec0337fbade5f674c927599f9d218084665d1b8a6257b3b80f,2026-09-24T02:01:00Z,2026-09-24T00:45:00+00:00,2026-09-24T04:15:00+00:00,5754
semo_pub_rtcoperationalschedule_202609240100,SEMO,PUB_RTCOperationalSchedule,2026,https://reports.sem-o.com/documents/PUB_RTCOperationalSchedule_202609240100.xml,semo/market_signals/PUB_RTCOperationalSchedule/2026/09/PUB_RTCOperationalSchedule_202609240100.xml,Review the SEMO open-data terms and disclaimer before redistribution.,semo-market-v1,data/raw/semo/market_signals/PUB_RTCOperationalSchedule/2026/09/PUB_RTCOperationalSchedule_202609240100.xml,1720339,fab926c2791686b5436c0979e4b6945478a4545670ce820ffa70f02453b6b9bd,2026-09-24T02:01:00Z,2026-09-24T01:00:00+00:00,2026-09-24T04:30:00+00:00,5754
semo_pub_rtcoperationalschedule_202609240115,SEMO,PUB_RTCOperationalSchedule,2026,https://reports.sem-o.com/documents/PUB_RTCOperationalSchedule_202609240115.xml,semo/market_signals/PUB_RTCOperationalSchedule/2026/09/PUB_RTCOperationalSchedule_202609240115.xml,Review the SEMO open-data terms and disclaimer before redistribution.,semo-market-v1,data/raw/semo/market_signals/PUB_RTCOperationalSchedule/2026/09/PUB_RTCOperationalSchedule_202609240115.xml,1720308,16f9eee57d6b75f73572d528a10eac96b69ee35e069f4d03e99e99fb4e446233,2026-09-24T02:01:00Z,2026-09-24T01:15:00+00:00,2026-09-24T04:45:00+00:00,5754
semo_pub_rtcoperationalschedule_202609240130,SEMO,PUB_RTCOperationalSchedule,2026,https://reports.sem-o.com/documents/PUB_RTCOperationalSchedule_202609240130.xml,semo/market_signals/PUB_RTCOperationalSchedule/2026/09/PUB_RTCOperationalSchedule_202609240130.xml,Review the SEMO open-data terms and disclaimer before redistribution.,semo-market-v1,data/raw/semo/market_signals/PUB_RTCOperationalSchedule/2026/09/PUB_RTCOperationalSchedule_202609240130.xml,1720349,8b2748661a9061a4aca9a15d7f9ee74bc383e3d0b01930159370fada776eeb8e,2026-09-24T02:01:00Z,2026-09-24T01:30:00+00:00,2026-09-24T05:00:00+00:00,5754
semo_pub_rtcoperationalschedule_202609240145,SEMO,PUB_RTCOperationalSchedule,2026,https://reports.sem-o.com/documents/PUB_RTCOperationalSchedule_202609240145.xml,semo/market_signals/PUB_RTCOperationalSchedule/2026/09/PUB_RTCOperationalSchedule_202609240145.xml,Review the SEMO open-data terms and disclaimer before redistribution.,semo-market-v1,data/raw/semo/market_signals/PUB_RTCOperationalSchedule/2026/09/PUB_RTCOperationalSchedule_202609240145.xml,1720679,f2e726973f8135e7dfc5b909da342c9f9f7c3c4ce2ad48c71e429aa3e3258a2b,2026-09-24T02:01:01Z,2026-09-24T01:45:00+00:00,2026-09-24T05:15:00+00:00,5754
semo_pub_rtcoperationalschedule_202609240200,SEMO,PUB_RTCOperationalSchedule,2026,https://reports.sem-o.com/documents/PUB_RTCOperationalSchedule_202609240200.xml,semo/market_signals/PUB_RTCOperationalSchedule/2026/09/PUB_RTCOperationalSchedule_202609240200.xml,Review the SEMO open-data terms and disclaimer before redistribution.,semo-market-v1,data/raw/semo/market_signals/PUB_RTCOperationalSchedule/2026/09/PUB_RTCOperationalSchedule_202609240200.xml,1720714,7e10875c920f4df53e8ac14b4637f97d27ce5363aae26d0fa2b4381d32e71850,2026-09-24T02:01:01Z,2026-09-24T02:00:00+00:00,2026-09-24T05:30:00+00:00,5754
semo_pub_rtcoperationalschedule_202609240215,SEMO,PUB_RTCOperationalSchedule,2026,https://reports.sem-o.com/documents/PUB_RTCOperationalSchedule_202609240215.xml,semo/market_signals/PUB_RTCOperationalSchedule/2026/09/PUB_RTCOperationalSchedule_202609240215.xml,Review the SEMO open-data terms and disclaimer before redistribution.,semo-market-v1,data/raw/semo/market_signals/PUB_RTCOperationalSchedule/2026/09/PUB_RTCOperationalSchedule_202609240215.xml,1720711,259006ce466d9e14c437c0d669360c3dfc3f4b9b4a325b69f6a763758f209da9,2026-09-24T02:16:14Z,2026-09-24T02:15:00+00:00,2026-09-24T05:45:00+00:00,5754
